[2024-09-06T05:52:38.731+0000] {processor.py:186} INFO - Started process (PID=70) to work on /home/airflow/.local/lib/python3.12/site-packages/airflow/example_dags/example_subdag_operator.py
[2024-09-06T05:52:38.732+0000] {processor.py:914} INFO - Processing file /home/airflow/.local/lib/python3.12/site-packages/airflow/example_dags/example_subdag_operator.py for tasks to queue
[2024-09-06T05:52:38.737+0000] {logging_mixin.py:190} INFO - [2024-09-06T05:52:38.736+0000] {dagbag.py:587} INFO - Filling up the DagBag from /home/airflow/.local/lib/python3.12/site-packages/airflow/example_dags/example_subdag_operator.py
[2024-09-06T05:52:38.834+0000] {processor.py:925} INFO - DAG(s) 'example_subdag_operator.section-1', 'example_subdag_operator.section-2', 'example_subdag_operator' retrieved from /home/airflow/.local/lib/python3.12/site-packages/airflow/example_dags/example_subdag_operator.py
[2024-09-06T05:52:38.924+0000] {logging_mixin.py:190} INFO - [2024-09-06T05:52:38.923+0000] {dag.py:3211} INFO - Sync 3 DAGs
[2024-09-06T05:52:39.005+0000] {logging_mixin.py:190} INFO - [2024-09-06T05:52:39.004+0000] {dag.py:4138} INFO - Setting next_dagrun for example_subdag_operator to 2022-01-01 00:00:00+00:00, run_after=2022-01-01 00:00:00+00:00
[2024-09-06T05:52:39.016+0000] {logging_mixin.py:190} INFO - [2024-09-06T05:52:39.016+0000] {dag.py:4138} INFO - Setting next_dagrun for example_subdag_operator.section-1 to None, run_after=None
[2024-09-06T05:52:39.020+0000] {logging_mixin.py:190} INFO - [2024-09-06T05:52:39.020+0000] {dag.py:4138} INFO - Setting next_dagrun for example_subdag_operator.section-2 to None, run_after=None
[2024-09-06T05:52:39.046+0000] {logging_mixin.py:190} INFO - [2024-09-06T05:52:39.045+0000] {dag.py:3211} INFO - Sync 2 DAGs
[2024-09-06T05:52:39.074+0000] {logging_mixin.py:190} INFO - [2024-09-06T05:52:39.074+0000] {dag.py:4138} INFO - Setting next_dagrun for example_subdag_operator.section-1 to None, run_after=None
[2024-09-06T05:52:39.091+0000] {logging_mixin.py:190} INFO - [2024-09-06T05:52:39.090+0000] {dag.py:4138} INFO - Setting next_dagrun for example_subdag_operator.section-2 to None, run_after=None
[2024-09-06T05:52:39.146+0000] {processor.py:208} INFO - Processing /home/airflow/.local/lib/python3.12/site-packages/airflow/example_dags/example_subdag_operator.py took 0.429 seconds
[2024-09-06T05:53:09.460+0000] {processor.py:186} INFO - Started process (PID=133) to work on /home/airflow/.local/lib/python3.12/site-packages/airflow/example_dags/example_subdag_operator.py
[2024-09-06T05:53:09.474+0000] {processor.py:914} INFO - Processing file /home/airflow/.local/lib/python3.12/site-packages/airflow/example_dags/example_subdag_operator.py for tasks to queue
[2024-09-06T05:53:09.498+0000] {logging_mixin.py:190} INFO - [2024-09-06T05:53:09.497+0000] {dagbag.py:587} INFO - Filling up the DagBag from /home/airflow/.local/lib/python3.12/site-packages/airflow/example_dags/example_subdag_operator.py
[2024-09-06T05:53:09.614+0000] {processor.py:925} INFO - DAG(s) 'example_subdag_operator.section-1', 'example_subdag_operator.section-2', 'example_subdag_operator' retrieved from /home/airflow/.local/lib/python3.12/site-packages/airflow/example_dags/example_subdag_operator.py
[2024-09-06T05:53:09.701+0000] {logging_mixin.py:190} INFO - [2024-09-06T05:53:09.701+0000] {dag.py:3211} INFO - Sync 3 DAGs
[2024-09-06T05:53:09.827+0000] {logging_mixin.py:190} INFO - [2024-09-06T05:53:09.826+0000] {dag.py:4138} INFO - Setting next_dagrun for example_subdag_operator to 2022-01-01 00:00:00+00:00, run_after=2022-01-01 00:00:00+00:00
[2024-09-06T05:53:09.847+0000] {logging_mixin.py:190} INFO - [2024-09-06T05:53:09.846+0000] {dag.py:4138} INFO - Setting next_dagrun for example_subdag_operator.section-1 to None, run_after=None
[2024-09-06T05:53:09.872+0000] {logging_mixin.py:190} INFO - [2024-09-06T05:53:09.872+0000] {dag.py:4138} INFO - Setting next_dagrun for example_subdag_operator.section-2 to None, run_after=None
[2024-09-06T05:53:09.918+0000] {logging_mixin.py:190} INFO - [2024-09-06T05:53:09.918+0000] {dag.py:3211} INFO - Sync 2 DAGs
[2024-09-06T05:53:09.952+0000] {logging_mixin.py:190} INFO - [2024-09-06T05:53:09.952+0000] {dag.py:4138} INFO - Setting next_dagrun for example_subdag_operator.section-1 to None, run_after=None
[2024-09-06T05:53:09.973+0000] {logging_mixin.py:190} INFO - [2024-09-06T05:53:09.972+0000] {dag.py:4138} INFO - Setting next_dagrun for example_subdag_operator.section-2 to None, run_after=None
[2024-09-06T05:53:10.020+0000] {processor.py:208} INFO - Processing /home/airflow/.local/lib/python3.12/site-packages/airflow/example_dags/example_subdag_operator.py took 0.595 seconds
[2024-09-06T05:53:40.850+0000] {processor.py:186} INFO - Started process (PID=196) to work on /home/airflow/.local/lib/python3.12/site-packages/airflow/example_dags/example_subdag_operator.py
[2024-09-06T05:53:40.854+0000] {processor.py:914} INFO - Processing file /home/airflow/.local/lib/python3.12/site-packages/airflow/example_dags/example_subdag_operator.py for tasks to queue
[2024-09-06T05:53:40.860+0000] {logging_mixin.py:190} INFO - [2024-09-06T05:53:40.859+0000] {dagbag.py:587} INFO - Filling up the DagBag from /home/airflow/.local/lib/python3.12/site-packages/airflow/example_dags/example_subdag_operator.py
[2024-09-06T05:53:41.057+0000] {processor.py:925} INFO - DAG(s) 'example_subdag_operator.section-1', 'example_subdag_operator.section-2', 'example_subdag_operator' retrieved from /home/airflow/.local/lib/python3.12/site-packages/airflow/example_dags/example_subdag_operator.py
[2024-09-06T05:53:41.187+0000] {logging_mixin.py:190} INFO - [2024-09-06T05:53:41.186+0000] {dag.py:3211} INFO - Sync 3 DAGs
[2024-09-06T05:53:41.402+0000] {logging_mixin.py:190} INFO - [2024-09-06T05:53:41.401+0000] {dag.py:4138} INFO - Setting next_dagrun for example_subdag_operator to 2022-01-01 00:00:00+00:00, run_after=2022-01-01 00:00:00+00:00
[2024-09-06T05:53:41.439+0000] {logging_mixin.py:190} INFO - [2024-09-06T05:53:41.438+0000] {dag.py:4138} INFO - Setting next_dagrun for example_subdag_operator.section-1 to None, run_after=None
[2024-09-06T05:53:41.458+0000] {logging_mixin.py:190} INFO - [2024-09-06T05:53:41.458+0000] {dag.py:4138} INFO - Setting next_dagrun for example_subdag_operator.section-2 to None, run_after=None
[2024-09-06T05:53:41.530+0000] {logging_mixin.py:190} INFO - [2024-09-06T05:53:41.528+0000] {dag.py:3211} INFO - Sync 2 DAGs
[2024-09-06T05:53:41.558+0000] {logging_mixin.py:190} INFO - [2024-09-06T05:53:41.558+0000] {dag.py:4138} INFO - Setting next_dagrun for example_subdag_operator.section-1 to None, run_after=None
[2024-09-06T05:53:41.561+0000] {logging_mixin.py:190} INFO - [2024-09-06T05:53:41.561+0000] {dag.py:4138} INFO - Setting next_dagrun for example_subdag_operator.section-2 to None, run_after=None
[2024-09-06T05:53:41.601+0000] {processor.py:208} INFO - Processing /home/airflow/.local/lib/python3.12/site-packages/airflow/example_dags/example_subdag_operator.py took 0.767 seconds
[2024-09-06T05:54:12.041+0000] {processor.py:186} INFO - Started process (PID=259) to work on /home/airflow/.local/lib/python3.12/site-packages/airflow/example_dags/example_subdag_operator.py
[2024-09-06T05:54:12.051+0000] {processor.py:914} INFO - Processing file /home/airflow/.local/lib/python3.12/site-packages/airflow/example_dags/example_subdag_operator.py for tasks to queue
[2024-09-06T05:54:12.059+0000] {logging_mixin.py:190} INFO - [2024-09-06T05:54:12.059+0000] {dagbag.py:587} INFO - Filling up the DagBag from /home/airflow/.local/lib/python3.12/site-packages/airflow/example_dags/example_subdag_operator.py
[2024-09-06T05:54:12.205+0000] {processor.py:925} INFO - DAG(s) 'example_subdag_operator.section-1', 'example_subdag_operator.section-2', 'example_subdag_operator' retrieved from /home/airflow/.local/lib/python3.12/site-packages/airflow/example_dags/example_subdag_operator.py
[2024-09-06T05:54:12.301+0000] {logging_mixin.py:190} INFO - [2024-09-06T05:54:12.301+0000] {dag.py:3211} INFO - Sync 3 DAGs
[2024-09-06T05:54:12.446+0000] {logging_mixin.py:190} INFO - [2024-09-06T05:54:12.445+0000] {dag.py:4138} INFO - Setting next_dagrun for example_subdag_operator to 2022-01-01 00:00:00+00:00, run_after=2022-01-01 00:00:00+00:00
[2024-09-06T05:54:12.474+0000] {logging_mixin.py:190} INFO - [2024-09-06T05:54:12.473+0000] {dag.py:4138} INFO - Setting next_dagrun for example_subdag_operator.section-1 to None, run_after=None
[2024-09-06T05:54:12.490+0000] {logging_mixin.py:190} INFO - [2024-09-06T05:54:12.490+0000] {dag.py:4138} INFO - Setting next_dagrun for example_subdag_operator.section-2 to None, run_after=None
[2024-09-06T05:54:12.550+0000] {logging_mixin.py:190} INFO - [2024-09-06T05:54:12.549+0000] {dag.py:3211} INFO - Sync 2 DAGs
[2024-09-06T05:54:12.583+0000] {logging_mixin.py:190} INFO - [2024-09-06T05:54:12.583+0000] {dag.py:4138} INFO - Setting next_dagrun for example_subdag_operator.section-1 to None, run_after=None
[2024-09-06T05:54:12.586+0000] {logging_mixin.py:190} INFO - [2024-09-06T05:54:12.586+0000] {dag.py:4138} INFO - Setting next_dagrun for example_subdag_operator.section-2 to None, run_after=None
[2024-09-06T05:54:12.635+0000] {processor.py:208} INFO - Processing /home/airflow/.local/lib/python3.12/site-packages/airflow/example_dags/example_subdag_operator.py took 0.623 seconds
[2024-09-06T05:54:43.276+0000] {processor.py:186} INFO - Started process (PID=321) to work on /home/airflow/.local/lib/python3.12/site-packages/airflow/example_dags/example_subdag_operator.py
[2024-09-06T05:54:43.278+0000] {processor.py:914} INFO - Processing file /home/airflow/.local/lib/python3.12/site-packages/airflow/example_dags/example_subdag_operator.py for tasks to queue
[2024-09-06T05:54:43.286+0000] {logging_mixin.py:190} INFO - [2024-09-06T05:54:43.285+0000] {dagbag.py:587} INFO - Filling up the DagBag from /home/airflow/.local/lib/python3.12/site-packages/airflow/example_dags/example_subdag_operator.py
[2024-09-06T05:54:43.423+0000] {processor.py:925} INFO - DAG(s) 'example_subdag_operator.section-1', 'example_subdag_operator.section-2', 'example_subdag_operator' retrieved from /home/airflow/.local/lib/python3.12/site-packages/airflow/example_dags/example_subdag_operator.py
[2024-09-06T05:54:43.487+0000] {logging_mixin.py:190} INFO - [2024-09-06T05:54:43.487+0000] {dag.py:3211} INFO - Sync 3 DAGs
[2024-09-06T05:54:43.611+0000] {logging_mixin.py:190} INFO - [2024-09-06T05:54:43.610+0000] {dag.py:4138} INFO - Setting next_dagrun for example_subdag_operator to 2022-01-01 00:00:00+00:00, run_after=2022-01-01 00:00:00+00:00
[2024-09-06T05:54:43.636+0000] {logging_mixin.py:190} INFO - [2024-09-06T05:54:43.635+0000] {dag.py:4138} INFO - Setting next_dagrun for example_subdag_operator.section-1 to None, run_after=None
[2024-09-06T05:54:43.647+0000] {logging_mixin.py:190} INFO - [2024-09-06T05:54:43.647+0000] {dag.py:4138} INFO - Setting next_dagrun for example_subdag_operator.section-2 to None, run_after=None
[2024-09-06T05:54:43.669+0000] {logging_mixin.py:190} INFO - [2024-09-06T05:54:43.668+0000] {dag.py:3211} INFO - Sync 2 DAGs
[2024-09-06T05:54:43.683+0000] {logging_mixin.py:190} INFO - [2024-09-06T05:54:43.683+0000] {dag.py:4138} INFO - Setting next_dagrun for example_subdag_operator.section-1 to None, run_after=None
[2024-09-06T05:54:43.685+0000] {logging_mixin.py:190} INFO - [2024-09-06T05:54:43.684+0000] {dag.py:4138} INFO - Setting next_dagrun for example_subdag_operator.section-2 to None, run_after=None
[2024-09-06T05:54:43.710+0000] {processor.py:208} INFO - Processing /home/airflow/.local/lib/python3.12/site-packages/airflow/example_dags/example_subdag_operator.py took 0.448 seconds
[2024-09-06T05:55:14.566+0000] {processor.py:186} INFO - Started process (PID=384) to work on /home/airflow/.local/lib/python3.12/site-packages/airflow/example_dags/example_subdag_operator.py
[2024-09-06T05:55:14.578+0000] {processor.py:914} INFO - Processing file /home/airflow/.local/lib/python3.12/site-packages/airflow/example_dags/example_subdag_operator.py for tasks to queue
[2024-09-06T05:55:14.593+0000] {logging_mixin.py:190} INFO - [2024-09-06T05:55:14.592+0000] {dagbag.py:587} INFO - Filling up the DagBag from /home/airflow/.local/lib/python3.12/site-packages/airflow/example_dags/example_subdag_operator.py
[2024-09-06T05:55:14.764+0000] {processor.py:925} INFO - DAG(s) 'example_subdag_operator.section-1', 'example_subdag_operator.section-2', 'example_subdag_operator' retrieved from /home/airflow/.local/lib/python3.12/site-packages/airflow/example_dags/example_subdag_operator.py
[2024-09-06T05:55:14.877+0000] {logging_mixin.py:190} INFO - [2024-09-06T05:55:14.877+0000] {dag.py:3211} INFO - Sync 3 DAGs
[2024-09-06T05:55:15.065+0000] {logging_mixin.py:190} INFO - [2024-09-06T05:55:15.064+0000] {dag.py:4138} INFO - Setting next_dagrun for example_subdag_operator to 2022-01-01 00:00:00+00:00, run_after=2022-01-01 00:00:00+00:00
[2024-09-06T05:55:15.096+0000] {logging_mixin.py:190} INFO - [2024-09-06T05:55:15.095+0000] {dag.py:4138} INFO - Setting next_dagrun for example_subdag_operator.section-1 to None, run_after=None
[2024-09-06T05:55:15.100+0000] {logging_mixin.py:190} INFO - [2024-09-06T05:55:15.099+0000] {dag.py:4138} INFO - Setting next_dagrun for example_subdag_operator.section-2 to None, run_after=None
[2024-09-06T05:55:15.161+0000] {logging_mixin.py:190} INFO - [2024-09-06T05:55:15.161+0000] {dag.py:3211} INFO - Sync 2 DAGs
[2024-09-06T05:55:15.229+0000] {logging_mixin.py:190} INFO - [2024-09-06T05:55:15.228+0000] {dag.py:4138} INFO - Setting next_dagrun for example_subdag_operator.section-1 to None, run_after=None
[2024-09-06T05:55:15.231+0000] {logging_mixin.py:190} INFO - [2024-09-06T05:55:15.231+0000] {dag.py:4138} INFO - Setting next_dagrun for example_subdag_operator.section-2 to None, run_after=None
[2024-09-06T05:55:15.311+0000] {processor.py:208} INFO - Processing /home/airflow/.local/lib/python3.12/site-packages/airflow/example_dags/example_subdag_operator.py took 0.756 seconds
[2024-09-06T05:55:45.809+0000] {processor.py:186} INFO - Started process (PID=448) to work on /home/airflow/.local/lib/python3.12/site-packages/airflow/example_dags/example_subdag_operator.py
[2024-09-06T05:55:45.812+0000] {processor.py:914} INFO - Processing file /home/airflow/.local/lib/python3.12/site-packages/airflow/example_dags/example_subdag_operator.py for tasks to queue
[2024-09-06T05:55:45.820+0000] {logging_mixin.py:190} INFO - [2024-09-06T05:55:45.818+0000] {dagbag.py:587} INFO - Filling up the DagBag from /home/airflow/.local/lib/python3.12/site-packages/airflow/example_dags/example_subdag_operator.py
[2024-09-06T05:55:45.923+0000] {processor.py:925} INFO - DAG(s) 'example_subdag_operator.section-1', 'example_subdag_operator.section-2', 'example_subdag_operator' retrieved from /home/airflow/.local/lib/python3.12/site-packages/airflow/example_dags/example_subdag_operator.py
[2024-09-06T05:55:45.973+0000] {logging_mixin.py:190} INFO - [2024-09-06T05:55:45.972+0000] {dag.py:3211} INFO - Sync 3 DAGs
[2024-09-06T05:55:46.055+0000] {logging_mixin.py:190} INFO - [2024-09-06T05:55:46.053+0000] {dag.py:4138} INFO - Setting next_dagrun for example_subdag_operator to 2022-01-01 00:00:00+00:00, run_after=2022-01-01 00:00:00+00:00
[2024-09-06T05:55:46.066+0000] {logging_mixin.py:190} INFO - [2024-09-06T05:55:46.066+0000] {dag.py:4138} INFO - Setting next_dagrun for example_subdag_operator.section-1 to None, run_after=None
[2024-09-06T05:55:46.071+0000] {logging_mixin.py:190} INFO - [2024-09-06T05:55:46.070+0000] {dag.py:4138} INFO - Setting next_dagrun for example_subdag_operator.section-2 to None, run_after=None
[2024-09-06T05:55:46.102+0000] {logging_mixin.py:190} INFO - [2024-09-06T05:55:46.101+0000] {dag.py:3211} INFO - Sync 2 DAGs
[2024-09-06T05:55:46.116+0000] {logging_mixin.py:190} INFO - [2024-09-06T05:55:46.115+0000] {dag.py:4138} INFO - Setting next_dagrun for example_subdag_operator.section-1 to None, run_after=None
[2024-09-06T05:55:46.119+0000] {logging_mixin.py:190} INFO - [2024-09-06T05:55:46.117+0000] {dag.py:4138} INFO - Setting next_dagrun for example_subdag_operator.section-2 to None, run_after=None
[2024-09-06T05:55:46.158+0000] {processor.py:208} INFO - Processing /home/airflow/.local/lib/python3.12/site-packages/airflow/example_dags/example_subdag_operator.py took 0.369 seconds
[2024-09-06T05:56:16.347+0000] {processor.py:186} INFO - Started process (PID=510) to work on /home/airflow/.local/lib/python3.12/site-packages/airflow/example_dags/example_subdag_operator.py
[2024-09-06T05:56:16.367+0000] {processor.py:914} INFO - Processing file /home/airflow/.local/lib/python3.12/site-packages/airflow/example_dags/example_subdag_operator.py for tasks to queue
[2024-09-06T05:56:16.387+0000] {logging_mixin.py:190} INFO - [2024-09-06T05:56:16.377+0000] {dagbag.py:587} INFO - Filling up the DagBag from /home/airflow/.local/lib/python3.12/site-packages/airflow/example_dags/example_subdag_operator.py
[2024-09-06T05:56:16.517+0000] {processor.py:925} INFO - DAG(s) 'example_subdag_operator.section-1', 'example_subdag_operator.section-2', 'example_subdag_operator' retrieved from /home/airflow/.local/lib/python3.12/site-packages/airflow/example_dags/example_subdag_operator.py
[2024-09-06T05:56:16.568+0000] {logging_mixin.py:190} INFO - [2024-09-06T05:56:16.568+0000] {dag.py:3211} INFO - Sync 3 DAGs
[2024-09-06T05:56:16.719+0000] {logging_mixin.py:190} INFO - [2024-09-06T05:56:16.718+0000] {dag.py:4138} INFO - Setting next_dagrun for example_subdag_operator to 2022-01-01 00:00:00+00:00, run_after=2022-01-01 00:00:00+00:00
[2024-09-06T05:56:16.756+0000] {logging_mixin.py:190} INFO - [2024-09-06T05:56:16.756+0000] {dag.py:4138} INFO - Setting next_dagrun for example_subdag_operator.section-1 to None, run_after=None
[2024-09-06T05:56:16.777+0000] {logging_mixin.py:190} INFO - [2024-09-06T05:56:16.777+0000] {dag.py:4138} INFO - Setting next_dagrun for example_subdag_operator.section-2 to None, run_after=None
[2024-09-06T05:56:16.896+0000] {logging_mixin.py:190} INFO - [2024-09-06T05:56:16.896+0000] {dag.py:3211} INFO - Sync 2 DAGs
[2024-09-06T05:56:16.995+0000] {logging_mixin.py:190} INFO - [2024-09-06T05:56:16.994+0000] {dag.py:4138} INFO - Setting next_dagrun for example_subdag_operator.section-1 to None, run_after=None
[2024-09-06T05:56:16.999+0000] {logging_mixin.py:190} INFO - [2024-09-06T05:56:16.999+0000] {dag.py:4138} INFO - Setting next_dagrun for example_subdag_operator.section-2 to None, run_after=None
[2024-09-06T05:56:17.050+0000] {processor.py:208} INFO - Processing /home/airflow/.local/lib/python3.12/site-packages/airflow/example_dags/example_subdag_operator.py took 0.743 seconds
[2024-09-06T05:56:47.758+0000] {processor.py:186} INFO - Started process (PID=574) to work on /home/airflow/.local/lib/python3.12/site-packages/airflow/example_dags/example_subdag_operator.py
[2024-09-06T05:56:47.761+0000] {processor.py:914} INFO - Processing file /home/airflow/.local/lib/python3.12/site-packages/airflow/example_dags/example_subdag_operator.py for tasks to queue
[2024-09-06T05:56:47.770+0000] {logging_mixin.py:190} INFO - [2024-09-06T05:56:47.769+0000] {dagbag.py:587} INFO - Filling up the DagBag from /home/airflow/.local/lib/python3.12/site-packages/airflow/example_dags/example_subdag_operator.py
[2024-09-06T05:56:47.869+0000] {processor.py:925} INFO - DAG(s) 'example_subdag_operator.section-1', 'example_subdag_operator.section-2', 'example_subdag_operator' retrieved from /home/airflow/.local/lib/python3.12/site-packages/airflow/example_dags/example_subdag_operator.py
[2024-09-06T05:56:47.913+0000] {logging_mixin.py:190} INFO - [2024-09-06T05:56:47.912+0000] {dag.py:3211} INFO - Sync 3 DAGs
[2024-09-06T05:56:47.980+0000] {logging_mixin.py:190} INFO - [2024-09-06T05:56:47.979+0000] {dag.py:4138} INFO - Setting next_dagrun for example_subdag_operator to 2022-01-01 00:00:00+00:00, run_after=2022-01-01 00:00:00+00:00
[2024-09-06T05:56:47.990+0000] {logging_mixin.py:190} INFO - [2024-09-06T05:56:47.989+0000] {dag.py:4138} INFO - Setting next_dagrun for example_subdag_operator.section-1 to None, run_after=None
[2024-09-06T05:56:47.993+0000] {logging_mixin.py:190} INFO - [2024-09-06T05:56:47.993+0000] {dag.py:4138} INFO - Setting next_dagrun for example_subdag_operator.section-2 to None, run_after=None
[2024-09-06T05:56:48.032+0000] {logging_mixin.py:190} INFO - [2024-09-06T05:56:48.032+0000] {dag.py:3211} INFO - Sync 2 DAGs
[2024-09-06T05:56:48.070+0000] {logging_mixin.py:190} INFO - [2024-09-06T05:56:48.069+0000] {dag.py:4138} INFO - Setting next_dagrun for example_subdag_operator.section-1 to None, run_after=None
[2024-09-06T05:56:48.072+0000] {logging_mixin.py:190} INFO - [2024-09-06T05:56:48.071+0000] {dag.py:4138} INFO - Setting next_dagrun for example_subdag_operator.section-2 to None, run_after=None
[2024-09-06T05:56:48.127+0000] {processor.py:208} INFO - Processing /home/airflow/.local/lib/python3.12/site-packages/airflow/example_dags/example_subdag_operator.py took 0.384 seconds
[2024-09-06T05:57:18.546+0000] {processor.py:186} INFO - Started process (PID=637) to work on /home/airflow/.local/lib/python3.12/site-packages/airflow/example_dags/example_subdag_operator.py
[2024-09-06T05:57:18.548+0000] {processor.py:914} INFO - Processing file /home/airflow/.local/lib/python3.12/site-packages/airflow/example_dags/example_subdag_operator.py for tasks to queue
[2024-09-06T05:57:18.558+0000] {logging_mixin.py:190} INFO - [2024-09-06T05:57:18.553+0000] {dagbag.py:587} INFO - Filling up the DagBag from /home/airflow/.local/lib/python3.12/site-packages/airflow/example_dags/example_subdag_operator.py
[2024-09-06T05:57:18.647+0000] {processor.py:925} INFO - DAG(s) 'example_subdag_operator.section-1', 'example_subdag_operator.section-2', 'example_subdag_operator' retrieved from /home/airflow/.local/lib/python3.12/site-packages/airflow/example_dags/example_subdag_operator.py
[2024-09-06T05:57:18.694+0000] {logging_mixin.py:190} INFO - [2024-09-06T05:57:18.694+0000] {dag.py:3211} INFO - Sync 3 DAGs
[2024-09-06T05:57:18.753+0000] {logging_mixin.py:190} INFO - [2024-09-06T05:57:18.753+0000] {dag.py:4138} INFO - Setting next_dagrun for example_subdag_operator to 2022-01-01 00:00:00+00:00, run_after=2022-01-01 00:00:00+00:00
[2024-09-06T05:57:18.765+0000] {logging_mixin.py:190} INFO - [2024-09-06T05:57:18.765+0000] {dag.py:4138} INFO - Setting next_dagrun for example_subdag_operator.section-1 to None, run_after=None
[2024-09-06T05:57:18.768+0000] {logging_mixin.py:190} INFO - [2024-09-06T05:57:18.768+0000] {dag.py:4138} INFO - Setting next_dagrun for example_subdag_operator.section-2 to None, run_after=None
[2024-09-06T05:57:18.785+0000] {logging_mixin.py:190} INFO - [2024-09-06T05:57:18.785+0000] {dag.py:3211} INFO - Sync 2 DAGs
[2024-09-06T05:57:18.801+0000] {logging_mixin.py:190} INFO - [2024-09-06T05:57:18.800+0000] {dag.py:4138} INFO - Setting next_dagrun for example_subdag_operator.section-1 to None, run_after=None
[2024-09-06T05:57:18.802+0000] {logging_mixin.py:190} INFO - [2024-09-06T05:57:18.802+0000] {dag.py:4138} INFO - Setting next_dagrun for example_subdag_operator.section-2 to None, run_after=None
[2024-09-06T05:57:18.885+0000] {processor.py:208} INFO - Processing /home/airflow/.local/lib/python3.12/site-packages/airflow/example_dags/example_subdag_operator.py took 0.353 seconds
[2024-09-06T05:57:54.966+0000] {processor.py:186} INFO - Started process (PID=702) to work on /home/airflow/.local/lib/python3.12/site-packages/airflow/example_dags/example_subdag_operator.py
[2024-09-06T05:57:54.969+0000] {processor.py:914} INFO - Processing file /home/airflow/.local/lib/python3.12/site-packages/airflow/example_dags/example_subdag_operator.py for tasks to queue
[2024-09-06T05:57:54.983+0000] {logging_mixin.py:190} INFO - [2024-09-06T05:57:54.978+0000] {dagbag.py:587} INFO - Filling up the DagBag from /home/airflow/.local/lib/python3.12/site-packages/airflow/example_dags/example_subdag_operator.py
[2024-09-06T05:57:55.166+0000] {processor.py:925} INFO - DAG(s) 'example_subdag_operator.section-1', 'example_subdag_operator.section-2', 'example_subdag_operator' retrieved from /home/airflow/.local/lib/python3.12/site-packages/airflow/example_dags/example_subdag_operator.py
[2024-09-06T05:57:55.279+0000] {logging_mixin.py:190} INFO - [2024-09-06T05:57:55.266+0000] {dag.py:3211} INFO - Sync 3 DAGs
[2024-09-06T05:57:55.426+0000] {logging_mixin.py:190} INFO - [2024-09-06T05:57:55.425+0000] {dag.py:4138} INFO - Setting next_dagrun for example_subdag_operator to 2022-01-01 00:00:00+00:00, run_after=2022-01-01 00:00:00+00:00
[2024-09-06T05:57:55.454+0000] {logging_mixin.py:190} INFO - [2024-09-06T05:57:55.449+0000] {dag.py:4138} INFO - Setting next_dagrun for example_subdag_operator.section-1 to None, run_after=None
[2024-09-06T05:57:55.458+0000] {logging_mixin.py:190} INFO - [2024-09-06T05:57:55.458+0000] {dag.py:4138} INFO - Setting next_dagrun for example_subdag_operator.section-2 to None, run_after=None
[2024-09-06T05:57:55.485+0000] {logging_mixin.py:190} INFO - [2024-09-06T05:57:55.485+0000] {dag.py:3211} INFO - Sync 2 DAGs
[2024-09-06T05:57:55.516+0000] {logging_mixin.py:190} INFO - [2024-09-06T05:57:55.516+0000] {dag.py:4138} INFO - Setting next_dagrun for example_subdag_operator.section-1 to None, run_after=None
[2024-09-06T05:57:55.519+0000] {logging_mixin.py:190} INFO - [2024-09-06T05:57:55.519+0000] {dag.py:4138} INFO - Setting next_dagrun for example_subdag_operator.section-2 to None, run_after=None
[2024-09-06T05:57:55.571+0000] {processor.py:208} INFO - Processing /home/airflow/.local/lib/python3.12/site-packages/airflow/example_dags/example_subdag_operator.py took 0.635 seconds
[2024-09-06T05:58:26.440+0000] {processor.py:186} INFO - Started process (PID=763) to work on /home/airflow/.local/lib/python3.12/site-packages/airflow/example_dags/example_subdag_operator.py
[2024-09-06T05:58:26.470+0000] {processor.py:914} INFO - Processing file /home/airflow/.local/lib/python3.12/site-packages/airflow/example_dags/example_subdag_operator.py for tasks to queue
[2024-09-06T05:58:26.486+0000] {logging_mixin.py:190} INFO - [2024-09-06T05:58:26.486+0000] {dagbag.py:587} INFO - Filling up the DagBag from /home/airflow/.local/lib/python3.12/site-packages/airflow/example_dags/example_subdag_operator.py
[2024-09-06T05:58:26.633+0000] {processor.py:925} INFO - DAG(s) 'example_subdag_operator.section-1', 'example_subdag_operator.section-2', 'example_subdag_operator' retrieved from /home/airflow/.local/lib/python3.12/site-packages/airflow/example_dags/example_subdag_operator.py
[2024-09-06T05:58:26.737+0000] {logging_mixin.py:190} INFO - [2024-09-06T05:58:26.736+0000] {dag.py:3211} INFO - Sync 3 DAGs
[2024-09-06T05:58:26.876+0000] {logging_mixin.py:190} INFO - [2024-09-06T05:58:26.865+0000] {dag.py:4138} INFO - Setting next_dagrun for example_subdag_operator to 2022-01-01 00:00:00+00:00, run_after=2022-01-01 00:00:00+00:00
[2024-09-06T05:58:26.891+0000] {logging_mixin.py:190} INFO - [2024-09-06T05:58:26.890+0000] {dag.py:4138} INFO - Setting next_dagrun for example_subdag_operator.section-1 to None, run_after=None
[2024-09-06T05:58:26.900+0000] {logging_mixin.py:190} INFO - [2024-09-06T05:58:26.900+0000] {dag.py:4138} INFO - Setting next_dagrun for example_subdag_operator.section-2 to None, run_after=None
[2024-09-06T05:58:26.937+0000] {logging_mixin.py:190} INFO - [2024-09-06T05:58:26.936+0000] {dag.py:3211} INFO - Sync 2 DAGs
[2024-09-06T05:58:26.974+0000] {logging_mixin.py:190} INFO - [2024-09-06T05:58:26.974+0000] {dag.py:4138} INFO - Setting next_dagrun for example_subdag_operator.section-1 to None, run_after=None
[2024-09-06T05:58:26.984+0000] {logging_mixin.py:190} INFO - [2024-09-06T05:58:26.983+0000] {dag.py:4138} INFO - Setting next_dagrun for example_subdag_operator.section-2 to None, run_after=None
[2024-09-06T05:58:27.065+0000] {processor.py:208} INFO - Processing /home/airflow/.local/lib/python3.12/site-packages/airflow/example_dags/example_subdag_operator.py took 0.679 seconds
[2024-09-06T05:58:57.899+0000] {processor.py:186} INFO - Started process (PID=826) to work on /home/airflow/.local/lib/python3.12/site-packages/airflow/example_dags/example_subdag_operator.py
[2024-09-06T05:58:57.901+0000] {processor.py:914} INFO - Processing file /home/airflow/.local/lib/python3.12/site-packages/airflow/example_dags/example_subdag_operator.py for tasks to queue
[2024-09-06T05:58:57.906+0000] {logging_mixin.py:190} INFO - [2024-09-06T05:58:57.905+0000] {dagbag.py:587} INFO - Filling up the DagBag from /home/airflow/.local/lib/python3.12/site-packages/airflow/example_dags/example_subdag_operator.py
[2024-09-06T05:58:57.987+0000] {processor.py:925} INFO - DAG(s) 'example_subdag_operator.section-1', 'example_subdag_operator.section-2', 'example_subdag_operator' retrieved from /home/airflow/.local/lib/python3.12/site-packages/airflow/example_dags/example_subdag_operator.py
[2024-09-06T05:58:58.035+0000] {logging_mixin.py:190} INFO - [2024-09-06T05:58:58.034+0000] {dag.py:3211} INFO - Sync 3 DAGs
[2024-09-06T05:58:58.096+0000] {logging_mixin.py:190} INFO - [2024-09-06T05:58:58.093+0000] {dag.py:4138} INFO - Setting next_dagrun for example_subdag_operator to 2022-01-01 00:00:00+00:00, run_after=2022-01-01 00:00:00+00:00
[2024-09-06T05:58:58.106+0000] {logging_mixin.py:190} INFO - [2024-09-06T05:58:58.106+0000] {dag.py:4138} INFO - Setting next_dagrun for example_subdag_operator.section-1 to None, run_after=None
[2024-09-06T05:58:58.110+0000] {logging_mixin.py:190} INFO - [2024-09-06T05:58:58.109+0000] {dag.py:4138} INFO - Setting next_dagrun for example_subdag_operator.section-2 to None, run_after=None
[2024-09-06T05:58:58.127+0000] {logging_mixin.py:190} INFO - [2024-09-06T05:58:58.127+0000] {dag.py:3211} INFO - Sync 2 DAGs
[2024-09-06T05:58:58.141+0000] {logging_mixin.py:190} INFO - [2024-09-06T05:58:58.140+0000] {dag.py:4138} INFO - Setting next_dagrun for example_subdag_operator.section-1 to None, run_after=None
[2024-09-06T05:58:58.142+0000] {logging_mixin.py:190} INFO - [2024-09-06T05:58:58.142+0000] {dag.py:4138} INFO - Setting next_dagrun for example_subdag_operator.section-2 to None, run_after=None
[2024-09-06T05:58:58.182+0000] {processor.py:208} INFO - Processing /home/airflow/.local/lib/python3.12/site-packages/airflow/example_dags/example_subdag_operator.py took 0.299 seconds
[2024-09-06T05:59:28.309+0000] {processor.py:186} INFO - Started process (PID=889) to work on /home/airflow/.local/lib/python3.12/site-packages/airflow/example_dags/example_subdag_operator.py
[2024-09-06T05:59:28.311+0000] {processor.py:914} INFO - Processing file /home/airflow/.local/lib/python3.12/site-packages/airflow/example_dags/example_subdag_operator.py for tasks to queue
[2024-09-06T05:59:28.316+0000] {logging_mixin.py:190} INFO - [2024-09-06T05:59:28.315+0000] {dagbag.py:587} INFO - Filling up the DagBag from /home/airflow/.local/lib/python3.12/site-packages/airflow/example_dags/example_subdag_operator.py
[2024-09-06T05:59:28.365+0000] {processor.py:925} INFO - DAG(s) 'example_subdag_operator.section-1', 'example_subdag_operator.section-2', 'example_subdag_operator' retrieved from /home/airflow/.local/lib/python3.12/site-packages/airflow/example_dags/example_subdag_operator.py
[2024-09-06T05:59:28.392+0000] {logging_mixin.py:190} INFO - [2024-09-06T05:59:28.392+0000] {dag.py:3211} INFO - Sync 3 DAGs
[2024-09-06T05:59:28.435+0000] {logging_mixin.py:190} INFO - [2024-09-06T05:59:28.435+0000] {dag.py:4138} INFO - Setting next_dagrun for example_subdag_operator to 2022-01-01 00:00:00+00:00, run_after=2022-01-01 00:00:00+00:00
[2024-09-06T05:59:28.442+0000] {logging_mixin.py:190} INFO - [2024-09-06T05:59:28.442+0000] {dag.py:4138} INFO - Setting next_dagrun for example_subdag_operator.section-1 to None, run_after=None
[2024-09-06T05:59:28.445+0000] {logging_mixin.py:190} INFO - [2024-09-06T05:59:28.445+0000] {dag.py:4138} INFO - Setting next_dagrun for example_subdag_operator.section-2 to None, run_after=None
[2024-09-06T05:59:28.460+0000] {logging_mixin.py:190} INFO - [2024-09-06T05:59:28.459+0000] {dag.py:3211} INFO - Sync 2 DAGs
[2024-09-06T05:59:28.469+0000] {logging_mixin.py:190} INFO - [2024-09-06T05:59:28.469+0000] {dag.py:4138} INFO - Setting next_dagrun for example_subdag_operator.section-1 to None, run_after=None
[2024-09-06T05:59:28.471+0000] {logging_mixin.py:190} INFO - [2024-09-06T05:59:28.470+0000] {dag.py:4138} INFO - Setting next_dagrun for example_subdag_operator.section-2 to None, run_after=None
[2024-09-06T05:59:28.489+0000] {processor.py:208} INFO - Processing /home/airflow/.local/lib/python3.12/site-packages/airflow/example_dags/example_subdag_operator.py took 0.191 seconds
[2024-09-06T05:59:58.885+0000] {processor.py:186} INFO - Started process (PID=952) to work on /home/airflow/.local/lib/python3.12/site-packages/airflow/example_dags/example_subdag_operator.py
[2024-09-06T05:59:58.886+0000] {processor.py:914} INFO - Processing file /home/airflow/.local/lib/python3.12/site-packages/airflow/example_dags/example_subdag_operator.py for tasks to queue
[2024-09-06T05:59:58.892+0000] {logging_mixin.py:190} INFO - [2024-09-06T05:59:58.891+0000] {dagbag.py:587} INFO - Filling up the DagBag from /home/airflow/.local/lib/python3.12/site-packages/airflow/example_dags/example_subdag_operator.py
[2024-09-06T05:59:58.942+0000] {processor.py:925} INFO - DAG(s) 'example_subdag_operator.section-1', 'example_subdag_operator.section-2', 'example_subdag_operator' retrieved from /home/airflow/.local/lib/python3.12/site-packages/airflow/example_dags/example_subdag_operator.py
[2024-09-06T05:59:58.972+0000] {logging_mixin.py:190} INFO - [2024-09-06T05:59:58.972+0000] {dag.py:3211} INFO - Sync 3 DAGs
[2024-09-06T05:59:59.022+0000] {logging_mixin.py:190} INFO - [2024-09-06T05:59:59.021+0000] {dag.py:4138} INFO - Setting next_dagrun for example_subdag_operator to 2022-01-01 00:00:00+00:00, run_after=2022-01-01 00:00:00+00:00
[2024-09-06T05:59:59.030+0000] {logging_mixin.py:190} INFO - [2024-09-06T05:59:59.029+0000] {dag.py:4138} INFO - Setting next_dagrun for example_subdag_operator.section-1 to None, run_after=None
[2024-09-06T05:59:59.033+0000] {logging_mixin.py:190} INFO - [2024-09-06T05:59:59.032+0000] {dag.py:4138} INFO - Setting next_dagrun for example_subdag_operator.section-2 to None, run_after=None
[2024-09-06T05:59:59.047+0000] {logging_mixin.py:190} INFO - [2024-09-06T05:59:59.047+0000] {dag.py:3211} INFO - Sync 2 DAGs
[2024-09-06T05:59:59.058+0000] {logging_mixin.py:190} INFO - [2024-09-06T05:59:59.058+0000] {dag.py:4138} INFO - Setting next_dagrun for example_subdag_operator.section-1 to None, run_after=None
[2024-09-06T05:59:59.059+0000] {logging_mixin.py:190} INFO - [2024-09-06T05:59:59.059+0000] {dag.py:4138} INFO - Setting next_dagrun for example_subdag_operator.section-2 to None, run_after=None
[2024-09-06T05:59:59.082+0000] {processor.py:208} INFO - Processing /home/airflow/.local/lib/python3.12/site-packages/airflow/example_dags/example_subdag_operator.py took 0.208 seconds
[2024-09-06T06:01:09.168+0000] {processor.py:186} INFO - Started process (PID=1017) to work on /home/airflow/.local/lib/python3.12/site-packages/airflow/example_dags/example_subdag_operator.py
[2024-09-06T06:01:09.181+0000] {processor.py:914} INFO - Processing file /home/airflow/.local/lib/python3.12/site-packages/airflow/example_dags/example_subdag_operator.py for tasks to queue
[2024-09-06T06:01:09.197+0000] {logging_mixin.py:190} INFO - [2024-09-06T06:01:09.196+0000] {dagbag.py:587} INFO - Filling up the DagBag from /home/airflow/.local/lib/python3.12/site-packages/airflow/example_dags/example_subdag_operator.py
[2024-09-06T06:01:09.369+0000] {processor.py:925} INFO - DAG(s) 'example_subdag_operator.section-1', 'example_subdag_operator.section-2', 'example_subdag_operator' retrieved from /home/airflow/.local/lib/python3.12/site-packages/airflow/example_dags/example_subdag_operator.py
[2024-09-06T06:01:09.473+0000] {logging_mixin.py:190} INFO - [2024-09-06T06:01:09.472+0000] {dag.py:3211} INFO - Sync 3 DAGs
[2024-09-06T06:01:09.625+0000] {logging_mixin.py:190} INFO - [2024-09-06T06:01:09.625+0000] {dag.py:4138} INFO - Setting next_dagrun for example_subdag_operator to 2022-01-01 00:00:00+00:00, run_after=2022-01-01 00:00:00+00:00
[2024-09-06T06:01:09.865+0000] {logging_mixin.py:190} INFO - [2024-09-06T06:01:09.865+0000] {dag.py:4138} INFO - Setting next_dagrun for example_subdag_operator.section-1 to None, run_after=None
[2024-09-06T06:01:09.878+0000] {logging_mixin.py:190} INFO - [2024-09-06T06:01:09.878+0000] {dag.py:4138} INFO - Setting next_dagrun for example_subdag_operator.section-2 to None, run_after=None
[2024-09-06T06:01:09.933+0000] {logging_mixin.py:190} INFO - [2024-09-06T06:01:09.932+0000] {dag.py:3211} INFO - Sync 2 DAGs
[2024-09-06T06:01:09.989+0000] {logging_mixin.py:190} INFO - [2024-09-06T06:01:09.989+0000] {dag.py:4138} INFO - Setting next_dagrun for example_subdag_operator.section-1 to None, run_after=None
[2024-09-06T06:01:10.022+0000] {logging_mixin.py:190} INFO - [2024-09-06T06:01:10.021+0000] {dag.py:4138} INFO - Setting next_dagrun for example_subdag_operator.section-2 to None, run_after=None
[2024-09-06T06:01:10.233+0000] {processor.py:208} INFO - Processing /home/airflow/.local/lib/python3.12/site-packages/airflow/example_dags/example_subdag_operator.py took 1.115 seconds
[2024-09-06T06:01:40.730+0000] {processor.py:186} INFO - Started process (PID=1079) to work on /home/airflow/.local/lib/python3.12/site-packages/airflow/example_dags/example_subdag_operator.py
[2024-09-06T06:01:40.733+0000] {processor.py:914} INFO - Processing file /home/airflow/.local/lib/python3.12/site-packages/airflow/example_dags/example_subdag_operator.py for tasks to queue
[2024-09-06T06:01:40.741+0000] {logging_mixin.py:190} INFO - [2024-09-06T06:01:40.740+0000] {dagbag.py:587} INFO - Filling up the DagBag from /home/airflow/.local/lib/python3.12/site-packages/airflow/example_dags/example_subdag_operator.py
[2024-09-06T06:01:40.809+0000] {processor.py:925} INFO - DAG(s) 'example_subdag_operator.section-1', 'example_subdag_operator.section-2', 'example_subdag_operator' retrieved from /home/airflow/.local/lib/python3.12/site-packages/airflow/example_dags/example_subdag_operator.py
[2024-09-06T06:01:40.840+0000] {logging_mixin.py:190} INFO - [2024-09-06T06:01:40.840+0000] {dag.py:3211} INFO - Sync 3 DAGs
[2024-09-06T06:01:40.927+0000] {logging_mixin.py:190} INFO - [2024-09-06T06:01:40.926+0000] {dag.py:4138} INFO - Setting next_dagrun for example_subdag_operator to 2022-01-01 00:00:00+00:00, run_after=2022-01-01 00:00:00+00:00
[2024-09-06T06:01:40.961+0000] {logging_mixin.py:190} INFO - [2024-09-06T06:01:40.960+0000] {dag.py:4138} INFO - Setting next_dagrun for example_subdag_operator.section-1 to None, run_after=None
[2024-09-06T06:01:40.965+0000] {logging_mixin.py:190} INFO - [2024-09-06T06:01:40.964+0000] {dag.py:4138} INFO - Setting next_dagrun for example_subdag_operator.section-2 to None, run_after=None
[2024-09-06T06:01:40.986+0000] {logging_mixin.py:190} INFO - [2024-09-06T06:01:40.985+0000] {dag.py:3211} INFO - Sync 2 DAGs
[2024-09-06T06:01:41.002+0000] {logging_mixin.py:190} INFO - [2024-09-06T06:01:41.001+0000] {dag.py:4138} INFO - Setting next_dagrun for example_subdag_operator.section-1 to None, run_after=None
[2024-09-06T06:01:41.003+0000] {logging_mixin.py:190} INFO - [2024-09-06T06:01:41.003+0000] {dag.py:4138} INFO - Setting next_dagrun for example_subdag_operator.section-2 to None, run_after=None
[2024-09-06T06:01:41.033+0000] {processor.py:208} INFO - Processing /home/airflow/.local/lib/python3.12/site-packages/airflow/example_dags/example_subdag_operator.py took 0.331 seconds
[2024-09-06T06:02:11.778+0000] {processor.py:186} INFO - Started process (PID=1143) to work on /home/airflow/.local/lib/python3.12/site-packages/airflow/example_dags/example_subdag_operator.py
[2024-09-06T06:02:11.792+0000] {processor.py:914} INFO - Processing file /home/airflow/.local/lib/python3.12/site-packages/airflow/example_dags/example_subdag_operator.py for tasks to queue
[2024-09-06T06:02:11.799+0000] {logging_mixin.py:190} INFO - [2024-09-06T06:02:11.798+0000] {dagbag.py:587} INFO - Filling up the DagBag from /home/airflow/.local/lib/python3.12/site-packages/airflow/example_dags/example_subdag_operator.py
[2024-09-06T06:02:11.952+0000] {processor.py:925} INFO - DAG(s) 'example_subdag_operator.section-1', 'example_subdag_operator.section-2', 'example_subdag_operator' retrieved from /home/airflow/.local/lib/python3.12/site-packages/airflow/example_dags/example_subdag_operator.py
[2024-09-06T06:02:12.042+0000] {logging_mixin.py:190} INFO - [2024-09-06T06:02:12.041+0000] {dag.py:3211} INFO - Sync 3 DAGs
[2024-09-06T06:02:12.178+0000] {logging_mixin.py:190} INFO - [2024-09-06T06:02:12.177+0000] {dag.py:4138} INFO - Setting next_dagrun for example_subdag_operator to 2022-01-01 00:00:00+00:00, run_after=2022-01-01 00:00:00+00:00
[2024-09-06T06:02:12.218+0000] {logging_mixin.py:190} INFO - [2024-09-06T06:02:12.217+0000] {dag.py:4138} INFO - Setting next_dagrun for example_subdag_operator.section-1 to None, run_after=None
[2024-09-06T06:02:12.236+0000] {logging_mixin.py:190} INFO - [2024-09-06T06:02:12.235+0000] {dag.py:4138} INFO - Setting next_dagrun for example_subdag_operator.section-2 to None, run_after=None
[2024-09-06T06:02:12.283+0000] {logging_mixin.py:190} INFO - [2024-09-06T06:02:12.283+0000] {dag.py:3211} INFO - Sync 2 DAGs
[2024-09-06T06:02:12.321+0000] {logging_mixin.py:190} INFO - [2024-09-06T06:02:12.321+0000] {dag.py:4138} INFO - Setting next_dagrun for example_subdag_operator.section-1 to None, run_after=None
[2024-09-06T06:02:12.323+0000] {logging_mixin.py:190} INFO - [2024-09-06T06:02:12.323+0000] {dag.py:4138} INFO - Setting next_dagrun for example_subdag_operator.section-2 to None, run_after=None
[2024-09-06T06:02:12.379+0000] {processor.py:208} INFO - Processing /home/airflow/.local/lib/python3.12/site-packages/airflow/example_dags/example_subdag_operator.py took 0.623 seconds
[2024-09-06T06:02:42.591+0000] {processor.py:186} INFO - Started process (PID=1206) to work on /home/airflow/.local/lib/python3.12/site-packages/airflow/example_dags/example_subdag_operator.py
[2024-09-06T06:02:42.593+0000] {processor.py:914} INFO - Processing file /home/airflow/.local/lib/python3.12/site-packages/airflow/example_dags/example_subdag_operator.py for tasks to queue
[2024-09-06T06:02:42.599+0000] {logging_mixin.py:190} INFO - [2024-09-06T06:02:42.599+0000] {dagbag.py:587} INFO - Filling up the DagBag from /home/airflow/.local/lib/python3.12/site-packages/airflow/example_dags/example_subdag_operator.py
[2024-09-06T06:02:42.653+0000] {processor.py:925} INFO - DAG(s) 'example_subdag_operator.section-1', 'example_subdag_operator.section-2', 'example_subdag_operator' retrieved from /home/airflow/.local/lib/python3.12/site-packages/airflow/example_dags/example_subdag_operator.py
[2024-09-06T06:02:42.681+0000] {logging_mixin.py:190} INFO - [2024-09-06T06:02:42.681+0000] {dag.py:3211} INFO - Sync 3 DAGs
[2024-09-06T06:02:42.726+0000] {logging_mixin.py:190} INFO - [2024-09-06T06:02:42.726+0000] {dag.py:4138} INFO - Setting next_dagrun for example_subdag_operator to 2022-01-01 00:00:00+00:00, run_after=2022-01-01 00:00:00+00:00
[2024-09-06T06:02:42.733+0000] {logging_mixin.py:190} INFO - [2024-09-06T06:02:42.733+0000] {dag.py:4138} INFO - Setting next_dagrun for example_subdag_operator.section-1 to None, run_after=None
[2024-09-06T06:02:42.736+0000] {logging_mixin.py:190} INFO - [2024-09-06T06:02:42.735+0000] {dag.py:4138} INFO - Setting next_dagrun for example_subdag_operator.section-2 to None, run_after=None
[2024-09-06T06:02:42.748+0000] {logging_mixin.py:190} INFO - [2024-09-06T06:02:42.748+0000] {dag.py:3211} INFO - Sync 2 DAGs
[2024-09-06T06:02:42.758+0000] {logging_mixin.py:190} INFO - [2024-09-06T06:02:42.757+0000] {dag.py:4138} INFO - Setting next_dagrun for example_subdag_operator.section-1 to None, run_after=None
[2024-09-06T06:02:42.758+0000] {logging_mixin.py:190} INFO - [2024-09-06T06:02:42.758+0000] {dag.py:4138} INFO - Setting next_dagrun for example_subdag_operator.section-2 to None, run_after=None
[2024-09-06T06:02:42.777+0000] {processor.py:208} INFO - Processing /home/airflow/.local/lib/python3.12/site-packages/airflow/example_dags/example_subdag_operator.py took 0.199 seconds
[2024-09-06T06:03:13.200+0000] {processor.py:186} INFO - Started process (PID=1270) to work on /home/airflow/.local/lib/python3.12/site-packages/airflow/example_dags/example_subdag_operator.py
[2024-09-06T06:03:13.204+0000] {processor.py:914} INFO - Processing file /home/airflow/.local/lib/python3.12/site-packages/airflow/example_dags/example_subdag_operator.py for tasks to queue
[2024-09-06T06:03:13.213+0000] {logging_mixin.py:190} INFO - [2024-09-06T06:03:13.212+0000] {dagbag.py:587} INFO - Filling up the DagBag from /home/airflow/.local/lib/python3.12/site-packages/airflow/example_dags/example_subdag_operator.py
[2024-09-06T06:03:13.271+0000] {processor.py:925} INFO - DAG(s) 'example_subdag_operator.section-1', 'example_subdag_operator.section-2', 'example_subdag_operator' retrieved from /home/airflow/.local/lib/python3.12/site-packages/airflow/example_dags/example_subdag_operator.py
[2024-09-06T06:03:13.305+0000] {logging_mixin.py:190} INFO - [2024-09-06T06:03:13.305+0000] {dag.py:3211} INFO - Sync 3 DAGs
[2024-09-06T06:03:13.353+0000] {logging_mixin.py:190} INFO - [2024-09-06T06:03:13.352+0000] {dag.py:4138} INFO - Setting next_dagrun for example_subdag_operator to 2022-01-01 00:00:00+00:00, run_after=2022-01-01 00:00:00+00:00
[2024-09-06T06:03:13.360+0000] {logging_mixin.py:190} INFO - [2024-09-06T06:03:13.360+0000] {dag.py:4138} INFO - Setting next_dagrun for example_subdag_operator.section-1 to None, run_after=None
[2024-09-06T06:03:13.363+0000] {logging_mixin.py:190} INFO - [2024-09-06T06:03:13.363+0000] {dag.py:4138} INFO - Setting next_dagrun for example_subdag_operator.section-2 to None, run_after=None
[2024-09-06T06:03:13.378+0000] {logging_mixin.py:190} INFO - [2024-09-06T06:03:13.377+0000] {dag.py:3211} INFO - Sync 2 DAGs
[2024-09-06T06:03:13.388+0000] {logging_mixin.py:190} INFO - [2024-09-06T06:03:13.388+0000] {dag.py:4138} INFO - Setting next_dagrun for example_subdag_operator.section-1 to None, run_after=None
[2024-09-06T06:03:13.389+0000] {logging_mixin.py:190} INFO - [2024-09-06T06:03:13.389+0000] {dag.py:4138} INFO - Setting next_dagrun for example_subdag_operator.section-2 to None, run_after=None
[2024-09-06T06:03:13.410+0000] {processor.py:208} INFO - Processing /home/airflow/.local/lib/python3.12/site-packages/airflow/example_dags/example_subdag_operator.py took 0.225 seconds
[2024-09-06T06:03:43.615+0000] {processor.py:186} INFO - Started process (PID=1333) to work on /home/airflow/.local/lib/python3.12/site-packages/airflow/example_dags/example_subdag_operator.py
[2024-09-06T06:03:43.617+0000] {processor.py:914} INFO - Processing file /home/airflow/.local/lib/python3.12/site-packages/airflow/example_dags/example_subdag_operator.py for tasks to queue
[2024-09-06T06:03:43.624+0000] {logging_mixin.py:190} INFO - [2024-09-06T06:03:43.623+0000] {dagbag.py:587} INFO - Filling up the DagBag from /home/airflow/.local/lib/python3.12/site-packages/airflow/example_dags/example_subdag_operator.py
[2024-09-06T06:03:43.671+0000] {processor.py:925} INFO - DAG(s) 'example_subdag_operator.section-1', 'example_subdag_operator.section-2', 'example_subdag_operator' retrieved from /home/airflow/.local/lib/python3.12/site-packages/airflow/example_dags/example_subdag_operator.py
[2024-09-06T06:03:43.701+0000] {logging_mixin.py:190} INFO - [2024-09-06T06:03:43.700+0000] {dag.py:3211} INFO - Sync 3 DAGs
[2024-09-06T06:03:43.744+0000] {logging_mixin.py:190} INFO - [2024-09-06T06:03:43.743+0000] {dag.py:4138} INFO - Setting next_dagrun for example_subdag_operator to 2022-01-01 00:00:00+00:00, run_after=2022-01-01 00:00:00+00:00
[2024-09-06T06:03:43.751+0000] {logging_mixin.py:190} INFO - [2024-09-06T06:03:43.751+0000] {dag.py:4138} INFO - Setting next_dagrun for example_subdag_operator.section-1 to None, run_after=None
[2024-09-06T06:03:43.754+0000] {logging_mixin.py:190} INFO - [2024-09-06T06:03:43.753+0000] {dag.py:4138} INFO - Setting next_dagrun for example_subdag_operator.section-2 to None, run_after=None
[2024-09-06T06:03:43.769+0000] {logging_mixin.py:190} INFO - [2024-09-06T06:03:43.769+0000] {dag.py:3211} INFO - Sync 2 DAGs
[2024-09-06T06:03:43.782+0000] {logging_mixin.py:190} INFO - [2024-09-06T06:03:43.782+0000] {dag.py:4138} INFO - Setting next_dagrun for example_subdag_operator.section-1 to None, run_after=None
[2024-09-06T06:03:43.783+0000] {logging_mixin.py:190} INFO - [2024-09-06T06:03:43.783+0000] {dag.py:4138} INFO - Setting next_dagrun for example_subdag_operator.section-2 to None, run_after=None
[2024-09-06T06:03:43.822+0000] {processor.py:208} INFO - Processing /home/airflow/.local/lib/python3.12/site-packages/airflow/example_dags/example_subdag_operator.py took 0.220 seconds
[2024-09-06T06:04:14.131+0000] {processor.py:186} INFO - Started process (PID=1396) to work on /home/airflow/.local/lib/python3.12/site-packages/airflow/example_dags/example_subdag_operator.py
[2024-09-06T06:04:14.135+0000] {processor.py:914} INFO - Processing file /home/airflow/.local/lib/python3.12/site-packages/airflow/example_dags/example_subdag_operator.py for tasks to queue
[2024-09-06T06:04:14.143+0000] {logging_mixin.py:190} INFO - [2024-09-06T06:04:14.142+0000] {dagbag.py:587} INFO - Filling up the DagBag from /home/airflow/.local/lib/python3.12/site-packages/airflow/example_dags/example_subdag_operator.py
[2024-09-06T06:04:14.294+0000] {processor.py:925} INFO - DAG(s) 'example_subdag_operator.section-1', 'example_subdag_operator.section-2', 'example_subdag_operator' retrieved from /home/airflow/.local/lib/python3.12/site-packages/airflow/example_dags/example_subdag_operator.py
[2024-09-06T06:04:14.390+0000] {logging_mixin.py:190} INFO - [2024-09-06T06:04:14.390+0000] {dag.py:3211} INFO - Sync 3 DAGs
[2024-09-06T06:04:14.561+0000] {logging_mixin.py:190} INFO - [2024-09-06T06:04:14.551+0000] {dag.py:4138} INFO - Setting next_dagrun for example_subdag_operator to 2022-01-01 00:00:00+00:00, run_after=2022-01-01 00:00:00+00:00
[2024-09-06T06:04:14.580+0000] {logging_mixin.py:190} INFO - [2024-09-06T06:04:14.580+0000] {dag.py:4138} INFO - Setting next_dagrun for example_subdag_operator.section-1 to None, run_after=None
[2024-09-06T06:04:14.594+0000] {logging_mixin.py:190} INFO - [2024-09-06T06:04:14.594+0000] {dag.py:4138} INFO - Setting next_dagrun for example_subdag_operator.section-2 to None, run_after=None
[2024-09-06T06:04:14.645+0000] {logging_mixin.py:190} INFO - [2024-09-06T06:04:14.645+0000] {dag.py:3211} INFO - Sync 2 DAGs
[2024-09-06T06:04:14.679+0000] {logging_mixin.py:190} INFO - [2024-09-06T06:04:14.678+0000] {dag.py:4138} INFO - Setting next_dagrun for example_subdag_operator.section-1 to None, run_after=None
[2024-09-06T06:04:14.681+0000] {logging_mixin.py:190} INFO - [2024-09-06T06:04:14.680+0000] {dag.py:4138} INFO - Setting next_dagrun for example_subdag_operator.section-2 to None, run_after=None
[2024-09-06T06:04:14.749+0000] {processor.py:208} INFO - Processing /home/airflow/.local/lib/python3.12/site-packages/airflow/example_dags/example_subdag_operator.py took 0.650 seconds
[2024-09-06T06:04:45.545+0000] {processor.py:186} INFO - Started process (PID=1459) to work on /home/airflow/.local/lib/python3.12/site-packages/airflow/example_dags/example_subdag_operator.py
[2024-09-06T06:04:45.559+0000] {processor.py:914} INFO - Processing file /home/airflow/.local/lib/python3.12/site-packages/airflow/example_dags/example_subdag_operator.py for tasks to queue
[2024-09-06T06:04:45.570+0000] {logging_mixin.py:190} INFO - [2024-09-06T06:04:45.569+0000] {dagbag.py:587} INFO - Filling up the DagBag from /home/airflow/.local/lib/python3.12/site-packages/airflow/example_dags/example_subdag_operator.py
[2024-09-06T06:04:45.894+0000] {processor.py:925} INFO - DAG(s) 'example_subdag_operator.section-1', 'example_subdag_operator.section-2', 'example_subdag_operator' retrieved from /home/airflow/.local/lib/python3.12/site-packages/airflow/example_dags/example_subdag_operator.py
[2024-09-06T06:04:45.943+0000] {logging_mixin.py:190} INFO - [2024-09-06T06:04:45.943+0000] {dag.py:3211} INFO - Sync 3 DAGs
[2024-09-06T06:04:46.002+0000] {logging_mixin.py:190} INFO - [2024-09-06T06:04:46.002+0000] {dag.py:4138} INFO - Setting next_dagrun for example_subdag_operator to 2022-01-01 00:00:00+00:00, run_after=2022-01-01 00:00:00+00:00
[2024-09-06T06:04:46.014+0000] {logging_mixin.py:190} INFO - [2024-09-06T06:04:46.014+0000] {dag.py:4138} INFO - Setting next_dagrun for example_subdag_operator.section-1 to None, run_after=None
[2024-09-06T06:04:46.017+0000] {logging_mixin.py:190} INFO - [2024-09-06T06:04:46.017+0000] {dag.py:4138} INFO - Setting next_dagrun for example_subdag_operator.section-2 to None, run_after=None
[2024-09-06T06:04:46.042+0000] {logging_mixin.py:190} INFO - [2024-09-06T06:04:46.041+0000] {dag.py:3211} INFO - Sync 2 DAGs
[2024-09-06T06:04:46.058+0000] {logging_mixin.py:190} INFO - [2024-09-06T06:04:46.058+0000] {dag.py:4138} INFO - Setting next_dagrun for example_subdag_operator.section-1 to None, run_after=None
[2024-09-06T06:04:46.060+0000] {logging_mixin.py:190} INFO - [2024-09-06T06:04:46.059+0000] {dag.py:4138} INFO - Setting next_dagrun for example_subdag_operator.section-2 to None, run_after=None
[2024-09-06T06:04:46.105+0000] {processor.py:208} INFO - Processing /home/airflow/.local/lib/python3.12/site-packages/airflow/example_dags/example_subdag_operator.py took 0.637 seconds
[2024-09-06T06:05:16.298+0000] {processor.py:186} INFO - Started process (PID=1522) to work on /home/airflow/.local/lib/python3.12/site-packages/airflow/example_dags/example_subdag_operator.py
[2024-09-06T06:05:16.301+0000] {processor.py:914} INFO - Processing file /home/airflow/.local/lib/python3.12/site-packages/airflow/example_dags/example_subdag_operator.py for tasks to queue
[2024-09-06T06:05:16.307+0000] {logging_mixin.py:190} INFO - [2024-09-06T06:05:16.306+0000] {dagbag.py:587} INFO - Filling up the DagBag from /home/airflow/.local/lib/python3.12/site-packages/airflow/example_dags/example_subdag_operator.py
[2024-09-06T06:05:16.364+0000] {processor.py:925} INFO - DAG(s) 'example_subdag_operator.section-1', 'example_subdag_operator.section-2', 'example_subdag_operator' retrieved from /home/airflow/.local/lib/python3.12/site-packages/airflow/example_dags/example_subdag_operator.py
[2024-09-06T06:05:16.398+0000] {logging_mixin.py:190} INFO - [2024-09-06T06:05:16.397+0000] {dag.py:3211} INFO - Sync 3 DAGs
[2024-09-06T06:05:16.440+0000] {logging_mixin.py:190} INFO - [2024-09-06T06:05:16.439+0000] {dag.py:4138} INFO - Setting next_dagrun for example_subdag_operator to 2022-01-01 00:00:00+00:00, run_after=2022-01-01 00:00:00+00:00
[2024-09-06T06:05:16.446+0000] {logging_mixin.py:190} INFO - [2024-09-06T06:05:16.446+0000] {dag.py:4138} INFO - Setting next_dagrun for example_subdag_operator.section-1 to None, run_after=None
[2024-09-06T06:05:16.449+0000] {logging_mixin.py:190} INFO - [2024-09-06T06:05:16.448+0000] {dag.py:4138} INFO - Setting next_dagrun for example_subdag_operator.section-2 to None, run_after=None
[2024-09-06T06:05:16.462+0000] {logging_mixin.py:190} INFO - [2024-09-06T06:05:16.461+0000] {dag.py:3211} INFO - Sync 2 DAGs
[2024-09-06T06:05:16.471+0000] {logging_mixin.py:190} INFO - [2024-09-06T06:05:16.470+0000] {dag.py:4138} INFO - Setting next_dagrun for example_subdag_operator.section-1 to None, run_after=None
[2024-09-06T06:05:16.472+0000] {logging_mixin.py:190} INFO - [2024-09-06T06:05:16.472+0000] {dag.py:4138} INFO - Setting next_dagrun for example_subdag_operator.section-2 to None, run_after=None
[2024-09-06T06:05:16.490+0000] {processor.py:208} INFO - Processing /home/airflow/.local/lib/python3.12/site-packages/airflow/example_dags/example_subdag_operator.py took 0.206 seconds
[2024-09-06T06:05:46.945+0000] {processor.py:186} INFO - Started process (PID=1585) to work on /home/airflow/.local/lib/python3.12/site-packages/airflow/example_dags/example_subdag_operator.py
[2024-09-06T06:05:46.947+0000] {processor.py:914} INFO - Processing file /home/airflow/.local/lib/python3.12/site-packages/airflow/example_dags/example_subdag_operator.py for tasks to queue
[2024-09-06T06:05:46.953+0000] {logging_mixin.py:190} INFO - [2024-09-06T06:05:46.952+0000] {dagbag.py:587} INFO - Filling up the DagBag from /home/airflow/.local/lib/python3.12/site-packages/airflow/example_dags/example_subdag_operator.py
[2024-09-06T06:05:47.011+0000] {processor.py:925} INFO - DAG(s) 'example_subdag_operator.section-1', 'example_subdag_operator.section-2', 'example_subdag_operator' retrieved from /home/airflow/.local/lib/python3.12/site-packages/airflow/example_dags/example_subdag_operator.py
[2024-09-06T06:05:47.057+0000] {logging_mixin.py:190} INFO - [2024-09-06T06:05:47.056+0000] {dag.py:3211} INFO - Sync 3 DAGs
[2024-09-06T06:05:47.148+0000] {logging_mixin.py:190} INFO - [2024-09-06T06:05:47.148+0000] {dag.py:4138} INFO - Setting next_dagrun for example_subdag_operator to 2022-01-01 00:00:00+00:00, run_after=2022-01-01 00:00:00+00:00
[2024-09-06T06:05:47.157+0000] {logging_mixin.py:190} INFO - [2024-09-06T06:05:47.156+0000] {dag.py:4138} INFO - Setting next_dagrun for example_subdag_operator.section-1 to None, run_after=None
[2024-09-06T06:05:47.160+0000] {logging_mixin.py:190} INFO - [2024-09-06T06:05:47.159+0000] {dag.py:4138} INFO - Setting next_dagrun for example_subdag_operator.section-2 to None, run_after=None
[2024-09-06T06:05:47.174+0000] {logging_mixin.py:190} INFO - [2024-09-06T06:05:47.173+0000] {dag.py:3211} INFO - Sync 2 DAGs
[2024-09-06T06:05:47.184+0000] {logging_mixin.py:190} INFO - [2024-09-06T06:05:47.183+0000] {dag.py:4138} INFO - Setting next_dagrun for example_subdag_operator.section-1 to None, run_after=None
[2024-09-06T06:05:47.185+0000] {logging_mixin.py:190} INFO - [2024-09-06T06:05:47.185+0000] {dag.py:4138} INFO - Setting next_dagrun for example_subdag_operator.section-2 to None, run_after=None
[2024-09-06T06:05:47.203+0000] {processor.py:208} INFO - Processing /home/airflow/.local/lib/python3.12/site-packages/airflow/example_dags/example_subdag_operator.py took 0.272 seconds
[2024-09-06T06:06:17.702+0000] {processor.py:186} INFO - Started process (PID=1648) to work on /home/airflow/.local/lib/python3.12/site-packages/airflow/example_dags/example_subdag_operator.py
[2024-09-06T06:06:17.704+0000] {processor.py:914} INFO - Processing file /home/airflow/.local/lib/python3.12/site-packages/airflow/example_dags/example_subdag_operator.py for tasks to queue
[2024-09-06T06:06:17.711+0000] {logging_mixin.py:190} INFO - [2024-09-06T06:06:17.710+0000] {dagbag.py:587} INFO - Filling up the DagBag from /home/airflow/.local/lib/python3.12/site-packages/airflow/example_dags/example_subdag_operator.py
[2024-09-06T06:06:17.775+0000] {processor.py:925} INFO - DAG(s) 'example_subdag_operator.section-1', 'example_subdag_operator.section-2', 'example_subdag_operator' retrieved from /home/airflow/.local/lib/python3.12/site-packages/airflow/example_dags/example_subdag_operator.py
[2024-09-06T06:06:17.808+0000] {logging_mixin.py:190} INFO - [2024-09-06T06:06:17.808+0000] {dag.py:3211} INFO - Sync 3 DAGs
[2024-09-06T06:06:17.850+0000] {logging_mixin.py:190} INFO - [2024-09-06T06:06:17.850+0000] {dag.py:4138} INFO - Setting next_dagrun for example_subdag_operator to 2022-01-01 00:00:00+00:00, run_after=2022-01-01 00:00:00+00:00
[2024-09-06T06:06:17.857+0000] {logging_mixin.py:190} INFO - [2024-09-06T06:06:17.856+0000] {dag.py:4138} INFO - Setting next_dagrun for example_subdag_operator.section-1 to None, run_after=None
[2024-09-06T06:06:17.859+0000] {logging_mixin.py:190} INFO - [2024-09-06T06:06:17.859+0000] {dag.py:4138} INFO - Setting next_dagrun for example_subdag_operator.section-2 to None, run_after=None
[2024-09-06T06:06:17.872+0000] {logging_mixin.py:190} INFO - [2024-09-06T06:06:17.871+0000] {dag.py:3211} INFO - Sync 2 DAGs
[2024-09-06T06:06:17.881+0000] {logging_mixin.py:190} INFO - [2024-09-06T06:06:17.880+0000] {dag.py:4138} INFO - Setting next_dagrun for example_subdag_operator.section-1 to None, run_after=None
[2024-09-06T06:06:17.882+0000] {logging_mixin.py:190} INFO - [2024-09-06T06:06:17.881+0000] {dag.py:4138} INFO - Setting next_dagrun for example_subdag_operator.section-2 to None, run_after=None
[2024-09-06T06:06:17.899+0000] {processor.py:208} INFO - Processing /home/airflow/.local/lib/python3.12/site-packages/airflow/example_dags/example_subdag_operator.py took 0.217 seconds
[2024-09-06T06:06:48.164+0000] {processor.py:186} INFO - Started process (PID=1711) to work on /home/airflow/.local/lib/python3.12/site-packages/airflow/example_dags/example_subdag_operator.py
[2024-09-06T06:06:48.166+0000] {processor.py:914} INFO - Processing file /home/airflow/.local/lib/python3.12/site-packages/airflow/example_dags/example_subdag_operator.py for tasks to queue
[2024-09-06T06:06:48.173+0000] {logging_mixin.py:190} INFO - [2024-09-06T06:06:48.172+0000] {dagbag.py:587} INFO - Filling up the DagBag from /home/airflow/.local/lib/python3.12/site-packages/airflow/example_dags/example_subdag_operator.py
[2024-09-06T06:06:48.234+0000] {processor.py:925} INFO - DAG(s) 'example_subdag_operator.section-1', 'example_subdag_operator.section-2', 'example_subdag_operator' retrieved from /home/airflow/.local/lib/python3.12/site-packages/airflow/example_dags/example_subdag_operator.py
[2024-09-06T06:06:48.267+0000] {logging_mixin.py:190} INFO - [2024-09-06T06:06:48.267+0000] {dag.py:3211} INFO - Sync 3 DAGs
[2024-09-06T06:06:48.311+0000] {logging_mixin.py:190} INFO - [2024-09-06T06:06:48.311+0000] {dag.py:4138} INFO - Setting next_dagrun for example_subdag_operator to 2022-01-01 00:00:00+00:00, run_after=2022-01-01 00:00:00+00:00
[2024-09-06T06:06:48.318+0000] {logging_mixin.py:190} INFO - [2024-09-06T06:06:48.318+0000] {dag.py:4138} INFO - Setting next_dagrun for example_subdag_operator.section-1 to None, run_after=None
[2024-09-06T06:06:48.321+0000] {logging_mixin.py:190} INFO - [2024-09-06T06:06:48.321+0000] {dag.py:4138} INFO - Setting next_dagrun for example_subdag_operator.section-2 to None, run_after=None
[2024-09-06T06:06:48.335+0000] {logging_mixin.py:190} INFO - [2024-09-06T06:06:48.334+0000] {dag.py:3211} INFO - Sync 2 DAGs
[2024-09-06T06:06:48.348+0000] {logging_mixin.py:190} INFO - [2024-09-06T06:06:48.347+0000] {dag.py:4138} INFO - Setting next_dagrun for example_subdag_operator.section-1 to None, run_after=None
[2024-09-06T06:06:48.349+0000] {logging_mixin.py:190} INFO - [2024-09-06T06:06:48.349+0000] {dag.py:4138} INFO - Setting next_dagrun for example_subdag_operator.section-2 to None, run_after=None
[2024-09-06T06:06:48.370+0000] {processor.py:208} INFO - Processing /home/airflow/.local/lib/python3.12/site-packages/airflow/example_dags/example_subdag_operator.py took 0.217 seconds
[2024-09-06T06:07:19.127+0000] {processor.py:186} INFO - Started process (PID=1774) to work on /home/airflow/.local/lib/python3.12/site-packages/airflow/example_dags/example_subdag_operator.py
[2024-09-06T06:07:19.130+0000] {processor.py:914} INFO - Processing file /home/airflow/.local/lib/python3.12/site-packages/airflow/example_dags/example_subdag_operator.py for tasks to queue
[2024-09-06T06:07:19.136+0000] {logging_mixin.py:190} INFO - [2024-09-06T06:07:19.135+0000] {dagbag.py:587} INFO - Filling up the DagBag from /home/airflow/.local/lib/python3.12/site-packages/airflow/example_dags/example_subdag_operator.py
[2024-09-06T06:07:19.201+0000] {processor.py:925} INFO - DAG(s) 'example_subdag_operator.section-1', 'example_subdag_operator.section-2', 'example_subdag_operator' retrieved from /home/airflow/.local/lib/python3.12/site-packages/airflow/example_dags/example_subdag_operator.py
[2024-09-06T06:07:19.232+0000] {logging_mixin.py:190} INFO - [2024-09-06T06:07:19.232+0000] {dag.py:3211} INFO - Sync 3 DAGs
[2024-09-06T06:07:19.282+0000] {logging_mixin.py:190} INFO - [2024-09-06T06:07:19.281+0000] {dag.py:4138} INFO - Setting next_dagrun for example_subdag_operator to 2022-01-01 00:00:00+00:00, run_after=2022-01-01 00:00:00+00:00
[2024-09-06T06:07:19.290+0000] {logging_mixin.py:190} INFO - [2024-09-06T06:07:19.290+0000] {dag.py:4138} INFO - Setting next_dagrun for example_subdag_operator.section-1 to None, run_after=None
[2024-09-06T06:07:19.293+0000] {logging_mixin.py:190} INFO - [2024-09-06T06:07:19.293+0000] {dag.py:4138} INFO - Setting next_dagrun for example_subdag_operator.section-2 to None, run_after=None
[2024-09-06T06:07:19.310+0000] {logging_mixin.py:190} INFO - [2024-09-06T06:07:19.310+0000] {dag.py:3211} INFO - Sync 2 DAGs
[2024-09-06T06:07:19.321+0000] {logging_mixin.py:190} INFO - [2024-09-06T06:07:19.321+0000] {dag.py:4138} INFO - Setting next_dagrun for example_subdag_operator.section-1 to None, run_after=None
[2024-09-06T06:07:19.322+0000] {logging_mixin.py:190} INFO - [2024-09-06T06:07:19.322+0000] {dag.py:4138} INFO - Setting next_dagrun for example_subdag_operator.section-2 to None, run_after=None
[2024-09-06T06:07:19.344+0000] {processor.py:208} INFO - Processing /home/airflow/.local/lib/python3.12/site-packages/airflow/example_dags/example_subdag_operator.py took 0.232 seconds
[2024-09-06T06:07:49.706+0000] {processor.py:186} INFO - Started process (PID=1837) to work on /home/airflow/.local/lib/python3.12/site-packages/airflow/example_dags/example_subdag_operator.py
[2024-09-06T06:07:49.708+0000] {processor.py:914} INFO - Processing file /home/airflow/.local/lib/python3.12/site-packages/airflow/example_dags/example_subdag_operator.py for tasks to queue
[2024-09-06T06:07:49.713+0000] {logging_mixin.py:190} INFO - [2024-09-06T06:07:49.712+0000] {dagbag.py:587} INFO - Filling up the DagBag from /home/airflow/.local/lib/python3.12/site-packages/airflow/example_dags/example_subdag_operator.py
[2024-09-06T06:07:49.768+0000] {processor.py:925} INFO - DAG(s) 'example_subdag_operator.section-1', 'example_subdag_operator.section-2', 'example_subdag_operator' retrieved from /home/airflow/.local/lib/python3.12/site-packages/airflow/example_dags/example_subdag_operator.py
[2024-09-06T06:07:49.799+0000] {logging_mixin.py:190} INFO - [2024-09-06T06:07:49.798+0000] {dag.py:3211} INFO - Sync 3 DAGs
[2024-09-06T06:07:49.846+0000] {logging_mixin.py:190} INFO - [2024-09-06T06:07:49.846+0000] {dag.py:4138} INFO - Setting next_dagrun for example_subdag_operator to 2022-01-01 00:00:00+00:00, run_after=2022-01-01 00:00:00+00:00
[2024-09-06T06:07:49.854+0000] {logging_mixin.py:190} INFO - [2024-09-06T06:07:49.854+0000] {dag.py:4138} INFO - Setting next_dagrun for example_subdag_operator.section-1 to None, run_after=None
[2024-09-06T06:07:49.858+0000] {logging_mixin.py:190} INFO - [2024-09-06T06:07:49.857+0000] {dag.py:4138} INFO - Setting next_dagrun for example_subdag_operator.section-2 to None, run_after=None
[2024-09-06T06:07:49.874+0000] {logging_mixin.py:190} INFO - [2024-09-06T06:07:49.874+0000] {dag.py:3211} INFO - Sync 2 DAGs
[2024-09-06T06:07:49.887+0000] {logging_mixin.py:190} INFO - [2024-09-06T06:07:49.887+0000] {dag.py:4138} INFO - Setting next_dagrun for example_subdag_operator.section-1 to None, run_after=None
[2024-09-06T06:07:49.889+0000] {logging_mixin.py:190} INFO - [2024-09-06T06:07:49.889+0000] {dag.py:4138} INFO - Setting next_dagrun for example_subdag_operator.section-2 to None, run_after=None
[2024-09-06T06:07:49.920+0000] {processor.py:208} INFO - Processing /home/airflow/.local/lib/python3.12/site-packages/airflow/example_dags/example_subdag_operator.py took 0.228 seconds
[2024-09-06T06:08:20.122+0000] {processor.py:186} INFO - Started process (PID=1900) to work on /home/airflow/.local/lib/python3.12/site-packages/airflow/example_dags/example_subdag_operator.py
[2024-09-06T06:08:20.124+0000] {processor.py:914} INFO - Processing file /home/airflow/.local/lib/python3.12/site-packages/airflow/example_dags/example_subdag_operator.py for tasks to queue
[2024-09-06T06:08:20.129+0000] {logging_mixin.py:190} INFO - [2024-09-06T06:08:20.128+0000] {dagbag.py:587} INFO - Filling up the DagBag from /home/airflow/.local/lib/python3.12/site-packages/airflow/example_dags/example_subdag_operator.py
[2024-09-06T06:08:20.176+0000] {processor.py:925} INFO - DAG(s) 'example_subdag_operator.section-1', 'example_subdag_operator.section-2', 'example_subdag_operator' retrieved from /home/airflow/.local/lib/python3.12/site-packages/airflow/example_dags/example_subdag_operator.py
[2024-09-06T06:08:20.204+0000] {logging_mixin.py:190} INFO - [2024-09-06T06:08:20.204+0000] {dag.py:3211} INFO - Sync 3 DAGs
[2024-09-06T06:08:20.256+0000] {logging_mixin.py:190} INFO - [2024-09-06T06:08:20.256+0000] {dag.py:4138} INFO - Setting next_dagrun for example_subdag_operator to 2022-01-01 00:00:00+00:00, run_after=2022-01-01 00:00:00+00:00
[2024-09-06T06:08:20.265+0000] {logging_mixin.py:190} INFO - [2024-09-06T06:08:20.264+0000] {dag.py:4138} INFO - Setting next_dagrun for example_subdag_operator.section-1 to None, run_after=None
[2024-09-06T06:08:20.268+0000] {logging_mixin.py:190} INFO - [2024-09-06T06:08:20.268+0000] {dag.py:4138} INFO - Setting next_dagrun for example_subdag_operator.section-2 to None, run_after=None
[2024-09-06T06:08:20.285+0000] {logging_mixin.py:190} INFO - [2024-09-06T06:08:20.284+0000] {dag.py:3211} INFO - Sync 2 DAGs
[2024-09-06T06:08:20.296+0000] {logging_mixin.py:190} INFO - [2024-09-06T06:08:20.296+0000] {dag.py:4138} INFO - Setting next_dagrun for example_subdag_operator.section-1 to None, run_after=None
[2024-09-06T06:08:20.297+0000] {logging_mixin.py:190} INFO - [2024-09-06T06:08:20.297+0000] {dag.py:4138} INFO - Setting next_dagrun for example_subdag_operator.section-2 to None, run_after=None
[2024-09-06T06:08:20.319+0000] {processor.py:208} INFO - Processing /home/airflow/.local/lib/python3.12/site-packages/airflow/example_dags/example_subdag_operator.py took 0.209 seconds
[2024-09-06T06:08:50.726+0000] {processor.py:186} INFO - Started process (PID=1962) to work on /home/airflow/.local/lib/python3.12/site-packages/airflow/example_dags/example_subdag_operator.py
[2024-09-06T06:08:50.729+0000] {processor.py:914} INFO - Processing file /home/airflow/.local/lib/python3.12/site-packages/airflow/example_dags/example_subdag_operator.py for tasks to queue
[2024-09-06T06:08:50.742+0000] {logging_mixin.py:190} INFO - [2024-09-06T06:08:50.740+0000] {dagbag.py:587} INFO - Filling up the DagBag from /home/airflow/.local/lib/python3.12/site-packages/airflow/example_dags/example_subdag_operator.py
[2024-09-06T06:08:50.808+0000] {processor.py:925} INFO - DAG(s) 'example_subdag_operator.section-1', 'example_subdag_operator.section-2', 'example_subdag_operator' retrieved from /home/airflow/.local/lib/python3.12/site-packages/airflow/example_dags/example_subdag_operator.py
[2024-09-06T06:08:50.840+0000] {logging_mixin.py:190} INFO - [2024-09-06T06:08:50.840+0000] {dag.py:3211} INFO - Sync 3 DAGs
[2024-09-06T06:08:50.888+0000] {logging_mixin.py:190} INFO - [2024-09-06T06:08:50.888+0000] {dag.py:4138} INFO - Setting next_dagrun for example_subdag_operator to 2022-01-01 00:00:00+00:00, run_after=2022-01-01 00:00:00+00:00
[2024-09-06T06:08:50.896+0000] {logging_mixin.py:190} INFO - [2024-09-06T06:08:50.895+0000] {dag.py:4138} INFO - Setting next_dagrun for example_subdag_operator.section-1 to None, run_after=None
[2024-09-06T06:08:50.898+0000] {logging_mixin.py:190} INFO - [2024-09-06T06:08:50.898+0000] {dag.py:4138} INFO - Setting next_dagrun for example_subdag_operator.section-2 to None, run_after=None
[2024-09-06T06:08:50.913+0000] {logging_mixin.py:190} INFO - [2024-09-06T06:08:50.912+0000] {dag.py:3211} INFO - Sync 2 DAGs
[2024-09-06T06:08:50.925+0000] {logging_mixin.py:190} INFO - [2024-09-06T06:08:50.925+0000] {dag.py:4138} INFO - Setting next_dagrun for example_subdag_operator.section-1 to None, run_after=None
[2024-09-06T06:08:50.926+0000] {logging_mixin.py:190} INFO - [2024-09-06T06:08:50.926+0000] {dag.py:4138} INFO - Setting next_dagrun for example_subdag_operator.section-2 to None, run_after=None
[2024-09-06T06:08:50.951+0000] {processor.py:208} INFO - Processing /home/airflow/.local/lib/python3.12/site-packages/airflow/example_dags/example_subdag_operator.py took 0.254 seconds
[2024-09-06T06:09:21.062+0000] {processor.py:186} INFO - Started process (PID=2025) to work on /home/airflow/.local/lib/python3.12/site-packages/airflow/example_dags/example_subdag_operator.py
[2024-09-06T06:09:21.063+0000] {processor.py:914} INFO - Processing file /home/airflow/.local/lib/python3.12/site-packages/airflow/example_dags/example_subdag_operator.py for tasks to queue
[2024-09-06T06:09:21.068+0000] {logging_mixin.py:190} INFO - [2024-09-06T06:09:21.067+0000] {dagbag.py:587} INFO - Filling up the DagBag from /home/airflow/.local/lib/python3.12/site-packages/airflow/example_dags/example_subdag_operator.py
[2024-09-06T06:09:21.113+0000] {processor.py:925} INFO - DAG(s) 'example_subdag_operator.section-1', 'example_subdag_operator.section-2', 'example_subdag_operator' retrieved from /home/airflow/.local/lib/python3.12/site-packages/airflow/example_dags/example_subdag_operator.py
[2024-09-06T06:09:21.141+0000] {logging_mixin.py:190} INFO - [2024-09-06T06:09:21.140+0000] {dag.py:3211} INFO - Sync 3 DAGs
[2024-09-06T06:09:21.182+0000] {logging_mixin.py:190} INFO - [2024-09-06T06:09:21.182+0000] {dag.py:4138} INFO - Setting next_dagrun for example_subdag_operator to 2022-01-01 00:00:00+00:00, run_after=2022-01-01 00:00:00+00:00
[2024-09-06T06:09:21.189+0000] {logging_mixin.py:190} INFO - [2024-09-06T06:09:21.189+0000] {dag.py:4138} INFO - Setting next_dagrun for example_subdag_operator.section-1 to None, run_after=None
[2024-09-06T06:09:21.192+0000] {logging_mixin.py:190} INFO - [2024-09-06T06:09:21.191+0000] {dag.py:4138} INFO - Setting next_dagrun for example_subdag_operator.section-2 to None, run_after=None
[2024-09-06T06:09:21.204+0000] {logging_mixin.py:190} INFO - [2024-09-06T06:09:21.203+0000] {dag.py:3211} INFO - Sync 2 DAGs
[2024-09-06T06:09:21.213+0000] {logging_mixin.py:190} INFO - [2024-09-06T06:09:21.213+0000] {dag.py:4138} INFO - Setting next_dagrun for example_subdag_operator.section-1 to None, run_after=None
[2024-09-06T06:09:21.214+0000] {logging_mixin.py:190} INFO - [2024-09-06T06:09:21.214+0000] {dag.py:4138} INFO - Setting next_dagrun for example_subdag_operator.section-2 to None, run_after=None
[2024-09-06T06:09:21.232+0000] {processor.py:208} INFO - Processing /home/airflow/.local/lib/python3.12/site-packages/airflow/example_dags/example_subdag_operator.py took 0.181 seconds
[2024-09-06T06:09:51.656+0000] {processor.py:186} INFO - Started process (PID=2089) to work on /home/airflow/.local/lib/python3.12/site-packages/airflow/example_dags/example_subdag_operator.py
[2024-09-06T06:09:51.660+0000] {processor.py:914} INFO - Processing file /home/airflow/.local/lib/python3.12/site-packages/airflow/example_dags/example_subdag_operator.py for tasks to queue
[2024-09-06T06:09:51.665+0000] {logging_mixin.py:190} INFO - [2024-09-06T06:09:51.664+0000] {dagbag.py:587} INFO - Filling up the DagBag from /home/airflow/.local/lib/python3.12/site-packages/airflow/example_dags/example_subdag_operator.py
[2024-09-06T06:09:51.767+0000] {processor.py:925} INFO - DAG(s) 'example_subdag_operator.section-1', 'example_subdag_operator.section-2', 'example_subdag_operator' retrieved from /home/airflow/.local/lib/python3.12/site-packages/airflow/example_dags/example_subdag_operator.py
[2024-09-06T06:09:51.814+0000] {logging_mixin.py:190} INFO - [2024-09-06T06:09:51.814+0000] {dag.py:3211} INFO - Sync 3 DAGs
[2024-09-06T06:09:51.872+0000] {logging_mixin.py:190} INFO - [2024-09-06T06:09:51.872+0000] {dag.py:4138} INFO - Setting next_dagrun for example_subdag_operator to 2022-01-01 00:00:00+00:00, run_after=2022-01-01 00:00:00+00:00
[2024-09-06T06:09:51.884+0000] {logging_mixin.py:190} INFO - [2024-09-06T06:09:51.883+0000] {dag.py:4138} INFO - Setting next_dagrun for example_subdag_operator.section-1 to None, run_after=None
[2024-09-06T06:09:51.887+0000] {logging_mixin.py:190} INFO - [2024-09-06T06:09:51.887+0000] {dag.py:4138} INFO - Setting next_dagrun for example_subdag_operator.section-2 to None, run_after=None
[2024-09-06T06:09:51.905+0000] {logging_mixin.py:190} INFO - [2024-09-06T06:09:51.904+0000] {dag.py:3211} INFO - Sync 2 DAGs
[2024-09-06T06:09:51.918+0000] {logging_mixin.py:190} INFO - [2024-09-06T06:09:51.917+0000] {dag.py:4138} INFO - Setting next_dagrun for example_subdag_operator.section-1 to None, run_after=None
[2024-09-06T06:09:51.919+0000] {logging_mixin.py:190} INFO - [2024-09-06T06:09:51.919+0000] {dag.py:4138} INFO - Setting next_dagrun for example_subdag_operator.section-2 to None, run_after=None
[2024-09-06T06:09:51.943+0000] {processor.py:208} INFO - Processing /home/airflow/.local/lib/python3.12/site-packages/airflow/example_dags/example_subdag_operator.py took 0.307 seconds
[2024-09-06T06:10:22.835+0000] {processor.py:186} INFO - Started process (PID=2152) to work on /home/airflow/.local/lib/python3.12/site-packages/airflow/example_dags/example_subdag_operator.py
[2024-09-06T06:10:22.837+0000] {processor.py:914} INFO - Processing file /home/airflow/.local/lib/python3.12/site-packages/airflow/example_dags/example_subdag_operator.py for tasks to queue
[2024-09-06T06:10:22.842+0000] {logging_mixin.py:190} INFO - [2024-09-06T06:10:22.842+0000] {dagbag.py:587} INFO - Filling up the DagBag from /home/airflow/.local/lib/python3.12/site-packages/airflow/example_dags/example_subdag_operator.py
[2024-09-06T06:10:22.895+0000] {processor.py:925} INFO - DAG(s) 'example_subdag_operator.section-1', 'example_subdag_operator.section-2', 'example_subdag_operator' retrieved from /home/airflow/.local/lib/python3.12/site-packages/airflow/example_dags/example_subdag_operator.py
[2024-09-06T06:10:22.926+0000] {logging_mixin.py:190} INFO - [2024-09-06T06:10:22.926+0000] {dag.py:3211} INFO - Sync 3 DAGs
[2024-09-06T06:10:22.972+0000] {logging_mixin.py:190} INFO - [2024-09-06T06:10:22.971+0000] {dag.py:4138} INFO - Setting next_dagrun for example_subdag_operator to 2022-01-01 00:00:00+00:00, run_after=2022-01-01 00:00:00+00:00
[2024-09-06T06:10:22.979+0000] {logging_mixin.py:190} INFO - [2024-09-06T06:10:22.979+0000] {dag.py:4138} INFO - Setting next_dagrun for example_subdag_operator.section-1 to None, run_after=None
[2024-09-06T06:10:22.981+0000] {logging_mixin.py:190} INFO - [2024-09-06T06:10:22.981+0000] {dag.py:4138} INFO - Setting next_dagrun for example_subdag_operator.section-2 to None, run_after=None
[2024-09-06T06:10:22.995+0000] {logging_mixin.py:190} INFO - [2024-09-06T06:10:22.994+0000] {dag.py:3211} INFO - Sync 2 DAGs
[2024-09-06T06:10:23.005+0000] {logging_mixin.py:190} INFO - [2024-09-06T06:10:23.004+0000] {dag.py:4138} INFO - Setting next_dagrun for example_subdag_operator.section-1 to None, run_after=None
[2024-09-06T06:10:23.006+0000] {logging_mixin.py:190} INFO - [2024-09-06T06:10:23.006+0000] {dag.py:4138} INFO - Setting next_dagrun for example_subdag_operator.section-2 to None, run_after=None
[2024-09-06T06:10:23.026+0000] {processor.py:208} INFO - Processing /home/airflow/.local/lib/python3.12/site-packages/airflow/example_dags/example_subdag_operator.py took 0.202 seconds
[2024-09-06T06:10:53.644+0000] {processor.py:186} INFO - Started process (PID=2215) to work on /home/airflow/.local/lib/python3.12/site-packages/airflow/example_dags/example_subdag_operator.py
[2024-09-06T06:10:53.646+0000] {processor.py:914} INFO - Processing file /home/airflow/.local/lib/python3.12/site-packages/airflow/example_dags/example_subdag_operator.py for tasks to queue
[2024-09-06T06:10:53.652+0000] {logging_mixin.py:190} INFO - [2024-09-06T06:10:53.651+0000] {dagbag.py:587} INFO - Filling up the DagBag from /home/airflow/.local/lib/python3.12/site-packages/airflow/example_dags/example_subdag_operator.py
[2024-09-06T06:10:53.708+0000] {processor.py:925} INFO - DAG(s) 'example_subdag_operator.section-1', 'example_subdag_operator.section-2', 'example_subdag_operator' retrieved from /home/airflow/.local/lib/python3.12/site-packages/airflow/example_dags/example_subdag_operator.py
[2024-09-06T06:10:53.739+0000] {logging_mixin.py:190} INFO - [2024-09-06T06:10:53.739+0000] {dag.py:3211} INFO - Sync 3 DAGs
[2024-09-06T06:10:53.788+0000] {logging_mixin.py:190} INFO - [2024-09-06T06:10:53.787+0000] {dag.py:4138} INFO - Setting next_dagrun for example_subdag_operator to 2022-01-01 00:00:00+00:00, run_after=2022-01-01 00:00:00+00:00
[2024-09-06T06:10:53.797+0000] {logging_mixin.py:190} INFO - [2024-09-06T06:10:53.797+0000] {dag.py:4138} INFO - Setting next_dagrun for example_subdag_operator.section-1 to None, run_after=None
[2024-09-06T06:10:53.801+0000] {logging_mixin.py:190} INFO - [2024-09-06T06:10:53.801+0000] {dag.py:4138} INFO - Setting next_dagrun for example_subdag_operator.section-2 to None, run_after=None
[2024-09-06T06:10:53.825+0000] {logging_mixin.py:190} INFO - [2024-09-06T06:10:53.824+0000] {dag.py:3211} INFO - Sync 2 DAGs
[2024-09-06T06:10:53.837+0000] {logging_mixin.py:190} INFO - [2024-09-06T06:10:53.836+0000] {dag.py:4138} INFO - Setting next_dagrun for example_subdag_operator.section-1 to None, run_after=None
[2024-09-06T06:10:53.838+0000] {logging_mixin.py:190} INFO - [2024-09-06T06:10:53.837+0000] {dag.py:4138} INFO - Setting next_dagrun for example_subdag_operator.section-2 to None, run_after=None
[2024-09-06T06:10:53.870+0000] {processor.py:208} INFO - Processing /home/airflow/.local/lib/python3.12/site-packages/airflow/example_dags/example_subdag_operator.py took 0.241 seconds
[2024-09-06T06:11:25.020+0000] {processor.py:186} INFO - Started process (PID=2278) to work on /home/airflow/.local/lib/python3.12/site-packages/airflow/example_dags/example_subdag_operator.py
[2024-09-06T06:11:25.022+0000] {processor.py:914} INFO - Processing file /home/airflow/.local/lib/python3.12/site-packages/airflow/example_dags/example_subdag_operator.py for tasks to queue
[2024-09-06T06:11:25.027+0000] {logging_mixin.py:190} INFO - [2024-09-06T06:11:25.027+0000] {dagbag.py:587} INFO - Filling up the DagBag from /home/airflow/.local/lib/python3.12/site-packages/airflow/example_dags/example_subdag_operator.py
[2024-09-06T06:11:25.079+0000] {processor.py:925} INFO - DAG(s) 'example_subdag_operator.section-1', 'example_subdag_operator.section-2', 'example_subdag_operator' retrieved from /home/airflow/.local/lib/python3.12/site-packages/airflow/example_dags/example_subdag_operator.py
[2024-09-06T06:11:25.109+0000] {logging_mixin.py:190} INFO - [2024-09-06T06:11:25.108+0000] {dag.py:3211} INFO - Sync 3 DAGs
[2024-09-06T06:11:25.160+0000] {logging_mixin.py:190} INFO - [2024-09-06T06:11:25.160+0000] {dag.py:4138} INFO - Setting next_dagrun for example_subdag_operator to 2022-01-01 00:00:00+00:00, run_after=2022-01-01 00:00:00+00:00
[2024-09-06T06:11:25.168+0000] {logging_mixin.py:190} INFO - [2024-09-06T06:11:25.168+0000] {dag.py:4138} INFO - Setting next_dagrun for example_subdag_operator.section-1 to None, run_after=None
[2024-09-06T06:11:25.171+0000] {logging_mixin.py:190} INFO - [2024-09-06T06:11:25.171+0000] {dag.py:4138} INFO - Setting next_dagrun for example_subdag_operator.section-2 to None, run_after=None
[2024-09-06T06:11:25.186+0000] {logging_mixin.py:190} INFO - [2024-09-06T06:11:25.185+0000] {dag.py:3211} INFO - Sync 2 DAGs
[2024-09-06T06:11:25.196+0000] {logging_mixin.py:190} INFO - [2024-09-06T06:11:25.195+0000] {dag.py:4138} INFO - Setting next_dagrun for example_subdag_operator.section-1 to None, run_after=None
[2024-09-06T06:11:25.197+0000] {logging_mixin.py:190} INFO - [2024-09-06T06:11:25.197+0000] {dag.py:4138} INFO - Setting next_dagrun for example_subdag_operator.section-2 to None, run_after=None
[2024-09-06T06:11:25.219+0000] {processor.py:208} INFO - Processing /home/airflow/.local/lib/python3.12/site-packages/airflow/example_dags/example_subdag_operator.py took 0.211 seconds
[2024-09-06T06:11:56.434+0000] {processor.py:186} INFO - Started process (PID=2347) to work on /home/airflow/.local/lib/python3.12/site-packages/airflow/example_dags/example_subdag_operator.py
[2024-09-06T06:11:56.437+0000] {processor.py:914} INFO - Processing file /home/airflow/.local/lib/python3.12/site-packages/airflow/example_dags/example_subdag_operator.py for tasks to queue
[2024-09-06T06:11:56.444+0000] {logging_mixin.py:190} INFO - [2024-09-06T06:11:56.443+0000] {dagbag.py:587} INFO - Filling up the DagBag from /home/airflow/.local/lib/python3.12/site-packages/airflow/example_dags/example_subdag_operator.py
[2024-09-06T06:11:56.520+0000] {processor.py:925} INFO - DAG(s) 'example_subdag_operator.section-1', 'example_subdag_operator.section-2', 'example_subdag_operator' retrieved from /home/airflow/.local/lib/python3.12/site-packages/airflow/example_dags/example_subdag_operator.py
[2024-09-06T06:11:56.554+0000] {logging_mixin.py:190} INFO - [2024-09-06T06:11:56.553+0000] {dag.py:3211} INFO - Sync 3 DAGs
[2024-09-06T06:11:56.609+0000] {logging_mixin.py:190} INFO - [2024-09-06T06:11:56.608+0000] {dag.py:4138} INFO - Setting next_dagrun for example_subdag_operator to 2022-01-01 00:00:00+00:00, run_after=2022-01-01 00:00:00+00:00
[2024-09-06T06:11:56.636+0000] {logging_mixin.py:190} INFO - [2024-09-06T06:11:56.636+0000] {dag.py:4138} INFO - Setting next_dagrun for example_subdag_operator.section-1 to None, run_after=None
[2024-09-06T06:11:56.643+0000] {logging_mixin.py:190} INFO - [2024-09-06T06:11:56.641+0000] {dag.py:4138} INFO - Setting next_dagrun for example_subdag_operator.section-2 to None, run_after=None
[2024-09-06T06:11:56.674+0000] {logging_mixin.py:190} INFO - [2024-09-06T06:11:56.673+0000] {dag.py:3211} INFO - Sync 2 DAGs
[2024-09-06T06:11:56.688+0000] {logging_mixin.py:190} INFO - [2024-09-06T06:11:56.688+0000] {dag.py:4138} INFO - Setting next_dagrun for example_subdag_operator.section-1 to None, run_after=None
[2024-09-06T06:11:56.690+0000] {logging_mixin.py:190} INFO - [2024-09-06T06:11:56.689+0000] {dag.py:4138} INFO - Setting next_dagrun for example_subdag_operator.section-2 to None, run_after=None
[2024-09-06T06:11:56.739+0000] {processor.py:208} INFO - Processing /home/airflow/.local/lib/python3.12/site-packages/airflow/example_dags/example_subdag_operator.py took 0.317 seconds
[2024-09-06T06:12:29.209+0000] {processor.py:186} INFO - Started process (PID=2411) to work on /home/airflow/.local/lib/python3.12/site-packages/airflow/example_dags/example_subdag_operator.py
[2024-09-06T06:12:29.211+0000] {processor.py:914} INFO - Processing file /home/airflow/.local/lib/python3.12/site-packages/airflow/example_dags/example_subdag_operator.py for tasks to queue
[2024-09-06T06:12:29.217+0000] {logging_mixin.py:190} INFO - [2024-09-06T06:12:29.216+0000] {dagbag.py:587} INFO - Filling up the DagBag from /home/airflow/.local/lib/python3.12/site-packages/airflow/example_dags/example_subdag_operator.py
[2024-09-06T06:12:29.342+0000] {processor.py:925} INFO - DAG(s) 'example_subdag_operator.section-1', 'example_subdag_operator.section-2', 'example_subdag_operator' retrieved from /home/airflow/.local/lib/python3.12/site-packages/airflow/example_dags/example_subdag_operator.py
[2024-09-06T06:12:29.402+0000] {logging_mixin.py:190} INFO - [2024-09-06T06:12:29.401+0000] {dag.py:3211} INFO - Sync 3 DAGs
[2024-09-06T06:12:29.486+0000] {logging_mixin.py:190} INFO - [2024-09-06T06:12:29.484+0000] {dag.py:4138} INFO - Setting next_dagrun for example_subdag_operator to 2022-01-01 00:00:00+00:00, run_after=2022-01-01 00:00:00+00:00
[2024-09-06T06:12:29.499+0000] {logging_mixin.py:190} INFO - [2024-09-06T06:12:29.498+0000] {dag.py:4138} INFO - Setting next_dagrun for example_subdag_operator.section-1 to None, run_after=None
[2024-09-06T06:12:29.502+0000] {logging_mixin.py:190} INFO - [2024-09-06T06:12:29.502+0000] {dag.py:4138} INFO - Setting next_dagrun for example_subdag_operator.section-2 to None, run_after=None
[2024-09-06T06:12:29.537+0000] {logging_mixin.py:190} INFO - [2024-09-06T06:12:29.536+0000] {dag.py:3211} INFO - Sync 2 DAGs
[2024-09-06T06:12:29.554+0000] {logging_mixin.py:190} INFO - [2024-09-06T06:12:29.553+0000] {dag.py:4138} INFO - Setting next_dagrun for example_subdag_operator.section-1 to None, run_after=None
[2024-09-06T06:12:29.555+0000] {logging_mixin.py:190} INFO - [2024-09-06T06:12:29.555+0000] {dag.py:4138} INFO - Setting next_dagrun for example_subdag_operator.section-2 to None, run_after=None
[2024-09-06T06:12:29.622+0000] {processor.py:208} INFO - Processing /home/airflow/.local/lib/python3.12/site-packages/airflow/example_dags/example_subdag_operator.py took 0.442 seconds
[2024-09-06T06:12:59.711+0000] {processor.py:186} INFO - Started process (PID=2480) to work on /home/airflow/.local/lib/python3.12/site-packages/airflow/example_dags/example_subdag_operator.py
[2024-09-06T06:12:59.713+0000] {processor.py:914} INFO - Processing file /home/airflow/.local/lib/python3.12/site-packages/airflow/example_dags/example_subdag_operator.py for tasks to queue
[2024-09-06T06:12:59.718+0000] {logging_mixin.py:190} INFO - [2024-09-06T06:12:59.717+0000] {dagbag.py:587} INFO - Filling up the DagBag from /home/airflow/.local/lib/python3.12/site-packages/airflow/example_dags/example_subdag_operator.py
[2024-09-06T06:12:59.770+0000] {processor.py:925} INFO - DAG(s) 'example_subdag_operator.section-1', 'example_subdag_operator.section-2', 'example_subdag_operator' retrieved from /home/airflow/.local/lib/python3.12/site-packages/airflow/example_dags/example_subdag_operator.py
[2024-09-06T06:12:59.802+0000] {logging_mixin.py:190} INFO - [2024-09-06T06:12:59.802+0000] {dag.py:3211} INFO - Sync 3 DAGs
[2024-09-06T06:12:59.854+0000] {logging_mixin.py:190} INFO - [2024-09-06T06:12:59.854+0000] {dag.py:4138} INFO - Setting next_dagrun for example_subdag_operator to 2022-01-01 00:00:00+00:00, run_after=2022-01-01 00:00:00+00:00
[2024-09-06T06:12:59.863+0000] {logging_mixin.py:190} INFO - [2024-09-06T06:12:59.863+0000] {dag.py:4138} INFO - Setting next_dagrun for example_subdag_operator.section-1 to None, run_after=None
[2024-09-06T06:12:59.867+0000] {logging_mixin.py:190} INFO - [2024-09-06T06:12:59.866+0000] {dag.py:4138} INFO - Setting next_dagrun for example_subdag_operator.section-2 to None, run_after=None
[2024-09-06T06:12:59.902+0000] {logging_mixin.py:190} INFO - [2024-09-06T06:12:59.901+0000] {dag.py:3211} INFO - Sync 2 DAGs
[2024-09-06T06:12:59.915+0000] {logging_mixin.py:190} INFO - [2024-09-06T06:12:59.914+0000] {dag.py:4138} INFO - Setting next_dagrun for example_subdag_operator.section-1 to None, run_after=None
[2024-09-06T06:12:59.916+0000] {logging_mixin.py:190} INFO - [2024-09-06T06:12:59.916+0000] {dag.py:4138} INFO - Setting next_dagrun for example_subdag_operator.section-2 to None, run_after=None
[2024-09-06T06:12:59.940+0000] {processor.py:208} INFO - Processing /home/airflow/.local/lib/python3.12/site-packages/airflow/example_dags/example_subdag_operator.py took 0.240 seconds
[2024-09-06T06:13:30.296+0000] {processor.py:186} INFO - Started process (PID=2560) to work on /home/airflow/.local/lib/python3.12/site-packages/airflow/example_dags/example_subdag_operator.py
[2024-09-06T06:13:30.298+0000] {processor.py:914} INFO - Processing file /home/airflow/.local/lib/python3.12/site-packages/airflow/example_dags/example_subdag_operator.py for tasks to queue
[2024-09-06T06:13:30.303+0000] {logging_mixin.py:190} INFO - [2024-09-06T06:13:30.303+0000] {dagbag.py:587} INFO - Filling up the DagBag from /home/airflow/.local/lib/python3.12/site-packages/airflow/example_dags/example_subdag_operator.py
[2024-09-06T06:13:30.415+0000] {processor.py:925} INFO - DAG(s) 'example_subdag_operator.section-1', 'example_subdag_operator.section-2', 'example_subdag_operator' retrieved from /home/airflow/.local/lib/python3.12/site-packages/airflow/example_dags/example_subdag_operator.py
[2024-09-06T06:13:30.482+0000] {logging_mixin.py:190} INFO - [2024-09-06T06:13:30.482+0000] {dag.py:3211} INFO - Sync 3 DAGs
[2024-09-06T06:13:30.656+0000] {logging_mixin.py:190} INFO - [2024-09-06T06:13:30.656+0000] {dag.py:4138} INFO - Setting next_dagrun for example_subdag_operator to 2022-01-01 00:00:00+00:00, run_after=2022-01-01 00:00:00+00:00
[2024-09-06T06:13:30.688+0000] {logging_mixin.py:190} INFO - [2024-09-06T06:13:30.688+0000] {dag.py:4138} INFO - Setting next_dagrun for example_subdag_operator.section-1 to None, run_after=None
[2024-09-06T06:13:30.712+0000] {logging_mixin.py:190} INFO - [2024-09-06T06:13:30.711+0000] {dag.py:4138} INFO - Setting next_dagrun for example_subdag_operator.section-2 to None, run_after=None
[2024-09-06T06:13:30.817+0000] {logging_mixin.py:190} INFO - [2024-09-06T06:13:30.817+0000] {dag.py:3211} INFO - Sync 2 DAGs
[2024-09-06T06:13:30.889+0000] {logging_mixin.py:190} INFO - [2024-09-06T06:13:30.888+0000] {dag.py:4138} INFO - Setting next_dagrun for example_subdag_operator.section-1 to None, run_after=None
[2024-09-06T06:13:30.896+0000] {logging_mixin.py:190} INFO - [2024-09-06T06:13:30.896+0000] {dag.py:4138} INFO - Setting next_dagrun for example_subdag_operator.section-2 to None, run_after=None
[2024-09-06T06:13:31.011+0000] {processor.py:208} INFO - Processing /home/airflow/.local/lib/python3.12/site-packages/airflow/example_dags/example_subdag_operator.py took 0.752 seconds
[2024-09-06T06:14:01.300+0000] {processor.py:186} INFO - Started process (PID=2626) to work on /home/airflow/.local/lib/python3.12/site-packages/airflow/example_dags/example_subdag_operator.py
[2024-09-06T06:14:01.302+0000] {processor.py:914} INFO - Processing file /home/airflow/.local/lib/python3.12/site-packages/airflow/example_dags/example_subdag_operator.py for tasks to queue
[2024-09-06T06:14:01.308+0000] {logging_mixin.py:190} INFO - [2024-09-06T06:14:01.307+0000] {dagbag.py:587} INFO - Filling up the DagBag from /home/airflow/.local/lib/python3.12/site-packages/airflow/example_dags/example_subdag_operator.py
[2024-09-06T06:14:01.424+0000] {processor.py:925} INFO - DAG(s) 'example_subdag_operator.section-1', 'example_subdag_operator.section-2', 'example_subdag_operator' retrieved from /home/airflow/.local/lib/python3.12/site-packages/airflow/example_dags/example_subdag_operator.py
[2024-09-06T06:14:01.478+0000] {logging_mixin.py:190} INFO - [2024-09-06T06:14:01.478+0000] {dag.py:3211} INFO - Sync 3 DAGs
[2024-09-06T06:14:01.595+0000] {logging_mixin.py:190} INFO - [2024-09-06T06:14:01.594+0000] {dag.py:4138} INFO - Setting next_dagrun for example_subdag_operator to 2022-01-01 00:00:00+00:00, run_after=2022-01-01 00:00:00+00:00
[2024-09-06T06:14:01.608+0000] {logging_mixin.py:190} INFO - [2024-09-06T06:14:01.608+0000] {dag.py:4138} INFO - Setting next_dagrun for example_subdag_operator.section-1 to None, run_after=None
[2024-09-06T06:14:01.612+0000] {logging_mixin.py:190} INFO - [2024-09-06T06:14:01.611+0000] {dag.py:4138} INFO - Setting next_dagrun for example_subdag_operator.section-2 to None, run_after=None
[2024-09-06T06:14:01.630+0000] {logging_mixin.py:190} INFO - [2024-09-06T06:14:01.629+0000] {dag.py:3211} INFO - Sync 2 DAGs
[2024-09-06T06:14:01.642+0000] {logging_mixin.py:190} INFO - [2024-09-06T06:14:01.641+0000] {dag.py:4138} INFO - Setting next_dagrun for example_subdag_operator.section-1 to None, run_after=None
[2024-09-06T06:14:01.643+0000] {logging_mixin.py:190} INFO - [2024-09-06T06:14:01.643+0000] {dag.py:4138} INFO - Setting next_dagrun for example_subdag_operator.section-2 to None, run_after=None
[2024-09-06T06:14:01.667+0000] {processor.py:208} INFO - Processing /home/airflow/.local/lib/python3.12/site-packages/airflow/example_dags/example_subdag_operator.py took 0.386 seconds
[2024-09-06T06:14:31.863+0000] {processor.py:186} INFO - Started process (PID=2700) to work on /home/airflow/.local/lib/python3.12/site-packages/airflow/example_dags/example_subdag_operator.py
[2024-09-06T06:14:31.867+0000] {processor.py:914} INFO - Processing file /home/airflow/.local/lib/python3.12/site-packages/airflow/example_dags/example_subdag_operator.py for tasks to queue
[2024-09-06T06:14:31.876+0000] {logging_mixin.py:190} INFO - [2024-09-06T06:14:31.875+0000] {dagbag.py:587} INFO - Filling up the DagBag from /home/airflow/.local/lib/python3.12/site-packages/airflow/example_dags/example_subdag_operator.py
[2024-09-06T06:14:31.963+0000] {processor.py:925} INFO - DAG(s) 'example_subdag_operator.section-1', 'example_subdag_operator.section-2', 'example_subdag_operator' retrieved from /home/airflow/.local/lib/python3.12/site-packages/airflow/example_dags/example_subdag_operator.py
[2024-09-06T06:14:32.000+0000] {logging_mixin.py:190} INFO - [2024-09-06T06:14:31.999+0000] {dag.py:3211} INFO - Sync 3 DAGs
[2024-09-06T06:14:32.064+0000] {logging_mixin.py:190} INFO - [2024-09-06T06:14:32.064+0000] {dag.py:4138} INFO - Setting next_dagrun for example_subdag_operator to 2022-01-01 00:00:00+00:00, run_after=2022-01-01 00:00:00+00:00
[2024-09-06T06:14:32.074+0000] {logging_mixin.py:190} INFO - [2024-09-06T06:14:32.073+0000] {dag.py:4138} INFO - Setting next_dagrun for example_subdag_operator.section-1 to None, run_after=None
[2024-09-06T06:14:32.077+0000] {logging_mixin.py:190} INFO - [2024-09-06T06:14:32.077+0000] {dag.py:4138} INFO - Setting next_dagrun for example_subdag_operator.section-2 to None, run_after=None
[2024-09-06T06:14:32.093+0000] {logging_mixin.py:190} INFO - [2024-09-06T06:14:32.093+0000] {dag.py:3211} INFO - Sync 2 DAGs
[2024-09-06T06:14:32.104+0000] {logging_mixin.py:190} INFO - [2024-09-06T06:14:32.104+0000] {dag.py:4138} INFO - Setting next_dagrun for example_subdag_operator.section-1 to None, run_after=None
[2024-09-06T06:14:32.106+0000] {logging_mixin.py:190} INFO - [2024-09-06T06:14:32.105+0000] {dag.py:4138} INFO - Setting next_dagrun for example_subdag_operator.section-2 to None, run_after=None
[2024-09-06T06:14:32.127+0000] {processor.py:208} INFO - Processing /home/airflow/.local/lib/python3.12/site-packages/airflow/example_dags/example_subdag_operator.py took 0.328 seconds
[2024-09-06T06:15:05.824+0000] {processor.py:186} INFO - Started process (PID=2761) to work on /home/airflow/.local/lib/python3.12/site-packages/airflow/example_dags/example_subdag_operator.py
[2024-09-06T06:15:05.839+0000] {processor.py:914} INFO - Processing file /home/airflow/.local/lib/python3.12/site-packages/airflow/example_dags/example_subdag_operator.py for tasks to queue
[2024-09-06T06:15:05.881+0000] {logging_mixin.py:190} INFO - [2024-09-06T06:15:05.880+0000] {dagbag.py:587} INFO - Filling up the DagBag from /home/airflow/.local/lib/python3.12/site-packages/airflow/example_dags/example_subdag_operator.py
[2024-09-06T06:15:06.105+0000] {processor.py:925} INFO - DAG(s) 'example_subdag_operator.section-1', 'example_subdag_operator.section-2', 'example_subdag_operator' retrieved from /home/airflow/.local/lib/python3.12/site-packages/airflow/example_dags/example_subdag_operator.py
[2024-09-06T06:15:06.249+0000] {logging_mixin.py:190} INFO - [2024-09-06T06:15:06.248+0000] {dag.py:3211} INFO - Sync 3 DAGs
[2024-09-06T06:15:06.475+0000] {logging_mixin.py:190} INFO - [2024-09-06T06:15:06.474+0000] {dag.py:4138} INFO - Setting next_dagrun for example_subdag_operator to 2022-01-01 00:00:00+00:00, run_after=2022-01-01 00:00:00+00:00
[2024-09-06T06:15:06.528+0000] {logging_mixin.py:190} INFO - [2024-09-06T06:15:06.527+0000] {dag.py:4138} INFO - Setting next_dagrun for example_subdag_operator.section-1 to None, run_after=None
[2024-09-06T06:15:06.547+0000] {logging_mixin.py:190} INFO - [2024-09-06T06:15:06.547+0000] {dag.py:4138} INFO - Setting next_dagrun for example_subdag_operator.section-2 to None, run_after=None
[2024-09-06T06:15:06.703+0000] {logging_mixin.py:190} INFO - [2024-09-06T06:15:06.703+0000] {dag.py:3211} INFO - Sync 2 DAGs
[2024-09-06T06:15:06.808+0000] {logging_mixin.py:190} INFO - [2024-09-06T06:15:06.807+0000] {dag.py:4138} INFO - Setting next_dagrun for example_subdag_operator.section-1 to None, run_after=None
[2024-09-06T06:15:06.816+0000] {logging_mixin.py:190} INFO - [2024-09-06T06:15:06.816+0000] {dag.py:4138} INFO - Setting next_dagrun for example_subdag_operator.section-2 to None, run_after=None
[2024-09-06T06:15:06.935+0000] {processor.py:208} INFO - Processing /home/airflow/.local/lib/python3.12/site-packages/airflow/example_dags/example_subdag_operator.py took 1.193 seconds
[2024-09-06T06:15:37.603+0000] {processor.py:186} INFO - Started process (PID=2827) to work on /home/airflow/.local/lib/python3.12/site-packages/airflow/example_dags/example_subdag_operator.py
[2024-09-06T06:15:37.605+0000] {processor.py:914} INFO - Processing file /home/airflow/.local/lib/python3.12/site-packages/airflow/example_dags/example_subdag_operator.py for tasks to queue
[2024-09-06T06:15:37.611+0000] {logging_mixin.py:190} INFO - [2024-09-06T06:15:37.610+0000] {dagbag.py:587} INFO - Filling up the DagBag from /home/airflow/.local/lib/python3.12/site-packages/airflow/example_dags/example_subdag_operator.py
[2024-09-06T06:15:37.657+0000] {processor.py:925} INFO - DAG(s) 'example_subdag_operator.section-1', 'example_subdag_operator.section-2', 'example_subdag_operator' retrieved from /home/airflow/.local/lib/python3.12/site-packages/airflow/example_dags/example_subdag_operator.py
[2024-09-06T06:15:37.684+0000] {logging_mixin.py:190} INFO - [2024-09-06T06:15:37.683+0000] {dag.py:3211} INFO - Sync 3 DAGs
[2024-09-06T06:15:37.727+0000] {logging_mixin.py:190} INFO - [2024-09-06T06:15:37.727+0000] {dag.py:4138} INFO - Setting next_dagrun for example_subdag_operator to 2022-01-01 00:00:00+00:00, run_after=2022-01-01 00:00:00+00:00
[2024-09-06T06:15:37.734+0000] {logging_mixin.py:190} INFO - [2024-09-06T06:15:37.733+0000] {dag.py:4138} INFO - Setting next_dagrun for example_subdag_operator.section-1 to None, run_after=None
[2024-09-06T06:15:37.736+0000] {logging_mixin.py:190} INFO - [2024-09-06T06:15:37.736+0000] {dag.py:4138} INFO - Setting next_dagrun for example_subdag_operator.section-2 to None, run_after=None
[2024-09-06T06:15:37.749+0000] {logging_mixin.py:190} INFO - [2024-09-06T06:15:37.748+0000] {dag.py:3211} INFO - Sync 2 DAGs
[2024-09-06T06:15:37.758+0000] {logging_mixin.py:190} INFO - [2024-09-06T06:15:37.758+0000] {dag.py:4138} INFO - Setting next_dagrun for example_subdag_operator.section-1 to None, run_after=None
[2024-09-06T06:15:37.759+0000] {logging_mixin.py:190} INFO - [2024-09-06T06:15:37.759+0000] {dag.py:4138} INFO - Setting next_dagrun for example_subdag_operator.section-2 to None, run_after=None
[2024-09-06T06:15:37.777+0000] {processor.py:208} INFO - Processing /home/airflow/.local/lib/python3.12/site-packages/airflow/example_dags/example_subdag_operator.py took 0.190 seconds
[2024-09-06T06:16:08.355+0000] {processor.py:186} INFO - Started process (PID=2893) to work on /home/airflow/.local/lib/python3.12/site-packages/airflow/example_dags/example_subdag_operator.py
[2024-09-06T06:16:08.358+0000] {processor.py:914} INFO - Processing file /home/airflow/.local/lib/python3.12/site-packages/airflow/example_dags/example_subdag_operator.py for tasks to queue
[2024-09-06T06:16:08.363+0000] {logging_mixin.py:190} INFO - [2024-09-06T06:16:08.362+0000] {dagbag.py:587} INFO - Filling up the DagBag from /home/airflow/.local/lib/python3.12/site-packages/airflow/example_dags/example_subdag_operator.py
[2024-09-06T06:16:08.413+0000] {processor.py:925} INFO - DAG(s) 'example_subdag_operator.section-1', 'example_subdag_operator.section-2', 'example_subdag_operator' retrieved from /home/airflow/.local/lib/python3.12/site-packages/airflow/example_dags/example_subdag_operator.py
[2024-09-06T06:16:08.440+0000] {logging_mixin.py:190} INFO - [2024-09-06T06:16:08.440+0000] {dag.py:3211} INFO - Sync 3 DAGs
[2024-09-06T06:16:08.487+0000] {logging_mixin.py:190} INFO - [2024-09-06T06:16:08.486+0000] {dag.py:4138} INFO - Setting next_dagrun for example_subdag_operator to 2022-01-01 00:00:00+00:00, run_after=2022-01-01 00:00:00+00:00
[2024-09-06T06:16:08.494+0000] {logging_mixin.py:190} INFO - [2024-09-06T06:16:08.494+0000] {dag.py:4138} INFO - Setting next_dagrun for example_subdag_operator.section-1 to None, run_after=None
[2024-09-06T06:16:08.497+0000] {logging_mixin.py:190} INFO - [2024-09-06T06:16:08.497+0000] {dag.py:4138} INFO - Setting next_dagrun for example_subdag_operator.section-2 to None, run_after=None
[2024-09-06T06:16:08.511+0000] {logging_mixin.py:190} INFO - [2024-09-06T06:16:08.510+0000] {dag.py:3211} INFO - Sync 2 DAGs
[2024-09-06T06:16:08.522+0000] {logging_mixin.py:190} INFO - [2024-09-06T06:16:08.521+0000] {dag.py:4138} INFO - Setting next_dagrun for example_subdag_operator.section-1 to None, run_after=None
[2024-09-06T06:16:08.523+0000] {logging_mixin.py:190} INFO - [2024-09-06T06:16:08.522+0000] {dag.py:4138} INFO - Setting next_dagrun for example_subdag_operator.section-2 to None, run_after=None
[2024-09-06T06:16:08.543+0000] {processor.py:208} INFO - Processing /home/airflow/.local/lib/python3.12/site-packages/airflow/example_dags/example_subdag_operator.py took 0.206 seconds
[2024-09-06T06:16:39.424+0000] {processor.py:186} INFO - Started process (PID=2959) to work on /home/airflow/.local/lib/python3.12/site-packages/airflow/example_dags/example_subdag_operator.py
[2024-09-06T06:16:39.427+0000] {processor.py:914} INFO - Processing file /home/airflow/.local/lib/python3.12/site-packages/airflow/example_dags/example_subdag_operator.py for tasks to queue
[2024-09-06T06:16:39.431+0000] {logging_mixin.py:190} INFO - [2024-09-06T06:16:39.431+0000] {dagbag.py:587} INFO - Filling up the DagBag from /home/airflow/.local/lib/python3.12/site-packages/airflow/example_dags/example_subdag_operator.py
[2024-09-06T06:16:39.475+0000] {processor.py:925} INFO - DAG(s) 'example_subdag_operator.section-1', 'example_subdag_operator.section-2', 'example_subdag_operator' retrieved from /home/airflow/.local/lib/python3.12/site-packages/airflow/example_dags/example_subdag_operator.py
[2024-09-06T06:16:39.502+0000] {logging_mixin.py:190} INFO - [2024-09-06T06:16:39.501+0000] {dag.py:3211} INFO - Sync 3 DAGs
[2024-09-06T06:16:39.543+0000] {logging_mixin.py:190} INFO - [2024-09-06T06:16:39.542+0000] {dag.py:4138} INFO - Setting next_dagrun for example_subdag_operator to 2022-01-01 00:00:00+00:00, run_after=2022-01-01 00:00:00+00:00
[2024-09-06T06:16:39.550+0000] {logging_mixin.py:190} INFO - [2024-09-06T06:16:39.549+0000] {dag.py:4138} INFO - Setting next_dagrun for example_subdag_operator.section-1 to None, run_after=None
[2024-09-06T06:16:39.553+0000] {logging_mixin.py:190} INFO - [2024-09-06T06:16:39.552+0000] {dag.py:4138} INFO - Setting next_dagrun for example_subdag_operator.section-2 to None, run_after=None
[2024-09-06T06:16:39.566+0000] {logging_mixin.py:190} INFO - [2024-09-06T06:16:39.565+0000] {dag.py:3211} INFO - Sync 2 DAGs
[2024-09-06T06:16:39.575+0000] {logging_mixin.py:190} INFO - [2024-09-06T06:16:39.575+0000] {dag.py:4138} INFO - Setting next_dagrun for example_subdag_operator.section-1 to None, run_after=None
[2024-09-06T06:16:39.576+0000] {logging_mixin.py:190} INFO - [2024-09-06T06:16:39.576+0000] {dag.py:4138} INFO - Setting next_dagrun for example_subdag_operator.section-2 to None, run_after=None
[2024-09-06T06:16:39.594+0000] {processor.py:208} INFO - Processing /home/airflow/.local/lib/python3.12/site-packages/airflow/example_dags/example_subdag_operator.py took 0.190 seconds
[2024-09-06T06:17:10.130+0000] {processor.py:186} INFO - Started process (PID=3025) to work on /home/airflow/.local/lib/python3.12/site-packages/airflow/example_dags/example_subdag_operator.py
[2024-09-06T06:17:10.132+0000] {processor.py:914} INFO - Processing file /home/airflow/.local/lib/python3.12/site-packages/airflow/example_dags/example_subdag_operator.py for tasks to queue
[2024-09-06T06:17:10.139+0000] {logging_mixin.py:190} INFO - [2024-09-06T06:17:10.138+0000] {dagbag.py:587} INFO - Filling up the DagBag from /home/airflow/.local/lib/python3.12/site-packages/airflow/example_dags/example_subdag_operator.py
[2024-09-06T06:17:10.199+0000] {processor.py:925} INFO - DAG(s) 'example_subdag_operator.section-1', 'example_subdag_operator.section-2', 'example_subdag_operator' retrieved from /home/airflow/.local/lib/python3.12/site-packages/airflow/example_dags/example_subdag_operator.py
[2024-09-06T06:17:10.235+0000] {logging_mixin.py:190} INFO - [2024-09-06T06:17:10.234+0000] {dag.py:3211} INFO - Sync 3 DAGs
[2024-09-06T06:17:10.293+0000] {logging_mixin.py:190} INFO - [2024-09-06T06:17:10.293+0000] {dag.py:4138} INFO - Setting next_dagrun for example_subdag_operator to 2022-01-01 00:00:00+00:00, run_after=2022-01-01 00:00:00+00:00
[2024-09-06T06:17:10.300+0000] {logging_mixin.py:190} INFO - [2024-09-06T06:17:10.300+0000] {dag.py:4138} INFO - Setting next_dagrun for example_subdag_operator.section-1 to None, run_after=None
[2024-09-06T06:17:10.306+0000] {logging_mixin.py:190} INFO - [2024-09-06T06:17:10.306+0000] {dag.py:4138} INFO - Setting next_dagrun for example_subdag_operator.section-2 to None, run_after=None
[2024-09-06T06:17:10.322+0000] {logging_mixin.py:190} INFO - [2024-09-06T06:17:10.321+0000] {dag.py:3211} INFO - Sync 2 DAGs
[2024-09-06T06:17:10.334+0000] {logging_mixin.py:190} INFO - [2024-09-06T06:17:10.334+0000] {dag.py:4138} INFO - Setting next_dagrun for example_subdag_operator.section-1 to None, run_after=None
[2024-09-06T06:17:10.339+0000] {logging_mixin.py:190} INFO - [2024-09-06T06:17:10.338+0000] {dag.py:4138} INFO - Setting next_dagrun for example_subdag_operator.section-2 to None, run_after=None
[2024-09-06T06:17:10.363+0000] {processor.py:208} INFO - Processing /home/airflow/.local/lib/python3.12/site-packages/airflow/example_dags/example_subdag_operator.py took 0.254 seconds
[2024-09-06T06:17:41.339+0000] {processor.py:186} INFO - Started process (PID=3091) to work on /home/airflow/.local/lib/python3.12/site-packages/airflow/example_dags/example_subdag_operator.py
[2024-09-06T06:17:41.343+0000] {processor.py:914} INFO - Processing file /home/airflow/.local/lib/python3.12/site-packages/airflow/example_dags/example_subdag_operator.py for tasks to queue
[2024-09-06T06:17:41.351+0000] {logging_mixin.py:190} INFO - [2024-09-06T06:17:41.349+0000] {dagbag.py:587} INFO - Filling up the DagBag from /home/airflow/.local/lib/python3.12/site-packages/airflow/example_dags/example_subdag_operator.py
[2024-09-06T06:17:41.452+0000] {processor.py:925} INFO - DAG(s) 'example_subdag_operator.section-1', 'example_subdag_operator.section-2', 'example_subdag_operator' retrieved from /home/airflow/.local/lib/python3.12/site-packages/airflow/example_dags/example_subdag_operator.py
[2024-09-06T06:17:41.494+0000] {logging_mixin.py:190} INFO - [2024-09-06T06:17:41.493+0000] {dag.py:3211} INFO - Sync 3 DAGs
[2024-09-06T06:17:42.032+0000] {logging_mixin.py:190} INFO - [2024-09-06T06:17:42.031+0000] {dag.py:4138} INFO - Setting next_dagrun for example_subdag_operator to 2022-01-01 00:00:00+00:00, run_after=2022-01-01 00:00:00+00:00
[2024-09-06T06:17:42.052+0000] {logging_mixin.py:190} INFO - [2024-09-06T06:17:42.051+0000] {dag.py:4138} INFO - Setting next_dagrun for example_subdag_operator.section-1 to None, run_after=None
[2024-09-06T06:17:42.058+0000] {logging_mixin.py:190} INFO - [2024-09-06T06:17:42.058+0000] {dag.py:4138} INFO - Setting next_dagrun for example_subdag_operator.section-2 to None, run_after=None
[2024-09-06T06:17:42.076+0000] {logging_mixin.py:190} INFO - [2024-09-06T06:17:42.076+0000] {dag.py:3211} INFO - Sync 2 DAGs
[2024-09-06T06:17:42.092+0000] {logging_mixin.py:190} INFO - [2024-09-06T06:17:42.092+0000] {dag.py:4138} INFO - Setting next_dagrun for example_subdag_operator.section-1 to None, run_after=None
[2024-09-06T06:17:42.094+0000] {logging_mixin.py:190} INFO - [2024-09-06T06:17:42.093+0000] {dag.py:4138} INFO - Setting next_dagrun for example_subdag_operator.section-2 to None, run_after=None
[2024-09-06T06:17:42.128+0000] {processor.py:208} INFO - Processing /home/airflow/.local/lib/python3.12/site-packages/airflow/example_dags/example_subdag_operator.py took 0.815 seconds
[2024-09-06T06:18:33.654+0000] {processor.py:186} INFO - Started process (PID=3196) to work on /home/airflow/.local/lib/python3.12/site-packages/airflow/example_dags/example_subdag_operator.py
[2024-09-06T06:18:33.668+0000] {processor.py:914} INFO - Processing file /home/airflow/.local/lib/python3.12/site-packages/airflow/example_dags/example_subdag_operator.py for tasks to queue
[2024-09-06T06:18:33.687+0000] {logging_mixin.py:190} INFO - [2024-09-06T06:18:33.686+0000] {dagbag.py:587} INFO - Filling up the DagBag from /home/airflow/.local/lib/python3.12/site-packages/airflow/example_dags/example_subdag_operator.py
[2024-09-06T06:18:33.791+0000] {processor.py:925} INFO - DAG(s) 'example_subdag_operator.section-1', 'example_subdag_operator.section-2', 'example_subdag_operator' retrieved from /home/airflow/.local/lib/python3.12/site-packages/airflow/example_dags/example_subdag_operator.py
[2024-09-06T06:18:33.850+0000] {logging_mixin.py:190} INFO - [2024-09-06T06:18:33.849+0000] {dag.py:3211} INFO - Sync 3 DAGs
[2024-09-06T06:18:35.230+0000] {logging_mixin.py:190} INFO - [2024-09-06T06:18:35.229+0000] {dag.py:4138} INFO - Setting next_dagrun for example_subdag_operator to 2022-01-01 00:00:00+00:00, run_after=2022-01-01 00:00:00+00:00
[2024-09-06T06:18:35.248+0000] {logging_mixin.py:190} INFO - [2024-09-06T06:18:35.247+0000] {dag.py:4138} INFO - Setting next_dagrun for example_subdag_operator.section-1 to None, run_after=None
[2024-09-06T06:18:35.260+0000] {logging_mixin.py:190} INFO - [2024-09-06T06:18:35.260+0000] {dag.py:4138} INFO - Setting next_dagrun for example_subdag_operator.section-2 to None, run_after=None
[2024-09-06T06:18:35.291+0000] {logging_mixin.py:190} INFO - [2024-09-06T06:18:35.290+0000] {dag.py:3211} INFO - Sync 2 DAGs
[2024-09-06T06:18:35.330+0000] {logging_mixin.py:190} INFO - [2024-09-06T06:18:35.330+0000] {dag.py:4138} INFO - Setting next_dagrun for example_subdag_operator.section-1 to None, run_after=None
[2024-09-06T06:18:35.333+0000] {logging_mixin.py:190} INFO - [2024-09-06T06:18:35.332+0000] {dag.py:4138} INFO - Setting next_dagrun for example_subdag_operator.section-2 to None, run_after=None
[2024-09-06T06:18:35.373+0000] {processor.py:208} INFO - Processing /home/airflow/.local/lib/python3.12/site-packages/airflow/example_dags/example_subdag_operator.py took 1.803 seconds
[2024-09-06T06:19:16.428+0000] {processor.py:186} INFO - Started process (PID=3267) to work on /home/airflow/.local/lib/python3.12/site-packages/airflow/example_dags/example_subdag_operator.py
[2024-09-06T06:19:16.431+0000] {processor.py:914} INFO - Processing file /home/airflow/.local/lib/python3.12/site-packages/airflow/example_dags/example_subdag_operator.py for tasks to queue
[2024-09-06T06:19:16.450+0000] {logging_mixin.py:190} INFO - [2024-09-06T06:19:16.449+0000] {dagbag.py:587} INFO - Filling up the DagBag from /home/airflow/.local/lib/python3.12/site-packages/airflow/example_dags/example_subdag_operator.py
[2024-09-06T06:19:16.546+0000] {processor.py:925} INFO - DAG(s) 'example_subdag_operator.section-1', 'example_subdag_operator.section-2', 'example_subdag_operator' retrieved from /home/airflow/.local/lib/python3.12/site-packages/airflow/example_dags/example_subdag_operator.py
[2024-09-06T06:19:16.594+0000] {logging_mixin.py:190} INFO - [2024-09-06T06:19:16.594+0000] {dag.py:3211} INFO - Sync 3 DAGs
[2024-09-06T06:19:17.301+0000] {logging_mixin.py:190} INFO - [2024-09-06T06:19:17.300+0000] {dag.py:4138} INFO - Setting next_dagrun for example_subdag_operator to 2022-01-01 00:00:00+00:00, run_after=2022-01-01 00:00:00+00:00
[2024-09-06T06:19:17.317+0000] {logging_mixin.py:190} INFO - [2024-09-06T06:19:17.316+0000] {dag.py:4138} INFO - Setting next_dagrun for example_subdag_operator.section-1 to None, run_after=None
[2024-09-06T06:19:17.320+0000] {logging_mixin.py:190} INFO - [2024-09-06T06:19:17.319+0000] {dag.py:4138} INFO - Setting next_dagrun for example_subdag_operator.section-2 to None, run_after=None
[2024-09-06T06:19:17.350+0000] {logging_mixin.py:190} INFO - [2024-09-06T06:19:17.349+0000] {dag.py:3211} INFO - Sync 2 DAGs
[2024-09-06T06:19:17.378+0000] {logging_mixin.py:190} INFO - [2024-09-06T06:19:17.378+0000] {dag.py:4138} INFO - Setting next_dagrun for example_subdag_operator.section-1 to None, run_after=None
[2024-09-06T06:19:17.380+0000] {logging_mixin.py:190} INFO - [2024-09-06T06:19:17.379+0000] {dag.py:4138} INFO - Setting next_dagrun for example_subdag_operator.section-2 to None, run_after=None
[2024-09-06T06:19:17.417+0000] {processor.py:208} INFO - Processing /home/airflow/.local/lib/python3.12/site-packages/airflow/example_dags/example_subdag_operator.py took 1.034 seconds
[2024-09-06T06:19:59.647+0000] {processor.py:186} INFO - Started process (PID=3324) to work on /home/airflow/.local/lib/python3.12/site-packages/airflow/example_dags/example_subdag_operator.py
[2024-09-06T06:19:59.655+0000] {processor.py:914} INFO - Processing file /home/airflow/.local/lib/python3.12/site-packages/airflow/example_dags/example_subdag_operator.py for tasks to queue
[2024-09-06T06:19:59.710+0000] {logging_mixin.py:190} INFO - [2024-09-06T06:19:59.673+0000] {dagbag.py:587} INFO - Filling up the DagBag from /home/airflow/.local/lib/python3.12/site-packages/airflow/example_dags/example_subdag_operator.py
[2024-09-06T06:20:00.013+0000] {processor.py:925} INFO - DAG(s) 'example_subdag_operator.section-1', 'example_subdag_operator.section-2', 'example_subdag_operator' retrieved from /home/airflow/.local/lib/python3.12/site-packages/airflow/example_dags/example_subdag_operator.py
[2024-09-06T06:20:00.167+0000] {logging_mixin.py:190} INFO - [2024-09-06T06:20:00.165+0000] {dag.py:3211} INFO - Sync 3 DAGs
[2024-09-06T06:20:00.425+0000] {logging_mixin.py:190} INFO - [2024-09-06T06:20:00.425+0000] {dag.py:4138} INFO - Setting next_dagrun for example_subdag_operator to 2022-01-01 00:00:00+00:00, run_after=2022-01-01 00:00:00+00:00
[2024-09-06T06:20:00.478+0000] {logging_mixin.py:190} INFO - [2024-09-06T06:20:00.474+0000] {dag.py:4138} INFO - Setting next_dagrun for example_subdag_operator.section-1 to None, run_after=None
[2024-09-06T06:20:00.501+0000] {logging_mixin.py:190} INFO - [2024-09-06T06:20:00.501+0000] {dag.py:4138} INFO - Setting next_dagrun for example_subdag_operator.section-2 to None, run_after=None
[2024-09-06T06:20:00.552+0000] {logging_mixin.py:190} INFO - [2024-09-06T06:20:00.552+0000] {dag.py:3211} INFO - Sync 2 DAGs
[2024-09-06T06:20:00.576+0000] {logging_mixin.py:190} INFO - [2024-09-06T06:20:00.575+0000] {dag.py:4138} INFO - Setting next_dagrun for example_subdag_operator.section-1 to None, run_after=None
[2024-09-06T06:20:00.577+0000] {logging_mixin.py:190} INFO - [2024-09-06T06:20:00.577+0000] {dag.py:4138} INFO - Setting next_dagrun for example_subdag_operator.section-2 to None, run_after=None
[2024-09-06T06:20:00.642+0000] {processor.py:208} INFO - Processing /home/airflow/.local/lib/python3.12/site-packages/airflow/example_dags/example_subdag_operator.py took 1.082 seconds
