[2024-09-06T05:52:51.431+0000] {processor.py:186} INFO - Started process (PID=117) to work on /home/airflow/.local/lib/python3.12/site-packages/airflow/example_dags/example_dataset_alias_with_no_taskflow.py
[2024-09-06T05:52:51.434+0000] {processor.py:914} INFO - Processing file /home/airflow/.local/lib/python3.12/site-packages/airflow/example_dags/example_dataset_alias_with_no_taskflow.py for tasks to queue
[2024-09-06T05:52:51.440+0000] {logging_mixin.py:190} INFO - [2024-09-06T05:52:51.439+0000] {dagbag.py:587} INFO - Filling up the DagBag from /home/airflow/.local/lib/python3.12/site-packages/airflow/example_dags/example_dataset_alias_with_no_taskflow.py
[2024-09-06T05:52:51.894+0000] {processor.py:925} INFO - DAG(s) 'dataset_s3_bucket_producer_with_no_taskflow', 'dataset_alias_example_alias_consumer_with_no_taskflow', 'dataset_alias_example_alias_producer_with_no_taskflow', 'dataset_s3_bucket_consumer_with_no_taskflow' retrieved from /home/airflow/.local/lib/python3.12/site-packages/airflow/example_dags/example_dataset_alias_with_no_taskflow.py
[2024-09-06T05:52:51.962+0000] {logging_mixin.py:190} INFO - [2024-09-06T05:52:51.961+0000] {dag.py:3211} INFO - Sync 4 DAGs
[2024-09-06T05:52:52.027+0000] {logging_mixin.py:190} INFO - [2024-09-06T05:52:52.027+0000] {dag.py:4138} INFO - Setting next_dagrun for dataset_alias_example_alias_consumer_with_no_taskflow to None, run_after=None
[2024-09-06T05:52:52.039+0000] {logging_mixin.py:190} INFO - [2024-09-06T05:52:52.038+0000] {dag.py:4138} INFO - Setting next_dagrun for dataset_alias_example_alias_producer_with_no_taskflow to None, run_after=None
[2024-09-06T05:52:52.043+0000] {logging_mixin.py:190} INFO - [2024-09-06T05:52:52.042+0000] {dag.py:4138} INFO - Setting next_dagrun for dataset_s3_bucket_consumer_with_no_taskflow to None, run_after=None
[2024-09-06T05:52:52.046+0000] {logging_mixin.py:190} INFO - [2024-09-06T05:52:52.046+0000] {dag.py:4138} INFO - Setting next_dagrun for dataset_s3_bucket_producer_with_no_taskflow to None, run_after=None
[2024-09-06T05:52:52.137+0000] {processor.py:208} INFO - Processing /home/airflow/.local/lib/python3.12/site-packages/airflow/example_dags/example_dataset_alias_with_no_taskflow.py took 0.722 seconds
[2024-09-06T05:53:26.548+0000] {processor.py:186} INFO - Started process (PID=180) to work on /home/airflow/.local/lib/python3.12/site-packages/airflow/example_dags/example_dataset_alias_with_no_taskflow.py
[2024-09-06T05:53:26.562+0000] {processor.py:914} INFO - Processing file /home/airflow/.local/lib/python3.12/site-packages/airflow/example_dags/example_dataset_alias_with_no_taskflow.py for tasks to queue
[2024-09-06T05:53:26.570+0000] {logging_mixin.py:190} INFO - [2024-09-06T05:53:26.569+0000] {dagbag.py:587} INFO - Filling up the DagBag from /home/airflow/.local/lib/python3.12/site-packages/airflow/example_dags/example_dataset_alias_with_no_taskflow.py
[2024-09-06T05:53:27.838+0000] {processor.py:925} INFO - DAG(s) 'dataset_alias_example_alias_consumer_with_no_taskflow', 'dataset_alias_example_alias_producer_with_no_taskflow', 'dataset_s3_bucket_producer_with_no_taskflow', 'dataset_s3_bucket_consumer_with_no_taskflow' retrieved from /home/airflow/.local/lib/python3.12/site-packages/airflow/example_dags/example_dataset_alias_with_no_taskflow.py
[2024-09-06T05:53:28.029+0000] {logging_mixin.py:190} INFO - [2024-09-06T05:53:28.028+0000] {dag.py:3211} INFO - Sync 4 DAGs
[2024-09-06T05:53:28.259+0000] {logging_mixin.py:190} INFO - [2024-09-06T05:53:28.258+0000] {dag.py:4138} INFO - Setting next_dagrun for dataset_alias_example_alias_consumer_with_no_taskflow to None, run_after=None
[2024-09-06T05:53:28.302+0000] {logging_mixin.py:190} INFO - [2024-09-06T05:53:28.302+0000] {dag.py:4138} INFO - Setting next_dagrun for dataset_alias_example_alias_producer_with_no_taskflow to None, run_after=None
[2024-09-06T05:53:28.316+0000] {logging_mixin.py:190} INFO - [2024-09-06T05:53:28.315+0000] {dag.py:4138} INFO - Setting next_dagrun for dataset_s3_bucket_consumer_with_no_taskflow to None, run_after=None
[2024-09-06T05:53:28.321+0000] {logging_mixin.py:190} INFO - [2024-09-06T05:53:28.320+0000] {dag.py:4138} INFO - Setting next_dagrun for dataset_s3_bucket_producer_with_no_taskflow to None, run_after=None
[2024-09-06T05:53:28.467+0000] {processor.py:208} INFO - Processing /home/airflow/.local/lib/python3.12/site-packages/airflow/example_dags/example_dataset_alias_with_no_taskflow.py took 1.967 seconds
[2024-09-06T05:53:58.639+0000] {processor.py:186} INFO - Started process (PID=244) to work on /home/airflow/.local/lib/python3.12/site-packages/airflow/example_dags/example_dataset_alias_with_no_taskflow.py
[2024-09-06T05:53:58.643+0000] {processor.py:914} INFO - Processing file /home/airflow/.local/lib/python3.12/site-packages/airflow/example_dags/example_dataset_alias_with_no_taskflow.py for tasks to queue
[2024-09-06T05:53:58.650+0000] {logging_mixin.py:190} INFO - [2024-09-06T05:53:58.649+0000] {dagbag.py:587} INFO - Filling up the DagBag from /home/airflow/.local/lib/python3.12/site-packages/airflow/example_dags/example_dataset_alias_with_no_taskflow.py
[2024-09-06T05:53:59.169+0000] {processor.py:925} INFO - DAG(s) 'dataset_alias_example_alias_consumer_with_no_taskflow', 'dataset_alias_example_alias_producer_with_no_taskflow', 'dataset_s3_bucket_producer_with_no_taskflow', 'dataset_s3_bucket_consumer_with_no_taskflow' retrieved from /home/airflow/.local/lib/python3.12/site-packages/airflow/example_dags/example_dataset_alias_with_no_taskflow.py
[2024-09-06T05:53:59.235+0000] {logging_mixin.py:190} INFO - [2024-09-06T05:53:59.233+0000] {dag.py:3211} INFO - Sync 4 DAGs
[2024-09-06T05:53:59.292+0000] {logging_mixin.py:190} INFO - [2024-09-06T05:53:59.291+0000] {dag.py:4138} INFO - Setting next_dagrun for dataset_alias_example_alias_consumer_with_no_taskflow to None, run_after=None
[2024-09-06T05:53:59.298+0000] {logging_mixin.py:190} INFO - [2024-09-06T05:53:59.297+0000] {dag.py:4138} INFO - Setting next_dagrun for dataset_alias_example_alias_producer_with_no_taskflow to None, run_after=None
[2024-09-06T05:53:59.302+0000] {logging_mixin.py:190} INFO - [2024-09-06T05:53:59.302+0000] {dag.py:4138} INFO - Setting next_dagrun for dataset_s3_bucket_consumer_with_no_taskflow to None, run_after=None
[2024-09-06T05:53:59.306+0000] {logging_mixin.py:190} INFO - [2024-09-06T05:53:59.305+0000] {dag.py:4138} INFO - Setting next_dagrun for dataset_s3_bucket_producer_with_no_taskflow to None, run_after=None
[2024-09-06T05:53:59.362+0000] {processor.py:208} INFO - Processing /home/airflow/.local/lib/python3.12/site-packages/airflow/example_dags/example_dataset_alias_with_no_taskflow.py took 0.739 seconds
[2024-09-06T05:54:31.969+0000] {processor.py:186} INFO - Started process (PID=305) to work on /home/airflow/.local/lib/python3.12/site-packages/airflow/example_dags/example_dataset_alias_with_no_taskflow.py
[2024-09-06T05:54:31.974+0000] {processor.py:914} INFO - Processing file /home/airflow/.local/lib/python3.12/site-packages/airflow/example_dags/example_dataset_alias_with_no_taskflow.py for tasks to queue
[2024-09-06T05:54:31.988+0000] {logging_mixin.py:190} INFO - [2024-09-06T05:54:31.986+0000] {dagbag.py:587} INFO - Filling up the DagBag from /home/airflow/.local/lib/python3.12/site-packages/airflow/example_dags/example_dataset_alias_with_no_taskflow.py
[2024-09-06T05:54:32.720+0000] {processor.py:925} INFO - DAG(s) 'dataset_alias_example_alias_consumer_with_no_taskflow', 'dataset_alias_example_alias_producer_with_no_taskflow', 'dataset_s3_bucket_producer_with_no_taskflow', 'dataset_s3_bucket_consumer_with_no_taskflow' retrieved from /home/airflow/.local/lib/python3.12/site-packages/airflow/example_dags/example_dataset_alias_with_no_taskflow.py
[2024-09-06T05:54:32.837+0000] {logging_mixin.py:190} INFO - [2024-09-06T05:54:32.836+0000] {dag.py:3211} INFO - Sync 4 DAGs
[2024-09-06T05:54:32.970+0000] {logging_mixin.py:190} INFO - [2024-09-06T05:54:32.969+0000] {dag.py:4138} INFO - Setting next_dagrun for dataset_alias_example_alias_consumer_with_no_taskflow to None, run_after=None
[2024-09-06T05:54:32.992+0000] {logging_mixin.py:190} INFO - [2024-09-06T05:54:32.992+0000] {dag.py:4138} INFO - Setting next_dagrun for dataset_alias_example_alias_producer_with_no_taskflow to None, run_after=None
[2024-09-06T05:54:32.997+0000] {logging_mixin.py:190} INFO - [2024-09-06T05:54:32.997+0000] {dag.py:4138} INFO - Setting next_dagrun for dataset_s3_bucket_consumer_with_no_taskflow to None, run_after=None
[2024-09-06T05:54:33.014+0000] {logging_mixin.py:190} INFO - [2024-09-06T05:54:33.013+0000] {dag.py:4138} INFO - Setting next_dagrun for dataset_s3_bucket_producer_with_no_taskflow to None, run_after=None
[2024-09-06T05:54:33.123+0000] {processor.py:208} INFO - Processing /home/airflow/.local/lib/python3.12/site-packages/airflow/example_dags/example_dataset_alias_with_no_taskflow.py took 1.196 seconds
[2024-09-06T05:55:05.210+0000] {processor.py:186} INFO - Started process (PID=368) to work on /home/airflow/.local/lib/python3.12/site-packages/airflow/example_dags/example_dataset_alias_with_no_taskflow.py
[2024-09-06T05:55:05.217+0000] {processor.py:914} INFO - Processing file /home/airflow/.local/lib/python3.12/site-packages/airflow/example_dags/example_dataset_alias_with_no_taskflow.py for tasks to queue
[2024-09-06T05:55:05.226+0000] {logging_mixin.py:190} INFO - [2024-09-06T05:55:05.223+0000] {dagbag.py:587} INFO - Filling up the DagBag from /home/airflow/.local/lib/python3.12/site-packages/airflow/example_dags/example_dataset_alias_with_no_taskflow.py
[2024-09-06T05:55:06.225+0000] {processor.py:925} INFO - DAG(s) 'dataset_s3_bucket_producer_with_no_taskflow', 'dataset_s3_bucket_consumer_with_no_taskflow', 'dataset_alias_example_alias_producer_with_no_taskflow', 'dataset_alias_example_alias_consumer_with_no_taskflow' retrieved from /home/airflow/.local/lib/python3.12/site-packages/airflow/example_dags/example_dataset_alias_with_no_taskflow.py
[2024-09-06T05:55:06.333+0000] {logging_mixin.py:190} INFO - [2024-09-06T05:55:06.332+0000] {dag.py:3211} INFO - Sync 4 DAGs
[2024-09-06T05:55:06.537+0000] {logging_mixin.py:190} INFO - [2024-09-06T05:55:06.537+0000] {dag.py:4138} INFO - Setting next_dagrun for dataset_alias_example_alias_consumer_with_no_taskflow to None, run_after=None
[2024-09-06T05:55:06.590+0000] {logging_mixin.py:190} INFO - [2024-09-06T05:55:06.584+0000] {dag.py:4138} INFO - Setting next_dagrun for dataset_alias_example_alias_producer_with_no_taskflow to None, run_after=None
[2024-09-06T05:55:06.596+0000] {logging_mixin.py:190} INFO - [2024-09-06T05:55:06.595+0000] {dag.py:4138} INFO - Setting next_dagrun for dataset_s3_bucket_consumer_with_no_taskflow to None, run_after=None
[2024-09-06T05:55:06.611+0000] {logging_mixin.py:190} INFO - [2024-09-06T05:55:06.610+0000] {dag.py:4138} INFO - Setting next_dagrun for dataset_s3_bucket_producer_with_no_taskflow to None, run_after=None
[2024-09-06T05:55:06.877+0000] {processor.py:208} INFO - Processing /home/airflow/.local/lib/python3.12/site-packages/airflow/example_dags/example_dataset_alias_with_no_taskflow.py took 1.701 seconds
[2024-09-06T05:55:37.433+0000] {processor.py:186} INFO - Started process (PID=432) to work on /home/airflow/.local/lib/python3.12/site-packages/airflow/example_dags/example_dataset_alias_with_no_taskflow.py
[2024-09-06T05:55:37.437+0000] {processor.py:914} INFO - Processing file /home/airflow/.local/lib/python3.12/site-packages/airflow/example_dags/example_dataset_alias_with_no_taskflow.py for tasks to queue
[2024-09-06T05:55:37.449+0000] {logging_mixin.py:190} INFO - [2024-09-06T05:55:37.448+0000] {dagbag.py:587} INFO - Filling up the DagBag from /home/airflow/.local/lib/python3.12/site-packages/airflow/example_dags/example_dataset_alias_with_no_taskflow.py
[2024-09-06T05:55:38.421+0000] {processor.py:925} INFO - DAG(s) 'dataset_alias_example_alias_consumer_with_no_taskflow', 'dataset_s3_bucket_producer_with_no_taskflow', 'dataset_s3_bucket_consumer_with_no_taskflow', 'dataset_alias_example_alias_producer_with_no_taskflow' retrieved from /home/airflow/.local/lib/python3.12/site-packages/airflow/example_dags/example_dataset_alias_with_no_taskflow.py
[2024-09-06T05:55:38.659+0000] {logging_mixin.py:190} INFO - [2024-09-06T05:55:38.658+0000] {dag.py:3211} INFO - Sync 4 DAGs
[2024-09-06T05:55:38.864+0000] {logging_mixin.py:190} INFO - [2024-09-06T05:55:38.864+0000] {dag.py:4138} INFO - Setting next_dagrun for dataset_alias_example_alias_consumer_with_no_taskflow to None, run_after=None
[2024-09-06T05:55:38.873+0000] {logging_mixin.py:190} INFO - [2024-09-06T05:55:38.872+0000] {dag.py:4138} INFO - Setting next_dagrun for dataset_alias_example_alias_producer_with_no_taskflow to None, run_after=None
[2024-09-06T05:55:38.889+0000] {logging_mixin.py:190} INFO - [2024-09-06T05:55:38.889+0000] {dag.py:4138} INFO - Setting next_dagrun for dataset_s3_bucket_consumer_with_no_taskflow to None, run_after=None
[2024-09-06T05:55:38.905+0000] {logging_mixin.py:190} INFO - [2024-09-06T05:55:38.904+0000] {dag.py:4138} INFO - Setting next_dagrun for dataset_s3_bucket_producer_with_no_taskflow to None, run_after=None
[2024-09-06T05:55:39.075+0000] {processor.py:208} INFO - Processing /home/airflow/.local/lib/python3.12/site-packages/airflow/example_dags/example_dataset_alias_with_no_taskflow.py took 1.662 seconds
[2024-09-06T05:56:09.216+0000] {processor.py:186} INFO - Started process (PID=497) to work on /home/airflow/.local/lib/python3.12/site-packages/airflow/example_dags/example_dataset_alias_with_no_taskflow.py
[2024-09-06T05:56:09.219+0000] {processor.py:914} INFO - Processing file /home/airflow/.local/lib/python3.12/site-packages/airflow/example_dags/example_dataset_alias_with_no_taskflow.py for tasks to queue
[2024-09-06T05:56:09.225+0000] {logging_mixin.py:190} INFO - [2024-09-06T05:56:09.224+0000] {dagbag.py:587} INFO - Filling up the DagBag from /home/airflow/.local/lib/python3.12/site-packages/airflow/example_dags/example_dataset_alias_with_no_taskflow.py
[2024-09-06T05:56:09.628+0000] {processor.py:925} INFO - DAG(s) 'dataset_s3_bucket_producer_with_no_taskflow', 'dataset_alias_example_alias_consumer_with_no_taskflow', 'dataset_alias_example_alias_producer_with_no_taskflow', 'dataset_s3_bucket_consumer_with_no_taskflow' retrieved from /home/airflow/.local/lib/python3.12/site-packages/airflow/example_dags/example_dataset_alias_with_no_taskflow.py
[2024-09-06T05:56:09.684+0000] {logging_mixin.py:190} INFO - [2024-09-06T05:56:09.683+0000] {dag.py:3211} INFO - Sync 4 DAGs
[2024-09-06T05:56:09.754+0000] {logging_mixin.py:190} INFO - [2024-09-06T05:56:09.753+0000] {dag.py:4138} INFO - Setting next_dagrun for dataset_alias_example_alias_consumer_with_no_taskflow to None, run_after=None
[2024-09-06T05:56:09.760+0000] {logging_mixin.py:190} INFO - [2024-09-06T05:56:09.759+0000] {dag.py:4138} INFO - Setting next_dagrun for dataset_alias_example_alias_producer_with_no_taskflow to None, run_after=None
[2024-09-06T05:56:09.765+0000] {logging_mixin.py:190} INFO - [2024-09-06T05:56:09.765+0000] {dag.py:4138} INFO - Setting next_dagrun for dataset_s3_bucket_consumer_with_no_taskflow to None, run_after=None
[2024-09-06T05:56:09.772+0000] {logging_mixin.py:190} INFO - [2024-09-06T05:56:09.772+0000] {dag.py:4138} INFO - Setting next_dagrun for dataset_s3_bucket_producer_with_no_taskflow to None, run_after=None
[2024-09-06T05:56:09.898+0000] {processor.py:208} INFO - Processing /home/airflow/.local/lib/python3.12/site-packages/airflow/example_dags/example_dataset_alias_with_no_taskflow.py took 0.703 seconds
[2024-09-06T05:56:44.223+0000] {processor.py:186} INFO - Started process (PID=559) to work on /home/airflow/.local/lib/python3.12/site-packages/airflow/example_dags/example_dataset_alias_with_no_taskflow.py
[2024-09-06T05:56:44.226+0000] {processor.py:914} INFO - Processing file /home/airflow/.local/lib/python3.12/site-packages/airflow/example_dags/example_dataset_alias_with_no_taskflow.py for tasks to queue
[2024-09-06T05:56:44.237+0000] {logging_mixin.py:190} INFO - [2024-09-06T05:56:44.233+0000] {dagbag.py:587} INFO - Filling up the DagBag from /home/airflow/.local/lib/python3.12/site-packages/airflow/example_dags/example_dataset_alias_with_no_taskflow.py
[2024-09-06T05:56:45.000+0000] {processor.py:925} INFO - DAG(s) 'dataset_alias_example_alias_producer_with_no_taskflow', 'dataset_s3_bucket_consumer_with_no_taskflow', 'dataset_s3_bucket_producer_with_no_taskflow', 'dataset_alias_example_alias_consumer_with_no_taskflow' retrieved from /home/airflow/.local/lib/python3.12/site-packages/airflow/example_dags/example_dataset_alias_with_no_taskflow.py
[2024-09-06T05:56:45.067+0000] {logging_mixin.py:190} INFO - [2024-09-06T05:56:45.067+0000] {dag.py:3211} INFO - Sync 4 DAGs
[2024-09-06T05:56:45.134+0000] {logging_mixin.py:190} INFO - [2024-09-06T05:56:45.134+0000] {dag.py:4138} INFO - Setting next_dagrun for dataset_alias_example_alias_consumer_with_no_taskflow to None, run_after=None
[2024-09-06T05:56:45.141+0000] {logging_mixin.py:190} INFO - [2024-09-06T05:56:45.141+0000] {dag.py:4138} INFO - Setting next_dagrun for dataset_alias_example_alias_producer_with_no_taskflow to None, run_after=None
[2024-09-06T05:56:45.145+0000] {logging_mixin.py:190} INFO - [2024-09-06T05:56:45.144+0000] {dag.py:4138} INFO - Setting next_dagrun for dataset_s3_bucket_consumer_with_no_taskflow to None, run_after=None
[2024-09-06T05:56:45.148+0000] {logging_mixin.py:190} INFO - [2024-09-06T05:56:45.147+0000] {dag.py:4138} INFO - Setting next_dagrun for dataset_s3_bucket_producer_with_no_taskflow to None, run_after=None
[2024-09-06T05:56:45.209+0000] {processor.py:208} INFO - Processing /home/airflow/.local/lib/python3.12/site-packages/airflow/example_dags/example_dataset_alias_with_no_taskflow.py took 1.007 seconds
[2024-09-06T05:57:15.853+0000] {processor.py:186} INFO - Started process (PID=624) to work on /home/airflow/.local/lib/python3.12/site-packages/airflow/example_dags/example_dataset_alias_with_no_taskflow.py
[2024-09-06T05:57:15.855+0000] {processor.py:914} INFO - Processing file /home/airflow/.local/lib/python3.12/site-packages/airflow/example_dags/example_dataset_alias_with_no_taskflow.py for tasks to queue
[2024-09-06T05:57:15.861+0000] {logging_mixin.py:190} INFO - [2024-09-06T05:57:15.860+0000] {dagbag.py:587} INFO - Filling up the DagBag from /home/airflow/.local/lib/python3.12/site-packages/airflow/example_dags/example_dataset_alias_with_no_taskflow.py
[2024-09-06T05:57:16.254+0000] {processor.py:925} INFO - DAG(s) 'dataset_alias_example_alias_producer_with_no_taskflow', 'dataset_alias_example_alias_consumer_with_no_taskflow', 'dataset_s3_bucket_consumer_with_no_taskflow', 'dataset_s3_bucket_producer_with_no_taskflow' retrieved from /home/airflow/.local/lib/python3.12/site-packages/airflow/example_dags/example_dataset_alias_with_no_taskflow.py
[2024-09-06T05:57:16.308+0000] {logging_mixin.py:190} INFO - [2024-09-06T05:57:16.307+0000] {dag.py:3211} INFO - Sync 4 DAGs
[2024-09-06T05:57:16.365+0000] {logging_mixin.py:190} INFO - [2024-09-06T05:57:16.364+0000] {dag.py:4138} INFO - Setting next_dagrun for dataset_alias_example_alias_consumer_with_no_taskflow to None, run_after=None
[2024-09-06T05:57:16.371+0000] {logging_mixin.py:190} INFO - [2024-09-06T05:57:16.370+0000] {dag.py:4138} INFO - Setting next_dagrun for dataset_alias_example_alias_producer_with_no_taskflow to None, run_after=None
[2024-09-06T05:57:16.375+0000] {logging_mixin.py:190} INFO - [2024-09-06T05:57:16.375+0000] {dag.py:4138} INFO - Setting next_dagrun for dataset_s3_bucket_consumer_with_no_taskflow to None, run_after=None
[2024-09-06T05:57:16.380+0000] {logging_mixin.py:190} INFO - [2024-09-06T05:57:16.379+0000] {dag.py:4138} INFO - Setting next_dagrun for dataset_s3_bucket_producer_with_no_taskflow to None, run_after=None
[2024-09-06T05:57:16.427+0000] {processor.py:208} INFO - Processing /home/airflow/.local/lib/python3.12/site-packages/airflow/example_dags/example_dataset_alias_with_no_taskflow.py took 0.598 seconds
[2024-09-06T05:57:50.842+0000] {processor.py:186} INFO - Started process (PID=685) to work on /home/airflow/.local/lib/python3.12/site-packages/airflow/example_dags/example_dataset_alias_with_no_taskflow.py
[2024-09-06T05:57:50.845+0000] {processor.py:914} INFO - Processing file /home/airflow/.local/lib/python3.12/site-packages/airflow/example_dags/example_dataset_alias_with_no_taskflow.py for tasks to queue
[2024-09-06T05:57:50.867+0000] {logging_mixin.py:190} INFO - [2024-09-06T05:57:50.866+0000] {dagbag.py:587} INFO - Filling up the DagBag from /home/airflow/.local/lib/python3.12/site-packages/airflow/example_dags/example_dataset_alias_with_no_taskflow.py
[2024-09-06T05:57:52.208+0000] {processor.py:925} INFO - DAG(s) 'dataset_alias_example_alias_consumer_with_no_taskflow', 'dataset_s3_bucket_producer_with_no_taskflow', 'dataset_s3_bucket_consumer_with_no_taskflow', 'dataset_alias_example_alias_producer_with_no_taskflow' retrieved from /home/airflow/.local/lib/python3.12/site-packages/airflow/example_dags/example_dataset_alias_with_no_taskflow.py
[2024-09-06T05:57:52.351+0000] {logging_mixin.py:190} INFO - [2024-09-06T05:57:52.350+0000] {dag.py:3211} INFO - Sync 4 DAGs
[2024-09-06T05:57:52.506+0000] {logging_mixin.py:190} INFO - [2024-09-06T05:57:52.506+0000] {dag.py:4138} INFO - Setting next_dagrun for dataset_alias_example_alias_consumer_with_no_taskflow to None, run_after=None
[2024-09-06T05:57:52.535+0000] {logging_mixin.py:190} INFO - [2024-09-06T05:57:52.534+0000] {dag.py:4138} INFO - Setting next_dagrun for dataset_alias_example_alias_producer_with_no_taskflow to None, run_after=None
[2024-09-06T05:57:52.541+0000] {logging_mixin.py:190} INFO - [2024-09-06T05:57:52.541+0000] {dag.py:4138} INFO - Setting next_dagrun for dataset_s3_bucket_consumer_with_no_taskflow to None, run_after=None
[2024-09-06T05:57:52.544+0000] {logging_mixin.py:190} INFO - [2024-09-06T05:57:52.544+0000] {dag.py:4138} INFO - Setting next_dagrun for dataset_s3_bucket_producer_with_no_taskflow to None, run_after=None
[2024-09-06T05:57:52.711+0000] {processor.py:208} INFO - Processing /home/airflow/.local/lib/python3.12/site-packages/airflow/example_dags/example_dataset_alias_with_no_taskflow.py took 1.916 seconds
[2024-09-06T05:58:22.959+0000] {processor.py:186} INFO - Started process (PID=755) to work on /home/airflow/.local/lib/python3.12/site-packages/airflow/example_dags/example_dataset_alias_with_no_taskflow.py
[2024-09-06T05:58:22.963+0000] {processor.py:914} INFO - Processing file /home/airflow/.local/lib/python3.12/site-packages/airflow/example_dags/example_dataset_alias_with_no_taskflow.py for tasks to queue
[2024-09-06T05:58:22.978+0000] {logging_mixin.py:190} INFO - [2024-09-06T05:58:22.977+0000] {dagbag.py:587} INFO - Filling up the DagBag from /home/airflow/.local/lib/python3.12/site-packages/airflow/example_dags/example_dataset_alias_with_no_taskflow.py
[2024-09-06T05:58:23.739+0000] {processor.py:925} INFO - DAG(s) 'dataset_s3_bucket_consumer_with_no_taskflow', 'dataset_alias_example_alias_consumer_with_no_taskflow', 'dataset_s3_bucket_producer_with_no_taskflow', 'dataset_alias_example_alias_producer_with_no_taskflow' retrieved from /home/airflow/.local/lib/python3.12/site-packages/airflow/example_dags/example_dataset_alias_with_no_taskflow.py
[2024-09-06T05:58:23.835+0000] {logging_mixin.py:190} INFO - [2024-09-06T05:58:23.834+0000] {dag.py:3211} INFO - Sync 4 DAGs
[2024-09-06T05:58:23.939+0000] {logging_mixin.py:190} INFO - [2024-09-06T05:58:23.938+0000] {dag.py:4138} INFO - Setting next_dagrun for dataset_alias_example_alias_consumer_with_no_taskflow to None, run_after=None
[2024-09-06T05:58:23.946+0000] {logging_mixin.py:190} INFO - [2024-09-06T05:58:23.946+0000] {dag.py:4138} INFO - Setting next_dagrun for dataset_alias_example_alias_producer_with_no_taskflow to None, run_after=None
[2024-09-06T05:58:23.953+0000] {logging_mixin.py:190} INFO - [2024-09-06T05:58:23.952+0000] {dag.py:4138} INFO - Setting next_dagrun for dataset_s3_bucket_consumer_with_no_taskflow to None, run_after=None
[2024-09-06T05:58:23.960+0000] {logging_mixin.py:190} INFO - [2024-09-06T05:58:23.960+0000] {dag.py:4138} INFO - Setting next_dagrun for dataset_s3_bucket_producer_with_no_taskflow to None, run_after=None
[2024-09-06T05:58:24.102+0000] {processor.py:208} INFO - Processing /home/airflow/.local/lib/python3.12/site-packages/airflow/example_dags/example_dataset_alias_with_no_taskflow.py took 1.197 seconds
[2024-09-06T05:58:54.409+0000] {processor.py:186} INFO - Started process (PID=818) to work on /home/airflow/.local/lib/python3.12/site-packages/airflow/example_dags/example_dataset_alias_with_no_taskflow.py
[2024-09-06T05:58:54.411+0000] {processor.py:914} INFO - Processing file /home/airflow/.local/lib/python3.12/site-packages/airflow/example_dags/example_dataset_alias_with_no_taskflow.py for tasks to queue
[2024-09-06T05:58:54.418+0000] {logging_mixin.py:190} INFO - [2024-09-06T05:58:54.417+0000] {dagbag.py:587} INFO - Filling up the DagBag from /home/airflow/.local/lib/python3.12/site-packages/airflow/example_dags/example_dataset_alias_with_no_taskflow.py
[2024-09-06T05:58:54.835+0000] {processor.py:925} INFO - DAG(s) 'dataset_alias_example_alias_consumer_with_no_taskflow', 'dataset_s3_bucket_consumer_with_no_taskflow', 'dataset_alias_example_alias_producer_with_no_taskflow', 'dataset_s3_bucket_producer_with_no_taskflow' retrieved from /home/airflow/.local/lib/python3.12/site-packages/airflow/example_dags/example_dataset_alias_with_no_taskflow.py
[2024-09-06T05:58:54.922+0000] {logging_mixin.py:190} INFO - [2024-09-06T05:58:54.921+0000] {dag.py:3211} INFO - Sync 4 DAGs
[2024-09-06T05:58:54.987+0000] {logging_mixin.py:190} INFO - [2024-09-06T05:58:54.987+0000] {dag.py:4138} INFO - Setting next_dagrun for dataset_alias_example_alias_consumer_with_no_taskflow to None, run_after=None
[2024-09-06T05:58:54.996+0000] {logging_mixin.py:190} INFO - [2024-09-06T05:58:54.995+0000] {dag.py:4138} INFO - Setting next_dagrun for dataset_alias_example_alias_producer_with_no_taskflow to None, run_after=None
[2024-09-06T05:58:55.012+0000] {logging_mixin.py:190} INFO - [2024-09-06T05:58:55.012+0000] {dag.py:4138} INFO - Setting next_dagrun for dataset_s3_bucket_consumer_with_no_taskflow to None, run_after=None
[2024-09-06T05:58:55.017+0000] {logging_mixin.py:190} INFO - [2024-09-06T05:58:55.016+0000] {dag.py:4138} INFO - Setting next_dagrun for dataset_s3_bucket_producer_with_no_taskflow to None, run_after=None
[2024-09-06T05:58:55.128+0000] {processor.py:208} INFO - Processing /home/airflow/.local/lib/python3.12/site-packages/airflow/example_dags/example_dataset_alias_with_no_taskflow.py took 0.732 seconds
[2024-09-06T05:59:25.320+0000] {processor.py:186} INFO - Started process (PID=883) to work on /home/airflow/.local/lib/python3.12/site-packages/airflow/example_dags/example_dataset_alias_with_no_taskflow.py
[2024-09-06T05:59:25.322+0000] {processor.py:914} INFO - Processing file /home/airflow/.local/lib/python3.12/site-packages/airflow/example_dags/example_dataset_alias_with_no_taskflow.py for tasks to queue
[2024-09-06T05:59:25.326+0000] {logging_mixin.py:190} INFO - [2024-09-06T05:59:25.326+0000] {dagbag.py:587} INFO - Filling up the DagBag from /home/airflow/.local/lib/python3.12/site-packages/airflow/example_dags/example_dataset_alias_with_no_taskflow.py
[2024-09-06T05:59:25.593+0000] {processor.py:925} INFO - DAG(s) 'dataset_alias_example_alias_producer_with_no_taskflow', 'dataset_alias_example_alias_consumer_with_no_taskflow', 'dataset_s3_bucket_consumer_with_no_taskflow', 'dataset_s3_bucket_producer_with_no_taskflow' retrieved from /home/airflow/.local/lib/python3.12/site-packages/airflow/example_dags/example_dataset_alias_with_no_taskflow.py
[2024-09-06T05:59:25.633+0000] {logging_mixin.py:190} INFO - [2024-09-06T05:59:25.633+0000] {dag.py:3211} INFO - Sync 4 DAGs
[2024-09-06T05:59:25.676+0000] {logging_mixin.py:190} INFO - [2024-09-06T05:59:25.675+0000] {dag.py:4138} INFO - Setting next_dagrun for dataset_alias_example_alias_consumer_with_no_taskflow to None, run_after=None
[2024-09-06T05:59:25.681+0000] {logging_mixin.py:190} INFO - [2024-09-06T05:59:25.680+0000] {dag.py:4138} INFO - Setting next_dagrun for dataset_alias_example_alias_producer_with_no_taskflow to None, run_after=None
[2024-09-06T05:59:25.683+0000] {logging_mixin.py:190} INFO - [2024-09-06T05:59:25.683+0000] {dag.py:4138} INFO - Setting next_dagrun for dataset_s3_bucket_consumer_with_no_taskflow to None, run_after=None
[2024-09-06T05:59:25.688+0000] {logging_mixin.py:190} INFO - [2024-09-06T05:59:25.687+0000] {dag.py:4138} INFO - Setting next_dagrun for dataset_s3_bucket_producer_with_no_taskflow to None, run_after=None
[2024-09-06T05:59:25.730+0000] {processor.py:208} INFO - Processing /home/airflow/.local/lib/python3.12/site-packages/airflow/example_dags/example_dataset_alias_with_no_taskflow.py took 0.420 seconds
[2024-09-06T05:59:56.108+0000] {processor.py:186} INFO - Started process (PID=946) to work on /home/airflow/.local/lib/python3.12/site-packages/airflow/example_dags/example_dataset_alias_with_no_taskflow.py
[2024-09-06T05:59:56.110+0000] {processor.py:914} INFO - Processing file /home/airflow/.local/lib/python3.12/site-packages/airflow/example_dags/example_dataset_alias_with_no_taskflow.py for tasks to queue
[2024-09-06T05:59:56.115+0000] {logging_mixin.py:190} INFO - [2024-09-06T05:59:56.115+0000] {dagbag.py:587} INFO - Filling up the DagBag from /home/airflow/.local/lib/python3.12/site-packages/airflow/example_dags/example_dataset_alias_with_no_taskflow.py
[2024-09-06T05:59:56.435+0000] {processor.py:925} INFO - DAG(s) 'dataset_alias_example_alias_consumer_with_no_taskflow', 'dataset_s3_bucket_consumer_with_no_taskflow', 'dataset_s3_bucket_producer_with_no_taskflow', 'dataset_alias_example_alias_producer_with_no_taskflow' retrieved from /home/airflow/.local/lib/python3.12/site-packages/airflow/example_dags/example_dataset_alias_with_no_taskflow.py
[2024-09-06T05:59:56.482+0000] {logging_mixin.py:190} INFO - [2024-09-06T05:59:56.481+0000] {dag.py:3211} INFO - Sync 4 DAGs
[2024-09-06T05:59:56.532+0000] {logging_mixin.py:190} INFO - [2024-09-06T05:59:56.532+0000] {dag.py:4138} INFO - Setting next_dagrun for dataset_alias_example_alias_consumer_with_no_taskflow to None, run_after=None
[2024-09-06T05:59:56.537+0000] {logging_mixin.py:190} INFO - [2024-09-06T05:59:56.537+0000] {dag.py:4138} INFO - Setting next_dagrun for dataset_alias_example_alias_producer_with_no_taskflow to None, run_after=None
[2024-09-06T05:59:56.540+0000] {logging_mixin.py:190} INFO - [2024-09-06T05:59:56.540+0000] {dag.py:4138} INFO - Setting next_dagrun for dataset_s3_bucket_consumer_with_no_taskflow to None, run_after=None
[2024-09-06T05:59:56.543+0000] {logging_mixin.py:190} INFO - [2024-09-06T05:59:56.542+0000] {dag.py:4138} INFO - Setting next_dagrun for dataset_s3_bucket_producer_with_no_taskflow to None, run_after=None
[2024-09-06T05:59:56.584+0000] {processor.py:208} INFO - Processing /home/airflow/.local/lib/python3.12/site-packages/airflow/example_dags/example_dataset_alias_with_no_taskflow.py took 0.490 seconds
[2024-09-06T06:01:02.469+0000] {processor.py:186} INFO - Started process (PID=1011) to work on /home/airflow/.local/lib/python3.12/site-packages/airflow/example_dags/example_dataset_alias_with_no_taskflow.py
[2024-09-06T06:01:02.484+0000] {processor.py:914} INFO - Processing file /home/airflow/.local/lib/python3.12/site-packages/airflow/example_dags/example_dataset_alias_with_no_taskflow.py for tasks to queue
[2024-09-06T06:01:02.529+0000] {logging_mixin.py:190} INFO - [2024-09-06T06:01:02.517+0000] {dagbag.py:587} INFO - Filling up the DagBag from /home/airflow/.local/lib/python3.12/site-packages/airflow/example_dags/example_dataset_alias_with_no_taskflow.py
[2024-09-06T06:01:04.508+0000] {processor.py:925} INFO - DAG(s) 'dataset_s3_bucket_producer_with_no_taskflow', 'dataset_s3_bucket_consumer_with_no_taskflow', 'dataset_alias_example_alias_producer_with_no_taskflow', 'dataset_alias_example_alias_consumer_with_no_taskflow' retrieved from /home/airflow/.local/lib/python3.12/site-packages/airflow/example_dags/example_dataset_alias_with_no_taskflow.py
[2024-09-06T06:01:04.716+0000] {logging_mixin.py:190} INFO - [2024-09-06T06:01:04.716+0000] {dag.py:3211} INFO - Sync 4 DAGs
[2024-09-06T06:01:05.126+0000] {logging_mixin.py:190} INFO - [2024-09-06T06:01:05.125+0000] {dag.py:4138} INFO - Setting next_dagrun for dataset_alias_example_alias_consumer_with_no_taskflow to None, run_after=None
[2024-09-06T06:01:05.158+0000] {logging_mixin.py:190} INFO - [2024-09-06T06:01:05.157+0000] {dag.py:4138} INFO - Setting next_dagrun for dataset_alias_example_alias_producer_with_no_taskflow to None, run_after=None
[2024-09-06T06:01:05.205+0000] {logging_mixin.py:190} INFO - [2024-09-06T06:01:05.205+0000] {dag.py:4138} INFO - Setting next_dagrun for dataset_s3_bucket_consumer_with_no_taskflow to None, run_after=None
[2024-09-06T06:01:05.253+0000] {logging_mixin.py:190} INFO - [2024-09-06T06:01:05.253+0000] {dag.py:4138} INFO - Setting next_dagrun for dataset_s3_bucket_producer_with_no_taskflow to None, run_after=None
[2024-09-06T06:01:05.508+0000] {processor.py:208} INFO - Processing /home/airflow/.local/lib/python3.12/site-packages/airflow/example_dags/example_dataset_alias_with_no_taskflow.py took 3.075 seconds
[2024-09-06T06:01:36.267+0000] {processor.py:186} INFO - Started process (PID=1075) to work on /home/airflow/.local/lib/python3.12/site-packages/airflow/example_dags/example_dataset_alias_with_no_taskflow.py
[2024-09-06T06:01:36.274+0000] {processor.py:914} INFO - Processing file /home/airflow/.local/lib/python3.12/site-packages/airflow/example_dags/example_dataset_alias_with_no_taskflow.py for tasks to queue
[2024-09-06T06:01:36.285+0000] {logging_mixin.py:190} INFO - [2024-09-06T06:01:36.284+0000] {dagbag.py:587} INFO - Filling up the DagBag from /home/airflow/.local/lib/python3.12/site-packages/airflow/example_dags/example_dataset_alias_with_no_taskflow.py
[2024-09-06T06:01:36.951+0000] {processor.py:925} INFO - DAG(s) 'dataset_s3_bucket_consumer_with_no_taskflow', 'dataset_alias_example_alias_consumer_with_no_taskflow', 'dataset_s3_bucket_producer_with_no_taskflow', 'dataset_alias_example_alias_producer_with_no_taskflow' retrieved from /home/airflow/.local/lib/python3.12/site-packages/airflow/example_dags/example_dataset_alias_with_no_taskflow.py
[2024-09-06T06:01:37.031+0000] {logging_mixin.py:190} INFO - [2024-09-06T06:01:37.030+0000] {dag.py:3211} INFO - Sync 4 DAGs
[2024-09-06T06:01:37.109+0000] {logging_mixin.py:190} INFO - [2024-09-06T06:01:37.109+0000] {dag.py:4138} INFO - Setting next_dagrun for dataset_alias_example_alias_consumer_with_no_taskflow to None, run_after=None
[2024-09-06T06:01:37.120+0000] {logging_mixin.py:190} INFO - [2024-09-06T06:01:37.120+0000] {dag.py:4138} INFO - Setting next_dagrun for dataset_alias_example_alias_producer_with_no_taskflow to None, run_after=None
[2024-09-06T06:01:37.125+0000] {logging_mixin.py:190} INFO - [2024-09-06T06:01:37.124+0000] {dag.py:4138} INFO - Setting next_dagrun for dataset_s3_bucket_consumer_with_no_taskflow to None, run_after=None
[2024-09-06T06:01:37.129+0000] {logging_mixin.py:190} INFO - [2024-09-06T06:01:37.129+0000] {dag.py:4138} INFO - Setting next_dagrun for dataset_s3_bucket_producer_with_no_taskflow to None, run_after=None
[2024-09-06T06:01:37.231+0000] {processor.py:208} INFO - Processing /home/airflow/.local/lib/python3.12/site-packages/airflow/example_dags/example_dataset_alias_with_no_taskflow.py took 1.008 seconds
[2024-09-06T06:02:07.895+0000] {processor.py:186} INFO - Started process (PID=1140) to work on /home/airflow/.local/lib/python3.12/site-packages/airflow/example_dags/example_dataset_alias_with_no_taskflow.py
[2024-09-06T06:02:07.897+0000] {processor.py:914} INFO - Processing file /home/airflow/.local/lib/python3.12/site-packages/airflow/example_dags/example_dataset_alias_with_no_taskflow.py for tasks to queue
[2024-09-06T06:02:07.902+0000] {logging_mixin.py:190} INFO - [2024-09-06T06:02:07.902+0000] {dagbag.py:587} INFO - Filling up the DagBag from /home/airflow/.local/lib/python3.12/site-packages/airflow/example_dags/example_dataset_alias_with_no_taskflow.py
[2024-09-06T06:02:08.180+0000] {processor.py:925} INFO - DAG(s) 'dataset_alias_example_alias_consumer_with_no_taskflow', 'dataset_s3_bucket_producer_with_no_taskflow', 'dataset_alias_example_alias_producer_with_no_taskflow', 'dataset_s3_bucket_consumer_with_no_taskflow' retrieved from /home/airflow/.local/lib/python3.12/site-packages/airflow/example_dags/example_dataset_alias_with_no_taskflow.py
[2024-09-06T06:02:08.252+0000] {logging_mixin.py:190} INFO - [2024-09-06T06:02:08.251+0000] {dag.py:3211} INFO - Sync 4 DAGs
[2024-09-06T06:02:08.313+0000] {logging_mixin.py:190} INFO - [2024-09-06T06:02:08.312+0000] {dag.py:4138} INFO - Setting next_dagrun for dataset_alias_example_alias_consumer_with_no_taskflow to None, run_after=None
[2024-09-06T06:02:08.319+0000] {logging_mixin.py:190} INFO - [2024-09-06T06:02:08.318+0000] {dag.py:4138} INFO - Setting next_dagrun for dataset_alias_example_alias_producer_with_no_taskflow to None, run_after=None
[2024-09-06T06:02:08.322+0000] {logging_mixin.py:190} INFO - [2024-09-06T06:02:08.322+0000] {dag.py:4138} INFO - Setting next_dagrun for dataset_s3_bucket_consumer_with_no_taskflow to None, run_after=None
[2024-09-06T06:02:08.325+0000] {logging_mixin.py:190} INFO - [2024-09-06T06:02:08.325+0000] {dag.py:4138} INFO - Setting next_dagrun for dataset_s3_bucket_producer_with_no_taskflow to None, run_after=None
[2024-09-06T06:02:08.393+0000] {processor.py:208} INFO - Processing /home/airflow/.local/lib/python3.12/site-packages/airflow/example_dags/example_dataset_alias_with_no_taskflow.py took 0.511 seconds
[2024-09-06T06:02:38.997+0000] {processor.py:186} INFO - Started process (PID=1203) to work on /home/airflow/.local/lib/python3.12/site-packages/airflow/example_dags/example_dataset_alias_with_no_taskflow.py
[2024-09-06T06:02:38.999+0000] {processor.py:914} INFO - Processing file /home/airflow/.local/lib/python3.12/site-packages/airflow/example_dags/example_dataset_alias_with_no_taskflow.py for tasks to queue
[2024-09-06T06:02:39.004+0000] {logging_mixin.py:190} INFO - [2024-09-06T06:02:39.003+0000] {dagbag.py:587} INFO - Filling up the DagBag from /home/airflow/.local/lib/python3.12/site-packages/airflow/example_dags/example_dataset_alias_with_no_taskflow.py
[2024-09-06T06:02:39.297+0000] {processor.py:925} INFO - DAG(s) 'dataset_alias_example_alias_producer_with_no_taskflow', 'dataset_s3_bucket_consumer_with_no_taskflow', 'dataset_alias_example_alias_consumer_with_no_taskflow', 'dataset_s3_bucket_producer_with_no_taskflow' retrieved from /home/airflow/.local/lib/python3.12/site-packages/airflow/example_dags/example_dataset_alias_with_no_taskflow.py
[2024-09-06T06:02:39.339+0000] {logging_mixin.py:190} INFO - [2024-09-06T06:02:39.338+0000] {dag.py:3211} INFO - Sync 4 DAGs
[2024-09-06T06:02:39.441+0000] {logging_mixin.py:190} INFO - [2024-09-06T06:02:39.440+0000] {dag.py:4138} INFO - Setting next_dagrun for dataset_alias_example_alias_consumer_with_no_taskflow to None, run_after=None
[2024-09-06T06:02:39.453+0000] {logging_mixin.py:190} INFO - [2024-09-06T06:02:39.452+0000] {dag.py:4138} INFO - Setting next_dagrun for dataset_alias_example_alias_producer_with_no_taskflow to None, run_after=None
[2024-09-06T06:02:39.458+0000] {logging_mixin.py:190} INFO - [2024-09-06T06:02:39.458+0000] {dag.py:4138} INFO - Setting next_dagrun for dataset_s3_bucket_consumer_with_no_taskflow to None, run_after=None
[2024-09-06T06:02:39.464+0000] {logging_mixin.py:190} INFO - [2024-09-06T06:02:39.464+0000] {dag.py:4138} INFO - Setting next_dagrun for dataset_s3_bucket_producer_with_no_taskflow to None, run_after=None
[2024-09-06T06:02:39.540+0000] {processor.py:208} INFO - Processing /home/airflow/.local/lib/python3.12/site-packages/airflow/example_dags/example_dataset_alias_with_no_taskflow.py took 0.555 seconds
[2024-09-06T06:03:09.678+0000] {processor.py:186} INFO - Started process (PID=1267) to work on /home/airflow/.local/lib/python3.12/site-packages/airflow/example_dags/example_dataset_alias_with_no_taskflow.py
[2024-09-06T06:03:09.680+0000] {processor.py:914} INFO - Processing file /home/airflow/.local/lib/python3.12/site-packages/airflow/example_dags/example_dataset_alias_with_no_taskflow.py for tasks to queue
[2024-09-06T06:03:09.685+0000] {logging_mixin.py:190} INFO - [2024-09-06T06:03:09.684+0000] {dagbag.py:587} INFO - Filling up the DagBag from /home/airflow/.local/lib/python3.12/site-packages/airflow/example_dags/example_dataset_alias_with_no_taskflow.py
[2024-09-06T06:03:09.979+0000] {processor.py:925} INFO - DAG(s) 'dataset_s3_bucket_consumer_with_no_taskflow', 'dataset_alias_example_alias_producer_with_no_taskflow', 'dataset_alias_example_alias_consumer_with_no_taskflow', 'dataset_s3_bucket_producer_with_no_taskflow' retrieved from /home/airflow/.local/lib/python3.12/site-packages/airflow/example_dags/example_dataset_alias_with_no_taskflow.py
[2024-09-06T06:03:10.017+0000] {logging_mixin.py:190} INFO - [2024-09-06T06:03:10.016+0000] {dag.py:3211} INFO - Sync 4 DAGs
[2024-09-06T06:03:10.061+0000] {logging_mixin.py:190} INFO - [2024-09-06T06:03:10.060+0000] {dag.py:4138} INFO - Setting next_dagrun for dataset_alias_example_alias_consumer_with_no_taskflow to None, run_after=None
[2024-09-06T06:03:10.065+0000] {logging_mixin.py:190} INFO - [2024-09-06T06:03:10.065+0000] {dag.py:4138} INFO - Setting next_dagrun for dataset_alias_example_alias_producer_with_no_taskflow to None, run_after=None
[2024-09-06T06:03:10.068+0000] {logging_mixin.py:190} INFO - [2024-09-06T06:03:10.068+0000] {dag.py:4138} INFO - Setting next_dagrun for dataset_s3_bucket_consumer_with_no_taskflow to None, run_after=None
[2024-09-06T06:03:10.070+0000] {logging_mixin.py:190} INFO - [2024-09-06T06:03:10.070+0000] {dag.py:4138} INFO - Setting next_dagrun for dataset_s3_bucket_producer_with_no_taskflow to None, run_after=None
[2024-09-06T06:03:10.111+0000] {processor.py:208} INFO - Processing /home/airflow/.local/lib/python3.12/site-packages/airflow/example_dags/example_dataset_alias_with_no_taskflow.py took 0.447 seconds
[2024-09-06T06:03:40.836+0000] {processor.py:186} INFO - Started process (PID=1330) to work on /home/airflow/.local/lib/python3.12/site-packages/airflow/example_dags/example_dataset_alias_with_no_taskflow.py
[2024-09-06T06:03:40.838+0000] {processor.py:914} INFO - Processing file /home/airflow/.local/lib/python3.12/site-packages/airflow/example_dags/example_dataset_alias_with_no_taskflow.py for tasks to queue
[2024-09-06T06:03:40.842+0000] {logging_mixin.py:190} INFO - [2024-09-06T06:03:40.842+0000] {dagbag.py:587} INFO - Filling up the DagBag from /home/airflow/.local/lib/python3.12/site-packages/airflow/example_dags/example_dataset_alias_with_no_taskflow.py
[2024-09-06T06:03:41.146+0000] {processor.py:925} INFO - DAG(s) 'dataset_s3_bucket_consumer_with_no_taskflow', 'dataset_alias_example_alias_consumer_with_no_taskflow', 'dataset_alias_example_alias_producer_with_no_taskflow', 'dataset_s3_bucket_producer_with_no_taskflow' retrieved from /home/airflow/.local/lib/python3.12/site-packages/airflow/example_dags/example_dataset_alias_with_no_taskflow.py
[2024-09-06T06:03:41.188+0000] {logging_mixin.py:190} INFO - [2024-09-06T06:03:41.187+0000] {dag.py:3211} INFO - Sync 4 DAGs
[2024-09-06T06:03:41.235+0000] {logging_mixin.py:190} INFO - [2024-09-06T06:03:41.234+0000] {dag.py:4138} INFO - Setting next_dagrun for dataset_alias_example_alias_consumer_with_no_taskflow to None, run_after=None
[2024-09-06T06:03:41.239+0000] {logging_mixin.py:190} INFO - [2024-09-06T06:03:41.239+0000] {dag.py:4138} INFO - Setting next_dagrun for dataset_alias_example_alias_producer_with_no_taskflow to None, run_after=None
[2024-09-06T06:03:41.242+0000] {logging_mixin.py:190} INFO - [2024-09-06T06:03:41.242+0000] {dag.py:4138} INFO - Setting next_dagrun for dataset_s3_bucket_consumer_with_no_taskflow to None, run_after=None
[2024-09-06T06:03:41.245+0000] {logging_mixin.py:190} INFO - [2024-09-06T06:03:41.245+0000] {dag.py:4138} INFO - Setting next_dagrun for dataset_s3_bucket_producer_with_no_taskflow to None, run_after=None
[2024-09-06T06:03:41.288+0000] {processor.py:208} INFO - Processing /home/airflow/.local/lib/python3.12/site-packages/airflow/example_dags/example_dataset_alias_with_no_taskflow.py took 0.465 seconds
[2024-09-06T06:04:11.726+0000] {processor.py:186} INFO - Started process (PID=1393) to work on /home/airflow/.local/lib/python3.12/site-packages/airflow/example_dags/example_dataset_alias_with_no_taskflow.py
[2024-09-06T06:04:11.728+0000] {processor.py:914} INFO - Processing file /home/airflow/.local/lib/python3.12/site-packages/airflow/example_dags/example_dataset_alias_with_no_taskflow.py for tasks to queue
[2024-09-06T06:04:11.733+0000] {logging_mixin.py:190} INFO - [2024-09-06T06:04:11.733+0000] {dagbag.py:587} INFO - Filling up the DagBag from /home/airflow/.local/lib/python3.12/site-packages/airflow/example_dags/example_dataset_alias_with_no_taskflow.py
[2024-09-06T06:04:12.023+0000] {processor.py:925} INFO - DAG(s) 'dataset_s3_bucket_producer_with_no_taskflow', 'dataset_alias_example_alias_consumer_with_no_taskflow', 'dataset_s3_bucket_consumer_with_no_taskflow', 'dataset_alias_example_alias_producer_with_no_taskflow' retrieved from /home/airflow/.local/lib/python3.12/site-packages/airflow/example_dags/example_dataset_alias_with_no_taskflow.py
[2024-09-06T06:04:12.069+0000] {logging_mixin.py:190} INFO - [2024-09-06T06:04:12.068+0000] {dag.py:3211} INFO - Sync 4 DAGs
[2024-09-06T06:04:12.117+0000] {logging_mixin.py:190} INFO - [2024-09-06T06:04:12.117+0000] {dag.py:4138} INFO - Setting next_dagrun for dataset_alias_example_alias_consumer_with_no_taskflow to None, run_after=None
[2024-09-06T06:04:12.123+0000] {logging_mixin.py:190} INFO - [2024-09-06T06:04:12.122+0000] {dag.py:4138} INFO - Setting next_dagrun for dataset_alias_example_alias_producer_with_no_taskflow to None, run_after=None
[2024-09-06T06:04:12.126+0000] {logging_mixin.py:190} INFO - [2024-09-06T06:04:12.126+0000] {dag.py:4138} INFO - Setting next_dagrun for dataset_s3_bucket_consumer_with_no_taskflow to None, run_after=None
[2024-09-06T06:04:12.130+0000] {logging_mixin.py:190} INFO - [2024-09-06T06:04:12.130+0000] {dag.py:4138} INFO - Setting next_dagrun for dataset_s3_bucket_producer_with_no_taskflow to None, run_after=None
[2024-09-06T06:04:12.187+0000] {processor.py:208} INFO - Processing /home/airflow/.local/lib/python3.12/site-packages/airflow/example_dags/example_dataset_alias_with_no_taskflow.py took 0.484 seconds
[2024-09-06T06:04:42.523+0000] {processor.py:186} INFO - Started process (PID=1457) to work on /home/airflow/.local/lib/python3.12/site-packages/airflow/example_dags/example_dataset_alias_with_no_taskflow.py
[2024-09-06T06:04:42.525+0000] {processor.py:914} INFO - Processing file /home/airflow/.local/lib/python3.12/site-packages/airflow/example_dags/example_dataset_alias_with_no_taskflow.py for tasks to queue
[2024-09-06T06:04:42.533+0000] {logging_mixin.py:190} INFO - [2024-09-06T06:04:42.532+0000] {dagbag.py:587} INFO - Filling up the DagBag from /home/airflow/.local/lib/python3.12/site-packages/airflow/example_dags/example_dataset_alias_with_no_taskflow.py
[2024-09-06T06:04:42.848+0000] {processor.py:925} INFO - DAG(s) 'dataset_alias_example_alias_producer_with_no_taskflow', 'dataset_s3_bucket_consumer_with_no_taskflow', 'dataset_s3_bucket_producer_with_no_taskflow', 'dataset_alias_example_alias_consumer_with_no_taskflow' retrieved from /home/airflow/.local/lib/python3.12/site-packages/airflow/example_dags/example_dataset_alias_with_no_taskflow.py
[2024-09-06T06:04:42.914+0000] {logging_mixin.py:190} INFO - [2024-09-06T06:04:42.914+0000] {dag.py:3211} INFO - Sync 4 DAGs
[2024-09-06T06:04:43.021+0000] {logging_mixin.py:190} INFO - [2024-09-06T06:04:43.020+0000] {dag.py:4138} INFO - Setting next_dagrun for dataset_alias_example_alias_consumer_with_no_taskflow to None, run_after=None
[2024-09-06T06:04:43.054+0000] {logging_mixin.py:190} INFO - [2024-09-06T06:04:43.053+0000] {dag.py:4138} INFO - Setting next_dagrun for dataset_alias_example_alias_producer_with_no_taskflow to None, run_after=None
[2024-09-06T06:04:43.060+0000] {logging_mixin.py:190} INFO - [2024-09-06T06:04:43.059+0000] {dag.py:4138} INFO - Setting next_dagrun for dataset_s3_bucket_consumer_with_no_taskflow to None, run_after=None
[2024-09-06T06:04:43.066+0000] {logging_mixin.py:190} INFO - [2024-09-06T06:04:43.062+0000] {dag.py:4138} INFO - Setting next_dagrun for dataset_s3_bucket_producer_with_no_taskflow to None, run_after=None
[2024-09-06T06:04:43.124+0000] {processor.py:208} INFO - Processing /home/airflow/.local/lib/python3.12/site-packages/airflow/example_dags/example_dataset_alias_with_no_taskflow.py took 0.617 seconds
[2024-09-06T06:05:13.646+0000] {processor.py:186} INFO - Started process (PID=1520) to work on /home/airflow/.local/lib/python3.12/site-packages/airflow/example_dags/example_dataset_alias_with_no_taskflow.py
[2024-09-06T06:05:13.648+0000] {processor.py:914} INFO - Processing file /home/airflow/.local/lib/python3.12/site-packages/airflow/example_dags/example_dataset_alias_with_no_taskflow.py for tasks to queue
[2024-09-06T06:05:13.653+0000] {logging_mixin.py:190} INFO - [2024-09-06T06:05:13.652+0000] {dagbag.py:587} INFO - Filling up the DagBag from /home/airflow/.local/lib/python3.12/site-packages/airflow/example_dags/example_dataset_alias_with_no_taskflow.py
[2024-09-06T06:05:13.933+0000] {processor.py:925} INFO - DAG(s) 'dataset_s3_bucket_consumer_with_no_taskflow', 'dataset_s3_bucket_producer_with_no_taskflow', 'dataset_alias_example_alias_consumer_with_no_taskflow', 'dataset_alias_example_alias_producer_with_no_taskflow' retrieved from /home/airflow/.local/lib/python3.12/site-packages/airflow/example_dags/example_dataset_alias_with_no_taskflow.py
[2024-09-06T06:05:13.973+0000] {logging_mixin.py:190} INFO - [2024-09-06T06:05:13.972+0000] {dag.py:3211} INFO - Sync 4 DAGs
[2024-09-06T06:05:14.014+0000] {logging_mixin.py:190} INFO - [2024-09-06T06:05:14.014+0000] {dag.py:4138} INFO - Setting next_dagrun for dataset_alias_example_alias_consumer_with_no_taskflow to None, run_after=None
[2024-09-06T06:05:14.019+0000] {logging_mixin.py:190} INFO - [2024-09-06T06:05:14.018+0000] {dag.py:4138} INFO - Setting next_dagrun for dataset_alias_example_alias_producer_with_no_taskflow to None, run_after=None
[2024-09-06T06:05:14.021+0000] {logging_mixin.py:190} INFO - [2024-09-06T06:05:14.021+0000] {dag.py:4138} INFO - Setting next_dagrun for dataset_s3_bucket_consumer_with_no_taskflow to None, run_after=None
[2024-09-06T06:05:14.025+0000] {logging_mixin.py:190} INFO - [2024-09-06T06:05:14.024+0000] {dag.py:4138} INFO - Setting next_dagrun for dataset_s3_bucket_producer_with_no_taskflow to None, run_after=None
[2024-09-06T06:05:14.099+0000] {processor.py:208} INFO - Processing /home/airflow/.local/lib/python3.12/site-packages/airflow/example_dags/example_dataset_alias_with_no_taskflow.py took 0.478 seconds
[2024-09-06T06:05:44.814+0000] {processor.py:186} INFO - Started process (PID=1583) to work on /home/airflow/.local/lib/python3.12/site-packages/airflow/example_dags/example_dataset_alias_with_no_taskflow.py
[2024-09-06T06:05:44.816+0000] {processor.py:914} INFO - Processing file /home/airflow/.local/lib/python3.12/site-packages/airflow/example_dags/example_dataset_alias_with_no_taskflow.py for tasks to queue
[2024-09-06T06:05:44.845+0000] {logging_mixin.py:190} INFO - [2024-09-06T06:05:44.844+0000] {dagbag.py:587} INFO - Filling up the DagBag from /home/airflow/.local/lib/python3.12/site-packages/airflow/example_dags/example_dataset_alias_with_no_taskflow.py
[2024-09-06T06:05:45.540+0000] {processor.py:925} INFO - DAG(s) 'dataset_s3_bucket_consumer_with_no_taskflow', 'dataset_alias_example_alias_producer_with_no_taskflow', 'dataset_s3_bucket_producer_with_no_taskflow', 'dataset_alias_example_alias_consumer_with_no_taskflow' retrieved from /home/airflow/.local/lib/python3.12/site-packages/airflow/example_dags/example_dataset_alias_with_no_taskflow.py
[2024-09-06T06:05:45.587+0000] {logging_mixin.py:190} INFO - [2024-09-06T06:05:45.586+0000] {dag.py:3211} INFO - Sync 4 DAGs
[2024-09-06T06:05:45.647+0000] {logging_mixin.py:190} INFO - [2024-09-06T06:05:45.647+0000] {dag.py:4138} INFO - Setting next_dagrun for dataset_alias_example_alias_consumer_with_no_taskflow to None, run_after=None
[2024-09-06T06:05:45.655+0000] {logging_mixin.py:190} INFO - [2024-09-06T06:05:45.654+0000] {dag.py:4138} INFO - Setting next_dagrun for dataset_alias_example_alias_producer_with_no_taskflow to None, run_after=None
[2024-09-06T06:05:45.666+0000] {logging_mixin.py:190} INFO - [2024-09-06T06:05:45.665+0000] {dag.py:4138} INFO - Setting next_dagrun for dataset_s3_bucket_consumer_with_no_taskflow to None, run_after=None
[2024-09-06T06:05:45.675+0000] {logging_mixin.py:190} INFO - [2024-09-06T06:05:45.671+0000] {dag.py:4138} INFO - Setting next_dagrun for dataset_s3_bucket_producer_with_no_taskflow to None, run_after=None
[2024-09-06T06:05:45.750+0000] {processor.py:208} INFO - Processing /home/airflow/.local/lib/python3.12/site-packages/airflow/example_dags/example_dataset_alias_with_no_taskflow.py took 0.951 seconds
[2024-09-06T06:06:16.178+0000] {processor.py:186} INFO - Started process (PID=1646) to work on /home/airflow/.local/lib/python3.12/site-packages/airflow/example_dags/example_dataset_alias_with_no_taskflow.py
[2024-09-06T06:06:16.182+0000] {processor.py:914} INFO - Processing file /home/airflow/.local/lib/python3.12/site-packages/airflow/example_dags/example_dataset_alias_with_no_taskflow.py for tasks to queue
[2024-09-06T06:06:16.191+0000] {logging_mixin.py:190} INFO - [2024-09-06T06:06:16.190+0000] {dagbag.py:587} INFO - Filling up the DagBag from /home/airflow/.local/lib/python3.12/site-packages/airflow/example_dags/example_dataset_alias_with_no_taskflow.py
[2024-09-06T06:06:16.498+0000] {processor.py:925} INFO - DAG(s) 'dataset_alias_example_alias_producer_with_no_taskflow', 'dataset_s3_bucket_consumer_with_no_taskflow', 'dataset_alias_example_alias_consumer_with_no_taskflow', 'dataset_s3_bucket_producer_with_no_taskflow' retrieved from /home/airflow/.local/lib/python3.12/site-packages/airflow/example_dags/example_dataset_alias_with_no_taskflow.py
[2024-09-06T06:06:16.537+0000] {logging_mixin.py:190} INFO - [2024-09-06T06:06:16.536+0000] {dag.py:3211} INFO - Sync 4 DAGs
[2024-09-06T06:06:16.581+0000] {logging_mixin.py:190} INFO - [2024-09-06T06:06:16.581+0000] {dag.py:4138} INFO - Setting next_dagrun for dataset_alias_example_alias_consumer_with_no_taskflow to None, run_after=None
[2024-09-06T06:06:16.586+0000] {logging_mixin.py:190} INFO - [2024-09-06T06:06:16.586+0000] {dag.py:4138} INFO - Setting next_dagrun for dataset_alias_example_alias_producer_with_no_taskflow to None, run_after=None
[2024-09-06T06:06:16.588+0000] {logging_mixin.py:190} INFO - [2024-09-06T06:06:16.588+0000] {dag.py:4138} INFO - Setting next_dagrun for dataset_s3_bucket_consumer_with_no_taskflow to None, run_after=None
[2024-09-06T06:06:16.591+0000] {logging_mixin.py:190} INFO - [2024-09-06T06:06:16.591+0000] {dag.py:4138} INFO - Setting next_dagrun for dataset_s3_bucket_producer_with_no_taskflow to None, run_after=None
[2024-09-06T06:06:16.627+0000] {processor.py:208} INFO - Processing /home/airflow/.local/lib/python3.12/site-packages/airflow/example_dags/example_dataset_alias_with_no_taskflow.py took 0.471 seconds
[2024-09-06T06:06:47.007+0000] {processor.py:186} INFO - Started process (PID=1709) to work on /home/airflow/.local/lib/python3.12/site-packages/airflow/example_dags/example_dataset_alias_with_no_taskflow.py
[2024-09-06T06:06:47.010+0000] {processor.py:914} INFO - Processing file /home/airflow/.local/lib/python3.12/site-packages/airflow/example_dags/example_dataset_alias_with_no_taskflow.py for tasks to queue
[2024-09-06T06:06:47.015+0000] {logging_mixin.py:190} INFO - [2024-09-06T06:06:47.014+0000] {dagbag.py:587} INFO - Filling up the DagBag from /home/airflow/.local/lib/python3.12/site-packages/airflow/example_dags/example_dataset_alias_with_no_taskflow.py
[2024-09-06T06:06:47.304+0000] {processor.py:925} INFO - DAG(s) 'dataset_s3_bucket_producer_with_no_taskflow', 'dataset_alias_example_alias_producer_with_no_taskflow', 'dataset_alias_example_alias_consumer_with_no_taskflow', 'dataset_s3_bucket_consumer_with_no_taskflow' retrieved from /home/airflow/.local/lib/python3.12/site-packages/airflow/example_dags/example_dataset_alias_with_no_taskflow.py
[2024-09-06T06:06:47.346+0000] {logging_mixin.py:190} INFO - [2024-09-06T06:06:47.346+0000] {dag.py:3211} INFO - Sync 4 DAGs
[2024-09-06T06:06:47.394+0000] {logging_mixin.py:190} INFO - [2024-09-06T06:06:47.393+0000] {dag.py:4138} INFO - Setting next_dagrun for dataset_alias_example_alias_consumer_with_no_taskflow to None, run_after=None
[2024-09-06T06:06:47.400+0000] {logging_mixin.py:190} INFO - [2024-09-06T06:06:47.399+0000] {dag.py:4138} INFO - Setting next_dagrun for dataset_alias_example_alias_producer_with_no_taskflow to None, run_after=None
[2024-09-06T06:06:47.403+0000] {logging_mixin.py:190} INFO - [2024-09-06T06:06:47.403+0000] {dag.py:4138} INFO - Setting next_dagrun for dataset_s3_bucket_consumer_with_no_taskflow to None, run_after=None
[2024-09-06T06:06:47.406+0000] {logging_mixin.py:190} INFO - [2024-09-06T06:06:47.405+0000] {dag.py:4138} INFO - Setting next_dagrun for dataset_s3_bucket_producer_with_no_taskflow to None, run_after=None
[2024-09-06T06:06:47.451+0000] {processor.py:208} INFO - Processing /home/airflow/.local/lib/python3.12/site-packages/airflow/example_dags/example_dataset_alias_with_no_taskflow.py took 0.459 seconds
[2024-09-06T06:07:17.744+0000] {processor.py:186} INFO - Started process (PID=1772) to work on /home/airflow/.local/lib/python3.12/site-packages/airflow/example_dags/example_dataset_alias_with_no_taskflow.py
[2024-09-06T06:07:17.746+0000] {processor.py:914} INFO - Processing file /home/airflow/.local/lib/python3.12/site-packages/airflow/example_dags/example_dataset_alias_with_no_taskflow.py for tasks to queue
[2024-09-06T06:07:17.751+0000] {logging_mixin.py:190} INFO - [2024-09-06T06:07:17.750+0000] {dagbag.py:587} INFO - Filling up the DagBag from /home/airflow/.local/lib/python3.12/site-packages/airflow/example_dags/example_dataset_alias_with_no_taskflow.py
[2024-09-06T06:07:18.040+0000] {processor.py:925} INFO - DAG(s) 'dataset_s3_bucket_consumer_with_no_taskflow', 'dataset_alias_example_alias_consumer_with_no_taskflow', 'dataset_s3_bucket_producer_with_no_taskflow', 'dataset_alias_example_alias_producer_with_no_taskflow' retrieved from /home/airflow/.local/lib/python3.12/site-packages/airflow/example_dags/example_dataset_alias_with_no_taskflow.py
[2024-09-06T06:07:18.086+0000] {logging_mixin.py:190} INFO - [2024-09-06T06:07:18.085+0000] {dag.py:3211} INFO - Sync 4 DAGs
[2024-09-06T06:07:18.143+0000] {logging_mixin.py:190} INFO - [2024-09-06T06:07:18.142+0000] {dag.py:4138} INFO - Setting next_dagrun for dataset_alias_example_alias_consumer_with_no_taskflow to None, run_after=None
[2024-09-06T06:07:18.149+0000] {logging_mixin.py:190} INFO - [2024-09-06T06:07:18.149+0000] {dag.py:4138} INFO - Setting next_dagrun for dataset_alias_example_alias_producer_with_no_taskflow to None, run_after=None
[2024-09-06T06:07:18.154+0000] {logging_mixin.py:190} INFO - [2024-09-06T06:07:18.153+0000] {dag.py:4138} INFO - Setting next_dagrun for dataset_s3_bucket_consumer_with_no_taskflow to None, run_after=None
[2024-09-06T06:07:18.157+0000] {logging_mixin.py:190} INFO - [2024-09-06T06:07:18.157+0000] {dag.py:4138} INFO - Setting next_dagrun for dataset_s3_bucket_producer_with_no_taskflow to None, run_after=None
[2024-09-06T06:07:18.213+0000] {processor.py:208} INFO - Processing /home/airflow/.local/lib/python3.12/site-packages/airflow/example_dags/example_dataset_alias_with_no_taskflow.py took 0.482 seconds
[2024-09-06T06:07:48.464+0000] {processor.py:186} INFO - Started process (PID=1835) to work on /home/airflow/.local/lib/python3.12/site-packages/airflow/example_dags/example_dataset_alias_with_no_taskflow.py
[2024-09-06T06:07:48.466+0000] {processor.py:914} INFO - Processing file /home/airflow/.local/lib/python3.12/site-packages/airflow/example_dags/example_dataset_alias_with_no_taskflow.py for tasks to queue
[2024-09-06T06:07:48.470+0000] {logging_mixin.py:190} INFO - [2024-09-06T06:07:48.470+0000] {dagbag.py:587} INFO - Filling up the DagBag from /home/airflow/.local/lib/python3.12/site-packages/airflow/example_dags/example_dataset_alias_with_no_taskflow.py
[2024-09-06T06:07:48.755+0000] {processor.py:925} INFO - DAG(s) 'dataset_alias_example_alias_consumer_with_no_taskflow', 'dataset_s3_bucket_producer_with_no_taskflow', 'dataset_alias_example_alias_producer_with_no_taskflow', 'dataset_s3_bucket_consumer_with_no_taskflow' retrieved from /home/airflow/.local/lib/python3.12/site-packages/airflow/example_dags/example_dataset_alias_with_no_taskflow.py
[2024-09-06T06:07:48.798+0000] {logging_mixin.py:190} INFO - [2024-09-06T06:07:48.797+0000] {dag.py:3211} INFO - Sync 4 DAGs
[2024-09-06T06:07:48.841+0000] {logging_mixin.py:190} INFO - [2024-09-06T06:07:48.840+0000] {dag.py:4138} INFO - Setting next_dagrun for dataset_alias_example_alias_consumer_with_no_taskflow to None, run_after=None
[2024-09-06T06:07:48.846+0000] {logging_mixin.py:190} INFO - [2024-09-06T06:07:48.846+0000] {dag.py:4138} INFO - Setting next_dagrun for dataset_alias_example_alias_producer_with_no_taskflow to None, run_after=None
[2024-09-06T06:07:48.849+0000] {logging_mixin.py:190} INFO - [2024-09-06T06:07:48.849+0000] {dag.py:4138} INFO - Setting next_dagrun for dataset_s3_bucket_consumer_with_no_taskflow to None, run_after=None
[2024-09-06T06:07:48.851+0000] {logging_mixin.py:190} INFO - [2024-09-06T06:07:48.851+0000] {dag.py:4138} INFO - Setting next_dagrun for dataset_s3_bucket_producer_with_no_taskflow to None, run_after=None
[2024-09-06T06:07:48.896+0000] {processor.py:208} INFO - Processing /home/airflow/.local/lib/python3.12/site-packages/airflow/example_dags/example_dataset_alias_with_no_taskflow.py took 0.444 seconds
[2024-09-06T06:08:19.464+0000] {processor.py:186} INFO - Started process (PID=1898) to work on /home/airflow/.local/lib/python3.12/site-packages/airflow/example_dags/example_dataset_alias_with_no_taskflow.py
[2024-09-06T06:08:19.466+0000] {processor.py:914} INFO - Processing file /home/airflow/.local/lib/python3.12/site-packages/airflow/example_dags/example_dataset_alias_with_no_taskflow.py for tasks to queue
[2024-09-06T06:08:19.471+0000] {logging_mixin.py:190} INFO - [2024-09-06T06:08:19.470+0000] {dagbag.py:587} INFO - Filling up the DagBag from /home/airflow/.local/lib/python3.12/site-packages/airflow/example_dags/example_dataset_alias_with_no_taskflow.py
[2024-09-06T06:08:19.748+0000] {processor.py:925} INFO - DAG(s) 'dataset_alias_example_alias_consumer_with_no_taskflow', 'dataset_s3_bucket_consumer_with_no_taskflow', 'dataset_s3_bucket_producer_with_no_taskflow', 'dataset_alias_example_alias_producer_with_no_taskflow' retrieved from /home/airflow/.local/lib/python3.12/site-packages/airflow/example_dags/example_dataset_alias_with_no_taskflow.py
[2024-09-06T06:08:19.794+0000] {logging_mixin.py:190} INFO - [2024-09-06T06:08:19.794+0000] {dag.py:3211} INFO - Sync 4 DAGs
[2024-09-06T06:08:19.839+0000] {logging_mixin.py:190} INFO - [2024-09-06T06:08:19.839+0000] {dag.py:4138} INFO - Setting next_dagrun for dataset_alias_example_alias_consumer_with_no_taskflow to None, run_after=None
[2024-09-06T06:08:19.844+0000] {logging_mixin.py:190} INFO - [2024-09-06T06:08:19.844+0000] {dag.py:4138} INFO - Setting next_dagrun for dataset_alias_example_alias_producer_with_no_taskflow to None, run_after=None
[2024-09-06T06:08:19.847+0000] {logging_mixin.py:190} INFO - [2024-09-06T06:08:19.847+0000] {dag.py:4138} INFO - Setting next_dagrun for dataset_s3_bucket_consumer_with_no_taskflow to None, run_after=None
[2024-09-06T06:08:19.850+0000] {logging_mixin.py:190} INFO - [2024-09-06T06:08:19.849+0000] {dag.py:4138} INFO - Setting next_dagrun for dataset_s3_bucket_producer_with_no_taskflow to None, run_after=None
[2024-09-06T06:08:19.898+0000] {processor.py:208} INFO - Processing /home/airflow/.local/lib/python3.12/site-packages/airflow/example_dags/example_dataset_alias_with_no_taskflow.py took 0.445 seconds
[2024-09-06T06:08:50.867+0000] {processor.py:186} INFO - Started process (PID=1963) to work on /home/airflow/.local/lib/python3.12/site-packages/airflow/example_dags/example_dataset_alias_with_no_taskflow.py
[2024-09-06T06:08:50.869+0000] {processor.py:914} INFO - Processing file /home/airflow/.local/lib/python3.12/site-packages/airflow/example_dags/example_dataset_alias_with_no_taskflow.py for tasks to queue
[2024-09-06T06:08:50.874+0000] {logging_mixin.py:190} INFO - [2024-09-06T06:08:50.873+0000] {dagbag.py:587} INFO - Filling up the DagBag from /home/airflow/.local/lib/python3.12/site-packages/airflow/example_dags/example_dataset_alias_with_no_taskflow.py
[2024-09-06T06:08:51.151+0000] {processor.py:925} INFO - DAG(s) 'dataset_alias_example_alias_consumer_with_no_taskflow', 'dataset_alias_example_alias_producer_with_no_taskflow', 'dataset_s3_bucket_producer_with_no_taskflow', 'dataset_s3_bucket_consumer_with_no_taskflow' retrieved from /home/airflow/.local/lib/python3.12/site-packages/airflow/example_dags/example_dataset_alias_with_no_taskflow.py
[2024-09-06T06:08:51.188+0000] {logging_mixin.py:190} INFO - [2024-09-06T06:08:51.187+0000] {dag.py:3211} INFO - Sync 4 DAGs
[2024-09-06T06:08:51.471+0000] {logging_mixin.py:190} INFO - [2024-09-06T06:08:51.471+0000] {dag.py:4138} INFO - Setting next_dagrun for dataset_alias_example_alias_consumer_with_no_taskflow to None, run_after=None
[2024-09-06T06:08:51.481+0000] {logging_mixin.py:190} INFO - [2024-09-06T06:08:51.480+0000] {dag.py:4138} INFO - Setting next_dagrun for dataset_alias_example_alias_producer_with_no_taskflow to None, run_after=None
[2024-09-06T06:08:51.484+0000] {logging_mixin.py:190} INFO - [2024-09-06T06:08:51.484+0000] {dag.py:4138} INFO - Setting next_dagrun for dataset_s3_bucket_consumer_with_no_taskflow to None, run_after=None
[2024-09-06T06:08:51.489+0000] {logging_mixin.py:190} INFO - [2024-09-06T06:08:51.488+0000] {dag.py:4138} INFO - Setting next_dagrun for dataset_s3_bucket_producer_with_no_taskflow to None, run_after=None
[2024-09-06T06:08:51.531+0000] {processor.py:208} INFO - Processing /home/airflow/.local/lib/python3.12/site-packages/airflow/example_dags/example_dataset_alias_with_no_taskflow.py took 0.676 seconds
[2024-09-06T06:09:22.176+0000] {processor.py:186} INFO - Started process (PID=2026) to work on /home/airflow/.local/lib/python3.12/site-packages/airflow/example_dags/example_dataset_alias_with_no_taskflow.py
[2024-09-06T06:09:22.179+0000] {processor.py:914} INFO - Processing file /home/airflow/.local/lib/python3.12/site-packages/airflow/example_dags/example_dataset_alias_with_no_taskflow.py for tasks to queue
[2024-09-06T06:09:22.184+0000] {logging_mixin.py:190} INFO - [2024-09-06T06:09:22.183+0000] {dagbag.py:587} INFO - Filling up the DagBag from /home/airflow/.local/lib/python3.12/site-packages/airflow/example_dags/example_dataset_alias_with_no_taskflow.py
[2024-09-06T06:09:22.448+0000] {processor.py:925} INFO - DAG(s) 'dataset_s3_bucket_consumer_with_no_taskflow', 'dataset_s3_bucket_producer_with_no_taskflow', 'dataset_alias_example_alias_consumer_with_no_taskflow', 'dataset_alias_example_alias_producer_with_no_taskflow' retrieved from /home/airflow/.local/lib/python3.12/site-packages/airflow/example_dags/example_dataset_alias_with_no_taskflow.py
[2024-09-06T06:09:22.493+0000] {logging_mixin.py:190} INFO - [2024-09-06T06:09:22.493+0000] {dag.py:3211} INFO - Sync 4 DAGs
[2024-09-06T06:09:22.543+0000] {logging_mixin.py:190} INFO - [2024-09-06T06:09:22.543+0000] {dag.py:4138} INFO - Setting next_dagrun for dataset_alias_example_alias_consumer_with_no_taskflow to None, run_after=None
[2024-09-06T06:09:22.549+0000] {logging_mixin.py:190} INFO - [2024-09-06T06:09:22.549+0000] {dag.py:4138} INFO - Setting next_dagrun for dataset_alias_example_alias_producer_with_no_taskflow to None, run_after=None
[2024-09-06T06:09:22.552+0000] {logging_mixin.py:190} INFO - [2024-09-06T06:09:22.552+0000] {dag.py:4138} INFO - Setting next_dagrun for dataset_s3_bucket_consumer_with_no_taskflow to None, run_after=None
[2024-09-06T06:09:22.555+0000] {logging_mixin.py:190} INFO - [2024-09-06T06:09:22.555+0000] {dag.py:4138} INFO - Setting next_dagrun for dataset_s3_bucket_producer_with_no_taskflow to None, run_after=None
[2024-09-06T06:09:22.815+0000] {processor.py:208} INFO - Processing /home/airflow/.local/lib/python3.12/site-packages/airflow/example_dags/example_dataset_alias_with_no_taskflow.py took 0.668 seconds
[2024-09-06T06:09:52.913+0000] {processor.py:186} INFO - Started process (PID=2090) to work on /home/airflow/.local/lib/python3.12/site-packages/airflow/example_dags/example_dataset_alias_with_no_taskflow.py
[2024-09-06T06:09:52.915+0000] {processor.py:914} INFO - Processing file /home/airflow/.local/lib/python3.12/site-packages/airflow/example_dags/example_dataset_alias_with_no_taskflow.py for tasks to queue
[2024-09-06T06:09:52.921+0000] {logging_mixin.py:190} INFO - [2024-09-06T06:09:52.920+0000] {dagbag.py:587} INFO - Filling up the DagBag from /home/airflow/.local/lib/python3.12/site-packages/airflow/example_dags/example_dataset_alias_with_no_taskflow.py
[2024-09-06T06:09:53.293+0000] {processor.py:925} INFO - DAG(s) 'dataset_alias_example_alias_consumer_with_no_taskflow', 'dataset_s3_bucket_producer_with_no_taskflow', 'dataset_s3_bucket_consumer_with_no_taskflow', 'dataset_alias_example_alias_producer_with_no_taskflow' retrieved from /home/airflow/.local/lib/python3.12/site-packages/airflow/example_dags/example_dataset_alias_with_no_taskflow.py
[2024-09-06T06:09:53.348+0000] {logging_mixin.py:190} INFO - [2024-09-06T06:09:53.347+0000] {dag.py:3211} INFO - Sync 4 DAGs
[2024-09-06T06:09:53.395+0000] {logging_mixin.py:190} INFO - [2024-09-06T06:09:53.394+0000] {dag.py:4138} INFO - Setting next_dagrun for dataset_alias_example_alias_consumer_with_no_taskflow to None, run_after=None
[2024-09-06T06:09:53.400+0000] {logging_mixin.py:190} INFO - [2024-09-06T06:09:53.400+0000] {dag.py:4138} INFO - Setting next_dagrun for dataset_alias_example_alias_producer_with_no_taskflow to None, run_after=None
[2024-09-06T06:09:53.403+0000] {logging_mixin.py:190} INFO - [2024-09-06T06:09:53.403+0000] {dag.py:4138} INFO - Setting next_dagrun for dataset_s3_bucket_consumer_with_no_taskflow to None, run_after=None
[2024-09-06T06:09:53.406+0000] {logging_mixin.py:190} INFO - [2024-09-06T06:09:53.406+0000] {dag.py:4138} INFO - Setting next_dagrun for dataset_s3_bucket_producer_with_no_taskflow to None, run_after=None
[2024-09-06T06:09:53.443+0000] {processor.py:208} INFO - Processing /home/airflow/.local/lib/python3.12/site-packages/airflow/example_dags/example_dataset_alias_with_no_taskflow.py took 0.545 seconds
[2024-09-06T06:10:24.085+0000] {processor.py:186} INFO - Started process (PID=2153) to work on /home/airflow/.local/lib/python3.12/site-packages/airflow/example_dags/example_dataset_alias_with_no_taskflow.py
[2024-09-06T06:10:24.092+0000] {processor.py:914} INFO - Processing file /home/airflow/.local/lib/python3.12/site-packages/airflow/example_dags/example_dataset_alias_with_no_taskflow.py for tasks to queue
[2024-09-06T06:10:24.106+0000] {logging_mixin.py:190} INFO - [2024-09-06T06:10:24.105+0000] {dagbag.py:587} INFO - Filling up the DagBag from /home/airflow/.local/lib/python3.12/site-packages/airflow/example_dags/example_dataset_alias_with_no_taskflow.py
[2024-09-06T06:10:24.563+0000] {processor.py:925} INFO - DAG(s) 'dataset_alias_example_alias_consumer_with_no_taskflow', 'dataset_s3_bucket_consumer_with_no_taskflow', 'dataset_s3_bucket_producer_with_no_taskflow', 'dataset_alias_example_alias_producer_with_no_taskflow' retrieved from /home/airflow/.local/lib/python3.12/site-packages/airflow/example_dags/example_dataset_alias_with_no_taskflow.py
[2024-09-06T06:10:24.873+0000] {logging_mixin.py:190} INFO - [2024-09-06T06:10:24.872+0000] {dag.py:3211} INFO - Sync 4 DAGs
[2024-09-06T06:10:24.912+0000] {logging_mixin.py:190} INFO - [2024-09-06T06:10:24.912+0000] {dag.py:4138} INFO - Setting next_dagrun for dataset_alias_example_alias_consumer_with_no_taskflow to None, run_after=None
[2024-09-06T06:10:24.917+0000] {logging_mixin.py:190} INFO - [2024-09-06T06:10:24.917+0000] {dag.py:4138} INFO - Setting next_dagrun for dataset_alias_example_alias_producer_with_no_taskflow to None, run_after=None
[2024-09-06T06:10:24.920+0000] {logging_mixin.py:190} INFO - [2024-09-06T06:10:24.920+0000] {dag.py:4138} INFO - Setting next_dagrun for dataset_s3_bucket_consumer_with_no_taskflow to None, run_after=None
[2024-09-06T06:10:24.922+0000] {logging_mixin.py:190} INFO - [2024-09-06T06:10:24.922+0000] {dag.py:4138} INFO - Setting next_dagrun for dataset_s3_bucket_producer_with_no_taskflow to None, run_after=None
[2024-09-06T06:10:24.958+0000] {processor.py:208} INFO - Processing /home/airflow/.local/lib/python3.12/site-packages/airflow/example_dags/example_dataset_alias_with_no_taskflow.py took 0.921 seconds
[2024-09-06T06:10:55.937+0000] {processor.py:186} INFO - Started process (PID=2224) to work on /home/airflow/.local/lib/python3.12/site-packages/airflow/example_dags/example_dataset_alias_with_no_taskflow.py
[2024-09-06T06:10:55.939+0000] {processor.py:914} INFO - Processing file /home/airflow/.local/lib/python3.12/site-packages/airflow/example_dags/example_dataset_alias_with_no_taskflow.py for tasks to queue
[2024-09-06T06:10:55.943+0000] {logging_mixin.py:190} INFO - [2024-09-06T06:10:55.942+0000] {dagbag.py:587} INFO - Filling up the DagBag from /home/airflow/.local/lib/python3.12/site-packages/airflow/example_dags/example_dataset_alias_with_no_taskflow.py
[2024-09-06T06:10:56.216+0000] {processor.py:925} INFO - DAG(s) 'dataset_alias_example_alias_producer_with_no_taskflow', 'dataset_s3_bucket_consumer_with_no_taskflow', 'dataset_s3_bucket_producer_with_no_taskflow', 'dataset_alias_example_alias_consumer_with_no_taskflow' retrieved from /home/airflow/.local/lib/python3.12/site-packages/airflow/example_dags/example_dataset_alias_with_no_taskflow.py
[2024-09-06T06:10:56.253+0000] {logging_mixin.py:190} INFO - [2024-09-06T06:10:56.253+0000] {dag.py:3211} INFO - Sync 4 DAGs
[2024-09-06T06:10:56.577+0000] {logging_mixin.py:190} INFO - [2024-09-06T06:10:56.576+0000] {dag.py:4138} INFO - Setting next_dagrun for dataset_alias_example_alias_consumer_with_no_taskflow to None, run_after=None
[2024-09-06T06:10:56.582+0000] {logging_mixin.py:190} INFO - [2024-09-06T06:10:56.582+0000] {dag.py:4138} INFO - Setting next_dagrun for dataset_alias_example_alias_producer_with_no_taskflow to None, run_after=None
[2024-09-06T06:10:56.585+0000] {logging_mixin.py:190} INFO - [2024-09-06T06:10:56.585+0000] {dag.py:4138} INFO - Setting next_dagrun for dataset_s3_bucket_consumer_with_no_taskflow to None, run_after=None
[2024-09-06T06:10:56.588+0000] {logging_mixin.py:190} INFO - [2024-09-06T06:10:56.588+0000] {dag.py:4138} INFO - Setting next_dagrun for dataset_s3_bucket_producer_with_no_taskflow to None, run_after=None
[2024-09-06T06:10:56.635+0000] {processor.py:208} INFO - Processing /home/airflow/.local/lib/python3.12/site-packages/airflow/example_dags/example_dataset_alias_with_no_taskflow.py took 0.711 seconds
[2024-09-06T06:11:27.287+0000] {processor.py:186} INFO - Started process (PID=2287) to work on /home/airflow/.local/lib/python3.12/site-packages/airflow/example_dags/example_dataset_alias_with_no_taskflow.py
[2024-09-06T06:11:27.289+0000] {processor.py:914} INFO - Processing file /home/airflow/.local/lib/python3.12/site-packages/airflow/example_dags/example_dataset_alias_with_no_taskflow.py for tasks to queue
[2024-09-06T06:11:27.294+0000] {logging_mixin.py:190} INFO - [2024-09-06T06:11:27.293+0000] {dagbag.py:587} INFO - Filling up the DagBag from /home/airflow/.local/lib/python3.12/site-packages/airflow/example_dags/example_dataset_alias_with_no_taskflow.py
[2024-09-06T06:11:27.585+0000] {processor.py:925} INFO - DAG(s) 'dataset_alias_example_alias_producer_with_no_taskflow', 'dataset_s3_bucket_producer_with_no_taskflow', 'dataset_alias_example_alias_consumer_with_no_taskflow', 'dataset_s3_bucket_consumer_with_no_taskflow' retrieved from /home/airflow/.local/lib/python3.12/site-packages/airflow/example_dags/example_dataset_alias_with_no_taskflow.py
[2024-09-06T06:11:27.624+0000] {logging_mixin.py:190} INFO - [2024-09-06T06:11:27.624+0000] {dag.py:3211} INFO - Sync 4 DAGs
[2024-09-06T06:11:27.665+0000] {logging_mixin.py:190} INFO - [2024-09-06T06:11:27.664+0000] {dag.py:4138} INFO - Setting next_dagrun for dataset_alias_example_alias_consumer_with_no_taskflow to None, run_after=None
[2024-09-06T06:11:27.669+0000] {logging_mixin.py:190} INFO - [2024-09-06T06:11:27.669+0000] {dag.py:4138} INFO - Setting next_dagrun for dataset_alias_example_alias_producer_with_no_taskflow to None, run_after=None
[2024-09-06T06:11:27.672+0000] {logging_mixin.py:190} INFO - [2024-09-06T06:11:27.672+0000] {dag.py:4138} INFO - Setting next_dagrun for dataset_s3_bucket_consumer_with_no_taskflow to None, run_after=None
[2024-09-06T06:11:27.674+0000] {logging_mixin.py:190} INFO - [2024-09-06T06:11:27.674+0000] {dag.py:4138} INFO - Setting next_dagrun for dataset_s3_bucket_producer_with_no_taskflow to None, run_after=None
[2024-09-06T06:11:27.716+0000] {processor.py:208} INFO - Processing /home/airflow/.local/lib/python3.12/site-packages/airflow/example_dags/example_dataset_alias_with_no_taskflow.py took 0.441 seconds
[2024-09-06T06:11:57.874+0000] {processor.py:186} INFO - Started process (PID=2350) to work on /home/airflow/.local/lib/python3.12/site-packages/airflow/example_dags/example_dataset_alias_with_no_taskflow.py
[2024-09-06T06:11:57.877+0000] {processor.py:914} INFO - Processing file /home/airflow/.local/lib/python3.12/site-packages/airflow/example_dags/example_dataset_alias_with_no_taskflow.py for tasks to queue
[2024-09-06T06:11:57.882+0000] {logging_mixin.py:190} INFO - [2024-09-06T06:11:57.881+0000] {dagbag.py:587} INFO - Filling up the DagBag from /home/airflow/.local/lib/python3.12/site-packages/airflow/example_dags/example_dataset_alias_with_no_taskflow.py
[2024-09-06T06:11:58.172+0000] {processor.py:925} INFO - DAG(s) 'dataset_s3_bucket_producer_with_no_taskflow', 'dataset_s3_bucket_consumer_with_no_taskflow', 'dataset_alias_example_alias_producer_with_no_taskflow', 'dataset_alias_example_alias_consumer_with_no_taskflow' retrieved from /home/airflow/.local/lib/python3.12/site-packages/airflow/example_dags/example_dataset_alias_with_no_taskflow.py
[2024-09-06T06:11:58.455+0000] {logging_mixin.py:190} INFO - [2024-09-06T06:11:58.454+0000] {dag.py:3211} INFO - Sync 4 DAGs
[2024-09-06T06:11:58.496+0000] {logging_mixin.py:190} INFO - [2024-09-06T06:11:58.495+0000] {dag.py:4138} INFO - Setting next_dagrun for dataset_alias_example_alias_consumer_with_no_taskflow to None, run_after=None
[2024-09-06T06:11:58.501+0000] {logging_mixin.py:190} INFO - [2024-09-06T06:11:58.501+0000] {dag.py:4138} INFO - Setting next_dagrun for dataset_alias_example_alias_producer_with_no_taskflow to None, run_after=None
[2024-09-06T06:11:58.504+0000] {logging_mixin.py:190} INFO - [2024-09-06T06:11:58.504+0000] {dag.py:4138} INFO - Setting next_dagrun for dataset_s3_bucket_consumer_with_no_taskflow to None, run_after=None
[2024-09-06T06:11:58.507+0000] {logging_mixin.py:190} INFO - [2024-09-06T06:11:58.507+0000] {dag.py:4138} INFO - Setting next_dagrun for dataset_s3_bucket_producer_with_no_taskflow to None, run_after=None
[2024-09-06T06:11:58.549+0000] {processor.py:208} INFO - Processing /home/airflow/.local/lib/python3.12/site-packages/airflow/example_dags/example_dataset_alias_with_no_taskflow.py took 0.687 seconds
[2024-09-06T06:12:29.863+0000] {processor.py:186} INFO - Started process (PID=2414) to work on /home/airflow/.local/lib/python3.12/site-packages/airflow/example_dags/example_dataset_alias_with_no_taskflow.py
[2024-09-06T06:12:29.866+0000] {processor.py:914} INFO - Processing file /home/airflow/.local/lib/python3.12/site-packages/airflow/example_dags/example_dataset_alias_with_no_taskflow.py for tasks to queue
[2024-09-06T06:12:29.874+0000] {logging_mixin.py:190} INFO - [2024-09-06T06:12:29.873+0000] {dagbag.py:587} INFO - Filling up the DagBag from /home/airflow/.local/lib/python3.12/site-packages/airflow/example_dags/example_dataset_alias_with_no_taskflow.py
[2024-09-06T06:12:30.444+0000] {processor.py:925} INFO - DAG(s) 'dataset_s3_bucket_producer_with_no_taskflow', 'dataset_s3_bucket_consumer_with_no_taskflow', 'dataset_alias_example_alias_producer_with_no_taskflow', 'dataset_alias_example_alias_consumer_with_no_taskflow' retrieved from /home/airflow/.local/lib/python3.12/site-packages/airflow/example_dags/example_dataset_alias_with_no_taskflow.py
[2024-09-06T06:12:30.578+0000] {logging_mixin.py:190} INFO - [2024-09-06T06:12:30.578+0000] {dag.py:3211} INFO - Sync 4 DAGs
[2024-09-06T06:12:31.619+0000] {logging_mixin.py:190} INFO - [2024-09-06T06:12:31.618+0000] {dag.py:4138} INFO - Setting next_dagrun for dataset_alias_example_alias_consumer_with_no_taskflow to None, run_after=None
[2024-09-06T06:12:31.634+0000] {logging_mixin.py:190} INFO - [2024-09-06T06:12:31.634+0000] {dag.py:4138} INFO - Setting next_dagrun for dataset_alias_example_alias_producer_with_no_taskflow to None, run_after=None
[2024-09-06T06:12:31.668+0000] {logging_mixin.py:190} INFO - [2024-09-06T06:12:31.667+0000] {dag.py:4138} INFO - Setting next_dagrun for dataset_s3_bucket_consumer_with_no_taskflow to None, run_after=None
[2024-09-06T06:12:31.706+0000] {logging_mixin.py:190} INFO - [2024-09-06T06:12:31.706+0000] {dag.py:4138} INFO - Setting next_dagrun for dataset_s3_bucket_producer_with_no_taskflow to None, run_after=None
[2024-09-06T06:12:31.880+0000] {processor.py:208} INFO - Processing /home/airflow/.local/lib/python3.12/site-packages/airflow/example_dags/example_dataset_alias_with_no_taskflow.py took 2.033 seconds
[2024-09-06T06:13:02.955+0000] {processor.py:186} INFO - Started process (PID=2488) to work on /home/airflow/.local/lib/python3.12/site-packages/airflow/example_dags/example_dataset_alias_with_no_taskflow.py
[2024-09-06T06:13:02.957+0000] {processor.py:914} INFO - Processing file /home/airflow/.local/lib/python3.12/site-packages/airflow/example_dags/example_dataset_alias_with_no_taskflow.py for tasks to queue
[2024-09-06T06:13:02.963+0000] {logging_mixin.py:190} INFO - [2024-09-06T06:13:02.962+0000] {dagbag.py:587} INFO - Filling up the DagBag from /home/airflow/.local/lib/python3.12/site-packages/airflow/example_dags/example_dataset_alias_with_no_taskflow.py
[2024-09-06T06:13:03.221+0000] {processor.py:925} INFO - DAG(s) 'dataset_alias_example_alias_producer_with_no_taskflow', 'dataset_alias_example_alias_consumer_with_no_taskflow', 'dataset_s3_bucket_producer_with_no_taskflow', 'dataset_s3_bucket_consumer_with_no_taskflow' retrieved from /home/airflow/.local/lib/python3.12/site-packages/airflow/example_dags/example_dataset_alias_with_no_taskflow.py
[2024-09-06T06:13:03.285+0000] {logging_mixin.py:190} INFO - [2024-09-06T06:13:03.283+0000] {dag.py:3211} INFO - Sync 4 DAGs
[2024-09-06T06:13:03.640+0000] {logging_mixin.py:190} INFO - [2024-09-06T06:13:03.640+0000] {dag.py:4138} INFO - Setting next_dagrun for dataset_alias_example_alias_consumer_with_no_taskflow to None, run_after=None
[2024-09-06T06:13:03.645+0000] {logging_mixin.py:190} INFO - [2024-09-06T06:13:03.644+0000] {dag.py:4138} INFO - Setting next_dagrun for dataset_alias_example_alias_producer_with_no_taskflow to None, run_after=None
[2024-09-06T06:13:03.647+0000] {logging_mixin.py:190} INFO - [2024-09-06T06:13:03.647+0000] {dag.py:4138} INFO - Setting next_dagrun for dataset_s3_bucket_consumer_with_no_taskflow to None, run_after=None
[2024-09-06T06:13:03.650+0000] {logging_mixin.py:190} INFO - [2024-09-06T06:13:03.649+0000] {dag.py:4138} INFO - Setting next_dagrun for dataset_s3_bucket_producer_with_no_taskflow to None, run_after=None
[2024-09-06T06:13:03.683+0000] {processor.py:208} INFO - Processing /home/airflow/.local/lib/python3.12/site-packages/airflow/example_dags/example_dataset_alias_with_no_taskflow.py took 0.741 seconds
[2024-09-06T06:13:34.134+0000] {processor.py:186} INFO - Started process (PID=2570) to work on /home/airflow/.local/lib/python3.12/site-packages/airflow/example_dags/example_dataset_alias_with_no_taskflow.py
[2024-09-06T06:13:34.136+0000] {processor.py:914} INFO - Processing file /home/airflow/.local/lib/python3.12/site-packages/airflow/example_dags/example_dataset_alias_with_no_taskflow.py for tasks to queue
[2024-09-06T06:13:34.142+0000] {logging_mixin.py:190} INFO - [2024-09-06T06:13:34.142+0000] {dagbag.py:587} INFO - Filling up the DagBag from /home/airflow/.local/lib/python3.12/site-packages/airflow/example_dags/example_dataset_alias_with_no_taskflow.py
[2024-09-06T06:13:34.672+0000] {processor.py:925} INFO - DAG(s) 'dataset_alias_example_alias_producer_with_no_taskflow', 'dataset_alias_example_alias_consumer_with_no_taskflow', 'dataset_s3_bucket_producer_with_no_taskflow', 'dataset_s3_bucket_consumer_with_no_taskflow' retrieved from /home/airflow/.local/lib/python3.12/site-packages/airflow/example_dags/example_dataset_alias_with_no_taskflow.py
[2024-09-06T06:13:34.710+0000] {logging_mixin.py:190} INFO - [2024-09-06T06:13:34.709+0000] {dag.py:3211} INFO - Sync 4 DAGs
[2024-09-06T06:13:34.759+0000] {logging_mixin.py:190} INFO - [2024-09-06T06:13:34.758+0000] {dag.py:4138} INFO - Setting next_dagrun for dataset_alias_example_alias_consumer_with_no_taskflow to None, run_after=None
[2024-09-06T06:13:34.765+0000] {logging_mixin.py:190} INFO - [2024-09-06T06:13:34.765+0000] {dag.py:4138} INFO - Setting next_dagrun for dataset_alias_example_alias_producer_with_no_taskflow to None, run_after=None
[2024-09-06T06:13:34.771+0000] {logging_mixin.py:190} INFO - [2024-09-06T06:13:34.770+0000] {dag.py:4138} INFO - Setting next_dagrun for dataset_s3_bucket_consumer_with_no_taskflow to None, run_after=None
[2024-09-06T06:13:34.776+0000] {logging_mixin.py:190} INFO - [2024-09-06T06:13:34.775+0000] {dag.py:4138} INFO - Setting next_dagrun for dataset_s3_bucket_producer_with_no_taskflow to None, run_after=None
[2024-09-06T06:13:34.837+0000] {processor.py:208} INFO - Processing /home/airflow/.local/lib/python3.12/site-packages/airflow/example_dags/example_dataset_alias_with_no_taskflow.py took 0.717 seconds
[2024-09-06T06:14:05.238+0000] {processor.py:186} INFO - Started process (PID=2637) to work on /home/airflow/.local/lib/python3.12/site-packages/airflow/example_dags/example_dataset_alias_with_no_taskflow.py
[2024-09-06T06:14:05.241+0000] {processor.py:914} INFO - Processing file /home/airflow/.local/lib/python3.12/site-packages/airflow/example_dags/example_dataset_alias_with_no_taskflow.py for tasks to queue
[2024-09-06T06:14:05.246+0000] {logging_mixin.py:190} INFO - [2024-09-06T06:14:05.245+0000] {dagbag.py:587} INFO - Filling up the DagBag from /home/airflow/.local/lib/python3.12/site-packages/airflow/example_dags/example_dataset_alias_with_no_taskflow.py
[2024-09-06T06:14:05.815+0000] {processor.py:925} INFO - DAG(s) 'dataset_alias_example_alias_producer_with_no_taskflow', 'dataset_s3_bucket_consumer_with_no_taskflow', 'dataset_s3_bucket_producer_with_no_taskflow', 'dataset_alias_example_alias_consumer_with_no_taskflow' retrieved from /home/airflow/.local/lib/python3.12/site-packages/airflow/example_dags/example_dataset_alias_with_no_taskflow.py
[2024-09-06T06:14:05.885+0000] {logging_mixin.py:190} INFO - [2024-09-06T06:14:05.884+0000] {dag.py:3211} INFO - Sync 4 DAGs
[2024-09-06T06:14:05.943+0000] {logging_mixin.py:190} INFO - [2024-09-06T06:14:05.942+0000] {dag.py:4138} INFO - Setting next_dagrun for dataset_alias_example_alias_consumer_with_no_taskflow to None, run_after=None
[2024-09-06T06:14:05.949+0000] {logging_mixin.py:190} INFO - [2024-09-06T06:14:05.948+0000] {dag.py:4138} INFO - Setting next_dagrun for dataset_alias_example_alias_producer_with_no_taskflow to None, run_after=None
[2024-09-06T06:14:05.953+0000] {logging_mixin.py:190} INFO - [2024-09-06T06:14:05.953+0000] {dag.py:4138} INFO - Setting next_dagrun for dataset_s3_bucket_consumer_with_no_taskflow to None, run_after=None
[2024-09-06T06:14:05.957+0000] {logging_mixin.py:190} INFO - [2024-09-06T06:14:05.956+0000] {dag.py:4138} INFO - Setting next_dagrun for dataset_s3_bucket_producer_with_no_taskflow to None, run_after=None
[2024-09-06T06:14:06.078+0000] {processor.py:208} INFO - Processing /home/airflow/.local/lib/python3.12/site-packages/airflow/example_dags/example_dataset_alias_with_no_taskflow.py took 0.857 seconds
[2024-09-06T06:14:36.697+0000] {processor.py:186} INFO - Started process (PID=2713) to work on /home/airflow/.local/lib/python3.12/site-packages/airflow/example_dags/example_dataset_alias_with_no_taskflow.py
[2024-09-06T06:14:36.699+0000] {processor.py:914} INFO - Processing file /home/airflow/.local/lib/python3.12/site-packages/airflow/example_dags/example_dataset_alias_with_no_taskflow.py for tasks to queue
[2024-09-06T06:14:36.704+0000] {logging_mixin.py:190} INFO - [2024-09-06T06:14:36.704+0000] {dagbag.py:587} INFO - Filling up the DagBag from /home/airflow/.local/lib/python3.12/site-packages/airflow/example_dags/example_dataset_alias_with_no_taskflow.py
[2024-09-06T06:14:37.245+0000] {processor.py:925} INFO - DAG(s) 'dataset_alias_example_alias_consumer_with_no_taskflow', 'dataset_s3_bucket_consumer_with_no_taskflow', 'dataset_s3_bucket_producer_with_no_taskflow', 'dataset_alias_example_alias_producer_with_no_taskflow' retrieved from /home/airflow/.local/lib/python3.12/site-packages/airflow/example_dags/example_dataset_alias_with_no_taskflow.py
[2024-09-06T06:14:37.287+0000] {logging_mixin.py:190} INFO - [2024-09-06T06:14:37.286+0000] {dag.py:3211} INFO - Sync 4 DAGs
[2024-09-06T06:14:37.358+0000] {logging_mixin.py:190} INFO - [2024-09-06T06:14:37.357+0000] {dag.py:4138} INFO - Setting next_dagrun for dataset_alias_example_alias_consumer_with_no_taskflow to None, run_after=None
[2024-09-06T06:14:37.364+0000] {logging_mixin.py:190} INFO - [2024-09-06T06:14:37.363+0000] {dag.py:4138} INFO - Setting next_dagrun for dataset_alias_example_alias_producer_with_no_taskflow to None, run_after=None
[2024-09-06T06:14:37.368+0000] {logging_mixin.py:190} INFO - [2024-09-06T06:14:37.367+0000] {dag.py:4138} INFO - Setting next_dagrun for dataset_s3_bucket_consumer_with_no_taskflow to None, run_after=None
[2024-09-06T06:14:37.371+0000] {logging_mixin.py:190} INFO - [2024-09-06T06:14:37.370+0000] {dag.py:4138} INFO - Setting next_dagrun for dataset_s3_bucket_producer_with_no_taskflow to None, run_after=None
[2024-09-06T06:14:37.414+0000] {processor.py:208} INFO - Processing /home/airflow/.local/lib/python3.12/site-packages/airflow/example_dags/example_dataset_alias_with_no_taskflow.py took 0.733 seconds
[2024-09-06T06:15:13.889+0000] {processor.py:186} INFO - Started process (PID=2785) to work on /home/airflow/.local/lib/python3.12/site-packages/airflow/example_dags/example_dataset_alias_with_no_taskflow.py
[2024-09-06T06:15:13.892+0000] {processor.py:914} INFO - Processing file /home/airflow/.local/lib/python3.12/site-packages/airflow/example_dags/example_dataset_alias_with_no_taskflow.py for tasks to queue
[2024-09-06T06:15:13.897+0000] {logging_mixin.py:190} INFO - [2024-09-06T06:15:13.896+0000] {dagbag.py:587} INFO - Filling up the DagBag from /home/airflow/.local/lib/python3.12/site-packages/airflow/example_dags/example_dataset_alias_with_no_taskflow.py
[2024-09-06T06:15:14.464+0000] {processor.py:925} INFO - DAG(s) 'dataset_alias_example_alias_producer_with_no_taskflow', 'dataset_s3_bucket_consumer_with_no_taskflow', 'dataset_s3_bucket_producer_with_no_taskflow', 'dataset_alias_example_alias_consumer_with_no_taskflow' retrieved from /home/airflow/.local/lib/python3.12/site-packages/airflow/example_dags/example_dataset_alias_with_no_taskflow.py
[2024-09-06T06:15:14.508+0000] {logging_mixin.py:190} INFO - [2024-09-06T06:15:14.508+0000] {dag.py:3211} INFO - Sync 4 DAGs
[2024-09-06T06:15:14.559+0000] {logging_mixin.py:190} INFO - [2024-09-06T06:15:14.558+0000] {dag.py:4138} INFO - Setting next_dagrun for dataset_alias_example_alias_consumer_with_no_taskflow to None, run_after=None
[2024-09-06T06:15:14.565+0000] {logging_mixin.py:190} INFO - [2024-09-06T06:15:14.565+0000] {dag.py:4138} INFO - Setting next_dagrun for dataset_alias_example_alias_producer_with_no_taskflow to None, run_after=None
[2024-09-06T06:15:14.568+0000] {logging_mixin.py:190} INFO - [2024-09-06T06:15:14.568+0000] {dag.py:4138} INFO - Setting next_dagrun for dataset_s3_bucket_consumer_with_no_taskflow to None, run_after=None
[2024-09-06T06:15:14.572+0000] {logging_mixin.py:190} INFO - [2024-09-06T06:15:14.571+0000] {dag.py:4138} INFO - Setting next_dagrun for dataset_s3_bucket_producer_with_no_taskflow to None, run_after=None
[2024-09-06T06:15:14.620+0000] {processor.py:208} INFO - Processing /home/airflow/.local/lib/python3.12/site-packages/airflow/example_dags/example_dataset_alias_with_no_taskflow.py took 0.750 seconds
[2024-09-06T06:15:44.854+0000] {processor.py:186} INFO - Started process (PID=2852) to work on /home/airflow/.local/lib/python3.12/site-packages/airflow/example_dags/example_dataset_alias_with_no_taskflow.py
[2024-09-06T06:15:44.856+0000] {processor.py:914} INFO - Processing file /home/airflow/.local/lib/python3.12/site-packages/airflow/example_dags/example_dataset_alias_with_no_taskflow.py for tasks to queue
[2024-09-06T06:15:44.862+0000] {logging_mixin.py:190} INFO - [2024-09-06T06:15:44.861+0000] {dagbag.py:587} INFO - Filling up the DagBag from /home/airflow/.local/lib/python3.12/site-packages/airflow/example_dags/example_dataset_alias_with_no_taskflow.py
[2024-09-06T06:15:45.498+0000] {processor.py:925} INFO - DAG(s) 'dataset_s3_bucket_producer_with_no_taskflow', 'dataset_alias_example_alias_consumer_with_no_taskflow', 'dataset_alias_example_alias_producer_with_no_taskflow', 'dataset_s3_bucket_consumer_with_no_taskflow' retrieved from /home/airflow/.local/lib/python3.12/site-packages/airflow/example_dags/example_dataset_alias_with_no_taskflow.py
[2024-09-06T06:15:45.547+0000] {logging_mixin.py:190} INFO - [2024-09-06T06:15:45.546+0000] {dag.py:3211} INFO - Sync 4 DAGs
[2024-09-06T06:15:45.592+0000] {logging_mixin.py:190} INFO - [2024-09-06T06:15:45.591+0000] {dag.py:4138} INFO - Setting next_dagrun for dataset_alias_example_alias_consumer_with_no_taskflow to None, run_after=None
[2024-09-06T06:15:45.597+0000] {logging_mixin.py:190} INFO - [2024-09-06T06:15:45.596+0000] {dag.py:4138} INFO - Setting next_dagrun for dataset_alias_example_alias_producer_with_no_taskflow to None, run_after=None
[2024-09-06T06:15:45.600+0000] {logging_mixin.py:190} INFO - [2024-09-06T06:15:45.599+0000] {dag.py:4138} INFO - Setting next_dagrun for dataset_s3_bucket_consumer_with_no_taskflow to None, run_after=None
[2024-09-06T06:15:45.603+0000] {logging_mixin.py:190} INFO - [2024-09-06T06:15:45.602+0000] {dag.py:4138} INFO - Setting next_dagrun for dataset_s3_bucket_producer_with_no_taskflow to None, run_after=None
[2024-09-06T06:15:45.642+0000] {processor.py:208} INFO - Processing /home/airflow/.local/lib/python3.12/site-packages/airflow/example_dags/example_dataset_alias_with_no_taskflow.py took 0.807 seconds
[2024-09-06T06:16:15.794+0000] {processor.py:186} INFO - Started process (PID=2917) to work on /home/airflow/.local/lib/python3.12/site-packages/airflow/example_dags/example_dataset_alias_with_no_taskflow.py
[2024-09-06T06:16:15.801+0000] {processor.py:914} INFO - Processing file /home/airflow/.local/lib/python3.12/site-packages/airflow/example_dags/example_dataset_alias_with_no_taskflow.py for tasks to queue
[2024-09-06T06:16:15.808+0000] {logging_mixin.py:190} INFO - [2024-09-06T06:16:15.807+0000] {dagbag.py:587} INFO - Filling up the DagBag from /home/airflow/.local/lib/python3.12/site-packages/airflow/example_dags/example_dataset_alias_with_no_taskflow.py
[2024-09-06T06:16:17.152+0000] {processor.py:925} INFO - DAG(s) 'dataset_s3_bucket_producer_with_no_taskflow', 'dataset_alias_example_alias_producer_with_no_taskflow', 'dataset_s3_bucket_consumer_with_no_taskflow', 'dataset_alias_example_alias_consumer_with_no_taskflow' retrieved from /home/airflow/.local/lib/python3.12/site-packages/airflow/example_dags/example_dataset_alias_with_no_taskflow.py
[2024-09-06T06:16:17.195+0000] {logging_mixin.py:190} INFO - [2024-09-06T06:16:17.194+0000] {dag.py:3211} INFO - Sync 4 DAGs
[2024-09-06T06:16:17.244+0000] {logging_mixin.py:190} INFO - [2024-09-06T06:16:17.244+0000] {dag.py:4138} INFO - Setting next_dagrun for dataset_alias_example_alias_consumer_with_no_taskflow to None, run_after=None
[2024-09-06T06:16:17.251+0000] {logging_mixin.py:190} INFO - [2024-09-06T06:16:17.251+0000] {dag.py:4138} INFO - Setting next_dagrun for dataset_alias_example_alias_producer_with_no_taskflow to None, run_after=None
[2024-09-06T06:16:17.255+0000] {logging_mixin.py:190} INFO - [2024-09-06T06:16:17.254+0000] {dag.py:4138} INFO - Setting next_dagrun for dataset_s3_bucket_consumer_with_no_taskflow to None, run_after=None
[2024-09-06T06:16:17.259+0000] {logging_mixin.py:190} INFO - [2024-09-06T06:16:17.258+0000] {dag.py:4138} INFO - Setting next_dagrun for dataset_s3_bucket_producer_with_no_taskflow to None, run_after=None
[2024-09-06T06:16:17.314+0000] {processor.py:208} INFO - Processing /home/airflow/.local/lib/python3.12/site-packages/airflow/example_dags/example_dataset_alias_with_no_taskflow.py took 1.539 seconds
[2024-09-06T06:16:49.773+0000] {processor.py:186} INFO - Started process (PID=2990) to work on /home/airflow/.local/lib/python3.12/site-packages/airflow/example_dags/example_dataset_alias_with_no_taskflow.py
[2024-09-06T06:16:49.775+0000] {processor.py:914} INFO - Processing file /home/airflow/.local/lib/python3.12/site-packages/airflow/example_dags/example_dataset_alias_with_no_taskflow.py for tasks to queue
[2024-09-06T06:16:49.785+0000] {logging_mixin.py:190} INFO - [2024-09-06T06:16:49.783+0000] {dagbag.py:587} INFO - Filling up the DagBag from /home/airflow/.local/lib/python3.12/site-packages/airflow/example_dags/example_dataset_alias_with_no_taskflow.py
[2024-09-06T06:16:51.171+0000] {processor.py:925} INFO - DAG(s) 'dataset_alias_example_alias_consumer_with_no_taskflow', 'dataset_s3_bucket_consumer_with_no_taskflow', 'dataset_alias_example_alias_producer_with_no_taskflow', 'dataset_s3_bucket_producer_with_no_taskflow' retrieved from /home/airflow/.local/lib/python3.12/site-packages/airflow/example_dags/example_dataset_alias_with_no_taskflow.py
[2024-09-06T06:16:51.310+0000] {logging_mixin.py:190} INFO - [2024-09-06T06:16:51.310+0000] {dag.py:3211} INFO - Sync 4 DAGs
[2024-09-06T06:16:51.383+0000] {logging_mixin.py:190} INFO - [2024-09-06T06:16:51.382+0000] {dag.py:4138} INFO - Setting next_dagrun for dataset_alias_example_alias_consumer_with_no_taskflow to None, run_after=None
[2024-09-06T06:16:51.395+0000] {logging_mixin.py:190} INFO - [2024-09-06T06:16:51.394+0000] {dag.py:4138} INFO - Setting next_dagrun for dataset_alias_example_alias_producer_with_no_taskflow to None, run_after=None
[2024-09-06T06:16:51.398+0000] {logging_mixin.py:190} INFO - [2024-09-06T06:16:51.398+0000] {dag.py:4138} INFO - Setting next_dagrun for dataset_s3_bucket_consumer_with_no_taskflow to None, run_after=None
[2024-09-06T06:16:51.402+0000] {logging_mixin.py:190} INFO - [2024-09-06T06:16:51.402+0000] {dag.py:4138} INFO - Setting next_dagrun for dataset_s3_bucket_producer_with_no_taskflow to None, run_after=None
[2024-09-06T06:16:51.461+0000] {processor.py:208} INFO - Processing /home/airflow/.local/lib/python3.12/site-packages/airflow/example_dags/example_dataset_alias_with_no_taskflow.py took 1.730 seconds
[2024-09-06T06:17:22.048+0000] {processor.py:186} INFO - Started process (PID=3057) to work on /home/airflow/.local/lib/python3.12/site-packages/airflow/example_dags/example_dataset_alias_with_no_taskflow.py
[2024-09-06T06:17:22.051+0000] {processor.py:914} INFO - Processing file /home/airflow/.local/lib/python3.12/site-packages/airflow/example_dags/example_dataset_alias_with_no_taskflow.py for tasks to queue
[2024-09-06T06:17:22.056+0000] {logging_mixin.py:190} INFO - [2024-09-06T06:17:22.056+0000] {dagbag.py:587} INFO - Filling up the DagBag from /home/airflow/.local/lib/python3.12/site-packages/airflow/example_dags/example_dataset_alias_with_no_taskflow.py
[2024-09-06T06:17:22.656+0000] {processor.py:925} INFO - DAG(s) 'dataset_alias_example_alias_consumer_with_no_taskflow', 'dataset_alias_example_alias_producer_with_no_taskflow', 'dataset_s3_bucket_consumer_with_no_taskflow', 'dataset_s3_bucket_producer_with_no_taskflow' retrieved from /home/airflow/.local/lib/python3.12/site-packages/airflow/example_dags/example_dataset_alias_with_no_taskflow.py
[2024-09-06T06:17:22.704+0000] {logging_mixin.py:190} INFO - [2024-09-06T06:17:22.704+0000] {dag.py:3211} INFO - Sync 4 DAGs
[2024-09-06T06:17:22.754+0000] {logging_mixin.py:190} INFO - [2024-09-06T06:17:22.753+0000] {dag.py:4138} INFO - Setting next_dagrun for dataset_alias_example_alias_consumer_with_no_taskflow to None, run_after=None
[2024-09-06T06:17:22.760+0000] {logging_mixin.py:190} INFO - [2024-09-06T06:17:22.760+0000] {dag.py:4138} INFO - Setting next_dagrun for dataset_alias_example_alias_producer_with_no_taskflow to None, run_after=None
[2024-09-06T06:17:22.764+0000] {logging_mixin.py:190} INFO - [2024-09-06T06:17:22.763+0000] {dag.py:4138} INFO - Setting next_dagrun for dataset_s3_bucket_consumer_with_no_taskflow to None, run_after=None
[2024-09-06T06:17:22.767+0000] {logging_mixin.py:190} INFO - [2024-09-06T06:17:22.766+0000] {dag.py:4138} INFO - Setting next_dagrun for dataset_s3_bucket_producer_with_no_taskflow to None, run_after=None
[2024-09-06T06:17:22.808+0000] {processor.py:208} INFO - Processing /home/airflow/.local/lib/python3.12/site-packages/airflow/example_dags/example_dataset_alias_with_no_taskflow.py took 0.780 seconds
[2024-09-06T06:18:26.868+0000] {processor.py:186} INFO - Started process (PID=3177) to work on /home/airflow/.local/lib/python3.12/site-packages/airflow/example_dags/example_dataset_alias_with_no_taskflow.py
[2024-09-06T06:18:26.879+0000] {processor.py:914} INFO - Processing file /home/airflow/.local/lib/python3.12/site-packages/airflow/example_dags/example_dataset_alias_with_no_taskflow.py for tasks to queue
[2024-09-06T06:18:26.903+0000] {logging_mixin.py:190} INFO - [2024-09-06T06:18:26.902+0000] {dagbag.py:587} INFO - Filling up the DagBag from /home/airflow/.local/lib/python3.12/site-packages/airflow/example_dags/example_dataset_alias_with_no_taskflow.py
[2024-09-06T06:18:28.870+0000] {processor.py:925} INFO - DAG(s) 'dataset_s3_bucket_producer_with_no_taskflow', 'dataset_alias_example_alias_producer_with_no_taskflow', 'dataset_s3_bucket_consumer_with_no_taskflow', 'dataset_alias_example_alias_consumer_with_no_taskflow' retrieved from /home/airflow/.local/lib/python3.12/site-packages/airflow/example_dags/example_dataset_alias_with_no_taskflow.py
[2024-09-06T06:18:29.171+0000] {logging_mixin.py:190} INFO - [2024-09-06T06:18:29.170+0000] {dag.py:3211} INFO - Sync 4 DAGs
[2024-09-06T06:18:29.255+0000] {logging_mixin.py:190} INFO - [2024-09-06T06:18:29.254+0000] {dag.py:4138} INFO - Setting next_dagrun for dataset_alias_example_alias_consumer_with_no_taskflow to None, run_after=None
[2024-09-06T06:18:29.264+0000] {logging_mixin.py:190} INFO - [2024-09-06T06:18:29.263+0000] {dag.py:4138} INFO - Setting next_dagrun for dataset_alias_example_alias_producer_with_no_taskflow to None, run_after=None
[2024-09-06T06:18:29.270+0000] {logging_mixin.py:190} INFO - [2024-09-06T06:18:29.269+0000] {dag.py:4138} INFO - Setting next_dagrun for dataset_s3_bucket_consumer_with_no_taskflow to None, run_after=None
[2024-09-06T06:18:29.280+0000] {logging_mixin.py:190} INFO - [2024-09-06T06:18:29.279+0000] {dag.py:4138} INFO - Setting next_dagrun for dataset_s3_bucket_producer_with_no_taskflow to None, run_after=None
[2024-09-06T06:18:29.358+0000] {processor.py:208} INFO - Processing /home/airflow/.local/lib/python3.12/site-packages/airflow/example_dags/example_dataset_alias_with_no_taskflow.py took 2.542 seconds
[2024-09-06T06:19:11.801+0000] {processor.py:186} INFO - Started process (PID=3249) to work on /home/airflow/.local/lib/python3.12/site-packages/airflow/example_dags/example_dataset_alias_with_no_taskflow.py
[2024-09-06T06:19:11.804+0000] {processor.py:914} INFO - Processing file /home/airflow/.local/lib/python3.12/site-packages/airflow/example_dags/example_dataset_alias_with_no_taskflow.py for tasks to queue
[2024-09-06T06:19:11.826+0000] {logging_mixin.py:190} INFO - [2024-09-06T06:19:11.825+0000] {dagbag.py:587} INFO - Filling up the DagBag from /home/airflow/.local/lib/python3.12/site-packages/airflow/example_dags/example_dataset_alias_with_no_taskflow.py
[2024-09-06T06:19:13.311+0000] {processor.py:925} INFO - DAG(s) 'dataset_s3_bucket_consumer_with_no_taskflow', 'dataset_alias_example_alias_consumer_with_no_taskflow', 'dataset_alias_example_alias_producer_with_no_taskflow', 'dataset_s3_bucket_producer_with_no_taskflow' retrieved from /home/airflow/.local/lib/python3.12/site-packages/airflow/example_dags/example_dataset_alias_with_no_taskflow.py
[2024-09-06T06:19:13.413+0000] {logging_mixin.py:190} INFO - [2024-09-06T06:19:13.412+0000] {dag.py:3211} INFO - Sync 4 DAGs
[2024-09-06T06:19:13.749+0000] {logging_mixin.py:190} INFO - [2024-09-06T06:19:13.749+0000] {dag.py:4138} INFO - Setting next_dagrun for dataset_alias_example_alias_consumer_with_no_taskflow to None, run_after=None
[2024-09-06T06:19:13.795+0000] {logging_mixin.py:190} INFO - [2024-09-06T06:19:13.767+0000] {dag.py:4138} INFO - Setting next_dagrun for dataset_alias_example_alias_producer_with_no_taskflow to None, run_after=None
[2024-09-06T06:19:13.802+0000] {logging_mixin.py:190} INFO - [2024-09-06T06:19:13.801+0000] {dag.py:4138} INFO - Setting next_dagrun for dataset_s3_bucket_consumer_with_no_taskflow to None, run_after=None
[2024-09-06T06:19:13.817+0000] {logging_mixin.py:190} INFO - [2024-09-06T06:19:13.817+0000] {dag.py:4138} INFO - Setting next_dagrun for dataset_s3_bucket_producer_with_no_taskflow to None, run_after=None
[2024-09-06T06:19:13.969+0000] {processor.py:208} INFO - Processing /home/airflow/.local/lib/python3.12/site-packages/airflow/example_dags/example_dataset_alias_with_no_taskflow.py took 2.233 seconds
