[2024-09-02T04:14:00.960+0000] {processor.py:186} INFO - Started process (PID=124) to work on /home/airflow/.local/lib/python3.12/site-packages/airflow/example_dags/example_datasets.py
[2024-09-02T04:14:00.962+0000] {processor.py:914} INFO - Processing file /home/airflow/.local/lib/python3.12/site-packages/airflow/example_dags/example_datasets.py for tasks to queue
[2024-09-02T04:14:00.980+0000] {logging_mixin.py:190} INFO - [2024-09-02T04:14:00.979+0000] {dagbag.py:587} INFO - Filling up the DagBag from /home/airflow/.local/lib/python3.12/site-packages/airflow/example_dags/example_datasets.py
[2024-09-02T04:14:01.393+0000] {processor.py:925} INFO - DAG(s) 'dataset_produces_2', 'dataset_consumes_1_never_scheduled', 'dataset_consumes_unknown_never_scheduled', 'consume_1_and_2_with_dataset_expressions', 'conditional_dataset_and_time_based_timetable', 'dataset_produces_1', 'dataset_consumes_1', 'dataset_consumes_1_and_2', 'consume_1_or_2_with_dataset_expressions', 'consume_1_or_both_2_and_3_with_dataset_expressions' retrieved from /home/airflow/.local/lib/python3.12/site-packages/airflow/example_dags/example_datasets.py
[2024-09-02T04:14:01.642+0000] {logging_mixin.py:190} INFO - [2024-09-02T04:14:01.641+0000] {override.py:1858} INFO - Created Permission View: can read on DAG:dataset_produces_2
[2024-09-02T04:14:01.663+0000] {logging_mixin.py:190} INFO - [2024-09-02T04:14:01.663+0000] {override.py:1858} INFO - Created Permission View: can delete on DAG:dataset_produces_2
[2024-09-02T04:14:01.680+0000] {logging_mixin.py:190} INFO - [2024-09-02T04:14:01.679+0000] {override.py:1858} INFO - Created Permission View: can edit on DAG:dataset_produces_2
[2024-09-02T04:14:01.719+0000] {logging_mixin.py:190} INFO - [2024-09-02T04:14:01.718+0000] {override.py:1858} INFO - Created Permission View: can read on DAG:dataset_consumes_1_never_scheduled
[2024-09-02T04:14:01.738+0000] {logging_mixin.py:190} INFO - [2024-09-02T04:14:01.737+0000] {override.py:1858} INFO - Created Permission View: can delete on DAG:dataset_consumes_1_never_scheduled
[2024-09-02T04:14:01.760+0000] {logging_mixin.py:190} INFO - [2024-09-02T04:14:01.759+0000] {override.py:1858} INFO - Created Permission View: can edit on DAG:dataset_consumes_1_never_scheduled
[2024-09-02T04:14:01.790+0000] {logging_mixin.py:190} INFO - [2024-09-02T04:14:01.790+0000] {override.py:1858} INFO - Created Permission View: can read on DAG:dataset_consumes_unknown_never_scheduled
[2024-09-02T04:14:01.829+0000] {logging_mixin.py:190} INFO - [2024-09-02T04:14:01.828+0000] {override.py:1858} INFO - Created Permission View: can delete on DAG:dataset_consumes_unknown_never_scheduled
[2024-09-02T04:14:01.871+0000] {logging_mixin.py:190} INFO - [2024-09-02T04:14:01.870+0000] {override.py:1858} INFO - Created Permission View: can edit on DAG:dataset_consumes_unknown_never_scheduled
[2024-09-02T04:14:01.939+0000] {logging_mixin.py:190} INFO - [2024-09-02T04:14:01.938+0000] {override.py:1858} INFO - Created Permission View: can read on DAG:consume_1_and_2_with_dataset_expressions
[2024-09-02T04:14:01.957+0000] {logging_mixin.py:190} INFO - [2024-09-02T04:14:01.956+0000] {override.py:1858} INFO - Created Permission View: can delete on DAG:consume_1_and_2_with_dataset_expressions
[2024-09-02T04:14:02.021+0000] {logging_mixin.py:190} INFO - [2024-09-02T04:14:02.020+0000] {override.py:1858} INFO - Created Permission View: can edit on DAG:consume_1_and_2_with_dataset_expressions
[2024-09-02T04:14:02.079+0000] {logging_mixin.py:190} INFO - [2024-09-02T04:14:02.079+0000] {override.py:1858} INFO - Created Permission View: can read on DAG:conditional_dataset_and_time_based_timetable
[2024-09-02T04:14:02.100+0000] {logging_mixin.py:190} INFO - [2024-09-02T04:14:02.099+0000] {override.py:1858} INFO - Created Permission View: can delete on DAG:conditional_dataset_and_time_based_timetable
[2024-09-02T04:14:02.127+0000] {logging_mixin.py:190} INFO - [2024-09-02T04:14:02.126+0000] {override.py:1858} INFO - Created Permission View: can edit on DAG:conditional_dataset_and_time_based_timetable
[2024-09-02T04:14:02.167+0000] {logging_mixin.py:190} INFO - [2024-09-02T04:14:02.167+0000] {override.py:1858} INFO - Created Permission View: can read on DAG:dataset_produces_1
[2024-09-02T04:14:02.193+0000] {logging_mixin.py:190} INFO - [2024-09-02T04:14:02.193+0000] {override.py:1858} INFO - Created Permission View: can delete on DAG:dataset_produces_1
[2024-09-02T04:14:02.211+0000] {logging_mixin.py:190} INFO - [2024-09-02T04:14:02.210+0000] {override.py:1858} INFO - Created Permission View: can edit on DAG:dataset_produces_1
[2024-09-02T04:14:02.252+0000] {logging_mixin.py:190} INFO - [2024-09-02T04:14:02.252+0000] {override.py:1858} INFO - Created Permission View: can read on DAG:dataset_consumes_1
[2024-09-02T04:14:02.286+0000] {logging_mixin.py:190} INFO - [2024-09-02T04:14:02.285+0000] {override.py:1858} INFO - Created Permission View: can delete on DAG:dataset_consumes_1
[2024-09-02T04:14:02.342+0000] {logging_mixin.py:190} INFO - [2024-09-02T04:14:02.341+0000] {override.py:1858} INFO - Created Permission View: can edit on DAG:dataset_consumes_1
[2024-09-02T04:14:02.395+0000] {logging_mixin.py:190} INFO - [2024-09-02T04:14:02.395+0000] {override.py:1858} INFO - Created Permission View: can read on DAG:dataset_consumes_1_and_2
[2024-09-02T04:14:02.411+0000] {logging_mixin.py:190} INFO - [2024-09-02T04:14:02.411+0000] {override.py:1858} INFO - Created Permission View: can delete on DAG:dataset_consumes_1_and_2
[2024-09-02T04:14:02.437+0000] {logging_mixin.py:190} INFO - [2024-09-02T04:14:02.437+0000] {override.py:1858} INFO - Created Permission View: can edit on DAG:dataset_consumes_1_and_2
[2024-09-02T04:14:02.494+0000] {logging_mixin.py:190} INFO - [2024-09-02T04:14:02.493+0000] {override.py:1858} INFO - Created Permission View: can read on DAG:consume_1_or_2_with_dataset_expressions
[2024-09-02T04:14:02.513+0000] {logging_mixin.py:190} INFO - [2024-09-02T04:14:02.513+0000] {override.py:1858} INFO - Created Permission View: can delete on DAG:consume_1_or_2_with_dataset_expressions
[2024-09-02T04:14:02.533+0000] {logging_mixin.py:190} INFO - [2024-09-02T04:14:02.531+0000] {override.py:1858} INFO - Created Permission View: can edit on DAG:consume_1_or_2_with_dataset_expressions
[2024-09-02T04:14:02.572+0000] {logging_mixin.py:190} INFO - [2024-09-02T04:14:02.571+0000] {override.py:1858} INFO - Created Permission View: can read on DAG:consume_1_or_both_2_and_3_with_dataset_expressions
[2024-09-02T04:14:02.588+0000] {logging_mixin.py:190} INFO - [2024-09-02T04:14:02.587+0000] {override.py:1858} INFO - Created Permission View: can delete on DAG:consume_1_or_both_2_and_3_with_dataset_expressions
[2024-09-02T04:14:02.604+0000] {logging_mixin.py:190} INFO - [2024-09-02T04:14:02.603+0000] {override.py:1858} INFO - Created Permission View: can edit on DAG:consume_1_or_both_2_and_3_with_dataset_expressions
[2024-09-02T04:14:02.605+0000] {logging_mixin.py:190} INFO - [2024-09-02T04:14:02.605+0000] {dag.py:3211} INFO - Sync 10 DAGs
[2024-09-02T04:14:02.637+0000] {logging_mixin.py:190} INFO - [2024-09-02T04:14:02.636+0000] {dag.py:3234} INFO - Creating ORM DAG for dataset_consumes_1_never_scheduled
[2024-09-02T04:14:02.639+0000] {logging_mixin.py:190} INFO - [2024-09-02T04:14:02.638+0000] {dag.py:3234} INFO - Creating ORM DAG for consume_1_or_2_with_dataset_expressions
[2024-09-02T04:14:02.640+0000] {logging_mixin.py:190} INFO - [2024-09-02T04:14:02.640+0000] {dag.py:3234} INFO - Creating ORM DAG for dataset_consumes_1
[2024-09-02T04:14:02.642+0000] {logging_mixin.py:190} INFO - [2024-09-02T04:14:02.642+0000] {dag.py:3234} INFO - Creating ORM DAG for dataset_produces_2
[2024-09-02T04:14:02.643+0000] {logging_mixin.py:190} INFO - [2024-09-02T04:14:02.643+0000] {dag.py:3234} INFO - Creating ORM DAG for dataset_consumes_unknown_never_scheduled
[2024-09-02T04:14:02.645+0000] {logging_mixin.py:190} INFO - [2024-09-02T04:14:02.645+0000] {dag.py:3234} INFO - Creating ORM DAG for dataset_produces_1
[2024-09-02T04:14:02.647+0000] {logging_mixin.py:190} INFO - [2024-09-02T04:14:02.646+0000] {dag.py:3234} INFO - Creating ORM DAG for dataset_consumes_1_and_2
[2024-09-02T04:14:02.649+0000] {logging_mixin.py:190} INFO - [2024-09-02T04:14:02.648+0000] {dag.py:3234} INFO - Creating ORM DAG for consume_1_or_both_2_and_3_with_dataset_expressions
[2024-09-02T04:14:02.651+0000] {logging_mixin.py:190} INFO - [2024-09-02T04:14:02.650+0000] {dag.py:3234} INFO - Creating ORM DAG for conditional_dataset_and_time_based_timetable
[2024-09-02T04:14:02.652+0000] {logging_mixin.py:190} INFO - [2024-09-02T04:14:02.652+0000] {dag.py:3234} INFO - Creating ORM DAG for consume_1_and_2_with_dataset_expressions
[2024-09-02T04:14:02.675+0000] {logging_mixin.py:190} INFO - [2024-09-02T04:14:02.674+0000] {dag.py:4138} INFO - Setting next_dagrun for conditional_dataset_and_time_based_timetable to 2024-08-28 01:00:00+00:00, run_after=2024-08-28 01:00:00+00:00
[2024-09-02T04:14:02.676+0000] {logging_mixin.py:190} INFO - [2024-09-02T04:14:02.676+0000] {dag.py:4138} INFO - Setting next_dagrun for consume_1_and_2_with_dataset_expressions to None, run_after=None
[2024-09-02T04:14:02.678+0000] {logging_mixin.py:190} INFO - [2024-09-02T04:14:02.677+0000] {dag.py:4138} INFO - Setting next_dagrun for consume_1_or_2_with_dataset_expressions to None, run_after=None
[2024-09-02T04:14:02.679+0000] {logging_mixin.py:190} INFO - [2024-09-02T04:14:02.679+0000] {dag.py:4138} INFO - Setting next_dagrun for consume_1_or_both_2_and_3_with_dataset_expressions to None, run_after=None
[2024-09-02T04:14:02.680+0000] {logging_mixin.py:190} INFO - [2024-09-02T04:14:02.680+0000] {dag.py:4138} INFO - Setting next_dagrun for dataset_consumes_1 to None, run_after=None
[2024-09-02T04:14:02.682+0000] {logging_mixin.py:190} INFO - [2024-09-02T04:14:02.682+0000] {dag.py:4138} INFO - Setting next_dagrun for dataset_consumes_1_and_2 to None, run_after=None
[2024-09-02T04:14:02.683+0000] {logging_mixin.py:190} INFO - [2024-09-02T04:14:02.683+0000] {dag.py:4138} INFO - Setting next_dagrun for dataset_consumes_1_never_scheduled to None, run_after=None
[2024-09-02T04:14:02.685+0000] {logging_mixin.py:190} INFO - [2024-09-02T04:14:02.685+0000] {dag.py:4138} INFO - Setting next_dagrun for dataset_consumes_unknown_never_scheduled to None, run_after=None
[2024-09-02T04:14:02.690+0000] {logging_mixin.py:190} INFO - [2024-09-02T04:14:02.689+0000] {dag.py:4138} INFO - Setting next_dagrun for dataset_produces_1 to 2024-09-01 00:00:00+00:00, run_after=2024-09-02 00:00:00+00:00
[2024-09-02T04:14:02.691+0000] {logging_mixin.py:190} INFO - [2024-09-02T04:14:02.691+0000] {dag.py:4138} INFO - Setting next_dagrun for dataset_produces_2 to None, run_after=None
[2024-09-02T04:14:02.809+0000] {processor.py:208} INFO - Processing /home/airflow/.local/lib/python3.12/site-packages/airflow/example_dags/example_datasets.py took 1.885 seconds
[2024-09-02T04:14:32.921+0000] {processor.py:186} INFO - Started process (PID=189) to work on /home/airflow/.local/lib/python3.12/site-packages/airflow/example_dags/example_datasets.py
[2024-09-02T04:14:32.924+0000] {processor.py:914} INFO - Processing file /home/airflow/.local/lib/python3.12/site-packages/airflow/example_dags/example_datasets.py for tasks to queue
[2024-09-02T04:14:32.929+0000] {logging_mixin.py:190} INFO - [2024-09-02T04:14:32.928+0000] {dagbag.py:587} INFO - Filling up the DagBag from /home/airflow/.local/lib/python3.12/site-packages/airflow/example_dags/example_datasets.py
[2024-09-02T04:14:33.227+0000] {processor.py:925} INFO - DAG(s) 'conditional_dataset_and_time_based_timetable', 'dataset_consumes_1_never_scheduled', 'dataset_produces_1', 'consume_1_or_both_2_and_3_with_dataset_expressions', 'dataset_produces_2', 'dataset_consumes_unknown_never_scheduled', 'consume_1_or_2_with_dataset_expressions', 'consume_1_and_2_with_dataset_expressions', 'dataset_consumes_1_and_2', 'dataset_consumes_1' retrieved from /home/airflow/.local/lib/python3.12/site-packages/airflow/example_dags/example_datasets.py
[2024-09-02T04:14:33.328+0000] {logging_mixin.py:190} INFO - [2024-09-02T04:14:33.328+0000] {dag.py:3211} INFO - Sync 10 DAGs
[2024-09-02T04:14:33.396+0000] {logging_mixin.py:190} INFO - [2024-09-02T04:14:33.395+0000] {dag.py:4138} INFO - Setting next_dagrun for conditional_dataset_and_time_based_timetable to 2024-08-28 01:00:00+00:00, run_after=2024-08-28 01:00:00+00:00
[2024-09-02T04:14:33.410+0000] {logging_mixin.py:190} INFO - [2024-09-02T04:14:33.409+0000] {dag.py:4138} INFO - Setting next_dagrun for consume_1_and_2_with_dataset_expressions to None, run_after=None
[2024-09-02T04:14:33.418+0000] {logging_mixin.py:190} INFO - [2024-09-02T04:14:33.417+0000] {dag.py:4138} INFO - Setting next_dagrun for consume_1_or_2_with_dataset_expressions to None, run_after=None
[2024-09-02T04:14:33.422+0000] {logging_mixin.py:190} INFO - [2024-09-02T04:14:33.421+0000] {dag.py:4138} INFO - Setting next_dagrun for consume_1_or_both_2_and_3_with_dataset_expressions to None, run_after=None
[2024-09-02T04:14:33.427+0000] {logging_mixin.py:190} INFO - [2024-09-02T04:14:33.426+0000] {dag.py:4138} INFO - Setting next_dagrun for dataset_consumes_1 to None, run_after=None
[2024-09-02T04:14:33.431+0000] {logging_mixin.py:190} INFO - [2024-09-02T04:14:33.430+0000] {dag.py:4138} INFO - Setting next_dagrun for dataset_consumes_1_and_2 to None, run_after=None
[2024-09-02T04:14:33.441+0000] {logging_mixin.py:190} INFO - [2024-09-02T04:14:33.441+0000] {dag.py:4138} INFO - Setting next_dagrun for dataset_consumes_1_never_scheduled to None, run_after=None
[2024-09-02T04:14:33.444+0000] {logging_mixin.py:190} INFO - [2024-09-02T04:14:33.444+0000] {dag.py:4138} INFO - Setting next_dagrun for dataset_consumes_unknown_never_scheduled to None, run_after=None
[2024-09-02T04:14:33.449+0000] {logging_mixin.py:190} INFO - [2024-09-02T04:14:33.448+0000] {dag.py:4138} INFO - Setting next_dagrun for dataset_produces_1 to 2024-09-01 00:00:00+00:00, run_after=2024-09-02 00:00:00+00:00
[2024-09-02T04:14:33.452+0000] {logging_mixin.py:190} INFO - [2024-09-02T04:14:33.451+0000] {dag.py:4138} INFO - Setting next_dagrun for dataset_produces_2 to None, run_after=None
[2024-09-02T04:14:33.523+0000] {processor.py:208} INFO - Processing /home/airflow/.local/lib/python3.12/site-packages/airflow/example_dags/example_datasets.py took 0.613 seconds
[2024-09-02T04:15:04.237+0000] {processor.py:186} INFO - Started process (PID=252) to work on /home/airflow/.local/lib/python3.12/site-packages/airflow/example_dags/example_datasets.py
[2024-09-02T04:15:04.239+0000] {processor.py:914} INFO - Processing file /home/airflow/.local/lib/python3.12/site-packages/airflow/example_dags/example_datasets.py for tasks to queue
[2024-09-02T04:15:04.245+0000] {logging_mixin.py:190} INFO - [2024-09-02T04:15:04.244+0000] {dagbag.py:587} INFO - Filling up the DagBag from /home/airflow/.local/lib/python3.12/site-packages/airflow/example_dags/example_datasets.py
[2024-09-02T04:15:04.655+0000] {processor.py:925} INFO - DAG(s) 'conditional_dataset_and_time_based_timetable', 'consume_1_or_2_with_dataset_expressions', 'dataset_produces_2', 'dataset_consumes_1', 'dataset_consumes_unknown_never_scheduled', 'dataset_produces_1', 'dataset_consumes_1_and_2', 'consume_1_and_2_with_dataset_expressions', 'consume_1_or_both_2_and_3_with_dataset_expressions', 'dataset_consumes_1_never_scheduled' retrieved from /home/airflow/.local/lib/python3.12/site-packages/airflow/example_dags/example_datasets.py
[2024-09-02T04:15:04.821+0000] {logging_mixin.py:190} INFO - [2024-09-02T04:15:04.820+0000] {dag.py:3211} INFO - Sync 10 DAGs
[2024-09-02T04:15:04.880+0000] {logging_mixin.py:190} INFO - [2024-09-02T04:15:04.880+0000] {dag.py:4138} INFO - Setting next_dagrun for conditional_dataset_and_time_based_timetable to 2024-08-28 01:00:00+00:00, run_after=2024-08-28 01:00:00+00:00
[2024-09-02T04:15:04.889+0000] {logging_mixin.py:190} INFO - [2024-09-02T04:15:04.889+0000] {dag.py:4138} INFO - Setting next_dagrun for consume_1_and_2_with_dataset_expressions to None, run_after=None
[2024-09-02T04:15:04.895+0000] {logging_mixin.py:190} INFO - [2024-09-02T04:15:04.894+0000] {dag.py:4138} INFO - Setting next_dagrun for consume_1_or_2_with_dataset_expressions to None, run_after=None
[2024-09-02T04:15:04.898+0000] {logging_mixin.py:190} INFO - [2024-09-02T04:15:04.898+0000] {dag.py:4138} INFO - Setting next_dagrun for consume_1_or_both_2_and_3_with_dataset_expressions to None, run_after=None
[2024-09-02T04:15:04.902+0000] {logging_mixin.py:190} INFO - [2024-09-02T04:15:04.901+0000] {dag.py:4138} INFO - Setting next_dagrun for dataset_consumes_1 to None, run_after=None
[2024-09-02T04:15:04.905+0000] {logging_mixin.py:190} INFO - [2024-09-02T04:15:04.904+0000] {dag.py:4138} INFO - Setting next_dagrun for dataset_consumes_1_and_2 to None, run_after=None
[2024-09-02T04:15:04.908+0000] {logging_mixin.py:190} INFO - [2024-09-02T04:15:04.908+0000] {dag.py:4138} INFO - Setting next_dagrun for dataset_consumes_1_never_scheduled to None, run_after=None
[2024-09-02T04:15:04.911+0000] {logging_mixin.py:190} INFO - [2024-09-02T04:15:04.911+0000] {dag.py:4138} INFO - Setting next_dagrun for dataset_consumes_unknown_never_scheduled to None, run_after=None
[2024-09-02T04:15:04.916+0000] {logging_mixin.py:190} INFO - [2024-09-02T04:15:04.916+0000] {dag.py:4138} INFO - Setting next_dagrun for dataset_produces_1 to 2024-09-01 00:00:00+00:00, run_after=2024-09-02 00:00:00+00:00
[2024-09-02T04:15:04.919+0000] {logging_mixin.py:190} INFO - [2024-09-02T04:15:04.919+0000] {dag.py:4138} INFO - Setting next_dagrun for dataset_produces_2 to None, run_after=None
[2024-09-02T04:15:04.997+0000] {processor.py:208} INFO - Processing /home/airflow/.local/lib/python3.12/site-packages/airflow/example_dags/example_datasets.py took 0.772 seconds
[2024-09-02T04:15:35.578+0000] {processor.py:186} INFO - Started process (PID=316) to work on /home/airflow/.local/lib/python3.12/site-packages/airflow/example_dags/example_datasets.py
[2024-09-02T04:15:35.580+0000] {processor.py:914} INFO - Processing file /home/airflow/.local/lib/python3.12/site-packages/airflow/example_dags/example_datasets.py for tasks to queue
[2024-09-02T04:15:35.586+0000] {logging_mixin.py:190} INFO - [2024-09-02T04:15:35.586+0000] {dagbag.py:587} INFO - Filling up the DagBag from /home/airflow/.local/lib/python3.12/site-packages/airflow/example_dags/example_datasets.py
[2024-09-02T04:15:36.211+0000] {processor.py:925} INFO - DAG(s) 'consume_1_or_both_2_and_3_with_dataset_expressions', 'dataset_produces_2', 'dataset_produces_1', 'conditional_dataset_and_time_based_timetable', 'dataset_consumes_1', 'dataset_consumes_1_and_2', 'dataset_consumes_1_never_scheduled', 'consume_1_and_2_with_dataset_expressions', 'consume_1_or_2_with_dataset_expressions', 'dataset_consumes_unknown_never_scheduled' retrieved from /home/airflow/.local/lib/python3.12/site-packages/airflow/example_dags/example_datasets.py
[2024-09-02T04:15:36.386+0000] {logging_mixin.py:190} INFO - [2024-09-02T04:15:36.386+0000] {dag.py:3211} INFO - Sync 10 DAGs
[2024-09-02T04:15:36.476+0000] {logging_mixin.py:190} INFO - [2024-09-02T04:15:36.475+0000] {dag.py:4138} INFO - Setting next_dagrun for conditional_dataset_and_time_based_timetable to 2024-08-28 01:00:00+00:00, run_after=2024-08-28 01:00:00+00:00
[2024-09-02T04:15:36.491+0000] {logging_mixin.py:190} INFO - [2024-09-02T04:15:36.491+0000] {dag.py:4138} INFO - Setting next_dagrun for consume_1_and_2_with_dataset_expressions to None, run_after=None
[2024-09-02T04:15:36.508+0000] {logging_mixin.py:190} INFO - [2024-09-02T04:15:36.508+0000] {dag.py:4138} INFO - Setting next_dagrun for consume_1_or_2_with_dataset_expressions to None, run_after=None
[2024-09-02T04:15:36.525+0000] {logging_mixin.py:190} INFO - [2024-09-02T04:15:36.525+0000] {dag.py:4138} INFO - Setting next_dagrun for consume_1_or_both_2_and_3_with_dataset_expressions to None, run_after=None
[2024-09-02T04:15:36.536+0000] {logging_mixin.py:190} INFO - [2024-09-02T04:15:36.535+0000] {dag.py:4138} INFO - Setting next_dagrun for dataset_consumes_1 to None, run_after=None
[2024-09-02T04:15:36.541+0000] {logging_mixin.py:190} INFO - [2024-09-02T04:15:36.541+0000] {dag.py:4138} INFO - Setting next_dagrun for dataset_consumes_1_and_2 to None, run_after=None
[2024-09-02T04:15:36.552+0000] {logging_mixin.py:190} INFO - [2024-09-02T04:15:36.552+0000] {dag.py:4138} INFO - Setting next_dagrun for dataset_consumes_1_never_scheduled to None, run_after=None
[2024-09-02T04:15:36.572+0000] {logging_mixin.py:190} INFO - [2024-09-02T04:15:36.572+0000] {dag.py:4138} INFO - Setting next_dagrun for dataset_consumes_unknown_never_scheduled to None, run_after=None
[2024-09-02T04:15:36.586+0000] {logging_mixin.py:190} INFO - [2024-09-02T04:15:36.586+0000] {dag.py:4138} INFO - Setting next_dagrun for dataset_produces_1 to 2024-09-01 00:00:00+00:00, run_after=2024-09-02 00:00:00+00:00
[2024-09-02T04:15:36.591+0000] {logging_mixin.py:190} INFO - [2024-09-02T04:15:36.591+0000] {dag.py:4138} INFO - Setting next_dagrun for dataset_produces_2 to None, run_after=None
[2024-09-02T04:15:36.709+0000] {processor.py:208} INFO - Processing /home/airflow/.local/lib/python3.12/site-packages/airflow/example_dags/example_datasets.py took 1.190 seconds
[2024-09-02T04:16:06.869+0000] {processor.py:186} INFO - Started process (PID=381) to work on /home/airflow/.local/lib/python3.12/site-packages/airflow/example_dags/example_datasets.py
[2024-09-02T04:16:06.871+0000] {processor.py:914} INFO - Processing file /home/airflow/.local/lib/python3.12/site-packages/airflow/example_dags/example_datasets.py for tasks to queue
[2024-09-02T04:16:06.876+0000] {logging_mixin.py:190} INFO - [2024-09-02T04:16:06.875+0000] {dagbag.py:587} INFO - Filling up the DagBag from /home/airflow/.local/lib/python3.12/site-packages/airflow/example_dags/example_datasets.py
[2024-09-02T04:16:07.152+0000] {processor.py:925} INFO - DAG(s) 'dataset_produces_2', 'consume_1_or_both_2_and_3_with_dataset_expressions', 'consume_1_or_2_with_dataset_expressions', 'dataset_consumes_1', 'dataset_consumes_unknown_never_scheduled', 'dataset_consumes_1_never_scheduled', 'consume_1_and_2_with_dataset_expressions', 'dataset_produces_1', 'conditional_dataset_and_time_based_timetable', 'dataset_consumes_1_and_2' retrieved from /home/airflow/.local/lib/python3.12/site-packages/airflow/example_dags/example_datasets.py
[2024-09-02T04:16:07.229+0000] {logging_mixin.py:190} INFO - [2024-09-02T04:16:07.229+0000] {dag.py:3211} INFO - Sync 10 DAGs
[2024-09-02T04:16:07.279+0000] {logging_mixin.py:190} INFO - [2024-09-02T04:16:07.279+0000] {dag.py:4138} INFO - Setting next_dagrun for conditional_dataset_and_time_based_timetable to 2024-08-28 01:00:00+00:00, run_after=2024-08-28 01:00:00+00:00
[2024-09-02T04:16:07.293+0000] {logging_mixin.py:190} INFO - [2024-09-02T04:16:07.292+0000] {dag.py:4138} INFO - Setting next_dagrun for consume_1_and_2_with_dataset_expressions to None, run_after=None
[2024-09-02T04:16:07.301+0000] {logging_mixin.py:190} INFO - [2024-09-02T04:16:07.300+0000] {dag.py:4138} INFO - Setting next_dagrun for consume_1_or_2_with_dataset_expressions to None, run_after=None
[2024-09-02T04:16:07.305+0000] {logging_mixin.py:190} INFO - [2024-09-02T04:16:07.305+0000] {dag.py:4138} INFO - Setting next_dagrun for consume_1_or_both_2_and_3_with_dataset_expressions to None, run_after=None
[2024-09-02T04:16:07.308+0000] {logging_mixin.py:190} INFO - [2024-09-02T04:16:07.308+0000] {dag.py:4138} INFO - Setting next_dagrun for dataset_consumes_1 to None, run_after=None
[2024-09-02T04:16:07.312+0000] {logging_mixin.py:190} INFO - [2024-09-02T04:16:07.311+0000] {dag.py:4138} INFO - Setting next_dagrun for dataset_consumes_1_and_2 to None, run_after=None
[2024-09-02T04:16:07.315+0000] {logging_mixin.py:190} INFO - [2024-09-02T04:16:07.315+0000] {dag.py:4138} INFO - Setting next_dagrun for dataset_consumes_1_never_scheduled to None, run_after=None
[2024-09-02T04:16:07.318+0000] {logging_mixin.py:190} INFO - [2024-09-02T04:16:07.318+0000] {dag.py:4138} INFO - Setting next_dagrun for dataset_consumes_unknown_never_scheduled to None, run_after=None
[2024-09-02T04:16:07.324+0000] {logging_mixin.py:190} INFO - [2024-09-02T04:16:07.323+0000] {dag.py:4138} INFO - Setting next_dagrun for dataset_produces_1 to 2024-09-01 00:00:00+00:00, run_after=2024-09-02 00:00:00+00:00
[2024-09-02T04:16:07.327+0000] {logging_mixin.py:190} INFO - [2024-09-02T04:16:07.326+0000] {dag.py:4138} INFO - Setting next_dagrun for dataset_produces_2 to None, run_after=None
[2024-09-02T04:16:07.407+0000] {processor.py:208} INFO - Processing /home/airflow/.local/lib/python3.12/site-packages/airflow/example_dags/example_datasets.py took 0.550 seconds
[2024-09-02T04:16:37.596+0000] {processor.py:186} INFO - Started process (PID=444) to work on /home/airflow/.local/lib/python3.12/site-packages/airflow/example_dags/example_datasets.py
[2024-09-02T04:16:37.598+0000] {processor.py:914} INFO - Processing file /home/airflow/.local/lib/python3.12/site-packages/airflow/example_dags/example_datasets.py for tasks to queue
[2024-09-02T04:16:37.603+0000] {logging_mixin.py:190} INFO - [2024-09-02T04:16:37.602+0000] {dagbag.py:587} INFO - Filling up the DagBag from /home/airflow/.local/lib/python3.12/site-packages/airflow/example_dags/example_datasets.py
[2024-09-02T04:16:37.885+0000] {processor.py:925} INFO - DAG(s) 'conditional_dataset_and_time_based_timetable', 'consume_1_or_2_with_dataset_expressions', 'dataset_produces_2', 'dataset_consumes_1_never_scheduled', 'consume_1_or_both_2_and_3_with_dataset_expressions', 'consume_1_and_2_with_dataset_expressions', 'dataset_consumes_unknown_never_scheduled', 'dataset_consumes_1_and_2', 'dataset_consumes_1', 'dataset_produces_1' retrieved from /home/airflow/.local/lib/python3.12/site-packages/airflow/example_dags/example_datasets.py
[2024-09-02T04:16:37.969+0000] {logging_mixin.py:190} INFO - [2024-09-02T04:16:37.968+0000] {dag.py:3211} INFO - Sync 10 DAGs
[2024-09-02T04:16:38.021+0000] {logging_mixin.py:190} INFO - [2024-09-02T04:16:38.021+0000] {dag.py:4138} INFO - Setting next_dagrun for conditional_dataset_and_time_based_timetable to 2024-08-28 01:00:00+00:00, run_after=2024-08-28 01:00:00+00:00
[2024-09-02T04:16:38.028+0000] {logging_mixin.py:190} INFO - [2024-09-02T04:16:38.028+0000] {dag.py:4138} INFO - Setting next_dagrun for consume_1_and_2_with_dataset_expressions to None, run_after=None
[2024-09-02T04:16:38.031+0000] {logging_mixin.py:190} INFO - [2024-09-02T04:16:38.031+0000] {dag.py:4138} INFO - Setting next_dagrun for consume_1_or_2_with_dataset_expressions to None, run_after=None
[2024-09-02T04:16:38.034+0000] {logging_mixin.py:190} INFO - [2024-09-02T04:16:38.033+0000] {dag.py:4138} INFO - Setting next_dagrun for consume_1_or_both_2_and_3_with_dataset_expressions to None, run_after=None
[2024-09-02T04:16:38.036+0000] {logging_mixin.py:190} INFO - [2024-09-02T04:16:38.036+0000] {dag.py:4138} INFO - Setting next_dagrun for dataset_consumes_1 to None, run_after=None
[2024-09-02T04:16:38.038+0000] {logging_mixin.py:190} INFO - [2024-09-02T04:16:38.038+0000] {dag.py:4138} INFO - Setting next_dagrun for dataset_consumes_1_and_2 to None, run_after=None
[2024-09-02T04:16:38.041+0000] {logging_mixin.py:190} INFO - [2024-09-02T04:16:38.041+0000] {dag.py:4138} INFO - Setting next_dagrun for dataset_consumes_1_never_scheduled to None, run_after=None
[2024-09-02T04:16:38.044+0000] {logging_mixin.py:190} INFO - [2024-09-02T04:16:38.043+0000] {dag.py:4138} INFO - Setting next_dagrun for dataset_consumes_unknown_never_scheduled to None, run_after=None
[2024-09-02T04:16:38.049+0000] {logging_mixin.py:190} INFO - [2024-09-02T04:16:38.049+0000] {dag.py:4138} INFO - Setting next_dagrun for dataset_produces_1 to 2024-09-01 00:00:00+00:00, run_after=2024-09-02 00:00:00+00:00
[2024-09-02T04:16:38.052+0000] {logging_mixin.py:190} INFO - [2024-09-02T04:16:38.052+0000] {dag.py:4138} INFO - Setting next_dagrun for dataset_produces_2 to None, run_after=None
[2024-09-02T04:16:38.113+0000] {processor.py:208} INFO - Processing /home/airflow/.local/lib/python3.12/site-packages/airflow/example_dags/example_datasets.py took 0.539 seconds
[2024-09-02T04:17:08.851+0000] {processor.py:186} INFO - Started process (PID=507) to work on /home/airflow/.local/lib/python3.12/site-packages/airflow/example_dags/example_datasets.py
[2024-09-02T04:17:08.853+0000] {processor.py:914} INFO - Processing file /home/airflow/.local/lib/python3.12/site-packages/airflow/example_dags/example_datasets.py for tasks to queue
[2024-09-02T04:17:08.861+0000] {logging_mixin.py:190} INFO - [2024-09-02T04:17:08.860+0000] {dagbag.py:587} INFO - Filling up the DagBag from /home/airflow/.local/lib/python3.12/site-packages/airflow/example_dags/example_datasets.py
[2024-09-02T04:17:09.152+0000] {processor.py:925} INFO - DAG(s) 'consume_1_or_both_2_and_3_with_dataset_expressions', 'consume_1_and_2_with_dataset_expressions', 'dataset_produces_2', 'dataset_consumes_unknown_never_scheduled', 'conditional_dataset_and_time_based_timetable', 'dataset_produces_1', 'dataset_consumes_1_and_2', 'consume_1_or_2_with_dataset_expressions', 'dataset_consumes_1_never_scheduled', 'dataset_consumes_1' retrieved from /home/airflow/.local/lib/python3.12/site-packages/airflow/example_dags/example_datasets.py
[2024-09-02T04:17:09.258+0000] {logging_mixin.py:190} INFO - [2024-09-02T04:17:09.258+0000] {dag.py:3211} INFO - Sync 10 DAGs
[2024-09-02T04:17:09.340+0000] {logging_mixin.py:190} INFO - [2024-09-02T04:17:09.338+0000] {dag.py:4138} INFO - Setting next_dagrun for conditional_dataset_and_time_based_timetable to 2024-08-28 01:00:00+00:00, run_after=2024-08-28 01:00:00+00:00
[2024-09-02T04:17:09.350+0000] {logging_mixin.py:190} INFO - [2024-09-02T04:17:09.350+0000] {dag.py:4138} INFO - Setting next_dagrun for consume_1_and_2_with_dataset_expressions to None, run_after=None
[2024-09-02T04:17:09.353+0000] {logging_mixin.py:190} INFO - [2024-09-02T04:17:09.353+0000] {dag.py:4138} INFO - Setting next_dagrun for consume_1_or_2_with_dataset_expressions to None, run_after=None
[2024-09-02T04:17:09.359+0000] {logging_mixin.py:190} INFO - [2024-09-02T04:17:09.359+0000] {dag.py:4138} INFO - Setting next_dagrun for consume_1_or_both_2_and_3_with_dataset_expressions to None, run_after=None
[2024-09-02T04:17:09.362+0000] {logging_mixin.py:190} INFO - [2024-09-02T04:17:09.362+0000] {dag.py:4138} INFO - Setting next_dagrun for dataset_consumes_1 to None, run_after=None
[2024-09-02T04:17:09.365+0000] {logging_mixin.py:190} INFO - [2024-09-02T04:17:09.364+0000] {dag.py:4138} INFO - Setting next_dagrun for dataset_consumes_1_and_2 to None, run_after=None
[2024-09-02T04:17:09.368+0000] {logging_mixin.py:190} INFO - [2024-09-02T04:17:09.367+0000] {dag.py:4138} INFO - Setting next_dagrun for dataset_consumes_1_never_scheduled to None, run_after=None
[2024-09-02T04:17:09.371+0000] {logging_mixin.py:190} INFO - [2024-09-02T04:17:09.370+0000] {dag.py:4138} INFO - Setting next_dagrun for dataset_consumes_unknown_never_scheduled to None, run_after=None
[2024-09-02T04:17:09.378+0000] {logging_mixin.py:190} INFO - [2024-09-02T04:17:09.377+0000] {dag.py:4138} INFO - Setting next_dagrun for dataset_produces_1 to 2024-09-01 00:00:00+00:00, run_after=2024-09-02 00:00:00+00:00
[2024-09-02T04:17:09.387+0000] {logging_mixin.py:190} INFO - [2024-09-02T04:17:09.385+0000] {dag.py:4138} INFO - Setting next_dagrun for dataset_produces_2 to None, run_after=None
[2024-09-02T04:17:09.467+0000] {processor.py:208} INFO - Processing /home/airflow/.local/lib/python3.12/site-packages/airflow/example_dags/example_datasets.py took 0.632 seconds
[2024-09-02T04:17:40.447+0000] {processor.py:186} INFO - Started process (PID=570) to work on /home/airflow/.local/lib/python3.12/site-packages/airflow/example_dags/example_datasets.py
[2024-09-02T04:17:40.450+0000] {processor.py:914} INFO - Processing file /home/airflow/.local/lib/python3.12/site-packages/airflow/example_dags/example_datasets.py for tasks to queue
[2024-09-02T04:17:40.455+0000] {logging_mixin.py:190} INFO - [2024-09-02T04:17:40.454+0000] {dagbag.py:587} INFO - Filling up the DagBag from /home/airflow/.local/lib/python3.12/site-packages/airflow/example_dags/example_datasets.py
[2024-09-02T04:17:40.770+0000] {processor.py:925} INFO - DAG(s) 'dataset_consumes_1_never_scheduled', 'dataset_consumes_unknown_never_scheduled', 'consume_1_or_both_2_and_3_with_dataset_expressions', 'dataset_consumes_1_and_2', 'consume_1_or_2_with_dataset_expressions', 'conditional_dataset_and_time_based_timetable', 'dataset_produces_2', 'dataset_produces_1', 'dataset_consumes_1', 'consume_1_and_2_with_dataset_expressions' retrieved from /home/airflow/.local/lib/python3.12/site-packages/airflow/example_dags/example_datasets.py
[2024-09-02T04:17:40.860+0000] {logging_mixin.py:190} INFO - [2024-09-02T04:17:40.860+0000] {dag.py:3211} INFO - Sync 10 DAGs
[2024-09-02T04:17:40.924+0000] {logging_mixin.py:190} INFO - [2024-09-02T04:17:40.923+0000] {dag.py:4138} INFO - Setting next_dagrun for conditional_dataset_and_time_based_timetable to 2024-08-28 01:00:00+00:00, run_after=2024-08-28 01:00:00+00:00
[2024-09-02T04:17:40.931+0000] {logging_mixin.py:190} INFO - [2024-09-02T04:17:40.931+0000] {dag.py:4138} INFO - Setting next_dagrun for consume_1_and_2_with_dataset_expressions to None, run_after=None
[2024-09-02T04:17:40.934+0000] {logging_mixin.py:190} INFO - [2024-09-02T04:17:40.934+0000] {dag.py:4138} INFO - Setting next_dagrun for consume_1_or_2_with_dataset_expressions to None, run_after=None
[2024-09-02T04:17:40.938+0000] {logging_mixin.py:190} INFO - [2024-09-02T04:17:40.937+0000] {dag.py:4138} INFO - Setting next_dagrun for consume_1_or_both_2_and_3_with_dataset_expressions to None, run_after=None
[2024-09-02T04:17:40.941+0000] {logging_mixin.py:190} INFO - [2024-09-02T04:17:40.941+0000] {dag.py:4138} INFO - Setting next_dagrun for dataset_consumes_1 to None, run_after=None
[2024-09-02T04:17:40.944+0000] {logging_mixin.py:190} INFO - [2024-09-02T04:17:40.944+0000] {dag.py:4138} INFO - Setting next_dagrun for dataset_consumes_1_and_2 to None, run_after=None
[2024-09-02T04:17:40.947+0000] {logging_mixin.py:190} INFO - [2024-09-02T04:17:40.947+0000] {dag.py:4138} INFO - Setting next_dagrun for dataset_consumes_1_never_scheduled to None, run_after=None
[2024-09-02T04:17:40.950+0000] {logging_mixin.py:190} INFO - [2024-09-02T04:17:40.950+0000] {dag.py:4138} INFO - Setting next_dagrun for dataset_consumes_unknown_never_scheduled to None, run_after=None
[2024-09-02T04:17:40.955+0000] {logging_mixin.py:190} INFO - [2024-09-02T04:17:40.955+0000] {dag.py:4138} INFO - Setting next_dagrun for dataset_produces_1 to 2024-09-01 00:00:00+00:00, run_after=2024-09-02 00:00:00+00:00
[2024-09-02T04:17:40.958+0000] {logging_mixin.py:190} INFO - [2024-09-02T04:17:40.958+0000] {dag.py:4138} INFO - Setting next_dagrun for dataset_produces_2 to None, run_after=None
[2024-09-02T04:17:41.026+0000] {processor.py:208} INFO - Processing /home/airflow/.local/lib/python3.12/site-packages/airflow/example_dags/example_datasets.py took 0.592 seconds
[2024-09-02T04:18:11.399+0000] {processor.py:186} INFO - Started process (PID=633) to work on /home/airflow/.local/lib/python3.12/site-packages/airflow/example_dags/example_datasets.py
[2024-09-02T04:18:11.401+0000] {processor.py:914} INFO - Processing file /home/airflow/.local/lib/python3.12/site-packages/airflow/example_dags/example_datasets.py for tasks to queue
[2024-09-02T04:18:11.406+0000] {logging_mixin.py:190} INFO - [2024-09-02T04:18:11.405+0000] {dagbag.py:587} INFO - Filling up the DagBag from /home/airflow/.local/lib/python3.12/site-packages/airflow/example_dags/example_datasets.py
[2024-09-02T04:18:11.718+0000] {processor.py:925} INFO - DAG(s) 'consume_1_or_2_with_dataset_expressions', 'conditional_dataset_and_time_based_timetable', 'dataset_consumes_1_and_2', 'dataset_consumes_1_never_scheduled', 'consume_1_or_both_2_and_3_with_dataset_expressions', 'consume_1_and_2_with_dataset_expressions', 'dataset_produces_1', 'dataset_produces_2', 'dataset_consumes_unknown_never_scheduled', 'dataset_consumes_1' retrieved from /home/airflow/.local/lib/python3.12/site-packages/airflow/example_dags/example_datasets.py
[2024-09-02T04:18:11.819+0000] {logging_mixin.py:190} INFO - [2024-09-02T04:18:11.819+0000] {dag.py:3211} INFO - Sync 10 DAGs
[2024-09-02T04:18:11.877+0000] {logging_mixin.py:190} INFO - [2024-09-02T04:18:11.876+0000] {dag.py:4138} INFO - Setting next_dagrun for conditional_dataset_and_time_based_timetable to 2024-08-28 01:00:00+00:00, run_after=2024-08-28 01:00:00+00:00
[2024-09-02T04:18:11.884+0000] {logging_mixin.py:190} INFO - [2024-09-02T04:18:11.884+0000] {dag.py:4138} INFO - Setting next_dagrun for consume_1_and_2_with_dataset_expressions to None, run_after=None
[2024-09-02T04:18:11.888+0000] {logging_mixin.py:190} INFO - [2024-09-02T04:18:11.888+0000] {dag.py:4138} INFO - Setting next_dagrun for consume_1_or_2_with_dataset_expressions to None, run_after=None
[2024-09-02T04:18:11.891+0000] {logging_mixin.py:190} INFO - [2024-09-02T04:18:11.891+0000] {dag.py:4138} INFO - Setting next_dagrun for consume_1_or_both_2_and_3_with_dataset_expressions to None, run_after=None
[2024-09-02T04:18:11.894+0000] {logging_mixin.py:190} INFO - [2024-09-02T04:18:11.893+0000] {dag.py:4138} INFO - Setting next_dagrun for dataset_consumes_1 to None, run_after=None
[2024-09-02T04:18:11.897+0000] {logging_mixin.py:190} INFO - [2024-09-02T04:18:11.896+0000] {dag.py:4138} INFO - Setting next_dagrun for dataset_consumes_1_and_2 to None, run_after=None
[2024-09-02T04:18:11.900+0000] {logging_mixin.py:190} INFO - [2024-09-02T04:18:11.899+0000] {dag.py:4138} INFO - Setting next_dagrun for dataset_consumes_1_never_scheduled to None, run_after=None
[2024-09-02T04:18:11.902+0000] {logging_mixin.py:190} INFO - [2024-09-02T04:18:11.902+0000] {dag.py:4138} INFO - Setting next_dagrun for dataset_consumes_unknown_never_scheduled to None, run_after=None
[2024-09-02T04:18:11.908+0000] {logging_mixin.py:190} INFO - [2024-09-02T04:18:11.908+0000] {dag.py:4138} INFO - Setting next_dagrun for dataset_produces_1 to 2024-09-01 00:00:00+00:00, run_after=2024-09-02 00:00:00+00:00
[2024-09-02T04:18:11.912+0000] {logging_mixin.py:190} INFO - [2024-09-02T04:18:11.912+0000] {dag.py:4138} INFO - Setting next_dagrun for dataset_produces_2 to None, run_after=None
[2024-09-02T04:18:11.985+0000] {processor.py:208} INFO - Processing /home/airflow/.local/lib/python3.12/site-packages/airflow/example_dags/example_datasets.py took 0.599 seconds
[2024-09-02T04:18:42.139+0000] {processor.py:186} INFO - Started process (PID=696) to work on /home/airflow/.local/lib/python3.12/site-packages/airflow/example_dags/example_datasets.py
[2024-09-02T04:18:42.141+0000] {processor.py:914} INFO - Processing file /home/airflow/.local/lib/python3.12/site-packages/airflow/example_dags/example_datasets.py for tasks to queue
[2024-09-02T04:18:42.146+0000] {logging_mixin.py:190} INFO - [2024-09-02T04:18:42.145+0000] {dagbag.py:587} INFO - Filling up the DagBag from /home/airflow/.local/lib/python3.12/site-packages/airflow/example_dags/example_datasets.py
[2024-09-02T04:18:42.452+0000] {processor.py:925} INFO - DAG(s) 'dataset_consumes_1_and_2', 'dataset_consumes_1_never_scheduled', 'consume_1_and_2_with_dataset_expressions', 'dataset_consumes_1', 'consume_1_or_2_with_dataset_expressions', 'consume_1_or_both_2_and_3_with_dataset_expressions', 'conditional_dataset_and_time_based_timetable', 'dataset_produces_2', 'dataset_produces_1', 'dataset_consumes_unknown_never_scheduled' retrieved from /home/airflow/.local/lib/python3.12/site-packages/airflow/example_dags/example_datasets.py
[2024-09-02T04:18:42.544+0000] {logging_mixin.py:190} INFO - [2024-09-02T04:18:42.544+0000] {dag.py:3211} INFO - Sync 10 DAGs
[2024-09-02T04:18:42.602+0000] {logging_mixin.py:190} INFO - [2024-09-02T04:18:42.601+0000] {dag.py:4138} INFO - Setting next_dagrun for conditional_dataset_and_time_based_timetable to 2024-08-28 01:00:00+00:00, run_after=2024-08-28 01:00:00+00:00
[2024-09-02T04:18:42.610+0000] {logging_mixin.py:190} INFO - [2024-09-02T04:18:42.609+0000] {dag.py:4138} INFO - Setting next_dagrun for consume_1_and_2_with_dataset_expressions to None, run_after=None
[2024-09-02T04:18:42.614+0000] {logging_mixin.py:190} INFO - [2024-09-02T04:18:42.614+0000] {dag.py:4138} INFO - Setting next_dagrun for consume_1_or_2_with_dataset_expressions to None, run_after=None
[2024-09-02T04:18:42.618+0000] {logging_mixin.py:190} INFO - [2024-09-02T04:18:42.617+0000] {dag.py:4138} INFO - Setting next_dagrun for consume_1_or_both_2_and_3_with_dataset_expressions to None, run_after=None
[2024-09-02T04:18:42.623+0000] {logging_mixin.py:190} INFO - [2024-09-02T04:18:42.623+0000] {dag.py:4138} INFO - Setting next_dagrun for dataset_consumes_1 to None, run_after=None
[2024-09-02T04:18:42.626+0000] {logging_mixin.py:190} INFO - [2024-09-02T04:18:42.626+0000] {dag.py:4138} INFO - Setting next_dagrun for dataset_consumes_1_and_2 to None, run_after=None
[2024-09-02T04:18:42.629+0000] {logging_mixin.py:190} INFO - [2024-09-02T04:18:42.629+0000] {dag.py:4138} INFO - Setting next_dagrun for dataset_consumes_1_never_scheduled to None, run_after=None
[2024-09-02T04:18:42.633+0000] {logging_mixin.py:190} INFO - [2024-09-02T04:18:42.632+0000] {dag.py:4138} INFO - Setting next_dagrun for dataset_consumes_unknown_never_scheduled to None, run_after=None
[2024-09-02T04:18:42.638+0000] {logging_mixin.py:190} INFO - [2024-09-02T04:18:42.637+0000] {dag.py:4138} INFO - Setting next_dagrun for dataset_produces_1 to 2024-09-01 00:00:00+00:00, run_after=2024-09-02 00:00:00+00:00
[2024-09-02T04:18:42.641+0000] {logging_mixin.py:190} INFO - [2024-09-02T04:18:42.640+0000] {dag.py:4138} INFO - Setting next_dagrun for dataset_produces_2 to None, run_after=None
[2024-09-02T04:18:42.710+0000] {processor.py:208} INFO - Processing /home/airflow/.local/lib/python3.12/site-packages/airflow/example_dags/example_datasets.py took 0.585 seconds
[2024-09-02T04:19:12.870+0000] {processor.py:186} INFO - Started process (PID=759) to work on /home/airflow/.local/lib/python3.12/site-packages/airflow/example_dags/example_datasets.py
[2024-09-02T04:19:12.873+0000] {processor.py:914} INFO - Processing file /home/airflow/.local/lib/python3.12/site-packages/airflow/example_dags/example_datasets.py for tasks to queue
[2024-09-02T04:19:12.879+0000] {logging_mixin.py:190} INFO - [2024-09-02T04:19:12.878+0000] {dagbag.py:587} INFO - Filling up the DagBag from /home/airflow/.local/lib/python3.12/site-packages/airflow/example_dags/example_datasets.py
[2024-09-02T04:19:13.831+0000] {processor.py:925} INFO - DAG(s) 'dataset_consumes_1', 'conditional_dataset_and_time_based_timetable', 'dataset_consumes_1_and_2', 'consume_1_or_2_with_dataset_expressions', 'consume_1_and_2_with_dataset_expressions', 'dataset_consumes_unknown_never_scheduled', 'dataset_consumes_1_never_scheduled', 'dataset_produces_2', 'dataset_produces_1', 'consume_1_or_both_2_and_3_with_dataset_expressions' retrieved from /home/airflow/.local/lib/python3.12/site-packages/airflow/example_dags/example_datasets.py
[2024-09-02T04:19:14.016+0000] {logging_mixin.py:190} INFO - [2024-09-02T04:19:14.016+0000] {dag.py:3211} INFO - Sync 10 DAGs
[2024-09-02T04:19:14.123+0000] {logging_mixin.py:190} INFO - [2024-09-02T04:19:14.122+0000] {dag.py:4138} INFO - Setting next_dagrun for conditional_dataset_and_time_based_timetable to 2024-08-28 01:00:00+00:00, run_after=2024-08-28 01:00:00+00:00
[2024-09-02T04:19:14.145+0000] {logging_mixin.py:190} INFO - [2024-09-02T04:19:14.144+0000] {dag.py:4138} INFO - Setting next_dagrun for consume_1_and_2_with_dataset_expressions to None, run_after=None
[2024-09-02T04:19:14.158+0000] {logging_mixin.py:190} INFO - [2024-09-02T04:19:14.158+0000] {dag.py:4138} INFO - Setting next_dagrun for consume_1_or_2_with_dataset_expressions to None, run_after=None
[2024-09-02T04:19:14.164+0000] {logging_mixin.py:190} INFO - [2024-09-02T04:19:14.164+0000] {dag.py:4138} INFO - Setting next_dagrun for consume_1_or_both_2_and_3_with_dataset_expressions to None, run_after=None
[2024-09-02T04:19:14.169+0000] {logging_mixin.py:190} INFO - [2024-09-02T04:19:14.169+0000] {dag.py:4138} INFO - Setting next_dagrun for dataset_consumes_1 to None, run_after=None
[2024-09-02T04:19:14.177+0000] {logging_mixin.py:190} INFO - [2024-09-02T04:19:14.177+0000] {dag.py:4138} INFO - Setting next_dagrun for dataset_consumes_1_and_2 to None, run_after=None
[2024-09-02T04:19:14.181+0000] {logging_mixin.py:190} INFO - [2024-09-02T04:19:14.180+0000] {dag.py:4138} INFO - Setting next_dagrun for dataset_consumes_1_never_scheduled to None, run_after=None
[2024-09-02T04:19:14.185+0000] {logging_mixin.py:190} INFO - [2024-09-02T04:19:14.184+0000] {dag.py:4138} INFO - Setting next_dagrun for dataset_consumes_unknown_never_scheduled to None, run_after=None
[2024-09-02T04:19:14.197+0000] {logging_mixin.py:190} INFO - [2024-09-02T04:19:14.196+0000] {dag.py:4138} INFO - Setting next_dagrun for dataset_produces_1 to 2024-09-01 00:00:00+00:00, run_after=2024-09-02 00:00:00+00:00
[2024-09-02T04:19:14.201+0000] {logging_mixin.py:190} INFO - [2024-09-02T04:19:14.200+0000] {dag.py:4138} INFO - Setting next_dagrun for dataset_produces_2 to None, run_after=None
[2024-09-02T04:19:14.453+0000] {processor.py:208} INFO - Processing /home/airflow/.local/lib/python3.12/site-packages/airflow/example_dags/example_datasets.py took 1.611 seconds
[2024-09-02T04:19:45.309+0000] {processor.py:186} INFO - Started process (PID=822) to work on /home/airflow/.local/lib/python3.12/site-packages/airflow/example_dags/example_datasets.py
[2024-09-02T04:19:45.316+0000] {processor.py:914} INFO - Processing file /home/airflow/.local/lib/python3.12/site-packages/airflow/example_dags/example_datasets.py for tasks to queue
[2024-09-02T04:19:45.330+0000] {logging_mixin.py:190} INFO - [2024-09-02T04:19:45.324+0000] {dagbag.py:587} INFO - Filling up the DagBag from /home/airflow/.local/lib/python3.12/site-packages/airflow/example_dags/example_datasets.py
[2024-09-02T04:19:46.079+0000] {processor.py:925} INFO - DAG(s) 'conditional_dataset_and_time_based_timetable', 'dataset_consumes_1_never_scheduled', 'dataset_consumes_unknown_never_scheduled', 'consume_1_and_2_with_dataset_expressions', 'dataset_produces_2', 'dataset_consumes_1', 'dataset_produces_1', 'consume_1_or_2_with_dataset_expressions', 'consume_1_or_both_2_and_3_with_dataset_expressions', 'dataset_consumes_1_and_2' retrieved from /home/airflow/.local/lib/python3.12/site-packages/airflow/example_dags/example_datasets.py
[2024-09-02T04:19:46.244+0000] {logging_mixin.py:190} INFO - [2024-09-02T04:19:46.244+0000] {dag.py:3211} INFO - Sync 10 DAGs
[2024-09-02T04:19:46.359+0000] {logging_mixin.py:190} INFO - [2024-09-02T04:19:46.358+0000] {dag.py:4138} INFO - Setting next_dagrun for conditional_dataset_and_time_based_timetable to 2024-08-28 01:00:00+00:00, run_after=2024-08-28 01:00:00+00:00
[2024-09-02T04:19:46.375+0000] {logging_mixin.py:190} INFO - [2024-09-02T04:19:46.374+0000] {dag.py:4138} INFO - Setting next_dagrun for consume_1_and_2_with_dataset_expressions to None, run_after=None
[2024-09-02T04:19:46.379+0000] {logging_mixin.py:190} INFO - [2024-09-02T04:19:46.379+0000] {dag.py:4138} INFO - Setting next_dagrun for consume_1_or_2_with_dataset_expressions to None, run_after=None
[2024-09-02T04:19:46.385+0000] {logging_mixin.py:190} INFO - [2024-09-02T04:19:46.382+0000] {dag.py:4138} INFO - Setting next_dagrun for consume_1_or_both_2_and_3_with_dataset_expressions to None, run_after=None
[2024-09-02T04:19:46.393+0000] {logging_mixin.py:190} INFO - [2024-09-02T04:19:46.393+0000] {dag.py:4138} INFO - Setting next_dagrun for dataset_consumes_1 to None, run_after=None
[2024-09-02T04:19:46.397+0000] {logging_mixin.py:190} INFO - [2024-09-02T04:19:46.396+0000] {dag.py:4138} INFO - Setting next_dagrun for dataset_consumes_1_and_2 to None, run_after=None
[2024-09-02T04:19:46.402+0000] {logging_mixin.py:190} INFO - [2024-09-02T04:19:46.402+0000] {dag.py:4138} INFO - Setting next_dagrun for dataset_consumes_1_never_scheduled to None, run_after=None
[2024-09-02T04:19:46.407+0000] {logging_mixin.py:190} INFO - [2024-09-02T04:19:46.407+0000] {dag.py:4138} INFO - Setting next_dagrun for dataset_consumes_unknown_never_scheduled to None, run_after=None
[2024-09-02T04:19:46.416+0000] {logging_mixin.py:190} INFO - [2024-09-02T04:19:46.415+0000] {dag.py:4138} INFO - Setting next_dagrun for dataset_produces_1 to 2024-09-01 00:00:00+00:00, run_after=2024-09-02 00:00:00+00:00
[2024-09-02T04:19:46.421+0000] {logging_mixin.py:190} INFO - [2024-09-02T04:19:46.421+0000] {dag.py:4138} INFO - Setting next_dagrun for dataset_produces_2 to None, run_after=None
[2024-09-02T04:19:46.521+0000] {processor.py:208} INFO - Processing /home/airflow/.local/lib/python3.12/site-packages/airflow/example_dags/example_datasets.py took 1.231 seconds
[2024-09-02T04:20:17.043+0000] {processor.py:186} INFO - Started process (PID=887) to work on /home/airflow/.local/lib/python3.12/site-packages/airflow/example_dags/example_datasets.py
[2024-09-02T04:20:17.045+0000] {processor.py:914} INFO - Processing file /home/airflow/.local/lib/python3.12/site-packages/airflow/example_dags/example_datasets.py for tasks to queue
[2024-09-02T04:20:17.053+0000] {logging_mixin.py:190} INFO - [2024-09-02T04:20:17.052+0000] {dagbag.py:587} INFO - Filling up the DagBag from /home/airflow/.local/lib/python3.12/site-packages/airflow/example_dags/example_datasets.py
[2024-09-02T04:20:17.540+0000] {processor.py:925} INFO - DAG(s) 'dataset_consumes_1_and_2', 'consume_1_or_2_with_dataset_expressions', 'dataset_consumes_1_never_scheduled', 'conditional_dataset_and_time_based_timetable', 'dataset_produces_1', 'dataset_consumes_unknown_never_scheduled', 'consume_1_or_both_2_and_3_with_dataset_expressions', 'consume_1_and_2_with_dataset_expressions', 'dataset_consumes_1', 'dataset_produces_2' retrieved from /home/airflow/.local/lib/python3.12/site-packages/airflow/example_dags/example_datasets.py
[2024-09-02T04:20:17.962+0000] {logging_mixin.py:190} INFO - [2024-09-02T04:20:17.961+0000] {dag.py:3211} INFO - Sync 10 DAGs
[2024-09-02T04:20:18.165+0000] {logging_mixin.py:190} INFO - [2024-09-02T04:20:18.165+0000] {dag.py:4138} INFO - Setting next_dagrun for conditional_dataset_and_time_based_timetable to 2024-08-28 01:00:00+00:00, run_after=2024-08-28 01:00:00+00:00
[2024-09-02T04:20:18.195+0000] {logging_mixin.py:190} INFO - [2024-09-02T04:20:18.194+0000] {dag.py:4138} INFO - Setting next_dagrun for consume_1_and_2_with_dataset_expressions to None, run_after=None
[2024-09-02T04:20:18.199+0000] {logging_mixin.py:190} INFO - [2024-09-02T04:20:18.198+0000] {dag.py:4138} INFO - Setting next_dagrun for consume_1_or_2_with_dataset_expressions to None, run_after=None
[2024-09-02T04:20:18.211+0000] {logging_mixin.py:190} INFO - [2024-09-02T04:20:18.211+0000] {dag.py:4138} INFO - Setting next_dagrun for consume_1_or_both_2_and_3_with_dataset_expressions to None, run_after=None
[2024-09-02T04:20:18.215+0000] {logging_mixin.py:190} INFO - [2024-09-02T04:20:18.214+0000] {dag.py:4138} INFO - Setting next_dagrun for dataset_consumes_1 to None, run_after=None
[2024-09-02T04:20:18.229+0000] {logging_mixin.py:190} INFO - [2024-09-02T04:20:18.228+0000] {dag.py:4138} INFO - Setting next_dagrun for dataset_consumes_1_and_2 to None, run_after=None
[2024-09-02T04:20:18.232+0000] {logging_mixin.py:190} INFO - [2024-09-02T04:20:18.232+0000] {dag.py:4138} INFO - Setting next_dagrun for dataset_consumes_1_never_scheduled to None, run_after=None
[2024-09-02T04:20:18.237+0000] {logging_mixin.py:190} INFO - [2024-09-02T04:20:18.236+0000] {dag.py:4138} INFO - Setting next_dagrun for dataset_consumes_unknown_never_scheduled to None, run_after=None
[2024-09-02T04:20:18.243+0000] {logging_mixin.py:190} INFO - [2024-09-02T04:20:18.243+0000] {dag.py:4138} INFO - Setting next_dagrun for dataset_produces_1 to 2024-09-01 00:00:00+00:00, run_after=2024-09-02 00:00:00+00:00
[2024-09-02T04:20:18.256+0000] {logging_mixin.py:190} INFO - [2024-09-02T04:20:18.255+0000] {dag.py:4138} INFO - Setting next_dagrun for dataset_produces_2 to None, run_after=None
[2024-09-02T04:20:18.466+0000] {processor.py:208} INFO - Processing /home/airflow/.local/lib/python3.12/site-packages/airflow/example_dags/example_datasets.py took 1.439 seconds
[2024-09-02T04:20:48.751+0000] {processor.py:186} INFO - Started process (PID=958) to work on /home/airflow/.local/lib/python3.12/site-packages/airflow/example_dags/example_datasets.py
[2024-09-02T04:20:48.754+0000] {processor.py:914} INFO - Processing file /home/airflow/.local/lib/python3.12/site-packages/airflow/example_dags/example_datasets.py for tasks to queue
[2024-09-02T04:20:48.761+0000] {logging_mixin.py:190} INFO - [2024-09-02T04:20:48.760+0000] {dagbag.py:587} INFO - Filling up the DagBag from /home/airflow/.local/lib/python3.12/site-packages/airflow/example_dags/example_datasets.py
[2024-09-02T04:20:49.154+0000] {processor.py:925} INFO - DAG(s) 'dataset_produces_2', 'dataset_consumes_1_and_2', 'dataset_consumes_unknown_never_scheduled', 'consume_1_or_both_2_and_3_with_dataset_expressions', 'dataset_consumes_1', 'consume_1_or_2_with_dataset_expressions', 'dataset_consumes_1_never_scheduled', 'conditional_dataset_and_time_based_timetable', 'dataset_produces_1', 'consume_1_and_2_with_dataset_expressions' retrieved from /home/airflow/.local/lib/python3.12/site-packages/airflow/example_dags/example_datasets.py
[2024-09-02T04:20:49.285+0000] {logging_mixin.py:190} INFO - [2024-09-02T04:20:49.285+0000] {dag.py:3211} INFO - Sync 10 DAGs
[2024-09-02T04:20:49.359+0000] {logging_mixin.py:190} INFO - [2024-09-02T04:20:49.358+0000] {dag.py:4138} INFO - Setting next_dagrun for conditional_dataset_and_time_based_timetable to 2024-08-28 01:00:00+00:00, run_after=2024-08-28 01:00:00+00:00
[2024-09-02T04:20:49.368+0000] {logging_mixin.py:190} INFO - [2024-09-02T04:20:49.367+0000] {dag.py:4138} INFO - Setting next_dagrun for consume_1_and_2_with_dataset_expressions to None, run_after=None
[2024-09-02T04:20:49.374+0000] {logging_mixin.py:190} INFO - [2024-09-02T04:20:49.373+0000] {dag.py:4138} INFO - Setting next_dagrun for consume_1_or_2_with_dataset_expressions to None, run_after=None
[2024-09-02T04:20:49.378+0000] {logging_mixin.py:190} INFO - [2024-09-02T04:20:49.377+0000] {dag.py:4138} INFO - Setting next_dagrun for consume_1_or_both_2_and_3_with_dataset_expressions to None, run_after=None
[2024-09-02T04:20:49.381+0000] {logging_mixin.py:190} INFO - [2024-09-02T04:20:49.381+0000] {dag.py:4138} INFO - Setting next_dagrun for dataset_consumes_1 to None, run_after=None
[2024-09-02T04:20:49.385+0000] {logging_mixin.py:190} INFO - [2024-09-02T04:20:49.384+0000] {dag.py:4138} INFO - Setting next_dagrun for dataset_consumes_1_and_2 to None, run_after=None
[2024-09-02T04:20:49.388+0000] {logging_mixin.py:190} INFO - [2024-09-02T04:20:49.388+0000] {dag.py:4138} INFO - Setting next_dagrun for dataset_consumes_1_never_scheduled to None, run_after=None
[2024-09-02T04:20:49.392+0000] {logging_mixin.py:190} INFO - [2024-09-02T04:20:49.392+0000] {dag.py:4138} INFO - Setting next_dagrun for dataset_consumes_unknown_never_scheduled to None, run_after=None
[2024-09-02T04:20:49.399+0000] {logging_mixin.py:190} INFO - [2024-09-02T04:20:49.399+0000] {dag.py:4138} INFO - Setting next_dagrun for dataset_produces_1 to 2024-09-01 00:00:00+00:00, run_after=2024-09-02 00:00:00+00:00
[2024-09-02T04:20:49.403+0000] {logging_mixin.py:190} INFO - [2024-09-02T04:20:49.402+0000] {dag.py:4138} INFO - Setting next_dagrun for dataset_produces_2 to None, run_after=None
[2024-09-02T04:20:49.530+0000] {processor.py:208} INFO - Processing /home/airflow/.local/lib/python3.12/site-packages/airflow/example_dags/example_datasets.py took 0.793 seconds
[2024-09-02T04:21:20.618+0000] {processor.py:186} INFO - Started process (PID=1018) to work on /home/airflow/.local/lib/python3.12/site-packages/airflow/example_dags/example_datasets.py
[2024-09-02T04:21:20.628+0000] {processor.py:914} INFO - Processing file /home/airflow/.local/lib/python3.12/site-packages/airflow/example_dags/example_datasets.py for tasks to queue
[2024-09-02T04:21:20.651+0000] {logging_mixin.py:190} INFO - [2024-09-02T04:21:20.643+0000] {dagbag.py:587} INFO - Filling up the DagBag from /home/airflow/.local/lib/python3.12/site-packages/airflow/example_dags/example_datasets.py
[2024-09-02T04:21:22.340+0000] {processor.py:925} INFO - DAG(s) 'dataset_produces_1', 'consume_1_or_2_with_dataset_expressions', 'consume_1_and_2_with_dataset_expressions', 'consume_1_or_both_2_and_3_with_dataset_expressions', 'dataset_consumes_1', 'dataset_produces_2', 'dataset_consumes_1_and_2', 'dataset_consumes_unknown_never_scheduled', 'dataset_consumes_1_never_scheduled', 'conditional_dataset_and_time_based_timetable' retrieved from /home/airflow/.local/lib/python3.12/site-packages/airflow/example_dags/example_datasets.py
[2024-09-02T04:21:22.779+0000] {logging_mixin.py:190} INFO - [2024-09-02T04:21:22.778+0000] {dag.py:3211} INFO - Sync 10 DAGs
[2024-09-02T04:21:23.132+0000] {logging_mixin.py:190} INFO - [2024-09-02T04:21:23.132+0000] {dag.py:4138} INFO - Setting next_dagrun for conditional_dataset_and_time_based_timetable to 2024-08-28 01:00:00+00:00, run_after=2024-08-28 01:00:00+00:00
[2024-09-02T04:21:23.164+0000] {logging_mixin.py:190} INFO - [2024-09-02T04:21:23.163+0000] {dag.py:4138} INFO - Setting next_dagrun for consume_1_and_2_with_dataset_expressions to None, run_after=None
[2024-09-02T04:21:23.184+0000] {logging_mixin.py:190} INFO - [2024-09-02T04:21:23.184+0000] {dag.py:4138} INFO - Setting next_dagrun for consume_1_or_2_with_dataset_expressions to None, run_after=None
[2024-09-02T04:21:23.199+0000] {logging_mixin.py:190} INFO - [2024-09-02T04:21:23.198+0000] {dag.py:4138} INFO - Setting next_dagrun for consume_1_or_both_2_and_3_with_dataset_expressions to None, run_after=None
[2024-09-02T04:21:23.214+0000] {logging_mixin.py:190} INFO - [2024-09-02T04:21:23.213+0000] {dag.py:4138} INFO - Setting next_dagrun for dataset_consumes_1 to None, run_after=None
[2024-09-02T04:21:23.218+0000] {logging_mixin.py:190} INFO - [2024-09-02T04:21:23.217+0000] {dag.py:4138} INFO - Setting next_dagrun for dataset_consumes_1_and_2 to None, run_after=None
[2024-09-02T04:21:23.236+0000] {logging_mixin.py:190} INFO - [2024-09-02T04:21:23.235+0000] {dag.py:4138} INFO - Setting next_dagrun for dataset_consumes_1_never_scheduled to None, run_after=None
[2024-09-02T04:21:23.255+0000] {logging_mixin.py:190} INFO - [2024-09-02T04:21:23.254+0000] {dag.py:4138} INFO - Setting next_dagrun for dataset_consumes_unknown_never_scheduled to None, run_after=None
[2024-09-02T04:21:23.289+0000] {logging_mixin.py:190} INFO - [2024-09-02T04:21:23.288+0000] {dag.py:4138} INFO - Setting next_dagrun for dataset_produces_1 to 2024-09-01 00:00:00+00:00, run_after=2024-09-02 00:00:00+00:00
[2024-09-02T04:21:23.296+0000] {logging_mixin.py:190} INFO - [2024-09-02T04:21:23.296+0000] {dag.py:4138} INFO - Setting next_dagrun for dataset_produces_2 to None, run_after=None
[2024-09-02T04:21:23.659+0000] {processor.py:208} INFO - Processing /home/airflow/.local/lib/python3.12/site-packages/airflow/example_dags/example_datasets.py took 3.164 seconds
[2024-09-02T04:21:53.969+0000] {processor.py:186} INFO - Started process (PID=1081) to work on /home/airflow/.local/lib/python3.12/site-packages/airflow/example_dags/example_datasets.py
[2024-09-02T04:21:53.971+0000] {processor.py:914} INFO - Processing file /home/airflow/.local/lib/python3.12/site-packages/airflow/example_dags/example_datasets.py for tasks to queue
[2024-09-02T04:21:53.985+0000] {logging_mixin.py:190} INFO - [2024-09-02T04:21:53.984+0000] {dagbag.py:587} INFO - Filling up the DagBag from /home/airflow/.local/lib/python3.12/site-packages/airflow/example_dags/example_datasets.py
[2024-09-02T04:21:54.849+0000] {processor.py:925} INFO - DAG(s) 'dataset_consumes_1', 'consume_1_or_both_2_and_3_with_dataset_expressions', 'dataset_consumes_1_and_2', 'dataset_consumes_unknown_never_scheduled', 'consume_1_and_2_with_dataset_expressions', 'dataset_produces_1', 'conditional_dataset_and_time_based_timetable', 'dataset_produces_2', 'dataset_consumes_1_never_scheduled', 'consume_1_or_2_with_dataset_expressions' retrieved from /home/airflow/.local/lib/python3.12/site-packages/airflow/example_dags/example_datasets.py
[2024-09-02T04:21:55.096+0000] {logging_mixin.py:190} INFO - [2024-09-02T04:21:55.095+0000] {dag.py:3211} INFO - Sync 10 DAGs
[2024-09-02T04:21:55.232+0000] {logging_mixin.py:190} INFO - [2024-09-02T04:21:55.232+0000] {dag.py:4138} INFO - Setting next_dagrun for conditional_dataset_and_time_based_timetable to 2024-08-28 01:00:00+00:00, run_after=2024-08-28 01:00:00+00:00
[2024-09-02T04:21:55.255+0000] {logging_mixin.py:190} INFO - [2024-09-02T04:21:55.248+0000] {dag.py:4138} INFO - Setting next_dagrun for consume_1_and_2_with_dataset_expressions to None, run_after=None
[2024-09-02T04:21:55.263+0000] {logging_mixin.py:190} INFO - [2024-09-02T04:21:55.263+0000] {dag.py:4138} INFO - Setting next_dagrun for consume_1_or_2_with_dataset_expressions to None, run_after=None
[2024-09-02T04:21:55.266+0000] {logging_mixin.py:190} INFO - [2024-09-02T04:21:55.266+0000] {dag.py:4138} INFO - Setting next_dagrun for consume_1_or_both_2_and_3_with_dataset_expressions to None, run_after=None
[2024-09-02T04:21:55.279+0000] {logging_mixin.py:190} INFO - [2024-09-02T04:21:55.278+0000] {dag.py:4138} INFO - Setting next_dagrun for dataset_consumes_1 to None, run_after=None
[2024-09-02T04:21:55.288+0000] {logging_mixin.py:190} INFO - [2024-09-02T04:21:55.288+0000] {dag.py:4138} INFO - Setting next_dagrun for dataset_consumes_1_and_2 to None, run_after=None
[2024-09-02T04:21:55.297+0000] {logging_mixin.py:190} INFO - [2024-09-02T04:21:55.297+0000] {dag.py:4138} INFO - Setting next_dagrun for dataset_consumes_1_never_scheduled to None, run_after=None
[2024-09-02T04:21:55.307+0000] {logging_mixin.py:190} INFO - [2024-09-02T04:21:55.305+0000] {dag.py:4138} INFO - Setting next_dagrun for dataset_consumes_unknown_never_scheduled to None, run_after=None
[2024-09-02T04:21:55.316+0000] {logging_mixin.py:190} INFO - [2024-09-02T04:21:55.316+0000] {dag.py:4138} INFO - Setting next_dagrun for dataset_produces_1 to 2024-09-01 00:00:00+00:00, run_after=2024-09-02 00:00:00+00:00
[2024-09-02T04:21:55.323+0000] {logging_mixin.py:190} INFO - [2024-09-02T04:21:55.323+0000] {dag.py:4138} INFO - Setting next_dagrun for dataset_produces_2 to None, run_after=None
[2024-09-02T04:21:55.483+0000] {processor.py:208} INFO - Processing /home/airflow/.local/lib/python3.12/site-packages/airflow/example_dags/example_datasets.py took 1.533 seconds
[2024-09-02T04:22:32.295+0000] {processor.py:186} INFO - Started process (PID=1138) to work on /home/airflow/.local/lib/python3.12/site-packages/airflow/example_dags/example_datasets.py
[2024-09-02T04:22:32.421+0000] {processor.py:914} INFO - Processing file /home/airflow/.local/lib/python3.12/site-packages/airflow/example_dags/example_datasets.py for tasks to queue
[2024-09-02T04:22:32.429+0000] {logging_mixin.py:190} INFO - [2024-09-02T04:22:32.428+0000] {dagbag.py:587} INFO - Filling up the DagBag from /home/airflow/.local/lib/python3.12/site-packages/airflow/example_dags/example_datasets.py
[2024-09-02T04:22:34.480+0000] {processor.py:925} INFO - DAG(s) 'dataset_consumes_unknown_never_scheduled', 'dataset_consumes_1', 'conditional_dataset_and_time_based_timetable', 'consume_1_or_2_with_dataset_expressions', 'dataset_consumes_1_never_scheduled', 'dataset_produces_2', 'consume_1_and_2_with_dataset_expressions', 'consume_1_or_both_2_and_3_with_dataset_expressions', 'dataset_produces_1', 'dataset_consumes_1_and_2' retrieved from /home/airflow/.local/lib/python3.12/site-packages/airflow/example_dags/example_datasets.py
[2024-09-02T04:22:35.522+0000] {logging_mixin.py:190} INFO - [2024-09-02T04:22:35.521+0000] {dag.py:3211} INFO - Sync 10 DAGs
[2024-09-02T04:22:35.870+0000] {logging_mixin.py:190} INFO - [2024-09-02T04:22:35.869+0000] {dag.py:4138} INFO - Setting next_dagrun for conditional_dataset_and_time_based_timetable to 2024-08-28 01:00:00+00:00, run_after=2024-08-28 01:00:00+00:00
[2024-09-02T04:22:36.011+0000] {logging_mixin.py:190} INFO - [2024-09-02T04:22:36.010+0000] {dag.py:4138} INFO - Setting next_dagrun for consume_1_and_2_with_dataset_expressions to None, run_after=None
[2024-09-02T04:22:36.089+0000] {logging_mixin.py:190} INFO - [2024-09-02T04:22:36.089+0000] {dag.py:4138} INFO - Setting next_dagrun for consume_1_or_2_with_dataset_expressions to None, run_after=None
[2024-09-02T04:22:36.122+0000] {logging_mixin.py:190} INFO - [2024-09-02T04:22:36.122+0000] {dag.py:4138} INFO - Setting next_dagrun for consume_1_or_both_2_and_3_with_dataset_expressions to None, run_after=None
[2024-09-02T04:22:36.138+0000] {logging_mixin.py:190} INFO - [2024-09-02T04:22:36.137+0000] {dag.py:4138} INFO - Setting next_dagrun for dataset_consumes_1 to None, run_after=None
[2024-09-02T04:22:36.146+0000] {logging_mixin.py:190} INFO - [2024-09-02T04:22:36.145+0000] {dag.py:4138} INFO - Setting next_dagrun for dataset_consumes_1_and_2 to None, run_after=None
[2024-09-02T04:22:36.157+0000] {logging_mixin.py:190} INFO - [2024-09-02T04:22:36.156+0000] {dag.py:4138} INFO - Setting next_dagrun for dataset_consumes_1_never_scheduled to None, run_after=None
[2024-09-02T04:22:36.170+0000] {logging_mixin.py:190} INFO - [2024-09-02T04:22:36.170+0000] {dag.py:4138} INFO - Setting next_dagrun for dataset_consumes_unknown_never_scheduled to None, run_after=None
[2024-09-02T04:22:36.177+0000] {logging_mixin.py:190} INFO - [2024-09-02T04:22:36.177+0000] {dag.py:4138} INFO - Setting next_dagrun for dataset_produces_1 to 2024-09-01 00:00:00+00:00, run_after=2024-09-02 00:00:00+00:00
[2024-09-02T04:22:36.329+0000] {logging_mixin.py:190} INFO - [2024-09-02T04:22:36.328+0000] {dag.py:4138} INFO - Setting next_dagrun for dataset_produces_2 to None, run_after=None
[2024-09-02T04:22:36.873+0000] {processor.py:208} INFO - Processing /home/airflow/.local/lib/python3.12/site-packages/airflow/example_dags/example_datasets.py took 4.626 seconds
[2024-09-02T04:26:32.495+0000] {processor.py:186} INFO - Started process (PID=108) to work on /home/airflow/.local/lib/python3.12/site-packages/airflow/example_dags/example_datasets.py
[2024-09-02T04:26:32.510+0000] {processor.py:914} INFO - Processing file /home/airflow/.local/lib/python3.12/site-packages/airflow/example_dags/example_datasets.py for tasks to queue
[2024-09-02T04:26:32.621+0000] {logging_mixin.py:190} INFO - [2024-09-02T04:26:32.542+0000] {dagbag.py:587} INFO - Filling up the DagBag from /home/airflow/.local/lib/python3.12/site-packages/airflow/example_dags/example_datasets.py
[2024-09-02T04:26:35.754+0000] {processor.py:925} INFO - DAG(s) 'dataset_produces_2', 'dataset_consumes_1_never_scheduled', 'conditional_dataset_and_time_based_timetable', 'dataset_produces_1', 'dataset_consumes_1', 'consume_1_or_2_with_dataset_expressions', 'consume_1_and_2_with_dataset_expressions', 'consume_1_or_both_2_and_3_with_dataset_expressions', 'dataset_consumes_1_and_2', 'dataset_consumes_unknown_never_scheduled' retrieved from /home/airflow/.local/lib/python3.12/site-packages/airflow/example_dags/example_datasets.py
[2024-09-02T04:26:36.527+0000] {logging_mixin.py:190} INFO - [2024-09-02T04:26:36.527+0000] {dag.py:3211} INFO - Sync 10 DAGs
[2024-09-02T04:26:36.786+0000] {logging_mixin.py:190} INFO - [2024-09-02T04:26:36.785+0000] {dag.py:4138} INFO - Setting next_dagrun for conditional_dataset_and_time_based_timetable to 2024-08-28 01:00:00+00:00, run_after=2024-08-28 01:00:00+00:00
[2024-09-02T04:26:36.834+0000] {logging_mixin.py:190} INFO - [2024-09-02T04:26:36.833+0000] {dag.py:4138} INFO - Setting next_dagrun for consume_1_and_2_with_dataset_expressions to None, run_after=None
[2024-09-02T04:26:36.864+0000] {logging_mixin.py:190} INFO - [2024-09-02T04:26:36.864+0000] {dag.py:4138} INFO - Setting next_dagrun for consume_1_or_2_with_dataset_expressions to None, run_after=None
[2024-09-02T04:26:36.882+0000] {logging_mixin.py:190} INFO - [2024-09-02T04:26:36.881+0000] {dag.py:4138} INFO - Setting next_dagrun for consume_1_or_both_2_and_3_with_dataset_expressions to None, run_after=None
[2024-09-02T04:26:36.899+0000] {logging_mixin.py:190} INFO - [2024-09-02T04:26:36.898+0000] {dag.py:4138} INFO - Setting next_dagrun for dataset_consumes_1 to None, run_after=None
[2024-09-02T04:26:36.914+0000] {logging_mixin.py:190} INFO - [2024-09-02T04:26:36.914+0000] {dag.py:4138} INFO - Setting next_dagrun for dataset_consumes_1_and_2 to None, run_after=None
[2024-09-02T04:26:36.930+0000] {logging_mixin.py:190} INFO - [2024-09-02T04:26:36.930+0000] {dag.py:4138} INFO - Setting next_dagrun for dataset_consumes_1_never_scheduled to None, run_after=None
[2024-09-02T04:26:36.946+0000] {logging_mixin.py:190} INFO - [2024-09-02T04:26:36.946+0000] {dag.py:4138} INFO - Setting next_dagrun for dataset_consumes_unknown_never_scheduled to None, run_after=None
[2024-09-02T04:26:36.993+0000] {logging_mixin.py:190} INFO - [2024-09-02T04:26:36.992+0000] {dag.py:4138} INFO - Setting next_dagrun for dataset_produces_1 to 2024-09-01 00:00:00+00:00, run_after=2024-09-02 00:00:00+00:00
[2024-09-02T04:26:37.019+0000] {logging_mixin.py:190} INFO - [2024-09-02T04:26:37.019+0000] {dag.py:4138} INFO - Setting next_dagrun for dataset_produces_2 to None, run_after=None
[2024-09-02T04:26:37.608+0000] {processor.py:208} INFO - Processing /home/airflow/.local/lib/python3.12/site-packages/airflow/example_dags/example_datasets.py took 5.497 seconds
[2024-09-02T04:27:10.741+0000] {processor.py:186} INFO - Started process (PID=176) to work on /home/airflow/.local/lib/python3.12/site-packages/airflow/example_dags/example_datasets.py
[2024-09-02T04:27:10.744+0000] {processor.py:914} INFO - Processing file /home/airflow/.local/lib/python3.12/site-packages/airflow/example_dags/example_datasets.py for tasks to queue
[2024-09-02T04:27:10.749+0000] {logging_mixin.py:190} INFO - [2024-09-02T04:27:10.748+0000] {dagbag.py:587} INFO - Filling up the DagBag from /home/airflow/.local/lib/python3.12/site-packages/airflow/example_dags/example_datasets.py
[2024-09-02T04:27:11.119+0000] {processor.py:925} INFO - DAG(s) 'dataset_produces_2', 'consume_1_and_2_with_dataset_expressions', 'dataset_consumes_unknown_never_scheduled', 'dataset_consumes_1_never_scheduled', 'consume_1_or_both_2_and_3_with_dataset_expressions', 'dataset_consumes_1_and_2', 'conditional_dataset_and_time_based_timetable', 'dataset_produces_1', 'consume_1_or_2_with_dataset_expressions', 'dataset_consumes_1' retrieved from /home/airflow/.local/lib/python3.12/site-packages/airflow/example_dags/example_datasets.py
[2024-09-02T04:27:11.389+0000] {logging_mixin.py:190} INFO - [2024-09-02T04:27:11.379+0000] {dag.py:3211} INFO - Sync 10 DAGs
[2024-09-02T04:27:11.576+0000] {logging_mixin.py:190} INFO - [2024-09-02T04:27:11.575+0000] {dag.py:4138} INFO - Setting next_dagrun for conditional_dataset_and_time_based_timetable to 2024-08-28 01:00:00+00:00, run_after=2024-08-28 01:00:00+00:00
[2024-09-02T04:27:11.603+0000] {logging_mixin.py:190} INFO - [2024-09-02T04:27:11.594+0000] {dag.py:4138} INFO - Setting next_dagrun for consume_1_and_2_with_dataset_expressions to None, run_after=None
[2024-09-02T04:27:11.622+0000] {logging_mixin.py:190} INFO - [2024-09-02T04:27:11.621+0000] {dag.py:4138} INFO - Setting next_dagrun for consume_1_or_2_with_dataset_expressions to None, run_after=None
[2024-09-02T04:27:11.636+0000] {logging_mixin.py:190} INFO - [2024-09-02T04:27:11.636+0000] {dag.py:4138} INFO - Setting next_dagrun for consume_1_or_both_2_and_3_with_dataset_expressions to None, run_after=None
[2024-09-02T04:27:11.645+0000] {logging_mixin.py:190} INFO - [2024-09-02T04:27:11.644+0000] {dag.py:4138} INFO - Setting next_dagrun for dataset_consumes_1 to None, run_after=None
[2024-09-02T04:27:11.659+0000] {logging_mixin.py:190} INFO - [2024-09-02T04:27:11.659+0000] {dag.py:4138} INFO - Setting next_dagrun for dataset_consumes_1_and_2 to None, run_after=None
[2024-09-02T04:27:11.672+0000] {logging_mixin.py:190} INFO - [2024-09-02T04:27:11.665+0000] {dag.py:4138} INFO - Setting next_dagrun for dataset_consumes_1_never_scheduled to None, run_after=None
[2024-09-02T04:27:11.683+0000] {logging_mixin.py:190} INFO - [2024-09-02T04:27:11.682+0000] {dag.py:4138} INFO - Setting next_dagrun for dataset_consumes_unknown_never_scheduled to None, run_after=None
[2024-09-02T04:27:11.696+0000] {logging_mixin.py:190} INFO - [2024-09-02T04:27:11.695+0000] {dag.py:4138} INFO - Setting next_dagrun for dataset_produces_1 to 2024-09-01 00:00:00+00:00, run_after=2024-09-02 00:00:00+00:00
[2024-09-02T04:27:11.708+0000] {logging_mixin.py:190} INFO - [2024-09-02T04:27:11.708+0000] {dag.py:4138} INFO - Setting next_dagrun for dataset_produces_2 to None, run_after=None
[2024-09-02T04:27:11.977+0000] {processor.py:208} INFO - Processing /home/airflow/.local/lib/python3.12/site-packages/airflow/example_dags/example_datasets.py took 1.251 seconds
[2024-09-02T04:27:44.581+0000] {processor.py:186} INFO - Started process (PID=239) to work on /home/airflow/.local/lib/python3.12/site-packages/airflow/example_dags/example_datasets.py
[2024-09-02T04:27:44.585+0000] {processor.py:914} INFO - Processing file /home/airflow/.local/lib/python3.12/site-packages/airflow/example_dags/example_datasets.py for tasks to queue
[2024-09-02T04:27:44.603+0000] {logging_mixin.py:190} INFO - [2024-09-02T04:27:44.602+0000] {dagbag.py:587} INFO - Filling up the DagBag from /home/airflow/.local/lib/python3.12/site-packages/airflow/example_dags/example_datasets.py
[2024-09-02T04:27:45.308+0000] {processor.py:925} INFO - DAG(s) 'consume_1_and_2_with_dataset_expressions', 'dataset_consumes_1_never_scheduled', 'dataset_produces_1', 'conditional_dataset_and_time_based_timetable', 'consume_1_or_both_2_and_3_with_dataset_expressions', 'dataset_consumes_unknown_never_scheduled', 'consume_1_or_2_with_dataset_expressions', 'dataset_consumes_1_and_2', 'dataset_consumes_1', 'dataset_produces_2' retrieved from /home/airflow/.local/lib/python3.12/site-packages/airflow/example_dags/example_datasets.py
[2024-09-02T04:27:45.475+0000] {logging_mixin.py:190} INFO - [2024-09-02T04:27:45.474+0000] {dag.py:3211} INFO - Sync 10 DAGs
[2024-09-02T04:27:45.549+0000] {logging_mixin.py:190} INFO - [2024-09-02T04:27:45.549+0000] {dag.py:4138} INFO - Setting next_dagrun for conditional_dataset_and_time_based_timetable to 2024-08-28 01:00:00+00:00, run_after=2024-08-28 01:00:00+00:00
[2024-09-02T04:27:45.559+0000] {logging_mixin.py:190} INFO - [2024-09-02T04:27:45.558+0000] {dag.py:4138} INFO - Setting next_dagrun for consume_1_and_2_with_dataset_expressions to None, run_after=None
[2024-09-02T04:27:45.563+0000] {logging_mixin.py:190} INFO - [2024-09-02T04:27:45.563+0000] {dag.py:4138} INFO - Setting next_dagrun for consume_1_or_2_with_dataset_expressions to None, run_after=None
[2024-09-02T04:27:45.567+0000] {logging_mixin.py:190} INFO - [2024-09-02T04:27:45.566+0000] {dag.py:4138} INFO - Setting next_dagrun for consume_1_or_both_2_and_3_with_dataset_expressions to None, run_after=None
[2024-09-02T04:27:45.571+0000] {logging_mixin.py:190} INFO - [2024-09-02T04:27:45.570+0000] {dag.py:4138} INFO - Setting next_dagrun for dataset_consumes_1 to None, run_after=None
[2024-09-02T04:27:45.576+0000] {logging_mixin.py:190} INFO - [2024-09-02T04:27:45.575+0000] {dag.py:4138} INFO - Setting next_dagrun for dataset_consumes_1_and_2 to None, run_after=None
[2024-09-02T04:27:45.593+0000] {logging_mixin.py:190} INFO - [2024-09-02T04:27:45.592+0000] {dag.py:4138} INFO - Setting next_dagrun for dataset_consumes_1_never_scheduled to None, run_after=None
[2024-09-02T04:27:45.598+0000] {logging_mixin.py:190} INFO - [2024-09-02T04:27:45.597+0000] {dag.py:4138} INFO - Setting next_dagrun for dataset_consumes_unknown_never_scheduled to None, run_after=None
[2024-09-02T04:27:45.607+0000] {logging_mixin.py:190} INFO - [2024-09-02T04:27:45.607+0000] {dag.py:4138} INFO - Setting next_dagrun for dataset_produces_1 to 2024-09-01 00:00:00+00:00, run_after=2024-09-02 00:00:00+00:00
[2024-09-02T04:27:45.613+0000] {logging_mixin.py:190} INFO - [2024-09-02T04:27:45.612+0000] {dag.py:4138} INFO - Setting next_dagrun for dataset_produces_2 to None, run_after=None
[2024-09-02T04:27:45.729+0000] {processor.py:208} INFO - Processing /home/airflow/.local/lib/python3.12/site-packages/airflow/example_dags/example_datasets.py took 1.173 seconds
[2024-09-02T04:28:20.774+0000] {processor.py:186} INFO - Started process (PID=302) to work on /home/airflow/.local/lib/python3.12/site-packages/airflow/example_dags/example_datasets.py
[2024-09-02T04:28:20.776+0000] {processor.py:914} INFO - Processing file /home/airflow/.local/lib/python3.12/site-packages/airflow/example_dags/example_datasets.py for tasks to queue
[2024-09-02T04:28:20.796+0000] {logging_mixin.py:190} INFO - [2024-09-02T04:28:20.796+0000] {dagbag.py:587} INFO - Filling up the DagBag from /home/airflow/.local/lib/python3.12/site-packages/airflow/example_dags/example_datasets.py
[2024-09-02T04:28:21.614+0000] {processor.py:925} INFO - DAG(s) 'consume_1_or_2_with_dataset_expressions', 'consume_1_or_both_2_and_3_with_dataset_expressions', 'consume_1_and_2_with_dataset_expressions', 'dataset_consumes_1', 'dataset_consumes_unknown_never_scheduled', 'dataset_produces_2', 'dataset_consumes_1_never_scheduled', 'dataset_produces_1', 'dataset_consumes_1_and_2', 'conditional_dataset_and_time_based_timetable' retrieved from /home/airflow/.local/lib/python3.12/site-packages/airflow/example_dags/example_datasets.py
[2024-09-02T04:28:21.920+0000] {logging_mixin.py:190} INFO - [2024-09-02T04:28:21.919+0000] {dag.py:3211} INFO - Sync 10 DAGs
[2024-09-02T04:28:22.051+0000] {logging_mixin.py:190} INFO - [2024-09-02T04:28:22.050+0000] {dag.py:4138} INFO - Setting next_dagrun for conditional_dataset_and_time_based_timetable to 2024-08-28 01:00:00+00:00, run_after=2024-08-28 01:00:00+00:00
[2024-09-02T04:28:22.070+0000] {logging_mixin.py:190} INFO - [2024-09-02T04:28:22.070+0000] {dag.py:4138} INFO - Setting next_dagrun for consume_1_and_2_with_dataset_expressions to None, run_after=None
[2024-09-02T04:28:22.084+0000] {logging_mixin.py:190} INFO - [2024-09-02T04:28:22.084+0000] {dag.py:4138} INFO - Setting next_dagrun for consume_1_or_2_with_dataset_expressions to None, run_after=None
[2024-09-02T04:28:22.088+0000] {logging_mixin.py:190} INFO - [2024-09-02T04:28:22.087+0000] {dag.py:4138} INFO - Setting next_dagrun for consume_1_or_both_2_and_3_with_dataset_expressions to None, run_after=None
[2024-09-02T04:28:22.091+0000] {logging_mixin.py:190} INFO - [2024-09-02T04:28:22.091+0000] {dag.py:4138} INFO - Setting next_dagrun for dataset_consumes_1 to None, run_after=None
[2024-09-02T04:28:22.106+0000] {logging_mixin.py:190} INFO - [2024-09-02T04:28:22.105+0000] {dag.py:4138} INFO - Setting next_dagrun for dataset_consumes_1_and_2 to None, run_after=None
[2024-09-02T04:28:22.120+0000] {logging_mixin.py:190} INFO - [2024-09-02T04:28:22.120+0000] {dag.py:4138} INFO - Setting next_dagrun for dataset_consumes_1_never_scheduled to None, run_after=None
[2024-09-02T04:28:22.131+0000] {logging_mixin.py:190} INFO - [2024-09-02T04:28:22.123+0000] {dag.py:4138} INFO - Setting next_dagrun for dataset_consumes_unknown_never_scheduled to None, run_after=None
[2024-09-02T04:28:22.139+0000] {logging_mixin.py:190} INFO - [2024-09-02T04:28:22.138+0000] {dag.py:4138} INFO - Setting next_dagrun for dataset_produces_1 to 2024-09-01 00:00:00+00:00, run_after=2024-09-02 00:00:00+00:00
[2024-09-02T04:28:22.149+0000] {logging_mixin.py:190} INFO - [2024-09-02T04:28:22.141+0000] {dag.py:4138} INFO - Setting next_dagrun for dataset_produces_2 to None, run_after=None
[2024-09-02T04:28:22.400+0000] {processor.py:208} INFO - Processing /home/airflow/.local/lib/python3.12/site-packages/airflow/example_dags/example_datasets.py took 1.644 seconds
[2024-09-02T04:28:53.143+0000] {processor.py:186} INFO - Started process (PID=367) to work on /home/airflow/.local/lib/python3.12/site-packages/airflow/example_dags/example_datasets.py
[2024-09-02T04:28:53.146+0000] {processor.py:914} INFO - Processing file /home/airflow/.local/lib/python3.12/site-packages/airflow/example_dags/example_datasets.py for tasks to queue
[2024-09-02T04:28:53.155+0000] {logging_mixin.py:190} INFO - [2024-09-02T04:28:53.153+0000] {dagbag.py:587} INFO - Filling up the DagBag from /home/airflow/.local/lib/python3.12/site-packages/airflow/example_dags/example_datasets.py
[2024-09-02T04:28:53.731+0000] {processor.py:925} INFO - DAG(s) 'dataset_consumes_1_never_scheduled', 'consume_1_and_2_with_dataset_expressions', 'consume_1_or_2_with_dataset_expressions', 'dataset_produces_2', 'dataset_consumes_1', 'dataset_consumes_1_and_2', 'dataset_consumes_unknown_never_scheduled', 'dataset_produces_1', 'consume_1_or_both_2_and_3_with_dataset_expressions', 'conditional_dataset_and_time_based_timetable' retrieved from /home/airflow/.local/lib/python3.12/site-packages/airflow/example_dags/example_datasets.py
[2024-09-02T04:28:53.929+0000] {logging_mixin.py:190} INFO - [2024-09-02T04:28:53.928+0000] {dag.py:3211} INFO - Sync 10 DAGs
[2024-09-02T04:28:54.017+0000] {logging_mixin.py:190} INFO - [2024-09-02T04:28:54.016+0000] {dag.py:4138} INFO - Setting next_dagrun for conditional_dataset_and_time_based_timetable to 2024-08-28 01:00:00+00:00, run_after=2024-08-28 01:00:00+00:00
[2024-09-02T04:28:54.032+0000] {logging_mixin.py:190} INFO - [2024-09-02T04:28:54.032+0000] {dag.py:4138} INFO - Setting next_dagrun for consume_1_and_2_with_dataset_expressions to None, run_after=None
[2024-09-02T04:28:54.037+0000] {logging_mixin.py:190} INFO - [2024-09-02T04:28:54.036+0000] {dag.py:4138} INFO - Setting next_dagrun for consume_1_or_2_with_dataset_expressions to None, run_after=None
[2024-09-02T04:28:54.041+0000] {logging_mixin.py:190} INFO - [2024-09-02T04:28:54.040+0000] {dag.py:4138} INFO - Setting next_dagrun for consume_1_or_both_2_and_3_with_dataset_expressions to None, run_after=None
[2024-09-02T04:28:54.051+0000] {logging_mixin.py:190} INFO - [2024-09-02T04:28:54.051+0000] {dag.py:4138} INFO - Setting next_dagrun for dataset_consumes_1 to None, run_after=None
[2024-09-02T04:28:54.059+0000] {logging_mixin.py:190} INFO - [2024-09-02T04:28:54.055+0000] {dag.py:4138} INFO - Setting next_dagrun for dataset_consumes_1_and_2 to None, run_after=None
[2024-09-02T04:28:54.069+0000] {logging_mixin.py:190} INFO - [2024-09-02T04:28:54.068+0000] {dag.py:4138} INFO - Setting next_dagrun for dataset_consumes_1_never_scheduled to None, run_after=None
[2024-09-02T04:28:54.075+0000] {logging_mixin.py:190} INFO - [2024-09-02T04:28:54.075+0000] {dag.py:4138} INFO - Setting next_dagrun for dataset_consumes_unknown_never_scheduled to None, run_after=None
[2024-09-02T04:28:54.084+0000] {logging_mixin.py:190} INFO - [2024-09-02T04:28:54.083+0000] {dag.py:4138} INFO - Setting next_dagrun for dataset_produces_1 to 2024-09-01 00:00:00+00:00, run_after=2024-09-02 00:00:00+00:00
[2024-09-02T04:28:54.093+0000] {logging_mixin.py:190} INFO - [2024-09-02T04:28:54.093+0000] {dag.py:4138} INFO - Setting next_dagrun for dataset_produces_2 to None, run_after=None
[2024-09-02T04:28:54.243+0000] {processor.py:208} INFO - Processing /home/airflow/.local/lib/python3.12/site-packages/airflow/example_dags/example_datasets.py took 1.130 seconds
[2024-09-02T04:29:24.658+0000] {processor.py:186} INFO - Started process (PID=430) to work on /home/airflow/.local/lib/python3.12/site-packages/airflow/example_dags/example_datasets.py
[2024-09-02T04:29:24.661+0000] {processor.py:914} INFO - Processing file /home/airflow/.local/lib/python3.12/site-packages/airflow/example_dags/example_datasets.py for tasks to queue
[2024-09-02T04:29:24.668+0000] {logging_mixin.py:190} INFO - [2024-09-02T04:29:24.667+0000] {dagbag.py:587} INFO - Filling up the DagBag from /home/airflow/.local/lib/python3.12/site-packages/airflow/example_dags/example_datasets.py
[2024-09-02T04:29:25.181+0000] {processor.py:925} INFO - DAG(s) 'dataset_consumes_1_and_2', 'consume_1_or_both_2_and_3_with_dataset_expressions', 'consume_1_and_2_with_dataset_expressions', 'dataset_consumes_1', 'dataset_consumes_unknown_never_scheduled', 'dataset_produces_1', 'conditional_dataset_and_time_based_timetable', 'dataset_produces_2', 'dataset_consumes_1_never_scheduled', 'consume_1_or_2_with_dataset_expressions' retrieved from /home/airflow/.local/lib/python3.12/site-packages/airflow/example_dags/example_datasets.py
[2024-09-02T04:29:25.339+0000] {logging_mixin.py:190} INFO - [2024-09-02T04:29:25.339+0000] {dag.py:3211} INFO - Sync 10 DAGs
[2024-09-02T04:29:25.449+0000] {logging_mixin.py:190} INFO - [2024-09-02T04:29:25.447+0000] {dag.py:4138} INFO - Setting next_dagrun for conditional_dataset_and_time_based_timetable to 2024-08-28 01:00:00+00:00, run_after=2024-08-28 01:00:00+00:00
[2024-09-02T04:29:25.459+0000] {logging_mixin.py:190} INFO - [2024-09-02T04:29:25.458+0000] {dag.py:4138} INFO - Setting next_dagrun for consume_1_and_2_with_dataset_expressions to None, run_after=None
[2024-09-02T04:29:25.464+0000] {logging_mixin.py:190} INFO - [2024-09-02T04:29:25.463+0000] {dag.py:4138} INFO - Setting next_dagrun for consume_1_or_2_with_dataset_expressions to None, run_after=None
[2024-09-02T04:29:25.469+0000] {logging_mixin.py:190} INFO - [2024-09-02T04:29:25.468+0000] {dag.py:4138} INFO - Setting next_dagrun for consume_1_or_both_2_and_3_with_dataset_expressions to None, run_after=None
[2024-09-02T04:29:25.472+0000] {logging_mixin.py:190} INFO - [2024-09-02T04:29:25.472+0000] {dag.py:4138} INFO - Setting next_dagrun for dataset_consumes_1 to None, run_after=None
[2024-09-02T04:29:25.476+0000] {logging_mixin.py:190} INFO - [2024-09-02T04:29:25.475+0000] {dag.py:4138} INFO - Setting next_dagrun for dataset_consumes_1_and_2 to None, run_after=None
[2024-09-02T04:29:25.480+0000] {logging_mixin.py:190} INFO - [2024-09-02T04:29:25.480+0000] {dag.py:4138} INFO - Setting next_dagrun for dataset_consumes_1_never_scheduled to None, run_after=None
[2024-09-02T04:29:25.484+0000] {logging_mixin.py:190} INFO - [2024-09-02T04:29:25.484+0000] {dag.py:4138} INFO - Setting next_dagrun for dataset_consumes_unknown_never_scheduled to None, run_after=None
[2024-09-02T04:29:25.492+0000] {logging_mixin.py:190} INFO - [2024-09-02T04:29:25.491+0000] {dag.py:4138} INFO - Setting next_dagrun for dataset_produces_1 to 2024-09-01 00:00:00+00:00, run_after=2024-09-02 00:00:00+00:00
[2024-09-02T04:29:25.503+0000] {logging_mixin.py:190} INFO - [2024-09-02T04:29:25.502+0000] {dag.py:4138} INFO - Setting next_dagrun for dataset_produces_2 to None, run_after=None
[2024-09-02T04:29:25.621+0000] {processor.py:208} INFO - Processing /home/airflow/.local/lib/python3.12/site-packages/airflow/example_dags/example_datasets.py took 0.988 seconds
[2024-09-02T04:29:55.962+0000] {processor.py:186} INFO - Started process (PID=493) to work on /home/airflow/.local/lib/python3.12/site-packages/airflow/example_dags/example_datasets.py
[2024-09-02T04:29:55.968+0000] {processor.py:914} INFO - Processing file /home/airflow/.local/lib/python3.12/site-packages/airflow/example_dags/example_datasets.py for tasks to queue
[2024-09-02T04:29:55.974+0000] {logging_mixin.py:190} INFO - [2024-09-02T04:29:55.973+0000] {dagbag.py:587} INFO - Filling up the DagBag from /home/airflow/.local/lib/python3.12/site-packages/airflow/example_dags/example_datasets.py
[2024-09-02T04:29:56.361+0000] {processor.py:925} INFO - DAG(s) 'dataset_produces_1', 'dataset_consumes_unknown_never_scheduled', 'consume_1_or_both_2_and_3_with_dataset_expressions', 'consume_1_or_2_with_dataset_expressions', 'consume_1_and_2_with_dataset_expressions', 'conditional_dataset_and_time_based_timetable', 'dataset_consumes_1', 'dataset_consumes_1_and_2', 'dataset_produces_2', 'dataset_consumes_1_never_scheduled' retrieved from /home/airflow/.local/lib/python3.12/site-packages/airflow/example_dags/example_datasets.py
[2024-09-02T04:29:56.489+0000] {logging_mixin.py:190} INFO - [2024-09-02T04:29:56.489+0000] {dag.py:3211} INFO - Sync 10 DAGs
[2024-09-02T04:29:56.600+0000] {logging_mixin.py:190} INFO - [2024-09-02T04:29:56.600+0000] {dag.py:4138} INFO - Setting next_dagrun for conditional_dataset_and_time_based_timetable to 2024-08-28 01:00:00+00:00, run_after=2024-08-28 01:00:00+00:00
[2024-09-02T04:29:56.625+0000] {logging_mixin.py:190} INFO - [2024-09-02T04:29:56.620+0000] {dag.py:4138} INFO - Setting next_dagrun for consume_1_and_2_with_dataset_expressions to None, run_after=None
[2024-09-02T04:29:56.634+0000] {logging_mixin.py:190} INFO - [2024-09-02T04:29:56.633+0000] {dag.py:4138} INFO - Setting next_dagrun for consume_1_or_2_with_dataset_expressions to None, run_after=None
[2024-09-02T04:29:56.647+0000] {logging_mixin.py:190} INFO - [2024-09-02T04:29:56.646+0000] {dag.py:4138} INFO - Setting next_dagrun for consume_1_or_both_2_and_3_with_dataset_expressions to None, run_after=None
[2024-09-02T04:29:56.660+0000] {logging_mixin.py:190} INFO - [2024-09-02T04:29:56.659+0000] {dag.py:4138} INFO - Setting next_dagrun for dataset_consumes_1 to None, run_after=None
[2024-09-02T04:29:56.669+0000] {logging_mixin.py:190} INFO - [2024-09-02T04:29:56.669+0000] {dag.py:4138} INFO - Setting next_dagrun for dataset_consumes_1_and_2 to None, run_after=None
[2024-09-02T04:29:56.672+0000] {logging_mixin.py:190} INFO - [2024-09-02T04:29:56.672+0000] {dag.py:4138} INFO - Setting next_dagrun for dataset_consumes_1_never_scheduled to None, run_after=None
[2024-09-02T04:29:56.680+0000] {logging_mixin.py:190} INFO - [2024-09-02T04:29:56.676+0000] {dag.py:4138} INFO - Setting next_dagrun for dataset_consumes_unknown_never_scheduled to None, run_after=None
[2024-09-02T04:29:56.687+0000] {logging_mixin.py:190} INFO - [2024-09-02T04:29:56.686+0000] {dag.py:4138} INFO - Setting next_dagrun for dataset_produces_1 to 2024-09-01 00:00:00+00:00, run_after=2024-09-02 00:00:00+00:00
[2024-09-02T04:29:56.690+0000] {logging_mixin.py:190} INFO - [2024-09-02T04:29:56.690+0000] {dag.py:4138} INFO - Setting next_dagrun for dataset_produces_2 to None, run_after=None
[2024-09-02T04:29:56.793+0000] {processor.py:208} INFO - Processing /home/airflow/.local/lib/python3.12/site-packages/airflow/example_dags/example_datasets.py took 0.856 seconds
[2024-09-02T04:30:27.063+0000] {processor.py:186} INFO - Started process (PID=557) to work on /home/airflow/.local/lib/python3.12/site-packages/airflow/example_dags/example_datasets.py
[2024-09-02T04:30:27.067+0000] {processor.py:914} INFO - Processing file /home/airflow/.local/lib/python3.12/site-packages/airflow/example_dags/example_datasets.py for tasks to queue
[2024-09-02T04:30:27.072+0000] {logging_mixin.py:190} INFO - [2024-09-02T04:30:27.071+0000] {dagbag.py:587} INFO - Filling up the DagBag from /home/airflow/.local/lib/python3.12/site-packages/airflow/example_dags/example_datasets.py
[2024-09-02T04:30:27.964+0000] {processor.py:925} INFO - DAG(s) 'consume_1_and_2_with_dataset_expressions', 'dataset_produces_2', 'dataset_consumes_1', 'dataset_produces_1', 'consume_1_or_2_with_dataset_expressions', 'consume_1_or_both_2_and_3_with_dataset_expressions', 'dataset_consumes_1_and_2', 'dataset_consumes_unknown_never_scheduled', 'conditional_dataset_and_time_based_timetable', 'dataset_consumes_1_never_scheduled' retrieved from /home/airflow/.local/lib/python3.12/site-packages/airflow/example_dags/example_datasets.py
[2024-09-02T04:30:28.100+0000] {logging_mixin.py:190} INFO - [2024-09-02T04:30:28.099+0000] {dag.py:3211} INFO - Sync 10 DAGs
[2024-09-02T04:30:28.181+0000] {logging_mixin.py:190} INFO - [2024-09-02T04:30:28.180+0000] {dag.py:4138} INFO - Setting next_dagrun for conditional_dataset_and_time_based_timetable to 2024-08-28 01:00:00+00:00, run_after=2024-08-28 01:00:00+00:00
[2024-09-02T04:30:28.190+0000] {logging_mixin.py:190} INFO - [2024-09-02T04:30:28.190+0000] {dag.py:4138} INFO - Setting next_dagrun for consume_1_and_2_with_dataset_expressions to None, run_after=None
[2024-09-02T04:30:28.196+0000] {logging_mixin.py:190} INFO - [2024-09-02T04:30:28.195+0000] {dag.py:4138} INFO - Setting next_dagrun for consume_1_or_2_with_dataset_expressions to None, run_after=None
[2024-09-02T04:30:28.199+0000] {logging_mixin.py:190} INFO - [2024-09-02T04:30:28.199+0000] {dag.py:4138} INFO - Setting next_dagrun for consume_1_or_both_2_and_3_with_dataset_expressions to None, run_after=None
[2024-09-02T04:30:28.203+0000] {logging_mixin.py:190} INFO - [2024-09-02T04:30:28.202+0000] {dag.py:4138} INFO - Setting next_dagrun for dataset_consumes_1 to None, run_after=None
[2024-09-02T04:30:28.206+0000] {logging_mixin.py:190} INFO - [2024-09-02T04:30:28.206+0000] {dag.py:4138} INFO - Setting next_dagrun for dataset_consumes_1_and_2 to None, run_after=None
[2024-09-02T04:30:28.210+0000] {logging_mixin.py:190} INFO - [2024-09-02T04:30:28.209+0000] {dag.py:4138} INFO - Setting next_dagrun for dataset_consumes_1_never_scheduled to None, run_after=None
[2024-09-02T04:30:28.215+0000] {logging_mixin.py:190} INFO - [2024-09-02T04:30:28.214+0000] {dag.py:4138} INFO - Setting next_dagrun for dataset_consumes_unknown_never_scheduled to None, run_after=None
[2024-09-02T04:30:28.221+0000] {logging_mixin.py:190} INFO - [2024-09-02T04:30:28.221+0000] {dag.py:4138} INFO - Setting next_dagrun for dataset_produces_1 to 2024-09-01 00:00:00+00:00, run_after=2024-09-02 00:00:00+00:00
[2024-09-02T04:30:28.225+0000] {logging_mixin.py:190} INFO - [2024-09-02T04:30:28.224+0000] {dag.py:4138} INFO - Setting next_dagrun for dataset_produces_2 to None, run_after=None
[2024-09-02T04:30:28.334+0000] {processor.py:208} INFO - Processing /home/airflow/.local/lib/python3.12/site-packages/airflow/example_dags/example_datasets.py took 1.288 seconds
[2024-09-02T04:30:58.586+0000] {processor.py:186} INFO - Started process (PID=620) to work on /home/airflow/.local/lib/python3.12/site-packages/airflow/example_dags/example_datasets.py
[2024-09-02T04:30:58.592+0000] {processor.py:914} INFO - Processing file /home/airflow/.local/lib/python3.12/site-packages/airflow/example_dags/example_datasets.py for tasks to queue
[2024-09-02T04:30:58.603+0000] {logging_mixin.py:190} INFO - [2024-09-02T04:30:58.602+0000] {dagbag.py:587} INFO - Filling up the DagBag from /home/airflow/.local/lib/python3.12/site-packages/airflow/example_dags/example_datasets.py
[2024-09-02T04:31:00.009+0000] {processor.py:925} INFO - DAG(s) 'dataset_consumes_unknown_never_scheduled', 'consume_1_and_2_with_dataset_expressions', 'dataset_consumes_1_and_2', 'consume_1_or_2_with_dataset_expressions', 'dataset_produces_1', 'conditional_dataset_and_time_based_timetable', 'dataset_produces_2', 'dataset_consumes_1_never_scheduled', 'consume_1_or_both_2_and_3_with_dataset_expressions', 'dataset_consumes_1' retrieved from /home/airflow/.local/lib/python3.12/site-packages/airflow/example_dags/example_datasets.py
[2024-09-02T04:31:00.598+0000] {logging_mixin.py:190} INFO - [2024-09-02T04:31:00.598+0000] {dag.py:3211} INFO - Sync 10 DAGs
[2024-09-02T04:31:00.767+0000] {logging_mixin.py:190} INFO - [2024-09-02T04:31:00.766+0000] {dag.py:4138} INFO - Setting next_dagrun for conditional_dataset_and_time_based_timetable to 2024-08-28 01:00:00+00:00, run_after=2024-08-28 01:00:00+00:00
[2024-09-02T04:31:00.782+0000] {logging_mixin.py:190} INFO - [2024-09-02T04:31:00.782+0000] {dag.py:4138} INFO - Setting next_dagrun for consume_1_and_2_with_dataset_expressions to None, run_after=None
[2024-09-02T04:31:00.794+0000] {logging_mixin.py:190} INFO - [2024-09-02T04:31:00.793+0000] {dag.py:4138} INFO - Setting next_dagrun for consume_1_or_2_with_dataset_expressions to None, run_after=None
[2024-09-02T04:31:00.800+0000] {logging_mixin.py:190} INFO - [2024-09-02T04:31:00.800+0000] {dag.py:4138} INFO - Setting next_dagrun for consume_1_or_both_2_and_3_with_dataset_expressions to None, run_after=None
[2024-09-02T04:31:00.805+0000] {logging_mixin.py:190} INFO - [2024-09-02T04:31:00.805+0000] {dag.py:4138} INFO - Setting next_dagrun for dataset_consumes_1 to None, run_after=None
[2024-09-02T04:31:00.831+0000] {logging_mixin.py:190} INFO - [2024-09-02T04:31:00.831+0000] {dag.py:4138} INFO - Setting next_dagrun for dataset_consumes_1_and_2 to None, run_after=None
[2024-09-02T04:31:00.845+0000] {logging_mixin.py:190} INFO - [2024-09-02T04:31:00.844+0000] {dag.py:4138} INFO - Setting next_dagrun for dataset_consumes_1_never_scheduled to None, run_after=None
[2024-09-02T04:31:00.860+0000] {logging_mixin.py:190} INFO - [2024-09-02T04:31:00.860+0000] {dag.py:4138} INFO - Setting next_dagrun for dataset_consumes_unknown_never_scheduled to None, run_after=None
[2024-09-02T04:31:00.894+0000] {logging_mixin.py:190} INFO - [2024-09-02T04:31:00.893+0000] {dag.py:4138} INFO - Setting next_dagrun for dataset_produces_1 to 2024-09-01 00:00:00+00:00, run_after=2024-09-02 00:00:00+00:00
[2024-09-02T04:31:00.914+0000] {logging_mixin.py:190} INFO - [2024-09-02T04:31:00.914+0000] {dag.py:4138} INFO - Setting next_dagrun for dataset_produces_2 to None, run_after=None
[2024-09-02T04:31:01.137+0000] {processor.py:208} INFO - Processing /home/airflow/.local/lib/python3.12/site-packages/airflow/example_dags/example_datasets.py took 2.587 seconds
[2024-09-02T04:31:31.527+0000] {processor.py:186} INFO - Started process (PID=684) to work on /home/airflow/.local/lib/python3.12/site-packages/airflow/example_dags/example_datasets.py
[2024-09-02T04:31:31.530+0000] {processor.py:914} INFO - Processing file /home/airflow/.local/lib/python3.12/site-packages/airflow/example_dags/example_datasets.py for tasks to queue
[2024-09-02T04:31:31.538+0000] {logging_mixin.py:190} INFO - [2024-09-02T04:31:31.535+0000] {dagbag.py:587} INFO - Filling up the DagBag from /home/airflow/.local/lib/python3.12/site-packages/airflow/example_dags/example_datasets.py
[2024-09-02T04:31:32.237+0000] {processor.py:925} INFO - DAG(s) 'dataset_consumes_unknown_never_scheduled', 'dataset_consumes_1_and_2', 'dataset_consumes_1_never_scheduled', 'dataset_produces_1', 'consume_1_or_both_2_and_3_with_dataset_expressions', 'consume_1_and_2_with_dataset_expressions', 'consume_1_or_2_with_dataset_expressions', 'dataset_consumes_1', 'conditional_dataset_and_time_based_timetable', 'dataset_produces_2' retrieved from /home/airflow/.local/lib/python3.12/site-packages/airflow/example_dags/example_datasets.py
[2024-09-02T04:31:32.416+0000] {logging_mixin.py:190} INFO - [2024-09-02T04:31:32.416+0000] {dag.py:3211} INFO - Sync 10 DAGs
[2024-09-02T04:31:32.596+0000] {logging_mixin.py:190} INFO - [2024-09-02T04:31:32.596+0000] {dag.py:4138} INFO - Setting next_dagrun for conditional_dataset_and_time_based_timetable to 2024-08-28 01:00:00+00:00, run_after=2024-08-28 01:00:00+00:00
[2024-09-02T04:31:32.614+0000] {logging_mixin.py:190} INFO - [2024-09-02T04:31:32.614+0000] {dag.py:4138} INFO - Setting next_dagrun for consume_1_and_2_with_dataset_expressions to None, run_after=None
[2024-09-02T04:31:32.623+0000] {logging_mixin.py:190} INFO - [2024-09-02T04:31:32.623+0000] {dag.py:4138} INFO - Setting next_dagrun for consume_1_or_2_with_dataset_expressions to None, run_after=None
[2024-09-02T04:31:32.627+0000] {logging_mixin.py:190} INFO - [2024-09-02T04:31:32.627+0000] {dag.py:4138} INFO - Setting next_dagrun for consume_1_or_both_2_and_3_with_dataset_expressions to None, run_after=None
[2024-09-02T04:31:32.645+0000] {logging_mixin.py:190} INFO - [2024-09-02T04:31:32.645+0000] {dag.py:4138} INFO - Setting next_dagrun for dataset_consumes_1 to None, run_after=None
[2024-09-02T04:31:32.650+0000] {logging_mixin.py:190} INFO - [2024-09-02T04:31:32.649+0000] {dag.py:4138} INFO - Setting next_dagrun for dataset_consumes_1_and_2 to None, run_after=None
[2024-09-02T04:31:32.653+0000] {logging_mixin.py:190} INFO - [2024-09-02T04:31:32.653+0000] {dag.py:4138} INFO - Setting next_dagrun for dataset_consumes_1_never_scheduled to None, run_after=None
[2024-09-02T04:31:32.657+0000] {logging_mixin.py:190} INFO - [2024-09-02T04:31:32.657+0000] {dag.py:4138} INFO - Setting next_dagrun for dataset_consumes_unknown_never_scheduled to None, run_after=None
[2024-09-02T04:31:32.673+0000] {logging_mixin.py:190} INFO - [2024-09-02T04:31:32.672+0000] {dag.py:4138} INFO - Setting next_dagrun for dataset_produces_1 to 2024-09-01 00:00:00+00:00, run_after=2024-09-02 00:00:00+00:00
[2024-09-02T04:31:32.676+0000] {logging_mixin.py:190} INFO - [2024-09-02T04:31:32.676+0000] {dag.py:4138} INFO - Setting next_dagrun for dataset_produces_2 to None, run_after=None
[2024-09-02T04:31:32.848+0000] {processor.py:208} INFO - Processing /home/airflow/.local/lib/python3.12/site-packages/airflow/example_dags/example_datasets.py took 1.347 seconds
[2024-09-02T04:32:03.647+0000] {processor.py:186} INFO - Started process (PID=749) to work on /home/airflow/.local/lib/python3.12/site-packages/airflow/example_dags/example_datasets.py
[2024-09-02T04:32:03.649+0000] {processor.py:914} INFO - Processing file /home/airflow/.local/lib/python3.12/site-packages/airflow/example_dags/example_datasets.py for tasks to queue
[2024-09-02T04:32:03.666+0000] {logging_mixin.py:190} INFO - [2024-09-02T04:32:03.665+0000] {dagbag.py:587} INFO - Filling up the DagBag from /home/airflow/.local/lib/python3.12/site-packages/airflow/example_dags/example_datasets.py
[2024-09-02T04:32:04.568+0000] {processor.py:925} INFO - DAG(s) 'dataset_consumes_1_never_scheduled', 'conditional_dataset_and_time_based_timetable', 'dataset_consumes_unknown_never_scheduled', 'consume_1_or_2_with_dataset_expressions', 'dataset_produces_2', 'dataset_produces_1', 'dataset_consumes_1_and_2', 'consume_1_or_both_2_and_3_with_dataset_expressions', 'consume_1_and_2_with_dataset_expressions', 'dataset_consumes_1' retrieved from /home/airflow/.local/lib/python3.12/site-packages/airflow/example_dags/example_datasets.py
[2024-09-02T04:32:04.927+0000] {logging_mixin.py:190} INFO - [2024-09-02T04:32:04.926+0000] {dag.py:3211} INFO - Sync 10 DAGs
[2024-09-02T04:32:05.085+0000] {logging_mixin.py:190} INFO - [2024-09-02T04:32:05.084+0000] {dag.py:4138} INFO - Setting next_dagrun for conditional_dataset_and_time_based_timetable to 2024-08-28 01:00:00+00:00, run_after=2024-08-28 01:00:00+00:00
[2024-09-02T04:32:05.103+0000] {logging_mixin.py:190} INFO - [2024-09-02T04:32:05.103+0000] {dag.py:4138} INFO - Setting next_dagrun for consume_1_and_2_with_dataset_expressions to None, run_after=None
[2024-09-02T04:32:05.119+0000] {logging_mixin.py:190} INFO - [2024-09-02T04:32:05.119+0000] {dag.py:4138} INFO - Setting next_dagrun for consume_1_or_2_with_dataset_expressions to None, run_after=None
[2024-09-02T04:32:05.123+0000] {logging_mixin.py:190} INFO - [2024-09-02T04:32:05.122+0000] {dag.py:4138} INFO - Setting next_dagrun for consume_1_or_both_2_and_3_with_dataset_expressions to None, run_after=None
[2024-09-02T04:32:05.135+0000] {logging_mixin.py:190} INFO - [2024-09-02T04:32:05.134+0000] {dag.py:4138} INFO - Setting next_dagrun for dataset_consumes_1 to None, run_after=None
[2024-09-02T04:32:05.147+0000] {logging_mixin.py:190} INFO - [2024-09-02T04:32:05.147+0000] {dag.py:4138} INFO - Setting next_dagrun for dataset_consumes_1_and_2 to None, run_after=None
[2024-09-02T04:32:05.151+0000] {logging_mixin.py:190} INFO - [2024-09-02T04:32:05.150+0000] {dag.py:4138} INFO - Setting next_dagrun for dataset_consumes_1_never_scheduled to None, run_after=None
[2024-09-02T04:32:05.163+0000] {logging_mixin.py:190} INFO - [2024-09-02T04:32:05.163+0000] {dag.py:4138} INFO - Setting next_dagrun for dataset_consumes_unknown_never_scheduled to None, run_after=None
[2024-09-02T04:32:05.179+0000] {logging_mixin.py:190} INFO - [2024-09-02T04:32:05.178+0000] {dag.py:4138} INFO - Setting next_dagrun for dataset_produces_1 to 2024-09-01 00:00:00+00:00, run_after=2024-09-02 00:00:00+00:00
[2024-09-02T04:32:05.183+0000] {logging_mixin.py:190} INFO - [2024-09-02T04:32:05.182+0000] {dag.py:4138} INFO - Setting next_dagrun for dataset_produces_2 to None, run_after=None
[2024-09-02T04:32:05.435+0000] {processor.py:208} INFO - Processing /home/airflow/.local/lib/python3.12/site-packages/airflow/example_dags/example_datasets.py took 1.833 seconds
[2024-09-02T04:32:35.800+0000] {processor.py:186} INFO - Started process (PID=813) to work on /home/airflow/.local/lib/python3.12/site-packages/airflow/example_dags/example_datasets.py
[2024-09-02T04:32:35.803+0000] {processor.py:914} INFO - Processing file /home/airflow/.local/lib/python3.12/site-packages/airflow/example_dags/example_datasets.py for tasks to queue
[2024-09-02T04:32:35.813+0000] {logging_mixin.py:190} INFO - [2024-09-02T04:32:35.812+0000] {dagbag.py:587} INFO - Filling up the DagBag from /home/airflow/.local/lib/python3.12/site-packages/airflow/example_dags/example_datasets.py
[2024-09-02T04:32:36.576+0000] {processor.py:925} INFO - DAG(s) 'dataset_produces_2', 'dataset_consumes_1', 'consume_1_and_2_with_dataset_expressions', 'conditional_dataset_and_time_based_timetable', 'consume_1_or_both_2_and_3_with_dataset_expressions', 'dataset_produces_1', 'dataset_consumes_1_never_scheduled', 'dataset_consumes_1_and_2', 'dataset_consumes_unknown_never_scheduled', 'consume_1_or_2_with_dataset_expressions' retrieved from /home/airflow/.local/lib/python3.12/site-packages/airflow/example_dags/example_datasets.py
[2024-09-02T04:32:36.817+0000] {logging_mixin.py:190} INFO - [2024-09-02T04:32:36.816+0000] {dag.py:3211} INFO - Sync 10 DAGs
[2024-09-02T04:32:36.958+0000] {logging_mixin.py:190} INFO - [2024-09-02T04:32:36.957+0000] {dag.py:4138} INFO - Setting next_dagrun for conditional_dataset_and_time_based_timetable to 2024-08-28 01:00:00+00:00, run_after=2024-08-28 01:00:00+00:00
[2024-09-02T04:32:36.980+0000] {logging_mixin.py:190} INFO - [2024-09-02T04:32:36.980+0000] {dag.py:4138} INFO - Setting next_dagrun for consume_1_and_2_with_dataset_expressions to None, run_after=None
[2024-09-02T04:32:36.989+0000] {logging_mixin.py:190} INFO - [2024-09-02T04:32:36.989+0000] {dag.py:4138} INFO - Setting next_dagrun for consume_1_or_2_with_dataset_expressions to None, run_after=None
[2024-09-02T04:32:36.997+0000] {logging_mixin.py:190} INFO - [2024-09-02T04:32:36.997+0000] {dag.py:4138} INFO - Setting next_dagrun for consume_1_or_both_2_and_3_with_dataset_expressions to None, run_after=None
[2024-09-02T04:32:37.014+0000] {logging_mixin.py:190} INFO - [2024-09-02T04:32:37.013+0000] {dag.py:4138} INFO - Setting next_dagrun for dataset_consumes_1 to None, run_after=None
[2024-09-02T04:32:37.031+0000] {logging_mixin.py:190} INFO - [2024-09-02T04:32:37.030+0000] {dag.py:4138} INFO - Setting next_dagrun for dataset_consumes_1_and_2 to None, run_after=None
[2024-09-02T04:32:37.045+0000] {logging_mixin.py:190} INFO - [2024-09-02T04:32:37.034+0000] {dag.py:4138} INFO - Setting next_dagrun for dataset_consumes_1_never_scheduled to None, run_after=None
[2024-09-02T04:32:37.064+0000] {logging_mixin.py:190} INFO - [2024-09-02T04:32:37.064+0000] {dag.py:4138} INFO - Setting next_dagrun for dataset_consumes_unknown_never_scheduled to None, run_after=None
[2024-09-02T04:32:37.083+0000] {logging_mixin.py:190} INFO - [2024-09-02T04:32:37.083+0000] {dag.py:4138} INFO - Setting next_dagrun for dataset_produces_1 to 2024-09-01 00:00:00+00:00, run_after=2024-09-02 00:00:00+00:00
[2024-09-02T04:32:37.092+0000] {logging_mixin.py:190} INFO - [2024-09-02T04:32:37.092+0000] {dag.py:4138} INFO - Setting next_dagrun for dataset_produces_2 to None, run_after=None
[2024-09-02T04:32:37.314+0000] {processor.py:208} INFO - Processing /home/airflow/.local/lib/python3.12/site-packages/airflow/example_dags/example_datasets.py took 1.543 seconds
[2024-09-02T04:33:09.252+0000] {processor.py:186} INFO - Started process (PID=882) to work on /home/airflow/.local/lib/python3.12/site-packages/airflow/example_dags/example_datasets.py
[2024-09-02T04:33:09.254+0000] {processor.py:914} INFO - Processing file /home/airflow/.local/lib/python3.12/site-packages/airflow/example_dags/example_datasets.py for tasks to queue
[2024-09-02T04:33:09.270+0000] {logging_mixin.py:190} INFO - [2024-09-02T04:33:09.269+0000] {dagbag.py:587} INFO - Filling up the DagBag from /home/airflow/.local/lib/python3.12/site-packages/airflow/example_dags/example_datasets.py
[2024-09-02T04:33:10.696+0000] {processor.py:925} INFO - DAG(s) 'dataset_consumes_1', 'consume_1_or_2_with_dataset_expressions', 'dataset_consumes_unknown_never_scheduled', 'dataset_consumes_1_never_scheduled', 'dataset_consumes_1_and_2', 'dataset_produces_2', 'conditional_dataset_and_time_based_timetable', 'consume_1_or_both_2_and_3_with_dataset_expressions', 'consume_1_and_2_with_dataset_expressions', 'dataset_produces_1' retrieved from /home/airflow/.local/lib/python3.12/site-packages/airflow/example_dags/example_datasets.py
[2024-09-02T04:33:11.060+0000] {logging_mixin.py:190} INFO - [2024-09-02T04:33:11.047+0000] {dag.py:3211} INFO - Sync 10 DAGs
[2024-09-02T04:33:11.259+0000] {logging_mixin.py:190} INFO - [2024-09-02T04:33:11.258+0000] {dag.py:4138} INFO - Setting next_dagrun for conditional_dataset_and_time_based_timetable to 2024-08-28 01:00:00+00:00, run_after=2024-08-28 01:00:00+00:00
[2024-09-02T04:33:11.300+0000] {logging_mixin.py:190} INFO - [2024-09-02T04:33:11.299+0000] {dag.py:4138} INFO - Setting next_dagrun for consume_1_and_2_with_dataset_expressions to None, run_after=None
[2024-09-02T04:33:11.315+0000] {logging_mixin.py:190} INFO - [2024-09-02T04:33:11.303+0000] {dag.py:4138} INFO - Setting next_dagrun for consume_1_or_2_with_dataset_expressions to None, run_after=None
[2024-09-02T04:33:11.318+0000] {logging_mixin.py:190} INFO - [2024-09-02T04:33:11.318+0000] {dag.py:4138} INFO - Setting next_dagrun for consume_1_or_both_2_and_3_with_dataset_expressions to None, run_after=None
[2024-09-02T04:33:11.322+0000] {logging_mixin.py:190} INFO - [2024-09-02T04:33:11.322+0000] {dag.py:4138} INFO - Setting next_dagrun for dataset_consumes_1 to None, run_after=None
[2024-09-02T04:33:11.338+0000] {logging_mixin.py:190} INFO - [2024-09-02T04:33:11.337+0000] {dag.py:4138} INFO - Setting next_dagrun for dataset_consumes_1_and_2 to None, run_after=None
[2024-09-02T04:33:11.353+0000] {logging_mixin.py:190} INFO - [2024-09-02T04:33:11.342+0000] {dag.py:4138} INFO - Setting next_dagrun for dataset_consumes_1_never_scheduled to None, run_after=None
[2024-09-02T04:33:11.357+0000] {logging_mixin.py:190} INFO - [2024-09-02T04:33:11.357+0000] {dag.py:4138} INFO - Setting next_dagrun for dataset_consumes_unknown_never_scheduled to None, run_after=None
[2024-09-02T04:33:11.373+0000] {logging_mixin.py:190} INFO - [2024-09-02T04:33:11.372+0000] {dag.py:4138} INFO - Setting next_dagrun for dataset_produces_1 to 2024-09-01 00:00:00+00:00, run_after=2024-09-02 00:00:00+00:00
[2024-09-02T04:33:11.388+0000] {logging_mixin.py:190} INFO - [2024-09-02T04:33:11.388+0000] {dag.py:4138} INFO - Setting next_dagrun for dataset_produces_2 to None, run_after=None
[2024-09-02T04:33:11.622+0000] {processor.py:208} INFO - Processing /home/airflow/.local/lib/python3.12/site-packages/airflow/example_dags/example_datasets.py took 2.406 seconds
[2024-09-02T04:33:41.811+0000] {processor.py:186} INFO - Started process (PID=946) to work on /home/airflow/.local/lib/python3.12/site-packages/airflow/example_dags/example_datasets.py
[2024-09-02T04:33:41.823+0000] {processor.py:914} INFO - Processing file /home/airflow/.local/lib/python3.12/site-packages/airflow/example_dags/example_datasets.py for tasks to queue
[2024-09-02T04:33:41.828+0000] {logging_mixin.py:190} INFO - [2024-09-02T04:33:41.827+0000] {dagbag.py:587} INFO - Filling up the DagBag from /home/airflow/.local/lib/python3.12/site-packages/airflow/example_dags/example_datasets.py
[2024-09-02T04:33:42.639+0000] {processor.py:925} INFO - DAG(s) 'dataset_consumes_unknown_never_scheduled', 'consume_1_or_2_with_dataset_expressions', 'consume_1_or_both_2_and_3_with_dataset_expressions', 'dataset_consumes_1_and_2', 'dataset_consumes_1_never_scheduled', 'dataset_produces_2', 'dataset_produces_1', 'consume_1_and_2_with_dataset_expressions', 'conditional_dataset_and_time_based_timetable', 'dataset_consumes_1' retrieved from /home/airflow/.local/lib/python3.12/site-packages/airflow/example_dags/example_datasets.py
[2024-09-02T04:33:42.972+0000] {logging_mixin.py:190} INFO - [2024-09-02T04:33:42.971+0000] {dag.py:3211} INFO - Sync 10 DAGs
[2024-09-02T04:33:43.162+0000] {logging_mixin.py:190} INFO - [2024-09-02T04:33:43.161+0000] {dag.py:4138} INFO - Setting next_dagrun for conditional_dataset_and_time_based_timetable to 2024-08-28 01:00:00+00:00, run_after=2024-08-28 01:00:00+00:00
[2024-09-02T04:33:43.194+0000] {logging_mixin.py:190} INFO - [2024-09-02T04:33:43.194+0000] {dag.py:4138} INFO - Setting next_dagrun for consume_1_and_2_with_dataset_expressions to None, run_after=None
[2024-09-02T04:33:43.211+0000] {logging_mixin.py:190} INFO - [2024-09-02T04:33:43.211+0000] {dag.py:4138} INFO - Setting next_dagrun for consume_1_or_2_with_dataset_expressions to None, run_after=None
[2024-09-02T04:33:43.219+0000] {logging_mixin.py:190} INFO - [2024-09-02T04:33:43.218+0000] {dag.py:4138} INFO - Setting next_dagrun for consume_1_or_both_2_and_3_with_dataset_expressions to None, run_after=None
[2024-09-02T04:33:43.229+0000] {logging_mixin.py:190} INFO - [2024-09-02T04:33:43.228+0000] {dag.py:4138} INFO - Setting next_dagrun for dataset_consumes_1 to None, run_after=None
[2024-09-02T04:33:43.262+0000] {logging_mixin.py:190} INFO - [2024-09-02T04:33:43.252+0000] {dag.py:4138} INFO - Setting next_dagrun for dataset_consumes_1_and_2 to None, run_after=None
[2024-09-02T04:33:43.283+0000] {logging_mixin.py:190} INFO - [2024-09-02T04:33:43.282+0000] {dag.py:4138} INFO - Setting next_dagrun for dataset_consumes_1_never_scheduled to None, run_after=None
[2024-09-02T04:33:43.286+0000] {logging_mixin.py:190} INFO - [2024-09-02T04:33:43.286+0000] {dag.py:4138} INFO - Setting next_dagrun for dataset_consumes_unknown_never_scheduled to None, run_after=None
[2024-09-02T04:33:43.303+0000] {logging_mixin.py:190} INFO - [2024-09-02T04:33:43.303+0000] {dag.py:4138} INFO - Setting next_dagrun for dataset_produces_1 to 2024-09-01 00:00:00+00:00, run_after=2024-09-02 00:00:00+00:00
[2024-09-02T04:33:43.307+0000] {logging_mixin.py:190} INFO - [2024-09-02T04:33:43.307+0000] {dag.py:4138} INFO - Setting next_dagrun for dataset_produces_2 to None, run_after=None
[2024-09-02T04:33:43.619+0000] {processor.py:208} INFO - Processing /home/airflow/.local/lib/python3.12/site-packages/airflow/example_dags/example_datasets.py took 1.823 seconds
[2024-09-02T04:34:13.781+0000] {processor.py:186} INFO - Started process (PID=1010) to work on /home/airflow/.local/lib/python3.12/site-packages/airflow/example_dags/example_datasets.py
[2024-09-02T04:34:13.784+0000] {processor.py:914} INFO - Processing file /home/airflow/.local/lib/python3.12/site-packages/airflow/example_dags/example_datasets.py for tasks to queue
[2024-09-02T04:34:13.789+0000] {logging_mixin.py:190} INFO - [2024-09-02T04:34:13.789+0000] {dagbag.py:587} INFO - Filling up the DagBag from /home/airflow/.local/lib/python3.12/site-packages/airflow/example_dags/example_datasets.py
[2024-09-02T04:34:14.150+0000] {processor.py:925} INFO - DAG(s) 'dataset_consumes_1_and_2', 'consume_1_and_2_with_dataset_expressions', 'dataset_produces_1', 'consume_1_or_2_with_dataset_expressions', 'dataset_consumes_1_never_scheduled', 'dataset_consumes_1', 'dataset_produces_2', 'dataset_consumes_unknown_never_scheduled', 'consume_1_or_both_2_and_3_with_dataset_expressions', 'conditional_dataset_and_time_based_timetable' retrieved from /home/airflow/.local/lib/python3.12/site-packages/airflow/example_dags/example_datasets.py
[2024-09-02T04:34:14.245+0000] {logging_mixin.py:190} INFO - [2024-09-02T04:34:14.244+0000] {dag.py:3211} INFO - Sync 10 DAGs
[2024-09-02T04:34:14.326+0000] {logging_mixin.py:190} INFO - [2024-09-02T04:34:14.325+0000] {dag.py:4138} INFO - Setting next_dagrun for conditional_dataset_and_time_based_timetable to 2024-08-28 01:00:00+00:00, run_after=2024-08-28 01:00:00+00:00
[2024-09-02T04:34:14.343+0000] {logging_mixin.py:190} INFO - [2024-09-02T04:34:14.342+0000] {dag.py:4138} INFO - Setting next_dagrun for consume_1_and_2_with_dataset_expressions to None, run_after=None
[2024-09-02T04:34:14.350+0000] {logging_mixin.py:190} INFO - [2024-09-02T04:34:14.348+0000] {dag.py:4138} INFO - Setting next_dagrun for consume_1_or_2_with_dataset_expressions to None, run_after=None
[2024-09-02T04:34:14.354+0000] {logging_mixin.py:190} INFO - [2024-09-02T04:34:14.353+0000] {dag.py:4138} INFO - Setting next_dagrun for consume_1_or_both_2_and_3_with_dataset_expressions to None, run_after=None
[2024-09-02T04:34:14.358+0000] {logging_mixin.py:190} INFO - [2024-09-02T04:34:14.357+0000] {dag.py:4138} INFO - Setting next_dagrun for dataset_consumes_1 to None, run_after=None
[2024-09-02T04:34:14.361+0000] {logging_mixin.py:190} INFO - [2024-09-02T04:34:14.361+0000] {dag.py:4138} INFO - Setting next_dagrun for dataset_consumes_1_and_2 to None, run_after=None
[2024-09-02T04:34:14.365+0000] {logging_mixin.py:190} INFO - [2024-09-02T04:34:14.364+0000] {dag.py:4138} INFO - Setting next_dagrun for dataset_consumes_1_never_scheduled to None, run_after=None
[2024-09-02T04:34:14.368+0000] {logging_mixin.py:190} INFO - [2024-09-02T04:34:14.367+0000] {dag.py:4138} INFO - Setting next_dagrun for dataset_consumes_unknown_never_scheduled to None, run_after=None
[2024-09-02T04:34:14.374+0000] {logging_mixin.py:190} INFO - [2024-09-02T04:34:14.373+0000] {dag.py:4138} INFO - Setting next_dagrun for dataset_produces_1 to 2024-09-01 00:00:00+00:00, run_after=2024-09-02 00:00:00+00:00
[2024-09-02T04:34:14.377+0000] {logging_mixin.py:190} INFO - [2024-09-02T04:34:14.376+0000] {dag.py:4138} INFO - Setting next_dagrun for dataset_produces_2 to None, run_after=None
[2024-09-02T04:34:14.530+0000] {processor.py:208} INFO - Processing /home/airflow/.local/lib/python3.12/site-packages/airflow/example_dags/example_datasets.py took 0.764 seconds
[2024-09-02T04:34:48.520+0000] {processor.py:186} INFO - Started process (PID=1069) to work on /home/airflow/.local/lib/python3.12/site-packages/airflow/example_dags/example_datasets.py
[2024-09-02T04:34:48.530+0000] {processor.py:914} INFO - Processing file /home/airflow/.local/lib/python3.12/site-packages/airflow/example_dags/example_datasets.py for tasks to queue
[2024-09-02T04:34:48.547+0000] {logging_mixin.py:190} INFO - [2024-09-02T04:34:48.545+0000] {dagbag.py:587} INFO - Filling up the DagBag from /home/airflow/.local/lib/python3.12/site-packages/airflow/example_dags/example_datasets.py
[2024-09-02T04:34:49.770+0000] {processor.py:925} INFO - DAG(s) 'dataset_consumes_unknown_never_scheduled', 'dataset_produces_2', 'consume_1_and_2_with_dataset_expressions', 'consume_1_or_2_with_dataset_expressions', 'consume_1_or_both_2_and_3_with_dataset_expressions', 'dataset_consumes_1', 'dataset_produces_1', 'conditional_dataset_and_time_based_timetable', 'dataset_consumes_1_never_scheduled', 'dataset_consumes_1_and_2' retrieved from /home/airflow/.local/lib/python3.12/site-packages/airflow/example_dags/example_datasets.py
[2024-09-02T04:34:50.170+0000] {logging_mixin.py:190} INFO - [2024-09-02T04:34:50.170+0000] {dag.py:3211} INFO - Sync 10 DAGs
[2024-09-02T04:34:50.392+0000] {logging_mixin.py:190} INFO - [2024-09-02T04:34:50.391+0000] {dag.py:4138} INFO - Setting next_dagrun for conditional_dataset_and_time_based_timetable to 2024-08-28 01:00:00+00:00, run_after=2024-08-28 01:00:00+00:00
[2024-09-02T04:34:50.446+0000] {logging_mixin.py:190} INFO - [2024-09-02T04:34:50.437+0000] {dag.py:4138} INFO - Setting next_dagrun for consume_1_and_2_with_dataset_expressions to None, run_after=None
[2024-09-02T04:34:50.466+0000] {logging_mixin.py:190} INFO - [2024-09-02T04:34:50.466+0000] {dag.py:4138} INFO - Setting next_dagrun for consume_1_or_2_with_dataset_expressions to None, run_after=None
[2024-09-02T04:34:50.482+0000] {logging_mixin.py:190} INFO - [2024-09-02T04:34:50.482+0000] {dag.py:4138} INFO - Setting next_dagrun for consume_1_or_both_2_and_3_with_dataset_expressions to None, run_after=None
[2024-09-02T04:34:50.516+0000] {logging_mixin.py:190} INFO - [2024-09-02T04:34:50.516+0000] {dag.py:4138} INFO - Setting next_dagrun for dataset_consumes_1 to None, run_after=None
[2024-09-02T04:34:50.540+0000] {logging_mixin.py:190} INFO - [2024-09-02T04:34:50.540+0000] {dag.py:4138} INFO - Setting next_dagrun for dataset_consumes_1_and_2 to None, run_after=None
[2024-09-02T04:34:50.568+0000] {logging_mixin.py:190} INFO - [2024-09-02T04:34:50.568+0000] {dag.py:4138} INFO - Setting next_dagrun for dataset_consumes_1_never_scheduled to None, run_after=None
[2024-09-02T04:34:50.576+0000] {logging_mixin.py:190} INFO - [2024-09-02T04:34:50.575+0000] {dag.py:4138} INFO - Setting next_dagrun for dataset_consumes_unknown_never_scheduled to None, run_after=None
[2024-09-02T04:34:50.592+0000] {logging_mixin.py:190} INFO - [2024-09-02T04:34:50.591+0000] {dag.py:4138} INFO - Setting next_dagrun for dataset_produces_1 to 2024-09-01 00:00:00+00:00, run_after=2024-09-02 00:00:00+00:00
[2024-09-02T04:34:50.602+0000] {logging_mixin.py:190} INFO - [2024-09-02T04:34:50.601+0000] {dag.py:4138} INFO - Setting next_dagrun for dataset_produces_2 to None, run_after=None
[2024-09-02T04:34:50.821+0000] {processor.py:208} INFO - Processing /home/airflow/.local/lib/python3.12/site-packages/airflow/example_dags/example_datasets.py took 2.334 seconds
[2024-09-02T04:35:23.585+0000] {processor.py:186} INFO - Started process (PID=1131) to work on /home/airflow/.local/lib/python3.12/site-packages/airflow/example_dags/example_datasets.py
[2024-09-02T04:35:23.588+0000] {processor.py:914} INFO - Processing file /home/airflow/.local/lib/python3.12/site-packages/airflow/example_dags/example_datasets.py for tasks to queue
[2024-09-02T04:35:23.604+0000] {logging_mixin.py:190} INFO - [2024-09-02T04:35:23.603+0000] {dagbag.py:587} INFO - Filling up the DagBag from /home/airflow/.local/lib/python3.12/site-packages/airflow/example_dags/example_datasets.py
[2024-09-02T04:35:24.178+0000] {processor.py:925} INFO - DAG(s) 'conditional_dataset_and_time_based_timetable', 'dataset_consumes_unknown_never_scheduled', 'dataset_consumes_1_and_2', 'consume_1_and_2_with_dataset_expressions', 'dataset_produces_2', 'consume_1_or_both_2_and_3_with_dataset_expressions', 'dataset_consumes_1_never_scheduled', 'dataset_consumes_1', 'dataset_produces_1', 'consume_1_or_2_with_dataset_expressions' retrieved from /home/airflow/.local/lib/python3.12/site-packages/airflow/example_dags/example_datasets.py
[2024-09-02T04:35:24.368+0000] {logging_mixin.py:190} INFO - [2024-09-02T04:35:24.368+0000] {dag.py:3211} INFO - Sync 10 DAGs
[2024-09-02T04:35:24.460+0000] {logging_mixin.py:190} INFO - [2024-09-02T04:35:24.459+0000] {dag.py:4138} INFO - Setting next_dagrun for conditional_dataset_and_time_based_timetable to 2024-08-28 01:00:00+00:00, run_after=2024-08-28 01:00:00+00:00
[2024-09-02T04:35:24.473+0000] {logging_mixin.py:190} INFO - [2024-09-02T04:35:24.472+0000] {dag.py:4138} INFO - Setting next_dagrun for consume_1_and_2_with_dataset_expressions to None, run_after=None
[2024-09-02T04:35:24.478+0000] {logging_mixin.py:190} INFO - [2024-09-02T04:35:24.477+0000] {dag.py:4138} INFO - Setting next_dagrun for consume_1_or_2_with_dataset_expressions to None, run_after=None
[2024-09-02T04:35:24.482+0000] {logging_mixin.py:190} INFO - [2024-09-02T04:35:24.481+0000] {dag.py:4138} INFO - Setting next_dagrun for consume_1_or_both_2_and_3_with_dataset_expressions to None, run_after=None
[2024-09-02T04:35:24.486+0000] {logging_mixin.py:190} INFO - [2024-09-02T04:35:24.486+0000] {dag.py:4138} INFO - Setting next_dagrun for dataset_consumes_1 to None, run_after=None
[2024-09-02T04:35:24.491+0000] {logging_mixin.py:190} INFO - [2024-09-02T04:35:24.491+0000] {dag.py:4138} INFO - Setting next_dagrun for dataset_consumes_1_and_2 to None, run_after=None
[2024-09-02T04:35:24.498+0000] {logging_mixin.py:190} INFO - [2024-09-02T04:35:24.497+0000] {dag.py:4138} INFO - Setting next_dagrun for dataset_consumes_1_never_scheduled to None, run_after=None
[2024-09-02T04:35:24.502+0000] {logging_mixin.py:190} INFO - [2024-09-02T04:35:24.502+0000] {dag.py:4138} INFO - Setting next_dagrun for dataset_consumes_unknown_never_scheduled to None, run_after=None
[2024-09-02T04:35:24.511+0000] {logging_mixin.py:190} INFO - [2024-09-02T04:35:24.511+0000] {dag.py:4138} INFO - Setting next_dagrun for dataset_produces_1 to 2024-09-01 00:00:00+00:00, run_after=2024-09-02 00:00:00+00:00
[2024-09-02T04:35:24.515+0000] {logging_mixin.py:190} INFO - [2024-09-02T04:35:24.514+0000] {dag.py:4138} INFO - Setting next_dagrun for dataset_produces_2 to None, run_after=None
[2024-09-02T04:35:24.686+0000] {processor.py:208} INFO - Processing /home/airflow/.local/lib/python3.12/site-packages/airflow/example_dags/example_datasets.py took 1.157 seconds
[2024-09-02T04:35:55.167+0000] {processor.py:186} INFO - Started process (PID=1196) to work on /home/airflow/.local/lib/python3.12/site-packages/airflow/example_dags/example_datasets.py
[2024-09-02T04:35:55.169+0000] {processor.py:914} INFO - Processing file /home/airflow/.local/lib/python3.12/site-packages/airflow/example_dags/example_datasets.py for tasks to queue
[2024-09-02T04:35:55.175+0000] {logging_mixin.py:190} INFO - [2024-09-02T04:35:55.174+0000] {dagbag.py:587} INFO - Filling up the DagBag from /home/airflow/.local/lib/python3.12/site-packages/airflow/example_dags/example_datasets.py
[2024-09-02T04:35:55.579+0000] {processor.py:925} INFO - DAG(s) 'consume_1_or_2_with_dataset_expressions', 'dataset_consumes_1', 'conditional_dataset_and_time_based_timetable', 'dataset_consumes_unknown_never_scheduled', 'dataset_consumes_1_and_2', 'dataset_consumes_1_never_scheduled', 'consume_1_and_2_with_dataset_expressions', 'dataset_produces_2', 'consume_1_or_both_2_and_3_with_dataset_expressions', 'dataset_produces_1' retrieved from /home/airflow/.local/lib/python3.12/site-packages/airflow/example_dags/example_datasets.py
[2024-09-02T04:35:55.704+0000] {logging_mixin.py:190} INFO - [2024-09-02T04:35:55.704+0000] {dag.py:3211} INFO - Sync 10 DAGs
[2024-09-02T04:35:55.787+0000] {logging_mixin.py:190} INFO - [2024-09-02T04:35:55.786+0000] {dag.py:4138} INFO - Setting next_dagrun for conditional_dataset_and_time_based_timetable to 2024-08-28 01:00:00+00:00, run_after=2024-08-28 01:00:00+00:00
[2024-09-02T04:35:55.796+0000] {logging_mixin.py:190} INFO - [2024-09-02T04:35:55.796+0000] {dag.py:4138} INFO - Setting next_dagrun for consume_1_and_2_with_dataset_expressions to None, run_after=None
[2024-09-02T04:35:55.801+0000] {logging_mixin.py:190} INFO - [2024-09-02T04:35:55.800+0000] {dag.py:4138} INFO - Setting next_dagrun for consume_1_or_2_with_dataset_expressions to None, run_after=None
[2024-09-02T04:35:55.805+0000] {logging_mixin.py:190} INFO - [2024-09-02T04:35:55.804+0000] {dag.py:4138} INFO - Setting next_dagrun for consume_1_or_both_2_and_3_with_dataset_expressions to None, run_after=None
[2024-09-02T04:35:55.809+0000] {logging_mixin.py:190} INFO - [2024-09-02T04:35:55.809+0000] {dag.py:4138} INFO - Setting next_dagrun for dataset_consumes_1 to None, run_after=None
[2024-09-02T04:35:55.813+0000] {logging_mixin.py:190} INFO - [2024-09-02T04:35:55.813+0000] {dag.py:4138} INFO - Setting next_dagrun for dataset_consumes_1_and_2 to None, run_after=None
[2024-09-02T04:35:55.817+0000] {logging_mixin.py:190} INFO - [2024-09-02T04:35:55.817+0000] {dag.py:4138} INFO - Setting next_dagrun for dataset_consumes_1_never_scheduled to None, run_after=None
[2024-09-02T04:35:55.821+0000] {logging_mixin.py:190} INFO - [2024-09-02T04:35:55.820+0000] {dag.py:4138} INFO - Setting next_dagrun for dataset_consumes_unknown_never_scheduled to None, run_after=None
[2024-09-02T04:35:55.831+0000] {logging_mixin.py:190} INFO - [2024-09-02T04:35:55.830+0000] {dag.py:4138} INFO - Setting next_dagrun for dataset_produces_1 to 2024-09-01 00:00:00+00:00, run_after=2024-09-02 00:00:00+00:00
[2024-09-02T04:35:55.835+0000] {logging_mixin.py:190} INFO - [2024-09-02T04:35:55.834+0000] {dag.py:4138} INFO - Setting next_dagrun for dataset_produces_2 to None, run_after=None
[2024-09-02T04:35:55.960+0000] {processor.py:208} INFO - Processing /home/airflow/.local/lib/python3.12/site-packages/airflow/example_dags/example_datasets.py took 0.809 seconds
[2024-09-02T04:36:27.014+0000] {processor.py:186} INFO - Started process (PID=1261) to work on /home/airflow/.local/lib/python3.12/site-packages/airflow/example_dags/example_datasets.py
[2024-09-02T04:36:27.025+0000] {processor.py:914} INFO - Processing file /home/airflow/.local/lib/python3.12/site-packages/airflow/example_dags/example_datasets.py for tasks to queue
[2024-09-02T04:36:27.061+0000] {logging_mixin.py:190} INFO - [2024-09-02T04:36:27.048+0000] {dagbag.py:587} INFO - Filling up the DagBag from /home/airflow/.local/lib/python3.12/site-packages/airflow/example_dags/example_datasets.py
[2024-09-02T04:36:27.914+0000] {processor.py:925} INFO - DAG(s) 'dataset_consumes_1_and_2', 'conditional_dataset_and_time_based_timetable', 'dataset_consumes_1_never_scheduled', 'dataset_produces_2', 'consume_1_or_2_with_dataset_expressions', 'consume_1_and_2_with_dataset_expressions', 'consume_1_or_both_2_and_3_with_dataset_expressions', 'dataset_consumes_1', 'dataset_consumes_unknown_never_scheduled', 'dataset_produces_1' retrieved from /home/airflow/.local/lib/python3.12/site-packages/airflow/example_dags/example_datasets.py
[2024-09-02T04:36:28.126+0000] {logging_mixin.py:190} INFO - [2024-09-02T04:36:28.125+0000] {dag.py:3211} INFO - Sync 10 DAGs
[2024-09-02T04:36:28.229+0000] {logging_mixin.py:190} INFO - [2024-09-02T04:36:28.229+0000] {dag.py:4138} INFO - Setting next_dagrun for conditional_dataset_and_time_based_timetable to 2024-08-28 01:00:00+00:00, run_after=2024-08-28 01:00:00+00:00
[2024-09-02T04:36:28.248+0000] {logging_mixin.py:190} INFO - [2024-09-02T04:36:28.248+0000] {dag.py:4138} INFO - Setting next_dagrun for consume_1_and_2_with_dataset_expressions to None, run_after=None
[2024-09-02T04:36:28.253+0000] {logging_mixin.py:190} INFO - [2024-09-02T04:36:28.253+0000] {dag.py:4138} INFO - Setting next_dagrun for consume_1_or_2_with_dataset_expressions to None, run_after=None
[2024-09-02T04:36:28.257+0000] {logging_mixin.py:190} INFO - [2024-09-02T04:36:28.256+0000] {dag.py:4138} INFO - Setting next_dagrun for consume_1_or_both_2_and_3_with_dataset_expressions to None, run_after=None
[2024-09-02T04:36:28.262+0000] {logging_mixin.py:190} INFO - [2024-09-02T04:36:28.261+0000] {dag.py:4138} INFO - Setting next_dagrun for dataset_consumes_1 to None, run_after=None
[2024-09-02T04:36:28.266+0000] {logging_mixin.py:190} INFO - [2024-09-02T04:36:28.266+0000] {dag.py:4138} INFO - Setting next_dagrun for dataset_consumes_1_and_2 to None, run_after=None
[2024-09-02T04:36:28.270+0000] {logging_mixin.py:190} INFO - [2024-09-02T04:36:28.269+0000] {dag.py:4138} INFO - Setting next_dagrun for dataset_consumes_1_never_scheduled to None, run_after=None
[2024-09-02T04:36:28.274+0000] {logging_mixin.py:190} INFO - [2024-09-02T04:36:28.273+0000] {dag.py:4138} INFO - Setting next_dagrun for dataset_consumes_unknown_never_scheduled to None, run_after=None
[2024-09-02T04:36:28.284+0000] {logging_mixin.py:190} INFO - [2024-09-02T04:36:28.284+0000] {dag.py:4138} INFO - Setting next_dagrun for dataset_produces_1 to 2024-09-01 00:00:00+00:00, run_after=2024-09-02 00:00:00+00:00
[2024-09-02T04:36:28.288+0000] {logging_mixin.py:190} INFO - [2024-09-02T04:36:28.287+0000] {dag.py:4138} INFO - Setting next_dagrun for dataset_produces_2 to None, run_after=None
[2024-09-02T04:36:28.397+0000] {processor.py:208} INFO - Processing /home/airflow/.local/lib/python3.12/site-packages/airflow/example_dags/example_datasets.py took 1.425 seconds
[2024-09-02T04:36:58.989+0000] {processor.py:186} INFO - Started process (PID=1325) to work on /home/airflow/.local/lib/python3.12/site-packages/airflow/example_dags/example_datasets.py
[2024-09-02T04:36:58.991+0000] {processor.py:914} INFO - Processing file /home/airflow/.local/lib/python3.12/site-packages/airflow/example_dags/example_datasets.py for tasks to queue
[2024-09-02T04:36:59.000+0000] {logging_mixin.py:190} INFO - [2024-09-02T04:36:58.999+0000] {dagbag.py:587} INFO - Filling up the DagBag from /home/airflow/.local/lib/python3.12/site-packages/airflow/example_dags/example_datasets.py
[2024-09-02T04:37:00.060+0000] {processor.py:925} INFO - DAG(s) 'dataset_produces_1', 'dataset_produces_2', 'dataset_consumes_1_and_2', 'consume_1_or_both_2_and_3_with_dataset_expressions', 'conditional_dataset_and_time_based_timetable', 'dataset_consumes_unknown_never_scheduled', 'consume_1_and_2_with_dataset_expressions', 'consume_1_or_2_with_dataset_expressions', 'dataset_consumes_1', 'dataset_consumes_1_never_scheduled' retrieved from /home/airflow/.local/lib/python3.12/site-packages/airflow/example_dags/example_datasets.py
[2024-09-02T04:37:00.653+0000] {logging_mixin.py:190} INFO - [2024-09-02T04:37:00.652+0000] {dag.py:3211} INFO - Sync 10 DAGs
[2024-09-02T04:37:01.009+0000] {logging_mixin.py:190} INFO - [2024-09-02T04:37:01.008+0000] {dag.py:4138} INFO - Setting next_dagrun for conditional_dataset_and_time_based_timetable to 2024-08-28 01:00:00+00:00, run_after=2024-08-28 01:00:00+00:00
[2024-09-02T04:37:01.040+0000] {logging_mixin.py:190} INFO - [2024-09-02T04:37:01.039+0000] {dag.py:4138} INFO - Setting next_dagrun for consume_1_and_2_with_dataset_expressions to None, run_after=None
[2024-09-02T04:37:01.059+0000] {logging_mixin.py:190} INFO - [2024-09-02T04:37:01.058+0000] {dag.py:4138} INFO - Setting next_dagrun for consume_1_or_2_with_dataset_expressions to None, run_after=None
[2024-09-02T04:37:01.090+0000] {logging_mixin.py:190} INFO - [2024-09-02T04:37:01.090+0000] {dag.py:4138} INFO - Setting next_dagrun for consume_1_or_both_2_and_3_with_dataset_expressions to None, run_after=None
[2024-09-02T04:37:01.104+0000] {logging_mixin.py:190} INFO - [2024-09-02T04:37:01.104+0000] {dag.py:4138} INFO - Setting next_dagrun for dataset_consumes_1 to None, run_after=None
[2024-09-02T04:37:01.119+0000] {logging_mixin.py:190} INFO - [2024-09-02T04:37:01.118+0000] {dag.py:4138} INFO - Setting next_dagrun for dataset_consumes_1_and_2 to None, run_after=None
[2024-09-02T04:37:01.122+0000] {logging_mixin.py:190} INFO - [2024-09-02T04:37:01.122+0000] {dag.py:4138} INFO - Setting next_dagrun for dataset_consumes_1_never_scheduled to None, run_after=None
[2024-09-02T04:37:01.126+0000] {logging_mixin.py:190} INFO - [2024-09-02T04:37:01.126+0000] {dag.py:4138} INFO - Setting next_dagrun for dataset_consumes_unknown_never_scheduled to None, run_after=None
[2024-09-02T04:37:01.140+0000] {logging_mixin.py:190} INFO - [2024-09-02T04:37:01.139+0000] {dag.py:4138} INFO - Setting next_dagrun for dataset_produces_1 to 2024-09-01 00:00:00+00:00, run_after=2024-09-02 00:00:00+00:00
[2024-09-02T04:37:01.143+0000] {logging_mixin.py:190} INFO - [2024-09-02T04:37:01.143+0000] {dag.py:4138} INFO - Setting next_dagrun for dataset_produces_2 to None, run_after=None
[2024-09-02T04:37:01.309+0000] {processor.py:208} INFO - Processing /home/airflow/.local/lib/python3.12/site-packages/airflow/example_dags/example_datasets.py took 2.333 seconds
[2024-09-02T04:37:31.590+0000] {processor.py:186} INFO - Started process (PID=1391) to work on /home/airflow/.local/lib/python3.12/site-packages/airflow/example_dags/example_datasets.py
[2024-09-02T04:37:31.599+0000] {processor.py:914} INFO - Processing file /home/airflow/.local/lib/python3.12/site-packages/airflow/example_dags/example_datasets.py for tasks to queue
[2024-09-02T04:37:31.604+0000] {logging_mixin.py:190} INFO - [2024-09-02T04:37:31.603+0000] {dagbag.py:587} INFO - Filling up the DagBag from /home/airflow/.local/lib/python3.12/site-packages/airflow/example_dags/example_datasets.py
[2024-09-02T04:37:31.970+0000] {processor.py:925} INFO - DAG(s) 'dataset_consumes_1', 'conditional_dataset_and_time_based_timetable', 'dataset_produces_1', 'dataset_produces_2', 'dataset_consumes_1_and_2', 'dataset_consumes_1_never_scheduled', 'consume_1_and_2_with_dataset_expressions', 'consume_1_or_both_2_and_3_with_dataset_expressions', 'consume_1_or_2_with_dataset_expressions', 'dataset_consumes_unknown_never_scheduled' retrieved from /home/airflow/.local/lib/python3.12/site-packages/airflow/example_dags/example_datasets.py
[2024-09-02T04:37:32.088+0000] {logging_mixin.py:190} INFO - [2024-09-02T04:37:32.087+0000] {dag.py:3211} INFO - Sync 10 DAGs
[2024-09-02T04:37:32.169+0000] {logging_mixin.py:190} INFO - [2024-09-02T04:37:32.168+0000] {dag.py:4138} INFO - Setting next_dagrun for conditional_dataset_and_time_based_timetable to 2024-08-28 01:00:00+00:00, run_after=2024-08-28 01:00:00+00:00
[2024-09-02T04:37:32.178+0000] {logging_mixin.py:190} INFO - [2024-09-02T04:37:32.177+0000] {dag.py:4138} INFO - Setting next_dagrun for consume_1_and_2_with_dataset_expressions to None, run_after=None
[2024-09-02T04:37:32.181+0000] {logging_mixin.py:190} INFO - [2024-09-02T04:37:32.181+0000] {dag.py:4138} INFO - Setting next_dagrun for consume_1_or_2_with_dataset_expressions to None, run_after=None
[2024-09-02T04:37:32.185+0000] {logging_mixin.py:190} INFO - [2024-09-02T04:37:32.184+0000] {dag.py:4138} INFO - Setting next_dagrun for consume_1_or_both_2_and_3_with_dataset_expressions to None, run_after=None
[2024-09-02T04:37:32.188+0000] {logging_mixin.py:190} INFO - [2024-09-02T04:37:32.188+0000] {dag.py:4138} INFO - Setting next_dagrun for dataset_consumes_1 to None, run_after=None
[2024-09-02T04:37:32.191+0000] {logging_mixin.py:190} INFO - [2024-09-02T04:37:32.191+0000] {dag.py:4138} INFO - Setting next_dagrun for dataset_consumes_1_and_2 to None, run_after=None
[2024-09-02T04:37:32.195+0000] {logging_mixin.py:190} INFO - [2024-09-02T04:37:32.195+0000] {dag.py:4138} INFO - Setting next_dagrun for dataset_consumes_1_never_scheduled to None, run_after=None
[2024-09-02T04:37:32.198+0000] {logging_mixin.py:190} INFO - [2024-09-02T04:37:32.198+0000] {dag.py:4138} INFO - Setting next_dagrun for dataset_consumes_unknown_never_scheduled to None, run_after=None
[2024-09-02T04:37:32.204+0000] {logging_mixin.py:190} INFO - [2024-09-02T04:37:32.204+0000] {dag.py:4138} INFO - Setting next_dagrun for dataset_produces_1 to 2024-09-01 00:00:00+00:00, run_after=2024-09-02 00:00:00+00:00
[2024-09-02T04:37:32.208+0000] {logging_mixin.py:190} INFO - [2024-09-02T04:37:32.207+0000] {dag.py:4138} INFO - Setting next_dagrun for dataset_produces_2 to None, run_after=None
[2024-09-02T04:37:32.309+0000] {processor.py:208} INFO - Processing /home/airflow/.local/lib/python3.12/site-packages/airflow/example_dags/example_datasets.py took 0.736 seconds
[2024-09-02T04:38:02.988+0000] {processor.py:186} INFO - Started process (PID=1454) to work on /home/airflow/.local/lib/python3.12/site-packages/airflow/example_dags/example_datasets.py
[2024-09-02T04:38:02.990+0000] {processor.py:914} INFO - Processing file /home/airflow/.local/lib/python3.12/site-packages/airflow/example_dags/example_datasets.py for tasks to queue
[2024-09-02T04:38:02.996+0000] {logging_mixin.py:190} INFO - [2024-09-02T04:38:02.995+0000] {dagbag.py:587} INFO - Filling up the DagBag from /home/airflow/.local/lib/python3.12/site-packages/airflow/example_dags/example_datasets.py
[2024-09-02T04:38:03.578+0000] {processor.py:925} INFO - DAG(s) 'dataset_produces_1', 'dataset_consumes_1', 'consume_1_or_both_2_and_3_with_dataset_expressions', 'conditional_dataset_and_time_based_timetable', 'dataset_consumes_1_and_2', 'dataset_consumes_unknown_never_scheduled', 'dataset_produces_2', 'consume_1_or_2_with_dataset_expressions', 'consume_1_and_2_with_dataset_expressions', 'dataset_consumes_1_never_scheduled' retrieved from /home/airflow/.local/lib/python3.12/site-packages/airflow/example_dags/example_datasets.py
[2024-09-02T04:38:03.693+0000] {logging_mixin.py:190} INFO - [2024-09-02T04:38:03.692+0000] {dag.py:3211} INFO - Sync 10 DAGs
[2024-09-02T04:38:03.758+0000] {logging_mixin.py:190} INFO - [2024-09-02T04:38:03.757+0000] {dag.py:4138} INFO - Setting next_dagrun for conditional_dataset_and_time_based_timetable to 2024-08-28 01:00:00+00:00, run_after=2024-08-28 01:00:00+00:00
[2024-09-02T04:38:03.766+0000] {logging_mixin.py:190} INFO - [2024-09-02T04:38:03.766+0000] {dag.py:4138} INFO - Setting next_dagrun for consume_1_and_2_with_dataset_expressions to None, run_after=None
[2024-09-02T04:38:03.770+0000] {logging_mixin.py:190} INFO - [2024-09-02T04:38:03.769+0000] {dag.py:4138} INFO - Setting next_dagrun for consume_1_or_2_with_dataset_expressions to None, run_after=None
[2024-09-02T04:38:03.773+0000] {logging_mixin.py:190} INFO - [2024-09-02T04:38:03.773+0000] {dag.py:4138} INFO - Setting next_dagrun for consume_1_or_both_2_and_3_with_dataset_expressions to None, run_after=None
[2024-09-02T04:38:03.776+0000] {logging_mixin.py:190} INFO - [2024-09-02T04:38:03.776+0000] {dag.py:4138} INFO - Setting next_dagrun for dataset_consumes_1 to None, run_after=None
[2024-09-02T04:38:03.779+0000] {logging_mixin.py:190} INFO - [2024-09-02T04:38:03.779+0000] {dag.py:4138} INFO - Setting next_dagrun for dataset_consumes_1_and_2 to None, run_after=None
[2024-09-02T04:38:03.783+0000] {logging_mixin.py:190} INFO - [2024-09-02T04:38:03.782+0000] {dag.py:4138} INFO - Setting next_dagrun for dataset_consumes_1_never_scheduled to None, run_after=None
[2024-09-02T04:38:03.786+0000] {logging_mixin.py:190} INFO - [2024-09-02T04:38:03.786+0000] {dag.py:4138} INFO - Setting next_dagrun for dataset_consumes_unknown_never_scheduled to None, run_after=None
[2024-09-02T04:38:03.793+0000] {logging_mixin.py:190} INFO - [2024-09-02T04:38:03.793+0000] {dag.py:4138} INFO - Setting next_dagrun for dataset_produces_1 to 2024-09-01 00:00:00+00:00, run_after=2024-09-02 00:00:00+00:00
[2024-09-02T04:38:03.797+0000] {logging_mixin.py:190} INFO - [2024-09-02T04:38:03.796+0000] {dag.py:4138} INFO - Setting next_dagrun for dataset_produces_2 to None, run_after=None
[2024-09-02T04:38:03.887+0000] {processor.py:208} INFO - Processing /home/airflow/.local/lib/python3.12/site-packages/airflow/example_dags/example_datasets.py took 0.914 seconds
[2024-09-02T04:38:33.976+0000] {processor.py:186} INFO - Started process (PID=1519) to work on /home/airflow/.local/lib/python3.12/site-packages/airflow/example_dags/example_datasets.py
[2024-09-02T04:38:33.978+0000] {processor.py:914} INFO - Processing file /home/airflow/.local/lib/python3.12/site-packages/airflow/example_dags/example_datasets.py for tasks to queue
[2024-09-02T04:38:33.984+0000] {logging_mixin.py:190} INFO - [2024-09-02T04:38:33.983+0000] {dagbag.py:587} INFO - Filling up the DagBag from /home/airflow/.local/lib/python3.12/site-packages/airflow/example_dags/example_datasets.py
[2024-09-02T04:38:34.353+0000] {processor.py:925} INFO - DAG(s) 'consume_1_or_2_with_dataset_expressions', 'dataset_consumes_unknown_never_scheduled', 'dataset_produces_2', 'dataset_consumes_1_never_scheduled', 'dataset_produces_1', 'consume_1_and_2_with_dataset_expressions', 'dataset_consumes_1', 'consume_1_or_both_2_and_3_with_dataset_expressions', 'dataset_consumes_1_and_2', 'conditional_dataset_and_time_based_timetable' retrieved from /home/airflow/.local/lib/python3.12/site-packages/airflow/example_dags/example_datasets.py
[2024-09-02T04:38:34.456+0000] {logging_mixin.py:190} INFO - [2024-09-02T04:38:34.456+0000] {dag.py:3211} INFO - Sync 10 DAGs
[2024-09-02T04:38:34.522+0000] {logging_mixin.py:190} INFO - [2024-09-02T04:38:34.521+0000] {dag.py:4138} INFO - Setting next_dagrun for conditional_dataset_and_time_based_timetable to 2024-08-28 01:00:00+00:00, run_after=2024-08-28 01:00:00+00:00
[2024-09-02T04:38:34.529+0000] {logging_mixin.py:190} INFO - [2024-09-02T04:38:34.529+0000] {dag.py:4138} INFO - Setting next_dagrun for consume_1_and_2_with_dataset_expressions to None, run_after=None
[2024-09-02T04:38:34.533+0000] {logging_mixin.py:190} INFO - [2024-09-02T04:38:34.533+0000] {dag.py:4138} INFO - Setting next_dagrun for consume_1_or_2_with_dataset_expressions to None, run_after=None
[2024-09-02T04:38:34.537+0000] {logging_mixin.py:190} INFO - [2024-09-02T04:38:34.536+0000] {dag.py:4138} INFO - Setting next_dagrun for consume_1_or_both_2_and_3_with_dataset_expressions to None, run_after=None
[2024-09-02T04:38:34.540+0000] {logging_mixin.py:190} INFO - [2024-09-02T04:38:34.539+0000] {dag.py:4138} INFO - Setting next_dagrun for dataset_consumes_1 to None, run_after=None
[2024-09-02T04:38:34.544+0000] {logging_mixin.py:190} INFO - [2024-09-02T04:38:34.543+0000] {dag.py:4138} INFO - Setting next_dagrun for dataset_consumes_1_and_2 to None, run_after=None
[2024-09-02T04:38:34.546+0000] {logging_mixin.py:190} INFO - [2024-09-02T04:38:34.546+0000] {dag.py:4138} INFO - Setting next_dagrun for dataset_consumes_1_never_scheduled to None, run_after=None
[2024-09-02T04:38:34.549+0000] {logging_mixin.py:190} INFO - [2024-09-02T04:38:34.549+0000] {dag.py:4138} INFO - Setting next_dagrun for dataset_consumes_unknown_never_scheduled to None, run_after=None
[2024-09-02T04:38:34.554+0000] {logging_mixin.py:190} INFO - [2024-09-02T04:38:34.554+0000] {dag.py:4138} INFO - Setting next_dagrun for dataset_produces_1 to 2024-09-01 00:00:00+00:00, run_after=2024-09-02 00:00:00+00:00
[2024-09-02T04:38:34.558+0000] {logging_mixin.py:190} INFO - [2024-09-02T04:38:34.558+0000] {dag.py:4138} INFO - Setting next_dagrun for dataset_produces_2 to None, run_after=None
[2024-09-02T04:38:34.637+0000] {processor.py:208} INFO - Processing /home/airflow/.local/lib/python3.12/site-packages/airflow/example_dags/example_datasets.py took 0.676 seconds
[2024-09-02T04:39:05.796+0000] {processor.py:186} INFO - Started process (PID=1584) to work on /home/airflow/.local/lib/python3.12/site-packages/airflow/example_dags/example_datasets.py
[2024-09-02T04:39:05.798+0000] {processor.py:914} INFO - Processing file /home/airflow/.local/lib/python3.12/site-packages/airflow/example_dags/example_datasets.py for tasks to queue
[2024-09-02T04:39:05.808+0000] {logging_mixin.py:190} INFO - [2024-09-02T04:39:05.807+0000] {dagbag.py:587} INFO - Filling up the DagBag from /home/airflow/.local/lib/python3.12/site-packages/airflow/example_dags/example_datasets.py
[2024-09-02T04:39:06.404+0000] {processor.py:925} INFO - DAG(s) 'dataset_consumes_1', 'consume_1_or_both_2_and_3_with_dataset_expressions', 'dataset_consumes_1_never_scheduled', 'consume_1_or_2_with_dataset_expressions', 'conditional_dataset_and_time_based_timetable', 'dataset_consumes_1_and_2', 'consume_1_and_2_with_dataset_expressions', 'dataset_produces_2', 'dataset_produces_1', 'dataset_consumes_unknown_never_scheduled' retrieved from /home/airflow/.local/lib/python3.12/site-packages/airflow/example_dags/example_datasets.py
[2024-09-02T04:39:06.560+0000] {logging_mixin.py:190} INFO - [2024-09-02T04:39:06.559+0000] {dag.py:3211} INFO - Sync 10 DAGs
[2024-09-02T04:39:06.678+0000] {logging_mixin.py:190} INFO - [2024-09-02T04:39:06.677+0000] {dag.py:4138} INFO - Setting next_dagrun for conditional_dataset_and_time_based_timetable to 2024-08-28 01:00:00+00:00, run_after=2024-08-28 01:00:00+00:00
[2024-09-02T04:39:06.712+0000] {logging_mixin.py:190} INFO - [2024-09-02T04:39:06.711+0000] {dag.py:4138} INFO - Setting next_dagrun for consume_1_and_2_with_dataset_expressions to None, run_after=None
[2024-09-02T04:39:06.724+0000] {logging_mixin.py:190} INFO - [2024-09-02T04:39:06.724+0000] {dag.py:4138} INFO - Setting next_dagrun for consume_1_or_2_with_dataset_expressions to None, run_after=None
[2024-09-02T04:39:06.728+0000] {logging_mixin.py:190} INFO - [2024-09-02T04:39:06.728+0000] {dag.py:4138} INFO - Setting next_dagrun for consume_1_or_both_2_and_3_with_dataset_expressions to None, run_after=None
[2024-09-02T04:39:06.737+0000] {logging_mixin.py:190} INFO - [2024-09-02T04:39:06.736+0000] {dag.py:4138} INFO - Setting next_dagrun for dataset_consumes_1 to None, run_after=None
[2024-09-02T04:39:06.743+0000] {logging_mixin.py:190} INFO - [2024-09-02T04:39:06.742+0000] {dag.py:4138} INFO - Setting next_dagrun for dataset_consumes_1_and_2 to None, run_after=None
[2024-09-02T04:39:06.759+0000] {logging_mixin.py:190} INFO - [2024-09-02T04:39:06.759+0000] {dag.py:4138} INFO - Setting next_dagrun for dataset_consumes_1_never_scheduled to None, run_after=None
[2024-09-02T04:39:06.777+0000] {logging_mixin.py:190} INFO - [2024-09-02T04:39:06.776+0000] {dag.py:4138} INFO - Setting next_dagrun for dataset_consumes_unknown_never_scheduled to None, run_after=None
[2024-09-02T04:39:06.800+0000] {logging_mixin.py:190} INFO - [2024-09-02T04:39:06.800+0000] {dag.py:4138} INFO - Setting next_dagrun for dataset_produces_1 to 2024-09-01 00:00:00+00:00, run_after=2024-09-02 00:00:00+00:00
[2024-09-02T04:39:06.805+0000] {logging_mixin.py:190} INFO - [2024-09-02T04:39:06.805+0000] {dag.py:4138} INFO - Setting next_dagrun for dataset_produces_2 to None, run_after=None
[2024-09-02T04:39:06.977+0000] {processor.py:208} INFO - Processing /home/airflow/.local/lib/python3.12/site-packages/airflow/example_dags/example_datasets.py took 1.207 seconds
[2024-09-02T04:39:37.149+0000] {processor.py:186} INFO - Started process (PID=1647) to work on /home/airflow/.local/lib/python3.12/site-packages/airflow/example_dags/example_datasets.py
[2024-09-02T04:39:37.152+0000] {processor.py:914} INFO - Processing file /home/airflow/.local/lib/python3.12/site-packages/airflow/example_dags/example_datasets.py for tasks to queue
[2024-09-02T04:39:37.157+0000] {logging_mixin.py:190} INFO - [2024-09-02T04:39:37.156+0000] {dagbag.py:587} INFO - Filling up the DagBag from /home/airflow/.local/lib/python3.12/site-packages/airflow/example_dags/example_datasets.py
[2024-09-02T04:39:37.504+0000] {processor.py:925} INFO - DAG(s) 'dataset_produces_1', 'dataset_produces_2', 'dataset_consumes_1_and_2', 'consume_1_or_2_with_dataset_expressions', 'conditional_dataset_and_time_based_timetable', 'dataset_consumes_unknown_never_scheduled', 'consume_1_or_both_2_and_3_with_dataset_expressions', 'consume_1_and_2_with_dataset_expressions', 'dataset_consumes_1', 'dataset_consumes_1_never_scheduled' retrieved from /home/airflow/.local/lib/python3.12/site-packages/airflow/example_dags/example_datasets.py
[2024-09-02T04:39:37.615+0000] {logging_mixin.py:190} INFO - [2024-09-02T04:39:37.615+0000] {dag.py:3211} INFO - Sync 10 DAGs
[2024-09-02T04:39:37.692+0000] {logging_mixin.py:190} INFO - [2024-09-02T04:39:37.691+0000] {dag.py:4138} INFO - Setting next_dagrun for conditional_dataset_and_time_based_timetable to 2024-08-28 01:00:00+00:00, run_after=2024-08-28 01:00:00+00:00
[2024-09-02T04:39:37.700+0000] {logging_mixin.py:190} INFO - [2024-09-02T04:39:37.699+0000] {dag.py:4138} INFO - Setting next_dagrun for consume_1_and_2_with_dataset_expressions to None, run_after=None
[2024-09-02T04:39:37.704+0000] {logging_mixin.py:190} INFO - [2024-09-02T04:39:37.704+0000] {dag.py:4138} INFO - Setting next_dagrun for consume_1_or_2_with_dataset_expressions to None, run_after=None
[2024-09-02T04:39:37.708+0000] {logging_mixin.py:190} INFO - [2024-09-02T04:39:37.708+0000] {dag.py:4138} INFO - Setting next_dagrun for consume_1_or_both_2_and_3_with_dataset_expressions to None, run_after=None
[2024-09-02T04:39:37.712+0000] {logging_mixin.py:190} INFO - [2024-09-02T04:39:37.711+0000] {dag.py:4138} INFO - Setting next_dagrun for dataset_consumes_1 to None, run_after=None
[2024-09-02T04:39:37.715+0000] {logging_mixin.py:190} INFO - [2024-09-02T04:39:37.714+0000] {dag.py:4138} INFO - Setting next_dagrun for dataset_consumes_1_and_2 to None, run_after=None
[2024-09-02T04:39:37.719+0000] {logging_mixin.py:190} INFO - [2024-09-02T04:39:37.718+0000] {dag.py:4138} INFO - Setting next_dagrun for dataset_consumes_1_never_scheduled to None, run_after=None
[2024-09-02T04:39:37.724+0000] {logging_mixin.py:190} INFO - [2024-09-02T04:39:37.723+0000] {dag.py:4138} INFO - Setting next_dagrun for dataset_consumes_unknown_never_scheduled to None, run_after=None
[2024-09-02T04:39:37.729+0000] {logging_mixin.py:190} INFO - [2024-09-02T04:39:37.729+0000] {dag.py:4138} INFO - Setting next_dagrun for dataset_produces_1 to 2024-09-01 00:00:00+00:00, run_after=2024-09-02 00:00:00+00:00
[2024-09-02T04:39:37.733+0000] {logging_mixin.py:190} INFO - [2024-09-02T04:39:37.733+0000] {dag.py:4138} INFO - Setting next_dagrun for dataset_produces_2 to None, run_after=None
[2024-09-02T04:39:37.848+0000] {processor.py:208} INFO - Processing /home/airflow/.local/lib/python3.12/site-packages/airflow/example_dags/example_datasets.py took 0.711 seconds
[2024-09-02T04:40:08.215+0000] {processor.py:186} INFO - Started process (PID=1710) to work on /home/airflow/.local/lib/python3.12/site-packages/airflow/example_dags/example_datasets.py
[2024-09-02T04:40:08.217+0000] {processor.py:914} INFO - Processing file /home/airflow/.local/lib/python3.12/site-packages/airflow/example_dags/example_datasets.py for tasks to queue
[2024-09-02T04:40:08.223+0000] {logging_mixin.py:190} INFO - [2024-09-02T04:40:08.222+0000] {dagbag.py:587} INFO - Filling up the DagBag from /home/airflow/.local/lib/python3.12/site-packages/airflow/example_dags/example_datasets.py
[2024-09-02T04:40:08.599+0000] {processor.py:925} INFO - DAG(s) 'consume_1_and_2_with_dataset_expressions', 'dataset_consumes_1_and_2', 'consume_1_or_2_with_dataset_expressions', 'dataset_produces_1', 'conditional_dataset_and_time_based_timetable', 'dataset_consumes_1_never_scheduled', 'consume_1_or_both_2_and_3_with_dataset_expressions', 'dataset_produces_2', 'dataset_consumes_1', 'dataset_consumes_unknown_never_scheduled' retrieved from /home/airflow/.local/lib/python3.12/site-packages/airflow/example_dags/example_datasets.py
[2024-09-02T04:40:08.717+0000] {logging_mixin.py:190} INFO - [2024-09-02T04:40:08.717+0000] {dag.py:3211} INFO - Sync 10 DAGs
[2024-09-02T04:40:08.818+0000] {logging_mixin.py:190} INFO - [2024-09-02T04:40:08.818+0000] {dag.py:4138} INFO - Setting next_dagrun for conditional_dataset_and_time_based_timetable to 2024-08-28 01:00:00+00:00, run_after=2024-08-28 01:00:00+00:00
[2024-09-02T04:40:08.839+0000] {logging_mixin.py:190} INFO - [2024-09-02T04:40:08.838+0000] {dag.py:4138} INFO - Setting next_dagrun for consume_1_and_2_with_dataset_expressions to None, run_after=None
[2024-09-02T04:40:08.848+0000] {logging_mixin.py:190} INFO - [2024-09-02T04:40:08.847+0000] {dag.py:4138} INFO - Setting next_dagrun for consume_1_or_2_with_dataset_expressions to None, run_after=None
[2024-09-02T04:40:08.862+0000] {logging_mixin.py:190} INFO - [2024-09-02T04:40:08.853+0000] {dag.py:4138} INFO - Setting next_dagrun for consume_1_or_both_2_and_3_with_dataset_expressions to None, run_after=None
[2024-09-02T04:40:08.866+0000] {logging_mixin.py:190} INFO - [2024-09-02T04:40:08.866+0000] {dag.py:4138} INFO - Setting next_dagrun for dataset_consumes_1 to None, run_after=None
[2024-09-02T04:40:08.870+0000] {logging_mixin.py:190} INFO - [2024-09-02T04:40:08.869+0000] {dag.py:4138} INFO - Setting next_dagrun for dataset_consumes_1_and_2 to None, run_after=None
[2024-09-02T04:40:08.875+0000] {logging_mixin.py:190} INFO - [2024-09-02T04:40:08.875+0000] {dag.py:4138} INFO - Setting next_dagrun for dataset_consumes_1_never_scheduled to None, run_after=None
[2024-09-02T04:40:08.886+0000] {logging_mixin.py:190} INFO - [2024-09-02T04:40:08.886+0000] {dag.py:4138} INFO - Setting next_dagrun for dataset_consumes_unknown_never_scheduled to None, run_after=None
[2024-09-02T04:40:08.901+0000] {logging_mixin.py:190} INFO - [2024-09-02T04:40:08.901+0000] {dag.py:4138} INFO - Setting next_dagrun for dataset_produces_1 to 2024-09-01 00:00:00+00:00, run_after=2024-09-02 00:00:00+00:00
[2024-09-02T04:40:08.905+0000] {logging_mixin.py:190} INFO - [2024-09-02T04:40:08.905+0000] {dag.py:4138} INFO - Setting next_dagrun for dataset_produces_2 to None, run_after=None
[2024-09-02T04:40:09.035+0000] {processor.py:208} INFO - Processing /home/airflow/.local/lib/python3.12/site-packages/airflow/example_dags/example_datasets.py took 0.835 seconds
[2024-09-02T04:40:39.137+0000] {processor.py:186} INFO - Started process (PID=1772) to work on /home/airflow/.local/lib/python3.12/site-packages/airflow/example_dags/example_datasets.py
[2024-09-02T04:40:39.140+0000] {processor.py:914} INFO - Processing file /home/airflow/.local/lib/python3.12/site-packages/airflow/example_dags/example_datasets.py for tasks to queue
[2024-09-02T04:40:39.147+0000] {logging_mixin.py:190} INFO - [2024-09-02T04:40:39.146+0000] {dagbag.py:587} INFO - Filling up the DagBag from /home/airflow/.local/lib/python3.12/site-packages/airflow/example_dags/example_datasets.py
[2024-09-02T04:40:39.603+0000] {processor.py:925} INFO - DAG(s) 'dataset_produces_2', 'dataset_consumes_1_never_scheduled', 'consume_1_or_both_2_and_3_with_dataset_expressions', 'dataset_consumes_unknown_never_scheduled', 'dataset_produces_1', 'conditional_dataset_and_time_based_timetable', 'dataset_consumes_1', 'consume_1_or_2_with_dataset_expressions', 'dataset_consumes_1_and_2', 'consume_1_and_2_with_dataset_expressions' retrieved from /home/airflow/.local/lib/python3.12/site-packages/airflow/example_dags/example_datasets.py
[2024-09-02T04:40:39.715+0000] {logging_mixin.py:190} INFO - [2024-09-02T04:40:39.715+0000] {dag.py:3211} INFO - Sync 10 DAGs
[2024-09-02T04:40:39.784+0000] {logging_mixin.py:190} INFO - [2024-09-02T04:40:39.783+0000] {dag.py:4138} INFO - Setting next_dagrun for conditional_dataset_and_time_based_timetable to 2024-08-28 01:00:00+00:00, run_after=2024-08-28 01:00:00+00:00
[2024-09-02T04:40:39.792+0000] {logging_mixin.py:190} INFO - [2024-09-02T04:40:39.791+0000] {dag.py:4138} INFO - Setting next_dagrun for consume_1_and_2_with_dataset_expressions to None, run_after=None
[2024-09-02T04:40:39.796+0000] {logging_mixin.py:190} INFO - [2024-09-02T04:40:39.795+0000] {dag.py:4138} INFO - Setting next_dagrun for consume_1_or_2_with_dataset_expressions to None, run_after=None
[2024-09-02T04:40:39.799+0000] {logging_mixin.py:190} INFO - [2024-09-02T04:40:39.799+0000] {dag.py:4138} INFO - Setting next_dagrun for consume_1_or_both_2_and_3_with_dataset_expressions to None, run_after=None
[2024-09-02T04:40:39.804+0000] {logging_mixin.py:190} INFO - [2024-09-02T04:40:39.803+0000] {dag.py:4138} INFO - Setting next_dagrun for dataset_consumes_1 to None, run_after=None
[2024-09-02T04:40:39.807+0000] {logging_mixin.py:190} INFO - [2024-09-02T04:40:39.807+0000] {dag.py:4138} INFO - Setting next_dagrun for dataset_consumes_1_and_2 to None, run_after=None
[2024-09-02T04:40:39.810+0000] {logging_mixin.py:190} INFO - [2024-09-02T04:40:39.810+0000] {dag.py:4138} INFO - Setting next_dagrun for dataset_consumes_1_never_scheduled to None, run_after=None
[2024-09-02T04:40:39.814+0000] {logging_mixin.py:190} INFO - [2024-09-02T04:40:39.813+0000] {dag.py:4138} INFO - Setting next_dagrun for dataset_consumes_unknown_never_scheduled to None, run_after=None
[2024-09-02T04:40:39.820+0000] {logging_mixin.py:190} INFO - [2024-09-02T04:40:39.819+0000] {dag.py:4138} INFO - Setting next_dagrun for dataset_produces_1 to 2024-09-01 00:00:00+00:00, run_after=2024-09-02 00:00:00+00:00
[2024-09-02T04:40:39.824+0000] {logging_mixin.py:190} INFO - [2024-09-02T04:40:39.823+0000] {dag.py:4138} INFO - Setting next_dagrun for dataset_produces_2 to None, run_after=None
[2024-09-02T04:40:39.949+0000] {processor.py:208} INFO - Processing /home/airflow/.local/lib/python3.12/site-packages/airflow/example_dags/example_datasets.py took 0.826 seconds
[2024-09-02T04:41:10.104+0000] {processor.py:186} INFO - Started process (PID=1835) to work on /home/airflow/.local/lib/python3.12/site-packages/airflow/example_dags/example_datasets.py
[2024-09-02T04:41:10.106+0000] {processor.py:914} INFO - Processing file /home/airflow/.local/lib/python3.12/site-packages/airflow/example_dags/example_datasets.py for tasks to queue
[2024-09-02T04:41:10.111+0000] {logging_mixin.py:190} INFO - [2024-09-02T04:41:10.111+0000] {dagbag.py:587} INFO - Filling up the DagBag from /home/airflow/.local/lib/python3.12/site-packages/airflow/example_dags/example_datasets.py
[2024-09-02T04:41:10.483+0000] {processor.py:925} INFO - DAG(s) 'consume_1_or_both_2_and_3_with_dataset_expressions', 'consume_1_and_2_with_dataset_expressions', 'dataset_produces_1', 'consume_1_or_2_with_dataset_expressions', 'conditional_dataset_and_time_based_timetable', 'dataset_consumes_unknown_never_scheduled', 'dataset_consumes_1_and_2', 'dataset_produces_2', 'dataset_consumes_1_never_scheduled', 'dataset_consumes_1' retrieved from /home/airflow/.local/lib/python3.12/site-packages/airflow/example_dags/example_datasets.py
[2024-09-02T04:41:10.608+0000] {logging_mixin.py:190} INFO - [2024-09-02T04:41:10.607+0000] {dag.py:3211} INFO - Sync 10 DAGs
[2024-09-02T04:41:10.686+0000] {logging_mixin.py:190} INFO - [2024-09-02T04:41:10.686+0000] {dag.py:4138} INFO - Setting next_dagrun for conditional_dataset_and_time_based_timetable to 2024-08-28 01:00:00+00:00, run_after=2024-08-28 01:00:00+00:00
[2024-09-02T04:41:10.700+0000] {logging_mixin.py:190} INFO - [2024-09-02T04:41:10.699+0000] {dag.py:4138} INFO - Setting next_dagrun for consume_1_and_2_with_dataset_expressions to None, run_after=None
[2024-09-02T04:41:10.704+0000] {logging_mixin.py:190} INFO - [2024-09-02T04:41:10.703+0000] {dag.py:4138} INFO - Setting next_dagrun for consume_1_or_2_with_dataset_expressions to None, run_after=None
[2024-09-02T04:41:10.708+0000] {logging_mixin.py:190} INFO - [2024-09-02T04:41:10.707+0000] {dag.py:4138} INFO - Setting next_dagrun for consume_1_or_both_2_and_3_with_dataset_expressions to None, run_after=None
[2024-09-02T04:41:10.713+0000] {logging_mixin.py:190} INFO - [2024-09-02T04:41:10.713+0000] {dag.py:4138} INFO - Setting next_dagrun for dataset_consumes_1 to None, run_after=None
[2024-09-02T04:41:10.716+0000] {logging_mixin.py:190} INFO - [2024-09-02T04:41:10.716+0000] {dag.py:4138} INFO - Setting next_dagrun for dataset_consumes_1_and_2 to None, run_after=None
[2024-09-02T04:41:10.719+0000] {logging_mixin.py:190} INFO - [2024-09-02T04:41:10.719+0000] {dag.py:4138} INFO - Setting next_dagrun for dataset_consumes_1_never_scheduled to None, run_after=None
[2024-09-02T04:41:10.723+0000] {logging_mixin.py:190} INFO - [2024-09-02T04:41:10.723+0000] {dag.py:4138} INFO - Setting next_dagrun for dataset_consumes_unknown_never_scheduled to None, run_after=None
[2024-09-02T04:41:10.728+0000] {logging_mixin.py:190} INFO - [2024-09-02T04:41:10.728+0000] {dag.py:4138} INFO - Setting next_dagrun for dataset_produces_1 to 2024-09-01 00:00:00+00:00, run_after=2024-09-02 00:00:00+00:00
[2024-09-02T04:41:10.732+0000] {logging_mixin.py:190} INFO - [2024-09-02T04:41:10.731+0000] {dag.py:4138} INFO - Setting next_dagrun for dataset_produces_2 to None, run_after=None
[2024-09-02T04:41:10.816+0000] {processor.py:208} INFO - Processing /home/airflow/.local/lib/python3.12/site-packages/airflow/example_dags/example_datasets.py took 0.726 seconds
[2024-09-02T04:41:41.796+0000] {processor.py:186} INFO - Started process (PID=1907) to work on /home/airflow/.local/lib/python3.12/site-packages/airflow/example_dags/example_datasets.py
[2024-09-02T04:41:41.798+0000] {processor.py:914} INFO - Processing file /home/airflow/.local/lib/python3.12/site-packages/airflow/example_dags/example_datasets.py for tasks to queue
[2024-09-02T04:41:41.804+0000] {logging_mixin.py:190} INFO - [2024-09-02T04:41:41.804+0000] {dagbag.py:587} INFO - Filling up the DagBag from /home/airflow/.local/lib/python3.12/site-packages/airflow/example_dags/example_datasets.py
[2024-09-02T04:41:42.248+0000] {processor.py:925} INFO - DAG(s) 'dataset_consumes_1_never_scheduled', 'consume_1_or_2_with_dataset_expressions', 'dataset_consumes_unknown_never_scheduled', 'dataset_consumes_1_and_2', 'dataset_consumes_1', 'conditional_dataset_and_time_based_timetable', 'consume_1_or_both_2_and_3_with_dataset_expressions', 'dataset_produces_1', 'consume_1_and_2_with_dataset_expressions', 'dataset_produces_2' retrieved from /home/airflow/.local/lib/python3.12/site-packages/airflow/example_dags/example_datasets.py
[2024-09-02T04:41:42.349+0000] {logging_mixin.py:190} INFO - [2024-09-02T04:41:42.348+0000] {dag.py:3211} INFO - Sync 10 DAGs
[2024-09-02T04:41:42.430+0000] {logging_mixin.py:190} INFO - [2024-09-02T04:41:42.429+0000] {dag.py:4138} INFO - Setting next_dagrun for conditional_dataset_and_time_based_timetable to 2024-08-28 01:00:00+00:00, run_after=2024-08-28 01:00:00+00:00
[2024-09-02T04:41:42.452+0000] {logging_mixin.py:190} INFO - [2024-09-02T04:41:42.451+0000] {dag.py:4138} INFO - Setting next_dagrun for consume_1_and_2_with_dataset_expressions to None, run_after=None
[2024-09-02T04:41:42.465+0000] {logging_mixin.py:190} INFO - [2024-09-02T04:41:42.465+0000] {dag.py:4138} INFO - Setting next_dagrun for consume_1_or_2_with_dataset_expressions to None, run_after=None
[2024-09-02T04:41:42.470+0000] {logging_mixin.py:190} INFO - [2024-09-02T04:41:42.469+0000] {dag.py:4138} INFO - Setting next_dagrun for consume_1_or_both_2_and_3_with_dataset_expressions to None, run_after=None
[2024-09-02T04:41:42.475+0000] {logging_mixin.py:190} INFO - [2024-09-02T04:41:42.475+0000] {dag.py:4138} INFO - Setting next_dagrun for dataset_consumes_1 to None, run_after=None
[2024-09-02T04:41:42.480+0000] {logging_mixin.py:190} INFO - [2024-09-02T04:41:42.478+0000] {dag.py:4138} INFO - Setting next_dagrun for dataset_consumes_1_and_2 to None, run_after=None
[2024-09-02T04:41:42.484+0000] {logging_mixin.py:190} INFO - [2024-09-02T04:41:42.483+0000] {dag.py:4138} INFO - Setting next_dagrun for dataset_consumes_1_never_scheduled to None, run_after=None
[2024-09-02T04:41:42.487+0000] {logging_mixin.py:190} INFO - [2024-09-02T04:41:42.487+0000] {dag.py:4138} INFO - Setting next_dagrun for dataset_consumes_unknown_never_scheduled to None, run_after=None
[2024-09-02T04:41:42.493+0000] {logging_mixin.py:190} INFO - [2024-09-02T04:41:42.492+0000] {dag.py:4138} INFO - Setting next_dagrun for dataset_produces_1 to 2024-09-01 00:00:00+00:00, run_after=2024-09-02 00:00:00+00:00
[2024-09-02T04:41:42.496+0000] {logging_mixin.py:190} INFO - [2024-09-02T04:41:42.496+0000] {dag.py:4138} INFO - Setting next_dagrun for dataset_produces_2 to None, run_after=None
[2024-09-02T04:41:42.586+0000] {processor.py:208} INFO - Processing /home/airflow/.local/lib/python3.12/site-packages/airflow/example_dags/example_datasets.py took 0.807 seconds
[2024-09-02T04:42:12.989+0000] {processor.py:186} INFO - Started process (PID=1971) to work on /home/airflow/.local/lib/python3.12/site-packages/airflow/example_dags/example_datasets.py
[2024-09-02T04:42:12.994+0000] {processor.py:914} INFO - Processing file /home/airflow/.local/lib/python3.12/site-packages/airflow/example_dags/example_datasets.py for tasks to queue
[2024-09-02T04:42:13.010+0000] {logging_mixin.py:190} INFO - [2024-09-02T04:42:13.009+0000] {dagbag.py:587} INFO - Filling up the DagBag from /home/airflow/.local/lib/python3.12/site-packages/airflow/example_dags/example_datasets.py
[2024-09-02T04:42:13.861+0000] {processor.py:925} INFO - DAG(s) 'dataset_consumes_1', 'dataset_produces_2', 'consume_1_or_2_with_dataset_expressions', 'dataset_consumes_1_never_scheduled', 'dataset_consumes_1_and_2', 'dataset_consumes_unknown_never_scheduled', 'dataset_produces_1', 'consume_1_and_2_with_dataset_expressions', 'consume_1_or_both_2_and_3_with_dataset_expressions', 'conditional_dataset_and_time_based_timetable' retrieved from /home/airflow/.local/lib/python3.12/site-packages/airflow/example_dags/example_datasets.py
[2024-09-02T04:42:14.136+0000] {logging_mixin.py:190} INFO - [2024-09-02T04:42:14.135+0000] {dag.py:3211} INFO - Sync 10 DAGs
[2024-09-02T04:42:14.242+0000] {logging_mixin.py:190} INFO - [2024-09-02T04:42:14.241+0000] {dag.py:4138} INFO - Setting next_dagrun for conditional_dataset_and_time_based_timetable to 2024-08-28 01:00:00+00:00, run_after=2024-08-28 01:00:00+00:00
[2024-09-02T04:42:14.252+0000] {logging_mixin.py:190} INFO - [2024-09-02T04:42:14.251+0000] {dag.py:4138} INFO - Setting next_dagrun for consume_1_and_2_with_dataset_expressions to None, run_after=None
[2024-09-02T04:42:14.262+0000] {logging_mixin.py:190} INFO - [2024-09-02T04:42:14.262+0000] {dag.py:4138} INFO - Setting next_dagrun for consume_1_or_2_with_dataset_expressions to None, run_after=None
[2024-09-02T04:42:14.265+0000] {logging_mixin.py:190} INFO - [2024-09-02T04:42:14.265+0000] {dag.py:4138} INFO - Setting next_dagrun for consume_1_or_both_2_and_3_with_dataset_expressions to None, run_after=None
[2024-09-02T04:42:14.269+0000] {logging_mixin.py:190} INFO - [2024-09-02T04:42:14.268+0000] {dag.py:4138} INFO - Setting next_dagrun for dataset_consumes_1 to None, run_after=None
[2024-09-02T04:42:14.273+0000] {logging_mixin.py:190} INFO - [2024-09-02T04:42:14.272+0000] {dag.py:4138} INFO - Setting next_dagrun for dataset_consumes_1_and_2 to None, run_after=None
[2024-09-02T04:42:14.276+0000] {logging_mixin.py:190} INFO - [2024-09-02T04:42:14.276+0000] {dag.py:4138} INFO - Setting next_dagrun for dataset_consumes_1_never_scheduled to None, run_after=None
[2024-09-02T04:42:14.279+0000] {logging_mixin.py:190} INFO - [2024-09-02T04:42:14.279+0000] {dag.py:4138} INFO - Setting next_dagrun for dataset_consumes_unknown_never_scheduled to None, run_after=None
[2024-09-02T04:42:14.286+0000] {logging_mixin.py:190} INFO - [2024-09-02T04:42:14.285+0000] {dag.py:4138} INFO - Setting next_dagrun for dataset_produces_1 to 2024-09-01 00:00:00+00:00, run_after=2024-09-02 00:00:00+00:00
[2024-09-02T04:42:14.289+0000] {logging_mixin.py:190} INFO - [2024-09-02T04:42:14.288+0000] {dag.py:4138} INFO - Setting next_dagrun for dataset_produces_2 to None, run_after=None
[2024-09-02T04:42:14.440+0000] {processor.py:208} INFO - Processing /home/airflow/.local/lib/python3.12/site-packages/airflow/example_dags/example_datasets.py took 1.477 seconds
[2024-09-02T04:42:45.132+0000] {processor.py:186} INFO - Started process (PID=2034) to work on /home/airflow/.local/lib/python3.12/site-packages/airflow/example_dags/example_datasets.py
[2024-09-02T04:42:45.134+0000] {processor.py:914} INFO - Processing file /home/airflow/.local/lib/python3.12/site-packages/airflow/example_dags/example_datasets.py for tasks to queue
[2024-09-02T04:42:45.139+0000] {logging_mixin.py:190} INFO - [2024-09-02T04:42:45.139+0000] {dagbag.py:587} INFO - Filling up the DagBag from /home/airflow/.local/lib/python3.12/site-packages/airflow/example_dags/example_datasets.py
[2024-09-02T04:42:45.448+0000] {processor.py:925} INFO - DAG(s) 'dataset_consumes_1', 'consume_1_or_2_with_dataset_expressions', 'dataset_consumes_1_never_scheduled', 'consume_1_and_2_with_dataset_expressions', 'consume_1_or_both_2_and_3_with_dataset_expressions', 'conditional_dataset_and_time_based_timetable', 'dataset_produces_1', 'dataset_produces_2', 'dataset_consumes_unknown_never_scheduled', 'dataset_consumes_1_and_2' retrieved from /home/airflow/.local/lib/python3.12/site-packages/airflow/example_dags/example_datasets.py
[2024-09-02T04:42:45.547+0000] {logging_mixin.py:190} INFO - [2024-09-02T04:42:45.546+0000] {dag.py:3211} INFO - Sync 10 DAGs
[2024-09-02T04:42:45.608+0000] {logging_mixin.py:190} INFO - [2024-09-02T04:42:45.608+0000] {dag.py:4138} INFO - Setting next_dagrun for conditional_dataset_and_time_based_timetable to 2024-08-28 01:00:00+00:00, run_after=2024-08-28 01:00:00+00:00
[2024-09-02T04:42:45.617+0000] {logging_mixin.py:190} INFO - [2024-09-02T04:42:45.617+0000] {dag.py:4138} INFO - Setting next_dagrun for consume_1_and_2_with_dataset_expressions to None, run_after=None
[2024-09-02T04:42:45.621+0000] {logging_mixin.py:190} INFO - [2024-09-02T04:42:45.620+0000] {dag.py:4138} INFO - Setting next_dagrun for consume_1_or_2_with_dataset_expressions to None, run_after=None
[2024-09-02T04:42:45.625+0000] {logging_mixin.py:190} INFO - [2024-09-02T04:42:45.624+0000] {dag.py:4138} INFO - Setting next_dagrun for consume_1_or_both_2_and_3_with_dataset_expressions to None, run_after=None
[2024-09-02T04:42:45.628+0000] {logging_mixin.py:190} INFO - [2024-09-02T04:42:45.628+0000] {dag.py:4138} INFO - Setting next_dagrun for dataset_consumes_1 to None, run_after=None
[2024-09-02T04:42:45.632+0000] {logging_mixin.py:190} INFO - [2024-09-02T04:42:45.632+0000] {dag.py:4138} INFO - Setting next_dagrun for dataset_consumes_1_and_2 to None, run_after=None
[2024-09-02T04:42:45.636+0000] {logging_mixin.py:190} INFO - [2024-09-02T04:42:45.635+0000] {dag.py:4138} INFO - Setting next_dagrun for dataset_consumes_1_never_scheduled to None, run_after=None
[2024-09-02T04:42:45.640+0000] {logging_mixin.py:190} INFO - [2024-09-02T04:42:45.640+0000] {dag.py:4138} INFO - Setting next_dagrun for dataset_consumes_unknown_never_scheduled to None, run_after=None
[2024-09-02T04:42:45.647+0000] {logging_mixin.py:190} INFO - [2024-09-02T04:42:45.647+0000] {dag.py:4138} INFO - Setting next_dagrun for dataset_produces_1 to 2024-09-01 00:00:00+00:00, run_after=2024-09-02 00:00:00+00:00
[2024-09-02T04:42:45.651+0000] {logging_mixin.py:190} INFO - [2024-09-02T04:42:45.650+0000] {dag.py:4138} INFO - Setting next_dagrun for dataset_produces_2 to None, run_after=None
[2024-09-02T04:42:45.829+0000] {processor.py:208} INFO - Processing /home/airflow/.local/lib/python3.12/site-packages/airflow/example_dags/example_datasets.py took 0.710 seconds
[2024-09-02T04:43:16.336+0000] {processor.py:186} INFO - Started process (PID=2098) to work on /home/airflow/.local/lib/python3.12/site-packages/airflow/example_dags/example_datasets.py
[2024-09-02T04:43:16.348+0000] {processor.py:914} INFO - Processing file /home/airflow/.local/lib/python3.12/site-packages/airflow/example_dags/example_datasets.py for tasks to queue
[2024-09-02T04:43:16.363+0000] {logging_mixin.py:190} INFO - [2024-09-02T04:43:16.353+0000] {dagbag.py:587} INFO - Filling up the DagBag from /home/airflow/.local/lib/python3.12/site-packages/airflow/example_dags/example_datasets.py
[2024-09-02T04:43:16.810+0000] {processor.py:925} INFO - DAG(s) 'dataset_consumes_1_and_2', 'conditional_dataset_and_time_based_timetable', 'dataset_consumes_unknown_never_scheduled', 'dataset_consumes_1_never_scheduled', 'dataset_consumes_1', 'dataset_produces_2', 'dataset_produces_1', 'consume_1_or_2_with_dataset_expressions', 'consume_1_or_both_2_and_3_with_dataset_expressions', 'consume_1_and_2_with_dataset_expressions' retrieved from /home/airflow/.local/lib/python3.12/site-packages/airflow/example_dags/example_datasets.py
[2024-09-02T04:43:16.973+0000] {logging_mixin.py:190} INFO - [2024-09-02T04:43:16.972+0000] {dag.py:3211} INFO - Sync 10 DAGs
[2024-09-02T04:43:17.571+0000] {logging_mixin.py:190} INFO - [2024-09-02T04:43:17.571+0000] {dag.py:4138} INFO - Setting next_dagrun for conditional_dataset_and_time_based_timetable to 2024-08-28 01:00:00+00:00, run_after=2024-08-28 01:00:00+00:00
[2024-09-02T04:43:17.598+0000] {logging_mixin.py:190} INFO - [2024-09-02T04:43:17.590+0000] {dag.py:4138} INFO - Setting next_dagrun for consume_1_and_2_with_dataset_expressions to None, run_after=None
[2024-09-02T04:43:17.603+0000] {logging_mixin.py:190} INFO - [2024-09-02T04:43:17.603+0000] {dag.py:4138} INFO - Setting next_dagrun for consume_1_or_2_with_dataset_expressions to None, run_after=None
[2024-09-02T04:43:17.612+0000] {logging_mixin.py:190} INFO - [2024-09-02T04:43:17.611+0000] {dag.py:4138} INFO - Setting next_dagrun for consume_1_or_both_2_and_3_with_dataset_expressions to None, run_after=None
[2024-09-02T04:43:17.616+0000] {logging_mixin.py:190} INFO - [2024-09-02T04:43:17.616+0000] {dag.py:4138} INFO - Setting next_dagrun for dataset_consumes_1 to None, run_after=None
[2024-09-02T04:43:17.620+0000] {logging_mixin.py:190} INFO - [2024-09-02T04:43:17.620+0000] {dag.py:4138} INFO - Setting next_dagrun for dataset_consumes_1_and_2 to None, run_after=None
[2024-09-02T04:43:17.633+0000] {logging_mixin.py:190} INFO - [2024-09-02T04:43:17.632+0000] {dag.py:4138} INFO - Setting next_dagrun for dataset_consumes_1_never_scheduled to None, run_after=None
[2024-09-02T04:43:17.646+0000] {logging_mixin.py:190} INFO - [2024-09-02T04:43:17.646+0000] {dag.py:4138} INFO - Setting next_dagrun for dataset_consumes_unknown_never_scheduled to None, run_after=None
[2024-09-02T04:43:17.653+0000] {logging_mixin.py:190} INFO - [2024-09-02T04:43:17.652+0000] {dag.py:4138} INFO - Setting next_dagrun for dataset_produces_1 to 2024-09-01 00:00:00+00:00, run_after=2024-09-02 00:00:00+00:00
[2024-09-02T04:43:17.659+0000] {logging_mixin.py:190} INFO - [2024-09-02T04:43:17.658+0000] {dag.py:4138} INFO - Setting next_dagrun for dataset_produces_2 to None, run_after=None
[2024-09-02T04:43:17.803+0000] {processor.py:208} INFO - Processing /home/airflow/.local/lib/python3.12/site-packages/airflow/example_dags/example_datasets.py took 1.515 seconds
[2024-09-02T04:43:48.613+0000] {processor.py:186} INFO - Started process (PID=2164) to work on /home/airflow/.local/lib/python3.12/site-packages/airflow/example_dags/example_datasets.py
[2024-09-02T04:43:48.615+0000] {processor.py:914} INFO - Processing file /home/airflow/.local/lib/python3.12/site-packages/airflow/example_dags/example_datasets.py for tasks to queue
[2024-09-02T04:43:48.619+0000] {logging_mixin.py:190} INFO - [2024-09-02T04:43:48.618+0000] {dagbag.py:587} INFO - Filling up the DagBag from /home/airflow/.local/lib/python3.12/site-packages/airflow/example_dags/example_datasets.py
[2024-09-02T04:43:48.928+0000] {processor.py:925} INFO - DAG(s) 'consume_1_or_both_2_and_3_with_dataset_expressions', 'dataset_produces_2', 'conditional_dataset_and_time_based_timetable', 'dataset_consumes_1_and_2', 'consume_1_and_2_with_dataset_expressions', 'consume_1_or_2_with_dataset_expressions', 'dataset_produces_1', 'dataset_consumes_unknown_never_scheduled', 'dataset_consumes_1', 'dataset_consumes_1_never_scheduled' retrieved from /home/airflow/.local/lib/python3.12/site-packages/airflow/example_dags/example_datasets.py
[2024-09-02T04:43:49.033+0000] {logging_mixin.py:190} INFO - [2024-09-02T04:43:49.033+0000] {dag.py:3211} INFO - Sync 10 DAGs
[2024-09-02T04:43:49.340+0000] {logging_mixin.py:190} INFO - [2024-09-02T04:43:49.340+0000] {dag.py:4138} INFO - Setting next_dagrun for conditional_dataset_and_time_based_timetable to 2024-08-28 01:00:00+00:00, run_after=2024-08-28 01:00:00+00:00
[2024-09-02T04:43:49.347+0000] {logging_mixin.py:190} INFO - [2024-09-02T04:43:49.347+0000] {dag.py:4138} INFO - Setting next_dagrun for consume_1_and_2_with_dataset_expressions to None, run_after=None
[2024-09-02T04:43:49.351+0000] {logging_mixin.py:190} INFO - [2024-09-02T04:43:49.350+0000] {dag.py:4138} INFO - Setting next_dagrun for consume_1_or_2_with_dataset_expressions to None, run_after=None
[2024-09-02T04:43:49.353+0000] {logging_mixin.py:190} INFO - [2024-09-02T04:43:49.353+0000] {dag.py:4138} INFO - Setting next_dagrun for consume_1_or_both_2_and_3_with_dataset_expressions to None, run_after=None
[2024-09-02T04:43:49.357+0000] {logging_mixin.py:190} INFO - [2024-09-02T04:43:49.356+0000] {dag.py:4138} INFO - Setting next_dagrun for dataset_consumes_1 to None, run_after=None
[2024-09-02T04:43:49.360+0000] {logging_mixin.py:190} INFO - [2024-09-02T04:43:49.359+0000] {dag.py:4138} INFO - Setting next_dagrun for dataset_consumes_1_and_2 to None, run_after=None
[2024-09-02T04:43:49.363+0000] {logging_mixin.py:190} INFO - [2024-09-02T04:43:49.362+0000] {dag.py:4138} INFO - Setting next_dagrun for dataset_consumes_1_never_scheduled to None, run_after=None
[2024-09-02T04:43:49.366+0000] {logging_mixin.py:190} INFO - [2024-09-02T04:43:49.365+0000] {dag.py:4138} INFO - Setting next_dagrun for dataset_consumes_unknown_never_scheduled to None, run_after=None
[2024-09-02T04:43:49.371+0000] {logging_mixin.py:190} INFO - [2024-09-02T04:43:49.370+0000] {dag.py:4138} INFO - Setting next_dagrun for dataset_produces_1 to 2024-09-01 00:00:00+00:00, run_after=2024-09-02 00:00:00+00:00
[2024-09-02T04:43:49.374+0000] {logging_mixin.py:190} INFO - [2024-09-02T04:43:49.374+0000] {dag.py:4138} INFO - Setting next_dagrun for dataset_produces_2 to None, run_after=None
[2024-09-02T04:43:49.446+0000] {processor.py:208} INFO - Processing /home/airflow/.local/lib/python3.12/site-packages/airflow/example_dags/example_datasets.py took 0.845 seconds
[2024-09-02T04:44:20.342+0000] {processor.py:186} INFO - Started process (PID=2233) to work on /home/airflow/.local/lib/python3.12/site-packages/airflow/example_dags/example_datasets.py
[2024-09-02T04:44:20.344+0000] {processor.py:914} INFO - Processing file /home/airflow/.local/lib/python3.12/site-packages/airflow/example_dags/example_datasets.py for tasks to queue
[2024-09-02T04:44:20.350+0000] {logging_mixin.py:190} INFO - [2024-09-02T04:44:20.349+0000] {dagbag.py:587} INFO - Filling up the DagBag from /home/airflow/.local/lib/python3.12/site-packages/airflow/example_dags/example_datasets.py
[2024-09-02T04:44:20.981+0000] {processor.py:925} INFO - DAG(s) 'consume_1_and_2_with_dataset_expressions', 'dataset_consumes_1_never_scheduled', 'dataset_consumes_1_and_2', 'consume_1_or_both_2_and_3_with_dataset_expressions', 'dataset_consumes_unknown_never_scheduled', 'dataset_produces_2', 'conditional_dataset_and_time_based_timetable', 'dataset_produces_1', 'dataset_consumes_1', 'consume_1_or_2_with_dataset_expressions' retrieved from /home/airflow/.local/lib/python3.12/site-packages/airflow/example_dags/example_datasets.py
[2024-09-02T04:44:21.080+0000] {logging_mixin.py:190} INFO - [2024-09-02T04:44:21.080+0000] {dag.py:3211} INFO - Sync 10 DAGs
[2024-09-02T04:44:21.389+0000] {logging_mixin.py:190} INFO - [2024-09-02T04:44:21.389+0000] {dag.py:4138} INFO - Setting next_dagrun for conditional_dataset_and_time_based_timetable to 2024-08-28 01:00:00+00:00, run_after=2024-08-28 01:00:00+00:00
[2024-09-02T04:44:21.396+0000] {logging_mixin.py:190} INFO - [2024-09-02T04:44:21.396+0000] {dag.py:4138} INFO - Setting next_dagrun for consume_1_and_2_with_dataset_expressions to None, run_after=None
[2024-09-02T04:44:21.399+0000] {logging_mixin.py:190} INFO - [2024-09-02T04:44:21.399+0000] {dag.py:4138} INFO - Setting next_dagrun for consume_1_or_2_with_dataset_expressions to None, run_after=None
[2024-09-02T04:44:21.402+0000] {logging_mixin.py:190} INFO - [2024-09-02T04:44:21.402+0000] {dag.py:4138} INFO - Setting next_dagrun for consume_1_or_both_2_and_3_with_dataset_expressions to None, run_after=None
[2024-09-02T04:44:21.405+0000] {logging_mixin.py:190} INFO - [2024-09-02T04:44:21.405+0000] {dag.py:4138} INFO - Setting next_dagrun for dataset_consumes_1 to None, run_after=None
[2024-09-02T04:44:21.408+0000] {logging_mixin.py:190} INFO - [2024-09-02T04:44:21.407+0000] {dag.py:4138} INFO - Setting next_dagrun for dataset_consumes_1_and_2 to None, run_after=None
[2024-09-02T04:44:21.410+0000] {logging_mixin.py:190} INFO - [2024-09-02T04:44:21.410+0000] {dag.py:4138} INFO - Setting next_dagrun for dataset_consumes_1_never_scheduled to None, run_after=None
[2024-09-02T04:44:21.413+0000] {logging_mixin.py:190} INFO - [2024-09-02T04:44:21.413+0000] {dag.py:4138} INFO - Setting next_dagrun for dataset_consumes_unknown_never_scheduled to None, run_after=None
[2024-09-02T04:44:21.419+0000] {logging_mixin.py:190} INFO - [2024-09-02T04:44:21.418+0000] {dag.py:4138} INFO - Setting next_dagrun for dataset_produces_1 to 2024-09-01 00:00:00+00:00, run_after=2024-09-02 00:00:00+00:00
[2024-09-02T04:44:21.422+0000] {logging_mixin.py:190} INFO - [2024-09-02T04:44:21.421+0000] {dag.py:4138} INFO - Setting next_dagrun for dataset_produces_2 to None, run_after=None
[2024-09-02T04:44:21.487+0000] {processor.py:208} INFO - Processing /home/airflow/.local/lib/python3.12/site-packages/airflow/example_dags/example_datasets.py took 1.157 seconds
[2024-09-02T04:44:52.295+0000] {processor.py:186} INFO - Started process (PID=2300) to work on /home/airflow/.local/lib/python3.12/site-packages/airflow/example_dags/example_datasets.py
[2024-09-02T04:44:52.297+0000] {processor.py:914} INFO - Processing file /home/airflow/.local/lib/python3.12/site-packages/airflow/example_dags/example_datasets.py for tasks to queue
[2024-09-02T04:44:52.302+0000] {logging_mixin.py:190} INFO - [2024-09-02T04:44:52.301+0000] {dagbag.py:587} INFO - Filling up the DagBag from /home/airflow/.local/lib/python3.12/site-packages/airflow/example_dags/example_datasets.py
[2024-09-02T04:44:52.633+0000] {processor.py:925} INFO - DAG(s) 'dataset_produces_2', 'consume_1_and_2_with_dataset_expressions', 'conditional_dataset_and_time_based_timetable', 'dataset_consumes_1_and_2', 'consume_1_or_both_2_and_3_with_dataset_expressions', 'dataset_consumes_1_never_scheduled', 'dataset_consumes_unknown_never_scheduled', 'dataset_produces_1', 'consume_1_or_2_with_dataset_expressions', 'dataset_consumes_1' retrieved from /home/airflow/.local/lib/python3.12/site-packages/airflow/example_dags/example_datasets.py
[2024-09-02T04:44:52.723+0000] {logging_mixin.py:190} INFO - [2024-09-02T04:44:52.723+0000] {dag.py:3211} INFO - Sync 10 DAGs
[2024-09-02T04:44:53.000+0000] {logging_mixin.py:190} INFO - [2024-09-02T04:44:53.000+0000] {dag.py:4138} INFO - Setting next_dagrun for conditional_dataset_and_time_based_timetable to 2024-08-28 01:00:00+00:00, run_after=2024-08-28 01:00:00+00:00
[2024-09-02T04:44:53.007+0000] {logging_mixin.py:190} INFO - [2024-09-02T04:44:53.006+0000] {dag.py:4138} INFO - Setting next_dagrun for consume_1_and_2_with_dataset_expressions to None, run_after=None
[2024-09-02T04:44:53.009+0000] {logging_mixin.py:190} INFO - [2024-09-02T04:44:53.009+0000] {dag.py:4138} INFO - Setting next_dagrun for consume_1_or_2_with_dataset_expressions to None, run_after=None
[2024-09-02T04:44:53.012+0000] {logging_mixin.py:190} INFO - [2024-09-02T04:44:53.012+0000] {dag.py:4138} INFO - Setting next_dagrun for consume_1_or_both_2_and_3_with_dataset_expressions to None, run_after=None
[2024-09-02T04:44:53.014+0000] {logging_mixin.py:190} INFO - [2024-09-02T04:44:53.014+0000] {dag.py:4138} INFO - Setting next_dagrun for dataset_consumes_1 to None, run_after=None
[2024-09-02T04:44:53.017+0000] {logging_mixin.py:190} INFO - [2024-09-02T04:44:53.016+0000] {dag.py:4138} INFO - Setting next_dagrun for dataset_consumes_1_and_2 to None, run_after=None
[2024-09-02T04:44:53.019+0000] {logging_mixin.py:190} INFO - [2024-09-02T04:44:53.019+0000] {dag.py:4138} INFO - Setting next_dagrun for dataset_consumes_1_never_scheduled to None, run_after=None
[2024-09-02T04:44:53.022+0000] {logging_mixin.py:190} INFO - [2024-09-02T04:44:53.021+0000] {dag.py:4138} INFO - Setting next_dagrun for dataset_consumes_unknown_never_scheduled to None, run_after=None
[2024-09-02T04:44:53.026+0000] {logging_mixin.py:190} INFO - [2024-09-02T04:44:53.025+0000] {dag.py:4138} INFO - Setting next_dagrun for dataset_produces_1 to 2024-09-01 00:00:00+00:00, run_after=2024-09-02 00:00:00+00:00
[2024-09-02T04:44:53.028+0000] {logging_mixin.py:190} INFO - [2024-09-02T04:44:53.028+0000] {dag.py:4138} INFO - Setting next_dagrun for dataset_produces_2 to None, run_after=None
[2024-09-02T04:44:53.086+0000] {processor.py:208} INFO - Processing /home/airflow/.local/lib/python3.12/site-packages/airflow/example_dags/example_datasets.py took 0.803 seconds
[2024-09-02T04:45:23.574+0000] {processor.py:186} INFO - Started process (PID=2365) to work on /home/airflow/.local/lib/python3.12/site-packages/airflow/example_dags/example_datasets.py
[2024-09-02T04:45:23.576+0000] {processor.py:914} INFO - Processing file /home/airflow/.local/lib/python3.12/site-packages/airflow/example_dags/example_datasets.py for tasks to queue
[2024-09-02T04:45:23.582+0000] {logging_mixin.py:190} INFO - [2024-09-02T04:45:23.581+0000] {dagbag.py:587} INFO - Filling up the DagBag from /home/airflow/.local/lib/python3.12/site-packages/airflow/example_dags/example_datasets.py
[2024-09-02T04:45:23.926+0000] {processor.py:925} INFO - DAG(s) 'dataset_consumes_1_never_scheduled', 'conditional_dataset_and_time_based_timetable', 'dataset_produces_1', 'consume_1_or_both_2_and_3_with_dataset_expressions', 'consume_1_and_2_with_dataset_expressions', 'dataset_consumes_unknown_never_scheduled', 'dataset_consumes_1', 'dataset_consumes_1_and_2', 'consume_1_or_2_with_dataset_expressions', 'dataset_produces_2' retrieved from /home/airflow/.local/lib/python3.12/site-packages/airflow/example_dags/example_datasets.py
[2024-09-02T04:45:24.013+0000] {logging_mixin.py:190} INFO - [2024-09-02T04:45:24.012+0000] {dag.py:3211} INFO - Sync 10 DAGs
[2024-09-02T04:45:24.356+0000] {logging_mixin.py:190} INFO - [2024-09-02T04:45:24.355+0000] {dag.py:4138} INFO - Setting next_dagrun for conditional_dataset_and_time_based_timetable to 2024-08-28 01:00:00+00:00, run_after=2024-08-28 01:00:00+00:00
[2024-09-02T04:45:24.362+0000] {logging_mixin.py:190} INFO - [2024-09-02T04:45:24.362+0000] {dag.py:4138} INFO - Setting next_dagrun for consume_1_and_2_with_dataset_expressions to None, run_after=None
[2024-09-02T04:45:24.365+0000] {logging_mixin.py:190} INFO - [2024-09-02T04:45:24.365+0000] {dag.py:4138} INFO - Setting next_dagrun for consume_1_or_2_with_dataset_expressions to None, run_after=None
[2024-09-02T04:45:24.368+0000] {logging_mixin.py:190} INFO - [2024-09-02T04:45:24.367+0000] {dag.py:4138} INFO - Setting next_dagrun for consume_1_or_both_2_and_3_with_dataset_expressions to None, run_after=None
[2024-09-02T04:45:24.370+0000] {logging_mixin.py:190} INFO - [2024-09-02T04:45:24.370+0000] {dag.py:4138} INFO - Setting next_dagrun for dataset_consumes_1 to None, run_after=None
[2024-09-02T04:45:24.373+0000] {logging_mixin.py:190} INFO - [2024-09-02T04:45:24.373+0000] {dag.py:4138} INFO - Setting next_dagrun for dataset_consumes_1_and_2 to None, run_after=None
[2024-09-02T04:45:24.375+0000] {logging_mixin.py:190} INFO - [2024-09-02T04:45:24.375+0000] {dag.py:4138} INFO - Setting next_dagrun for dataset_consumes_1_never_scheduled to None, run_after=None
[2024-09-02T04:45:24.378+0000] {logging_mixin.py:190} INFO - [2024-09-02T04:45:24.378+0000] {dag.py:4138} INFO - Setting next_dagrun for dataset_consumes_unknown_never_scheduled to None, run_after=None
[2024-09-02T04:45:24.383+0000] {logging_mixin.py:190} INFO - [2024-09-02T04:45:24.382+0000] {dag.py:4138} INFO - Setting next_dagrun for dataset_produces_1 to 2024-09-01 00:00:00+00:00, run_after=2024-09-02 00:00:00+00:00
[2024-09-02T04:45:24.385+0000] {logging_mixin.py:190} INFO - [2024-09-02T04:45:24.385+0000] {dag.py:4138} INFO - Setting next_dagrun for dataset_produces_2 to None, run_after=None
[2024-09-02T04:45:24.438+0000] {processor.py:208} INFO - Processing /home/airflow/.local/lib/python3.12/site-packages/airflow/example_dags/example_datasets.py took 0.878 seconds
[2024-09-02T04:45:54.969+0000] {processor.py:186} INFO - Started process (PID=2432) to work on /home/airflow/.local/lib/python3.12/site-packages/airflow/example_dags/example_datasets.py
[2024-09-02T04:45:54.971+0000] {processor.py:914} INFO - Processing file /home/airflow/.local/lib/python3.12/site-packages/airflow/example_dags/example_datasets.py for tasks to queue
[2024-09-02T04:45:54.976+0000] {logging_mixin.py:190} INFO - [2024-09-02T04:45:54.975+0000] {dagbag.py:587} INFO - Filling up the DagBag from /home/airflow/.local/lib/python3.12/site-packages/airflow/example_dags/example_datasets.py
[2024-09-02T04:45:55.266+0000] {processor.py:925} INFO - DAG(s) 'consume_1_or_2_with_dataset_expressions', 'dataset_produces_2', 'consume_1_and_2_with_dataset_expressions', 'dataset_produces_1', 'conditional_dataset_and_time_based_timetable', 'dataset_consumes_1', 'dataset_consumes_1_never_scheduled', 'dataset_consumes_unknown_never_scheduled', 'consume_1_or_both_2_and_3_with_dataset_expressions', 'dataset_consumes_1_and_2' retrieved from /home/airflow/.local/lib/python3.12/site-packages/airflow/example_dags/example_datasets.py
[2024-09-02T04:45:55.354+0000] {logging_mixin.py:190} INFO - [2024-09-02T04:45:55.353+0000] {dag.py:3211} INFO - Sync 10 DAGs
[2024-09-02T04:45:55.410+0000] {logging_mixin.py:190} INFO - [2024-09-02T04:45:55.410+0000] {dag.py:4138} INFO - Setting next_dagrun for conditional_dataset_and_time_based_timetable to 2024-08-28 01:00:00+00:00, run_after=2024-08-28 01:00:00+00:00
[2024-09-02T04:45:55.417+0000] {logging_mixin.py:190} INFO - [2024-09-02T04:45:55.417+0000] {dag.py:4138} INFO - Setting next_dagrun for consume_1_and_2_with_dataset_expressions to None, run_after=None
[2024-09-02T04:45:55.688+0000] {logging_mixin.py:190} INFO - [2024-09-02T04:45:55.687+0000] {dag.py:4138} INFO - Setting next_dagrun for consume_1_or_2_with_dataset_expressions to None, run_after=None
[2024-09-02T04:45:55.691+0000] {logging_mixin.py:190} INFO - [2024-09-02T04:45:55.691+0000] {dag.py:4138} INFO - Setting next_dagrun for consume_1_or_both_2_and_3_with_dataset_expressions to None, run_after=None
[2024-09-02T04:45:55.694+0000] {logging_mixin.py:190} INFO - [2024-09-02T04:45:55.693+0000] {dag.py:4138} INFO - Setting next_dagrun for dataset_consumes_1 to None, run_after=None
[2024-09-02T04:45:55.697+0000] {logging_mixin.py:190} INFO - [2024-09-02T04:45:55.696+0000] {dag.py:4138} INFO - Setting next_dagrun for dataset_consumes_1_and_2 to None, run_after=None
[2024-09-02T04:45:55.699+0000] {logging_mixin.py:190} INFO - [2024-09-02T04:45:55.699+0000] {dag.py:4138} INFO - Setting next_dagrun for dataset_consumes_1_never_scheduled to None, run_after=None
[2024-09-02T04:45:55.703+0000] {logging_mixin.py:190} INFO - [2024-09-02T04:45:55.702+0000] {dag.py:4138} INFO - Setting next_dagrun for dataset_consumes_unknown_never_scheduled to None, run_after=None
[2024-09-02T04:45:55.708+0000] {logging_mixin.py:190} INFO - [2024-09-02T04:45:55.707+0000] {dag.py:4138} INFO - Setting next_dagrun for dataset_produces_1 to 2024-09-01 00:00:00+00:00, run_after=2024-09-02 00:00:00+00:00
[2024-09-02T04:45:55.711+0000] {logging_mixin.py:190} INFO - [2024-09-02T04:45:55.711+0000] {dag.py:4138} INFO - Setting next_dagrun for dataset_produces_2 to None, run_after=None
[2024-09-02T04:45:55.774+0000] {processor.py:208} INFO - Processing /home/airflow/.local/lib/python3.12/site-packages/airflow/example_dags/example_datasets.py took 0.817 seconds
[2024-09-02T04:46:26.066+0000] {processor.py:186} INFO - Started process (PID=2496) to work on /home/airflow/.local/lib/python3.12/site-packages/airflow/example_dags/example_datasets.py
[2024-09-02T04:46:26.068+0000] {processor.py:914} INFO - Processing file /home/airflow/.local/lib/python3.12/site-packages/airflow/example_dags/example_datasets.py for tasks to queue
[2024-09-02T04:46:26.073+0000] {logging_mixin.py:190} INFO - [2024-09-02T04:46:26.072+0000] {dagbag.py:587} INFO - Filling up the DagBag from /home/airflow/.local/lib/python3.12/site-packages/airflow/example_dags/example_datasets.py
[2024-09-02T04:46:26.642+0000] {processor.py:925} INFO - DAG(s) 'conditional_dataset_and_time_based_timetable', 'dataset_produces_2', 'dataset_consumes_1', 'consume_1_or_2_with_dataset_expressions', 'dataset_consumes_unknown_never_scheduled', 'dataset_consumes_1_and_2', 'dataset_produces_1', 'consume_1_or_both_2_and_3_with_dataset_expressions', 'dataset_consumes_1_never_scheduled', 'consume_1_and_2_with_dataset_expressions' retrieved from /home/airflow/.local/lib/python3.12/site-packages/airflow/example_dags/example_datasets.py
[2024-09-02T04:46:26.736+0000] {logging_mixin.py:190} INFO - [2024-09-02T04:46:26.736+0000] {dag.py:3211} INFO - Sync 10 DAGs
[2024-09-02T04:46:26.796+0000] {logging_mixin.py:190} INFO - [2024-09-02T04:46:26.796+0000] {dag.py:4138} INFO - Setting next_dagrun for conditional_dataset_and_time_based_timetable to 2024-08-28 01:00:00+00:00, run_after=2024-08-28 01:00:00+00:00
[2024-09-02T04:46:26.803+0000] {logging_mixin.py:190} INFO - [2024-09-02T04:46:26.802+0000] {dag.py:4138} INFO - Setting next_dagrun for consume_1_and_2_with_dataset_expressions to None, run_after=None
[2024-09-02T04:46:26.806+0000] {logging_mixin.py:190} INFO - [2024-09-02T04:46:26.806+0000] {dag.py:4138} INFO - Setting next_dagrun for consume_1_or_2_with_dataset_expressions to None, run_after=None
[2024-09-02T04:46:26.809+0000] {logging_mixin.py:190} INFO - [2024-09-02T04:46:26.809+0000] {dag.py:4138} INFO - Setting next_dagrun for consume_1_or_both_2_and_3_with_dataset_expressions to None, run_after=None
[2024-09-02T04:46:26.812+0000] {logging_mixin.py:190} INFO - [2024-09-02T04:46:26.811+0000] {dag.py:4138} INFO - Setting next_dagrun for dataset_consumes_1 to None, run_after=None
[2024-09-02T04:46:26.815+0000] {logging_mixin.py:190} INFO - [2024-09-02T04:46:26.814+0000] {dag.py:4138} INFO - Setting next_dagrun for dataset_consumes_1_and_2 to None, run_after=None
[2024-09-02T04:46:26.817+0000] {logging_mixin.py:190} INFO - [2024-09-02T04:46:26.817+0000] {dag.py:4138} INFO - Setting next_dagrun for dataset_consumes_1_never_scheduled to None, run_after=None
[2024-09-02T04:46:26.820+0000] {logging_mixin.py:190} INFO - [2024-09-02T04:46:26.820+0000] {dag.py:4138} INFO - Setting next_dagrun for dataset_consumes_unknown_never_scheduled to None, run_after=None
[2024-09-02T04:46:26.825+0000] {logging_mixin.py:190} INFO - [2024-09-02T04:46:26.825+0000] {dag.py:4138} INFO - Setting next_dagrun for dataset_produces_1 to 2024-09-01 00:00:00+00:00, run_after=2024-09-02 00:00:00+00:00
[2024-09-02T04:46:26.828+0000] {logging_mixin.py:190} INFO - [2024-09-02T04:46:26.827+0000] {dag.py:4138} INFO - Setting next_dagrun for dataset_produces_2 to None, run_after=None
[2024-09-02T04:46:26.890+0000] {processor.py:208} INFO - Processing /home/airflow/.local/lib/python3.12/site-packages/airflow/example_dags/example_datasets.py took 0.837 seconds
[2024-09-02T04:46:58.086+0000] {processor.py:186} INFO - Started process (PID=2561) to work on /home/airflow/.local/lib/python3.12/site-packages/airflow/example_dags/example_datasets.py
[2024-09-02T04:46:58.089+0000] {processor.py:914} INFO - Processing file /home/airflow/.local/lib/python3.12/site-packages/airflow/example_dags/example_datasets.py for tasks to queue
[2024-09-02T04:46:58.095+0000] {logging_mixin.py:190} INFO - [2024-09-02T04:46:58.094+0000] {dagbag.py:587} INFO - Filling up the DagBag from /home/airflow/.local/lib/python3.12/site-packages/airflow/example_dags/example_datasets.py
[2024-09-02T04:46:58.659+0000] {processor.py:925} INFO - DAG(s) 'dataset_produces_2', 'dataset_consumes_unknown_never_scheduled', 'dataset_produces_1', 'consume_1_or_both_2_and_3_with_dataset_expressions', 'conditional_dataset_and_time_based_timetable', 'consume_1_and_2_with_dataset_expressions', 'consume_1_or_2_with_dataset_expressions', 'dataset_consumes_1', 'dataset_consumes_1_and_2', 'dataset_consumes_1_never_scheduled' retrieved from /home/airflow/.local/lib/python3.12/site-packages/airflow/example_dags/example_datasets.py
[2024-09-02T04:46:58.734+0000] {logging_mixin.py:190} INFO - [2024-09-02T04:46:58.734+0000] {dag.py:3211} INFO - Sync 10 DAGs
[2024-09-02T04:46:58.783+0000] {logging_mixin.py:190} INFO - [2024-09-02T04:46:58.783+0000] {dag.py:4138} INFO - Setting next_dagrun for conditional_dataset_and_time_based_timetable to 2024-08-28 01:00:00+00:00, run_after=2024-08-28 01:00:00+00:00
[2024-09-02T04:46:58.790+0000] {logging_mixin.py:190} INFO - [2024-09-02T04:46:58.789+0000] {dag.py:4138} INFO - Setting next_dagrun for consume_1_and_2_with_dataset_expressions to None, run_after=None
[2024-09-02T04:46:58.793+0000] {logging_mixin.py:190} INFO - [2024-09-02T04:46:58.792+0000] {dag.py:4138} INFO - Setting next_dagrun for consume_1_or_2_with_dataset_expressions to None, run_after=None
[2024-09-02T04:46:58.795+0000] {logging_mixin.py:190} INFO - [2024-09-02T04:46:58.795+0000] {dag.py:4138} INFO - Setting next_dagrun for consume_1_or_both_2_and_3_with_dataset_expressions to None, run_after=None
[2024-09-02T04:46:58.797+0000] {logging_mixin.py:190} INFO - [2024-09-02T04:46:58.797+0000] {dag.py:4138} INFO - Setting next_dagrun for dataset_consumes_1 to None, run_after=None
[2024-09-02T04:46:58.800+0000] {logging_mixin.py:190} INFO - [2024-09-02T04:46:58.799+0000] {dag.py:4138} INFO - Setting next_dagrun for dataset_consumes_1_and_2 to None, run_after=None
[2024-09-02T04:46:58.802+0000] {logging_mixin.py:190} INFO - [2024-09-02T04:46:58.802+0000] {dag.py:4138} INFO - Setting next_dagrun for dataset_consumes_1_never_scheduled to None, run_after=None
[2024-09-02T04:46:58.805+0000] {logging_mixin.py:190} INFO - [2024-09-02T04:46:58.804+0000] {dag.py:4138} INFO - Setting next_dagrun for dataset_consumes_unknown_never_scheduled to None, run_after=None
[2024-09-02T04:46:58.809+0000] {logging_mixin.py:190} INFO - [2024-09-02T04:46:58.809+0000] {dag.py:4138} INFO - Setting next_dagrun for dataset_produces_1 to 2024-09-01 00:00:00+00:00, run_after=2024-09-02 00:00:00+00:00
[2024-09-02T04:46:58.812+0000] {logging_mixin.py:190} INFO - [2024-09-02T04:46:58.811+0000] {dag.py:4138} INFO - Setting next_dagrun for dataset_produces_2 to None, run_after=None
[2024-09-02T04:46:58.867+0000] {processor.py:208} INFO - Processing /home/airflow/.local/lib/python3.12/site-packages/airflow/example_dags/example_datasets.py took 0.796 seconds
