[2024-09-02T04:13:37.970+0000] {processor.py:186} INFO - Started process (PID=84) to work on /home/airflow/.local/lib/python3.12/site-packages/airflow/example_dags/example_subdag_operator.py
[2024-09-02T04:13:37.999+0000] {processor.py:914} INFO - Processing file /home/airflow/.local/lib/python3.12/site-packages/airflow/example_dags/example_subdag_operator.py for tasks to queue
[2024-09-02T04:13:38.011+0000] {logging_mixin.py:190} INFO - [2024-09-02T04:13:38.009+0000] {dagbag.py:587} INFO - Filling up the DagBag from /home/airflow/.local/lib/python3.12/site-packages/airflow/example_dags/example_subdag_operator.py
[2024-09-02T04:13:38.523+0000] {processor.py:925} INFO - DAG(s) 'example_subdag_operator.section-1', 'example_subdag_operator.section-2', 'example_subdag_operator' retrieved from /home/airflow/.local/lib/python3.12/site-packages/airflow/example_dags/example_subdag_operator.py
[2024-09-02T04:13:40.604+0000] {logging_mixin.py:190} INFO - [2024-09-02T04:13:40.603+0000] {override.py:1858} INFO - Created Permission View: can read on DAG:example_subdag_operator
[2024-09-02T04:13:40.855+0000] {logging_mixin.py:190} INFO - [2024-09-02T04:13:40.855+0000] {override.py:1858} INFO - Created Permission View: can delete on DAG:example_subdag_operator
[2024-09-02T04:13:40.970+0000] {logging_mixin.py:190} INFO - [2024-09-02T04:13:40.969+0000] {override.py:1858} INFO - Created Permission View: can edit on DAG:example_subdag_operator
[2024-09-02T04:13:40.979+0000] {logging_mixin.py:190} INFO - [2024-09-02T04:13:40.978+0000] {dag.py:3211} INFO - Sync 3 DAGs
[2024-09-02T04:13:41.073+0000] {logging_mixin.py:190} INFO - [2024-09-02T04:13:41.073+0000] {dag.py:3234} INFO - Creating ORM DAG for example_subdag_operator
[2024-09-02T04:13:41.121+0000] {logging_mixin.py:190} INFO - [2024-09-02T04:13:41.120+0000] {dag.py:3234} INFO - Creating ORM DAG for example_subdag_operator.section-1
[2024-09-02T04:13:41.136+0000] {logging_mixin.py:190} INFO - [2024-09-02T04:13:41.122+0000] {dag.py:3234} INFO - Creating ORM DAG for example_subdag_operator.section-2
[2024-09-02T04:13:41.224+0000] {logging_mixin.py:190} INFO - [2024-09-02T04:13:41.223+0000] {dag.py:4138} INFO - Setting next_dagrun for example_subdag_operator to 2022-01-01 00:00:00+00:00, run_after=2022-01-01 00:00:00+00:00
[2024-09-02T04:13:41.228+0000] {logging_mixin.py:190} INFO - [2024-09-02T04:13:41.227+0000] {dag.py:4138} INFO - Setting next_dagrun for example_subdag_operator.section-1 to None, run_after=None
[2024-09-02T04:13:41.233+0000] {logging_mixin.py:190} INFO - [2024-09-02T04:13:41.233+0000] {dag.py:4138} INFO - Setting next_dagrun for example_subdag_operator.section-2 to None, run_after=None
[2024-09-02T04:13:41.394+0000] {logging_mixin.py:190} INFO - [2024-09-02T04:13:41.392+0000] {dag.py:3211} INFO - Sync 2 DAGs
[2024-09-02T04:13:41.420+0000] {logging_mixin.py:190} INFO - [2024-09-02T04:13:41.420+0000] {dag.py:4138} INFO - Setting next_dagrun for example_subdag_operator.section-1 to None, run_after=None
[2024-09-02T04:13:41.436+0000] {logging_mixin.py:190} INFO - [2024-09-02T04:13:41.435+0000] {dag.py:4138} INFO - Setting next_dagrun for example_subdag_operator.section-2 to None, run_after=None
[2024-09-02T04:13:41.622+0000] {processor.py:208} INFO - Processing /home/airflow/.local/lib/python3.12/site-packages/airflow/example_dags/example_subdag_operator.py took 3.793 seconds
[2024-09-02T04:14:12.050+0000] {processor.py:186} INFO - Started process (PID=148) to work on /home/airflow/.local/lib/python3.12/site-packages/airflow/example_dags/example_subdag_operator.py
[2024-09-02T04:14:12.053+0000] {processor.py:914} INFO - Processing file /home/airflow/.local/lib/python3.12/site-packages/airflow/example_dags/example_subdag_operator.py for tasks to queue
[2024-09-02T04:14:12.058+0000] {logging_mixin.py:190} INFO - [2024-09-02T04:14:12.058+0000] {dagbag.py:587} INFO - Filling up the DagBag from /home/airflow/.local/lib/python3.12/site-packages/airflow/example_dags/example_subdag_operator.py
[2024-09-02T04:14:12.168+0000] {processor.py:925} INFO - DAG(s) 'example_subdag_operator.section-1', 'example_subdag_operator.section-2', 'example_subdag_operator' retrieved from /home/airflow/.local/lib/python3.12/site-packages/airflow/example_dags/example_subdag_operator.py
[2024-09-02T04:14:12.213+0000] {logging_mixin.py:190} INFO - [2024-09-02T04:14:12.212+0000] {dag.py:3211} INFO - Sync 3 DAGs
[2024-09-02T04:14:12.295+0000] {logging_mixin.py:190} INFO - [2024-09-02T04:14:12.294+0000] {dag.py:4138} INFO - Setting next_dagrun for example_subdag_operator to 2022-01-01 00:00:00+00:00, run_after=2022-01-01 00:00:00+00:00
[2024-09-02T04:14:12.310+0000] {logging_mixin.py:190} INFO - [2024-09-02T04:14:12.310+0000] {dag.py:4138} INFO - Setting next_dagrun for example_subdag_operator.section-1 to None, run_after=None
[2024-09-02T04:14:12.335+0000] {logging_mixin.py:190} INFO - [2024-09-02T04:14:12.334+0000] {dag.py:4138} INFO - Setting next_dagrun for example_subdag_operator.section-2 to None, run_after=None
[2024-09-02T04:14:12.359+0000] {logging_mixin.py:190} INFO - [2024-09-02T04:14:12.358+0000] {dag.py:3211} INFO - Sync 2 DAGs
[2024-09-02T04:14:12.378+0000] {logging_mixin.py:190} INFO - [2024-09-02T04:14:12.377+0000] {dag.py:4138} INFO - Setting next_dagrun for example_subdag_operator.section-1 to None, run_after=None
[2024-09-02T04:14:12.381+0000] {logging_mixin.py:190} INFO - [2024-09-02T04:14:12.380+0000] {dag.py:4138} INFO - Setting next_dagrun for example_subdag_operator.section-2 to None, run_after=None
[2024-09-02T04:14:12.413+0000] {processor.py:208} INFO - Processing /home/airflow/.local/lib/python3.12/site-packages/airflow/example_dags/example_subdag_operator.py took 0.379 seconds
[2024-09-02T04:14:42.691+0000] {processor.py:186} INFO - Started process (PID=211) to work on /home/airflow/.local/lib/python3.12/site-packages/airflow/example_dags/example_subdag_operator.py
[2024-09-02T04:14:42.694+0000] {processor.py:914} INFO - Processing file /home/airflow/.local/lib/python3.12/site-packages/airflow/example_dags/example_subdag_operator.py for tasks to queue
[2024-09-02T04:14:42.700+0000] {logging_mixin.py:190} INFO - [2024-09-02T04:14:42.699+0000] {dagbag.py:587} INFO - Filling up the DagBag from /home/airflow/.local/lib/python3.12/site-packages/airflow/example_dags/example_subdag_operator.py
[2024-09-02T04:14:42.750+0000] {processor.py:925} INFO - DAG(s) 'example_subdag_operator.section-1', 'example_subdag_operator.section-2', 'example_subdag_operator' retrieved from /home/airflow/.local/lib/python3.12/site-packages/airflow/example_dags/example_subdag_operator.py
[2024-09-02T04:14:42.779+0000] {logging_mixin.py:190} INFO - [2024-09-02T04:14:42.778+0000] {dag.py:3211} INFO - Sync 3 DAGs
[2024-09-02T04:14:42.824+0000] {logging_mixin.py:190} INFO - [2024-09-02T04:14:42.823+0000] {dag.py:4138} INFO - Setting next_dagrun for example_subdag_operator to 2022-01-01 00:00:00+00:00, run_after=2022-01-01 00:00:00+00:00
[2024-09-02T04:14:42.832+0000] {logging_mixin.py:190} INFO - [2024-09-02T04:14:42.831+0000] {dag.py:4138} INFO - Setting next_dagrun for example_subdag_operator.section-1 to None, run_after=None
[2024-09-02T04:14:42.835+0000] {logging_mixin.py:190} INFO - [2024-09-02T04:14:42.835+0000] {dag.py:4138} INFO - Setting next_dagrun for example_subdag_operator.section-2 to None, run_after=None
[2024-09-02T04:14:42.849+0000] {logging_mixin.py:190} INFO - [2024-09-02T04:14:42.848+0000] {dag.py:3211} INFO - Sync 2 DAGs
[2024-09-02T04:14:42.859+0000] {logging_mixin.py:190} INFO - [2024-09-02T04:14:42.858+0000] {dag.py:4138} INFO - Setting next_dagrun for example_subdag_operator.section-1 to None, run_after=None
[2024-09-02T04:14:42.860+0000] {logging_mixin.py:190} INFO - [2024-09-02T04:14:42.860+0000] {dag.py:4138} INFO - Setting next_dagrun for example_subdag_operator.section-2 to None, run_after=None
[2024-09-02T04:14:42.879+0000] {processor.py:208} INFO - Processing /home/airflow/.local/lib/python3.12/site-packages/airflow/example_dags/example_subdag_operator.py took 0.202 seconds
[2024-09-02T04:15:13.473+0000] {processor.py:186} INFO - Started process (PID=274) to work on /home/airflow/.local/lib/python3.12/site-packages/airflow/example_dags/example_subdag_operator.py
[2024-09-02T04:15:13.476+0000] {processor.py:914} INFO - Processing file /home/airflow/.local/lib/python3.12/site-packages/airflow/example_dags/example_subdag_operator.py for tasks to queue
[2024-09-02T04:15:13.481+0000] {logging_mixin.py:190} INFO - [2024-09-02T04:15:13.480+0000] {dagbag.py:587} INFO - Filling up the DagBag from /home/airflow/.local/lib/python3.12/site-packages/airflow/example_dags/example_subdag_operator.py
[2024-09-02T04:15:13.538+0000] {processor.py:925} INFO - DAG(s) 'example_subdag_operator.section-1', 'example_subdag_operator.section-2', 'example_subdag_operator' retrieved from /home/airflow/.local/lib/python3.12/site-packages/airflow/example_dags/example_subdag_operator.py
[2024-09-02T04:15:13.572+0000] {logging_mixin.py:190} INFO - [2024-09-02T04:15:13.571+0000] {dag.py:3211} INFO - Sync 3 DAGs
[2024-09-02T04:15:13.624+0000] {logging_mixin.py:190} INFO - [2024-09-02T04:15:13.623+0000] {dag.py:4138} INFO - Setting next_dagrun for example_subdag_operator to 2022-01-01 00:00:00+00:00, run_after=2022-01-01 00:00:00+00:00
[2024-09-02T04:15:13.632+0000] {logging_mixin.py:190} INFO - [2024-09-02T04:15:13.632+0000] {dag.py:4138} INFO - Setting next_dagrun for example_subdag_operator.section-1 to None, run_after=None
[2024-09-02T04:15:13.636+0000] {logging_mixin.py:190} INFO - [2024-09-02T04:15:13.635+0000] {dag.py:4138} INFO - Setting next_dagrun for example_subdag_operator.section-2 to None, run_after=None
[2024-09-02T04:15:13.652+0000] {logging_mixin.py:190} INFO - [2024-09-02T04:15:13.651+0000] {dag.py:3211} INFO - Sync 2 DAGs
[2024-09-02T04:15:13.664+0000] {logging_mixin.py:190} INFO - [2024-09-02T04:15:13.663+0000] {dag.py:4138} INFO - Setting next_dagrun for example_subdag_operator.section-1 to None, run_after=None
[2024-09-02T04:15:13.665+0000] {logging_mixin.py:190} INFO - [2024-09-02T04:15:13.665+0000] {dag.py:4138} INFO - Setting next_dagrun for example_subdag_operator.section-2 to None, run_after=None
[2024-09-02T04:15:13.688+0000] {processor.py:208} INFO - Processing /home/airflow/.local/lib/python3.12/site-packages/airflow/example_dags/example_subdag_operator.py took 0.229 seconds
[2024-09-02T04:15:44.336+0000] {processor.py:186} INFO - Started process (PID=337) to work on /home/airflow/.local/lib/python3.12/site-packages/airflow/example_dags/example_subdag_operator.py
[2024-09-02T04:15:44.338+0000] {processor.py:914} INFO - Processing file /home/airflow/.local/lib/python3.12/site-packages/airflow/example_dags/example_subdag_operator.py for tasks to queue
[2024-09-02T04:15:44.343+0000] {logging_mixin.py:190} INFO - [2024-09-02T04:15:44.342+0000] {dagbag.py:587} INFO - Filling up the DagBag from /home/airflow/.local/lib/python3.12/site-packages/airflow/example_dags/example_subdag_operator.py
[2024-09-02T04:15:44.390+0000] {processor.py:925} INFO - DAG(s) 'example_subdag_operator.section-1', 'example_subdag_operator.section-2', 'example_subdag_operator' retrieved from /home/airflow/.local/lib/python3.12/site-packages/airflow/example_dags/example_subdag_operator.py
[2024-09-02T04:15:44.418+0000] {logging_mixin.py:190} INFO - [2024-09-02T04:15:44.418+0000] {dag.py:3211} INFO - Sync 3 DAGs
[2024-09-02T04:15:44.465+0000] {logging_mixin.py:190} INFO - [2024-09-02T04:15:44.464+0000] {dag.py:4138} INFO - Setting next_dagrun for example_subdag_operator to 2022-01-01 00:00:00+00:00, run_after=2022-01-01 00:00:00+00:00
[2024-09-02T04:15:44.473+0000] {logging_mixin.py:190} INFO - [2024-09-02T04:15:44.472+0000] {dag.py:4138} INFO - Setting next_dagrun for example_subdag_operator.section-1 to None, run_after=None
[2024-09-02T04:15:44.476+0000] {logging_mixin.py:190} INFO - [2024-09-02T04:15:44.476+0000] {dag.py:4138} INFO - Setting next_dagrun for example_subdag_operator.section-2 to None, run_after=None
[2024-09-02T04:15:44.493+0000] {logging_mixin.py:190} INFO - [2024-09-02T04:15:44.492+0000] {dag.py:3211} INFO - Sync 2 DAGs
[2024-09-02T04:15:44.506+0000] {logging_mixin.py:190} INFO - [2024-09-02T04:15:44.506+0000] {dag.py:4138} INFO - Setting next_dagrun for example_subdag_operator.section-1 to None, run_after=None
[2024-09-02T04:15:44.508+0000] {logging_mixin.py:190} INFO - [2024-09-02T04:15:44.507+0000] {dag.py:4138} INFO - Setting next_dagrun for example_subdag_operator.section-2 to None, run_after=None
[2024-09-02T04:15:44.530+0000] {processor.py:208} INFO - Processing /home/airflow/.local/lib/python3.12/site-packages/airflow/example_dags/example_subdag_operator.py took 0.206 seconds
[2024-09-02T04:16:15.140+0000] {processor.py:186} INFO - Started process (PID=400) to work on /home/airflow/.local/lib/python3.12/site-packages/airflow/example_dags/example_subdag_operator.py
[2024-09-02T04:16:15.180+0000] {processor.py:914} INFO - Processing file /home/airflow/.local/lib/python3.12/site-packages/airflow/example_dags/example_subdag_operator.py for tasks to queue
[2024-09-02T04:16:15.187+0000] {logging_mixin.py:190} INFO - [2024-09-02T04:16:15.186+0000] {dagbag.py:587} INFO - Filling up the DagBag from /home/airflow/.local/lib/python3.12/site-packages/airflow/example_dags/example_subdag_operator.py
[2024-09-02T04:16:15.329+0000] {processor.py:925} INFO - DAG(s) 'example_subdag_operator.section-1', 'example_subdag_operator.section-2', 'example_subdag_operator' retrieved from /home/airflow/.local/lib/python3.12/site-packages/airflow/example_dags/example_subdag_operator.py
[2024-09-02T04:16:15.383+0000] {logging_mixin.py:190} INFO - [2024-09-02T04:16:15.382+0000] {dag.py:3211} INFO - Sync 3 DAGs
[2024-09-02T04:16:15.443+0000] {logging_mixin.py:190} INFO - [2024-09-02T04:16:15.443+0000] {dag.py:4138} INFO - Setting next_dagrun for example_subdag_operator to 2022-01-01 00:00:00+00:00, run_after=2022-01-01 00:00:00+00:00
[2024-09-02T04:16:15.452+0000] {logging_mixin.py:190} INFO - [2024-09-02T04:16:15.451+0000] {dag.py:4138} INFO - Setting next_dagrun for example_subdag_operator.section-1 to None, run_after=None
[2024-09-02T04:16:15.456+0000] {logging_mixin.py:190} INFO - [2024-09-02T04:16:15.455+0000] {dag.py:4138} INFO - Setting next_dagrun for example_subdag_operator.section-2 to None, run_after=None
[2024-09-02T04:16:15.471+0000] {logging_mixin.py:190} INFO - [2024-09-02T04:16:15.471+0000] {dag.py:3211} INFO - Sync 2 DAGs
[2024-09-02T04:16:15.485+0000] {logging_mixin.py:190} INFO - [2024-09-02T04:16:15.484+0000] {dag.py:4138} INFO - Setting next_dagrun for example_subdag_operator.section-1 to None, run_after=None
[2024-09-02T04:16:15.486+0000] {logging_mixin.py:190} INFO - [2024-09-02T04:16:15.486+0000] {dag.py:4138} INFO - Setting next_dagrun for example_subdag_operator.section-2 to None, run_after=None
[2024-09-02T04:16:15.512+0000] {processor.py:208} INFO - Processing /home/airflow/.local/lib/python3.12/site-packages/airflow/example_dags/example_subdag_operator.py took 0.390 seconds
[2024-09-02T04:16:45.826+0000] {processor.py:186} INFO - Started process (PID=463) to work on /home/airflow/.local/lib/python3.12/site-packages/airflow/example_dags/example_subdag_operator.py
[2024-09-02T04:16:45.829+0000] {processor.py:914} INFO - Processing file /home/airflow/.local/lib/python3.12/site-packages/airflow/example_dags/example_subdag_operator.py for tasks to queue
[2024-09-02T04:16:45.837+0000] {logging_mixin.py:190} INFO - [2024-09-02T04:16:45.837+0000] {dagbag.py:587} INFO - Filling up the DagBag from /home/airflow/.local/lib/python3.12/site-packages/airflow/example_dags/example_subdag_operator.py
[2024-09-02T04:16:45.935+0000] {processor.py:925} INFO - DAG(s) 'example_subdag_operator.section-1', 'example_subdag_operator.section-2', 'example_subdag_operator' retrieved from /home/airflow/.local/lib/python3.12/site-packages/airflow/example_dags/example_subdag_operator.py
[2024-09-02T04:16:46.009+0000] {logging_mixin.py:190} INFO - [2024-09-02T04:16:46.008+0000] {dag.py:3211} INFO - Sync 3 DAGs
[2024-09-02T04:16:46.130+0000] {logging_mixin.py:190} INFO - [2024-09-02T04:16:46.130+0000] {dag.py:4138} INFO - Setting next_dagrun for example_subdag_operator to 2022-01-01 00:00:00+00:00, run_after=2022-01-01 00:00:00+00:00
[2024-09-02T04:16:46.147+0000] {logging_mixin.py:190} INFO - [2024-09-02T04:16:46.146+0000] {dag.py:4138} INFO - Setting next_dagrun for example_subdag_operator.section-1 to None, run_after=None
[2024-09-02T04:16:46.151+0000] {logging_mixin.py:190} INFO - [2024-09-02T04:16:46.150+0000] {dag.py:4138} INFO - Setting next_dagrun for example_subdag_operator.section-2 to None, run_after=None
[2024-09-02T04:16:46.178+0000] {logging_mixin.py:190} INFO - [2024-09-02T04:16:46.176+0000] {dag.py:3211} INFO - Sync 2 DAGs
[2024-09-02T04:16:46.198+0000] {logging_mixin.py:190} INFO - [2024-09-02T04:16:46.197+0000] {dag.py:4138} INFO - Setting next_dagrun for example_subdag_operator.section-1 to None, run_after=None
[2024-09-02T04:16:46.200+0000] {logging_mixin.py:190} INFO - [2024-09-02T04:16:46.199+0000] {dag.py:4138} INFO - Setting next_dagrun for example_subdag_operator.section-2 to None, run_after=None
[2024-09-02T04:16:46.246+0000] {processor.py:208} INFO - Processing /home/airflow/.local/lib/python3.12/site-packages/airflow/example_dags/example_subdag_operator.py took 0.445 seconds
[2024-09-02T04:17:17.115+0000] {processor.py:186} INFO - Started process (PID=532) to work on /home/airflow/.local/lib/python3.12/site-packages/airflow/example_dags/example_subdag_operator.py
[2024-09-02T04:17:17.117+0000] {processor.py:914} INFO - Processing file /home/airflow/.local/lib/python3.12/site-packages/airflow/example_dags/example_subdag_operator.py for tasks to queue
[2024-09-02T04:17:17.122+0000] {logging_mixin.py:190} INFO - [2024-09-02T04:17:17.121+0000] {dagbag.py:587} INFO - Filling up the DagBag from /home/airflow/.local/lib/python3.12/site-packages/airflow/example_dags/example_subdag_operator.py
[2024-09-02T04:17:17.173+0000] {processor.py:925} INFO - DAG(s) 'example_subdag_operator.section-1', 'example_subdag_operator.section-2', 'example_subdag_operator' retrieved from /home/airflow/.local/lib/python3.12/site-packages/airflow/example_dags/example_subdag_operator.py
[2024-09-02T04:17:17.204+0000] {logging_mixin.py:190} INFO - [2024-09-02T04:17:17.203+0000] {dag.py:3211} INFO - Sync 3 DAGs
[2024-09-02T04:17:17.248+0000] {logging_mixin.py:190} INFO - [2024-09-02T04:17:17.248+0000] {dag.py:4138} INFO - Setting next_dagrun for example_subdag_operator to 2022-01-01 00:00:00+00:00, run_after=2022-01-01 00:00:00+00:00
[2024-09-02T04:17:17.255+0000] {logging_mixin.py:190} INFO - [2024-09-02T04:17:17.255+0000] {dag.py:4138} INFO - Setting next_dagrun for example_subdag_operator.section-1 to None, run_after=None
[2024-09-02T04:17:17.258+0000] {logging_mixin.py:190} INFO - [2024-09-02T04:17:17.258+0000] {dag.py:4138} INFO - Setting next_dagrun for example_subdag_operator.section-2 to None, run_after=None
[2024-09-02T04:17:17.273+0000] {logging_mixin.py:190} INFO - [2024-09-02T04:17:17.273+0000] {dag.py:3211} INFO - Sync 2 DAGs
[2024-09-02T04:17:17.284+0000] {logging_mixin.py:190} INFO - [2024-09-02T04:17:17.284+0000] {dag.py:4138} INFO - Setting next_dagrun for example_subdag_operator.section-1 to None, run_after=None
[2024-09-02T04:17:17.285+0000] {logging_mixin.py:190} INFO - [2024-09-02T04:17:17.285+0000] {dag.py:4138} INFO - Setting next_dagrun for example_subdag_operator.section-2 to None, run_after=None
[2024-09-02T04:17:17.304+0000] {processor.py:208} INFO - Processing /home/airflow/.local/lib/python3.12/site-packages/airflow/example_dags/example_subdag_operator.py took 0.206 seconds
[2024-09-02T04:17:47.824+0000] {processor.py:186} INFO - Started process (PID=595) to work on /home/airflow/.local/lib/python3.12/site-packages/airflow/example_dags/example_subdag_operator.py
[2024-09-02T04:17:47.826+0000] {processor.py:914} INFO - Processing file /home/airflow/.local/lib/python3.12/site-packages/airflow/example_dags/example_subdag_operator.py for tasks to queue
[2024-09-02T04:17:47.831+0000] {logging_mixin.py:190} INFO - [2024-09-02T04:17:47.830+0000] {dagbag.py:587} INFO - Filling up the DagBag from /home/airflow/.local/lib/python3.12/site-packages/airflow/example_dags/example_subdag_operator.py
[2024-09-02T04:17:47.878+0000] {processor.py:925} INFO - DAG(s) 'example_subdag_operator.section-1', 'example_subdag_operator.section-2', 'example_subdag_operator' retrieved from /home/airflow/.local/lib/python3.12/site-packages/airflow/example_dags/example_subdag_operator.py
[2024-09-02T04:17:47.907+0000] {logging_mixin.py:190} INFO - [2024-09-02T04:17:47.906+0000] {dag.py:3211} INFO - Sync 3 DAGs
[2024-09-02T04:17:47.949+0000] {logging_mixin.py:190} INFO - [2024-09-02T04:17:47.949+0000] {dag.py:4138} INFO - Setting next_dagrun for example_subdag_operator to 2022-01-01 00:00:00+00:00, run_after=2022-01-01 00:00:00+00:00
[2024-09-02T04:17:47.957+0000] {logging_mixin.py:190} INFO - [2024-09-02T04:17:47.957+0000] {dag.py:4138} INFO - Setting next_dagrun for example_subdag_operator.section-1 to None, run_after=None
[2024-09-02T04:17:47.960+0000] {logging_mixin.py:190} INFO - [2024-09-02T04:17:47.960+0000] {dag.py:4138} INFO - Setting next_dagrun for example_subdag_operator.section-2 to None, run_after=None
[2024-09-02T04:17:47.973+0000] {logging_mixin.py:190} INFO - [2024-09-02T04:17:47.973+0000] {dag.py:3211} INFO - Sync 2 DAGs
[2024-09-02T04:17:47.983+0000] {logging_mixin.py:190} INFO - [2024-09-02T04:17:47.982+0000] {dag.py:4138} INFO - Setting next_dagrun for example_subdag_operator.section-1 to None, run_after=None
[2024-09-02T04:17:47.984+0000] {logging_mixin.py:190} INFO - [2024-09-02T04:17:47.983+0000] {dag.py:4138} INFO - Setting next_dagrun for example_subdag_operator.section-2 to None, run_after=None
[2024-09-02T04:17:48.003+0000] {processor.py:208} INFO - Processing /home/airflow/.local/lib/python3.12/site-packages/airflow/example_dags/example_subdag_operator.py took 0.190 seconds
[2024-09-02T04:18:18.241+0000] {processor.py:186} INFO - Started process (PID=658) to work on /home/airflow/.local/lib/python3.12/site-packages/airflow/example_dags/example_subdag_operator.py
[2024-09-02T04:18:18.243+0000] {processor.py:914} INFO - Processing file /home/airflow/.local/lib/python3.12/site-packages/airflow/example_dags/example_subdag_operator.py for tasks to queue
[2024-09-02T04:18:18.251+0000] {logging_mixin.py:190} INFO - [2024-09-02T04:18:18.249+0000] {dagbag.py:587} INFO - Filling up the DagBag from /home/airflow/.local/lib/python3.12/site-packages/airflow/example_dags/example_subdag_operator.py
[2024-09-02T04:18:18.331+0000] {processor.py:925} INFO - DAG(s) 'example_subdag_operator.section-1', 'example_subdag_operator.section-2', 'example_subdag_operator' retrieved from /home/airflow/.local/lib/python3.12/site-packages/airflow/example_dags/example_subdag_operator.py
[2024-09-02T04:18:18.390+0000] {logging_mixin.py:190} INFO - [2024-09-02T04:18:18.389+0000] {dag.py:3211} INFO - Sync 3 DAGs
[2024-09-02T04:18:18.460+0000] {logging_mixin.py:190} INFO - [2024-09-02T04:18:18.460+0000] {dag.py:4138} INFO - Setting next_dagrun for example_subdag_operator to 2022-01-01 00:00:00+00:00, run_after=2022-01-01 00:00:00+00:00
[2024-09-02T04:18:18.475+0000] {logging_mixin.py:190} INFO - [2024-09-02T04:18:18.474+0000] {dag.py:4138} INFO - Setting next_dagrun for example_subdag_operator.section-1 to None, run_after=None
[2024-09-02T04:18:18.479+0000] {logging_mixin.py:190} INFO - [2024-09-02T04:18:18.479+0000] {dag.py:4138} INFO - Setting next_dagrun for example_subdag_operator.section-2 to None, run_after=None
[2024-09-02T04:18:18.505+0000] {logging_mixin.py:190} INFO - [2024-09-02T04:18:18.505+0000] {dag.py:3211} INFO - Sync 2 DAGs
[2024-09-02T04:18:18.520+0000] {logging_mixin.py:190} INFO - [2024-09-02T04:18:18.518+0000] {dag.py:4138} INFO - Setting next_dagrun for example_subdag_operator.section-1 to None, run_after=None
[2024-09-02T04:18:18.522+0000] {logging_mixin.py:190} INFO - [2024-09-02T04:18:18.521+0000] {dag.py:4138} INFO - Setting next_dagrun for example_subdag_operator.section-2 to None, run_after=None
[2024-09-02T04:18:18.556+0000] {processor.py:208} INFO - Processing /home/airflow/.local/lib/python3.12/site-packages/airflow/example_dags/example_subdag_operator.py took 0.326 seconds
[2024-09-02T04:18:48.993+0000] {processor.py:186} INFO - Started process (PID=721) to work on /home/airflow/.local/lib/python3.12/site-packages/airflow/example_dags/example_subdag_operator.py
[2024-09-02T04:18:48.995+0000] {processor.py:914} INFO - Processing file /home/airflow/.local/lib/python3.12/site-packages/airflow/example_dags/example_subdag_operator.py for tasks to queue
[2024-09-02T04:18:49.000+0000] {logging_mixin.py:190} INFO - [2024-09-02T04:18:48.999+0000] {dagbag.py:587} INFO - Filling up the DagBag from /home/airflow/.local/lib/python3.12/site-packages/airflow/example_dags/example_subdag_operator.py
[2024-09-02T04:18:49.048+0000] {processor.py:925} INFO - DAG(s) 'example_subdag_operator.section-1', 'example_subdag_operator.section-2', 'example_subdag_operator' retrieved from /home/airflow/.local/lib/python3.12/site-packages/airflow/example_dags/example_subdag_operator.py
[2024-09-02T04:18:49.076+0000] {logging_mixin.py:190} INFO - [2024-09-02T04:18:49.076+0000] {dag.py:3211} INFO - Sync 3 DAGs
[2024-09-02T04:18:49.119+0000] {logging_mixin.py:190} INFO - [2024-09-02T04:18:49.119+0000] {dag.py:4138} INFO - Setting next_dagrun for example_subdag_operator to 2022-01-01 00:00:00+00:00, run_after=2022-01-01 00:00:00+00:00
[2024-09-02T04:18:49.126+0000] {logging_mixin.py:190} INFO - [2024-09-02T04:18:49.126+0000] {dag.py:4138} INFO - Setting next_dagrun for example_subdag_operator.section-1 to None, run_after=None
[2024-09-02T04:18:49.129+0000] {logging_mixin.py:190} INFO - [2024-09-02T04:18:49.128+0000] {dag.py:4138} INFO - Setting next_dagrun for example_subdag_operator.section-2 to None, run_after=None
[2024-09-02T04:18:49.142+0000] {logging_mixin.py:190} INFO - [2024-09-02T04:18:49.142+0000] {dag.py:3211} INFO - Sync 2 DAGs
[2024-09-02T04:18:49.152+0000] {logging_mixin.py:190} INFO - [2024-09-02T04:18:49.152+0000] {dag.py:4138} INFO - Setting next_dagrun for example_subdag_operator.section-1 to None, run_after=None
[2024-09-02T04:18:49.153+0000] {logging_mixin.py:190} INFO - [2024-09-02T04:18:49.153+0000] {dag.py:4138} INFO - Setting next_dagrun for example_subdag_operator.section-2 to None, run_after=None
[2024-09-02T04:18:49.172+0000] {processor.py:208} INFO - Processing /home/airflow/.local/lib/python3.12/site-packages/airflow/example_dags/example_subdag_operator.py took 0.191 seconds
[2024-09-02T04:19:19.689+0000] {processor.py:186} INFO - Started process (PID=783) to work on /home/airflow/.local/lib/python3.12/site-packages/airflow/example_dags/example_subdag_operator.py
[2024-09-02T04:19:19.695+0000] {processor.py:914} INFO - Processing file /home/airflow/.local/lib/python3.12/site-packages/airflow/example_dags/example_subdag_operator.py for tasks to queue
[2024-09-02T04:19:19.729+0000] {logging_mixin.py:190} INFO - [2024-09-02T04:19:19.728+0000] {dagbag.py:587} INFO - Filling up the DagBag from /home/airflow/.local/lib/python3.12/site-packages/airflow/example_dags/example_subdag_operator.py
[2024-09-02T04:19:19.911+0000] {processor.py:925} INFO - DAG(s) 'example_subdag_operator.section-1', 'example_subdag_operator.section-2', 'example_subdag_operator' retrieved from /home/airflow/.local/lib/python3.12/site-packages/airflow/example_dags/example_subdag_operator.py
[2024-09-02T04:19:19.974+0000] {logging_mixin.py:190} INFO - [2024-09-02T04:19:19.973+0000] {dag.py:3211} INFO - Sync 3 DAGs
[2024-09-02T04:19:20.095+0000] {logging_mixin.py:190} INFO - [2024-09-02T04:19:20.094+0000] {dag.py:4138} INFO - Setting next_dagrun for example_subdag_operator to 2022-01-01 00:00:00+00:00, run_after=2022-01-01 00:00:00+00:00
[2024-09-02T04:19:20.117+0000] {logging_mixin.py:190} INFO - [2024-09-02T04:19:20.116+0000] {dag.py:4138} INFO - Setting next_dagrun for example_subdag_operator.section-1 to None, run_after=None
[2024-09-02T04:19:20.122+0000] {logging_mixin.py:190} INFO - [2024-09-02T04:19:20.121+0000] {dag.py:4138} INFO - Setting next_dagrun for example_subdag_operator.section-2 to None, run_after=None
[2024-09-02T04:19:20.156+0000] {logging_mixin.py:190} INFO - [2024-09-02T04:19:20.155+0000] {dag.py:3211} INFO - Sync 2 DAGs
[2024-09-02T04:19:20.177+0000] {logging_mixin.py:190} INFO - [2024-09-02T04:19:20.176+0000] {dag.py:4138} INFO - Setting next_dagrun for example_subdag_operator.section-1 to None, run_after=None
[2024-09-02T04:19:20.179+0000] {logging_mixin.py:190} INFO - [2024-09-02T04:19:20.178+0000] {dag.py:4138} INFO - Setting next_dagrun for example_subdag_operator.section-2 to None, run_after=None
[2024-09-02T04:19:20.220+0000] {processor.py:208} INFO - Processing /home/airflow/.local/lib/python3.12/site-packages/airflow/example_dags/example_subdag_operator.py took 0.584 seconds
[2024-09-02T04:19:50.489+0000] {processor.py:186} INFO - Started process (PID=846) to work on /home/airflow/.local/lib/python3.12/site-packages/airflow/example_dags/example_subdag_operator.py
[2024-09-02T04:19:50.492+0000] {processor.py:914} INFO - Processing file /home/airflow/.local/lib/python3.12/site-packages/airflow/example_dags/example_subdag_operator.py for tasks to queue
[2024-09-02T04:19:50.503+0000] {logging_mixin.py:190} INFO - [2024-09-02T04:19:50.502+0000] {dagbag.py:587} INFO - Filling up the DagBag from /home/airflow/.local/lib/python3.12/site-packages/airflow/example_dags/example_subdag_operator.py
[2024-09-02T04:19:50.608+0000] {processor.py:925} INFO - DAG(s) 'example_subdag_operator.section-1', 'example_subdag_operator.section-2', 'example_subdag_operator' retrieved from /home/airflow/.local/lib/python3.12/site-packages/airflow/example_dags/example_subdag_operator.py
[2024-09-02T04:19:50.679+0000] {logging_mixin.py:190} INFO - [2024-09-02T04:19:50.679+0000] {dag.py:3211} INFO - Sync 3 DAGs
[2024-09-02T04:19:50.755+0000] {logging_mixin.py:190} INFO - [2024-09-02T04:19:50.754+0000] {dag.py:4138} INFO - Setting next_dagrun for example_subdag_operator to 2022-01-01 00:00:00+00:00, run_after=2022-01-01 00:00:00+00:00
[2024-09-02T04:19:50.767+0000] {logging_mixin.py:190} INFO - [2024-09-02T04:19:50.767+0000] {dag.py:4138} INFO - Setting next_dagrun for example_subdag_operator.section-1 to None, run_after=None
[2024-09-02T04:19:50.783+0000] {logging_mixin.py:190} INFO - [2024-09-02T04:19:50.782+0000] {dag.py:4138} INFO - Setting next_dagrun for example_subdag_operator.section-2 to None, run_after=None
[2024-09-02T04:19:50.822+0000] {logging_mixin.py:190} INFO - [2024-09-02T04:19:50.821+0000] {dag.py:3211} INFO - Sync 2 DAGs
[2024-09-02T04:19:50.877+0000] {logging_mixin.py:190} INFO - [2024-09-02T04:19:50.876+0000] {dag.py:4138} INFO - Setting next_dagrun for example_subdag_operator.section-1 to None, run_after=None
[2024-09-02T04:19:50.879+0000] {logging_mixin.py:190} INFO - [2024-09-02T04:19:50.878+0000] {dag.py:4138} INFO - Setting next_dagrun for example_subdag_operator.section-2 to None, run_after=None
[2024-09-02T04:19:50.948+0000] {processor.py:208} INFO - Processing /home/airflow/.local/lib/python3.12/site-packages/airflow/example_dags/example_subdag_operator.py took 0.482 seconds
[2024-09-02T04:20:21.472+0000] {processor.py:186} INFO - Started process (PID=902) to work on /home/airflow/.local/lib/python3.12/site-packages/airflow/example_dags/example_subdag_operator.py
[2024-09-02T04:20:21.477+0000] {processor.py:914} INFO - Processing file /home/airflow/.local/lib/python3.12/site-packages/airflow/example_dags/example_subdag_operator.py for tasks to queue
[2024-09-02T04:20:21.493+0000] {logging_mixin.py:190} INFO - [2024-09-02T04:20:21.492+0000] {dagbag.py:587} INFO - Filling up the DagBag from /home/airflow/.local/lib/python3.12/site-packages/airflow/example_dags/example_subdag_operator.py
[2024-09-02T04:20:21.640+0000] {processor.py:925} INFO - DAG(s) 'example_subdag_operator.section-1', 'example_subdag_operator.section-2', 'example_subdag_operator' retrieved from /home/airflow/.local/lib/python3.12/site-packages/airflow/example_dags/example_subdag_operator.py
[2024-09-02T04:20:21.726+0000] {logging_mixin.py:190} INFO - [2024-09-02T04:20:21.726+0000] {dag.py:3211} INFO - Sync 3 DAGs
[2024-09-02T04:20:21.834+0000] {logging_mixin.py:190} INFO - [2024-09-02T04:20:21.834+0000] {dag.py:4138} INFO - Setting next_dagrun for example_subdag_operator to 2022-01-01 00:00:00+00:00, run_after=2022-01-01 00:00:00+00:00
[2024-09-02T04:20:21.863+0000] {logging_mixin.py:190} INFO - [2024-09-02T04:20:21.863+0000] {dag.py:4138} INFO - Setting next_dagrun for example_subdag_operator.section-1 to None, run_after=None
[2024-09-02T04:20:21.876+0000] {logging_mixin.py:190} INFO - [2024-09-02T04:20:21.866+0000] {dag.py:4138} INFO - Setting next_dagrun for example_subdag_operator.section-2 to None, run_after=None
[2024-09-02T04:20:21.913+0000] {logging_mixin.py:190} INFO - [2024-09-02T04:20:21.912+0000] {dag.py:3211} INFO - Sync 2 DAGs
[2024-09-02T04:20:21.949+0000] {logging_mixin.py:190} INFO - [2024-09-02T04:20:21.948+0000] {dag.py:4138} INFO - Setting next_dagrun for example_subdag_operator.section-1 to None, run_after=None
[2024-09-02T04:20:21.950+0000] {logging_mixin.py:190} INFO - [2024-09-02T04:20:21.950+0000] {dag.py:4138} INFO - Setting next_dagrun for example_subdag_operator.section-2 to None, run_after=None
[2024-09-02T04:20:22.014+0000] {processor.py:208} INFO - Processing /home/airflow/.local/lib/python3.12/site-packages/airflow/example_dags/example_subdag_operator.py took 0.566 seconds
[2024-09-02T04:20:52.392+0000] {processor.py:186} INFO - Started process (PID=966) to work on /home/airflow/.local/lib/python3.12/site-packages/airflow/example_dags/example_subdag_operator.py
[2024-09-02T04:20:52.394+0000] {processor.py:914} INFO - Processing file /home/airflow/.local/lib/python3.12/site-packages/airflow/example_dags/example_subdag_operator.py for tasks to queue
[2024-09-02T04:20:52.399+0000] {logging_mixin.py:190} INFO - [2024-09-02T04:20:52.398+0000] {dagbag.py:587} INFO - Filling up the DagBag from /home/airflow/.local/lib/python3.12/site-packages/airflow/example_dags/example_subdag_operator.py
[2024-09-02T04:20:52.460+0000] {processor.py:925} INFO - DAG(s) 'example_subdag_operator.section-1', 'example_subdag_operator.section-2', 'example_subdag_operator' retrieved from /home/airflow/.local/lib/python3.12/site-packages/airflow/example_dags/example_subdag_operator.py
[2024-09-02T04:20:52.502+0000] {logging_mixin.py:190} INFO - [2024-09-02T04:20:52.502+0000] {dag.py:3211} INFO - Sync 3 DAGs
[2024-09-02T04:20:52.565+0000] {logging_mixin.py:190} INFO - [2024-09-02T04:20:52.565+0000] {dag.py:4138} INFO - Setting next_dagrun for example_subdag_operator to 2022-01-01 00:00:00+00:00, run_after=2022-01-01 00:00:00+00:00
[2024-09-02T04:20:52.576+0000] {logging_mixin.py:190} INFO - [2024-09-02T04:20:52.575+0000] {dag.py:4138} INFO - Setting next_dagrun for example_subdag_operator.section-1 to None, run_after=None
[2024-09-02T04:20:52.582+0000] {logging_mixin.py:190} INFO - [2024-09-02T04:20:52.581+0000] {dag.py:4138} INFO - Setting next_dagrun for example_subdag_operator.section-2 to None, run_after=None
[2024-09-02T04:20:52.601+0000] {logging_mixin.py:190} INFO - [2024-09-02T04:20:52.600+0000] {dag.py:3211} INFO - Sync 2 DAGs
[2024-09-02T04:20:52.613+0000] {logging_mixin.py:190} INFO - [2024-09-02T04:20:52.613+0000] {dag.py:4138} INFO - Setting next_dagrun for example_subdag_operator.section-1 to None, run_after=None
[2024-09-02T04:20:52.615+0000] {logging_mixin.py:190} INFO - [2024-09-02T04:20:52.614+0000] {dag.py:4138} INFO - Setting next_dagrun for example_subdag_operator.section-2 to None, run_after=None
[2024-09-02T04:20:52.648+0000] {processor.py:208} INFO - Processing /home/airflow/.local/lib/python3.12/site-packages/airflow/example_dags/example_subdag_operator.py took 0.275 seconds
[2024-09-02T04:21:28.869+0000] {processor.py:186} INFO - Started process (PID=1024) to work on /home/airflow/.local/lib/python3.12/site-packages/airflow/example_dags/example_subdag_operator.py
[2024-09-02T04:21:28.883+0000] {processor.py:914} INFO - Processing file /home/airflow/.local/lib/python3.12/site-packages/airflow/example_dags/example_subdag_operator.py for tasks to queue
[2024-09-02T04:21:28.901+0000] {logging_mixin.py:190} INFO - [2024-09-02T04:21:28.900+0000] {dagbag.py:587} INFO - Filling up the DagBag from /home/airflow/.local/lib/python3.12/site-packages/airflow/example_dags/example_subdag_operator.py
[2024-09-02T04:21:29.166+0000] {processor.py:925} INFO - DAG(s) 'example_subdag_operator.section-1', 'example_subdag_operator.section-2', 'example_subdag_operator' retrieved from /home/airflow/.local/lib/python3.12/site-packages/airflow/example_dags/example_subdag_operator.py
[2024-09-02T04:21:29.297+0000] {logging_mixin.py:190} INFO - [2024-09-02T04:21:29.296+0000] {dag.py:3211} INFO - Sync 3 DAGs
[2024-09-02T04:21:29.556+0000] {logging_mixin.py:190} INFO - [2024-09-02T04:21:29.555+0000] {dag.py:4138} INFO - Setting next_dagrun for example_subdag_operator to 2022-01-01 00:00:00+00:00, run_after=2022-01-01 00:00:00+00:00
[2024-09-02T04:21:29.604+0000] {logging_mixin.py:190} INFO - [2024-09-02T04:21:29.603+0000] {dag.py:4138} INFO - Setting next_dagrun for example_subdag_operator.section-1 to None, run_after=None
[2024-09-02T04:21:29.617+0000] {logging_mixin.py:190} INFO - [2024-09-02T04:21:29.617+0000] {dag.py:4138} INFO - Setting next_dagrun for example_subdag_operator.section-2 to None, run_after=None
[2024-09-02T04:21:29.681+0000] {logging_mixin.py:190} INFO - [2024-09-02T04:21:29.681+0000] {dag.py:3211} INFO - Sync 2 DAGs
[2024-09-02T04:21:29.714+0000] {logging_mixin.py:190} INFO - [2024-09-02T04:21:29.714+0000] {dag.py:4138} INFO - Setting next_dagrun for example_subdag_operator.section-1 to None, run_after=None
[2024-09-02T04:21:29.735+0000] {logging_mixin.py:190} INFO - [2024-09-02T04:21:29.734+0000] {dag.py:4138} INFO - Setting next_dagrun for example_subdag_operator.section-2 to None, run_after=None
[2024-09-02T04:21:29.821+0000] {processor.py:208} INFO - Processing /home/airflow/.local/lib/python3.12/site-packages/airflow/example_dags/example_subdag_operator.py took 1.032 seconds
[2024-09-02T04:22:00.171+0000] {processor.py:186} INFO - Started process (PID=1086) to work on /home/airflow/.local/lib/python3.12/site-packages/airflow/example_dags/example_subdag_operator.py
[2024-09-02T04:22:00.173+0000] {processor.py:914} INFO - Processing file /home/airflow/.local/lib/python3.12/site-packages/airflow/example_dags/example_subdag_operator.py for tasks to queue
[2024-09-02T04:22:00.194+0000] {logging_mixin.py:190} INFO - [2024-09-02T04:22:00.193+0000] {dagbag.py:587} INFO - Filling up the DagBag from /home/airflow/.local/lib/python3.12/site-packages/airflow/example_dags/example_subdag_operator.py
[2024-09-02T04:22:00.298+0000] {processor.py:925} INFO - DAG(s) 'example_subdag_operator.section-1', 'example_subdag_operator.section-2', 'example_subdag_operator' retrieved from /home/airflow/.local/lib/python3.12/site-packages/airflow/example_dags/example_subdag_operator.py
[2024-09-02T04:22:00.378+0000] {logging_mixin.py:190} INFO - [2024-09-02T04:22:00.375+0000] {dag.py:3211} INFO - Sync 3 DAGs
[2024-09-02T04:22:00.495+0000] {logging_mixin.py:190} INFO - [2024-09-02T04:22:00.495+0000] {dag.py:4138} INFO - Setting next_dagrun for example_subdag_operator to 2022-01-01 00:00:00+00:00, run_after=2022-01-01 00:00:00+00:00
[2024-09-02T04:22:00.504+0000] {logging_mixin.py:190} INFO - [2024-09-02T04:22:00.503+0000] {dag.py:4138} INFO - Setting next_dagrun for example_subdag_operator.section-1 to None, run_after=None
[2024-09-02T04:22:00.508+0000] {logging_mixin.py:190} INFO - [2024-09-02T04:22:00.507+0000] {dag.py:4138} INFO - Setting next_dagrun for example_subdag_operator.section-2 to None, run_after=None
[2024-09-02T04:22:00.533+0000] {logging_mixin.py:190} INFO - [2024-09-02T04:22:00.532+0000] {dag.py:3211} INFO - Sync 2 DAGs
[2024-09-02T04:22:00.552+0000] {logging_mixin.py:190} INFO - [2024-09-02T04:22:00.552+0000] {dag.py:4138} INFO - Setting next_dagrun for example_subdag_operator.section-1 to None, run_after=None
[2024-09-02T04:22:00.554+0000] {logging_mixin.py:190} INFO - [2024-09-02T04:22:00.553+0000] {dag.py:4138} INFO - Setting next_dagrun for example_subdag_operator.section-2 to None, run_after=None
[2024-09-02T04:22:00.605+0000] {processor.py:208} INFO - Processing /home/airflow/.local/lib/python3.12/site-packages/airflow/example_dags/example_subdag_operator.py took 0.469 seconds
[2024-09-02T04:23:00.703+0000] {processor.py:186} INFO - Started process (PID=1156) to work on /home/airflow/.local/lib/python3.12/site-packages/airflow/example_dags/example_subdag_operator.py
[2024-09-02T04:23:00.712+0000] {processor.py:914} INFO - Processing file /home/airflow/.local/lib/python3.12/site-packages/airflow/example_dags/example_subdag_operator.py for tasks to queue
[2024-09-02T04:23:00.744+0000] {logging_mixin.py:190} INFO - [2024-09-02T04:23:00.743+0000] {dagbag.py:587} INFO - Filling up the DagBag from /home/airflow/.local/lib/python3.12/site-packages/airflow/example_dags/example_subdag_operator.py
[2024-09-02T04:23:00.941+0000] {processor.py:925} INFO - DAG(s) 'example_subdag_operator.section-1', 'example_subdag_operator.section-2', 'example_subdag_operator' retrieved from /home/airflow/.local/lib/python3.12/site-packages/airflow/example_dags/example_subdag_operator.py
[2024-09-02T04:23:01.110+0000] {logging_mixin.py:190} INFO - [2024-09-02T04:23:01.110+0000] {dag.py:3211} INFO - Sync 3 DAGs
[2024-09-02T04:23:01.336+0000] {logging_mixin.py:190} INFO - [2024-09-02T04:23:01.335+0000] {dag.py:4138} INFO - Setting next_dagrun for example_subdag_operator to 2022-01-01 00:00:00+00:00, run_after=2022-01-01 00:00:00+00:00
[2024-09-02T04:23:01.380+0000] {logging_mixin.py:190} INFO - [2024-09-02T04:23:01.368+0000] {dag.py:4138} INFO - Setting next_dagrun for example_subdag_operator.section-1 to None, run_after=None
[2024-09-02T04:23:01.590+0000] {logging_mixin.py:190} INFO - [2024-09-02T04:23:01.590+0000] {dag.py:4138} INFO - Setting next_dagrun for example_subdag_operator.section-2 to None, run_after=None
[2024-09-02T04:23:01.809+0000] {logging_mixin.py:190} INFO - [2024-09-02T04:23:01.808+0000] {dag.py:3211} INFO - Sync 2 DAGs
[2024-09-02T04:23:01.935+0000] {logging_mixin.py:190} INFO - [2024-09-02T04:23:01.935+0000] {dag.py:4138} INFO - Setting next_dagrun for example_subdag_operator.section-1 to None, run_after=None
[2024-09-02T04:23:01.941+0000] {logging_mixin.py:190} INFO - [2024-09-02T04:23:01.940+0000] {dag.py:4138} INFO - Setting next_dagrun for example_subdag_operator.section-2 to None, run_after=None
[2024-09-02T04:23:02.085+0000] {processor.py:208} INFO - Processing /home/airflow/.local/lib/python3.12/site-packages/airflow/example_dags/example_subdag_operator.py took 1.406 seconds
[2024-09-02T04:26:01.059+0000] {processor.py:186} INFO - Started process (PID=69) to work on /home/airflow/.local/lib/python3.12/site-packages/airflow/example_dags/example_subdag_operator.py
[2024-09-02T04:26:01.067+0000] {processor.py:914} INFO - Processing file /home/airflow/.local/lib/python3.12/site-packages/airflow/example_dags/example_subdag_operator.py for tasks to queue
[2024-09-02T04:26:01.100+0000] {logging_mixin.py:190} INFO - [2024-09-02T04:26:01.099+0000] {dagbag.py:587} INFO - Filling up the DagBag from /home/airflow/.local/lib/python3.12/site-packages/airflow/example_dags/example_subdag_operator.py
[2024-09-02T04:26:01.250+0000] {processor.py:925} INFO - DAG(s) 'example_subdag_operator.section-1', 'example_subdag_operator.section-2', 'example_subdag_operator' retrieved from /home/airflow/.local/lib/python3.12/site-packages/airflow/example_dags/example_subdag_operator.py
[2024-09-02T04:26:01.397+0000] {logging_mixin.py:190} INFO - [2024-09-02T04:26:01.397+0000] {dag.py:3211} INFO - Sync 3 DAGs
[2024-09-02T04:26:01.534+0000] {logging_mixin.py:190} INFO - [2024-09-02T04:26:01.533+0000] {dag.py:4138} INFO - Setting next_dagrun for example_subdag_operator to 2022-01-01 00:00:00+00:00, run_after=2022-01-01 00:00:00+00:00
[2024-09-02T04:26:01.558+0000] {logging_mixin.py:190} INFO - [2024-09-02T04:26:01.556+0000] {dag.py:4138} INFO - Setting next_dagrun for example_subdag_operator.section-1 to None, run_after=None
[2024-09-02T04:26:01.570+0000] {logging_mixin.py:190} INFO - [2024-09-02T04:26:01.570+0000] {dag.py:4138} INFO - Setting next_dagrun for example_subdag_operator.section-2 to None, run_after=None
[2024-09-02T04:26:01.608+0000] {logging_mixin.py:190} INFO - [2024-09-02T04:26:01.607+0000] {dag.py:3211} INFO - Sync 2 DAGs
[2024-09-02T04:26:01.640+0000] {logging_mixin.py:190} INFO - [2024-09-02T04:26:01.640+0000] {dag.py:4138} INFO - Setting next_dagrun for example_subdag_operator.section-1 to None, run_after=None
[2024-09-02T04:26:01.644+0000] {logging_mixin.py:190} INFO - [2024-09-02T04:26:01.642+0000] {dag.py:4138} INFO - Setting next_dagrun for example_subdag_operator.section-2 to None, run_after=None
[2024-09-02T04:26:01.688+0000] {processor.py:208} INFO - Processing /home/airflow/.local/lib/python3.12/site-packages/airflow/example_dags/example_subdag_operator.py took 0.649 seconds
[2024-09-02T04:26:54.718+0000] {processor.py:186} INFO - Started process (PID=136) to work on /home/airflow/.local/lib/python3.12/site-packages/airflow/example_dags/example_subdag_operator.py
[2024-09-02T04:26:54.750+0000] {processor.py:914} INFO - Processing file /home/airflow/.local/lib/python3.12/site-packages/airflow/example_dags/example_subdag_operator.py for tasks to queue
[2024-09-02T04:26:54.783+0000] {logging_mixin.py:190} INFO - [2024-09-02T04:26:54.782+0000] {dagbag.py:587} INFO - Filling up the DagBag from /home/airflow/.local/lib/python3.12/site-packages/airflow/example_dags/example_subdag_operator.py
[2024-09-02T04:26:55.225+0000] {processor.py:925} INFO - DAG(s) 'example_subdag_operator.section-1', 'example_subdag_operator.section-2', 'example_subdag_operator' retrieved from /home/airflow/.local/lib/python3.12/site-packages/airflow/example_dags/example_subdag_operator.py
[2024-09-02T04:26:55.497+0000] {logging_mixin.py:190} INFO - [2024-09-02T04:26:55.496+0000] {dag.py:3211} INFO - Sync 3 DAGs
[2024-09-02T04:26:55.851+0000] {logging_mixin.py:190} INFO - [2024-09-02T04:26:55.850+0000] {dag.py:4138} INFO - Setting next_dagrun for example_subdag_operator to 2022-01-01 00:00:00+00:00, run_after=2022-01-01 00:00:00+00:00
[2024-09-02T04:26:55.895+0000] {logging_mixin.py:190} INFO - [2024-09-02T04:26:55.883+0000] {dag.py:4138} INFO - Setting next_dagrun for example_subdag_operator.section-1 to None, run_after=None
[2024-09-02T04:26:55.902+0000] {logging_mixin.py:190} INFO - [2024-09-02T04:26:55.901+0000] {dag.py:4138} INFO - Setting next_dagrun for example_subdag_operator.section-2 to None, run_after=None
[2024-09-02T04:26:56.000+0000] {logging_mixin.py:190} INFO - [2024-09-02T04:26:55.999+0000] {dag.py:3211} INFO - Sync 2 DAGs
[2024-09-02T04:26:56.110+0000] {logging_mixin.py:190} INFO - [2024-09-02T04:26:56.109+0000] {dag.py:4138} INFO - Setting next_dagrun for example_subdag_operator.section-1 to None, run_after=None
[2024-09-02T04:26:56.111+0000] {logging_mixin.py:190} INFO - [2024-09-02T04:26:56.111+0000] {dag.py:4138} INFO - Setting next_dagrun for example_subdag_operator.section-2 to None, run_after=None
[2024-09-02T04:26:56.422+0000] {processor.py:208} INFO - Processing /home/airflow/.local/lib/python3.12/site-packages/airflow/example_dags/example_subdag_operator.py took 1.757 seconds
[2024-09-02T04:27:26.745+0000] {processor.py:186} INFO - Started process (PID=199) to work on /home/airflow/.local/lib/python3.12/site-packages/airflow/example_dags/example_subdag_operator.py
[2024-09-02T04:27:26.747+0000] {processor.py:914} INFO - Processing file /home/airflow/.local/lib/python3.12/site-packages/airflow/example_dags/example_subdag_operator.py for tasks to queue
[2024-09-02T04:27:26.754+0000] {logging_mixin.py:190} INFO - [2024-09-02T04:27:26.753+0000] {dagbag.py:587} INFO - Filling up the DagBag from /home/airflow/.local/lib/python3.12/site-packages/airflow/example_dags/example_subdag_operator.py
[2024-09-02T04:27:26.808+0000] {processor.py:925} INFO - DAG(s) 'example_subdag_operator.section-1', 'example_subdag_operator.section-2', 'example_subdag_operator' retrieved from /home/airflow/.local/lib/python3.12/site-packages/airflow/example_dags/example_subdag_operator.py
[2024-09-02T04:27:26.857+0000] {logging_mixin.py:190} INFO - [2024-09-02T04:27:26.856+0000] {dag.py:3211} INFO - Sync 3 DAGs
[2024-09-02T04:27:26.952+0000] {logging_mixin.py:190} INFO - [2024-09-02T04:27:26.952+0000] {dag.py:4138} INFO - Setting next_dagrun for example_subdag_operator to 2022-01-01 00:00:00+00:00, run_after=2022-01-01 00:00:00+00:00
[2024-09-02T04:27:26.962+0000] {logging_mixin.py:190} INFO - [2024-09-02T04:27:26.962+0000] {dag.py:4138} INFO - Setting next_dagrun for example_subdag_operator.section-1 to None, run_after=None
[2024-09-02T04:27:26.966+0000] {logging_mixin.py:190} INFO - [2024-09-02T04:27:26.966+0000] {dag.py:4138} INFO - Setting next_dagrun for example_subdag_operator.section-2 to None, run_after=None
[2024-09-02T04:27:26.986+0000] {logging_mixin.py:190} INFO - [2024-09-02T04:27:26.985+0000] {dag.py:3211} INFO - Sync 2 DAGs
[2024-09-02T04:27:27.001+0000] {logging_mixin.py:190} INFO - [2024-09-02T04:27:26.999+0000] {dag.py:4138} INFO - Setting next_dagrun for example_subdag_operator.section-1 to None, run_after=None
[2024-09-02T04:27:27.004+0000] {logging_mixin.py:190} INFO - [2024-09-02T04:27:27.003+0000] {dag.py:4138} INFO - Setting next_dagrun for example_subdag_operator.section-2 to None, run_after=None
[2024-09-02T04:27:27.035+0000] {processor.py:208} INFO - Processing /home/airflow/.local/lib/python3.12/site-packages/airflow/example_dags/example_subdag_operator.py took 0.304 seconds
[2024-09-02T04:27:57.774+0000] {processor.py:186} INFO - Started process (PID=262) to work on /home/airflow/.local/lib/python3.12/site-packages/airflow/example_dags/example_subdag_operator.py
[2024-09-02T04:27:57.777+0000] {processor.py:914} INFO - Processing file /home/airflow/.local/lib/python3.12/site-packages/airflow/example_dags/example_subdag_operator.py for tasks to queue
[2024-09-02T04:27:57.794+0000] {logging_mixin.py:190} INFO - [2024-09-02T04:27:57.793+0000] {dagbag.py:587} INFO - Filling up the DagBag from /home/airflow/.local/lib/python3.12/site-packages/airflow/example_dags/example_subdag_operator.py
[2024-09-02T04:27:57.919+0000] {processor.py:925} INFO - DAG(s) 'example_subdag_operator.section-1', 'example_subdag_operator.section-2', 'example_subdag_operator' retrieved from /home/airflow/.local/lib/python3.12/site-packages/airflow/example_dags/example_subdag_operator.py
[2024-09-02T04:27:58.014+0000] {logging_mixin.py:190} INFO - [2024-09-02T04:27:58.013+0000] {dag.py:3211} INFO - Sync 3 DAGs
[2024-09-02T04:27:58.214+0000] {logging_mixin.py:190} INFO - [2024-09-02T04:27:58.213+0000] {dag.py:4138} INFO - Setting next_dagrun for example_subdag_operator to 2022-01-01 00:00:00+00:00, run_after=2022-01-01 00:00:00+00:00
[2024-09-02T04:27:58.299+0000] {logging_mixin.py:190} INFO - [2024-09-02T04:27:58.298+0000] {dag.py:4138} INFO - Setting next_dagrun for example_subdag_operator.section-1 to None, run_after=None
[2024-09-02T04:27:58.383+0000] {logging_mixin.py:190} INFO - [2024-09-02T04:27:58.382+0000] {dag.py:4138} INFO - Setting next_dagrun for example_subdag_operator.section-2 to None, run_after=None
[2024-09-02T04:27:58.453+0000] {logging_mixin.py:190} INFO - [2024-09-02T04:27:58.453+0000] {dag.py:3211} INFO - Sync 2 DAGs
[2024-09-02T04:27:58.480+0000] {logging_mixin.py:190} INFO - [2024-09-02T04:27:58.471+0000] {dag.py:4138} INFO - Setting next_dagrun for example_subdag_operator.section-1 to None, run_after=None
[2024-09-02T04:27:58.495+0000] {logging_mixin.py:190} INFO - [2024-09-02T04:27:58.495+0000] {dag.py:4138} INFO - Setting next_dagrun for example_subdag_operator.section-2 to None, run_after=None
[2024-09-02T04:27:58.554+0000] {processor.py:208} INFO - Processing /home/airflow/.local/lib/python3.12/site-packages/airflow/example_dags/example_subdag_operator.py took 0.814 seconds
[2024-09-02T04:28:29.484+0000] {processor.py:186} INFO - Started process (PID=321) to work on /home/airflow/.local/lib/python3.12/site-packages/airflow/example_dags/example_subdag_operator.py
[2024-09-02T04:28:29.498+0000] {processor.py:914} INFO - Processing file /home/airflow/.local/lib/python3.12/site-packages/airflow/example_dags/example_subdag_operator.py for tasks to queue
[2024-09-02T04:28:29.503+0000] {logging_mixin.py:190} INFO - [2024-09-02T04:28:29.502+0000] {dagbag.py:587} INFO - Filling up the DagBag from /home/airflow/.local/lib/python3.12/site-packages/airflow/example_dags/example_subdag_operator.py
[2024-09-02T04:28:29.726+0000] {processor.py:925} INFO - DAG(s) 'example_subdag_operator.section-1', 'example_subdag_operator.section-2', 'example_subdag_operator' retrieved from /home/airflow/.local/lib/python3.12/site-packages/airflow/example_dags/example_subdag_operator.py
[2024-09-02T04:28:29.820+0000] {logging_mixin.py:190} INFO - [2024-09-02T04:28:29.819+0000] {dag.py:3211} INFO - Sync 3 DAGs
[2024-09-02T04:28:29.969+0000] {logging_mixin.py:190} INFO - [2024-09-02T04:28:29.968+0000] {dag.py:4138} INFO - Setting next_dagrun for example_subdag_operator to 2022-01-01 00:00:00+00:00, run_after=2022-01-01 00:00:00+00:00
[2024-09-02T04:28:29.995+0000] {logging_mixin.py:190} INFO - [2024-09-02T04:28:29.986+0000] {dag.py:4138} INFO - Setting next_dagrun for example_subdag_operator.section-1 to None, run_after=None
[2024-09-02T04:28:30.002+0000] {logging_mixin.py:190} INFO - [2024-09-02T04:28:30.002+0000] {dag.py:4138} INFO - Setting next_dagrun for example_subdag_operator.section-2 to None, run_after=None
[2024-09-02T04:28:30.041+0000] {logging_mixin.py:190} INFO - [2024-09-02T04:28:30.040+0000] {dag.py:3211} INFO - Sync 2 DAGs
[2024-09-02T04:28:30.075+0000] {logging_mixin.py:190} INFO - [2024-09-02T04:28:30.075+0000] {dag.py:4138} INFO - Setting next_dagrun for example_subdag_operator.section-1 to None, run_after=None
[2024-09-02T04:28:30.078+0000] {logging_mixin.py:190} INFO - [2024-09-02T04:28:30.078+0000] {dag.py:4138} INFO - Setting next_dagrun for example_subdag_operator.section-2 to None, run_after=None
[2024-09-02T04:28:30.131+0000] {processor.py:208} INFO - Processing /home/airflow/.local/lib/python3.12/site-packages/airflow/example_dags/example_subdag_operator.py took 0.694 seconds
[2024-09-02T04:29:00.975+0000] {processor.py:186} INFO - Started process (PID=382) to work on /home/airflow/.local/lib/python3.12/site-packages/airflow/example_dags/example_subdag_operator.py
[2024-09-02T04:29:00.977+0000] {processor.py:914} INFO - Processing file /home/airflow/.local/lib/python3.12/site-packages/airflow/example_dags/example_subdag_operator.py for tasks to queue
[2024-09-02T04:29:00.992+0000] {logging_mixin.py:190} INFO - [2024-09-02T04:29:00.991+0000] {dagbag.py:587} INFO - Filling up the DagBag from /home/airflow/.local/lib/python3.12/site-packages/airflow/example_dags/example_subdag_operator.py
[2024-09-02T04:29:01.123+0000] {processor.py:925} INFO - DAG(s) 'example_subdag_operator.section-1', 'example_subdag_operator.section-2', 'example_subdag_operator' retrieved from /home/airflow/.local/lib/python3.12/site-packages/airflow/example_dags/example_subdag_operator.py
[2024-09-02T04:29:01.214+0000] {logging_mixin.py:190} INFO - [2024-09-02T04:29:01.214+0000] {dag.py:3211} INFO - Sync 3 DAGs
[2024-09-02T04:29:01.344+0000] {logging_mixin.py:190} INFO - [2024-09-02T04:29:01.340+0000] {dag.py:4138} INFO - Setting next_dagrun for example_subdag_operator to 2022-01-01 00:00:00+00:00, run_after=2022-01-01 00:00:00+00:00
[2024-09-02T04:29:01.366+0000] {logging_mixin.py:190} INFO - [2024-09-02T04:29:01.366+0000] {dag.py:4138} INFO - Setting next_dagrun for example_subdag_operator.section-1 to None, run_after=None
[2024-09-02T04:29:01.370+0000] {logging_mixin.py:190} INFO - [2024-09-02T04:29:01.369+0000] {dag.py:4138} INFO - Setting next_dagrun for example_subdag_operator.section-2 to None, run_after=None
[2024-09-02T04:29:01.405+0000] {logging_mixin.py:190} INFO - [2024-09-02T04:29:01.404+0000] {dag.py:3211} INFO - Sync 2 DAGs
[2024-09-02T04:29:01.453+0000] {logging_mixin.py:190} INFO - [2024-09-02T04:29:01.453+0000] {dag.py:4138} INFO - Setting next_dagrun for example_subdag_operator.section-1 to None, run_after=None
[2024-09-02T04:29:01.455+0000] {logging_mixin.py:190} INFO - [2024-09-02T04:29:01.454+0000] {dag.py:4138} INFO - Setting next_dagrun for example_subdag_operator.section-2 to None, run_after=None
[2024-09-02T04:29:01.551+0000] {processor.py:208} INFO - Processing /home/airflow/.local/lib/python3.12/site-packages/airflow/example_dags/example_subdag_operator.py took 0.611 seconds
[2024-09-02T04:29:32.444+0000] {processor.py:186} INFO - Started process (PID=445) to work on /home/airflow/.local/lib/python3.12/site-packages/airflow/example_dags/example_subdag_operator.py
[2024-09-02T04:29:32.447+0000] {processor.py:914} INFO - Processing file /home/airflow/.local/lib/python3.12/site-packages/airflow/example_dags/example_subdag_operator.py for tasks to queue
[2024-09-02T04:29:32.452+0000] {logging_mixin.py:190} INFO - [2024-09-02T04:29:32.451+0000] {dagbag.py:587} INFO - Filling up the DagBag from /home/airflow/.local/lib/python3.12/site-packages/airflow/example_dags/example_subdag_operator.py
[2024-09-02T04:29:32.526+0000] {processor.py:925} INFO - DAG(s) 'example_subdag_operator.section-1', 'example_subdag_operator.section-2', 'example_subdag_operator' retrieved from /home/airflow/.local/lib/python3.12/site-packages/airflow/example_dags/example_subdag_operator.py
[2024-09-02T04:29:32.583+0000] {logging_mixin.py:190} INFO - [2024-09-02T04:29:32.582+0000] {dag.py:3211} INFO - Sync 3 DAGs
[2024-09-02T04:29:32.650+0000] {logging_mixin.py:190} INFO - [2024-09-02T04:29:32.649+0000] {dag.py:4138} INFO - Setting next_dagrun for example_subdag_operator to 2022-01-01 00:00:00+00:00, run_after=2022-01-01 00:00:00+00:00
[2024-09-02T04:29:32.658+0000] {logging_mixin.py:190} INFO - [2024-09-02T04:29:32.658+0000] {dag.py:4138} INFO - Setting next_dagrun for example_subdag_operator.section-1 to None, run_after=None
[2024-09-02T04:29:32.662+0000] {logging_mixin.py:190} INFO - [2024-09-02T04:29:32.661+0000] {dag.py:4138} INFO - Setting next_dagrun for example_subdag_operator.section-2 to None, run_after=None
[2024-09-02T04:29:32.690+0000] {logging_mixin.py:190} INFO - [2024-09-02T04:29:32.689+0000] {dag.py:3211} INFO - Sync 2 DAGs
[2024-09-02T04:29:32.705+0000] {logging_mixin.py:190} INFO - [2024-09-02T04:29:32.704+0000] {dag.py:4138} INFO - Setting next_dagrun for example_subdag_operator.section-1 to None, run_after=None
[2024-09-02T04:29:32.706+0000] {logging_mixin.py:190} INFO - [2024-09-02T04:29:32.705+0000] {dag.py:4138} INFO - Setting next_dagrun for example_subdag_operator.section-2 to None, run_after=None
[2024-09-02T04:29:32.737+0000] {processor.py:208} INFO - Processing /home/airflow/.local/lib/python3.12/site-packages/airflow/example_dags/example_subdag_operator.py took 0.308 seconds
[2024-09-02T04:30:03.017+0000] {processor.py:186} INFO - Started process (PID=508) to work on /home/airflow/.local/lib/python3.12/site-packages/airflow/example_dags/example_subdag_operator.py
[2024-09-02T04:30:03.019+0000] {processor.py:914} INFO - Processing file /home/airflow/.local/lib/python3.12/site-packages/airflow/example_dags/example_subdag_operator.py for tasks to queue
[2024-09-02T04:30:03.026+0000] {logging_mixin.py:190} INFO - [2024-09-02T04:30:03.025+0000] {dagbag.py:587} INFO - Filling up the DagBag from /home/airflow/.local/lib/python3.12/site-packages/airflow/example_dags/example_subdag_operator.py
[2024-09-02T04:30:03.100+0000] {processor.py:925} INFO - DAG(s) 'example_subdag_operator.section-1', 'example_subdag_operator.section-2', 'example_subdag_operator' retrieved from /home/airflow/.local/lib/python3.12/site-packages/airflow/example_dags/example_subdag_operator.py
[2024-09-02T04:30:03.153+0000] {logging_mixin.py:190} INFO - [2024-09-02T04:30:03.153+0000] {dag.py:3211} INFO - Sync 3 DAGs
[2024-09-02T04:30:03.212+0000] {logging_mixin.py:190} INFO - [2024-09-02T04:30:03.211+0000] {dag.py:4138} INFO - Setting next_dagrun for example_subdag_operator to 2022-01-01 00:00:00+00:00, run_after=2022-01-01 00:00:00+00:00
[2024-09-02T04:30:03.221+0000] {logging_mixin.py:190} INFO - [2024-09-02T04:30:03.220+0000] {dag.py:4138} INFO - Setting next_dagrun for example_subdag_operator.section-1 to None, run_after=None
[2024-09-02T04:30:03.225+0000] {logging_mixin.py:190} INFO - [2024-09-02T04:30:03.224+0000] {dag.py:4138} INFO - Setting next_dagrun for example_subdag_operator.section-2 to None, run_after=None
[2024-09-02T04:30:03.244+0000] {logging_mixin.py:190} INFO - [2024-09-02T04:30:03.244+0000] {dag.py:3211} INFO - Sync 2 DAGs
[2024-09-02T04:30:03.266+0000] {logging_mixin.py:190} INFO - [2024-09-02T04:30:03.265+0000] {dag.py:4138} INFO - Setting next_dagrun for example_subdag_operator.section-1 to None, run_after=None
[2024-09-02T04:30:03.268+0000] {logging_mixin.py:190} INFO - [2024-09-02T04:30:03.267+0000] {dag.py:4138} INFO - Setting next_dagrun for example_subdag_operator.section-2 to None, run_after=None
[2024-09-02T04:30:03.312+0000] {processor.py:208} INFO - Processing /home/airflow/.local/lib/python3.12/site-packages/airflow/example_dags/example_subdag_operator.py took 0.317 seconds
[2024-09-02T04:30:33.621+0000] {processor.py:186} INFO - Started process (PID=572) to work on /home/airflow/.local/lib/python3.12/site-packages/airflow/example_dags/example_subdag_operator.py
[2024-09-02T04:30:33.624+0000] {processor.py:914} INFO - Processing file /home/airflow/.local/lib/python3.12/site-packages/airflow/example_dags/example_subdag_operator.py for tasks to queue
[2024-09-02T04:30:33.630+0000] {logging_mixin.py:190} INFO - [2024-09-02T04:30:33.629+0000] {dagbag.py:587} INFO - Filling up the DagBag from /home/airflow/.local/lib/python3.12/site-packages/airflow/example_dags/example_subdag_operator.py
[2024-09-02T04:30:33.705+0000] {processor.py:925} INFO - DAG(s) 'example_subdag_operator.section-1', 'example_subdag_operator.section-2', 'example_subdag_operator' retrieved from /home/airflow/.local/lib/python3.12/site-packages/airflow/example_dags/example_subdag_operator.py
[2024-09-02T04:30:33.750+0000] {logging_mixin.py:190} INFO - [2024-09-02T04:30:33.749+0000] {dag.py:3211} INFO - Sync 3 DAGs
[2024-09-02T04:30:33.826+0000] {logging_mixin.py:190} INFO - [2024-09-02T04:30:33.825+0000] {dag.py:4138} INFO - Setting next_dagrun for example_subdag_operator to 2022-01-01 00:00:00+00:00, run_after=2022-01-01 00:00:00+00:00
[2024-09-02T04:30:33.846+0000] {logging_mixin.py:190} INFO - [2024-09-02T04:30:33.841+0000] {dag.py:4138} INFO - Setting next_dagrun for example_subdag_operator.section-1 to None, run_after=None
[2024-09-02T04:30:33.850+0000] {logging_mixin.py:190} INFO - [2024-09-02T04:30:33.850+0000] {dag.py:4138} INFO - Setting next_dagrun for example_subdag_operator.section-2 to None, run_after=None
[2024-09-02T04:30:33.875+0000] {logging_mixin.py:190} INFO - [2024-09-02T04:30:33.874+0000] {dag.py:3211} INFO - Sync 2 DAGs
[2024-09-02T04:30:33.889+0000] {logging_mixin.py:190} INFO - [2024-09-02T04:30:33.889+0000] {dag.py:4138} INFO - Setting next_dagrun for example_subdag_operator.section-1 to None, run_after=None
[2024-09-02T04:30:33.891+0000] {logging_mixin.py:190} INFO - [2024-09-02T04:30:33.890+0000] {dag.py:4138} INFO - Setting next_dagrun for example_subdag_operator.section-2 to None, run_after=None
[2024-09-02T04:30:33.922+0000] {processor.py:208} INFO - Processing /home/airflow/.local/lib/python3.12/site-packages/airflow/example_dags/example_subdag_operator.py took 0.316 seconds
[2024-09-02T04:31:05.976+0000] {processor.py:186} INFO - Started process (PID=633) to work on /home/airflow/.local/lib/python3.12/site-packages/airflow/example_dags/example_subdag_operator.py
[2024-09-02T04:31:05.978+0000] {processor.py:914} INFO - Processing file /home/airflow/.local/lib/python3.12/site-packages/airflow/example_dags/example_subdag_operator.py for tasks to queue
[2024-09-02T04:31:05.995+0000] {logging_mixin.py:190} INFO - [2024-09-02T04:31:05.995+0000] {dagbag.py:587} INFO - Filling up the DagBag from /home/airflow/.local/lib/python3.12/site-packages/airflow/example_dags/example_subdag_operator.py
[2024-09-02T04:31:06.221+0000] {processor.py:925} INFO - DAG(s) 'example_subdag_operator.section-1', 'example_subdag_operator.section-2', 'example_subdag_operator' retrieved from /home/airflow/.local/lib/python3.12/site-packages/airflow/example_dags/example_subdag_operator.py
[2024-09-02T04:31:06.336+0000] {logging_mixin.py:190} INFO - [2024-09-02T04:31:06.336+0000] {dag.py:3211} INFO - Sync 3 DAGs
[2024-09-02T04:31:06.642+0000] {logging_mixin.py:190} INFO - [2024-09-02T04:31:06.642+0000] {dag.py:4138} INFO - Setting next_dagrun for example_subdag_operator to 2022-01-01 00:00:00+00:00, run_after=2022-01-01 00:00:00+00:00
[2024-09-02T04:31:06.703+0000] {logging_mixin.py:190} INFO - [2024-09-02T04:31:06.703+0000] {dag.py:4138} INFO - Setting next_dagrun for example_subdag_operator.section-1 to None, run_after=None
[2024-09-02T04:31:06.735+0000] {logging_mixin.py:190} INFO - [2024-09-02T04:31:06.734+0000] {dag.py:4138} INFO - Setting next_dagrun for example_subdag_operator.section-2 to None, run_after=None
[2024-09-02T04:31:06.893+0000] {logging_mixin.py:190} INFO - [2024-09-02T04:31:06.893+0000] {dag.py:3211} INFO - Sync 2 DAGs
[2024-09-02T04:31:06.994+0000] {logging_mixin.py:190} INFO - [2024-09-02T04:31:06.993+0000] {dag.py:4138} INFO - Setting next_dagrun for example_subdag_operator.section-1 to None, run_after=None
[2024-09-02T04:31:06.996+0000] {logging_mixin.py:190} INFO - [2024-09-02T04:31:06.995+0000] {dag.py:4138} INFO - Setting next_dagrun for example_subdag_operator.section-2 to None, run_after=None
[2024-09-02T04:31:07.119+0000] {processor.py:208} INFO - Processing /home/airflow/.local/lib/python3.12/site-packages/airflow/example_dags/example_subdag_operator.py took 1.178 seconds
[2024-09-02T04:31:37.715+0000] {processor.py:186} INFO - Started process (PID=702) to work on /home/airflow/.local/lib/python3.12/site-packages/airflow/example_dags/example_subdag_operator.py
[2024-09-02T04:31:37.729+0000] {processor.py:914} INFO - Processing file /home/airflow/.local/lib/python3.12/site-packages/airflow/example_dags/example_subdag_operator.py for tasks to queue
[2024-09-02T04:31:37.748+0000] {logging_mixin.py:190} INFO - [2024-09-02T04:31:37.747+0000] {dagbag.py:587} INFO - Filling up the DagBag from /home/airflow/.local/lib/python3.12/site-packages/airflow/example_dags/example_subdag_operator.py
[2024-09-02T04:31:37.921+0000] {processor.py:925} INFO - DAG(s) 'example_subdag_operator.section-1', 'example_subdag_operator.section-2', 'example_subdag_operator' retrieved from /home/airflow/.local/lib/python3.12/site-packages/airflow/example_dags/example_subdag_operator.py
[2024-09-02T04:31:38.036+0000] {logging_mixin.py:190} INFO - [2024-09-02T04:31:38.035+0000] {dag.py:3211} INFO - Sync 3 DAGs
[2024-09-02T04:31:38.250+0000] {logging_mixin.py:190} INFO - [2024-09-02T04:31:38.250+0000] {dag.py:4138} INFO - Setting next_dagrun for example_subdag_operator to 2022-01-01 00:00:00+00:00, run_after=2022-01-01 00:00:00+00:00
[2024-09-02T04:31:38.281+0000] {logging_mixin.py:190} INFO - [2024-09-02T04:31:38.280+0000] {dag.py:4138} INFO - Setting next_dagrun for example_subdag_operator.section-1 to None, run_after=None
[2024-09-02T04:31:38.297+0000] {logging_mixin.py:190} INFO - [2024-09-02T04:31:38.296+0000] {dag.py:4138} INFO - Setting next_dagrun for example_subdag_operator.section-2 to None, run_after=None
[2024-09-02T04:31:38.348+0000] {logging_mixin.py:190} INFO - [2024-09-02T04:31:38.347+0000] {dag.py:3211} INFO - Sync 2 DAGs
[2024-09-02T04:31:38.393+0000] {logging_mixin.py:190} INFO - [2024-09-02T04:31:38.393+0000] {dag.py:4138} INFO - Setting next_dagrun for example_subdag_operator.section-1 to None, run_after=None
[2024-09-02T04:31:38.394+0000] {logging_mixin.py:190} INFO - [2024-09-02T04:31:38.394+0000] {dag.py:4138} INFO - Setting next_dagrun for example_subdag_operator.section-2 to None, run_after=None
[2024-09-02T04:31:38.474+0000] {processor.py:208} INFO - Processing /home/airflow/.local/lib/python3.12/site-packages/airflow/example_dags/example_subdag_operator.py took 0.809 seconds
[2024-09-02T04:32:09.544+0000] {processor.py:186} INFO - Started process (PID=764) to work on /home/airflow/.local/lib/python3.12/site-packages/airflow/example_dags/example_subdag_operator.py
[2024-09-02T04:32:09.546+0000] {processor.py:914} INFO - Processing file /home/airflow/.local/lib/python3.12/site-packages/airflow/example_dags/example_subdag_operator.py for tasks to queue
[2024-09-02T04:32:09.576+0000] {logging_mixin.py:190} INFO - [2024-09-02T04:32:09.563+0000] {dagbag.py:587} INFO - Filling up the DagBag from /home/airflow/.local/lib/python3.12/site-packages/airflow/example_dags/example_subdag_operator.py
[2024-09-02T04:32:09.868+0000] {processor.py:925} INFO - DAG(s) 'example_subdag_operator.section-1', 'example_subdag_operator.section-2', 'example_subdag_operator' retrieved from /home/airflow/.local/lib/python3.12/site-packages/airflow/example_dags/example_subdag_operator.py
[2024-09-02T04:32:09.998+0000] {logging_mixin.py:190} INFO - [2024-09-02T04:32:09.996+0000] {dag.py:3211} INFO - Sync 3 DAGs
[2024-09-02T04:32:10.172+0000] {logging_mixin.py:190} INFO - [2024-09-02T04:32:10.171+0000] {dag.py:4138} INFO - Setting next_dagrun for example_subdag_operator to 2022-01-01 00:00:00+00:00, run_after=2022-01-01 00:00:00+00:00
[2024-09-02T04:32:10.194+0000] {logging_mixin.py:190} INFO - [2024-09-02T04:32:10.193+0000] {dag.py:4138} INFO - Setting next_dagrun for example_subdag_operator.section-1 to None, run_after=None
[2024-09-02T04:32:10.207+0000] {logging_mixin.py:190} INFO - [2024-09-02T04:32:10.207+0000] {dag.py:4138} INFO - Setting next_dagrun for example_subdag_operator.section-2 to None, run_after=None
[2024-09-02T04:32:10.254+0000] {logging_mixin.py:190} INFO - [2024-09-02T04:32:10.253+0000] {dag.py:3211} INFO - Sync 2 DAGs
[2024-09-02T04:32:10.275+0000] {logging_mixin.py:190} INFO - [2024-09-02T04:32:10.274+0000] {dag.py:4138} INFO - Setting next_dagrun for example_subdag_operator.section-1 to None, run_after=None
[2024-09-02T04:32:10.285+0000] {logging_mixin.py:190} INFO - [2024-09-02T04:32:10.276+0000] {dag.py:4138} INFO - Setting next_dagrun for example_subdag_operator.section-2 to None, run_after=None
[2024-09-02T04:32:10.357+0000] {processor.py:208} INFO - Processing /home/airflow/.local/lib/python3.12/site-packages/airflow/example_dags/example_subdag_operator.py took 0.861 seconds
[2024-09-02T04:32:40.864+0000] {processor.py:186} INFO - Started process (PID=827) to work on /home/airflow/.local/lib/python3.12/site-packages/airflow/example_dags/example_subdag_operator.py
[2024-09-02T04:32:40.867+0000] {processor.py:914} INFO - Processing file /home/airflow/.local/lib/python3.12/site-packages/airflow/example_dags/example_subdag_operator.py for tasks to queue
[2024-09-02T04:32:40.875+0000] {logging_mixin.py:190} INFO - [2024-09-02T04:32:40.874+0000] {dagbag.py:587} INFO - Filling up the DagBag from /home/airflow/.local/lib/python3.12/site-packages/airflow/example_dags/example_subdag_operator.py
[2024-09-02T04:32:40.965+0000] {processor.py:925} INFO - DAG(s) 'example_subdag_operator.section-1', 'example_subdag_operator.section-2', 'example_subdag_operator' retrieved from /home/airflow/.local/lib/python3.12/site-packages/airflow/example_dags/example_subdag_operator.py
[2024-09-02T04:32:41.004+0000] {logging_mixin.py:190} INFO - [2024-09-02T04:32:41.003+0000] {dag.py:3211} INFO - Sync 3 DAGs
[2024-09-02T04:32:41.081+0000] {logging_mixin.py:190} INFO - [2024-09-02T04:32:41.080+0000] {dag.py:4138} INFO - Setting next_dagrun for example_subdag_operator to 2022-01-01 00:00:00+00:00, run_after=2022-01-01 00:00:00+00:00
[2024-09-02T04:32:41.090+0000] {logging_mixin.py:190} INFO - [2024-09-02T04:32:41.090+0000] {dag.py:4138} INFO - Setting next_dagrun for example_subdag_operator.section-1 to None, run_after=None
[2024-09-02T04:32:41.094+0000] {logging_mixin.py:190} INFO - [2024-09-02T04:32:41.093+0000] {dag.py:4138} INFO - Setting next_dagrun for example_subdag_operator.section-2 to None, run_after=None
[2024-09-02T04:32:41.114+0000] {logging_mixin.py:190} INFO - [2024-09-02T04:32:41.113+0000] {dag.py:3211} INFO - Sync 2 DAGs
[2024-09-02T04:32:41.127+0000] {logging_mixin.py:190} INFO - [2024-09-02T04:32:41.127+0000] {dag.py:4138} INFO - Setting next_dagrun for example_subdag_operator.section-1 to None, run_after=None
[2024-09-02T04:32:41.130+0000] {logging_mixin.py:190} INFO - [2024-09-02T04:32:41.129+0000] {dag.py:4138} INFO - Setting next_dagrun for example_subdag_operator.section-2 to None, run_after=None
[2024-09-02T04:32:41.160+0000] {processor.py:208} INFO - Processing /home/airflow/.local/lib/python3.12/site-packages/airflow/example_dags/example_subdag_operator.py took 0.312 seconds
[2024-09-02T04:33:12.434+0000] {processor.py:186} INFO - Started process (PID=886) to work on /home/airflow/.local/lib/python3.12/site-packages/airflow/example_dags/example_subdag_operator.py
[2024-09-02T04:33:12.438+0000] {processor.py:914} INFO - Processing file /home/airflow/.local/lib/python3.12/site-packages/airflow/example_dags/example_subdag_operator.py for tasks to queue
[2024-09-02T04:33:12.454+0000] {logging_mixin.py:190} INFO - [2024-09-02T04:33:12.453+0000] {dagbag.py:587} INFO - Filling up the DagBag from /home/airflow/.local/lib/python3.12/site-packages/airflow/example_dags/example_subdag_operator.py
[2024-09-02T04:33:12.585+0000] {processor.py:925} INFO - DAG(s) 'example_subdag_operator.section-1', 'example_subdag_operator.section-2', 'example_subdag_operator' retrieved from /home/airflow/.local/lib/python3.12/site-packages/airflow/example_dags/example_subdag_operator.py
[2024-09-02T04:33:12.679+0000] {logging_mixin.py:190} INFO - [2024-09-02T04:33:12.678+0000] {dag.py:3211} INFO - Sync 3 DAGs
[2024-09-02T04:33:12.880+0000] {logging_mixin.py:190} INFO - [2024-09-02T04:33:12.879+0000] {dag.py:4138} INFO - Setting next_dagrun for example_subdag_operator to 2022-01-01 00:00:00+00:00, run_after=2022-01-01 00:00:00+00:00
[2024-09-02T04:33:12.909+0000] {logging_mixin.py:190} INFO - [2024-09-02T04:33:12.909+0000] {dag.py:4138} INFO - Setting next_dagrun for example_subdag_operator.section-1 to None, run_after=None
[2024-09-02T04:33:12.922+0000] {logging_mixin.py:190} INFO - [2024-09-02T04:33:12.922+0000] {dag.py:4138} INFO - Setting next_dagrun for example_subdag_operator.section-2 to None, run_after=None
[2024-09-02T04:33:12.998+0000] {logging_mixin.py:190} INFO - [2024-09-02T04:33:12.998+0000] {dag.py:3211} INFO - Sync 2 DAGs
[2024-09-02T04:33:13.032+0000] {logging_mixin.py:190} INFO - [2024-09-02T04:33:13.031+0000] {dag.py:4138} INFO - Setting next_dagrun for example_subdag_operator.section-1 to None, run_after=None
[2024-09-02T04:33:13.048+0000] {logging_mixin.py:190} INFO - [2024-09-02T04:33:13.048+0000] {dag.py:4138} INFO - Setting next_dagrun for example_subdag_operator.section-2 to None, run_after=None
[2024-09-02T04:33:13.135+0000] {processor.py:208} INFO - Processing /home/airflow/.local/lib/python3.12/site-packages/airflow/example_dags/example_subdag_operator.py took 0.725 seconds
[2024-09-02T04:33:43.886+0000] {processor.py:186} INFO - Started process (PID=949) to work on /home/airflow/.local/lib/python3.12/site-packages/airflow/example_dags/example_subdag_operator.py
[2024-09-02T04:33:43.902+0000] {processor.py:914} INFO - Processing file /home/airflow/.local/lib/python3.12/site-packages/airflow/example_dags/example_subdag_operator.py for tasks to queue
[2024-09-02T04:33:43.910+0000] {logging_mixin.py:190} INFO - [2024-09-02T04:33:43.910+0000] {dagbag.py:587} INFO - Filling up the DagBag from /home/airflow/.local/lib/python3.12/site-packages/airflow/example_dags/example_subdag_operator.py
[2024-09-02T04:33:44.128+0000] {processor.py:925} INFO - DAG(s) 'example_subdag_operator.section-1', 'example_subdag_operator.section-2', 'example_subdag_operator' retrieved from /home/airflow/.local/lib/python3.12/site-packages/airflow/example_dags/example_subdag_operator.py
[2024-09-02T04:33:44.206+0000] {logging_mixin.py:190} INFO - [2024-09-02T04:33:44.205+0000] {dag.py:3211} INFO - Sync 3 DAGs
[2024-09-02T04:33:44.375+0000] {logging_mixin.py:190} INFO - [2024-09-02T04:33:44.375+0000] {dag.py:4138} INFO - Setting next_dagrun for example_subdag_operator to 2022-01-01 00:00:00+00:00, run_after=2022-01-01 00:00:00+00:00
[2024-09-02T04:33:44.426+0000] {logging_mixin.py:190} INFO - [2024-09-02T04:33:44.426+0000] {dag.py:4138} INFO - Setting next_dagrun for example_subdag_operator.section-1 to None, run_after=None
[2024-09-02T04:33:44.441+0000] {logging_mixin.py:190} INFO - [2024-09-02T04:33:44.440+0000] {dag.py:4138} INFO - Setting next_dagrun for example_subdag_operator.section-2 to None, run_after=None
[2024-09-02T04:33:44.502+0000] {logging_mixin.py:190} INFO - [2024-09-02T04:33:44.501+0000] {dag.py:3211} INFO - Sync 2 DAGs
[2024-09-02T04:33:44.581+0000] {logging_mixin.py:190} INFO - [2024-09-02T04:33:44.569+0000] {dag.py:4138} INFO - Setting next_dagrun for example_subdag_operator.section-1 to None, run_after=None
[2024-09-02T04:33:44.647+0000] {logging_mixin.py:190} INFO - [2024-09-02T04:33:44.647+0000] {dag.py:4138} INFO - Setting next_dagrun for example_subdag_operator.section-2 to None, run_after=None
[2024-09-02T04:33:44.833+0000] {processor.py:208} INFO - Processing /home/airflow/.local/lib/python3.12/site-packages/airflow/example_dags/example_subdag_operator.py took 0.973 seconds
[2024-09-02T04:34:15.514+0000] {processor.py:186} INFO - Started process (PID=1012) to work on /home/airflow/.local/lib/python3.12/site-packages/airflow/example_dags/example_subdag_operator.py
[2024-09-02T04:34:15.517+0000] {processor.py:914} INFO - Processing file /home/airflow/.local/lib/python3.12/site-packages/airflow/example_dags/example_subdag_operator.py for tasks to queue
[2024-09-02T04:34:15.526+0000] {logging_mixin.py:190} INFO - [2024-09-02T04:34:15.525+0000] {dagbag.py:587} INFO - Filling up the DagBag from /home/airflow/.local/lib/python3.12/site-packages/airflow/example_dags/example_subdag_operator.py
[2024-09-02T04:34:15.636+0000] {processor.py:925} INFO - DAG(s) 'example_subdag_operator.section-1', 'example_subdag_operator.section-2', 'example_subdag_operator' retrieved from /home/airflow/.local/lib/python3.12/site-packages/airflow/example_dags/example_subdag_operator.py
[2024-09-02T04:34:15.700+0000] {logging_mixin.py:190} INFO - [2024-09-02T04:34:15.700+0000] {dag.py:3211} INFO - Sync 3 DAGs
[2024-09-02T04:34:15.804+0000] {logging_mixin.py:190} INFO - [2024-09-02T04:34:15.804+0000] {dag.py:4138} INFO - Setting next_dagrun for example_subdag_operator to 2022-01-01 00:00:00+00:00, run_after=2022-01-01 00:00:00+00:00
[2024-09-02T04:34:15.844+0000] {logging_mixin.py:190} INFO - [2024-09-02T04:34:15.842+0000] {dag.py:4138} INFO - Setting next_dagrun for example_subdag_operator.section-1 to None, run_after=None
[2024-09-02T04:34:15.854+0000] {logging_mixin.py:190} INFO - [2024-09-02T04:34:15.853+0000] {dag.py:4138} INFO - Setting next_dagrun for example_subdag_operator.section-2 to None, run_after=None
[2024-09-02T04:34:15.970+0000] {logging_mixin.py:190} INFO - [2024-09-02T04:34:15.970+0000] {dag.py:3211} INFO - Sync 2 DAGs
[2024-09-02T04:34:16.031+0000] {logging_mixin.py:190} INFO - [2024-09-02T04:34:16.030+0000] {dag.py:4138} INFO - Setting next_dagrun for example_subdag_operator.section-1 to None, run_after=None
[2024-09-02T04:34:16.037+0000] {logging_mixin.py:190} INFO - [2024-09-02T04:34:16.036+0000] {dag.py:4138} INFO - Setting next_dagrun for example_subdag_operator.section-2 to None, run_after=None
[2024-09-02T04:34:16.183+0000] {processor.py:208} INFO - Processing /home/airflow/.local/lib/python3.12/site-packages/airflow/example_dags/example_subdag_operator.py took 0.693 seconds
[2024-09-02T04:34:48.418+0000] {processor.py:186} INFO - Started process (PID=1068) to work on /home/airflow/.local/lib/python3.12/site-packages/airflow/example_dags/example_subdag_operator.py
[2024-09-02T04:34:48.420+0000] {processor.py:914} INFO - Processing file /home/airflow/.local/lib/python3.12/site-packages/airflow/example_dags/example_subdag_operator.py for tasks to queue
[2024-09-02T04:34:48.439+0000] {logging_mixin.py:190} INFO - [2024-09-02T04:34:48.438+0000] {dagbag.py:587} INFO - Filling up the DagBag from /home/airflow/.local/lib/python3.12/site-packages/airflow/example_dags/example_subdag_operator.py
[2024-09-02T04:34:48.644+0000] {processor.py:925} INFO - DAG(s) 'example_subdag_operator.section-1', 'example_subdag_operator.section-2', 'example_subdag_operator' retrieved from /home/airflow/.local/lib/python3.12/site-packages/airflow/example_dags/example_subdag_operator.py
[2024-09-02T04:34:48.755+0000] {logging_mixin.py:190} INFO - [2024-09-02T04:34:48.754+0000] {dag.py:3211} INFO - Sync 3 DAGs
[2024-09-02T04:34:48.937+0000] {logging_mixin.py:190} INFO - [2024-09-02T04:34:48.936+0000] {dag.py:4138} INFO - Setting next_dagrun for example_subdag_operator to 2022-01-01 00:00:00+00:00, run_after=2022-01-01 00:00:00+00:00
[2024-09-02T04:34:48.968+0000] {logging_mixin.py:190} INFO - [2024-09-02T04:34:48.967+0000] {dag.py:4138} INFO - Setting next_dagrun for example_subdag_operator.section-1 to None, run_after=None
[2024-09-02T04:34:48.990+0000] {logging_mixin.py:190} INFO - [2024-09-02T04:34:48.988+0000] {dag.py:4138} INFO - Setting next_dagrun for example_subdag_operator.section-2 to None, run_after=None
[2024-09-02T04:34:49.125+0000] {logging_mixin.py:190} INFO - [2024-09-02T04:34:49.125+0000] {dag.py:3211} INFO - Sync 2 DAGs
[2024-09-02T04:34:49.174+0000] {logging_mixin.py:190} INFO - [2024-09-02T04:34:49.173+0000] {dag.py:4138} INFO - Setting next_dagrun for example_subdag_operator.section-1 to None, run_after=None
[2024-09-02T04:34:49.185+0000] {logging_mixin.py:190} INFO - [2024-09-02T04:34:49.185+0000] {dag.py:4138} INFO - Setting next_dagrun for example_subdag_operator.section-2 to None, run_after=None
[2024-09-02T04:34:49.238+0000] {processor.py:208} INFO - Processing /home/airflow/.local/lib/python3.12/site-packages/airflow/example_dags/example_subdag_operator.py took 0.862 seconds
[2024-09-02T04:35:23.031+0000] {processor.py:186} INFO - Started process (PID=1130) to work on /home/airflow/.local/lib/python3.12/site-packages/airflow/example_dags/example_subdag_operator.py
[2024-09-02T04:35:23.037+0000] {processor.py:914} INFO - Processing file /home/airflow/.local/lib/python3.12/site-packages/airflow/example_dags/example_subdag_operator.py for tasks to queue
[2024-09-02T04:35:23.043+0000] {logging_mixin.py:190} INFO - [2024-09-02T04:35:23.042+0000] {dagbag.py:587} INFO - Filling up the DagBag from /home/airflow/.local/lib/python3.12/site-packages/airflow/example_dags/example_subdag_operator.py
[2024-09-02T04:35:23.181+0000] {processor.py:925} INFO - DAG(s) 'example_subdag_operator.section-1', 'example_subdag_operator.section-2', 'example_subdag_operator' retrieved from /home/airflow/.local/lib/python3.12/site-packages/airflow/example_dags/example_subdag_operator.py
[2024-09-02T04:35:23.285+0000] {logging_mixin.py:190} INFO - [2024-09-02T04:35:23.284+0000] {dag.py:3211} INFO - Sync 3 DAGs
[2024-09-02T04:35:23.449+0000] {logging_mixin.py:190} INFO - [2024-09-02T04:35:23.448+0000] {dag.py:4138} INFO - Setting next_dagrun for example_subdag_operator to 2022-01-01 00:00:00+00:00, run_after=2022-01-01 00:00:00+00:00
[2024-09-02T04:35:23.480+0000] {logging_mixin.py:190} INFO - [2024-09-02T04:35:23.479+0000] {dag.py:4138} INFO - Setting next_dagrun for example_subdag_operator.section-1 to None, run_after=None
[2024-09-02T04:35:23.495+0000] {logging_mixin.py:190} INFO - [2024-09-02T04:35:23.494+0000] {dag.py:4138} INFO - Setting next_dagrun for example_subdag_operator.section-2 to None, run_after=None
[2024-09-02T04:35:23.557+0000] {logging_mixin.py:190} INFO - [2024-09-02T04:35:23.556+0000] {dag.py:3211} INFO - Sync 2 DAGs
[2024-09-02T04:35:23.604+0000] {logging_mixin.py:190} INFO - [2024-09-02T04:35:23.604+0000] {dag.py:4138} INFO - Setting next_dagrun for example_subdag_operator.section-1 to None, run_after=None
[2024-09-02T04:35:23.606+0000] {logging_mixin.py:190} INFO - [2024-09-02T04:35:23.605+0000] {dag.py:4138} INFO - Setting next_dagrun for example_subdag_operator.section-2 to None, run_after=None
[2024-09-02T04:35:23.667+0000] {processor.py:208} INFO - Processing /home/airflow/.local/lib/python3.12/site-packages/airflow/example_dags/example_subdag_operator.py took 0.658 seconds
[2024-09-02T04:35:54.330+0000] {processor.py:186} INFO - Started process (PID=1194) to work on /home/airflow/.local/lib/python3.12/site-packages/airflow/example_dags/example_subdag_operator.py
[2024-09-02T04:35:54.332+0000] {processor.py:914} INFO - Processing file /home/airflow/.local/lib/python3.12/site-packages/airflow/example_dags/example_subdag_operator.py for tasks to queue
[2024-09-02T04:35:54.337+0000] {logging_mixin.py:190} INFO - [2024-09-02T04:35:54.337+0000] {dagbag.py:587} INFO - Filling up the DagBag from /home/airflow/.local/lib/python3.12/site-packages/airflow/example_dags/example_subdag_operator.py
[2024-09-02T04:35:54.403+0000] {processor.py:925} INFO - DAG(s) 'example_subdag_operator.section-1', 'example_subdag_operator.section-2', 'example_subdag_operator' retrieved from /home/airflow/.local/lib/python3.12/site-packages/airflow/example_dags/example_subdag_operator.py
[2024-09-02T04:35:54.470+0000] {logging_mixin.py:190} INFO - [2024-09-02T04:35:54.469+0000] {dag.py:3211} INFO - Sync 3 DAGs
[2024-09-02T04:35:54.530+0000] {logging_mixin.py:190} INFO - [2024-09-02T04:35:54.530+0000] {dag.py:4138} INFO - Setting next_dagrun for example_subdag_operator to 2022-01-01 00:00:00+00:00, run_after=2022-01-01 00:00:00+00:00
[2024-09-02T04:35:54.539+0000] {logging_mixin.py:190} INFO - [2024-09-02T04:35:54.539+0000] {dag.py:4138} INFO - Setting next_dagrun for example_subdag_operator.section-1 to None, run_after=None
[2024-09-02T04:35:54.543+0000] {logging_mixin.py:190} INFO - [2024-09-02T04:35:54.542+0000] {dag.py:4138} INFO - Setting next_dagrun for example_subdag_operator.section-2 to None, run_after=None
[2024-09-02T04:35:54.566+0000] {logging_mixin.py:190} INFO - [2024-09-02T04:35:54.565+0000] {dag.py:3211} INFO - Sync 2 DAGs
[2024-09-02T04:35:54.580+0000] {logging_mixin.py:190} INFO - [2024-09-02T04:35:54.580+0000] {dag.py:4138} INFO - Setting next_dagrun for example_subdag_operator.section-1 to None, run_after=None
[2024-09-02T04:35:54.582+0000] {logging_mixin.py:190} INFO - [2024-09-02T04:35:54.582+0000] {dag.py:4138} INFO - Setting next_dagrun for example_subdag_operator.section-2 to None, run_after=None
[2024-09-02T04:35:54.610+0000] {processor.py:208} INFO - Processing /home/airflow/.local/lib/python3.12/site-packages/airflow/example_dags/example_subdag_operator.py took 0.295 seconds
[2024-09-02T04:36:25.351+0000] {processor.py:186} INFO - Started process (PID=1257) to work on /home/airflow/.local/lib/python3.12/site-packages/airflow/example_dags/example_subdag_operator.py
[2024-09-02T04:36:25.353+0000] {processor.py:914} INFO - Processing file /home/airflow/.local/lib/python3.12/site-packages/airflow/example_dags/example_subdag_operator.py for tasks to queue
[2024-09-02T04:36:25.368+0000] {logging_mixin.py:190} INFO - [2024-09-02T04:36:25.368+0000] {dagbag.py:587} INFO - Filling up the DagBag from /home/airflow/.local/lib/python3.12/site-packages/airflow/example_dags/example_subdag_operator.py
[2024-09-02T04:36:25.458+0000] {processor.py:925} INFO - DAG(s) 'example_subdag_operator.section-1', 'example_subdag_operator.section-2', 'example_subdag_operator' retrieved from /home/airflow/.local/lib/python3.12/site-packages/airflow/example_dags/example_subdag_operator.py
[2024-09-02T04:36:25.524+0000] {logging_mixin.py:190} INFO - [2024-09-02T04:36:25.523+0000] {dag.py:3211} INFO - Sync 3 DAGs
[2024-09-02T04:36:25.631+0000] {logging_mixin.py:190} INFO - [2024-09-02T04:36:25.630+0000] {dag.py:4138} INFO - Setting next_dagrun for example_subdag_operator to 2022-01-01 00:00:00+00:00, run_after=2022-01-01 00:00:00+00:00
[2024-09-02T04:36:25.661+0000] {logging_mixin.py:190} INFO - [2024-09-02T04:36:25.661+0000] {dag.py:4138} INFO - Setting next_dagrun for example_subdag_operator.section-1 to None, run_after=None
[2024-09-02T04:36:25.665+0000] {logging_mixin.py:190} INFO - [2024-09-02T04:36:25.664+0000] {dag.py:4138} INFO - Setting next_dagrun for example_subdag_operator.section-2 to None, run_after=None
[2024-09-02T04:36:25.704+0000] {logging_mixin.py:190} INFO - [2024-09-02T04:36:25.703+0000] {dag.py:3211} INFO - Sync 2 DAGs
[2024-09-02T04:36:25.739+0000] {logging_mixin.py:190} INFO - [2024-09-02T04:36:25.738+0000] {dag.py:4138} INFO - Setting next_dagrun for example_subdag_operator.section-1 to None, run_after=None
[2024-09-02T04:36:25.741+0000] {logging_mixin.py:190} INFO - [2024-09-02T04:36:25.740+0000] {dag.py:4138} INFO - Setting next_dagrun for example_subdag_operator.section-2 to None, run_after=None
[2024-09-02T04:36:25.806+0000] {processor.py:208} INFO - Processing /home/airflow/.local/lib/python3.12/site-packages/airflow/example_dags/example_subdag_operator.py took 0.474 seconds
[2024-09-02T04:36:56.553+0000] {processor.py:186} INFO - Started process (PID=1320) to work on /home/airflow/.local/lib/python3.12/site-packages/airflow/example_dags/example_subdag_operator.py
[2024-09-02T04:36:56.565+0000] {processor.py:914} INFO - Processing file /home/airflow/.local/lib/python3.12/site-packages/airflow/example_dags/example_subdag_operator.py for tasks to queue
[2024-09-02T04:36:56.579+0000] {logging_mixin.py:190} INFO - [2024-09-02T04:36:56.572+0000] {dagbag.py:587} INFO - Filling up the DagBag from /home/airflow/.local/lib/python3.12/site-packages/airflow/example_dags/example_subdag_operator.py
[2024-09-02T04:36:56.683+0000] {processor.py:925} INFO - DAG(s) 'example_subdag_operator.section-1', 'example_subdag_operator.section-2', 'example_subdag_operator' retrieved from /home/airflow/.local/lib/python3.12/site-packages/airflow/example_dags/example_subdag_operator.py
[2024-09-02T04:36:56.750+0000] {logging_mixin.py:190} INFO - [2024-09-02T04:36:56.749+0000] {dag.py:3211} INFO - Sync 3 DAGs
[2024-09-02T04:36:56.882+0000] {logging_mixin.py:190} INFO - [2024-09-02T04:36:56.877+0000] {dag.py:4138} INFO - Setting next_dagrun for example_subdag_operator to 2022-01-01 00:00:00+00:00, run_after=2022-01-01 00:00:00+00:00
[2024-09-02T04:36:56.913+0000] {logging_mixin.py:190} INFO - [2024-09-02T04:36:56.913+0000] {dag.py:4138} INFO - Setting next_dagrun for example_subdag_operator.section-1 to None, run_after=None
[2024-09-02T04:36:56.934+0000] {logging_mixin.py:190} INFO - [2024-09-02T04:36:56.934+0000] {dag.py:4138} INFO - Setting next_dagrun for example_subdag_operator.section-2 to None, run_after=None
[2024-09-02T04:36:57.026+0000] {logging_mixin.py:190} INFO - [2024-09-02T04:36:57.025+0000] {dag.py:3211} INFO - Sync 2 DAGs
[2024-09-02T04:36:57.072+0000] {logging_mixin.py:190} INFO - [2024-09-02T04:36:57.067+0000] {dag.py:4138} INFO - Setting next_dagrun for example_subdag_operator.section-1 to None, run_after=None
[2024-09-02T04:36:57.078+0000] {logging_mixin.py:190} INFO - [2024-09-02T04:36:57.077+0000] {dag.py:4138} INFO - Setting next_dagrun for example_subdag_operator.section-2 to None, run_after=None
[2024-09-02T04:36:57.147+0000] {processor.py:208} INFO - Processing /home/airflow/.local/lib/python3.12/site-packages/airflow/example_dags/example_subdag_operator.py took 0.615 seconds
[2024-09-02T04:37:27.372+0000] {processor.py:186} INFO - Started process (PID=1384) to work on /home/airflow/.local/lib/python3.12/site-packages/airflow/example_dags/example_subdag_operator.py
[2024-09-02T04:37:27.374+0000] {processor.py:914} INFO - Processing file /home/airflow/.local/lib/python3.12/site-packages/airflow/example_dags/example_subdag_operator.py for tasks to queue
[2024-09-02T04:37:27.380+0000] {logging_mixin.py:190} INFO - [2024-09-02T04:37:27.379+0000] {dagbag.py:587} INFO - Filling up the DagBag from /home/airflow/.local/lib/python3.12/site-packages/airflow/example_dags/example_subdag_operator.py
[2024-09-02T04:37:27.432+0000] {processor.py:925} INFO - DAG(s) 'example_subdag_operator.section-1', 'example_subdag_operator.section-2', 'example_subdag_operator' retrieved from /home/airflow/.local/lib/python3.12/site-packages/airflow/example_dags/example_subdag_operator.py
[2024-09-02T04:37:27.466+0000] {logging_mixin.py:190} INFO - [2024-09-02T04:37:27.465+0000] {dag.py:3211} INFO - Sync 3 DAGs
[2024-09-02T04:37:27.523+0000] {logging_mixin.py:190} INFO - [2024-09-02T04:37:27.523+0000] {dag.py:4138} INFO - Setting next_dagrun for example_subdag_operator to 2022-01-01 00:00:00+00:00, run_after=2022-01-01 00:00:00+00:00
[2024-09-02T04:37:27.533+0000] {logging_mixin.py:190} INFO - [2024-09-02T04:37:27.533+0000] {dag.py:4138} INFO - Setting next_dagrun for example_subdag_operator.section-1 to None, run_after=None
[2024-09-02T04:37:27.538+0000] {logging_mixin.py:190} INFO - [2024-09-02T04:37:27.537+0000] {dag.py:4138} INFO - Setting next_dagrun for example_subdag_operator.section-2 to None, run_after=None
[2024-09-02T04:37:27.554+0000] {logging_mixin.py:190} INFO - [2024-09-02T04:37:27.554+0000] {dag.py:3211} INFO - Sync 2 DAGs
[2024-09-02T04:37:27.568+0000] {logging_mixin.py:190} INFO - [2024-09-02T04:37:27.567+0000] {dag.py:4138} INFO - Setting next_dagrun for example_subdag_operator.section-1 to None, run_after=None
[2024-09-02T04:37:27.569+0000] {logging_mixin.py:190} INFO - [2024-09-02T04:37:27.569+0000] {dag.py:4138} INFO - Setting next_dagrun for example_subdag_operator.section-2 to None, run_after=None
[2024-09-02T04:37:27.594+0000] {processor.py:208} INFO - Processing /home/airflow/.local/lib/python3.12/site-packages/airflow/example_dags/example_subdag_operator.py took 0.235 seconds
[2024-09-02T04:37:58.111+0000] {processor.py:186} INFO - Started process (PID=1446) to work on /home/airflow/.local/lib/python3.12/site-packages/airflow/example_dags/example_subdag_operator.py
[2024-09-02T04:37:58.121+0000] {processor.py:914} INFO - Processing file /home/airflow/.local/lib/python3.12/site-packages/airflow/example_dags/example_subdag_operator.py for tasks to queue
[2024-09-02T04:37:58.128+0000] {logging_mixin.py:190} INFO - [2024-09-02T04:37:58.127+0000] {dagbag.py:587} INFO - Filling up the DagBag from /home/airflow/.local/lib/python3.12/site-packages/airflow/example_dags/example_subdag_operator.py
[2024-09-02T04:37:58.251+0000] {processor.py:925} INFO - DAG(s) 'example_subdag_operator.section-1', 'example_subdag_operator.section-2', 'example_subdag_operator' retrieved from /home/airflow/.local/lib/python3.12/site-packages/airflow/example_dags/example_subdag_operator.py
[2024-09-02T04:37:58.297+0000] {logging_mixin.py:190} INFO - [2024-09-02T04:37:58.297+0000] {dag.py:3211} INFO - Sync 3 DAGs
[2024-09-02T04:37:58.401+0000] {logging_mixin.py:190} INFO - [2024-09-02T04:37:58.401+0000] {dag.py:4138} INFO - Setting next_dagrun for example_subdag_operator to 2022-01-01 00:00:00+00:00, run_after=2022-01-01 00:00:00+00:00
[2024-09-02T04:37:58.432+0000] {logging_mixin.py:190} INFO - [2024-09-02T04:37:58.432+0000] {dag.py:4138} INFO - Setting next_dagrun for example_subdag_operator.section-1 to None, run_after=None
[2024-09-02T04:37:58.445+0000] {logging_mixin.py:190} INFO - [2024-09-02T04:37:58.435+0000] {dag.py:4138} INFO - Setting next_dagrun for example_subdag_operator.section-2 to None, run_after=None
[2024-09-02T04:37:58.495+0000] {logging_mixin.py:190} INFO - [2024-09-02T04:37:58.484+0000] {dag.py:3211} INFO - Sync 2 DAGs
[2024-09-02T04:37:58.529+0000] {logging_mixin.py:190} INFO - [2024-09-02T04:37:58.528+0000] {dag.py:4138} INFO - Setting next_dagrun for example_subdag_operator.section-1 to None, run_after=None
[2024-09-02T04:37:58.531+0000] {logging_mixin.py:190} INFO - [2024-09-02T04:37:58.530+0000] {dag.py:4138} INFO - Setting next_dagrun for example_subdag_operator.section-2 to None, run_after=None
[2024-09-02T04:37:58.605+0000] {processor.py:208} INFO - Processing /home/airflow/.local/lib/python3.12/site-packages/airflow/example_dags/example_subdag_operator.py took 0.516 seconds
[2024-09-02T04:38:28.814+0000] {processor.py:186} INFO - Started process (PID=1510) to work on /home/airflow/.local/lib/python3.12/site-packages/airflow/example_dags/example_subdag_operator.py
[2024-09-02T04:38:28.817+0000] {processor.py:914} INFO - Processing file /home/airflow/.local/lib/python3.12/site-packages/airflow/example_dags/example_subdag_operator.py for tasks to queue
[2024-09-02T04:38:28.848+0000] {logging_mixin.py:190} INFO - [2024-09-02T04:38:28.847+0000] {dagbag.py:587} INFO - Filling up the DagBag from /home/airflow/.local/lib/python3.12/site-packages/airflow/example_dags/example_subdag_operator.py
[2024-09-02T04:38:29.019+0000] {processor.py:925} INFO - DAG(s) 'example_subdag_operator.section-1', 'example_subdag_operator.section-2', 'example_subdag_operator' retrieved from /home/airflow/.local/lib/python3.12/site-packages/airflow/example_dags/example_subdag_operator.py
[2024-09-02T04:38:29.113+0000] {logging_mixin.py:190} INFO - [2024-09-02T04:38:29.111+0000] {dag.py:3211} INFO - Sync 3 DAGs
[2024-09-02T04:38:29.283+0000] {logging_mixin.py:190} INFO - [2024-09-02T04:38:29.277+0000] {dag.py:4138} INFO - Setting next_dagrun for example_subdag_operator to 2022-01-01 00:00:00+00:00, run_after=2022-01-01 00:00:00+00:00
[2024-09-02T04:38:29.315+0000] {logging_mixin.py:190} INFO - [2024-09-02T04:38:29.315+0000] {dag.py:4138} INFO - Setting next_dagrun for example_subdag_operator.section-1 to None, run_after=None
[2024-09-02T04:38:29.319+0000] {logging_mixin.py:190} INFO - [2024-09-02T04:38:29.318+0000] {dag.py:4138} INFO - Setting next_dagrun for example_subdag_operator.section-2 to None, run_after=None
[2024-09-02T04:38:29.383+0000] {logging_mixin.py:190} INFO - [2024-09-02T04:38:29.383+0000] {dag.py:3211} INFO - Sync 2 DAGs
[2024-09-02T04:38:29.436+0000] {logging_mixin.py:190} INFO - [2024-09-02T04:38:29.435+0000] {dag.py:4138} INFO - Setting next_dagrun for example_subdag_operator.section-1 to None, run_after=None
[2024-09-02T04:38:29.445+0000] {logging_mixin.py:190} INFO - [2024-09-02T04:38:29.444+0000] {dag.py:4138} INFO - Setting next_dagrun for example_subdag_operator.section-2 to None, run_after=None
[2024-09-02T04:38:29.507+0000] {processor.py:208} INFO - Processing /home/airflow/.local/lib/python3.12/site-packages/airflow/example_dags/example_subdag_operator.py took 0.727 seconds
[2024-09-02T04:39:01.325+0000] {processor.py:186} INFO - Started process (PID=1573) to work on /home/airflow/.local/lib/python3.12/site-packages/airflow/example_dags/example_subdag_operator.py
[2024-09-02T04:39:01.391+0000] {processor.py:914} INFO - Processing file /home/airflow/.local/lib/python3.12/site-packages/airflow/example_dags/example_subdag_operator.py for tasks to queue
[2024-09-02T04:39:01.442+0000] {logging_mixin.py:190} INFO - [2024-09-02T04:39:01.440+0000] {dagbag.py:587} INFO - Filling up the DagBag from /home/airflow/.local/lib/python3.12/site-packages/airflow/example_dags/example_subdag_operator.py
[2024-09-02T04:39:01.805+0000] {processor.py:925} INFO - DAG(s) 'example_subdag_operator.section-1', 'example_subdag_operator.section-2', 'example_subdag_operator' retrieved from /home/airflow/.local/lib/python3.12/site-packages/airflow/example_dags/example_subdag_operator.py
[2024-09-02T04:39:01.943+0000] {logging_mixin.py:190} INFO - [2024-09-02T04:39:01.943+0000] {dag.py:3211} INFO - Sync 3 DAGs
[2024-09-02T04:39:02.096+0000] {logging_mixin.py:190} INFO - [2024-09-02T04:39:02.095+0000] {dag.py:4138} INFO - Setting next_dagrun for example_subdag_operator to 2022-01-01 00:00:00+00:00, run_after=2022-01-01 00:00:00+00:00
[2024-09-02T04:39:02.119+0000] {logging_mixin.py:190} INFO - [2024-09-02T04:39:02.118+0000] {dag.py:4138} INFO - Setting next_dagrun for example_subdag_operator.section-1 to None, run_after=None
[2024-09-02T04:39:02.150+0000] {logging_mixin.py:190} INFO - [2024-09-02T04:39:02.149+0000] {dag.py:4138} INFO - Setting next_dagrun for example_subdag_operator.section-2 to None, run_after=None
[2024-09-02T04:39:02.199+0000] {logging_mixin.py:190} INFO - [2024-09-02T04:39:02.198+0000] {dag.py:3211} INFO - Sync 2 DAGs
[2024-09-02T04:39:02.248+0000] {logging_mixin.py:190} INFO - [2024-09-02T04:39:02.248+0000] {dag.py:4138} INFO - Setting next_dagrun for example_subdag_operator.section-1 to None, run_after=None
[2024-09-02T04:39:02.253+0000] {logging_mixin.py:190} INFO - [2024-09-02T04:39:02.253+0000] {dag.py:4138} INFO - Setting next_dagrun for example_subdag_operator.section-2 to None, run_after=None
[2024-09-02T04:39:02.319+0000] {processor.py:208} INFO - Processing /home/airflow/.local/lib/python3.12/site-packages/airflow/example_dags/example_subdag_operator.py took 1.096 seconds
[2024-09-02T04:39:32.693+0000] {processor.py:186} INFO - Started process (PID=1636) to work on /home/airflow/.local/lib/python3.12/site-packages/airflow/example_dags/example_subdag_operator.py
[2024-09-02T04:39:32.696+0000] {processor.py:914} INFO - Processing file /home/airflow/.local/lib/python3.12/site-packages/airflow/example_dags/example_subdag_operator.py for tasks to queue
[2024-09-02T04:39:32.702+0000] {logging_mixin.py:190} INFO - [2024-09-02T04:39:32.702+0000] {dagbag.py:587} INFO - Filling up the DagBag from /home/airflow/.local/lib/python3.12/site-packages/airflow/example_dags/example_subdag_operator.py
[2024-09-02T04:39:32.772+0000] {processor.py:925} INFO - DAG(s) 'example_subdag_operator.section-1', 'example_subdag_operator.section-2', 'example_subdag_operator' retrieved from /home/airflow/.local/lib/python3.12/site-packages/airflow/example_dags/example_subdag_operator.py
[2024-09-02T04:39:32.810+0000] {logging_mixin.py:190} INFO - [2024-09-02T04:39:32.810+0000] {dag.py:3211} INFO - Sync 3 DAGs
[2024-09-02T04:39:32.870+0000] {logging_mixin.py:190} INFO - [2024-09-02T04:39:32.869+0000] {dag.py:4138} INFO - Setting next_dagrun for example_subdag_operator to 2022-01-01 00:00:00+00:00, run_after=2022-01-01 00:00:00+00:00
[2024-09-02T04:39:32.880+0000] {logging_mixin.py:190} INFO - [2024-09-02T04:39:32.879+0000] {dag.py:4138} INFO - Setting next_dagrun for example_subdag_operator.section-1 to None, run_after=None
[2024-09-02T04:39:32.885+0000] {logging_mixin.py:190} INFO - [2024-09-02T04:39:32.885+0000] {dag.py:4138} INFO - Setting next_dagrun for example_subdag_operator.section-2 to None, run_after=None
[2024-09-02T04:39:32.903+0000] {logging_mixin.py:190} INFO - [2024-09-02T04:39:32.902+0000] {dag.py:3211} INFO - Sync 2 DAGs
[2024-09-02T04:39:32.915+0000] {logging_mixin.py:190} INFO - [2024-09-02T04:39:32.915+0000] {dag.py:4138} INFO - Setting next_dagrun for example_subdag_operator.section-1 to None, run_after=None
[2024-09-02T04:39:32.917+0000] {logging_mixin.py:190} INFO - [2024-09-02T04:39:32.916+0000] {dag.py:4138} INFO - Setting next_dagrun for example_subdag_operator.section-2 to None, run_after=None
[2024-09-02T04:39:32.945+0000] {processor.py:208} INFO - Processing /home/airflow/.local/lib/python3.12/site-packages/airflow/example_dags/example_subdag_operator.py took 0.270 seconds
[2024-09-02T04:40:03.113+0000] {processor.py:186} INFO - Started process (PID=1699) to work on /home/airflow/.local/lib/python3.12/site-packages/airflow/example_dags/example_subdag_operator.py
[2024-09-02T04:40:03.115+0000] {processor.py:914} INFO - Processing file /home/airflow/.local/lib/python3.12/site-packages/airflow/example_dags/example_subdag_operator.py for tasks to queue
[2024-09-02T04:40:03.121+0000] {logging_mixin.py:190} INFO - [2024-09-02T04:40:03.120+0000] {dagbag.py:587} INFO - Filling up the DagBag from /home/airflow/.local/lib/python3.12/site-packages/airflow/example_dags/example_subdag_operator.py
[2024-09-02T04:40:03.223+0000] {processor.py:925} INFO - DAG(s) 'example_subdag_operator.section-1', 'example_subdag_operator.section-2', 'example_subdag_operator' retrieved from /home/airflow/.local/lib/python3.12/site-packages/airflow/example_dags/example_subdag_operator.py
[2024-09-02T04:40:03.307+0000] {logging_mixin.py:190} INFO - [2024-09-02T04:40:03.307+0000] {dag.py:3211} INFO - Sync 3 DAGs
[2024-09-02T04:40:03.389+0000] {logging_mixin.py:190} INFO - [2024-09-02T04:40:03.389+0000] {dag.py:4138} INFO - Setting next_dagrun for example_subdag_operator to 2022-01-01 00:00:00+00:00, run_after=2022-01-01 00:00:00+00:00
[2024-09-02T04:40:03.407+0000] {logging_mixin.py:190} INFO - [2024-09-02T04:40:03.407+0000] {dag.py:4138} INFO - Setting next_dagrun for example_subdag_operator.section-1 to None, run_after=None
[2024-09-02T04:40:03.413+0000] {logging_mixin.py:190} INFO - [2024-09-02T04:40:03.411+0000] {dag.py:4138} INFO - Setting next_dagrun for example_subdag_operator.section-2 to None, run_after=None
[2024-09-02T04:40:03.437+0000] {logging_mixin.py:190} INFO - [2024-09-02T04:40:03.437+0000] {dag.py:3211} INFO - Sync 2 DAGs
[2024-09-02T04:40:03.450+0000] {logging_mixin.py:190} INFO - [2024-09-02T04:40:03.450+0000] {dag.py:4138} INFO - Setting next_dagrun for example_subdag_operator.section-1 to None, run_after=None
[2024-09-02T04:40:03.452+0000] {logging_mixin.py:190} INFO - [2024-09-02T04:40:03.451+0000] {dag.py:4138} INFO - Setting next_dagrun for example_subdag_operator.section-2 to None, run_after=None
[2024-09-02T04:40:03.482+0000] {processor.py:208} INFO - Processing /home/airflow/.local/lib/python3.12/site-packages/airflow/example_dags/example_subdag_operator.py took 0.383 seconds
[2024-09-02T04:40:34.334+0000] {processor.py:186} INFO - Started process (PID=1761) to work on /home/airflow/.local/lib/python3.12/site-packages/airflow/example_dags/example_subdag_operator.py
[2024-09-02T04:40:34.337+0000] {processor.py:914} INFO - Processing file /home/airflow/.local/lib/python3.12/site-packages/airflow/example_dags/example_subdag_operator.py for tasks to queue
[2024-09-02T04:40:34.345+0000] {logging_mixin.py:190} INFO - [2024-09-02T04:40:34.342+0000] {dagbag.py:587} INFO - Filling up the DagBag from /home/airflow/.local/lib/python3.12/site-packages/airflow/example_dags/example_subdag_operator.py
[2024-09-02T04:40:34.414+0000] {processor.py:925} INFO - DAG(s) 'example_subdag_operator.section-1', 'example_subdag_operator.section-2', 'example_subdag_operator' retrieved from /home/airflow/.local/lib/python3.12/site-packages/airflow/example_dags/example_subdag_operator.py
[2024-09-02T04:40:34.448+0000] {logging_mixin.py:190} INFO - [2024-09-02T04:40:34.448+0000] {dag.py:3211} INFO - Sync 3 DAGs
[2024-09-02T04:40:34.506+0000] {logging_mixin.py:190} INFO - [2024-09-02T04:40:34.505+0000] {dag.py:4138} INFO - Setting next_dagrun for example_subdag_operator to 2022-01-01 00:00:00+00:00, run_after=2022-01-01 00:00:00+00:00
[2024-09-02T04:40:34.515+0000] {logging_mixin.py:190} INFO - [2024-09-02T04:40:34.514+0000] {dag.py:4138} INFO - Setting next_dagrun for example_subdag_operator.section-1 to None, run_after=None
[2024-09-02T04:40:34.518+0000] {logging_mixin.py:190} INFO - [2024-09-02T04:40:34.518+0000] {dag.py:4138} INFO - Setting next_dagrun for example_subdag_operator.section-2 to None, run_after=None
[2024-09-02T04:40:34.537+0000] {logging_mixin.py:190} INFO - [2024-09-02T04:40:34.536+0000] {dag.py:3211} INFO - Sync 2 DAGs
[2024-09-02T04:40:34.550+0000] {logging_mixin.py:190} INFO - [2024-09-02T04:40:34.550+0000] {dag.py:4138} INFO - Setting next_dagrun for example_subdag_operator.section-1 to None, run_after=None
[2024-09-02T04:40:34.554+0000] {logging_mixin.py:190} INFO - [2024-09-02T04:40:34.552+0000] {dag.py:4138} INFO - Setting next_dagrun for example_subdag_operator.section-2 to None, run_after=None
[2024-09-02T04:40:34.581+0000] {processor.py:208} INFO - Processing /home/airflow/.local/lib/python3.12/site-packages/airflow/example_dags/example_subdag_operator.py took 0.262 seconds
[2024-09-02T04:41:05.555+0000] {processor.py:186} INFO - Started process (PID=1823) to work on /home/airflow/.local/lib/python3.12/site-packages/airflow/example_dags/example_subdag_operator.py
[2024-09-02T04:41:05.557+0000] {processor.py:914} INFO - Processing file /home/airflow/.local/lib/python3.12/site-packages/airflow/example_dags/example_subdag_operator.py for tasks to queue
[2024-09-02T04:41:05.563+0000] {logging_mixin.py:190} INFO - [2024-09-02T04:41:05.563+0000] {dagbag.py:587} INFO - Filling up the DagBag from /home/airflow/.local/lib/python3.12/site-packages/airflow/example_dags/example_subdag_operator.py
[2024-09-02T04:41:05.618+0000] {processor.py:925} INFO - DAG(s) 'example_subdag_operator.section-1', 'example_subdag_operator.section-2', 'example_subdag_operator' retrieved from /home/airflow/.local/lib/python3.12/site-packages/airflow/example_dags/example_subdag_operator.py
[2024-09-02T04:41:05.647+0000] {logging_mixin.py:190} INFO - [2024-09-02T04:41:05.647+0000] {dag.py:3211} INFO - Sync 3 DAGs
[2024-09-02T04:41:05.695+0000] {logging_mixin.py:190} INFO - [2024-09-02T04:41:05.695+0000] {dag.py:4138} INFO - Setting next_dagrun for example_subdag_operator to 2022-01-01 00:00:00+00:00, run_after=2022-01-01 00:00:00+00:00
[2024-09-02T04:41:05.703+0000] {logging_mixin.py:190} INFO - [2024-09-02T04:41:05.702+0000] {dag.py:4138} INFO - Setting next_dagrun for example_subdag_operator.section-1 to None, run_after=None
[2024-09-02T04:41:05.705+0000] {logging_mixin.py:190} INFO - [2024-09-02T04:41:05.705+0000] {dag.py:4138} INFO - Setting next_dagrun for example_subdag_operator.section-2 to None, run_after=None
[2024-09-02T04:41:05.720+0000] {logging_mixin.py:190} INFO - [2024-09-02T04:41:05.719+0000] {dag.py:3211} INFO - Sync 2 DAGs
[2024-09-02T04:41:05.730+0000] {logging_mixin.py:190} INFO - [2024-09-02T04:41:05.730+0000] {dag.py:4138} INFO - Setting next_dagrun for example_subdag_operator.section-1 to None, run_after=None
[2024-09-02T04:41:05.732+0000] {logging_mixin.py:190} INFO - [2024-09-02T04:41:05.731+0000] {dag.py:4138} INFO - Setting next_dagrun for example_subdag_operator.section-2 to None, run_after=None
[2024-09-02T04:41:05.754+0000] {processor.py:208} INFO - Processing /home/airflow/.local/lib/python3.12/site-packages/airflow/example_dags/example_subdag_operator.py took 0.210 seconds
[2024-09-02T04:41:36.027+0000] {processor.py:186} INFO - Started process (PID=1886) to work on /home/airflow/.local/lib/python3.12/site-packages/airflow/example_dags/example_subdag_operator.py
[2024-09-02T04:41:36.029+0000] {processor.py:914} INFO - Processing file /home/airflow/.local/lib/python3.12/site-packages/airflow/example_dags/example_subdag_operator.py for tasks to queue
[2024-09-02T04:41:36.038+0000] {logging_mixin.py:190} INFO - [2024-09-02T04:41:36.036+0000] {dagbag.py:587} INFO - Filling up the DagBag from /home/airflow/.local/lib/python3.12/site-packages/airflow/example_dags/example_subdag_operator.py
[2024-09-02T04:41:36.125+0000] {processor.py:925} INFO - DAG(s) 'example_subdag_operator.section-1', 'example_subdag_operator.section-2', 'example_subdag_operator' retrieved from /home/airflow/.local/lib/python3.12/site-packages/airflow/example_dags/example_subdag_operator.py
[2024-09-02T04:41:36.176+0000] {logging_mixin.py:190} INFO - [2024-09-02T04:41:36.175+0000] {dag.py:3211} INFO - Sync 3 DAGs
[2024-09-02T04:41:36.257+0000] {logging_mixin.py:190} INFO - [2024-09-02T04:41:36.256+0000] {dag.py:4138} INFO - Setting next_dagrun for example_subdag_operator to 2022-01-01 00:00:00+00:00, run_after=2022-01-01 00:00:00+00:00
[2024-09-02T04:41:36.270+0000] {logging_mixin.py:190} INFO - [2024-09-02T04:41:36.269+0000] {dag.py:4138} INFO - Setting next_dagrun for example_subdag_operator.section-1 to None, run_after=None
[2024-09-02T04:41:36.278+0000] {logging_mixin.py:190} INFO - [2024-09-02T04:41:36.277+0000] {dag.py:4138} INFO - Setting next_dagrun for example_subdag_operator.section-2 to None, run_after=None
[2024-09-02T04:41:36.335+0000] {logging_mixin.py:190} INFO - [2024-09-02T04:41:36.334+0000] {dag.py:3211} INFO - Sync 2 DAGs
[2024-09-02T04:41:36.372+0000] {logging_mixin.py:190} INFO - [2024-09-02T04:41:36.371+0000] {dag.py:4138} INFO - Setting next_dagrun for example_subdag_operator.section-1 to None, run_after=None
[2024-09-02T04:41:36.374+0000] {logging_mixin.py:190} INFO - [2024-09-02T04:41:36.374+0000] {dag.py:4138} INFO - Setting next_dagrun for example_subdag_operator.section-2 to None, run_after=None
[2024-09-02T04:41:36.415+0000] {processor.py:208} INFO - Processing /home/airflow/.local/lib/python3.12/site-packages/airflow/example_dags/example_subdag_operator.py took 0.413 seconds
[2024-09-02T04:42:06.715+0000] {processor.py:186} INFO - Started process (PID=1949) to work on /home/airflow/.local/lib/python3.12/site-packages/airflow/example_dags/example_subdag_operator.py
[2024-09-02T04:42:06.718+0000] {processor.py:914} INFO - Processing file /home/airflow/.local/lib/python3.12/site-packages/airflow/example_dags/example_subdag_operator.py for tasks to queue
[2024-09-02T04:42:06.724+0000] {logging_mixin.py:190} INFO - [2024-09-02T04:42:06.723+0000] {dagbag.py:587} INFO - Filling up the DagBag from /home/airflow/.local/lib/python3.12/site-packages/airflow/example_dags/example_subdag_operator.py
[2024-09-02T04:42:06.780+0000] {processor.py:925} INFO - DAG(s) 'example_subdag_operator.section-1', 'example_subdag_operator.section-2', 'example_subdag_operator' retrieved from /home/airflow/.local/lib/python3.12/site-packages/airflow/example_dags/example_subdag_operator.py
[2024-09-02T04:42:06.813+0000] {logging_mixin.py:190} INFO - [2024-09-02T04:42:06.812+0000] {dag.py:3211} INFO - Sync 3 DAGs
[2024-09-02T04:42:06.890+0000] {logging_mixin.py:190} INFO - [2024-09-02T04:42:06.890+0000] {dag.py:4138} INFO - Setting next_dagrun for example_subdag_operator to 2022-01-01 00:00:00+00:00, run_after=2022-01-01 00:00:00+00:00
[2024-09-02T04:42:06.900+0000] {logging_mixin.py:190} INFO - [2024-09-02T04:42:06.899+0000] {dag.py:4138} INFO - Setting next_dagrun for example_subdag_operator.section-1 to None, run_after=None
[2024-09-02T04:42:06.908+0000] {logging_mixin.py:190} INFO - [2024-09-02T04:42:06.907+0000] {dag.py:4138} INFO - Setting next_dagrun for example_subdag_operator.section-2 to None, run_after=None
[2024-09-02T04:42:06.930+0000] {logging_mixin.py:190} INFO - [2024-09-02T04:42:06.930+0000] {dag.py:3211} INFO - Sync 2 DAGs
[2024-09-02T04:42:06.945+0000] {logging_mixin.py:190} INFO - [2024-09-02T04:42:06.944+0000] {dag.py:4138} INFO - Setting next_dagrun for example_subdag_operator.section-1 to None, run_after=None
[2024-09-02T04:42:06.946+0000] {logging_mixin.py:190} INFO - [2024-09-02T04:42:06.946+0000] {dag.py:4138} INFO - Setting next_dagrun for example_subdag_operator.section-2 to None, run_after=None
[2024-09-02T04:42:06.977+0000] {processor.py:208} INFO - Processing /home/airflow/.local/lib/python3.12/site-packages/airflow/example_dags/example_subdag_operator.py took 0.279 seconds
[2024-09-02T04:42:37.455+0000] {processor.py:186} INFO - Started process (PID=2012) to work on /home/airflow/.local/lib/python3.12/site-packages/airflow/example_dags/example_subdag_operator.py
[2024-09-02T04:42:37.458+0000] {processor.py:914} INFO - Processing file /home/airflow/.local/lib/python3.12/site-packages/airflow/example_dags/example_subdag_operator.py for tasks to queue
[2024-09-02T04:42:37.463+0000] {logging_mixin.py:190} INFO - [2024-09-02T04:42:37.462+0000] {dagbag.py:587} INFO - Filling up the DagBag from /home/airflow/.local/lib/python3.12/site-packages/airflow/example_dags/example_subdag_operator.py
[2024-09-02T04:42:37.514+0000] {processor.py:925} INFO - DAG(s) 'example_subdag_operator.section-1', 'example_subdag_operator.section-2', 'example_subdag_operator' retrieved from /home/airflow/.local/lib/python3.12/site-packages/airflow/example_dags/example_subdag_operator.py
[2024-09-02T04:42:37.550+0000] {logging_mixin.py:190} INFO - [2024-09-02T04:42:37.550+0000] {dag.py:3211} INFO - Sync 3 DAGs
[2024-09-02T04:42:37.601+0000] {logging_mixin.py:190} INFO - [2024-09-02T04:42:37.600+0000] {dag.py:4138} INFO - Setting next_dagrun for example_subdag_operator to 2022-01-01 00:00:00+00:00, run_after=2022-01-01 00:00:00+00:00
[2024-09-02T04:42:37.614+0000] {logging_mixin.py:190} INFO - [2024-09-02T04:42:37.614+0000] {dag.py:4138} INFO - Setting next_dagrun for example_subdag_operator.section-1 to None, run_after=None
[2024-09-02T04:42:37.618+0000] {logging_mixin.py:190} INFO - [2024-09-02T04:42:37.618+0000] {dag.py:4138} INFO - Setting next_dagrun for example_subdag_operator.section-2 to None, run_after=None
[2024-09-02T04:42:37.637+0000] {logging_mixin.py:190} INFO - [2024-09-02T04:42:37.636+0000] {dag.py:3211} INFO - Sync 2 DAGs
[2024-09-02T04:42:37.651+0000] {logging_mixin.py:190} INFO - [2024-09-02T04:42:37.651+0000] {dag.py:4138} INFO - Setting next_dagrun for example_subdag_operator.section-1 to None, run_after=None
[2024-09-02T04:42:37.653+0000] {logging_mixin.py:190} INFO - [2024-09-02T04:42:37.653+0000] {dag.py:4138} INFO - Setting next_dagrun for example_subdag_operator.section-2 to None, run_after=None
[2024-09-02T04:42:37.676+0000] {processor.py:208} INFO - Processing /home/airflow/.local/lib/python3.12/site-packages/airflow/example_dags/example_subdag_operator.py took 0.232 seconds
[2024-09-02T04:43:08.159+0000] {processor.py:186} INFO - Started process (PID=2075) to work on /home/airflow/.local/lib/python3.12/site-packages/airflow/example_dags/example_subdag_operator.py
[2024-09-02T04:43:08.162+0000] {processor.py:914} INFO - Processing file /home/airflow/.local/lib/python3.12/site-packages/airflow/example_dags/example_subdag_operator.py for tasks to queue
[2024-09-02T04:43:08.172+0000] {logging_mixin.py:190} INFO - [2024-09-02T04:43:08.170+0000] {dagbag.py:587} INFO - Filling up the DagBag from /home/airflow/.local/lib/python3.12/site-packages/airflow/example_dags/example_subdag_operator.py
[2024-09-02T04:43:08.249+0000] {processor.py:925} INFO - DAG(s) 'example_subdag_operator.section-1', 'example_subdag_operator.section-2', 'example_subdag_operator' retrieved from /home/airflow/.local/lib/python3.12/site-packages/airflow/example_dags/example_subdag_operator.py
[2024-09-02T04:43:08.288+0000] {logging_mixin.py:190} INFO - [2024-09-02T04:43:08.287+0000] {dag.py:3211} INFO - Sync 3 DAGs
[2024-09-02T04:43:08.465+0000] {logging_mixin.py:190} INFO - [2024-09-02T04:43:08.464+0000] {dag.py:4138} INFO - Setting next_dagrun for example_subdag_operator to 2022-01-01 00:00:00+00:00, run_after=2022-01-01 00:00:00+00:00
[2024-09-02T04:43:08.495+0000] {logging_mixin.py:190} INFO - [2024-09-02T04:43:08.495+0000] {dag.py:4138} INFO - Setting next_dagrun for example_subdag_operator.section-1 to None, run_after=None
[2024-09-02T04:43:08.499+0000] {logging_mixin.py:190} INFO - [2024-09-02T04:43:08.498+0000] {dag.py:4138} INFO - Setting next_dagrun for example_subdag_operator.section-2 to None, run_after=None
[2024-09-02T04:43:08.546+0000] {logging_mixin.py:190} INFO - [2024-09-02T04:43:08.545+0000] {dag.py:3211} INFO - Sync 2 DAGs
[2024-09-02T04:43:08.571+0000] {logging_mixin.py:190} INFO - [2024-09-02T04:43:08.569+0000] {dag.py:4138} INFO - Setting next_dagrun for example_subdag_operator.section-1 to None, run_after=None
[2024-09-02T04:43:08.574+0000] {logging_mixin.py:190} INFO - [2024-09-02T04:43:08.573+0000] {dag.py:4138} INFO - Setting next_dagrun for example_subdag_operator.section-2 to None, run_after=None
[2024-09-02T04:43:08.634+0000] {processor.py:208} INFO - Processing /home/airflow/.local/lib/python3.12/site-packages/airflow/example_dags/example_subdag_operator.py took 0.494 seconds
[2024-09-02T04:43:39.111+0000] {processor.py:186} INFO - Started process (PID=2138) to work on /home/airflow/.local/lib/python3.12/site-packages/airflow/example_dags/example_subdag_operator.py
[2024-09-02T04:43:39.113+0000] {processor.py:914} INFO - Processing file /home/airflow/.local/lib/python3.12/site-packages/airflow/example_dags/example_subdag_operator.py for tasks to queue
[2024-09-02T04:43:39.118+0000] {logging_mixin.py:190} INFO - [2024-09-02T04:43:39.117+0000] {dagbag.py:587} INFO - Filling up the DagBag from /home/airflow/.local/lib/python3.12/site-packages/airflow/example_dags/example_subdag_operator.py
[2024-09-02T04:43:39.169+0000] {processor.py:925} INFO - DAG(s) 'example_subdag_operator.section-1', 'example_subdag_operator.section-2', 'example_subdag_operator' retrieved from /home/airflow/.local/lib/python3.12/site-packages/airflow/example_dags/example_subdag_operator.py
[2024-09-02T04:43:39.201+0000] {logging_mixin.py:190} INFO - [2024-09-02T04:43:39.201+0000] {dag.py:3211} INFO - Sync 3 DAGs
[2024-09-02T04:43:39.251+0000] {logging_mixin.py:190} INFO - [2024-09-02T04:43:39.251+0000] {dag.py:4138} INFO - Setting next_dagrun for example_subdag_operator to 2022-01-01 00:00:00+00:00, run_after=2022-01-01 00:00:00+00:00
[2024-09-02T04:43:39.259+0000] {logging_mixin.py:190} INFO - [2024-09-02T04:43:39.258+0000] {dag.py:4138} INFO - Setting next_dagrun for example_subdag_operator.section-1 to None, run_after=None
[2024-09-02T04:43:39.261+0000] {logging_mixin.py:190} INFO - [2024-09-02T04:43:39.261+0000] {dag.py:4138} INFO - Setting next_dagrun for example_subdag_operator.section-2 to None, run_after=None
[2024-09-02T04:43:39.275+0000] {logging_mixin.py:190} INFO - [2024-09-02T04:43:39.275+0000] {dag.py:3211} INFO - Sync 2 DAGs
[2024-09-02T04:43:39.286+0000] {logging_mixin.py:190} INFO - [2024-09-02T04:43:39.286+0000] {dag.py:4138} INFO - Setting next_dagrun for example_subdag_operator.section-1 to None, run_after=None
[2024-09-02T04:43:39.287+0000] {logging_mixin.py:190} INFO - [2024-09-02T04:43:39.287+0000] {dag.py:4138} INFO - Setting next_dagrun for example_subdag_operator.section-2 to None, run_after=None
[2024-09-02T04:43:39.309+0000] {processor.py:208} INFO - Processing /home/airflow/.local/lib/python3.12/site-packages/airflow/example_dags/example_subdag_operator.py took 0.210 seconds
[2024-09-02T04:44:09.692+0000] {processor.py:186} INFO - Started process (PID=2201) to work on /home/airflow/.local/lib/python3.12/site-packages/airflow/example_dags/example_subdag_operator.py
[2024-09-02T04:44:09.694+0000] {processor.py:914} INFO - Processing file /home/airflow/.local/lib/python3.12/site-packages/airflow/example_dags/example_subdag_operator.py for tasks to queue
[2024-09-02T04:44:09.701+0000] {logging_mixin.py:190} INFO - [2024-09-02T04:44:09.700+0000] {dagbag.py:587} INFO - Filling up the DagBag from /home/airflow/.local/lib/python3.12/site-packages/airflow/example_dags/example_subdag_operator.py
[2024-09-02T04:44:09.756+0000] {processor.py:925} INFO - DAG(s) 'example_subdag_operator.section-1', 'example_subdag_operator.section-2', 'example_subdag_operator' retrieved from /home/airflow/.local/lib/python3.12/site-packages/airflow/example_dags/example_subdag_operator.py
[2024-09-02T04:44:09.791+0000] {logging_mixin.py:190} INFO - [2024-09-02T04:44:09.790+0000] {dag.py:3211} INFO - Sync 3 DAGs
[2024-09-02T04:44:09.844+0000] {logging_mixin.py:190} INFO - [2024-09-02T04:44:09.843+0000] {dag.py:4138} INFO - Setting next_dagrun for example_subdag_operator to 2022-01-01 00:00:00+00:00, run_after=2022-01-01 00:00:00+00:00
[2024-09-02T04:44:09.851+0000] {logging_mixin.py:190} INFO - [2024-09-02T04:44:09.851+0000] {dag.py:4138} INFO - Setting next_dagrun for example_subdag_operator.section-1 to None, run_after=None
[2024-09-02T04:44:09.854+0000] {logging_mixin.py:190} INFO - [2024-09-02T04:44:09.854+0000] {dag.py:4138} INFO - Setting next_dagrun for example_subdag_operator.section-2 to None, run_after=None
[2024-09-02T04:44:09.869+0000] {logging_mixin.py:190} INFO - [2024-09-02T04:44:09.868+0000] {dag.py:3211} INFO - Sync 2 DAGs
[2024-09-02T04:44:09.879+0000] {logging_mixin.py:190} INFO - [2024-09-02T04:44:09.879+0000] {dag.py:4138} INFO - Setting next_dagrun for example_subdag_operator.section-1 to None, run_after=None
[2024-09-02T04:44:09.881+0000] {logging_mixin.py:190} INFO - [2024-09-02T04:44:09.880+0000] {dag.py:4138} INFO - Setting next_dagrun for example_subdag_operator.section-2 to None, run_after=None
[2024-09-02T04:44:09.915+0000] {processor.py:208} INFO - Processing /home/airflow/.local/lib/python3.12/site-packages/airflow/example_dags/example_subdag_operator.py took 0.236 seconds
[2024-09-02T04:44:40.047+0000] {processor.py:186} INFO - Started process (PID=2264) to work on /home/airflow/.local/lib/python3.12/site-packages/airflow/example_dags/example_subdag_operator.py
[2024-09-02T04:44:40.049+0000] {processor.py:914} INFO - Processing file /home/airflow/.local/lib/python3.12/site-packages/airflow/example_dags/example_subdag_operator.py for tasks to queue
[2024-09-02T04:44:40.055+0000] {logging_mixin.py:190} INFO - [2024-09-02T04:44:40.054+0000] {dagbag.py:587} INFO - Filling up the DagBag from /home/airflow/.local/lib/python3.12/site-packages/airflow/example_dags/example_subdag_operator.py
[2024-09-02T04:44:40.113+0000] {processor.py:925} INFO - DAG(s) 'example_subdag_operator.section-1', 'example_subdag_operator.section-2', 'example_subdag_operator' retrieved from /home/airflow/.local/lib/python3.12/site-packages/airflow/example_dags/example_subdag_operator.py
[2024-09-02T04:44:40.147+0000] {logging_mixin.py:190} INFO - [2024-09-02T04:44:40.146+0000] {dag.py:3211} INFO - Sync 3 DAGs
[2024-09-02T04:44:40.192+0000] {logging_mixin.py:190} INFO - [2024-09-02T04:44:40.192+0000] {dag.py:4138} INFO - Setting next_dagrun for example_subdag_operator to 2022-01-01 00:00:00+00:00, run_after=2022-01-01 00:00:00+00:00
[2024-09-02T04:44:40.202+0000] {logging_mixin.py:190} INFO - [2024-09-02T04:44:40.201+0000] {dag.py:4138} INFO - Setting next_dagrun for example_subdag_operator.section-1 to None, run_after=None
[2024-09-02T04:44:40.205+0000] {logging_mixin.py:190} INFO - [2024-09-02T04:44:40.205+0000] {dag.py:4138} INFO - Setting next_dagrun for example_subdag_operator.section-2 to None, run_after=None
[2024-09-02T04:44:40.221+0000] {logging_mixin.py:190} INFO - [2024-09-02T04:44:40.220+0000] {dag.py:3211} INFO - Sync 2 DAGs
[2024-09-02T04:44:40.232+0000] {logging_mixin.py:190} INFO - [2024-09-02T04:44:40.231+0000] {dag.py:4138} INFO - Setting next_dagrun for example_subdag_operator.section-1 to None, run_after=None
[2024-09-02T04:44:40.234+0000] {logging_mixin.py:190} INFO - [2024-09-02T04:44:40.233+0000] {dag.py:4138} INFO - Setting next_dagrun for example_subdag_operator.section-2 to None, run_after=None
[2024-09-02T04:44:40.257+0000] {processor.py:208} INFO - Processing /home/airflow/.local/lib/python3.12/site-packages/airflow/example_dags/example_subdag_operator.py took 0.223 seconds
[2024-09-02T04:45:10.997+0000] {processor.py:186} INFO - Started process (PID=2327) to work on /home/airflow/.local/lib/python3.12/site-packages/airflow/example_dags/example_subdag_operator.py
[2024-09-02T04:45:10.999+0000] {processor.py:914} INFO - Processing file /home/airflow/.local/lib/python3.12/site-packages/airflow/example_dags/example_subdag_operator.py for tasks to queue
[2024-09-02T04:45:11.004+0000] {logging_mixin.py:190} INFO - [2024-09-02T04:45:11.003+0000] {dagbag.py:587} INFO - Filling up the DagBag from /home/airflow/.local/lib/python3.12/site-packages/airflow/example_dags/example_subdag_operator.py
[2024-09-02T04:45:11.066+0000] {processor.py:925} INFO - DAG(s) 'example_subdag_operator.section-1', 'example_subdag_operator.section-2', 'example_subdag_operator' retrieved from /home/airflow/.local/lib/python3.12/site-packages/airflow/example_dags/example_subdag_operator.py
[2024-09-02T04:45:11.099+0000] {logging_mixin.py:190} INFO - [2024-09-02T04:45:11.098+0000] {dag.py:3211} INFO - Sync 3 DAGs
[2024-09-02T04:45:11.156+0000] {logging_mixin.py:190} INFO - [2024-09-02T04:45:11.155+0000] {dag.py:4138} INFO - Setting next_dagrun for example_subdag_operator to 2022-01-01 00:00:00+00:00, run_after=2022-01-01 00:00:00+00:00
[2024-09-02T04:45:11.163+0000] {logging_mixin.py:190} INFO - [2024-09-02T04:45:11.163+0000] {dag.py:4138} INFO - Setting next_dagrun for example_subdag_operator.section-1 to None, run_after=None
[2024-09-02T04:45:11.167+0000] {logging_mixin.py:190} INFO - [2024-09-02T04:45:11.166+0000] {dag.py:4138} INFO - Setting next_dagrun for example_subdag_operator.section-2 to None, run_after=None
[2024-09-02T04:45:11.183+0000] {logging_mixin.py:190} INFO - [2024-09-02T04:45:11.183+0000] {dag.py:3211} INFO - Sync 2 DAGs
[2024-09-02T04:45:11.194+0000] {logging_mixin.py:190} INFO - [2024-09-02T04:45:11.193+0000] {dag.py:4138} INFO - Setting next_dagrun for example_subdag_operator.section-1 to None, run_after=None
[2024-09-02T04:45:11.195+0000] {logging_mixin.py:190} INFO - [2024-09-02T04:45:11.194+0000] {dag.py:4138} INFO - Setting next_dagrun for example_subdag_operator.section-2 to None, run_after=None
[2024-09-02T04:45:11.216+0000] {processor.py:208} INFO - Processing /home/airflow/.local/lib/python3.12/site-packages/airflow/example_dags/example_subdag_operator.py took 0.231 seconds
[2024-09-02T04:45:41.489+0000] {processor.py:186} INFO - Started process (PID=2390) to work on /home/airflow/.local/lib/python3.12/site-packages/airflow/example_dags/example_subdag_operator.py
[2024-09-02T04:45:41.492+0000] {processor.py:914} INFO - Processing file /home/airflow/.local/lib/python3.12/site-packages/airflow/example_dags/example_subdag_operator.py for tasks to queue
[2024-09-02T04:45:41.497+0000] {logging_mixin.py:190} INFO - [2024-09-02T04:45:41.496+0000] {dagbag.py:587} INFO - Filling up the DagBag from /home/airflow/.local/lib/python3.12/site-packages/airflow/example_dags/example_subdag_operator.py
[2024-09-02T04:45:41.547+0000] {processor.py:925} INFO - DAG(s) 'example_subdag_operator.section-1', 'example_subdag_operator.section-2', 'example_subdag_operator' retrieved from /home/airflow/.local/lib/python3.12/site-packages/airflow/example_dags/example_subdag_operator.py
[2024-09-02T04:45:41.579+0000] {logging_mixin.py:190} INFO - [2024-09-02T04:45:41.578+0000] {dag.py:3211} INFO - Sync 3 DAGs
[2024-09-02T04:45:41.632+0000] {logging_mixin.py:190} INFO - [2024-09-02T04:45:41.631+0000] {dag.py:4138} INFO - Setting next_dagrun for example_subdag_operator to 2022-01-01 00:00:00+00:00, run_after=2022-01-01 00:00:00+00:00
[2024-09-02T04:45:41.639+0000] {logging_mixin.py:190} INFO - [2024-09-02T04:45:41.639+0000] {dag.py:4138} INFO - Setting next_dagrun for example_subdag_operator.section-1 to None, run_after=None
[2024-09-02T04:45:41.642+0000] {logging_mixin.py:190} INFO - [2024-09-02T04:45:41.642+0000] {dag.py:4138} INFO - Setting next_dagrun for example_subdag_operator.section-2 to None, run_after=None
[2024-09-02T04:45:41.656+0000] {logging_mixin.py:190} INFO - [2024-09-02T04:45:41.656+0000] {dag.py:3211} INFO - Sync 2 DAGs
[2024-09-02T04:45:41.666+0000] {logging_mixin.py:190} INFO - [2024-09-02T04:45:41.666+0000] {dag.py:4138} INFO - Setting next_dagrun for example_subdag_operator.section-1 to None, run_after=None
[2024-09-02T04:45:41.667+0000] {logging_mixin.py:190} INFO - [2024-09-02T04:45:41.667+0000] {dag.py:4138} INFO - Setting next_dagrun for example_subdag_operator.section-2 to None, run_after=None
[2024-09-02T04:45:41.688+0000] {processor.py:208} INFO - Processing /home/airflow/.local/lib/python3.12/site-packages/airflow/example_dags/example_subdag_operator.py took 0.211 seconds
[2024-09-02T04:46:11.788+0000] {processor.py:186} INFO - Started process (PID=2454) to work on /home/airflow/.local/lib/python3.12/site-packages/airflow/example_dags/example_subdag_operator.py
[2024-09-02T04:46:11.790+0000] {processor.py:914} INFO - Processing file /home/airflow/.local/lib/python3.12/site-packages/airflow/example_dags/example_subdag_operator.py for tasks to queue
[2024-09-02T04:46:11.795+0000] {logging_mixin.py:190} INFO - [2024-09-02T04:46:11.795+0000] {dagbag.py:587} INFO - Filling up the DagBag from /home/airflow/.local/lib/python3.12/site-packages/airflow/example_dags/example_subdag_operator.py
[2024-09-02T04:46:11.841+0000] {processor.py:925} INFO - DAG(s) 'example_subdag_operator.section-1', 'example_subdag_operator.section-2', 'example_subdag_operator' retrieved from /home/airflow/.local/lib/python3.12/site-packages/airflow/example_dags/example_subdag_operator.py
[2024-09-02T04:46:11.868+0000] {logging_mixin.py:190} INFO - [2024-09-02T04:46:11.867+0000] {dag.py:3211} INFO - Sync 3 DAGs
[2024-09-02T04:46:11.912+0000] {logging_mixin.py:190} INFO - [2024-09-02T04:46:11.912+0000] {dag.py:4138} INFO - Setting next_dagrun for example_subdag_operator to 2022-01-01 00:00:00+00:00, run_after=2022-01-01 00:00:00+00:00
[2024-09-02T04:46:11.919+0000] {logging_mixin.py:190} INFO - [2024-09-02T04:46:11.919+0000] {dag.py:4138} INFO - Setting next_dagrun for example_subdag_operator.section-1 to None, run_after=None
[2024-09-02T04:46:11.922+0000] {logging_mixin.py:190} INFO - [2024-09-02T04:46:11.922+0000] {dag.py:4138} INFO - Setting next_dagrun for example_subdag_operator.section-2 to None, run_after=None
[2024-09-02T04:46:11.936+0000] {logging_mixin.py:190} INFO - [2024-09-02T04:46:11.936+0000] {dag.py:3211} INFO - Sync 2 DAGs
[2024-09-02T04:46:11.948+0000] {logging_mixin.py:190} INFO - [2024-09-02T04:46:11.948+0000] {dag.py:4138} INFO - Setting next_dagrun for example_subdag_operator.section-1 to None, run_after=None
[2024-09-02T04:46:11.950+0000] {logging_mixin.py:190} INFO - [2024-09-02T04:46:11.949+0000] {dag.py:4138} INFO - Setting next_dagrun for example_subdag_operator.section-2 to None, run_after=None
[2024-09-02T04:46:11.975+0000] {processor.py:208} INFO - Processing /home/airflow/.local/lib/python3.12/site-packages/airflow/example_dags/example_subdag_operator.py took 0.199 seconds
[2024-09-02T04:46:42.356+0000] {processor.py:186} INFO - Started process (PID=2524) to work on /home/airflow/.local/lib/python3.12/site-packages/airflow/example_dags/example_subdag_operator.py
[2024-09-02T04:46:42.358+0000] {processor.py:914} INFO - Processing file /home/airflow/.local/lib/python3.12/site-packages/airflow/example_dags/example_subdag_operator.py for tasks to queue
[2024-09-02T04:46:42.363+0000] {logging_mixin.py:190} INFO - [2024-09-02T04:46:42.363+0000] {dagbag.py:587} INFO - Filling up the DagBag from /home/airflow/.local/lib/python3.12/site-packages/airflow/example_dags/example_subdag_operator.py
[2024-09-02T04:46:42.413+0000] {processor.py:925} INFO - DAG(s) 'example_subdag_operator.section-1', 'example_subdag_operator.section-2', 'example_subdag_operator' retrieved from /home/airflow/.local/lib/python3.12/site-packages/airflow/example_dags/example_subdag_operator.py
[2024-09-02T04:46:42.443+0000] {logging_mixin.py:190} INFO - [2024-09-02T04:46:42.443+0000] {dag.py:3211} INFO - Sync 3 DAGs
[2024-09-02T04:46:42.488+0000] {logging_mixin.py:190} INFO - [2024-09-02T04:46:42.487+0000] {dag.py:4138} INFO - Setting next_dagrun for example_subdag_operator to 2022-01-01 00:00:00+00:00, run_after=2022-01-01 00:00:00+00:00
[2024-09-02T04:46:42.496+0000] {logging_mixin.py:190} INFO - [2024-09-02T04:46:42.495+0000] {dag.py:4138} INFO - Setting next_dagrun for example_subdag_operator.section-1 to None, run_after=None
[2024-09-02T04:46:42.498+0000] {logging_mixin.py:190} INFO - [2024-09-02T04:46:42.498+0000] {dag.py:4138} INFO - Setting next_dagrun for example_subdag_operator.section-2 to None, run_after=None
[2024-09-02T04:46:42.511+0000] {logging_mixin.py:190} INFO - [2024-09-02T04:46:42.511+0000] {dag.py:3211} INFO - Sync 2 DAGs
[2024-09-02T04:46:42.521+0000] {logging_mixin.py:190} INFO - [2024-09-02T04:46:42.520+0000] {dag.py:4138} INFO - Setting next_dagrun for example_subdag_operator.section-1 to None, run_after=None
[2024-09-02T04:46:42.523+0000] {logging_mixin.py:190} INFO - [2024-09-02T04:46:42.522+0000] {dag.py:4138} INFO - Setting next_dagrun for example_subdag_operator.section-2 to None, run_after=None
[2024-09-02T04:46:42.541+0000] {processor.py:208} INFO - Processing /home/airflow/.local/lib/python3.12/site-packages/airflow/example_dags/example_subdag_operator.py took 0.197 seconds
