[2024-09-02T04:13:52.137+0000] {processor.py:186} INFO - Started process (PID=106) to work on /home/airflow/.local/lib/python3.12/site-packages/airflow/example_dags/example_outlet_event_extra.py
[2024-09-02T04:13:52.140+0000] {processor.py:914} INFO - Processing file /home/airflow/.local/lib/python3.12/site-packages/airflow/example_dags/example_outlet_event_extra.py for tasks to queue
[2024-09-02T04:13:52.152+0000] {logging_mixin.py:190} INFO - [2024-09-02T04:13:52.151+0000] {dagbag.py:587} INFO - Filling up the DagBag from /home/airflow/.local/lib/python3.12/site-packages/airflow/example_dags/example_outlet_event_extra.py
[2024-09-02T04:13:53.899+0000] {processor.py:925} INFO - DAG(s) 'dataset_with_extra_from_classic_operator', 'dataset_with_extra_by_yield', 'dataset_with_extra_by_context' retrieved from /home/airflow/.local/lib/python3.12/site-packages/airflow/example_dags/example_outlet_event_extra.py
[2024-09-02T04:13:54.251+0000] {logging_mixin.py:190} INFO - [2024-09-02T04:13:54.249+0000] {override.py:1858} INFO - Created Permission View: can read on DAG:dataset_with_extra_from_classic_operator
[2024-09-02T04:13:54.310+0000] {logging_mixin.py:190} INFO - [2024-09-02T04:13:54.309+0000] {override.py:1858} INFO - Created Permission View: can delete on DAG:dataset_with_extra_from_classic_operator
[2024-09-02T04:13:54.371+0000] {logging_mixin.py:190} INFO - [2024-09-02T04:13:54.370+0000] {override.py:1858} INFO - Created Permission View: can edit on DAG:dataset_with_extra_from_classic_operator
[2024-09-02T04:13:54.452+0000] {logging_mixin.py:190} INFO - [2024-09-02T04:13:54.451+0000] {override.py:1858} INFO - Created Permission View: can read on DAG:dataset_with_extra_by_yield
[2024-09-02T04:13:54.495+0000] {logging_mixin.py:190} INFO - [2024-09-02T04:13:54.494+0000] {override.py:1858} INFO - Created Permission View: can delete on DAG:dataset_with_extra_by_yield
[2024-09-02T04:13:54.538+0000] {logging_mixin.py:190} INFO - [2024-09-02T04:13:54.537+0000] {override.py:1858} INFO - Created Permission View: can edit on DAG:dataset_with_extra_by_yield
[2024-09-02T04:13:54.601+0000] {logging_mixin.py:190} INFO - [2024-09-02T04:13:54.600+0000] {override.py:1858} INFO - Created Permission View: can read on DAG:dataset_with_extra_by_context
[2024-09-02T04:13:54.674+0000] {logging_mixin.py:190} INFO - [2024-09-02T04:13:54.667+0000] {override.py:1858} INFO - Created Permission View: can delete on DAG:dataset_with_extra_by_context
[2024-09-02T04:13:54.730+0000] {logging_mixin.py:190} INFO - [2024-09-02T04:13:54.730+0000] {override.py:1858} INFO - Created Permission View: can edit on DAG:dataset_with_extra_by_context
[2024-09-02T04:13:54.733+0000] {logging_mixin.py:190} INFO - [2024-09-02T04:13:54.732+0000] {dag.py:3211} INFO - Sync 3 DAGs
[2024-09-02T04:13:54.785+0000] {logging_mixin.py:190} INFO - [2024-09-02T04:13:54.784+0000] {dag.py:3234} INFO - Creating ORM DAG for dataset_with_extra_from_classic_operator
[2024-09-02T04:13:54.788+0000] {logging_mixin.py:190} INFO - [2024-09-02T04:13:54.787+0000] {dag.py:3234} INFO - Creating ORM DAG for dataset_with_extra_by_yield
[2024-09-02T04:13:54.790+0000] {logging_mixin.py:190} INFO - [2024-09-02T04:13:54.790+0000] {dag.py:3234} INFO - Creating ORM DAG for dataset_with_extra_by_context
[2024-09-02T04:13:54.818+0000] {logging_mixin.py:190} INFO - [2024-09-02T04:13:54.818+0000] {dag.py:4138} INFO - Setting next_dagrun for dataset_with_extra_by_context to 2024-09-01 00:00:00+00:00, run_after=2024-09-02 00:00:00+00:00
[2024-09-02T04:13:54.824+0000] {logging_mixin.py:190} INFO - [2024-09-02T04:13:54.824+0000] {dag.py:4138} INFO - Setting next_dagrun for dataset_with_extra_by_yield to 2024-09-01 00:00:00+00:00, run_after=2024-09-02 00:00:00+00:00
[2024-09-02T04:13:54.831+0000] {logging_mixin.py:190} INFO - [2024-09-02T04:13:54.830+0000] {dag.py:4138} INFO - Setting next_dagrun for dataset_with_extra_from_classic_operator to 2024-09-01 00:00:00+00:00, run_after=2024-09-02 00:00:00+00:00
[2024-09-02T04:13:54.900+0000] {processor.py:208} INFO - Processing /home/airflow/.local/lib/python3.12/site-packages/airflow/example_dags/example_outlet_event_extra.py took 2.801 seconds
[2024-09-02T04:14:25.240+0000] {processor.py:186} INFO - Started process (PID=171) to work on /home/airflow/.local/lib/python3.12/site-packages/airflow/example_dags/example_outlet_event_extra.py
[2024-09-02T04:14:25.243+0000] {processor.py:914} INFO - Processing file /home/airflow/.local/lib/python3.12/site-packages/airflow/example_dags/example_outlet_event_extra.py for tasks to queue
[2024-09-02T04:14:25.251+0000] {logging_mixin.py:190} INFO - [2024-09-02T04:14:25.250+0000] {dagbag.py:587} INFO - Filling up the DagBag from /home/airflow/.local/lib/python3.12/site-packages/airflow/example_dags/example_outlet_event_extra.py
[2024-09-02T04:14:25.544+0000] {processor.py:925} INFO - DAG(s) 'dataset_with_extra_by_context', 'dataset_with_extra_by_yield', 'dataset_with_extra_from_classic_operator' retrieved from /home/airflow/.local/lib/python3.12/site-packages/airflow/example_dags/example_outlet_event_extra.py
[2024-09-02T04:14:25.591+0000] {logging_mixin.py:190} INFO - [2024-09-02T04:14:25.591+0000] {dag.py:3211} INFO - Sync 3 DAGs
[2024-09-02T04:14:25.638+0000] {logging_mixin.py:190} INFO - [2024-09-02T04:14:25.637+0000] {dag.py:4138} INFO - Setting next_dagrun for dataset_with_extra_by_context to 2024-09-01 00:00:00+00:00, run_after=2024-09-02 00:00:00+00:00
[2024-09-02T04:14:25.647+0000] {logging_mixin.py:190} INFO - [2024-09-02T04:14:25.647+0000] {dag.py:4138} INFO - Setting next_dagrun for dataset_with_extra_by_yield to 2024-09-01 00:00:00+00:00, run_after=2024-09-02 00:00:00+00:00
[2024-09-02T04:14:25.653+0000] {logging_mixin.py:190} INFO - [2024-09-02T04:14:25.652+0000] {dag.py:4138} INFO - Setting next_dagrun for dataset_with_extra_from_classic_operator to 2024-09-01 00:00:00+00:00, run_after=2024-09-02 00:00:00+00:00
[2024-09-02T04:14:25.690+0000] {processor.py:208} INFO - Processing /home/airflow/.local/lib/python3.12/site-packages/airflow/example_dags/example_outlet_event_extra.py took 0.465 seconds
[2024-09-02T04:14:55.968+0000] {processor.py:186} INFO - Started process (PID=235) to work on /home/airflow/.local/lib/python3.12/site-packages/airflow/example_dags/example_outlet_event_extra.py
[2024-09-02T04:14:55.970+0000] {processor.py:914} INFO - Processing file /home/airflow/.local/lib/python3.12/site-packages/airflow/example_dags/example_outlet_event_extra.py for tasks to queue
[2024-09-02T04:14:55.977+0000] {logging_mixin.py:190} INFO - [2024-09-02T04:14:55.977+0000] {dagbag.py:587} INFO - Filling up the DagBag from /home/airflow/.local/lib/python3.12/site-packages/airflow/example_dags/example_outlet_event_extra.py
[2024-09-02T04:14:56.320+0000] {processor.py:925} INFO - DAG(s) 'dataset_with_extra_by_yield', 'dataset_with_extra_from_classic_operator', 'dataset_with_extra_by_context' retrieved from /home/airflow/.local/lib/python3.12/site-packages/airflow/example_dags/example_outlet_event_extra.py
[2024-09-02T04:14:56.390+0000] {logging_mixin.py:190} INFO - [2024-09-02T04:14:56.389+0000] {dag.py:3211} INFO - Sync 3 DAGs
[2024-09-02T04:14:56.472+0000] {logging_mixin.py:190} INFO - [2024-09-02T04:14:56.472+0000] {dag.py:4138} INFO - Setting next_dagrun for dataset_with_extra_by_context to 2024-09-01 00:00:00+00:00, run_after=2024-09-02 00:00:00+00:00
[2024-09-02T04:14:56.493+0000] {logging_mixin.py:190} INFO - [2024-09-02T04:14:56.493+0000] {dag.py:4138} INFO - Setting next_dagrun for dataset_with_extra_by_yield to 2024-09-01 00:00:00+00:00, run_after=2024-09-02 00:00:00+00:00
[2024-09-02T04:14:56.507+0000] {logging_mixin.py:190} INFO - [2024-09-02T04:14:56.507+0000] {dag.py:4138} INFO - Setting next_dagrun for dataset_with_extra_from_classic_operator to 2024-09-01 00:00:00+00:00, run_after=2024-09-02 00:00:00+00:00
[2024-09-02T04:14:56.571+0000] {processor.py:208} INFO - Processing /home/airflow/.local/lib/python3.12/site-packages/airflow/example_dags/example_outlet_event_extra.py took 0.619 seconds
[2024-09-02T04:15:27.357+0000] {processor.py:186} INFO - Started process (PID=298) to work on /home/airflow/.local/lib/python3.12/site-packages/airflow/example_dags/example_outlet_event_extra.py
[2024-09-02T04:15:27.360+0000] {processor.py:914} INFO - Processing file /home/airflow/.local/lib/python3.12/site-packages/airflow/example_dags/example_outlet_event_extra.py for tasks to queue
[2024-09-02T04:15:27.374+0000] {logging_mixin.py:190} INFO - [2024-09-02T04:15:27.373+0000] {dagbag.py:587} INFO - Filling up the DagBag from /home/airflow/.local/lib/python3.12/site-packages/airflow/example_dags/example_outlet_event_extra.py
[2024-09-02T04:15:27.844+0000] {processor.py:925} INFO - DAG(s) 'dataset_with_extra_from_classic_operator', 'dataset_with_extra_by_context', 'dataset_with_extra_by_yield' retrieved from /home/airflow/.local/lib/python3.12/site-packages/airflow/example_dags/example_outlet_event_extra.py
[2024-09-02T04:15:27.901+0000] {logging_mixin.py:190} INFO - [2024-09-02T04:15:27.901+0000] {dag.py:3211} INFO - Sync 3 DAGs
[2024-09-02T04:15:27.965+0000] {logging_mixin.py:190} INFO - [2024-09-02T04:15:27.965+0000] {dag.py:4138} INFO - Setting next_dagrun for dataset_with_extra_by_context to 2024-09-01 00:00:00+00:00, run_after=2024-09-02 00:00:00+00:00
[2024-09-02T04:15:27.977+0000] {logging_mixin.py:190} INFO - [2024-09-02T04:15:27.976+0000] {dag.py:4138} INFO - Setting next_dagrun for dataset_with_extra_by_yield to 2024-09-01 00:00:00+00:00, run_after=2024-09-02 00:00:00+00:00
[2024-09-02T04:15:27.983+0000] {logging_mixin.py:190} INFO - [2024-09-02T04:15:27.983+0000] {dag.py:4138} INFO - Setting next_dagrun for dataset_with_extra_from_classic_operator to 2024-09-01 00:00:00+00:00, run_after=2024-09-02 00:00:00+00:00
[2024-09-02T04:15:28.032+0000] {processor.py:208} INFO - Processing /home/airflow/.local/lib/python3.12/site-packages/airflow/example_dags/example_outlet_event_extra.py took 0.693 seconds
[2024-09-02T04:15:58.233+0000] {processor.py:186} INFO - Started process (PID=362) to work on /home/airflow/.local/lib/python3.12/site-packages/airflow/example_dags/example_outlet_event_extra.py
[2024-09-02T04:15:58.235+0000] {processor.py:914} INFO - Processing file /home/airflow/.local/lib/python3.12/site-packages/airflow/example_dags/example_outlet_event_extra.py for tasks to queue
[2024-09-02T04:15:58.241+0000] {logging_mixin.py:190} INFO - [2024-09-02T04:15:58.240+0000] {dagbag.py:587} INFO - Filling up the DagBag from /home/airflow/.local/lib/python3.12/site-packages/airflow/example_dags/example_outlet_event_extra.py
[2024-09-02T04:15:58.538+0000] {processor.py:925} INFO - DAG(s) 'dataset_with_extra_by_context', 'dataset_with_extra_from_classic_operator', 'dataset_with_extra_by_yield' retrieved from /home/airflow/.local/lib/python3.12/site-packages/airflow/example_dags/example_outlet_event_extra.py
[2024-09-02T04:15:58.597+0000] {logging_mixin.py:190} INFO - [2024-09-02T04:15:58.597+0000] {dag.py:3211} INFO - Sync 3 DAGs
[2024-09-02T04:15:58.658+0000] {logging_mixin.py:190} INFO - [2024-09-02T04:15:58.657+0000] {dag.py:4138} INFO - Setting next_dagrun for dataset_with_extra_by_context to 2024-09-01 00:00:00+00:00, run_after=2024-09-02 00:00:00+00:00
[2024-09-02T04:15:58.667+0000] {logging_mixin.py:190} INFO - [2024-09-02T04:15:58.667+0000] {dag.py:4138} INFO - Setting next_dagrun for dataset_with_extra_by_yield to 2024-09-01 00:00:00+00:00, run_after=2024-09-02 00:00:00+00:00
[2024-09-02T04:15:58.672+0000] {logging_mixin.py:190} INFO - [2024-09-02T04:15:58.672+0000] {dag.py:4138} INFO - Setting next_dagrun for dataset_with_extra_from_classic_operator to 2024-09-01 00:00:00+00:00, run_after=2024-09-02 00:00:00+00:00
[2024-09-02T04:15:58.716+0000] {processor.py:208} INFO - Processing /home/airflow/.local/lib/python3.12/site-packages/airflow/example_dags/example_outlet_event_extra.py took 0.497 seconds
[2024-09-02T04:16:28.988+0000] {processor.py:186} INFO - Started process (PID=427) to work on /home/airflow/.local/lib/python3.12/site-packages/airflow/example_dags/example_outlet_event_extra.py
[2024-09-02T04:16:28.990+0000] {processor.py:914} INFO - Processing file /home/airflow/.local/lib/python3.12/site-packages/airflow/example_dags/example_outlet_event_extra.py for tasks to queue
[2024-09-02T04:16:28.995+0000] {logging_mixin.py:190} INFO - [2024-09-02T04:16:28.995+0000] {dagbag.py:587} INFO - Filling up the DagBag from /home/airflow/.local/lib/python3.12/site-packages/airflow/example_dags/example_outlet_event_extra.py
[2024-09-02T04:16:29.264+0000] {processor.py:925} INFO - DAG(s) 'dataset_with_extra_by_yield', 'dataset_with_extra_by_context', 'dataset_with_extra_from_classic_operator' retrieved from /home/airflow/.local/lib/python3.12/site-packages/airflow/example_dags/example_outlet_event_extra.py
[2024-09-02T04:16:29.314+0000] {logging_mixin.py:190} INFO - [2024-09-02T04:16:29.313+0000] {dag.py:3211} INFO - Sync 3 DAGs
[2024-09-02T04:16:29.364+0000] {logging_mixin.py:190} INFO - [2024-09-02T04:16:29.363+0000] {dag.py:4138} INFO - Setting next_dagrun for dataset_with_extra_by_context to 2024-09-01 00:00:00+00:00, run_after=2024-09-02 00:00:00+00:00
[2024-09-02T04:16:29.373+0000] {logging_mixin.py:190} INFO - [2024-09-02T04:16:29.372+0000] {dag.py:4138} INFO - Setting next_dagrun for dataset_with_extra_by_yield to 2024-09-01 00:00:00+00:00, run_after=2024-09-02 00:00:00+00:00
[2024-09-02T04:16:29.377+0000] {logging_mixin.py:190} INFO - [2024-09-02T04:16:29.377+0000] {dag.py:4138} INFO - Setting next_dagrun for dataset_with_extra_from_classic_operator to 2024-09-01 00:00:00+00:00, run_after=2024-09-02 00:00:00+00:00
[2024-09-02T04:16:29.414+0000] {processor.py:208} INFO - Processing /home/airflow/.local/lib/python3.12/site-packages/airflow/example_dags/example_outlet_event_extra.py took 0.438 seconds
[2024-09-02T04:16:59.602+0000] {processor.py:186} INFO - Started process (PID=490) to work on /home/airflow/.local/lib/python3.12/site-packages/airflow/example_dags/example_outlet_event_extra.py
[2024-09-02T04:16:59.610+0000] {processor.py:914} INFO - Processing file /home/airflow/.local/lib/python3.12/site-packages/airflow/example_dags/example_outlet_event_extra.py for tasks to queue
[2024-09-02T04:16:59.621+0000] {logging_mixin.py:190} INFO - [2024-09-02T04:16:59.619+0000] {dagbag.py:587} INFO - Filling up the DagBag from /home/airflow/.local/lib/python3.12/site-packages/airflow/example_dags/example_outlet_event_extra.py
[2024-09-02T04:16:59.991+0000] {processor.py:925} INFO - DAG(s) 'dataset_with_extra_from_classic_operator', 'dataset_with_extra_by_context', 'dataset_with_extra_by_yield' retrieved from /home/airflow/.local/lib/python3.12/site-packages/airflow/example_dags/example_outlet_event_extra.py
[2024-09-02T04:17:00.103+0000] {logging_mixin.py:190} INFO - [2024-09-02T04:17:00.102+0000] {dag.py:3211} INFO - Sync 3 DAGs
[2024-09-02T04:17:00.230+0000] {logging_mixin.py:190} INFO - [2024-09-02T04:17:00.230+0000] {dag.py:4138} INFO - Setting next_dagrun for dataset_with_extra_by_context to 2024-09-01 00:00:00+00:00, run_after=2024-09-02 00:00:00+00:00
[2024-09-02T04:17:00.241+0000] {logging_mixin.py:190} INFO - [2024-09-02T04:17:00.240+0000] {dag.py:4138} INFO - Setting next_dagrun for dataset_with_extra_by_yield to 2024-09-01 00:00:00+00:00, run_after=2024-09-02 00:00:00+00:00
[2024-09-02T04:17:00.247+0000] {logging_mixin.py:190} INFO - [2024-09-02T04:17:00.246+0000] {dag.py:4138} INFO - Setting next_dagrun for dataset_with_extra_from_classic_operator to 2024-09-01 00:00:00+00:00, run_after=2024-09-02 00:00:00+00:00
[2024-09-02T04:17:00.314+0000] {processor.py:208} INFO - Processing /home/airflow/.local/lib/python3.12/site-packages/airflow/example_dags/example_outlet_event_extra.py took 0.728 seconds
[2024-09-02T04:17:30.715+0000] {processor.py:186} INFO - Started process (PID=553) to work on /home/airflow/.local/lib/python3.12/site-packages/airflow/example_dags/example_outlet_event_extra.py
[2024-09-02T04:17:30.717+0000] {processor.py:914} INFO - Processing file /home/airflow/.local/lib/python3.12/site-packages/airflow/example_dags/example_outlet_event_extra.py for tasks to queue
[2024-09-02T04:17:30.728+0000] {logging_mixin.py:190} INFO - [2024-09-02T04:17:30.727+0000] {dagbag.py:587} INFO - Filling up the DagBag from /home/airflow/.local/lib/python3.12/site-packages/airflow/example_dags/example_outlet_event_extra.py
[2024-09-02T04:17:31.013+0000] {processor.py:925} INFO - DAG(s) 'dataset_with_extra_by_context', 'dataset_with_extra_by_yield', 'dataset_with_extra_from_classic_operator' retrieved from /home/airflow/.local/lib/python3.12/site-packages/airflow/example_dags/example_outlet_event_extra.py
[2024-09-02T04:17:31.060+0000] {logging_mixin.py:190} INFO - [2024-09-02T04:17:31.060+0000] {dag.py:3211} INFO - Sync 3 DAGs
[2024-09-02T04:17:31.111+0000] {logging_mixin.py:190} INFO - [2024-09-02T04:17:31.111+0000] {dag.py:4138} INFO - Setting next_dagrun for dataset_with_extra_by_context to 2024-09-01 00:00:00+00:00, run_after=2024-09-02 00:00:00+00:00
[2024-09-02T04:17:31.122+0000] {logging_mixin.py:190} INFO - [2024-09-02T04:17:31.121+0000] {dag.py:4138} INFO - Setting next_dagrun for dataset_with_extra_by_yield to 2024-09-01 00:00:00+00:00, run_after=2024-09-02 00:00:00+00:00
[2024-09-02T04:17:31.126+0000] {logging_mixin.py:190} INFO - [2024-09-02T04:17:31.126+0000] {dag.py:4138} INFO - Setting next_dagrun for dataset_with_extra_from_classic_operator to 2024-09-01 00:00:00+00:00, run_after=2024-09-02 00:00:00+00:00
[2024-09-02T04:17:31.166+0000] {processor.py:208} INFO - Processing /home/airflow/.local/lib/python3.12/site-packages/airflow/example_dags/example_outlet_event_extra.py took 0.470 seconds
[2024-09-02T04:18:01.474+0000] {processor.py:186} INFO - Started process (PID=616) to work on /home/airflow/.local/lib/python3.12/site-packages/airflow/example_dags/example_outlet_event_extra.py
[2024-09-02T04:18:01.476+0000] {processor.py:914} INFO - Processing file /home/airflow/.local/lib/python3.12/site-packages/airflow/example_dags/example_outlet_event_extra.py for tasks to queue
[2024-09-02T04:18:01.482+0000] {logging_mixin.py:190} INFO - [2024-09-02T04:18:01.481+0000] {dagbag.py:587} INFO - Filling up the DagBag from /home/airflow/.local/lib/python3.12/site-packages/airflow/example_dags/example_outlet_event_extra.py
[2024-09-02T04:18:01.857+0000] {processor.py:925} INFO - DAG(s) 'dataset_with_extra_from_classic_operator', 'dataset_with_extra_by_context', 'dataset_with_extra_by_yield' retrieved from /home/airflow/.local/lib/python3.12/site-packages/airflow/example_dags/example_outlet_event_extra.py
[2024-09-02T04:18:01.913+0000] {logging_mixin.py:190} INFO - [2024-09-02T04:18:01.913+0000] {dag.py:3211} INFO - Sync 3 DAGs
[2024-09-02T04:18:01.982+0000] {logging_mixin.py:190} INFO - [2024-09-02T04:18:01.980+0000] {dag.py:4138} INFO - Setting next_dagrun for dataset_with_extra_by_context to 2024-09-01 00:00:00+00:00, run_after=2024-09-02 00:00:00+00:00
[2024-09-02T04:18:01.995+0000] {logging_mixin.py:190} INFO - [2024-09-02T04:18:01.994+0000] {dag.py:4138} INFO - Setting next_dagrun for dataset_with_extra_by_yield to 2024-09-01 00:00:00+00:00, run_after=2024-09-02 00:00:00+00:00
[2024-09-02T04:18:02.003+0000] {logging_mixin.py:190} INFO - [2024-09-02T04:18:02.002+0000] {dag.py:4138} INFO - Setting next_dagrun for dataset_with_extra_from_classic_operator to 2024-09-01 00:00:00+00:00, run_after=2024-09-02 00:00:00+00:00
[2024-09-02T04:18:02.058+0000] {processor.py:208} INFO - Processing /home/airflow/.local/lib/python3.12/site-packages/airflow/example_dags/example_outlet_event_extra.py took 0.598 seconds
[2024-09-02T04:18:33.130+0000] {processor.py:186} INFO - Started process (PID=680) to work on /home/airflow/.local/lib/python3.12/site-packages/airflow/example_dags/example_outlet_event_extra.py
[2024-09-02T04:18:33.132+0000] {processor.py:914} INFO - Processing file /home/airflow/.local/lib/python3.12/site-packages/airflow/example_dags/example_outlet_event_extra.py for tasks to queue
[2024-09-02T04:18:33.137+0000] {logging_mixin.py:190} INFO - [2024-09-02T04:18:33.137+0000] {dagbag.py:587} INFO - Filling up the DagBag from /home/airflow/.local/lib/python3.12/site-packages/airflow/example_dags/example_outlet_event_extra.py
[2024-09-02T04:18:33.428+0000] {processor.py:925} INFO - DAG(s) 'dataset_with_extra_by_context', 'dataset_with_extra_from_classic_operator', 'dataset_with_extra_by_yield' retrieved from /home/airflow/.local/lib/python3.12/site-packages/airflow/example_dags/example_outlet_event_extra.py
[2024-09-02T04:18:33.479+0000] {logging_mixin.py:190} INFO - [2024-09-02T04:18:33.479+0000] {dag.py:3211} INFO - Sync 3 DAGs
[2024-09-02T04:18:33.533+0000] {logging_mixin.py:190} INFO - [2024-09-02T04:18:33.533+0000] {dag.py:4138} INFO - Setting next_dagrun for dataset_with_extra_by_context to 2024-09-01 00:00:00+00:00, run_after=2024-09-02 00:00:00+00:00
[2024-09-02T04:18:33.542+0000] {logging_mixin.py:190} INFO - [2024-09-02T04:18:33.541+0000] {dag.py:4138} INFO - Setting next_dagrun for dataset_with_extra_by_yield to 2024-09-01 00:00:00+00:00, run_after=2024-09-02 00:00:00+00:00
[2024-09-02T04:18:33.546+0000] {logging_mixin.py:190} INFO - [2024-09-02T04:18:33.546+0000] {dag.py:4138} INFO - Setting next_dagrun for dataset_with_extra_from_classic_operator to 2024-09-01 00:00:00+00:00, run_after=2024-09-02 00:00:00+00:00
[2024-09-02T04:18:33.582+0000] {processor.py:208} INFO - Processing /home/airflow/.local/lib/python3.12/site-packages/airflow/example_dags/example_outlet_event_extra.py took 0.466 seconds
[2024-09-02T04:19:03.691+0000] {processor.py:186} INFO - Started process (PID=743) to work on /home/airflow/.local/lib/python3.12/site-packages/airflow/example_dags/example_outlet_event_extra.py
[2024-09-02T04:19:03.700+0000] {processor.py:914} INFO - Processing file /home/airflow/.local/lib/python3.12/site-packages/airflow/example_dags/example_outlet_event_extra.py for tasks to queue
[2024-09-02T04:19:03.706+0000] {logging_mixin.py:190} INFO - [2024-09-02T04:19:03.705+0000] {dagbag.py:587} INFO - Filling up the DagBag from /home/airflow/.local/lib/python3.12/site-packages/airflow/example_dags/example_outlet_event_extra.py
[2024-09-02T04:19:04.028+0000] {processor.py:925} INFO - DAG(s) 'dataset_with_extra_by_yield', 'dataset_with_extra_from_classic_operator', 'dataset_with_extra_by_context' retrieved from /home/airflow/.local/lib/python3.12/site-packages/airflow/example_dags/example_outlet_event_extra.py
[2024-09-02T04:19:04.076+0000] {logging_mixin.py:190} INFO - [2024-09-02T04:19:04.075+0000] {dag.py:3211} INFO - Sync 3 DAGs
[2024-09-02T04:19:04.131+0000] {logging_mixin.py:190} INFO - [2024-09-02T04:19:04.130+0000] {dag.py:4138} INFO - Setting next_dagrun for dataset_with_extra_by_context to 2024-09-01 00:00:00+00:00, run_after=2024-09-02 00:00:00+00:00
[2024-09-02T04:19:04.141+0000] {logging_mixin.py:190} INFO - [2024-09-02T04:19:04.140+0000] {dag.py:4138} INFO - Setting next_dagrun for dataset_with_extra_by_yield to 2024-09-01 00:00:00+00:00, run_after=2024-09-02 00:00:00+00:00
[2024-09-02T04:19:04.145+0000] {logging_mixin.py:190} INFO - [2024-09-02T04:19:04.145+0000] {dag.py:4138} INFO - Setting next_dagrun for dataset_with_extra_from_classic_operator to 2024-09-01 00:00:00+00:00, run_after=2024-09-02 00:00:00+00:00
[2024-09-02T04:19:04.187+0000] {processor.py:208} INFO - Processing /home/airflow/.local/lib/python3.12/site-packages/airflow/example_dags/example_outlet_event_extra.py took 0.517 seconds
[2024-09-02T04:19:34.344+0000] {processor.py:186} INFO - Started process (PID=806) to work on /home/airflow/.local/lib/python3.12/site-packages/airflow/example_dags/example_outlet_event_extra.py
[2024-09-02T04:19:34.346+0000] {processor.py:914} INFO - Processing file /home/airflow/.local/lib/python3.12/site-packages/airflow/example_dags/example_outlet_event_extra.py for tasks to queue
[2024-09-02T04:19:34.353+0000] {logging_mixin.py:190} INFO - [2024-09-02T04:19:34.352+0000] {dagbag.py:587} INFO - Filling up the DagBag from /home/airflow/.local/lib/python3.12/site-packages/airflow/example_dags/example_outlet_event_extra.py
[2024-09-02T04:19:34.714+0000] {processor.py:925} INFO - DAG(s) 'dataset_with_extra_from_classic_operator', 'dataset_with_extra_by_context', 'dataset_with_extra_by_yield' retrieved from /home/airflow/.local/lib/python3.12/site-packages/airflow/example_dags/example_outlet_event_extra.py
[2024-09-02T04:19:34.777+0000] {logging_mixin.py:190} INFO - [2024-09-02T04:19:34.777+0000] {dag.py:3211} INFO - Sync 3 DAGs
[2024-09-02T04:19:34.879+0000] {logging_mixin.py:190} INFO - [2024-09-02T04:19:34.878+0000] {dag.py:4138} INFO - Setting next_dagrun for dataset_with_extra_by_context to 2024-09-01 00:00:00+00:00, run_after=2024-09-02 00:00:00+00:00
[2024-09-02T04:19:34.899+0000] {logging_mixin.py:190} INFO - [2024-09-02T04:19:34.898+0000] {dag.py:4138} INFO - Setting next_dagrun for dataset_with_extra_by_yield to 2024-09-01 00:00:00+00:00, run_after=2024-09-02 00:00:00+00:00
[2024-09-02T04:19:34.904+0000] {logging_mixin.py:190} INFO - [2024-09-02T04:19:34.904+0000] {dag.py:4138} INFO - Setting next_dagrun for dataset_with_extra_from_classic_operator to 2024-09-01 00:00:00+00:00, run_after=2024-09-02 00:00:00+00:00
[2024-09-02T04:19:34.962+0000] {processor.py:208} INFO - Processing /home/airflow/.local/lib/python3.12/site-packages/airflow/example_dags/example_outlet_event_extra.py took 0.633 seconds
[2024-09-02T04:20:05.116+0000] {processor.py:186} INFO - Started process (PID=870) to work on /home/airflow/.local/lib/python3.12/site-packages/airflow/example_dags/example_outlet_event_extra.py
[2024-09-02T04:20:05.118+0000] {processor.py:914} INFO - Processing file /home/airflow/.local/lib/python3.12/site-packages/airflow/example_dags/example_outlet_event_extra.py for tasks to queue
[2024-09-02T04:20:05.123+0000] {logging_mixin.py:190} INFO - [2024-09-02T04:20:05.122+0000] {dagbag.py:587} INFO - Filling up the DagBag from /home/airflow/.local/lib/python3.12/site-packages/airflow/example_dags/example_outlet_event_extra.py
[2024-09-02T04:20:05.491+0000] {processor.py:925} INFO - DAG(s) 'dataset_with_extra_by_context', 'dataset_with_extra_by_yield', 'dataset_with_extra_from_classic_operator' retrieved from /home/airflow/.local/lib/python3.12/site-packages/airflow/example_dags/example_outlet_event_extra.py
[2024-09-02T04:20:05.562+0000] {logging_mixin.py:190} INFO - [2024-09-02T04:20:05.562+0000] {dag.py:3211} INFO - Sync 3 DAGs
[2024-09-02T04:20:05.616+0000] {logging_mixin.py:190} INFO - [2024-09-02T04:20:05.615+0000] {dag.py:4138} INFO - Setting next_dagrun for dataset_with_extra_by_context to 2024-09-01 00:00:00+00:00, run_after=2024-09-02 00:00:00+00:00
[2024-09-02T04:20:05.625+0000] {logging_mixin.py:190} INFO - [2024-09-02T04:20:05.625+0000] {dag.py:4138} INFO - Setting next_dagrun for dataset_with_extra_by_yield to 2024-09-01 00:00:00+00:00, run_after=2024-09-02 00:00:00+00:00
[2024-09-02T04:20:05.630+0000] {logging_mixin.py:190} INFO - [2024-09-02T04:20:05.630+0000] {dag.py:4138} INFO - Setting next_dagrun for dataset_with_extra_from_classic_operator to 2024-09-01 00:00:00+00:00, run_after=2024-09-02 00:00:00+00:00
[2024-09-02T04:20:05.680+0000] {processor.py:208} INFO - Processing /home/airflow/.local/lib/python3.12/site-packages/airflow/example_dags/example_outlet_event_extra.py took 0.577 seconds
[2024-09-02T04:20:35.904+0000] {processor.py:186} INFO - Started process (PID=933) to work on /home/airflow/.local/lib/python3.12/site-packages/airflow/example_dags/example_outlet_event_extra.py
[2024-09-02T04:20:35.907+0000] {processor.py:914} INFO - Processing file /home/airflow/.local/lib/python3.12/site-packages/airflow/example_dags/example_outlet_event_extra.py for tasks to queue
[2024-09-02T04:20:35.915+0000] {logging_mixin.py:190} INFO - [2024-09-02T04:20:35.914+0000] {dagbag.py:587} INFO - Filling up the DagBag from /home/airflow/.local/lib/python3.12/site-packages/airflow/example_dags/example_outlet_event_extra.py
[2024-09-02T04:20:36.432+0000] {processor.py:925} INFO - DAG(s) 'dataset_with_extra_from_classic_operator', 'dataset_with_extra_by_context', 'dataset_with_extra_by_yield' retrieved from /home/airflow/.local/lib/python3.12/site-packages/airflow/example_dags/example_outlet_event_extra.py
[2024-09-02T04:20:36.494+0000] {logging_mixin.py:190} INFO - [2024-09-02T04:20:36.494+0000] {dag.py:3211} INFO - Sync 3 DAGs
[2024-09-02T04:20:36.593+0000] {logging_mixin.py:190} INFO - [2024-09-02T04:20:36.592+0000] {dag.py:4138} INFO - Setting next_dagrun for dataset_with_extra_by_context to 2024-09-01 00:00:00+00:00, run_after=2024-09-02 00:00:00+00:00
[2024-09-02T04:20:36.605+0000] {logging_mixin.py:190} INFO - [2024-09-02T04:20:36.604+0000] {dag.py:4138} INFO - Setting next_dagrun for dataset_with_extra_by_yield to 2024-09-01 00:00:00+00:00, run_after=2024-09-02 00:00:00+00:00
[2024-09-02T04:20:36.611+0000] {logging_mixin.py:190} INFO - [2024-09-02T04:20:36.610+0000] {dag.py:4138} INFO - Setting next_dagrun for dataset_with_extra_from_classic_operator to 2024-09-01 00:00:00+00:00, run_after=2024-09-02 00:00:00+00:00
[2024-09-02T04:20:36.703+0000] {processor.py:208} INFO - Processing /home/airflow/.local/lib/python3.12/site-packages/airflow/example_dags/example_outlet_event_extra.py took 0.814 seconds
[2024-09-02T04:21:06.909+0000] {processor.py:186} INFO - Started process (PID=997) to work on /home/airflow/.local/lib/python3.12/site-packages/airflow/example_dags/example_outlet_event_extra.py
[2024-09-02T04:21:06.911+0000] {processor.py:914} INFO - Processing file /home/airflow/.local/lib/python3.12/site-packages/airflow/example_dags/example_outlet_event_extra.py for tasks to queue
[2024-09-02T04:21:06.917+0000] {logging_mixin.py:190} INFO - [2024-09-02T04:21:06.916+0000] {dagbag.py:587} INFO - Filling up the DagBag from /home/airflow/.local/lib/python3.12/site-packages/airflow/example_dags/example_outlet_event_extra.py
[2024-09-02T04:21:07.672+0000] {processor.py:925} INFO - DAG(s) 'dataset_with_extra_by_yield', 'dataset_with_extra_from_classic_operator', 'dataset_with_extra_by_context' retrieved from /home/airflow/.local/lib/python3.12/site-packages/airflow/example_dags/example_outlet_event_extra.py
[2024-09-02T04:21:07.784+0000] {logging_mixin.py:190} INFO - [2024-09-02T04:21:07.783+0000] {dag.py:3211} INFO - Sync 3 DAGs
[2024-09-02T04:21:07.974+0000] {logging_mixin.py:190} INFO - [2024-09-02T04:21:07.974+0000] {dag.py:4138} INFO - Setting next_dagrun for dataset_with_extra_by_context to 2024-09-01 00:00:00+00:00, run_after=2024-09-02 00:00:00+00:00
[2024-09-02T04:21:08.009+0000] {logging_mixin.py:190} INFO - [2024-09-02T04:21:08.009+0000] {dag.py:4138} INFO - Setting next_dagrun for dataset_with_extra_by_yield to 2024-09-01 00:00:00+00:00, run_after=2024-09-02 00:00:00+00:00
[2024-09-02T04:21:08.038+0000] {logging_mixin.py:190} INFO - [2024-09-02T04:21:08.028+0000] {dag.py:4138} INFO - Setting next_dagrun for dataset_with_extra_from_classic_operator to 2024-09-01 00:00:00+00:00, run_after=2024-09-02 00:00:00+00:00
[2024-09-02T04:21:08.175+0000] {processor.py:208} INFO - Processing /home/airflow/.local/lib/python3.12/site-packages/airflow/example_dags/example_outlet_event_extra.py took 1.285 seconds
[2024-09-02T04:21:45.081+0000] {processor.py:186} INFO - Started process (PID=1059) to work on /home/airflow/.local/lib/python3.12/site-packages/airflow/example_dags/example_outlet_event_extra.py
[2024-09-02T04:21:45.094+0000] {processor.py:914} INFO - Processing file /home/airflow/.local/lib/python3.12/site-packages/airflow/example_dags/example_outlet_event_extra.py for tasks to queue
[2024-09-02T04:21:45.111+0000] {logging_mixin.py:190} INFO - [2024-09-02T04:21:45.110+0000] {dagbag.py:587} INFO - Filling up the DagBag from /home/airflow/.local/lib/python3.12/site-packages/airflow/example_dags/example_outlet_event_extra.py
[2024-09-02T04:21:45.851+0000] {processor.py:925} INFO - DAG(s) 'dataset_with_extra_from_classic_operator', 'dataset_with_extra_by_yield', 'dataset_with_extra_by_context' retrieved from /home/airflow/.local/lib/python3.12/site-packages/airflow/example_dags/example_outlet_event_extra.py
[2024-09-02T04:21:45.979+0000] {logging_mixin.py:190} INFO - [2024-09-02T04:21:45.979+0000] {dag.py:3211} INFO - Sync 3 DAGs
[2024-09-02T04:21:46.128+0000] {logging_mixin.py:190} INFO - [2024-09-02T04:21:46.128+0000] {dag.py:4138} INFO - Setting next_dagrun for dataset_with_extra_by_context to 2024-09-01 00:00:00+00:00, run_after=2024-09-02 00:00:00+00:00
[2024-09-02T04:21:46.162+0000] {logging_mixin.py:190} INFO - [2024-09-02T04:21:46.161+0000] {dag.py:4138} INFO - Setting next_dagrun for dataset_with_extra_by_yield to 2024-09-01 00:00:00+00:00, run_after=2024-09-02 00:00:00+00:00
[2024-09-02T04:21:46.178+0000] {logging_mixin.py:190} INFO - [2024-09-02T04:21:46.177+0000] {dag.py:4138} INFO - Setting next_dagrun for dataset_with_extra_from_classic_operator to 2024-09-01 00:00:00+00:00, run_after=2024-09-02 00:00:00+00:00
[2024-09-02T04:21:46.273+0000] {processor.py:208} INFO - Processing /home/airflow/.local/lib/python3.12/site-packages/airflow/example_dags/example_outlet_event_extra.py took 1.220 seconds
[2024-09-02T04:22:19.074+0000] {processor.py:186} INFO - Started process (PID=1123) to work on /home/airflow/.local/lib/python3.12/site-packages/airflow/example_dags/example_outlet_event_extra.py
[2024-09-02T04:22:19.103+0000] {processor.py:914} INFO - Processing file /home/airflow/.local/lib/python3.12/site-packages/airflow/example_dags/example_outlet_event_extra.py for tasks to queue
[2024-09-02T04:22:19.143+0000] {logging_mixin.py:190} INFO - [2024-09-02T04:22:19.136+0000] {dagbag.py:587} INFO - Filling up the DagBag from /home/airflow/.local/lib/python3.12/site-packages/airflow/example_dags/example_outlet_event_extra.py
[2024-09-02T04:22:20.468+0000] {processor.py:925} INFO - DAG(s) 'dataset_with_extra_from_classic_operator', 'dataset_with_extra_by_context', 'dataset_with_extra_by_yield' retrieved from /home/airflow/.local/lib/python3.12/site-packages/airflow/example_dags/example_outlet_event_extra.py
[2024-09-02T04:22:20.638+0000] {logging_mixin.py:190} INFO - [2024-09-02T04:22:20.638+0000] {dag.py:3211} INFO - Sync 3 DAGs
[2024-09-02T04:22:20.864+0000] {logging_mixin.py:190} INFO - [2024-09-02T04:22:20.863+0000] {dag.py:4138} INFO - Setting next_dagrun for dataset_with_extra_by_context to 2024-09-01 00:00:00+00:00, run_after=2024-09-02 00:00:00+00:00
[2024-09-02T04:22:20.946+0000] {logging_mixin.py:190} INFO - [2024-09-02T04:22:20.945+0000] {dag.py:4138} INFO - Setting next_dagrun for dataset_with_extra_by_yield to 2024-09-01 00:00:00+00:00, run_after=2024-09-02 00:00:00+00:00
[2024-09-02T04:22:21.032+0000] {logging_mixin.py:190} INFO - [2024-09-02T04:22:21.031+0000] {dag.py:4138} INFO - Setting next_dagrun for dataset_with_extra_from_classic_operator to 2024-09-01 00:00:00+00:00, run_after=2024-09-02 00:00:00+00:00
[2024-09-02T04:22:21.246+0000] {processor.py:208} INFO - Processing /home/airflow/.local/lib/python3.12/site-packages/airflow/example_dags/example_outlet_event_extra.py took 2.219 seconds
[2024-09-02T04:23:13.018+0000] {processor.py:186} INFO - Started process (PID=1172) to work on /home/airflow/.local/lib/python3.12/site-packages/airflow/example_dags/example_outlet_event_extra.py
[2024-09-02T04:23:13.058+0000] {processor.py:914} INFO - Processing file /home/airflow/.local/lib/python3.12/site-packages/airflow/example_dags/example_outlet_event_extra.py for tasks to queue
[2024-09-02T04:23:13.066+0000] {logging_mixin.py:190} INFO - [2024-09-02T04:23:13.065+0000] {dagbag.py:587} INFO - Filling up the DagBag from /home/airflow/.local/lib/python3.12/site-packages/airflow/example_dags/example_outlet_event_extra.py
[2024-09-02T04:23:14.750+0000] {processor.py:925} INFO - DAG(s) 'dataset_with_extra_by_context', 'dataset_with_extra_from_classic_operator', 'dataset_with_extra_by_yield' retrieved from /home/airflow/.local/lib/python3.12/site-packages/airflow/example_dags/example_outlet_event_extra.py
[2024-09-02T04:23:15.074+0000] {logging_mixin.py:190} INFO - [2024-09-02T04:23:15.073+0000] {dag.py:3211} INFO - Sync 3 DAGs
[2024-09-02T04:23:15.414+0000] {logging_mixin.py:190} INFO - [2024-09-02T04:23:15.402+0000] {dag.py:4138} INFO - Setting next_dagrun for dataset_with_extra_by_context to 2024-09-01 00:00:00+00:00, run_after=2024-09-02 00:00:00+00:00
[2024-09-02T04:23:15.482+0000] {logging_mixin.py:190} INFO - [2024-09-02T04:23:15.482+0000] {dag.py:4138} INFO - Setting next_dagrun for dataset_with_extra_by_yield to 2024-09-01 00:00:00+00:00, run_after=2024-09-02 00:00:00+00:00
[2024-09-02T04:23:15.545+0000] {logging_mixin.py:190} INFO - [2024-09-02T04:23:15.545+0000] {dag.py:4138} INFO - Setting next_dagrun for dataset_with_extra_from_classic_operator to 2024-09-01 00:00:00+00:00, run_after=2024-09-02 00:00:00+00:00
[2024-09-02T04:23:16.519+0000] {processor.py:208} INFO - Processing /home/airflow/.local/lib/python3.12/site-packages/airflow/example_dags/example_outlet_event_extra.py took 3.525 seconds
[2024-09-02T04:26:10.768+0000] {processor.py:186} INFO - Started process (PID=90) to work on /home/airflow/.local/lib/python3.12/site-packages/airflow/example_dags/example_outlet_event_extra.py
[2024-09-02T04:26:10.777+0000] {processor.py:914} INFO - Processing file /home/airflow/.local/lib/python3.12/site-packages/airflow/example_dags/example_outlet_event_extra.py for tasks to queue
[2024-09-02T04:26:10.787+0000] {logging_mixin.py:190} INFO - [2024-09-02T04:26:10.786+0000] {dagbag.py:587} INFO - Filling up the DagBag from /home/airflow/.local/lib/python3.12/site-packages/airflow/example_dags/example_outlet_event_extra.py
[2024-09-02T04:26:12.395+0000] {processor.py:925} INFO - DAG(s) 'dataset_with_extra_by_context', 'dataset_with_extra_from_classic_operator', 'dataset_with_extra_by_yield' retrieved from /home/airflow/.local/lib/python3.12/site-packages/airflow/example_dags/example_outlet_event_extra.py
[2024-09-02T04:26:13.105+0000] {logging_mixin.py:190} INFO - [2024-09-02T04:26:13.105+0000] {dag.py:3211} INFO - Sync 3 DAGs
[2024-09-02T04:26:13.622+0000] {logging_mixin.py:190} INFO - [2024-09-02T04:26:13.621+0000] {dag.py:4138} INFO - Setting next_dagrun for dataset_with_extra_by_context to 2024-09-01 00:00:00+00:00, run_after=2024-09-02 00:00:00+00:00
[2024-09-02T04:26:13.765+0000] {logging_mixin.py:190} INFO - [2024-09-02T04:26:13.764+0000] {dag.py:4138} INFO - Setting next_dagrun for dataset_with_extra_by_yield to 2024-09-01 00:00:00+00:00, run_after=2024-09-02 00:00:00+00:00
[2024-09-02T04:26:13.825+0000] {logging_mixin.py:190} INFO - [2024-09-02T04:26:13.825+0000] {dag.py:4138} INFO - Setting next_dagrun for dataset_with_extra_from_classic_operator to 2024-09-01 00:00:00+00:00, run_after=2024-09-02 00:00:00+00:00
[2024-09-02T04:26:14.378+0000] {processor.py:208} INFO - Processing /home/airflow/.local/lib/python3.12/site-packages/airflow/example_dags/example_outlet_event_extra.py took 3.644 seconds
[2024-09-02T04:27:06.610+0000] {processor.py:186} INFO - Started process (PID=158) to work on /home/airflow/.local/lib/python3.12/site-packages/airflow/example_dags/example_outlet_event_extra.py
[2024-09-02T04:27:06.644+0000] {processor.py:914} INFO - Processing file /home/airflow/.local/lib/python3.12/site-packages/airflow/example_dags/example_outlet_event_extra.py for tasks to queue
[2024-09-02T04:27:06.656+0000] {logging_mixin.py:190} INFO - [2024-09-02T04:27:06.654+0000] {dagbag.py:587} INFO - Filling up the DagBag from /home/airflow/.local/lib/python3.12/site-packages/airflow/example_dags/example_outlet_event_extra.py
[2024-09-02T04:27:07.271+0000] {processor.py:925} INFO - DAG(s) 'dataset_with_extra_by_yield', 'dataset_with_extra_by_context', 'dataset_with_extra_from_classic_operator' retrieved from /home/airflow/.local/lib/python3.12/site-packages/airflow/example_dags/example_outlet_event_extra.py
[2024-09-02T04:27:07.545+0000] {logging_mixin.py:190} INFO - [2024-09-02T04:27:07.544+0000] {dag.py:3211} INFO - Sync 3 DAGs
[2024-09-02T04:27:07.707+0000] {logging_mixin.py:190} INFO - [2024-09-02T04:27:07.707+0000] {dag.py:4138} INFO - Setting next_dagrun for dataset_with_extra_by_context to 2024-09-01 00:00:00+00:00, run_after=2024-09-02 00:00:00+00:00
[2024-09-02T04:27:07.729+0000] {logging_mixin.py:190} INFO - [2024-09-02T04:27:07.729+0000] {dag.py:4138} INFO - Setting next_dagrun for dataset_with_extra_by_yield to 2024-09-01 00:00:00+00:00, run_after=2024-09-02 00:00:00+00:00
[2024-09-02T04:27:07.736+0000] {logging_mixin.py:190} INFO - [2024-09-02T04:27:07.735+0000] {dag.py:4138} INFO - Setting next_dagrun for dataset_with_extra_from_classic_operator to 2024-09-01 00:00:00+00:00, run_after=2024-09-02 00:00:00+00:00
[2024-09-02T04:27:07.795+0000] {processor.py:208} INFO - Processing /home/airflow/.local/lib/python3.12/site-packages/airflow/example_dags/example_outlet_event_extra.py took 1.240 seconds
[2024-09-02T04:27:38.029+0000] {processor.py:186} INFO - Started process (PID=222) to work on /home/airflow/.local/lib/python3.12/site-packages/airflow/example_dags/example_outlet_event_extra.py
[2024-09-02T04:27:38.042+0000] {processor.py:914} INFO - Processing file /home/airflow/.local/lib/python3.12/site-packages/airflow/example_dags/example_outlet_event_extra.py for tasks to queue
[2024-09-02T04:27:38.060+0000] {logging_mixin.py:190} INFO - [2024-09-02T04:27:38.059+0000] {dagbag.py:587} INFO - Filling up the DagBag from /home/airflow/.local/lib/python3.12/site-packages/airflow/example_dags/example_outlet_event_extra.py
[2024-09-02T04:27:38.636+0000] {processor.py:925} INFO - DAG(s) 'dataset_with_extra_by_context', 'dataset_with_extra_by_yield', 'dataset_with_extra_from_classic_operator' retrieved from /home/airflow/.local/lib/python3.12/site-packages/airflow/example_dags/example_outlet_event_extra.py
[2024-09-02T04:27:38.739+0000] {logging_mixin.py:190} INFO - [2024-09-02T04:27:38.739+0000] {dag.py:3211} INFO - Sync 3 DAGs
[2024-09-02T04:27:38.825+0000] {logging_mixin.py:190} INFO - [2024-09-02T04:27:38.825+0000] {dag.py:4138} INFO - Setting next_dagrun for dataset_with_extra_by_context to 2024-09-01 00:00:00+00:00, run_after=2024-09-02 00:00:00+00:00
[2024-09-02T04:27:38.840+0000] {logging_mixin.py:190} INFO - [2024-09-02T04:27:38.839+0000] {dag.py:4138} INFO - Setting next_dagrun for dataset_with_extra_by_yield to 2024-09-01 00:00:00+00:00, run_after=2024-09-02 00:00:00+00:00
[2024-09-02T04:27:38.848+0000] {logging_mixin.py:190} INFO - [2024-09-02T04:27:38.848+0000] {dag.py:4138} INFO - Setting next_dagrun for dataset_with_extra_from_classic_operator to 2024-09-01 00:00:00+00:00, run_after=2024-09-02 00:00:00+00:00
[2024-09-02T04:27:38.923+0000] {processor.py:208} INFO - Processing /home/airflow/.local/lib/python3.12/site-packages/airflow/example_dags/example_outlet_event_extra.py took 0.917 seconds
[2024-09-02T04:28:09.578+0000] {processor.py:186} INFO - Started process (PID=285) to work on /home/airflow/.local/lib/python3.12/site-packages/airflow/example_dags/example_outlet_event_extra.py
[2024-09-02T04:28:09.582+0000] {processor.py:914} INFO - Processing file /home/airflow/.local/lib/python3.12/site-packages/airflow/example_dags/example_outlet_event_extra.py for tasks to queue
[2024-09-02T04:28:09.589+0000] {logging_mixin.py:190} INFO - [2024-09-02T04:28:09.588+0000] {dagbag.py:587} INFO - Filling up the DagBag from /home/airflow/.local/lib/python3.12/site-packages/airflow/example_dags/example_outlet_event_extra.py
[2024-09-02T04:28:10.064+0000] {processor.py:925} INFO - DAG(s) 'dataset_with_extra_from_classic_operator', 'dataset_with_extra_by_yield', 'dataset_with_extra_by_context' retrieved from /home/airflow/.local/lib/python3.12/site-packages/airflow/example_dags/example_outlet_event_extra.py
[2024-09-02T04:28:10.139+0000] {logging_mixin.py:190} INFO - [2024-09-02T04:28:10.138+0000] {dag.py:3211} INFO - Sync 3 DAGs
[2024-09-02T04:28:10.200+0000] {logging_mixin.py:190} INFO - [2024-09-02T04:28:10.199+0000] {dag.py:4138} INFO - Setting next_dagrun for dataset_with_extra_by_context to 2024-09-01 00:00:00+00:00, run_after=2024-09-02 00:00:00+00:00
[2024-09-02T04:28:10.212+0000] {logging_mixin.py:190} INFO - [2024-09-02T04:28:10.211+0000] {dag.py:4138} INFO - Setting next_dagrun for dataset_with_extra_by_yield to 2024-09-01 00:00:00+00:00, run_after=2024-09-02 00:00:00+00:00
[2024-09-02T04:28:10.220+0000] {logging_mixin.py:190} INFO - [2024-09-02T04:28:10.220+0000] {dag.py:4138} INFO - Setting next_dagrun for dataset_with_extra_from_classic_operator to 2024-09-01 00:00:00+00:00, run_after=2024-09-02 00:00:00+00:00
[2024-09-02T04:28:11.424+0000] {processor.py:208} INFO - Processing /home/airflow/.local/lib/python3.12/site-packages/airflow/example_dags/example_outlet_event_extra.py took 1.865 seconds
[2024-09-02T04:28:41.635+0000] {processor.py:186} INFO - Started process (PID=350) to work on /home/airflow/.local/lib/python3.12/site-packages/airflow/example_dags/example_outlet_event_extra.py
[2024-09-02T04:28:41.638+0000] {processor.py:914} INFO - Processing file /home/airflow/.local/lib/python3.12/site-packages/airflow/example_dags/example_outlet_event_extra.py for tasks to queue
[2024-09-02T04:28:41.644+0000] {logging_mixin.py:190} INFO - [2024-09-02T04:28:41.644+0000] {dagbag.py:587} INFO - Filling up the DagBag from /home/airflow/.local/lib/python3.12/site-packages/airflow/example_dags/example_outlet_event_extra.py
[2024-09-02T04:28:42.453+0000] {processor.py:925} INFO - DAG(s) 'dataset_with_extra_by_context', 'dataset_with_extra_by_yield', 'dataset_with_extra_from_classic_operator' retrieved from /home/airflow/.local/lib/python3.12/site-packages/airflow/example_dags/example_outlet_event_extra.py
[2024-09-02T04:28:42.525+0000] {logging_mixin.py:190} INFO - [2024-09-02T04:28:42.525+0000] {dag.py:3211} INFO - Sync 3 DAGs
[2024-09-02T04:28:42.608+0000] {logging_mixin.py:190} INFO - [2024-09-02T04:28:42.608+0000] {dag.py:4138} INFO - Setting next_dagrun for dataset_with_extra_by_context to 2024-09-01 00:00:00+00:00, run_after=2024-09-02 00:00:00+00:00
[2024-09-02T04:28:42.635+0000] {logging_mixin.py:190} INFO - [2024-09-02T04:28:42.634+0000] {dag.py:4138} INFO - Setting next_dagrun for dataset_with_extra_by_yield to 2024-09-01 00:00:00+00:00, run_after=2024-09-02 00:00:00+00:00
[2024-09-02T04:28:42.641+0000] {logging_mixin.py:190} INFO - [2024-09-02T04:28:42.641+0000] {dag.py:4138} INFO - Setting next_dagrun for dataset_with_extra_from_classic_operator to 2024-09-01 00:00:00+00:00, run_after=2024-09-02 00:00:00+00:00
[2024-09-02T04:28:42.730+0000] {processor.py:208} INFO - Processing /home/airflow/.local/lib/python3.12/site-packages/airflow/example_dags/example_outlet_event_extra.py took 1.107 seconds
[2024-09-02T04:29:13.209+0000] {processor.py:186} INFO - Started process (PID=414) to work on /home/airflow/.local/lib/python3.12/site-packages/airflow/example_dags/example_outlet_event_extra.py
[2024-09-02T04:29:13.213+0000] {processor.py:914} INFO - Processing file /home/airflow/.local/lib/python3.12/site-packages/airflow/example_dags/example_outlet_event_extra.py for tasks to queue
[2024-09-02T04:29:13.220+0000] {logging_mixin.py:190} INFO - [2024-09-02T04:29:13.219+0000] {dagbag.py:587} INFO - Filling up the DagBag from /home/airflow/.local/lib/python3.12/site-packages/airflow/example_dags/example_outlet_event_extra.py
[2024-09-02T04:29:13.592+0000] {processor.py:925} INFO - DAG(s) 'dataset_with_extra_from_classic_operator', 'dataset_with_extra_by_yield', 'dataset_with_extra_by_context' retrieved from /home/airflow/.local/lib/python3.12/site-packages/airflow/example_dags/example_outlet_event_extra.py
[2024-09-02T04:29:13.658+0000] {logging_mixin.py:190} INFO - [2024-09-02T04:29:13.657+0000] {dag.py:3211} INFO - Sync 3 DAGs
[2024-09-02T04:29:13.831+0000] {logging_mixin.py:190} INFO - [2024-09-02T04:29:13.831+0000] {dag.py:4138} INFO - Setting next_dagrun for dataset_with_extra_by_context to 2024-09-01 00:00:00+00:00, run_after=2024-09-02 00:00:00+00:00
[2024-09-02T04:29:13.885+0000] {logging_mixin.py:190} INFO - [2024-09-02T04:29:13.884+0000] {dag.py:4138} INFO - Setting next_dagrun for dataset_with_extra_by_yield to 2024-09-01 00:00:00+00:00, run_after=2024-09-02 00:00:00+00:00
[2024-09-02T04:29:13.901+0000] {logging_mixin.py:190} INFO - [2024-09-02T04:29:13.901+0000] {dag.py:4138} INFO - Setting next_dagrun for dataset_with_extra_from_classic_operator to 2024-09-01 00:00:00+00:00, run_after=2024-09-02 00:00:00+00:00
[2024-09-02T04:29:14.043+0000] {processor.py:208} INFO - Processing /home/airflow/.local/lib/python3.12/site-packages/airflow/example_dags/example_outlet_event_extra.py took 0.849 seconds
[2024-09-02T04:29:44.875+0000] {processor.py:186} INFO - Started process (PID=478) to work on /home/airflow/.local/lib/python3.12/site-packages/airflow/example_dags/example_outlet_event_extra.py
[2024-09-02T04:29:44.906+0000] {processor.py:914} INFO - Processing file /home/airflow/.local/lib/python3.12/site-packages/airflow/example_dags/example_outlet_event_extra.py for tasks to queue
[2024-09-02T04:29:45.041+0000] {logging_mixin.py:190} INFO - [2024-09-02T04:29:45.040+0000] {dagbag.py:587} INFO - Filling up the DagBag from /home/airflow/.local/lib/python3.12/site-packages/airflow/example_dags/example_outlet_event_extra.py
[2024-09-02T04:29:45.862+0000] {processor.py:925} INFO - DAG(s) 'dataset_with_extra_from_classic_operator', 'dataset_with_extra_by_context', 'dataset_with_extra_by_yield' retrieved from /home/airflow/.local/lib/python3.12/site-packages/airflow/example_dags/example_outlet_event_extra.py
[2024-09-02T04:29:46.031+0000] {logging_mixin.py:190} INFO - [2024-09-02T04:29:46.030+0000] {dag.py:3211} INFO - Sync 3 DAGs
[2024-09-02T04:29:46.209+0000] {logging_mixin.py:190} INFO - [2024-09-02T04:29:46.209+0000] {dag.py:4138} INFO - Setting next_dagrun for dataset_with_extra_by_context to 2024-09-01 00:00:00+00:00, run_after=2024-09-02 00:00:00+00:00
[2024-09-02T04:29:46.229+0000] {logging_mixin.py:190} INFO - [2024-09-02T04:29:46.228+0000] {dag.py:4138} INFO - Setting next_dagrun for dataset_with_extra_by_yield to 2024-09-01 00:00:00+00:00, run_after=2024-09-02 00:00:00+00:00
[2024-09-02T04:29:46.237+0000] {logging_mixin.py:190} INFO - [2024-09-02T04:29:46.236+0000] {dag.py:4138} INFO - Setting next_dagrun for dataset_with_extra_from_classic_operator to 2024-09-01 00:00:00+00:00, run_after=2024-09-02 00:00:00+00:00
[2024-09-02T04:29:46.379+0000] {processor.py:208} INFO - Processing /home/airflow/.local/lib/python3.12/site-packages/airflow/example_dags/example_outlet_event_extra.py took 1.608 seconds
[2024-09-02T04:30:16.871+0000] {processor.py:186} INFO - Started process (PID=542) to work on /home/airflow/.local/lib/python3.12/site-packages/airflow/example_dags/example_outlet_event_extra.py
[2024-09-02T04:30:16.873+0000] {processor.py:914} INFO - Processing file /home/airflow/.local/lib/python3.12/site-packages/airflow/example_dags/example_outlet_event_extra.py for tasks to queue
[2024-09-02T04:30:16.888+0000] {logging_mixin.py:190} INFO - [2024-09-02T04:30:16.887+0000] {dagbag.py:587} INFO - Filling up the DagBag from /home/airflow/.local/lib/python3.12/site-packages/airflow/example_dags/example_outlet_event_extra.py
[2024-09-02T04:30:17.921+0000] {processor.py:925} INFO - DAG(s) 'dataset_with_extra_from_classic_operator', 'dataset_with_extra_by_context', 'dataset_with_extra_by_yield' retrieved from /home/airflow/.local/lib/python3.12/site-packages/airflow/example_dags/example_outlet_event_extra.py
[2024-09-02T04:30:18.039+0000] {logging_mixin.py:190} INFO - [2024-09-02T04:30:18.039+0000] {dag.py:3211} INFO - Sync 3 DAGs
[2024-09-02T04:30:18.168+0000] {logging_mixin.py:190} INFO - [2024-09-02T04:30:18.168+0000] {dag.py:4138} INFO - Setting next_dagrun for dataset_with_extra_by_context to 2024-09-01 00:00:00+00:00, run_after=2024-09-02 00:00:00+00:00
[2024-09-02T04:30:18.224+0000] {logging_mixin.py:190} INFO - [2024-09-02T04:30:18.224+0000] {dag.py:4138} INFO - Setting next_dagrun for dataset_with_extra_by_yield to 2024-09-01 00:00:00+00:00, run_after=2024-09-02 00:00:00+00:00
[2024-09-02T04:30:18.259+0000] {logging_mixin.py:190} INFO - [2024-09-02T04:30:18.252+0000] {dag.py:4138} INFO - Setting next_dagrun for dataset_with_extra_from_classic_operator to 2024-09-01 00:00:00+00:00, run_after=2024-09-02 00:00:00+00:00
[2024-09-02T04:30:18.394+0000] {processor.py:208} INFO - Processing /home/airflow/.local/lib/python3.12/site-packages/airflow/example_dags/example_outlet_event_extra.py took 1.558 seconds
[2024-09-02T04:30:48.913+0000] {processor.py:186} INFO - Started process (PID=606) to work on /home/airflow/.local/lib/python3.12/site-packages/airflow/example_dags/example_outlet_event_extra.py
[2024-09-02T04:30:48.916+0000] {processor.py:914} INFO - Processing file /home/airflow/.local/lib/python3.12/site-packages/airflow/example_dags/example_outlet_event_extra.py for tasks to queue
[2024-09-02T04:30:48.922+0000] {logging_mixin.py:190} INFO - [2024-09-02T04:30:48.921+0000] {dagbag.py:587} INFO - Filling up the DagBag from /home/airflow/.local/lib/python3.12/site-packages/airflow/example_dags/example_outlet_event_extra.py
[2024-09-02T04:30:49.418+0000] {processor.py:925} INFO - DAG(s) 'dataset_with_extra_from_classic_operator', 'dataset_with_extra_by_yield', 'dataset_with_extra_by_context' retrieved from /home/airflow/.local/lib/python3.12/site-packages/airflow/example_dags/example_outlet_event_extra.py
[2024-09-02T04:30:49.527+0000] {logging_mixin.py:190} INFO - [2024-09-02T04:30:49.527+0000] {dag.py:3211} INFO - Sync 3 DAGs
[2024-09-02T04:30:49.610+0000] {logging_mixin.py:190} INFO - [2024-09-02T04:30:49.609+0000] {dag.py:4138} INFO - Setting next_dagrun for dataset_with_extra_by_context to 2024-09-01 00:00:00+00:00, run_after=2024-09-02 00:00:00+00:00
[2024-09-02T04:30:49.625+0000] {logging_mixin.py:190} INFO - [2024-09-02T04:30:49.625+0000] {dag.py:4138} INFO - Setting next_dagrun for dataset_with_extra_by_yield to 2024-09-01 00:00:00+00:00, run_after=2024-09-02 00:00:00+00:00
[2024-09-02T04:30:49.633+0000] {logging_mixin.py:190} INFO - [2024-09-02T04:30:49.632+0000] {dag.py:4138} INFO - Setting next_dagrun for dataset_with_extra_from_classic_operator to 2024-09-01 00:00:00+00:00, run_after=2024-09-02 00:00:00+00:00
[2024-09-02T04:30:49.688+0000] {processor.py:208} INFO - Processing /home/airflow/.local/lib/python3.12/site-packages/airflow/example_dags/example_outlet_event_extra.py took 0.794 seconds
[2024-09-02T04:31:20.340+0000] {processor.py:186} INFO - Started process (PID=670) to work on /home/airflow/.local/lib/python3.12/site-packages/airflow/example_dags/example_outlet_event_extra.py
[2024-09-02T04:31:20.342+0000] {processor.py:914} INFO - Processing file /home/airflow/.local/lib/python3.12/site-packages/airflow/example_dags/example_outlet_event_extra.py for tasks to queue
[2024-09-02T04:31:20.357+0000] {logging_mixin.py:190} INFO - [2024-09-02T04:31:20.356+0000] {dagbag.py:587} INFO - Filling up the DagBag from /home/airflow/.local/lib/python3.12/site-packages/airflow/example_dags/example_outlet_event_extra.py
[2024-09-02T04:31:21.012+0000] {processor.py:925} INFO - DAG(s) 'dataset_with_extra_from_classic_operator', 'dataset_with_extra_by_context', 'dataset_with_extra_by_yield' retrieved from /home/airflow/.local/lib/python3.12/site-packages/airflow/example_dags/example_outlet_event_extra.py
[2024-09-02T04:31:21.093+0000] {logging_mixin.py:190} INFO - [2024-09-02T04:31:21.093+0000] {dag.py:3211} INFO - Sync 3 DAGs
[2024-09-02T04:31:21.235+0000] {logging_mixin.py:190} INFO - [2024-09-02T04:31:21.234+0000] {dag.py:4138} INFO - Setting next_dagrun for dataset_with_extra_by_context to 2024-09-01 00:00:00+00:00, run_after=2024-09-02 00:00:00+00:00
[2024-09-02T04:31:21.253+0000] {logging_mixin.py:190} INFO - [2024-09-02T04:31:21.252+0000] {dag.py:4138} INFO - Setting next_dagrun for dataset_with_extra_by_yield to 2024-09-01 00:00:00+00:00, run_after=2024-09-02 00:00:00+00:00
[2024-09-02T04:31:21.261+0000] {logging_mixin.py:190} INFO - [2024-09-02T04:31:21.260+0000] {dag.py:4138} INFO - Setting next_dagrun for dataset_with_extra_from_classic_operator to 2024-09-01 00:00:00+00:00, run_after=2024-09-02 00:00:00+00:00
[2024-09-02T04:31:21.357+0000] {processor.py:208} INFO - Processing /home/airflow/.local/lib/python3.12/site-packages/airflow/example_dags/example_outlet_event_extra.py took 1.050 seconds
[2024-09-02T04:31:52.866+0000] {processor.py:186} INFO - Started process (PID=733) to work on /home/airflow/.local/lib/python3.12/site-packages/airflow/example_dags/example_outlet_event_extra.py
[2024-09-02T04:31:52.870+0000] {processor.py:914} INFO - Processing file /home/airflow/.local/lib/python3.12/site-packages/airflow/example_dags/example_outlet_event_extra.py for tasks to queue
[2024-09-02T04:31:52.890+0000] {logging_mixin.py:190} INFO - [2024-09-02T04:31:52.889+0000] {dagbag.py:587} INFO - Filling up the DagBag from /home/airflow/.local/lib/python3.12/site-packages/airflow/example_dags/example_outlet_event_extra.py
[2024-09-02T04:31:54.236+0000] {processor.py:925} INFO - DAG(s) 'dataset_with_extra_by_context', 'dataset_with_extra_from_classic_operator', 'dataset_with_extra_by_yield' retrieved from /home/airflow/.local/lib/python3.12/site-packages/airflow/example_dags/example_outlet_event_extra.py
[2024-09-02T04:31:54.427+0000] {logging_mixin.py:190} INFO - [2024-09-02T04:31:54.427+0000] {dag.py:3211} INFO - Sync 3 DAGs
[2024-09-02T04:31:54.682+0000] {logging_mixin.py:190} INFO - [2024-09-02T04:31:54.682+0000] {dag.py:4138} INFO - Setting next_dagrun for dataset_with_extra_by_context to 2024-09-01 00:00:00+00:00, run_after=2024-09-02 00:00:00+00:00
[2024-09-02T04:31:54.739+0000] {logging_mixin.py:190} INFO - [2024-09-02T04:31:54.726+0000] {dag.py:4138} INFO - Setting next_dagrun for dataset_with_extra_by_yield to 2024-09-01 00:00:00+00:00, run_after=2024-09-02 00:00:00+00:00
[2024-09-02T04:31:54.758+0000] {logging_mixin.py:190} INFO - [2024-09-02T04:31:54.758+0000] {dag.py:4138} INFO - Setting next_dagrun for dataset_with_extra_from_classic_operator to 2024-09-01 00:00:00+00:00, run_after=2024-09-02 00:00:00+00:00
[2024-09-02T04:31:54.985+0000] {processor.py:208} INFO - Processing /home/airflow/.local/lib/python3.12/site-packages/airflow/example_dags/example_outlet_event_extra.py took 2.165 seconds
[2024-09-02T04:32:26.452+0000] {processor.py:186} INFO - Started process (PID=798) to work on /home/airflow/.local/lib/python3.12/site-packages/airflow/example_dags/example_outlet_event_extra.py
[2024-09-02T04:32:26.460+0000] {processor.py:914} INFO - Processing file /home/airflow/.local/lib/python3.12/site-packages/airflow/example_dags/example_outlet_event_extra.py for tasks to queue
[2024-09-02T04:32:26.478+0000] {logging_mixin.py:190} INFO - [2024-09-02T04:32:26.477+0000] {dagbag.py:587} INFO - Filling up the DagBag from /home/airflow/.local/lib/python3.12/site-packages/airflow/example_dags/example_outlet_event_extra.py
[2024-09-02T04:32:27.828+0000] {processor.py:925} INFO - DAG(s) 'dataset_with_extra_by_yield', 'dataset_with_extra_by_context', 'dataset_with_extra_from_classic_operator' retrieved from /home/airflow/.local/lib/python3.12/site-packages/airflow/example_dags/example_outlet_event_extra.py
[2024-09-02T04:32:28.096+0000] {logging_mixin.py:190} INFO - [2024-09-02T04:32:28.096+0000] {dag.py:3211} INFO - Sync 3 DAGs
[2024-09-02T04:32:28.242+0000] {logging_mixin.py:190} INFO - [2024-09-02T04:32:28.241+0000] {dag.py:4138} INFO - Setting next_dagrun for dataset_with_extra_by_context to 2024-09-01 00:00:00+00:00, run_after=2024-09-02 00:00:00+00:00
[2024-09-02T04:32:28.265+0000] {logging_mixin.py:190} INFO - [2024-09-02T04:32:28.264+0000] {dag.py:4138} INFO - Setting next_dagrun for dataset_with_extra_by_yield to 2024-09-01 00:00:00+00:00, run_after=2024-09-02 00:00:00+00:00
[2024-09-02T04:32:28.277+0000] {logging_mixin.py:190} INFO - [2024-09-02T04:32:28.276+0000] {dag.py:4138} INFO - Setting next_dagrun for dataset_with_extra_from_classic_operator to 2024-09-01 00:00:00+00:00, run_after=2024-09-02 00:00:00+00:00
[2024-09-02T04:32:28.376+0000] {processor.py:208} INFO - Processing /home/airflow/.local/lib/python3.12/site-packages/airflow/example_dags/example_outlet_event_extra.py took 1.975 seconds
[2024-09-02T04:32:59.065+0000] {processor.py:186} INFO - Started process (PID=862) to work on /home/airflow/.local/lib/python3.12/site-packages/airflow/example_dags/example_outlet_event_extra.py
[2024-09-02T04:32:59.080+0000] {processor.py:914} INFO - Processing file /home/airflow/.local/lib/python3.12/site-packages/airflow/example_dags/example_outlet_event_extra.py for tasks to queue
[2024-09-02T04:32:59.086+0000] {logging_mixin.py:190} INFO - [2024-09-02T04:32:59.085+0000] {dagbag.py:587} INFO - Filling up the DagBag from /home/airflow/.local/lib/python3.12/site-packages/airflow/example_dags/example_outlet_event_extra.py
[2024-09-02T04:33:01.040+0000] {processor.py:925} INFO - DAG(s) 'dataset_with_extra_from_classic_operator', 'dataset_with_extra_by_yield', 'dataset_with_extra_by_context' retrieved from /home/airflow/.local/lib/python3.12/site-packages/airflow/example_dags/example_outlet_event_extra.py
[2024-09-02T04:33:01.169+0000] {logging_mixin.py:190} INFO - [2024-09-02T04:33:01.168+0000] {dag.py:3211} INFO - Sync 3 DAGs
[2024-09-02T04:33:01.326+0000] {logging_mixin.py:190} INFO - [2024-09-02T04:33:01.313+0000] {dag.py:4138} INFO - Setting next_dagrun for dataset_with_extra_by_context to 2024-09-01 00:00:00+00:00, run_after=2024-09-02 00:00:00+00:00
[2024-09-02T04:33:01.364+0000] {logging_mixin.py:190} INFO - [2024-09-02T04:33:01.364+0000] {dag.py:4138} INFO - Setting next_dagrun for dataset_with_extra_by_yield to 2024-09-01 00:00:00+00:00, run_after=2024-09-02 00:00:00+00:00
[2024-09-02T04:33:01.413+0000] {logging_mixin.py:190} INFO - [2024-09-02T04:33:01.401+0000] {dag.py:4138} INFO - Setting next_dagrun for dataset_with_extra_from_classic_operator to 2024-09-01 00:00:00+00:00, run_after=2024-09-02 00:00:00+00:00
[2024-09-02T04:33:01.562+0000] {processor.py:208} INFO - Processing /home/airflow/.local/lib/python3.12/site-packages/airflow/example_dags/example_outlet_event_extra.py took 2.545 seconds
[2024-09-02T04:33:31.826+0000] {processor.py:186} INFO - Started process (PID=925) to work on /home/airflow/.local/lib/python3.12/site-packages/airflow/example_dags/example_outlet_event_extra.py
[2024-09-02T04:33:31.828+0000] {processor.py:914} INFO - Processing file /home/airflow/.local/lib/python3.12/site-packages/airflow/example_dags/example_outlet_event_extra.py for tasks to queue
[2024-09-02T04:33:31.843+0000] {logging_mixin.py:190} INFO - [2024-09-02T04:33:31.843+0000] {dagbag.py:587} INFO - Filling up the DagBag from /home/airflow/.local/lib/python3.12/site-packages/airflow/example_dags/example_outlet_event_extra.py
[2024-09-02T04:33:32.727+0000] {processor.py:925} INFO - DAG(s) 'dataset_with_extra_by_context', 'dataset_with_extra_from_classic_operator', 'dataset_with_extra_by_yield' retrieved from /home/airflow/.local/lib/python3.12/site-packages/airflow/example_dags/example_outlet_event_extra.py
[2024-09-02T04:33:32.897+0000] {logging_mixin.py:190} INFO - [2024-09-02T04:33:32.897+0000] {dag.py:3211} INFO - Sync 3 DAGs
[2024-09-02T04:33:33.060+0000] {logging_mixin.py:190} INFO - [2024-09-02T04:33:33.059+0000] {dag.py:4138} INFO - Setting next_dagrun for dataset_with_extra_by_context to 2024-09-01 00:00:00+00:00, run_after=2024-09-02 00:00:00+00:00
[2024-09-02T04:33:33.092+0000] {logging_mixin.py:190} INFO - [2024-09-02T04:33:33.092+0000] {dag.py:4138} INFO - Setting next_dagrun for dataset_with_extra_by_yield to 2024-09-01 00:00:00+00:00, run_after=2024-09-02 00:00:00+00:00
[2024-09-02T04:33:33.099+0000] {logging_mixin.py:190} INFO - [2024-09-02T04:33:33.099+0000] {dag.py:4138} INFO - Setting next_dagrun for dataset_with_extra_from_classic_operator to 2024-09-01 00:00:00+00:00, run_after=2024-09-02 00:00:00+00:00
[2024-09-02T04:33:33.255+0000] {processor.py:208} INFO - Processing /home/airflow/.local/lib/python3.12/site-packages/airflow/example_dags/example_outlet_event_extra.py took 1.462 seconds
[2024-09-02T04:34:03.734+0000] {processor.py:186} INFO - Started process (PID=988) to work on /home/airflow/.local/lib/python3.12/site-packages/airflow/example_dags/example_outlet_event_extra.py
[2024-09-02T04:34:03.738+0000] {processor.py:914} INFO - Processing file /home/airflow/.local/lib/python3.12/site-packages/airflow/example_dags/example_outlet_event_extra.py for tasks to queue
[2024-09-02T04:34:03.757+0000] {logging_mixin.py:190} INFO - [2024-09-02T04:34:03.756+0000] {dagbag.py:587} INFO - Filling up the DagBag from /home/airflow/.local/lib/python3.12/site-packages/airflow/example_dags/example_outlet_event_extra.py
[2024-09-02T04:34:04.643+0000] {processor.py:925} INFO - DAG(s) 'dataset_with_extra_from_classic_operator', 'dataset_with_extra_by_context', 'dataset_with_extra_by_yield' retrieved from /home/airflow/.local/lib/python3.12/site-packages/airflow/example_dags/example_outlet_event_extra.py
[2024-09-02T04:34:04.774+0000] {logging_mixin.py:190} INFO - [2024-09-02T04:34:04.773+0000] {dag.py:3211} INFO - Sync 3 DAGs
[2024-09-02T04:34:04.941+0000] {logging_mixin.py:190} INFO - [2024-09-02T04:34:04.941+0000] {dag.py:4138} INFO - Setting next_dagrun for dataset_with_extra_by_context to 2024-09-01 00:00:00+00:00, run_after=2024-09-02 00:00:00+00:00
[2024-09-02T04:34:04.972+0000] {logging_mixin.py:190} INFO - [2024-09-02T04:34:04.971+0000] {dag.py:4138} INFO - Setting next_dagrun for dataset_with_extra_by_yield to 2024-09-01 00:00:00+00:00, run_after=2024-09-02 00:00:00+00:00
[2024-09-02T04:34:04.990+0000] {logging_mixin.py:190} INFO - [2024-09-02T04:34:04.989+0000] {dag.py:4138} INFO - Setting next_dagrun for dataset_with_extra_from_classic_operator to 2024-09-01 00:00:00+00:00, run_after=2024-09-02 00:00:00+00:00
[2024-09-02T04:34:05.138+0000] {processor.py:208} INFO - Processing /home/airflow/.local/lib/python3.12/site-packages/airflow/example_dags/example_outlet_event_extra.py took 1.438 seconds
[2024-09-02T04:34:39.852+0000] {processor.py:186} INFO - Started process (PID=1051) to work on /home/airflow/.local/lib/python3.12/site-packages/airflow/example_dags/example_outlet_event_extra.py
[2024-09-02T04:34:39.861+0000] {processor.py:914} INFO - Processing file /home/airflow/.local/lib/python3.12/site-packages/airflow/example_dags/example_outlet_event_extra.py for tasks to queue
[2024-09-02T04:34:39.876+0000] {logging_mixin.py:190} INFO - [2024-09-02T04:34:39.875+0000] {dagbag.py:587} INFO - Filling up the DagBag from /home/airflow/.local/lib/python3.12/site-packages/airflow/example_dags/example_outlet_event_extra.py
[2024-09-02T04:34:41.051+0000] {processor.py:925} INFO - DAG(s) 'dataset_with_extra_by_yield', 'dataset_with_extra_by_context', 'dataset_with_extra_from_classic_operator' retrieved from /home/airflow/.local/lib/python3.12/site-packages/airflow/example_dags/example_outlet_event_extra.py
[2024-09-02T04:34:41.283+0000] {logging_mixin.py:190} INFO - [2024-09-02T04:34:41.282+0000] {dag.py:3211} INFO - Sync 3 DAGs
[2024-09-02T04:34:41.490+0000] {logging_mixin.py:190} INFO - [2024-09-02T04:34:41.490+0000] {dag.py:4138} INFO - Setting next_dagrun for dataset_with_extra_by_context to 2024-09-01 00:00:00+00:00, run_after=2024-09-02 00:00:00+00:00
[2024-09-02T04:34:41.536+0000] {logging_mixin.py:190} INFO - [2024-09-02T04:34:41.536+0000] {dag.py:4138} INFO - Setting next_dagrun for dataset_with_extra_by_yield to 2024-09-01 00:00:00+00:00, run_after=2024-09-02 00:00:00+00:00
[2024-09-02T04:34:41.567+0000] {logging_mixin.py:190} INFO - [2024-09-02T04:34:41.555+0000] {dag.py:4138} INFO - Setting next_dagrun for dataset_with_extra_from_classic_operator to 2024-09-01 00:00:00+00:00, run_after=2024-09-02 00:00:00+00:00
[2024-09-02T04:34:41.752+0000] {processor.py:208} INFO - Processing /home/airflow/.local/lib/python3.12/site-packages/airflow/example_dags/example_outlet_event_extra.py took 1.959 seconds
[2024-09-02T04:35:12.093+0000] {processor.py:186} INFO - Started process (PID=1114) to work on /home/airflow/.local/lib/python3.12/site-packages/airflow/example_dags/example_outlet_event_extra.py
[2024-09-02T04:35:12.106+0000] {processor.py:914} INFO - Processing file /home/airflow/.local/lib/python3.12/site-packages/airflow/example_dags/example_outlet_event_extra.py for tasks to queue
[2024-09-02T04:35:12.125+0000] {logging_mixin.py:190} INFO - [2024-09-02T04:35:12.124+0000] {dagbag.py:587} INFO - Filling up the DagBag from /home/airflow/.local/lib/python3.12/site-packages/airflow/example_dags/example_outlet_event_extra.py
[2024-09-02T04:35:13.611+0000] {processor.py:925} INFO - DAG(s) 'dataset_with_extra_by_context', 'dataset_with_extra_from_classic_operator', 'dataset_with_extra_by_yield' retrieved from /home/airflow/.local/lib/python3.12/site-packages/airflow/example_dags/example_outlet_event_extra.py
[2024-09-02T04:35:13.932+0000] {logging_mixin.py:190} INFO - [2024-09-02T04:35:13.931+0000] {dag.py:3211} INFO - Sync 3 DAGs
[2024-09-02T04:35:14.215+0000] {logging_mixin.py:190} INFO - [2024-09-02T04:35:14.215+0000] {dag.py:4138} INFO - Setting next_dagrun for dataset_with_extra_by_context to 2024-09-01 00:00:00+00:00, run_after=2024-09-02 00:00:00+00:00
[2024-09-02T04:35:14.262+0000] {logging_mixin.py:190} INFO - [2024-09-02T04:35:14.261+0000] {dag.py:4138} INFO - Setting next_dagrun for dataset_with_extra_by_yield to 2024-09-01 00:00:00+00:00, run_after=2024-09-02 00:00:00+00:00
[2024-09-02T04:35:14.295+0000] {logging_mixin.py:190} INFO - [2024-09-02T04:35:14.294+0000] {dag.py:4138} INFO - Setting next_dagrun for dataset_with_extra_from_classic_operator to 2024-09-01 00:00:00+00:00, run_after=2024-09-02 00:00:00+00:00
[2024-09-02T04:35:14.499+0000] {processor.py:208} INFO - Processing /home/airflow/.local/lib/python3.12/site-packages/airflow/example_dags/example_outlet_event_extra.py took 2.445 seconds
[2024-09-02T04:35:45.275+0000] {processor.py:186} INFO - Started process (PID=1180) to work on /home/airflow/.local/lib/python3.12/site-packages/airflow/example_dags/example_outlet_event_extra.py
[2024-09-02T04:35:45.290+0000] {processor.py:914} INFO - Processing file /home/airflow/.local/lib/python3.12/site-packages/airflow/example_dags/example_outlet_event_extra.py for tasks to queue
[2024-09-02T04:35:45.324+0000] {logging_mixin.py:190} INFO - [2024-09-02T04:35:45.306+0000] {dagbag.py:587} INFO - Filling up the DagBag from /home/airflow/.local/lib/python3.12/site-packages/airflow/example_dags/example_outlet_event_extra.py
[2024-09-02T04:35:46.104+0000] {processor.py:925} INFO - DAG(s) 'dataset_with_extra_by_yield', 'dataset_with_extra_from_classic_operator', 'dataset_with_extra_by_context' retrieved from /home/airflow/.local/lib/python3.12/site-packages/airflow/example_dags/example_outlet_event_extra.py
[2024-09-02T04:35:46.260+0000] {logging_mixin.py:190} INFO - [2024-09-02T04:35:46.260+0000] {dag.py:3211} INFO - Sync 3 DAGs
[2024-09-02T04:35:46.389+0000] {logging_mixin.py:190} INFO - [2024-09-02T04:35:46.388+0000] {dag.py:4138} INFO - Setting next_dagrun for dataset_with_extra_by_context to 2024-09-01 00:00:00+00:00, run_after=2024-09-02 00:00:00+00:00
[2024-09-02T04:35:46.427+0000] {logging_mixin.py:190} INFO - [2024-09-02T04:35:46.426+0000] {dag.py:4138} INFO - Setting next_dagrun for dataset_with_extra_by_yield to 2024-09-01 00:00:00+00:00, run_after=2024-09-02 00:00:00+00:00
[2024-09-02T04:35:46.442+0000] {logging_mixin.py:190} INFO - [2024-09-02T04:35:46.442+0000] {dag.py:4138} INFO - Setting next_dagrun for dataset_with_extra_from_classic_operator to 2024-09-01 00:00:00+00:00, run_after=2024-09-02 00:00:00+00:00
[2024-09-02T04:35:46.512+0000] {processor.py:208} INFO - Processing /home/airflow/.local/lib/python3.12/site-packages/airflow/example_dags/example_outlet_event_extra.py took 1.275 seconds
[2024-09-02T04:36:17.276+0000] {processor.py:186} INFO - Started process (PID=1243) to work on /home/airflow/.local/lib/python3.12/site-packages/airflow/example_dags/example_outlet_event_extra.py
[2024-09-02T04:36:17.280+0000] {processor.py:914} INFO - Processing file /home/airflow/.local/lib/python3.12/site-packages/airflow/example_dags/example_outlet_event_extra.py for tasks to queue
[2024-09-02T04:36:17.291+0000] {logging_mixin.py:190} INFO - [2024-09-02T04:36:17.290+0000] {dagbag.py:587} INFO - Filling up the DagBag from /home/airflow/.local/lib/python3.12/site-packages/airflow/example_dags/example_outlet_event_extra.py
[2024-09-02T04:36:17.710+0000] {processor.py:925} INFO - DAG(s) 'dataset_with_extra_from_classic_operator', 'dataset_with_extra_by_context', 'dataset_with_extra_by_yield' retrieved from /home/airflow/.local/lib/python3.12/site-packages/airflow/example_dags/example_outlet_event_extra.py
[2024-09-02T04:36:17.780+0000] {logging_mixin.py:190} INFO - [2024-09-02T04:36:17.779+0000] {dag.py:3211} INFO - Sync 3 DAGs
[2024-09-02T04:36:17.856+0000] {logging_mixin.py:190} INFO - [2024-09-02T04:36:17.855+0000] {dag.py:4138} INFO - Setting next_dagrun for dataset_with_extra_by_context to 2024-09-01 00:00:00+00:00, run_after=2024-09-02 00:00:00+00:00
[2024-09-02T04:36:17.870+0000] {logging_mixin.py:190} INFO - [2024-09-02T04:36:17.869+0000] {dag.py:4138} INFO - Setting next_dagrun for dataset_with_extra_by_yield to 2024-09-01 00:00:00+00:00, run_after=2024-09-02 00:00:00+00:00
[2024-09-02T04:36:17.878+0000] {logging_mixin.py:190} INFO - [2024-09-02T04:36:17.877+0000] {dag.py:4138} INFO - Setting next_dagrun for dataset_with_extra_from_classic_operator to 2024-09-01 00:00:00+00:00, run_after=2024-09-02 00:00:00+00:00
[2024-09-02T04:36:17.954+0000] {processor.py:208} INFO - Processing /home/airflow/.local/lib/python3.12/site-packages/airflow/example_dags/example_outlet_event_extra.py took 0.694 seconds
[2024-09-02T04:36:48.929+0000] {processor.py:186} INFO - Started process (PID=1306) to work on /home/airflow/.local/lib/python3.12/site-packages/airflow/example_dags/example_outlet_event_extra.py
[2024-09-02T04:36:48.931+0000] {processor.py:914} INFO - Processing file /home/airflow/.local/lib/python3.12/site-packages/airflow/example_dags/example_outlet_event_extra.py for tasks to queue
[2024-09-02T04:36:48.947+0000] {logging_mixin.py:190} INFO - [2024-09-02T04:36:48.946+0000] {dagbag.py:587} INFO - Filling up the DagBag from /home/airflow/.local/lib/python3.12/site-packages/airflow/example_dags/example_outlet_event_extra.py
[2024-09-02T04:36:49.420+0000] {processor.py:925} INFO - DAG(s) 'dataset_with_extra_by_yield', 'dataset_with_extra_from_classic_operator', 'dataset_with_extra_by_context' retrieved from /home/airflow/.local/lib/python3.12/site-packages/airflow/example_dags/example_outlet_event_extra.py
[2024-09-02T04:36:49.487+0000] {logging_mixin.py:190} INFO - [2024-09-02T04:36:49.487+0000] {dag.py:3211} INFO - Sync 3 DAGs
[2024-09-02T04:36:49.547+0000] {logging_mixin.py:190} INFO - [2024-09-02T04:36:49.546+0000] {dag.py:4138} INFO - Setting next_dagrun for dataset_with_extra_by_context to 2024-09-01 00:00:00+00:00, run_after=2024-09-02 00:00:00+00:00
[2024-09-02T04:36:49.558+0000] {logging_mixin.py:190} INFO - [2024-09-02T04:36:49.557+0000] {dag.py:4138} INFO - Setting next_dagrun for dataset_with_extra_by_yield to 2024-09-01 00:00:00+00:00, run_after=2024-09-02 00:00:00+00:00
[2024-09-02T04:36:49.563+0000] {logging_mixin.py:190} INFO - [2024-09-02T04:36:49.563+0000] {dag.py:4138} INFO - Setting next_dagrun for dataset_with_extra_from_classic_operator to 2024-09-01 00:00:00+00:00, run_after=2024-09-02 00:00:00+00:00
[2024-09-02T04:36:49.614+0000] {processor.py:208} INFO - Processing /home/airflow/.local/lib/python3.12/site-packages/airflow/example_dags/example_outlet_event_extra.py took 0.711 seconds
[2024-09-02T04:37:20.066+0000] {processor.py:186} INFO - Started process (PID=1370) to work on /home/airflow/.local/lib/python3.12/site-packages/airflow/example_dags/example_outlet_event_extra.py
[2024-09-02T04:37:20.069+0000] {processor.py:914} INFO - Processing file /home/airflow/.local/lib/python3.12/site-packages/airflow/example_dags/example_outlet_event_extra.py for tasks to queue
[2024-09-02T04:37:20.075+0000] {logging_mixin.py:190} INFO - [2024-09-02T04:37:20.074+0000] {dagbag.py:587} INFO - Filling up the DagBag from /home/airflow/.local/lib/python3.12/site-packages/airflow/example_dags/example_outlet_event_extra.py
[2024-09-02T04:37:20.518+0000] {processor.py:925} INFO - DAG(s) 'dataset_with_extra_by_yield', 'dataset_with_extra_by_context', 'dataset_with_extra_from_classic_operator' retrieved from /home/airflow/.local/lib/python3.12/site-packages/airflow/example_dags/example_outlet_event_extra.py
[2024-09-02T04:37:20.569+0000] {logging_mixin.py:190} INFO - [2024-09-02T04:37:20.568+0000] {dag.py:3211} INFO - Sync 3 DAGs
[2024-09-02T04:37:20.628+0000] {logging_mixin.py:190} INFO - [2024-09-02T04:37:20.628+0000] {dag.py:4138} INFO - Setting next_dagrun for dataset_with_extra_by_context to 2024-09-01 00:00:00+00:00, run_after=2024-09-02 00:00:00+00:00
[2024-09-02T04:37:20.639+0000] {logging_mixin.py:190} INFO - [2024-09-02T04:37:20.638+0000] {dag.py:4138} INFO - Setting next_dagrun for dataset_with_extra_by_yield to 2024-09-01 00:00:00+00:00, run_after=2024-09-02 00:00:00+00:00
[2024-09-02T04:37:20.643+0000] {logging_mixin.py:190} INFO - [2024-09-02T04:37:20.643+0000] {dag.py:4138} INFO - Setting next_dagrun for dataset_with_extra_from_classic_operator to 2024-09-01 00:00:00+00:00, run_after=2024-09-02 00:00:00+00:00
[2024-09-02T04:37:20.685+0000] {processor.py:208} INFO - Processing /home/airflow/.local/lib/python3.12/site-packages/airflow/example_dags/example_outlet_event_extra.py took 0.646 seconds
[2024-09-02T04:37:50.958+0000] {processor.py:186} INFO - Started process (PID=1433) to work on /home/airflow/.local/lib/python3.12/site-packages/airflow/example_dags/example_outlet_event_extra.py
[2024-09-02T04:37:50.961+0000] {processor.py:914} INFO - Processing file /home/airflow/.local/lib/python3.12/site-packages/airflow/example_dags/example_outlet_event_extra.py for tasks to queue
[2024-09-02T04:37:50.972+0000] {logging_mixin.py:190} INFO - [2024-09-02T04:37:50.969+0000] {dagbag.py:587} INFO - Filling up the DagBag from /home/airflow/.local/lib/python3.12/site-packages/airflow/example_dags/example_outlet_event_extra.py
[2024-09-02T04:37:51.573+0000] {processor.py:925} INFO - DAG(s) 'dataset_with_extra_by_yield', 'dataset_with_extra_by_context', 'dataset_with_extra_from_classic_operator' retrieved from /home/airflow/.local/lib/python3.12/site-packages/airflow/example_dags/example_outlet_event_extra.py
[2024-09-02T04:37:51.668+0000] {logging_mixin.py:190} INFO - [2024-09-02T04:37:51.667+0000] {dag.py:3211} INFO - Sync 3 DAGs
[2024-09-02T04:37:51.761+0000] {logging_mixin.py:190} INFO - [2024-09-02T04:37:51.761+0000] {dag.py:4138} INFO - Setting next_dagrun for dataset_with_extra_by_context to 2024-09-01 00:00:00+00:00, run_after=2024-09-02 00:00:00+00:00
[2024-09-02T04:37:51.776+0000] {logging_mixin.py:190} INFO - [2024-09-02T04:37:51.775+0000] {dag.py:4138} INFO - Setting next_dagrun for dataset_with_extra_by_yield to 2024-09-01 00:00:00+00:00, run_after=2024-09-02 00:00:00+00:00
[2024-09-02T04:37:51.792+0000] {logging_mixin.py:190} INFO - [2024-09-02T04:37:51.791+0000] {dag.py:4138} INFO - Setting next_dagrun for dataset_with_extra_from_classic_operator to 2024-09-01 00:00:00+00:00, run_after=2024-09-02 00:00:00+00:00
[2024-09-02T04:37:51.873+0000] {processor.py:208} INFO - Processing /home/airflow/.local/lib/python3.12/site-packages/airflow/example_dags/example_outlet_event_extra.py took 0.949 seconds
[2024-09-02T04:38:22.394+0000] {processor.py:186} INFO - Started process (PID=1497) to work on /home/airflow/.local/lib/python3.12/site-packages/airflow/example_dags/example_outlet_event_extra.py
[2024-09-02T04:38:22.397+0000] {processor.py:914} INFO - Processing file /home/airflow/.local/lib/python3.12/site-packages/airflow/example_dags/example_outlet_event_extra.py for tasks to queue
[2024-09-02T04:38:22.409+0000] {logging_mixin.py:190} INFO - [2024-09-02T04:38:22.408+0000] {dagbag.py:587} INFO - Filling up the DagBag from /home/airflow/.local/lib/python3.12/site-packages/airflow/example_dags/example_outlet_event_extra.py
[2024-09-02T04:38:23.237+0000] {processor.py:925} INFO - DAG(s) 'dataset_with_extra_by_context', 'dataset_with_extra_by_yield', 'dataset_with_extra_from_classic_operator' retrieved from /home/airflow/.local/lib/python3.12/site-packages/airflow/example_dags/example_outlet_event_extra.py
[2024-09-02T04:38:23.353+0000] {logging_mixin.py:190} INFO - [2024-09-02T04:38:23.352+0000] {dag.py:3211} INFO - Sync 3 DAGs
[2024-09-02T04:38:23.514+0000] {logging_mixin.py:190} INFO - [2024-09-02T04:38:23.514+0000] {dag.py:4138} INFO - Setting next_dagrun for dataset_with_extra_by_context to 2024-09-01 00:00:00+00:00, run_after=2024-09-02 00:00:00+00:00
[2024-09-02T04:38:23.538+0000] {logging_mixin.py:190} INFO - [2024-09-02T04:38:23.537+0000] {dag.py:4138} INFO - Setting next_dagrun for dataset_with_extra_by_yield to 2024-09-01 00:00:00+00:00, run_after=2024-09-02 00:00:00+00:00
[2024-09-02T04:38:23.564+0000] {logging_mixin.py:190} INFO - [2024-09-02T04:38:23.564+0000] {dag.py:4138} INFO - Setting next_dagrun for dataset_with_extra_from_classic_operator to 2024-09-01 00:00:00+00:00, run_after=2024-09-02 00:00:00+00:00
[2024-09-02T04:38:23.693+0000] {processor.py:208} INFO - Processing /home/airflow/.local/lib/python3.12/site-packages/airflow/example_dags/example_outlet_event_extra.py took 1.312 seconds
[2024-09-02T04:38:53.918+0000] {processor.py:186} INFO - Started process (PID=1561) to work on /home/airflow/.local/lib/python3.12/site-packages/airflow/example_dags/example_outlet_event_extra.py
[2024-09-02T04:38:53.921+0000] {processor.py:914} INFO - Processing file /home/airflow/.local/lib/python3.12/site-packages/airflow/example_dags/example_outlet_event_extra.py for tasks to queue
[2024-09-02T04:38:53.930+0000] {logging_mixin.py:190} INFO - [2024-09-02T04:38:53.929+0000] {dagbag.py:587} INFO - Filling up the DagBag from /home/airflow/.local/lib/python3.12/site-packages/airflow/example_dags/example_outlet_event_extra.py
[2024-09-02T04:38:54.352+0000] {processor.py:925} INFO - DAG(s) 'dataset_with_extra_from_classic_operator', 'dataset_with_extra_by_yield', 'dataset_with_extra_by_context' retrieved from /home/airflow/.local/lib/python3.12/site-packages/airflow/example_dags/example_outlet_event_extra.py
[2024-09-02T04:38:54.423+0000] {logging_mixin.py:190} INFO - [2024-09-02T04:38:54.423+0000] {dag.py:3211} INFO - Sync 3 DAGs
[2024-09-02T04:38:54.512+0000] {logging_mixin.py:190} INFO - [2024-09-02T04:38:54.511+0000] {dag.py:4138} INFO - Setting next_dagrun for dataset_with_extra_by_context to 2024-09-01 00:00:00+00:00, run_after=2024-09-02 00:00:00+00:00
[2024-09-02T04:38:54.529+0000] {logging_mixin.py:190} INFO - [2024-09-02T04:38:54.528+0000] {dag.py:4138} INFO - Setting next_dagrun for dataset_with_extra_by_yield to 2024-09-01 00:00:00+00:00, run_after=2024-09-02 00:00:00+00:00
[2024-09-02T04:38:54.535+0000] {logging_mixin.py:190} INFO - [2024-09-02T04:38:54.534+0000] {dag.py:4138} INFO - Setting next_dagrun for dataset_with_extra_from_classic_operator to 2024-09-01 00:00:00+00:00, run_after=2024-09-02 00:00:00+00:00
[2024-09-02T04:38:54.593+0000] {processor.py:208} INFO - Processing /home/airflow/.local/lib/python3.12/site-packages/airflow/example_dags/example_outlet_event_extra.py took 0.688 seconds
[2024-09-02T04:39:25.497+0000] {processor.py:186} INFO - Started process (PID=1624) to work on /home/airflow/.local/lib/python3.12/site-packages/airflow/example_dags/example_outlet_event_extra.py
[2024-09-02T04:39:25.500+0000] {processor.py:914} INFO - Processing file /home/airflow/.local/lib/python3.12/site-packages/airflow/example_dags/example_outlet_event_extra.py for tasks to queue
[2024-09-02T04:39:25.506+0000] {logging_mixin.py:190} INFO - [2024-09-02T04:39:25.505+0000] {dagbag.py:587} INFO - Filling up the DagBag from /home/airflow/.local/lib/python3.12/site-packages/airflow/example_dags/example_outlet_event_extra.py
[2024-09-02T04:39:25.846+0000] {processor.py:925} INFO - DAG(s) 'dataset_with_extra_by_yield', 'dataset_with_extra_from_classic_operator', 'dataset_with_extra_by_context' retrieved from /home/airflow/.local/lib/python3.12/site-packages/airflow/example_dags/example_outlet_event_extra.py
[2024-09-02T04:39:25.909+0000] {logging_mixin.py:190} INFO - [2024-09-02T04:39:25.909+0000] {dag.py:3211} INFO - Sync 3 DAGs
[2024-09-02T04:39:25.973+0000] {logging_mixin.py:190} INFO - [2024-09-02T04:39:25.972+0000] {dag.py:4138} INFO - Setting next_dagrun for dataset_with_extra_by_context to 2024-09-01 00:00:00+00:00, run_after=2024-09-02 00:00:00+00:00
[2024-09-02T04:39:25.984+0000] {logging_mixin.py:190} INFO - [2024-09-02T04:39:25.984+0000] {dag.py:4138} INFO - Setting next_dagrun for dataset_with_extra_by_yield to 2024-09-01 00:00:00+00:00, run_after=2024-09-02 00:00:00+00:00
[2024-09-02T04:39:25.989+0000] {logging_mixin.py:190} INFO - [2024-09-02T04:39:25.989+0000] {dag.py:4138} INFO - Setting next_dagrun for dataset_with_extra_from_classic_operator to 2024-09-01 00:00:00+00:00, run_after=2024-09-02 00:00:00+00:00
[2024-09-02T04:39:26.057+0000] {processor.py:208} INFO - Processing /home/airflow/.local/lib/python3.12/site-packages/airflow/example_dags/example_outlet_event_extra.py took 0.576 seconds
[2024-09-02T04:39:56.188+0000] {processor.py:186} INFO - Started process (PID=1688) to work on /home/airflow/.local/lib/python3.12/site-packages/airflow/example_dags/example_outlet_event_extra.py
[2024-09-02T04:39:56.190+0000] {processor.py:914} INFO - Processing file /home/airflow/.local/lib/python3.12/site-packages/airflow/example_dags/example_outlet_event_extra.py for tasks to queue
[2024-09-02T04:39:56.196+0000] {logging_mixin.py:190} INFO - [2024-09-02T04:39:56.195+0000] {dagbag.py:587} INFO - Filling up the DagBag from /home/airflow/.local/lib/python3.12/site-packages/airflow/example_dags/example_outlet_event_extra.py
[2024-09-02T04:39:56.512+0000] {processor.py:925} INFO - DAG(s) 'dataset_with_extra_from_classic_operator', 'dataset_with_extra_by_context', 'dataset_with_extra_by_yield' retrieved from /home/airflow/.local/lib/python3.12/site-packages/airflow/example_dags/example_outlet_event_extra.py
[2024-09-02T04:39:56.585+0000] {logging_mixin.py:190} INFO - [2024-09-02T04:39:56.585+0000] {dag.py:3211} INFO - Sync 3 DAGs
[2024-09-02T04:39:56.677+0000] {logging_mixin.py:190} INFO - [2024-09-02T04:39:56.676+0000] {dag.py:4138} INFO - Setting next_dagrun for dataset_with_extra_by_context to 2024-09-01 00:00:00+00:00, run_after=2024-09-02 00:00:00+00:00
[2024-09-02T04:39:56.688+0000] {logging_mixin.py:190} INFO - [2024-09-02T04:39:56.687+0000] {dag.py:4138} INFO - Setting next_dagrun for dataset_with_extra_by_yield to 2024-09-01 00:00:00+00:00, run_after=2024-09-02 00:00:00+00:00
[2024-09-02T04:39:56.694+0000] {logging_mixin.py:190} INFO - [2024-09-02T04:39:56.693+0000] {dag.py:4138} INFO - Setting next_dagrun for dataset_with_extra_from_classic_operator to 2024-09-01 00:00:00+00:00, run_after=2024-09-02 00:00:00+00:00
[2024-09-02T04:39:56.764+0000] {processor.py:208} INFO - Processing /home/airflow/.local/lib/python3.12/site-packages/airflow/example_dags/example_outlet_event_extra.py took 0.588 seconds
[2024-09-02T04:40:27.538+0000] {processor.py:186} INFO - Started process (PID=1750) to work on /home/airflow/.local/lib/python3.12/site-packages/airflow/example_dags/example_outlet_event_extra.py
[2024-09-02T04:40:27.540+0000] {processor.py:914} INFO - Processing file /home/airflow/.local/lib/python3.12/site-packages/airflow/example_dags/example_outlet_event_extra.py for tasks to queue
[2024-09-02T04:40:27.546+0000] {logging_mixin.py:190} INFO - [2024-09-02T04:40:27.545+0000] {dagbag.py:587} INFO - Filling up the DagBag from /home/airflow/.local/lib/python3.12/site-packages/airflow/example_dags/example_outlet_event_extra.py
[2024-09-02T04:40:27.852+0000] {processor.py:925} INFO - DAG(s) 'dataset_with_extra_by_context', 'dataset_with_extra_from_classic_operator', 'dataset_with_extra_by_yield' retrieved from /home/airflow/.local/lib/python3.12/site-packages/airflow/example_dags/example_outlet_event_extra.py
[2024-09-02T04:40:27.911+0000] {logging_mixin.py:190} INFO - [2024-09-02T04:40:27.910+0000] {dag.py:3211} INFO - Sync 3 DAGs
[2024-09-02T04:40:27.979+0000] {logging_mixin.py:190} INFO - [2024-09-02T04:40:27.978+0000] {dag.py:4138} INFO - Setting next_dagrun for dataset_with_extra_by_context to 2024-09-01 00:00:00+00:00, run_after=2024-09-02 00:00:00+00:00
[2024-09-02T04:40:27.992+0000] {logging_mixin.py:190} INFO - [2024-09-02T04:40:27.991+0000] {dag.py:4138} INFO - Setting next_dagrun for dataset_with_extra_by_yield to 2024-09-01 00:00:00+00:00, run_after=2024-09-02 00:00:00+00:00
[2024-09-02T04:40:27.997+0000] {logging_mixin.py:190} INFO - [2024-09-02T04:40:27.997+0000] {dag.py:4138} INFO - Setting next_dagrun for dataset_with_extra_from_classic_operator to 2024-09-01 00:00:00+00:00, run_after=2024-09-02 00:00:00+00:00
[2024-09-02T04:40:28.050+0000] {processor.py:208} INFO - Processing /home/airflow/.local/lib/python3.12/site-packages/airflow/example_dags/example_outlet_event_extra.py took 0.524 seconds
[2024-09-02T04:40:58.502+0000] {processor.py:186} INFO - Started process (PID=1813) to work on /home/airflow/.local/lib/python3.12/site-packages/airflow/example_dags/example_outlet_event_extra.py
[2024-09-02T04:40:58.504+0000] {processor.py:914} INFO - Processing file /home/airflow/.local/lib/python3.12/site-packages/airflow/example_dags/example_outlet_event_extra.py for tasks to queue
[2024-09-02T04:40:58.510+0000] {logging_mixin.py:190} INFO - [2024-09-02T04:40:58.509+0000] {dagbag.py:587} INFO - Filling up the DagBag from /home/airflow/.local/lib/python3.12/site-packages/airflow/example_dags/example_outlet_event_extra.py
[2024-09-02T04:40:58.919+0000] {processor.py:925} INFO - DAG(s) 'dataset_with_extra_by_context', 'dataset_with_extra_by_yield', 'dataset_with_extra_from_classic_operator' retrieved from /home/airflow/.local/lib/python3.12/site-packages/airflow/example_dags/example_outlet_event_extra.py
[2024-09-02T04:40:58.980+0000] {logging_mixin.py:190} INFO - [2024-09-02T04:40:58.979+0000] {dag.py:3211} INFO - Sync 3 DAGs
[2024-09-02T04:40:59.051+0000] {logging_mixin.py:190} INFO - [2024-09-02T04:40:59.051+0000] {dag.py:4138} INFO - Setting next_dagrun for dataset_with_extra_by_context to 2024-09-01 00:00:00+00:00, run_after=2024-09-02 00:00:00+00:00
[2024-09-02T04:40:59.061+0000] {logging_mixin.py:190} INFO - [2024-09-02T04:40:59.061+0000] {dag.py:4138} INFO - Setting next_dagrun for dataset_with_extra_by_yield to 2024-09-01 00:00:00+00:00, run_after=2024-09-02 00:00:00+00:00
[2024-09-02T04:40:59.067+0000] {logging_mixin.py:190} INFO - [2024-09-02T04:40:59.066+0000] {dag.py:4138} INFO - Setting next_dagrun for dataset_with_extra_from_classic_operator to 2024-09-01 00:00:00+00:00, run_after=2024-09-02 00:00:00+00:00
[2024-09-02T04:40:59.120+0000] {processor.py:208} INFO - Processing /home/airflow/.local/lib/python3.12/site-packages/airflow/example_dags/example_outlet_event_extra.py took 0.634 seconds
[2024-09-02T04:41:29.284+0000] {processor.py:186} INFO - Started process (PID=1877) to work on /home/airflow/.local/lib/python3.12/site-packages/airflow/example_dags/example_outlet_event_extra.py
[2024-09-02T04:41:29.287+0000] {processor.py:914} INFO - Processing file /home/airflow/.local/lib/python3.12/site-packages/airflow/example_dags/example_outlet_event_extra.py for tasks to queue
[2024-09-02T04:41:29.293+0000] {logging_mixin.py:190} INFO - [2024-09-02T04:41:29.292+0000] {dagbag.py:587} INFO - Filling up the DagBag from /home/airflow/.local/lib/python3.12/site-packages/airflow/example_dags/example_outlet_event_extra.py
[2024-09-02T04:41:29.665+0000] {processor.py:925} INFO - DAG(s) 'dataset_with_extra_by_yield', 'dataset_with_extra_by_context', 'dataset_with_extra_from_classic_operator' retrieved from /home/airflow/.local/lib/python3.12/site-packages/airflow/example_dags/example_outlet_event_extra.py
[2024-09-02T04:41:29.720+0000] {logging_mixin.py:190} INFO - [2024-09-02T04:41:29.720+0000] {dag.py:3211} INFO - Sync 3 DAGs
[2024-09-02T04:41:29.788+0000] {logging_mixin.py:190} INFO - [2024-09-02T04:41:29.788+0000] {dag.py:4138} INFO - Setting next_dagrun for dataset_with_extra_by_context to 2024-09-01 00:00:00+00:00, run_after=2024-09-02 00:00:00+00:00
[2024-09-02T04:41:29.799+0000] {logging_mixin.py:190} INFO - [2024-09-02T04:41:29.799+0000] {dag.py:4138} INFO - Setting next_dagrun for dataset_with_extra_by_yield to 2024-09-01 00:00:00+00:00, run_after=2024-09-02 00:00:00+00:00
[2024-09-02T04:41:29.805+0000] {logging_mixin.py:190} INFO - [2024-09-02T04:41:29.805+0000] {dag.py:4138} INFO - Setting next_dagrun for dataset_with_extra_from_classic_operator to 2024-09-01 00:00:00+00:00, run_after=2024-09-02 00:00:00+00:00
[2024-09-02T04:41:30.153+0000] {processor.py:208} INFO - Processing /home/airflow/.local/lib/python3.12/site-packages/airflow/example_dags/example_outlet_event_extra.py took 0.883 seconds
[2024-09-02T04:42:00.359+0000] {processor.py:186} INFO - Started process (PID=1942) to work on /home/airflow/.local/lib/python3.12/site-packages/airflow/example_dags/example_outlet_event_extra.py
[2024-09-02T04:42:00.365+0000] {processor.py:914} INFO - Processing file /home/airflow/.local/lib/python3.12/site-packages/airflow/example_dags/example_outlet_event_extra.py for tasks to queue
[2024-09-02T04:42:00.372+0000] {logging_mixin.py:190} INFO - [2024-09-02T04:42:00.371+0000] {dagbag.py:587} INFO - Filling up the DagBag from /home/airflow/.local/lib/python3.12/site-packages/airflow/example_dags/example_outlet_event_extra.py
[2024-09-02T04:42:01.190+0000] {processor.py:925} INFO - DAG(s) 'dataset_with_extra_from_classic_operator', 'dataset_with_extra_by_context', 'dataset_with_extra_by_yield' retrieved from /home/airflow/.local/lib/python3.12/site-packages/airflow/example_dags/example_outlet_event_extra.py
[2024-09-02T04:42:01.251+0000] {logging_mixin.py:190} INFO - [2024-09-02T04:42:01.250+0000] {dag.py:3211} INFO - Sync 3 DAGs
[2024-09-02T04:42:01.313+0000] {logging_mixin.py:190} INFO - [2024-09-02T04:42:01.312+0000] {dag.py:4138} INFO - Setting next_dagrun for dataset_with_extra_by_context to 2024-09-01 00:00:00+00:00, run_after=2024-09-02 00:00:00+00:00
[2024-09-02T04:42:01.323+0000] {logging_mixin.py:190} INFO - [2024-09-02T04:42:01.323+0000] {dag.py:4138} INFO - Setting next_dagrun for dataset_with_extra_by_yield to 2024-09-01 00:00:00+00:00, run_after=2024-09-02 00:00:00+00:00
[2024-09-02T04:42:01.328+0000] {logging_mixin.py:190} INFO - [2024-09-02T04:42:01.328+0000] {dag.py:4138} INFO - Setting next_dagrun for dataset_with_extra_from_classic_operator to 2024-09-01 00:00:00+00:00, run_after=2024-09-02 00:00:00+00:00
[2024-09-02T04:42:01.838+0000] {processor.py:208} INFO - Processing /home/airflow/.local/lib/python3.12/site-packages/airflow/example_dags/example_outlet_event_extra.py took 1.504 seconds
[2024-09-02T04:42:32.108+0000] {processor.py:186} INFO - Started process (PID=2005) to work on /home/airflow/.local/lib/python3.12/site-packages/airflow/example_dags/example_outlet_event_extra.py
[2024-09-02T04:42:32.110+0000] {processor.py:914} INFO - Processing file /home/airflow/.local/lib/python3.12/site-packages/airflow/example_dags/example_outlet_event_extra.py for tasks to queue
[2024-09-02T04:42:32.116+0000] {logging_mixin.py:190} INFO - [2024-09-02T04:42:32.116+0000] {dagbag.py:587} INFO - Filling up the DagBag from /home/airflow/.local/lib/python3.12/site-packages/airflow/example_dags/example_outlet_event_extra.py
[2024-09-02T04:42:32.376+0000] {processor.py:925} INFO - DAG(s) 'dataset_with_extra_by_context', 'dataset_with_extra_by_yield', 'dataset_with_extra_from_classic_operator' retrieved from /home/airflow/.local/lib/python3.12/site-packages/airflow/example_dags/example_outlet_event_extra.py
[2024-09-02T04:42:32.426+0000] {logging_mixin.py:190} INFO - [2024-09-02T04:42:32.426+0000] {dag.py:3211} INFO - Sync 3 DAGs
[2024-09-02T04:42:32.482+0000] {logging_mixin.py:190} INFO - [2024-09-02T04:42:32.482+0000] {dag.py:4138} INFO - Setting next_dagrun for dataset_with_extra_by_context to 2024-09-01 00:00:00+00:00, run_after=2024-09-02 00:00:00+00:00
[2024-09-02T04:42:32.493+0000] {logging_mixin.py:190} INFO - [2024-09-02T04:42:32.492+0000] {dag.py:4138} INFO - Setting next_dagrun for dataset_with_extra_by_yield to 2024-09-01 00:00:00+00:00, run_after=2024-09-02 00:00:00+00:00
[2024-09-02T04:42:32.505+0000] {logging_mixin.py:190} INFO - [2024-09-02T04:42:32.504+0000] {dag.py:4138} INFO - Setting next_dagrun for dataset_with_extra_from_classic_operator to 2024-09-01 00:00:00+00:00, run_after=2024-09-02 00:00:00+00:00
[2024-09-02T04:42:32.572+0000] {processor.py:208} INFO - Processing /home/airflow/.local/lib/python3.12/site-packages/airflow/example_dags/example_outlet_event_extra.py took 0.477 seconds
[2024-09-02T04:43:03.431+0000] {processor.py:186} INFO - Started process (PID=2068) to work on /home/airflow/.local/lib/python3.12/site-packages/airflow/example_dags/example_outlet_event_extra.py
[2024-09-02T04:43:03.433+0000] {processor.py:914} INFO - Processing file /home/airflow/.local/lib/python3.12/site-packages/airflow/example_dags/example_outlet_event_extra.py for tasks to queue
[2024-09-02T04:43:03.439+0000] {logging_mixin.py:190} INFO - [2024-09-02T04:43:03.438+0000] {dagbag.py:587} INFO - Filling up the DagBag from /home/airflow/.local/lib/python3.12/site-packages/airflow/example_dags/example_outlet_event_extra.py
[2024-09-02T04:43:03.904+0000] {processor.py:925} INFO - DAG(s) 'dataset_with_extra_by_context', 'dataset_with_extra_by_yield', 'dataset_with_extra_from_classic_operator' retrieved from /home/airflow/.local/lib/python3.12/site-packages/airflow/example_dags/example_outlet_event_extra.py
[2024-09-02T04:43:03.961+0000] {logging_mixin.py:190} INFO - [2024-09-02T04:43:03.961+0000] {dag.py:3211} INFO - Sync 3 DAGs
[2024-09-02T04:43:04.010+0000] {logging_mixin.py:190} INFO - [2024-09-02T04:43:04.010+0000] {dag.py:4138} INFO - Setting next_dagrun for dataset_with_extra_by_context to 2024-09-01 00:00:00+00:00, run_after=2024-09-02 00:00:00+00:00
[2024-09-02T04:43:04.019+0000] {logging_mixin.py:190} INFO - [2024-09-02T04:43:04.019+0000] {dag.py:4138} INFO - Setting next_dagrun for dataset_with_extra_by_yield to 2024-09-01 00:00:00+00:00, run_after=2024-09-02 00:00:00+00:00
[2024-09-02T04:43:04.024+0000] {logging_mixin.py:190} INFO - [2024-09-02T04:43:04.023+0000] {dag.py:4138} INFO - Setting next_dagrun for dataset_with_extra_from_classic_operator to 2024-09-01 00:00:00+00:00, run_after=2024-09-02 00:00:00+00:00
[2024-09-02T04:43:04.062+0000] {processor.py:208} INFO - Processing /home/airflow/.local/lib/python3.12/site-packages/airflow/example_dags/example_outlet_event_extra.py took 0.648 seconds
[2024-09-02T04:43:34.926+0000] {processor.py:186} INFO - Started process (PID=2131) to work on /home/airflow/.local/lib/python3.12/site-packages/airflow/example_dags/example_outlet_event_extra.py
[2024-09-02T04:43:34.929+0000] {processor.py:914} INFO - Processing file /home/airflow/.local/lib/python3.12/site-packages/airflow/example_dags/example_outlet_event_extra.py for tasks to queue
[2024-09-02T04:43:34.934+0000] {logging_mixin.py:190} INFO - [2024-09-02T04:43:34.934+0000] {dagbag.py:587} INFO - Filling up the DagBag from /home/airflow/.local/lib/python3.12/site-packages/airflow/example_dags/example_outlet_event_extra.py
[2024-09-02T04:43:35.246+0000] {processor.py:925} INFO - DAG(s) 'dataset_with_extra_from_classic_operator', 'dataset_with_extra_by_context', 'dataset_with_extra_by_yield' retrieved from /home/airflow/.local/lib/python3.12/site-packages/airflow/example_dags/example_outlet_event_extra.py
[2024-09-02T04:43:35.310+0000] {logging_mixin.py:190} INFO - [2024-09-02T04:43:35.310+0000] {dag.py:3211} INFO - Sync 3 DAGs
[2024-09-02T04:43:35.446+0000] {logging_mixin.py:190} INFO - [2024-09-02T04:43:35.446+0000] {dag.py:4138} INFO - Setting next_dagrun for dataset_with_extra_by_context to 2024-09-01 00:00:00+00:00, run_after=2024-09-02 00:00:00+00:00
[2024-09-02T04:43:35.465+0000] {logging_mixin.py:190} INFO - [2024-09-02T04:43:35.465+0000] {dag.py:4138} INFO - Setting next_dagrun for dataset_with_extra_by_yield to 2024-09-01 00:00:00+00:00, run_after=2024-09-02 00:00:00+00:00
[2024-09-02T04:43:35.471+0000] {logging_mixin.py:190} INFO - [2024-09-02T04:43:35.471+0000] {dag.py:4138} INFO - Setting next_dagrun for dataset_with_extra_from_classic_operator to 2024-09-01 00:00:00+00:00, run_after=2024-09-02 00:00:00+00:00
[2024-09-02T04:43:35.517+0000] {processor.py:208} INFO - Processing /home/airflow/.local/lib/python3.12/site-packages/airflow/example_dags/example_outlet_event_extra.py took 0.605 seconds
[2024-09-02T04:44:05.882+0000] {processor.py:186} INFO - Started process (PID=2196) to work on /home/airflow/.local/lib/python3.12/site-packages/airflow/example_dags/example_outlet_event_extra.py
[2024-09-02T04:44:05.884+0000] {processor.py:914} INFO - Processing file /home/airflow/.local/lib/python3.12/site-packages/airflow/example_dags/example_outlet_event_extra.py for tasks to queue
[2024-09-02T04:44:05.890+0000] {logging_mixin.py:190} INFO - [2024-09-02T04:44:05.889+0000] {dagbag.py:587} INFO - Filling up the DagBag from /home/airflow/.local/lib/python3.12/site-packages/airflow/example_dags/example_outlet_event_extra.py
[2024-09-02T04:44:06.259+0000] {processor.py:925} INFO - DAG(s) 'dataset_with_extra_by_context', 'dataset_with_extra_from_classic_operator', 'dataset_with_extra_by_yield' retrieved from /home/airflow/.local/lib/python3.12/site-packages/airflow/example_dags/example_outlet_event_extra.py
[2024-09-02T04:44:06.320+0000] {logging_mixin.py:190} INFO - [2024-09-02T04:44:06.319+0000] {dag.py:3211} INFO - Sync 3 DAGs
[2024-09-02T04:44:06.383+0000] {logging_mixin.py:190} INFO - [2024-09-02T04:44:06.383+0000] {dag.py:4138} INFO - Setting next_dagrun for dataset_with_extra_by_context to 2024-09-01 00:00:00+00:00, run_after=2024-09-02 00:00:00+00:00
[2024-09-02T04:44:06.394+0000] {logging_mixin.py:190} INFO - [2024-09-02T04:44:06.393+0000] {dag.py:4138} INFO - Setting next_dagrun for dataset_with_extra_by_yield to 2024-09-01 00:00:00+00:00, run_after=2024-09-02 00:00:00+00:00
[2024-09-02T04:44:06.400+0000] {logging_mixin.py:190} INFO - [2024-09-02T04:44:06.399+0000] {dag.py:4138} INFO - Setting next_dagrun for dataset_with_extra_from_classic_operator to 2024-09-01 00:00:00+00:00, run_after=2024-09-02 00:00:00+00:00
[2024-09-02T04:44:06.463+0000] {processor.py:208} INFO - Processing /home/airflow/.local/lib/python3.12/site-packages/airflow/example_dags/example_outlet_event_extra.py took 0.596 seconds
[2024-09-02T04:44:36.583+0000] {processor.py:186} INFO - Started process (PID=2257) to work on /home/airflow/.local/lib/python3.12/site-packages/airflow/example_dags/example_outlet_event_extra.py
[2024-09-02T04:44:36.588+0000] {processor.py:914} INFO - Processing file /home/airflow/.local/lib/python3.12/site-packages/airflow/example_dags/example_outlet_event_extra.py for tasks to queue
[2024-09-02T04:44:36.593+0000] {logging_mixin.py:190} INFO - [2024-09-02T04:44:36.593+0000] {dagbag.py:587} INFO - Filling up the DagBag from /home/airflow/.local/lib/python3.12/site-packages/airflow/example_dags/example_outlet_event_extra.py
[2024-09-02T04:44:37.013+0000] {processor.py:925} INFO - DAG(s) 'dataset_with_extra_by_yield', 'dataset_with_extra_by_context', 'dataset_with_extra_from_classic_operator' retrieved from /home/airflow/.local/lib/python3.12/site-packages/airflow/example_dags/example_outlet_event_extra.py
[2024-09-02T04:44:37.360+0000] {logging_mixin.py:190} INFO - [2024-09-02T04:44:37.360+0000] {dag.py:3211} INFO - Sync 3 DAGs
[2024-09-02T04:44:37.409+0000] {logging_mixin.py:190} INFO - [2024-09-02T04:44:37.409+0000] {dag.py:4138} INFO - Setting next_dagrun for dataset_with_extra_by_context to 2024-09-01 00:00:00+00:00, run_after=2024-09-02 00:00:00+00:00
[2024-09-02T04:44:37.419+0000] {logging_mixin.py:190} INFO - [2024-09-02T04:44:37.419+0000] {dag.py:4138} INFO - Setting next_dagrun for dataset_with_extra_by_yield to 2024-09-01 00:00:00+00:00, run_after=2024-09-02 00:00:00+00:00
[2024-09-02T04:44:37.424+0000] {logging_mixin.py:190} INFO - [2024-09-02T04:44:37.424+0000] {dag.py:4138} INFO - Setting next_dagrun for dataset_with_extra_from_classic_operator to 2024-09-01 00:00:00+00:00, run_after=2024-09-02 00:00:00+00:00
[2024-09-02T04:44:37.467+0000] {processor.py:208} INFO - Processing /home/airflow/.local/lib/python3.12/site-packages/airflow/example_dags/example_outlet_event_extra.py took 0.897 seconds
[2024-09-02T04:45:07.559+0000] {processor.py:186} INFO - Started process (PID=2322) to work on /home/airflow/.local/lib/python3.12/site-packages/airflow/example_dags/example_outlet_event_extra.py
[2024-09-02T04:45:07.561+0000] {processor.py:914} INFO - Processing file /home/airflow/.local/lib/python3.12/site-packages/airflow/example_dags/example_outlet_event_extra.py for tasks to queue
[2024-09-02T04:45:07.565+0000] {logging_mixin.py:190} INFO - [2024-09-02T04:45:07.565+0000] {dagbag.py:587} INFO - Filling up the DagBag from /home/airflow/.local/lib/python3.12/site-packages/airflow/example_dags/example_outlet_event_extra.py
[2024-09-02T04:45:07.854+0000] {processor.py:925} INFO - DAG(s) 'dataset_with_extra_from_classic_operator', 'dataset_with_extra_by_context', 'dataset_with_extra_by_yield' retrieved from /home/airflow/.local/lib/python3.12/site-packages/airflow/example_dags/example_outlet_event_extra.py
[2024-09-02T04:45:08.171+0000] {logging_mixin.py:190} INFO - [2024-09-02T04:45:08.170+0000] {dag.py:3211} INFO - Sync 3 DAGs
[2024-09-02T04:45:08.214+0000] {logging_mixin.py:190} INFO - [2024-09-02T04:45:08.214+0000] {dag.py:4138} INFO - Setting next_dagrun for dataset_with_extra_by_context to 2024-09-01 00:00:00+00:00, run_after=2024-09-02 00:00:00+00:00
[2024-09-02T04:45:08.225+0000] {logging_mixin.py:190} INFO - [2024-09-02T04:45:08.224+0000] {dag.py:4138} INFO - Setting next_dagrun for dataset_with_extra_by_yield to 2024-09-01 00:00:00+00:00, run_after=2024-09-02 00:00:00+00:00
[2024-09-02T04:45:08.231+0000] {logging_mixin.py:190} INFO - [2024-09-02T04:45:08.231+0000] {dag.py:4138} INFO - Setting next_dagrun for dataset_with_extra_from_classic_operator to 2024-09-01 00:00:00+00:00, run_after=2024-09-02 00:00:00+00:00
[2024-09-02T04:45:08.273+0000] {processor.py:208} INFO - Processing /home/airflow/.local/lib/python3.12/site-packages/airflow/example_dags/example_outlet_event_extra.py took 0.727 seconds
[2024-09-02T04:45:38.476+0000] {processor.py:186} INFO - Started process (PID=2384) to work on /home/airflow/.local/lib/python3.12/site-packages/airflow/example_dags/example_outlet_event_extra.py
[2024-09-02T04:45:38.478+0000] {processor.py:914} INFO - Processing file /home/airflow/.local/lib/python3.12/site-packages/airflow/example_dags/example_outlet_event_extra.py for tasks to queue
[2024-09-02T04:45:38.483+0000] {logging_mixin.py:190} INFO - [2024-09-02T04:45:38.482+0000] {dagbag.py:587} INFO - Filling up the DagBag from /home/airflow/.local/lib/python3.12/site-packages/airflow/example_dags/example_outlet_event_extra.py
[2024-09-02T04:45:38.788+0000] {processor.py:925} INFO - DAG(s) 'dataset_with_extra_by_context', 'dataset_with_extra_by_yield', 'dataset_with_extra_from_classic_operator' retrieved from /home/airflow/.local/lib/python3.12/site-packages/airflow/example_dags/example_outlet_event_extra.py
[2024-09-02T04:45:38.844+0000] {logging_mixin.py:190} INFO - [2024-09-02T04:45:38.843+0000] {dag.py:3211} INFO - Sync 3 DAGs
[2024-09-02T04:45:39.192+0000] {logging_mixin.py:190} INFO - [2024-09-02T04:45:39.191+0000] {dag.py:4138} INFO - Setting next_dagrun for dataset_with_extra_by_context to 2024-09-01 00:00:00+00:00, run_after=2024-09-02 00:00:00+00:00
[2024-09-02T04:45:39.207+0000] {logging_mixin.py:190} INFO - [2024-09-02T04:45:39.206+0000] {dag.py:4138} INFO - Setting next_dagrun for dataset_with_extra_by_yield to 2024-09-01 00:00:00+00:00, run_after=2024-09-02 00:00:00+00:00
[2024-09-02T04:45:39.212+0000] {logging_mixin.py:190} INFO - [2024-09-02T04:45:39.211+0000] {dag.py:4138} INFO - Setting next_dagrun for dataset_with_extra_from_classic_operator to 2024-09-01 00:00:00+00:00, run_after=2024-09-02 00:00:00+00:00
[2024-09-02T04:45:39.250+0000] {processor.py:208} INFO - Processing /home/airflow/.local/lib/python3.12/site-packages/airflow/example_dags/example_outlet_event_extra.py took 0.786 seconds
[2024-09-02T04:46:09.497+0000] {processor.py:186} INFO - Started process (PID=2451) to work on /home/airflow/.local/lib/python3.12/site-packages/airflow/example_dags/example_outlet_event_extra.py
[2024-09-02T04:46:09.499+0000] {processor.py:914} INFO - Processing file /home/airflow/.local/lib/python3.12/site-packages/airflow/example_dags/example_outlet_event_extra.py for tasks to queue
[2024-09-02T04:46:09.504+0000] {logging_mixin.py:190} INFO - [2024-09-02T04:46:09.503+0000] {dagbag.py:587} INFO - Filling up the DagBag from /home/airflow/.local/lib/python3.12/site-packages/airflow/example_dags/example_outlet_event_extra.py
[2024-09-02T04:46:09.761+0000] {processor.py:925} INFO - DAG(s) 'dataset_with_extra_by_context', 'dataset_with_extra_by_yield', 'dataset_with_extra_from_classic_operator' retrieved from /home/airflow/.local/lib/python3.12/site-packages/airflow/example_dags/example_outlet_event_extra.py
[2024-09-02T04:46:09.805+0000] {logging_mixin.py:190} INFO - [2024-09-02T04:46:09.805+0000] {dag.py:3211} INFO - Sync 3 DAGs
[2024-09-02T04:46:10.080+0000] {logging_mixin.py:190} INFO - [2024-09-02T04:46:10.080+0000] {dag.py:4138} INFO - Setting next_dagrun for dataset_with_extra_by_context to 2024-09-01 00:00:00+00:00, run_after=2024-09-02 00:00:00+00:00
[2024-09-02T04:46:10.088+0000] {logging_mixin.py:190} INFO - [2024-09-02T04:46:10.088+0000] {dag.py:4138} INFO - Setting next_dagrun for dataset_with_extra_by_yield to 2024-09-01 00:00:00+00:00, run_after=2024-09-02 00:00:00+00:00
[2024-09-02T04:46:10.093+0000] {logging_mixin.py:190} INFO - [2024-09-02T04:46:10.092+0000] {dag.py:4138} INFO - Setting next_dagrun for dataset_with_extra_from_classic_operator to 2024-09-01 00:00:00+00:00, run_after=2024-09-02 00:00:00+00:00
[2024-09-02T04:46:10.125+0000] {processor.py:208} INFO - Processing /home/airflow/.local/lib/python3.12/site-packages/airflow/example_dags/example_outlet_event_extra.py took 0.640 seconds
[2024-09-02T04:46:40.571+0000] {processor.py:186} INFO - Started process (PID=2516) to work on /home/airflow/.local/lib/python3.12/site-packages/airflow/example_dags/example_outlet_event_extra.py
[2024-09-02T04:46:40.576+0000] {processor.py:914} INFO - Processing file /home/airflow/.local/lib/python3.12/site-packages/airflow/example_dags/example_outlet_event_extra.py for tasks to queue
[2024-09-02T04:46:40.581+0000] {logging_mixin.py:190} INFO - [2024-09-02T04:46:40.581+0000] {dagbag.py:587} INFO - Filling up the DagBag from /home/airflow/.local/lib/python3.12/site-packages/airflow/example_dags/example_outlet_event_extra.py
[2024-09-02T04:46:41.377+0000] {processor.py:925} INFO - DAG(s) 'dataset_with_extra_by_context', 'dataset_with_extra_from_classic_operator', 'dataset_with_extra_by_yield' retrieved from /home/airflow/.local/lib/python3.12/site-packages/airflow/example_dags/example_outlet_event_extra.py
[2024-09-02T04:46:41.424+0000] {logging_mixin.py:190} INFO - [2024-09-02T04:46:41.423+0000] {dag.py:3211} INFO - Sync 3 DAGs
[2024-09-02T04:46:41.468+0000] {logging_mixin.py:190} INFO - [2024-09-02T04:46:41.468+0000] {dag.py:4138} INFO - Setting next_dagrun for dataset_with_extra_by_context to 2024-09-01 00:00:00+00:00, run_after=2024-09-02 00:00:00+00:00
[2024-09-02T04:46:41.483+0000] {logging_mixin.py:190} INFO - [2024-09-02T04:46:41.482+0000] {dag.py:4138} INFO - Setting next_dagrun for dataset_with_extra_by_yield to 2024-09-01 00:00:00+00:00, run_after=2024-09-02 00:00:00+00:00
[2024-09-02T04:46:41.488+0000] {logging_mixin.py:190} INFO - [2024-09-02T04:46:41.488+0000] {dag.py:4138} INFO - Setting next_dagrun for dataset_with_extra_from_classic_operator to 2024-09-01 00:00:00+00:00, run_after=2024-09-02 00:00:00+00:00
[2024-09-02T04:46:41.530+0000] {processor.py:208} INFO - Processing /home/airflow/.local/lib/python3.12/site-packages/airflow/example_dags/example_outlet_event_extra.py took 0.977 seconds
