[2024-09-02T04:13:44.793+0000] {processor.py:186} INFO - Started process (PID=90) to work on /home/airflow/.local/lib/python3.12/site-packages/airflow/example_dags/example_branch_datetime_operator.py
[2024-09-02T04:13:44.806+0000] {processor.py:914} INFO - Processing file /home/airflow/.local/lib/python3.12/site-packages/airflow/example_dags/example_branch_datetime_operator.py for tasks to queue
[2024-09-02T04:13:44.812+0000] {logging_mixin.py:190} INFO - [2024-09-02T04:13:44.811+0000] {dagbag.py:587} INFO - Filling up the DagBag from /home/airflow/.local/lib/python3.12/site-packages/airflow/example_dags/example_branch_datetime_operator.py
[2024-09-02T04:13:44.870+0000] {processor.py:925} INFO - DAG(s) 'example_branch_datetime_operator_3', 'example_branch_datetime_operator_2', 'example_branch_datetime_operator' retrieved from /home/airflow/.local/lib/python3.12/site-packages/airflow/example_dags/example_branch_datetime_operator.py
[2024-09-02T04:13:45.811+0000] {logging_mixin.py:190} INFO - [2024-09-02T04:13:45.809+0000] {override.py:1858} INFO - Created Permission View: can read on DAG:example_branch_datetime_operator_3
[2024-09-02T04:13:45.951+0000] {logging_mixin.py:190} INFO - [2024-09-02T04:13:45.950+0000] {override.py:1858} INFO - Created Permission View: can delete on DAG:example_branch_datetime_operator_3
[2024-09-02T04:13:46.093+0000] {logging_mixin.py:190} INFO - [2024-09-02T04:13:46.091+0000] {override.py:1858} INFO - Created Permission View: can edit on DAG:example_branch_datetime_operator_3
[2024-09-02T04:13:46.215+0000] {logging_mixin.py:190} INFO - [2024-09-02T04:13:46.214+0000] {override.py:1858} INFO - Created Permission View: can read on DAG:example_branch_datetime_operator_2
[2024-09-02T04:13:46.264+0000] {logging_mixin.py:190} INFO - [2024-09-02T04:13:46.263+0000] {override.py:1858} INFO - Created Permission View: can delete on DAG:example_branch_datetime_operator_2
[2024-09-02T04:13:46.317+0000] {logging_mixin.py:190} INFO - [2024-09-02T04:13:46.317+0000] {override.py:1858} INFO - Created Permission View: can edit on DAG:example_branch_datetime_operator_2
[2024-09-02T04:13:46.386+0000] {logging_mixin.py:190} INFO - [2024-09-02T04:13:46.385+0000] {override.py:1858} INFO - Created Permission View: can read on DAG:example_branch_datetime_operator
[2024-09-02T04:13:46.449+0000] {logging_mixin.py:190} INFO - [2024-09-02T04:13:46.448+0000] {override.py:1858} INFO - Created Permission View: can delete on DAG:example_branch_datetime_operator
[2024-09-02T04:13:46.521+0000] {logging_mixin.py:190} INFO - [2024-09-02T04:13:46.521+0000] {override.py:1858} INFO - Created Permission View: can edit on DAG:example_branch_datetime_operator
[2024-09-02T04:13:46.553+0000] {logging_mixin.py:190} INFO - [2024-09-02T04:13:46.552+0000] {dag.py:3211} INFO - Sync 3 DAGs
[2024-09-02T04:13:46.658+0000] {logging_mixin.py:190} INFO - [2024-09-02T04:13:46.657+0000] {dag.py:3234} INFO - Creating ORM DAG for example_branch_datetime_operator
[2024-09-02T04:13:46.667+0000] {logging_mixin.py:190} INFO - [2024-09-02T04:13:46.667+0000] {dag.py:3234} INFO - Creating ORM DAG for example_branch_datetime_operator_3
[2024-09-02T04:13:46.676+0000] {logging_mixin.py:190} INFO - [2024-09-02T04:13:46.676+0000] {dag.py:3234} INFO - Creating ORM DAG for example_branch_datetime_operator_2
[2024-09-02T04:13:46.792+0000] {logging_mixin.py:190} INFO - [2024-09-02T04:13:46.792+0000] {dag.py:4138} INFO - Setting next_dagrun for example_branch_datetime_operator to 2024-09-01 00:00:00+00:00, run_after=2024-09-02 00:00:00+00:00
[2024-09-02T04:13:46.809+0000] {logging_mixin.py:190} INFO - [2024-09-02T04:13:46.809+0000] {dag.py:4138} INFO - Setting next_dagrun for example_branch_datetime_operator_2 to 2024-09-01 00:00:00+00:00, run_after=2024-09-02 00:00:00+00:00
[2024-09-02T04:13:46.820+0000] {logging_mixin.py:190} INFO - [2024-09-02T04:13:46.819+0000] {dag.py:4138} INFO - Setting next_dagrun for example_branch_datetime_operator_3 to 2024-09-01 00:00:00+00:00, run_after=2024-09-02 00:00:00+00:00
[2024-09-02T04:13:46.949+0000] {processor.py:208} INFO - Processing /home/airflow/.local/lib/python3.12/site-packages/airflow/example_dags/example_branch_datetime_operator.py took 2.191 seconds
[2024-09-02T04:14:17.605+0000] {processor.py:186} INFO - Started process (PID=159) to work on /home/airflow/.local/lib/python3.12/site-packages/airflow/example_dags/example_branch_datetime_operator.py
[2024-09-02T04:14:17.619+0000] {processor.py:914} INFO - Processing file /home/airflow/.local/lib/python3.12/site-packages/airflow/example_dags/example_branch_datetime_operator.py for tasks to queue
[2024-09-02T04:14:17.638+0000] {logging_mixin.py:190} INFO - [2024-09-02T04:14:17.638+0000] {dagbag.py:587} INFO - Filling up the DagBag from /home/airflow/.local/lib/python3.12/site-packages/airflow/example_dags/example_branch_datetime_operator.py
[2024-09-02T04:14:17.856+0000] {processor.py:925} INFO - DAG(s) 'example_branch_datetime_operator_3', 'example_branch_datetime_operator_2', 'example_branch_datetime_operator' retrieved from /home/airflow/.local/lib/python3.12/site-packages/airflow/example_dags/example_branch_datetime_operator.py
[2024-09-02T04:14:18.220+0000] {logging_mixin.py:190} INFO - [2024-09-02T04:14:18.219+0000] {dag.py:3211} INFO - Sync 3 DAGs
[2024-09-02T04:14:18.477+0000] {logging_mixin.py:190} INFO - [2024-09-02T04:14:18.476+0000] {dag.py:4138} INFO - Setting next_dagrun for example_branch_datetime_operator to 2024-09-01 00:00:00+00:00, run_after=2024-09-02 00:00:00+00:00
[2024-09-02T04:14:18.540+0000] {logging_mixin.py:190} INFO - [2024-09-02T04:14:18.539+0000] {dag.py:4138} INFO - Setting next_dagrun for example_branch_datetime_operator_2 to 2024-09-01 00:00:00+00:00, run_after=2024-09-02 00:00:00+00:00
[2024-09-02T04:14:18.582+0000] {logging_mixin.py:190} INFO - [2024-09-02T04:14:18.581+0000] {dag.py:4138} INFO - Setting next_dagrun for example_branch_datetime_operator_3 to 2024-09-01 00:00:00+00:00, run_after=2024-09-02 00:00:00+00:00
[2024-09-02T04:14:18.657+0000] {processor.py:208} INFO - Processing /home/airflow/.local/lib/python3.12/site-packages/airflow/example_dags/example_branch_datetime_operator.py took 1.074 seconds
[2024-09-02T04:14:49.066+0000] {processor.py:186} INFO - Started process (PID=222) to work on /home/airflow/.local/lib/python3.12/site-packages/airflow/example_dags/example_branch_datetime_operator.py
[2024-09-02T04:14:49.068+0000] {processor.py:914} INFO - Processing file /home/airflow/.local/lib/python3.12/site-packages/airflow/example_dags/example_branch_datetime_operator.py for tasks to queue
[2024-09-02T04:14:49.074+0000] {logging_mixin.py:190} INFO - [2024-09-02T04:14:49.073+0000] {dagbag.py:587} INFO - Filling up the DagBag from /home/airflow/.local/lib/python3.12/site-packages/airflow/example_dags/example_branch_datetime_operator.py
[2024-09-02T04:14:49.099+0000] {processor.py:925} INFO - DAG(s) 'example_branch_datetime_operator_3', 'example_branch_datetime_operator_2', 'example_branch_datetime_operator' retrieved from /home/airflow/.local/lib/python3.12/site-packages/airflow/example_dags/example_branch_datetime_operator.py
[2024-09-02T04:14:49.170+0000] {logging_mixin.py:190} INFO - [2024-09-02T04:14:49.169+0000] {dag.py:3211} INFO - Sync 3 DAGs
[2024-09-02T04:14:49.247+0000] {logging_mixin.py:190} INFO - [2024-09-02T04:14:49.246+0000] {dag.py:4138} INFO - Setting next_dagrun for example_branch_datetime_operator to 2024-09-01 00:00:00+00:00, run_after=2024-09-02 00:00:00+00:00
[2024-09-02T04:14:49.264+0000] {logging_mixin.py:190} INFO - [2024-09-02T04:14:49.261+0000] {dag.py:4138} INFO - Setting next_dagrun for example_branch_datetime_operator_2 to 2024-09-01 00:00:00+00:00, run_after=2024-09-02 00:00:00+00:00
[2024-09-02T04:14:49.271+0000] {logging_mixin.py:190} INFO - [2024-09-02T04:14:49.271+0000] {dag.py:4138} INFO - Setting next_dagrun for example_branch_datetime_operator_3 to 2024-09-01 00:00:00+00:00, run_after=2024-09-02 00:00:00+00:00
[2024-09-02T04:14:49.318+0000] {processor.py:208} INFO - Processing /home/airflow/.local/lib/python3.12/site-packages/airflow/example_dags/example_branch_datetime_operator.py took 0.264 seconds
[2024-09-02T04:15:19.602+0000] {processor.py:186} INFO - Started process (PID=286) to work on /home/airflow/.local/lib/python3.12/site-packages/airflow/example_dags/example_branch_datetime_operator.py
[2024-09-02T04:15:19.604+0000] {processor.py:914} INFO - Processing file /home/airflow/.local/lib/python3.12/site-packages/airflow/example_dags/example_branch_datetime_operator.py for tasks to queue
[2024-09-02T04:15:19.610+0000] {logging_mixin.py:190} INFO - [2024-09-02T04:15:19.609+0000] {dagbag.py:587} INFO - Filling up the DagBag from /home/airflow/.local/lib/python3.12/site-packages/airflow/example_dags/example_branch_datetime_operator.py
[2024-09-02T04:15:19.639+0000] {processor.py:925} INFO - DAG(s) 'example_branch_datetime_operator_2', 'example_branch_datetime_operator', 'example_branch_datetime_operator_3' retrieved from /home/airflow/.local/lib/python3.12/site-packages/airflow/example_dags/example_branch_datetime_operator.py
[2024-09-02T04:15:19.704+0000] {logging_mixin.py:190} INFO - [2024-09-02T04:15:19.704+0000] {dag.py:3211} INFO - Sync 3 DAGs
[2024-09-02T04:15:19.765+0000] {logging_mixin.py:190} INFO - [2024-09-02T04:15:19.764+0000] {dag.py:4138} INFO - Setting next_dagrun for example_branch_datetime_operator to 2024-09-01 00:00:00+00:00, run_after=2024-09-02 00:00:00+00:00
[2024-09-02T04:15:19.778+0000] {logging_mixin.py:190} INFO - [2024-09-02T04:15:19.778+0000] {dag.py:4138} INFO - Setting next_dagrun for example_branch_datetime_operator_2 to 2024-09-01 00:00:00+00:00, run_after=2024-09-02 00:00:00+00:00
[2024-09-02T04:15:19.785+0000] {logging_mixin.py:190} INFO - [2024-09-02T04:15:19.785+0000] {dag.py:4138} INFO - Setting next_dagrun for example_branch_datetime_operator_3 to 2024-09-01 00:00:00+00:00, run_after=2024-09-02 00:00:00+00:00
[2024-09-02T04:15:19.824+0000] {processor.py:208} INFO - Processing /home/airflow/.local/lib/python3.12/site-packages/airflow/example_dags/example_branch_datetime_operator.py took 0.237 seconds
[2024-09-02T04:15:50.011+0000] {processor.py:186} INFO - Started process (PID=348) to work on /home/airflow/.local/lib/python3.12/site-packages/airflow/example_dags/example_branch_datetime_operator.py
[2024-09-02T04:15:50.013+0000] {processor.py:914} INFO - Processing file /home/airflow/.local/lib/python3.12/site-packages/airflow/example_dags/example_branch_datetime_operator.py for tasks to queue
[2024-09-02T04:15:50.018+0000] {logging_mixin.py:190} INFO - [2024-09-02T04:15:50.018+0000] {dagbag.py:587} INFO - Filling up the DagBag from /home/airflow/.local/lib/python3.12/site-packages/airflow/example_dags/example_branch_datetime_operator.py
[2024-09-02T04:15:50.042+0000] {processor.py:925} INFO - DAG(s) 'example_branch_datetime_operator_3', 'example_branch_datetime_operator', 'example_branch_datetime_operator_2' retrieved from /home/airflow/.local/lib/python3.12/site-packages/airflow/example_dags/example_branch_datetime_operator.py
[2024-09-02T04:15:50.100+0000] {logging_mixin.py:190} INFO - [2024-09-02T04:15:50.100+0000] {dag.py:3211} INFO - Sync 3 DAGs
[2024-09-02T04:15:50.156+0000] {logging_mixin.py:190} INFO - [2024-09-02T04:15:50.156+0000] {dag.py:4138} INFO - Setting next_dagrun for example_branch_datetime_operator to 2024-09-01 00:00:00+00:00, run_after=2024-09-02 00:00:00+00:00
[2024-09-02T04:15:50.167+0000] {logging_mixin.py:190} INFO - [2024-09-02T04:15:50.167+0000] {dag.py:4138} INFO - Setting next_dagrun for example_branch_datetime_operator_2 to 2024-09-01 00:00:00+00:00, run_after=2024-09-02 00:00:00+00:00
[2024-09-02T04:15:50.173+0000] {logging_mixin.py:190} INFO - [2024-09-02T04:15:50.172+0000] {dag.py:4138} INFO - Setting next_dagrun for example_branch_datetime_operator_3 to 2024-09-01 00:00:00+00:00, run_after=2024-09-02 00:00:00+00:00
[2024-09-02T04:15:50.209+0000] {processor.py:208} INFO - Processing /home/airflow/.local/lib/python3.12/site-packages/airflow/example_dags/example_branch_datetime_operator.py took 0.210 seconds
[2024-09-02T04:16:20.989+0000] {processor.py:186} INFO - Started process (PID=411) to work on /home/airflow/.local/lib/python3.12/site-packages/airflow/example_dags/example_branch_datetime_operator.py
[2024-09-02T04:16:20.991+0000] {processor.py:914} INFO - Processing file /home/airflow/.local/lib/python3.12/site-packages/airflow/example_dags/example_branch_datetime_operator.py for tasks to queue
[2024-09-02T04:16:20.996+0000] {logging_mixin.py:190} INFO - [2024-09-02T04:16:20.995+0000] {dagbag.py:587} INFO - Filling up the DagBag from /home/airflow/.local/lib/python3.12/site-packages/airflow/example_dags/example_branch_datetime_operator.py
[2024-09-02T04:16:21.020+0000] {processor.py:925} INFO - DAG(s) 'example_branch_datetime_operator_3', 'example_branch_datetime_operator_2', 'example_branch_datetime_operator' retrieved from /home/airflow/.local/lib/python3.12/site-packages/airflow/example_dags/example_branch_datetime_operator.py
[2024-09-02T04:16:21.081+0000] {logging_mixin.py:190} INFO - [2024-09-02T04:16:21.080+0000] {dag.py:3211} INFO - Sync 3 DAGs
[2024-09-02T04:16:21.140+0000] {logging_mixin.py:190} INFO - [2024-09-02T04:16:21.140+0000] {dag.py:4138} INFO - Setting next_dagrun for example_branch_datetime_operator to 2024-09-01 00:00:00+00:00, run_after=2024-09-02 00:00:00+00:00
[2024-09-02T04:16:21.151+0000] {logging_mixin.py:190} INFO - [2024-09-02T04:16:21.150+0000] {dag.py:4138} INFO - Setting next_dagrun for example_branch_datetime_operator_2 to 2024-09-01 00:00:00+00:00, run_after=2024-09-02 00:00:00+00:00
[2024-09-02T04:16:21.157+0000] {logging_mixin.py:190} INFO - [2024-09-02T04:16:21.156+0000] {dag.py:4138} INFO - Setting next_dagrun for example_branch_datetime_operator_3 to 2024-09-01 00:00:00+00:00, run_after=2024-09-02 00:00:00+00:00
[2024-09-02T04:16:21.195+0000] {processor.py:208} INFO - Processing /home/airflow/.local/lib/python3.12/site-packages/airflow/example_dags/example_branch_datetime_operator.py took 0.221 seconds
[2024-09-02T04:16:51.327+0000] {processor.py:186} INFO - Started process (PID=474) to work on /home/airflow/.local/lib/python3.12/site-packages/airflow/example_dags/example_branch_datetime_operator.py
[2024-09-02T04:16:51.330+0000] {processor.py:914} INFO - Processing file /home/airflow/.local/lib/python3.12/site-packages/airflow/example_dags/example_branch_datetime_operator.py for tasks to queue
[2024-09-02T04:16:51.336+0000] {logging_mixin.py:190} INFO - [2024-09-02T04:16:51.335+0000] {dagbag.py:587} INFO - Filling up the DagBag from /home/airflow/.local/lib/python3.12/site-packages/airflow/example_dags/example_branch_datetime_operator.py
[2024-09-02T04:16:51.370+0000] {processor.py:925} INFO - DAG(s) 'example_branch_datetime_operator_3', 'example_branch_datetime_operator', 'example_branch_datetime_operator_2' retrieved from /home/airflow/.local/lib/python3.12/site-packages/airflow/example_dags/example_branch_datetime_operator.py
[2024-09-02T04:16:51.461+0000] {logging_mixin.py:190} INFO - [2024-09-02T04:16:51.459+0000] {dag.py:3211} INFO - Sync 3 DAGs
[2024-09-02T04:16:51.559+0000] {logging_mixin.py:190} INFO - [2024-09-02T04:16:51.559+0000] {dag.py:4138} INFO - Setting next_dagrun for example_branch_datetime_operator to 2024-09-01 00:00:00+00:00, run_after=2024-09-02 00:00:00+00:00
[2024-09-02T04:16:51.574+0000] {logging_mixin.py:190} INFO - [2024-09-02T04:16:51.573+0000] {dag.py:4138} INFO - Setting next_dagrun for example_branch_datetime_operator_2 to 2024-09-01 00:00:00+00:00, run_after=2024-09-02 00:00:00+00:00
[2024-09-02T04:16:51.580+0000] {logging_mixin.py:190} INFO - [2024-09-02T04:16:51.580+0000] {dag.py:4138} INFO - Setting next_dagrun for example_branch_datetime_operator_3 to 2024-09-01 00:00:00+00:00, run_after=2024-09-02 00:00:00+00:00
[2024-09-02T04:16:51.628+0000] {processor.py:208} INFO - Processing /home/airflow/.local/lib/python3.12/site-packages/airflow/example_dags/example_branch_datetime_operator.py took 0.314 seconds
[2024-09-02T04:17:21.780+0000] {processor.py:186} INFO - Started process (PID=537) to work on /home/airflow/.local/lib/python3.12/site-packages/airflow/example_dags/example_branch_datetime_operator.py
[2024-09-02T04:17:21.782+0000] {processor.py:914} INFO - Processing file /home/airflow/.local/lib/python3.12/site-packages/airflow/example_dags/example_branch_datetime_operator.py for tasks to queue
[2024-09-02T04:17:21.787+0000] {logging_mixin.py:190} INFO - [2024-09-02T04:17:21.786+0000] {dagbag.py:587} INFO - Filling up the DagBag from /home/airflow/.local/lib/python3.12/site-packages/airflow/example_dags/example_branch_datetime_operator.py
[2024-09-02T04:17:21.810+0000] {processor.py:925} INFO - DAG(s) 'example_branch_datetime_operator', 'example_branch_datetime_operator_2', 'example_branch_datetime_operator_3' retrieved from /home/airflow/.local/lib/python3.12/site-packages/airflow/example_dags/example_branch_datetime_operator.py
[2024-09-02T04:17:21.866+0000] {logging_mixin.py:190} INFO - [2024-09-02T04:17:21.866+0000] {dag.py:3211} INFO - Sync 3 DAGs
[2024-09-02T04:17:21.918+0000] {logging_mixin.py:190} INFO - [2024-09-02T04:17:21.917+0000] {dag.py:4138} INFO - Setting next_dagrun for example_branch_datetime_operator to 2024-09-01 00:00:00+00:00, run_after=2024-09-02 00:00:00+00:00
[2024-09-02T04:17:21.927+0000] {logging_mixin.py:190} INFO - [2024-09-02T04:17:21.927+0000] {dag.py:4138} INFO - Setting next_dagrun for example_branch_datetime_operator_2 to 2024-09-01 00:00:00+00:00, run_after=2024-09-02 00:00:00+00:00
[2024-09-02T04:17:21.933+0000] {logging_mixin.py:190} INFO - [2024-09-02T04:17:21.933+0000] {dag.py:4138} INFO - Setting next_dagrun for example_branch_datetime_operator_3 to 2024-09-01 00:00:00+00:00, run_after=2024-09-02 00:00:00+00:00
[2024-09-02T04:17:21.970+0000] {processor.py:208} INFO - Processing /home/airflow/.local/lib/python3.12/site-packages/airflow/example_dags/example_branch_datetime_operator.py took 0.202 seconds
[2024-09-02T04:17:52.460+0000] {processor.py:186} INFO - Started process (PID=600) to work on /home/airflow/.local/lib/python3.12/site-packages/airflow/example_dags/example_branch_datetime_operator.py
[2024-09-02T04:17:52.462+0000] {processor.py:914} INFO - Processing file /home/airflow/.local/lib/python3.12/site-packages/airflow/example_dags/example_branch_datetime_operator.py for tasks to queue
[2024-09-02T04:17:52.468+0000] {logging_mixin.py:190} INFO - [2024-09-02T04:17:52.467+0000] {dagbag.py:587} INFO - Filling up the DagBag from /home/airflow/.local/lib/python3.12/site-packages/airflow/example_dags/example_branch_datetime_operator.py
[2024-09-02T04:17:52.494+0000] {processor.py:925} INFO - DAG(s) 'example_branch_datetime_operator_2', 'example_branch_datetime_operator_3', 'example_branch_datetime_operator' retrieved from /home/airflow/.local/lib/python3.12/site-packages/airflow/example_dags/example_branch_datetime_operator.py
[2024-09-02T04:17:52.562+0000] {logging_mixin.py:190} INFO - [2024-09-02T04:17:52.561+0000] {dag.py:3211} INFO - Sync 3 DAGs
[2024-09-02T04:17:52.625+0000] {logging_mixin.py:190} INFO - [2024-09-02T04:17:52.624+0000] {dag.py:4138} INFO - Setting next_dagrun for example_branch_datetime_operator to 2024-09-01 00:00:00+00:00, run_after=2024-09-02 00:00:00+00:00
[2024-09-02T04:17:52.636+0000] {logging_mixin.py:190} INFO - [2024-09-02T04:17:52.636+0000] {dag.py:4138} INFO - Setting next_dagrun for example_branch_datetime_operator_2 to 2024-09-01 00:00:00+00:00, run_after=2024-09-02 00:00:00+00:00
[2024-09-02T04:17:52.642+0000] {logging_mixin.py:190} INFO - [2024-09-02T04:17:52.642+0000] {dag.py:4138} INFO - Setting next_dagrun for example_branch_datetime_operator_3 to 2024-09-01 00:00:00+00:00, run_after=2024-09-02 00:00:00+00:00
[2024-09-02T04:17:52.685+0000] {processor.py:208} INFO - Processing /home/airflow/.local/lib/python3.12/site-packages/airflow/example_dags/example_branch_datetime_operator.py took 0.238 seconds
[2024-09-02T04:18:22.880+0000] {processor.py:186} INFO - Started process (PID=663) to work on /home/airflow/.local/lib/python3.12/site-packages/airflow/example_dags/example_branch_datetime_operator.py
[2024-09-02T04:18:22.882+0000] {processor.py:914} INFO - Processing file /home/airflow/.local/lib/python3.12/site-packages/airflow/example_dags/example_branch_datetime_operator.py for tasks to queue
[2024-09-02T04:18:22.887+0000] {logging_mixin.py:190} INFO - [2024-09-02T04:18:22.886+0000] {dagbag.py:587} INFO - Filling up the DagBag from /home/airflow/.local/lib/python3.12/site-packages/airflow/example_dags/example_branch_datetime_operator.py
[2024-09-02T04:18:22.912+0000] {processor.py:925} INFO - DAG(s) 'example_branch_datetime_operator_3', 'example_branch_datetime_operator_2', 'example_branch_datetime_operator' retrieved from /home/airflow/.local/lib/python3.12/site-packages/airflow/example_dags/example_branch_datetime_operator.py
[2024-09-02T04:18:22.968+0000] {logging_mixin.py:190} INFO - [2024-09-02T04:18:22.967+0000] {dag.py:3211} INFO - Sync 3 DAGs
[2024-09-02T04:18:23.024+0000] {logging_mixin.py:190} INFO - [2024-09-02T04:18:23.024+0000] {dag.py:4138} INFO - Setting next_dagrun for example_branch_datetime_operator to 2024-09-01 00:00:00+00:00, run_after=2024-09-02 00:00:00+00:00
[2024-09-02T04:18:23.034+0000] {logging_mixin.py:190} INFO - [2024-09-02T04:18:23.034+0000] {dag.py:4138} INFO - Setting next_dagrun for example_branch_datetime_operator_2 to 2024-09-01 00:00:00+00:00, run_after=2024-09-02 00:00:00+00:00
[2024-09-02T04:18:23.039+0000] {logging_mixin.py:190} INFO - [2024-09-02T04:18:23.039+0000] {dag.py:4138} INFO - Setting next_dagrun for example_branch_datetime_operator_3 to 2024-09-01 00:00:00+00:00, run_after=2024-09-02 00:00:00+00:00
[2024-09-02T04:18:23.074+0000] {processor.py:208} INFO - Processing /home/airflow/.local/lib/python3.12/site-packages/airflow/example_dags/example_branch_datetime_operator.py took 0.207 seconds
[2024-09-02T04:18:53.635+0000] {processor.py:186} INFO - Started process (PID=726) to work on /home/airflow/.local/lib/python3.12/site-packages/airflow/example_dags/example_branch_datetime_operator.py
[2024-09-02T04:18:53.636+0000] {processor.py:914} INFO - Processing file /home/airflow/.local/lib/python3.12/site-packages/airflow/example_dags/example_branch_datetime_operator.py for tasks to queue
[2024-09-02T04:18:53.641+0000] {logging_mixin.py:190} INFO - [2024-09-02T04:18:53.641+0000] {dagbag.py:587} INFO - Filling up the DagBag from /home/airflow/.local/lib/python3.12/site-packages/airflow/example_dags/example_branch_datetime_operator.py
[2024-09-02T04:18:53.669+0000] {processor.py:925} INFO - DAG(s) 'example_branch_datetime_operator', 'example_branch_datetime_operator_2', 'example_branch_datetime_operator_3' retrieved from /home/airflow/.local/lib/python3.12/site-packages/airflow/example_dags/example_branch_datetime_operator.py
[2024-09-02T04:18:53.733+0000] {logging_mixin.py:190} INFO - [2024-09-02T04:18:53.732+0000] {dag.py:3211} INFO - Sync 3 DAGs
[2024-09-02T04:18:53.795+0000] {logging_mixin.py:190} INFO - [2024-09-02T04:18:53.795+0000] {dag.py:4138} INFO - Setting next_dagrun for example_branch_datetime_operator to 2024-09-01 00:00:00+00:00, run_after=2024-09-02 00:00:00+00:00
[2024-09-02T04:18:53.806+0000] {logging_mixin.py:190} INFO - [2024-09-02T04:18:53.805+0000] {dag.py:4138} INFO - Setting next_dagrun for example_branch_datetime_operator_2 to 2024-09-01 00:00:00+00:00, run_after=2024-09-02 00:00:00+00:00
[2024-09-02T04:18:53.811+0000] {logging_mixin.py:190} INFO - [2024-09-02T04:18:53.811+0000] {dag.py:4138} INFO - Setting next_dagrun for example_branch_datetime_operator_3 to 2024-09-01 00:00:00+00:00, run_after=2024-09-02 00:00:00+00:00
[2024-09-02T04:18:53.845+0000] {processor.py:208} INFO - Processing /home/airflow/.local/lib/python3.12/site-packages/airflow/example_dags/example_branch_datetime_operator.py took 0.223 seconds
[2024-09-02T04:19:24.404+0000] {processor.py:186} INFO - Started process (PID=788) to work on /home/airflow/.local/lib/python3.12/site-packages/airflow/example_dags/example_branch_datetime_operator.py
[2024-09-02T04:19:24.406+0000] {processor.py:914} INFO - Processing file /home/airflow/.local/lib/python3.12/site-packages/airflow/example_dags/example_branch_datetime_operator.py for tasks to queue
[2024-09-02T04:19:24.414+0000] {logging_mixin.py:190} INFO - [2024-09-02T04:19:24.413+0000] {dagbag.py:587} INFO - Filling up the DagBag from /home/airflow/.local/lib/python3.12/site-packages/airflow/example_dags/example_branch_datetime_operator.py
[2024-09-02T04:19:24.456+0000] {processor.py:925} INFO - DAG(s) 'example_branch_datetime_operator', 'example_branch_datetime_operator_3', 'example_branch_datetime_operator_2' retrieved from /home/airflow/.local/lib/python3.12/site-packages/airflow/example_dags/example_branch_datetime_operator.py
[2024-09-02T04:19:24.546+0000] {logging_mixin.py:190} INFO - [2024-09-02T04:19:24.545+0000] {dag.py:3211} INFO - Sync 3 DAGs
[2024-09-02T04:19:24.635+0000] {logging_mixin.py:190} INFO - [2024-09-02T04:19:24.633+0000] {dag.py:4138} INFO - Setting next_dagrun for example_branch_datetime_operator to 2024-09-01 00:00:00+00:00, run_after=2024-09-02 00:00:00+00:00
[2024-09-02T04:19:24.648+0000] {logging_mixin.py:190} INFO - [2024-09-02T04:19:24.648+0000] {dag.py:4138} INFO - Setting next_dagrun for example_branch_datetime_operator_2 to 2024-09-01 00:00:00+00:00, run_after=2024-09-02 00:00:00+00:00
[2024-09-02T04:19:24.658+0000] {logging_mixin.py:190} INFO - [2024-09-02T04:19:24.657+0000] {dag.py:4138} INFO - Setting next_dagrun for example_branch_datetime_operator_3 to 2024-09-01 00:00:00+00:00, run_after=2024-09-02 00:00:00+00:00
[2024-09-02T04:19:24.709+0000] {processor.py:208} INFO - Processing /home/airflow/.local/lib/python3.12/site-packages/airflow/example_dags/example_branch_datetime_operator.py took 0.325 seconds
[2024-09-02T04:19:55.460+0000] {processor.py:186} INFO - Started process (PID=851) to work on /home/airflow/.local/lib/python3.12/site-packages/airflow/example_dags/example_branch_datetime_operator.py
[2024-09-02T04:19:55.466+0000] {processor.py:914} INFO - Processing file /home/airflow/.local/lib/python3.12/site-packages/airflow/example_dags/example_branch_datetime_operator.py for tasks to queue
[2024-09-02T04:19:55.472+0000] {logging_mixin.py:190} INFO - [2024-09-02T04:19:55.471+0000] {dagbag.py:587} INFO - Filling up the DagBag from /home/airflow/.local/lib/python3.12/site-packages/airflow/example_dags/example_branch_datetime_operator.py
[2024-09-02T04:19:55.552+0000] {processor.py:925} INFO - DAG(s) 'example_branch_datetime_operator_2', 'example_branch_datetime_operator_3', 'example_branch_datetime_operator' retrieved from /home/airflow/.local/lib/python3.12/site-packages/airflow/example_dags/example_branch_datetime_operator.py
[2024-09-02T04:19:55.649+0000] {logging_mixin.py:190} INFO - [2024-09-02T04:19:55.648+0000] {dag.py:3211} INFO - Sync 3 DAGs
[2024-09-02T04:19:55.826+0000] {logging_mixin.py:190} INFO - [2024-09-02T04:19:55.826+0000] {dag.py:4138} INFO - Setting next_dagrun for example_branch_datetime_operator to 2024-09-01 00:00:00+00:00, run_after=2024-09-02 00:00:00+00:00
[2024-09-02T04:19:55.880+0000] {logging_mixin.py:190} INFO - [2024-09-02T04:19:55.874+0000] {dag.py:4138} INFO - Setting next_dagrun for example_branch_datetime_operator_2 to 2024-09-01 00:00:00+00:00, run_after=2024-09-02 00:00:00+00:00
[2024-09-02T04:19:55.887+0000] {logging_mixin.py:190} INFO - [2024-09-02T04:19:55.887+0000] {dag.py:4138} INFO - Setting next_dagrun for example_branch_datetime_operator_3 to 2024-09-01 00:00:00+00:00, run_after=2024-09-02 00:00:00+00:00
[2024-09-02T04:19:55.967+0000] {processor.py:208} INFO - Processing /home/airflow/.local/lib/python3.12/site-packages/airflow/example_dags/example_branch_datetime_operator.py took 0.542 seconds
[2024-09-02T04:20:26.394+0000] {processor.py:186} INFO - Started process (PID=914) to work on /home/airflow/.local/lib/python3.12/site-packages/airflow/example_dags/example_branch_datetime_operator.py
[2024-09-02T04:20:26.396+0000] {processor.py:914} INFO - Processing file /home/airflow/.local/lib/python3.12/site-packages/airflow/example_dags/example_branch_datetime_operator.py for tasks to queue
[2024-09-02T04:20:26.412+0000] {logging_mixin.py:190} INFO - [2024-09-02T04:20:26.411+0000] {dagbag.py:587} INFO - Filling up the DagBag from /home/airflow/.local/lib/python3.12/site-packages/airflow/example_dags/example_branch_datetime_operator.py
[2024-09-02T04:20:26.472+0000] {processor.py:925} INFO - DAG(s) 'example_branch_datetime_operator_3', 'example_branch_datetime_operator', 'example_branch_datetime_operator_2' retrieved from /home/airflow/.local/lib/python3.12/site-packages/airflow/example_dags/example_branch_datetime_operator.py
[2024-09-02T04:20:26.556+0000] {logging_mixin.py:190} INFO - [2024-09-02T04:20:26.556+0000] {dag.py:3211} INFO - Sync 3 DAGs
[2024-09-02T04:20:26.626+0000] {logging_mixin.py:190} INFO - [2024-09-02T04:20:26.625+0000] {dag.py:4138} INFO - Setting next_dagrun for example_branch_datetime_operator to 2024-09-01 00:00:00+00:00, run_after=2024-09-02 00:00:00+00:00
[2024-09-02T04:20:26.638+0000] {logging_mixin.py:190} INFO - [2024-09-02T04:20:26.638+0000] {dag.py:4138} INFO - Setting next_dagrun for example_branch_datetime_operator_2 to 2024-09-01 00:00:00+00:00, run_after=2024-09-02 00:00:00+00:00
[2024-09-02T04:20:26.644+0000] {logging_mixin.py:190} INFO - [2024-09-02T04:20:26.644+0000] {dag.py:4138} INFO - Setting next_dagrun for example_branch_datetime_operator_3 to 2024-09-01 00:00:00+00:00, run_after=2024-09-02 00:00:00+00:00
[2024-09-02T04:20:26.687+0000] {processor.py:208} INFO - Processing /home/airflow/.local/lib/python3.12/site-packages/airflow/example_dags/example_branch_datetime_operator.py took 0.308 seconds
[2024-09-02T04:20:57.382+0000] {processor.py:186} INFO - Started process (PID=978) to work on /home/airflow/.local/lib/python3.12/site-packages/airflow/example_dags/example_branch_datetime_operator.py
[2024-09-02T04:20:57.385+0000] {processor.py:914} INFO - Processing file /home/airflow/.local/lib/python3.12/site-packages/airflow/example_dags/example_branch_datetime_operator.py for tasks to queue
[2024-09-02T04:20:57.391+0000] {logging_mixin.py:190} INFO - [2024-09-02T04:20:57.390+0000] {dagbag.py:587} INFO - Filling up the DagBag from /home/airflow/.local/lib/python3.12/site-packages/airflow/example_dags/example_branch_datetime_operator.py
[2024-09-02T04:20:57.443+0000] {processor.py:925} INFO - DAG(s) 'example_branch_datetime_operator', 'example_branch_datetime_operator_2', 'example_branch_datetime_operator_3' retrieved from /home/airflow/.local/lib/python3.12/site-packages/airflow/example_dags/example_branch_datetime_operator.py
[2024-09-02T04:20:57.594+0000] {logging_mixin.py:190} INFO - [2024-09-02T04:20:57.593+0000] {dag.py:3211} INFO - Sync 3 DAGs
[2024-09-02T04:20:57.762+0000] {logging_mixin.py:190} INFO - [2024-09-02T04:20:57.761+0000] {dag.py:4138} INFO - Setting next_dagrun for example_branch_datetime_operator to 2024-09-01 00:00:00+00:00, run_after=2024-09-02 00:00:00+00:00
[2024-09-02T04:20:57.806+0000] {logging_mixin.py:190} INFO - [2024-09-02T04:20:57.805+0000] {dag.py:4138} INFO - Setting next_dagrun for example_branch_datetime_operator_2 to 2024-09-01 00:00:00+00:00, run_after=2024-09-02 00:00:00+00:00
[2024-09-02T04:20:57.826+0000] {logging_mixin.py:190} INFO - [2024-09-02T04:20:57.825+0000] {dag.py:4138} INFO - Setting next_dagrun for example_branch_datetime_operator_3 to 2024-09-01 00:00:00+00:00, run_after=2024-09-02 00:00:00+00:00
[2024-09-02T04:20:57.969+0000] {processor.py:208} INFO - Processing /home/airflow/.local/lib/python3.12/site-packages/airflow/example_dags/example_branch_datetime_operator.py took 0.604 seconds
[2024-09-02T04:21:38.727+0000] {processor.py:186} INFO - Started process (PID=1041) to work on /home/airflow/.local/lib/python3.12/site-packages/airflow/example_dags/example_branch_datetime_operator.py
[2024-09-02T04:21:38.791+0000] {processor.py:914} INFO - Processing file /home/airflow/.local/lib/python3.12/site-packages/airflow/example_dags/example_branch_datetime_operator.py for tasks to queue
[2024-09-02T04:21:38.805+0000] {logging_mixin.py:190} INFO - [2024-09-02T04:21:38.804+0000] {dagbag.py:587} INFO - Filling up the DagBag from /home/airflow/.local/lib/python3.12/site-packages/airflow/example_dags/example_branch_datetime_operator.py
[2024-09-02T04:21:38.892+0000] {processor.py:925} INFO - DAG(s) 'example_branch_datetime_operator', 'example_branch_datetime_operator_3', 'example_branch_datetime_operator_2' retrieved from /home/airflow/.local/lib/python3.12/site-packages/airflow/example_dags/example_branch_datetime_operator.py
[2024-09-02T04:21:39.037+0000] {logging_mixin.py:190} INFO - [2024-09-02T04:21:39.036+0000] {dag.py:3211} INFO - Sync 3 DAGs
[2024-09-02T04:21:39.210+0000] {logging_mixin.py:190} INFO - [2024-09-02T04:21:39.209+0000] {dag.py:4138} INFO - Setting next_dagrun for example_branch_datetime_operator to 2024-09-01 00:00:00+00:00, run_after=2024-09-02 00:00:00+00:00
[2024-09-02T04:21:39.257+0000] {logging_mixin.py:190} INFO - [2024-09-02T04:21:39.256+0000] {dag.py:4138} INFO - Setting next_dagrun for example_branch_datetime_operator_2 to 2024-09-01 00:00:00+00:00, run_after=2024-09-02 00:00:00+00:00
[2024-09-02T04:21:39.287+0000] {logging_mixin.py:190} INFO - [2024-09-02T04:21:39.275+0000] {dag.py:4138} INFO - Setting next_dagrun for example_branch_datetime_operator_3 to 2024-09-01 00:00:00+00:00, run_after=2024-09-02 00:00:00+00:00
[2024-09-02T04:21:39.419+0000] {processor.py:208} INFO - Processing /home/airflow/.local/lib/python3.12/site-packages/airflow/example_dags/example_branch_datetime_operator.py took 0.753 seconds
[2024-09-02T04:22:10.125+0000] {processor.py:186} INFO - Started process (PID=1104) to work on /home/airflow/.local/lib/python3.12/site-packages/airflow/example_dags/example_branch_datetime_operator.py
[2024-09-02T04:22:10.127+0000] {processor.py:914} INFO - Processing file /home/airflow/.local/lib/python3.12/site-packages/airflow/example_dags/example_branch_datetime_operator.py for tasks to queue
[2024-09-02T04:22:10.145+0000] {logging_mixin.py:190} INFO - [2024-09-02T04:22:10.144+0000] {dagbag.py:587} INFO - Filling up the DagBag from /home/airflow/.local/lib/python3.12/site-packages/airflow/example_dags/example_branch_datetime_operator.py
[2024-09-02T04:22:10.217+0000] {processor.py:925} INFO - DAG(s) 'example_branch_datetime_operator', 'example_branch_datetime_operator_3', 'example_branch_datetime_operator_2' retrieved from /home/airflow/.local/lib/python3.12/site-packages/airflow/example_dags/example_branch_datetime_operator.py
[2024-09-02T04:22:10.347+0000] {logging_mixin.py:190} INFO - [2024-09-02T04:22:10.343+0000] {dag.py:3211} INFO - Sync 3 DAGs
[2024-09-02T04:22:10.484+0000] {logging_mixin.py:190} INFO - [2024-09-02T04:22:10.484+0000] {dag.py:4138} INFO - Setting next_dagrun for example_branch_datetime_operator to 2024-09-01 00:00:00+00:00, run_after=2024-09-02 00:00:00+00:00
[2024-09-02T04:22:10.537+0000] {logging_mixin.py:190} INFO - [2024-09-02T04:22:10.525+0000] {dag.py:4138} INFO - Setting next_dagrun for example_branch_datetime_operator_2 to 2024-09-01 00:00:00+00:00, run_after=2024-09-02 00:00:00+00:00
[2024-09-02T04:22:10.594+0000] {logging_mixin.py:190} INFO - [2024-09-02T04:22:10.593+0000] {dag.py:4138} INFO - Setting next_dagrun for example_branch_datetime_operator_3 to 2024-09-01 00:00:00+00:00, run_after=2024-09-02 00:00:00+00:00
[2024-09-02T04:22:10.828+0000] {processor.py:208} INFO - Processing /home/airflow/.local/lib/python3.12/site-packages/airflow/example_dags/example_branch_datetime_operator.py took 0.734 seconds
[2024-09-02T04:23:07.043+0000] {processor.py:186} INFO - Started process (PID=1162) to work on /home/airflow/.local/lib/python3.12/site-packages/airflow/example_dags/example_branch_datetime_operator.py
[2024-09-02T04:23:07.055+0000] {processor.py:914} INFO - Processing file /home/airflow/.local/lib/python3.12/site-packages/airflow/example_dags/example_branch_datetime_operator.py for tasks to queue
[2024-09-02T04:23:07.072+0000] {logging_mixin.py:190} INFO - [2024-09-02T04:23:07.072+0000] {dagbag.py:587} INFO - Filling up the DagBag from /home/airflow/.local/lib/python3.12/site-packages/airflow/example_dags/example_branch_datetime_operator.py
[2024-09-02T04:23:07.169+0000] {processor.py:925} INFO - DAG(s) 'example_branch_datetime_operator', 'example_branch_datetime_operator_3', 'example_branch_datetime_operator_2' retrieved from /home/airflow/.local/lib/python3.12/site-packages/airflow/example_dags/example_branch_datetime_operator.py
[2024-09-02T04:23:07.347+0000] {logging_mixin.py:190} INFO - [2024-09-02T04:23:07.346+0000] {dag.py:3211} INFO - Sync 3 DAGs
[2024-09-02T04:23:07.558+0000] {logging_mixin.py:190} INFO - [2024-09-02T04:23:07.557+0000] {dag.py:4138} INFO - Setting next_dagrun for example_branch_datetime_operator to 2024-09-01 00:00:00+00:00, run_after=2024-09-02 00:00:00+00:00
[2024-09-02T04:23:07.603+0000] {logging_mixin.py:190} INFO - [2024-09-02T04:23:07.592+0000] {dag.py:4138} INFO - Setting next_dagrun for example_branch_datetime_operator_2 to 2024-09-01 00:00:00+00:00, run_after=2024-09-02 00:00:00+00:00
[2024-09-02T04:23:07.620+0000] {logging_mixin.py:190} INFO - [2024-09-02T04:23:07.619+0000] {dag.py:4138} INFO - Setting next_dagrun for example_branch_datetime_operator_3 to 2024-09-01 00:00:00+00:00, run_after=2024-09-02 00:00:00+00:00
[2024-09-02T04:23:07.879+0000] {processor.py:208} INFO - Processing /home/airflow/.local/lib/python3.12/site-packages/airflow/example_dags/example_branch_datetime_operator.py took 0.872 seconds
[2024-09-02T04:26:05.897+0000] {processor.py:186} INFO - Started process (PID=80) to work on /home/airflow/.local/lib/python3.12/site-packages/airflow/example_dags/example_branch_datetime_operator.py
[2024-09-02T04:26:05.900+0000] {processor.py:914} INFO - Processing file /home/airflow/.local/lib/python3.12/site-packages/airflow/example_dags/example_branch_datetime_operator.py for tasks to queue
[2024-09-02T04:26:05.918+0000] {logging_mixin.py:190} INFO - [2024-09-02T04:26:05.917+0000] {dagbag.py:587} INFO - Filling up the DagBag from /home/airflow/.local/lib/python3.12/site-packages/airflow/example_dags/example_branch_datetime_operator.py
[2024-09-02T04:26:05.988+0000] {processor.py:925} INFO - DAG(s) 'example_branch_datetime_operator_3', 'example_branch_datetime_operator_2', 'example_branch_datetime_operator' retrieved from /home/airflow/.local/lib/python3.12/site-packages/airflow/example_dags/example_branch_datetime_operator.py
[2024-09-02T04:26:06.215+0000] {logging_mixin.py:190} INFO - [2024-09-02T04:26:06.214+0000] {dag.py:3211} INFO - Sync 3 DAGs
[2024-09-02T04:26:06.505+0000] {logging_mixin.py:190} INFO - [2024-09-02T04:26:06.504+0000] {dag.py:4138} INFO - Setting next_dagrun for example_branch_datetime_operator to 2024-09-01 00:00:00+00:00, run_after=2024-09-02 00:00:00+00:00
[2024-09-02T04:26:06.542+0000] {logging_mixin.py:190} INFO - [2024-09-02T04:26:06.541+0000] {dag.py:4138} INFO - Setting next_dagrun for example_branch_datetime_operator_2 to 2024-09-01 00:00:00+00:00, run_after=2024-09-02 00:00:00+00:00
[2024-09-02T04:26:06.585+0000] {logging_mixin.py:190} INFO - [2024-09-02T04:26:06.583+0000] {dag.py:4138} INFO - Setting next_dagrun for example_branch_datetime_operator_3 to 2024-09-01 00:00:00+00:00, run_after=2024-09-02 00:00:00+00:00
[2024-09-02T04:26:06.757+0000] {processor.py:208} INFO - Processing /home/airflow/.local/lib/python3.12/site-packages/airflow/example_dags/example_branch_datetime_operator.py took 0.953 seconds
[2024-09-02T04:27:01.037+0000] {processor.py:186} INFO - Started process (PID=142) to work on /home/airflow/.local/lib/python3.12/site-packages/airflow/example_dags/example_branch_datetime_operator.py
[2024-09-02T04:27:01.052+0000] {processor.py:914} INFO - Processing file /home/airflow/.local/lib/python3.12/site-packages/airflow/example_dags/example_branch_datetime_operator.py for tasks to queue
[2024-09-02T04:27:01.099+0000] {logging_mixin.py:190} INFO - [2024-09-02T04:27:01.091+0000] {dagbag.py:587} INFO - Filling up the DagBag from /home/airflow/.local/lib/python3.12/site-packages/airflow/example_dags/example_branch_datetime_operator.py
[2024-09-02T04:27:01.280+0000] {processor.py:925} INFO - DAG(s) 'example_branch_datetime_operator_2', 'example_branch_datetime_operator_3', 'example_branch_datetime_operator' retrieved from /home/airflow/.local/lib/python3.12/site-packages/airflow/example_dags/example_branch_datetime_operator.py
[2024-09-02T04:27:01.546+0000] {logging_mixin.py:190} INFO - [2024-09-02T04:27:01.546+0000] {dag.py:3211} INFO - Sync 3 DAGs
[2024-09-02T04:27:01.784+0000] {logging_mixin.py:190} INFO - [2024-09-02T04:27:01.783+0000] {dag.py:4138} INFO - Setting next_dagrun for example_branch_datetime_operator to 2024-09-01 00:00:00+00:00, run_after=2024-09-02 00:00:00+00:00
[2024-09-02T04:27:01.809+0000] {logging_mixin.py:190} INFO - [2024-09-02T04:27:01.804+0000] {dag.py:4138} INFO - Setting next_dagrun for example_branch_datetime_operator_2 to 2024-09-01 00:00:00+00:00, run_after=2024-09-02 00:00:00+00:00
[2024-09-02T04:27:01.821+0000] {logging_mixin.py:190} INFO - [2024-09-02T04:27:01.821+0000] {dag.py:4138} INFO - Setting next_dagrun for example_branch_datetime_operator_3 to 2024-09-01 00:00:00+00:00, run_after=2024-09-02 00:00:00+00:00
[2024-09-02T04:27:02.115+0000] {processor.py:208} INFO - Processing /home/airflow/.local/lib/python3.12/site-packages/airflow/example_dags/example_branch_datetime_operator.py took 1.194 seconds
[2024-09-02T04:27:32.328+0000] {processor.py:186} INFO - Started process (PID=205) to work on /home/airflow/.local/lib/python3.12/site-packages/airflow/example_dags/example_branch_datetime_operator.py
[2024-09-02T04:27:32.330+0000] {processor.py:914} INFO - Processing file /home/airflow/.local/lib/python3.12/site-packages/airflow/example_dags/example_branch_datetime_operator.py for tasks to queue
[2024-09-02T04:27:32.337+0000] {logging_mixin.py:190} INFO - [2024-09-02T04:27:32.337+0000] {dagbag.py:587} INFO - Filling up the DagBag from /home/airflow/.local/lib/python3.12/site-packages/airflow/example_dags/example_branch_datetime_operator.py
[2024-09-02T04:27:32.369+0000] {processor.py:925} INFO - DAG(s) 'example_branch_datetime_operator', 'example_branch_datetime_operator_2', 'example_branch_datetime_operator_3' retrieved from /home/airflow/.local/lib/python3.12/site-packages/airflow/example_dags/example_branch_datetime_operator.py
[2024-09-02T04:27:32.436+0000] {logging_mixin.py:190} INFO - [2024-09-02T04:27:32.436+0000] {dag.py:3211} INFO - Sync 3 DAGs
[2024-09-02T04:27:32.497+0000] {logging_mixin.py:190} INFO - [2024-09-02T04:27:32.496+0000] {dag.py:4138} INFO - Setting next_dagrun for example_branch_datetime_operator to 2024-09-01 00:00:00+00:00, run_after=2024-09-02 00:00:00+00:00
[2024-09-02T04:27:32.507+0000] {logging_mixin.py:190} INFO - [2024-09-02T04:27:32.506+0000] {dag.py:4138} INFO - Setting next_dagrun for example_branch_datetime_operator_2 to 2024-09-01 00:00:00+00:00, run_after=2024-09-02 00:00:00+00:00
[2024-09-02T04:27:32.512+0000] {logging_mixin.py:190} INFO - [2024-09-02T04:27:32.511+0000] {dag.py:4138} INFO - Setting next_dagrun for example_branch_datetime_operator_3 to 2024-09-01 00:00:00+00:00, run_after=2024-09-02 00:00:00+00:00
[2024-09-02T04:27:32.548+0000] {processor.py:208} INFO - Processing /home/airflow/.local/lib/python3.12/site-packages/airflow/example_dags/example_branch_datetime_operator.py took 0.235 seconds
[2024-09-02T04:28:02.856+0000] {processor.py:186} INFO - Started process (PID=268) to work on /home/airflow/.local/lib/python3.12/site-packages/airflow/example_dags/example_branch_datetime_operator.py
[2024-09-02T04:28:02.858+0000] {processor.py:914} INFO - Processing file /home/airflow/.local/lib/python3.12/site-packages/airflow/example_dags/example_branch_datetime_operator.py for tasks to queue
[2024-09-02T04:28:02.864+0000] {logging_mixin.py:190} INFO - [2024-09-02T04:28:02.863+0000] {dagbag.py:587} INFO - Filling up the DagBag from /home/airflow/.local/lib/python3.12/site-packages/airflow/example_dags/example_branch_datetime_operator.py
[2024-09-02T04:28:02.901+0000] {processor.py:925} INFO - DAG(s) 'example_branch_datetime_operator_3', 'example_branch_datetime_operator_2', 'example_branch_datetime_operator' retrieved from /home/airflow/.local/lib/python3.12/site-packages/airflow/example_dags/example_branch_datetime_operator.py
[2024-09-02T04:28:03.002+0000] {logging_mixin.py:190} INFO - [2024-09-02T04:28:03.001+0000] {dag.py:3211} INFO - Sync 3 DAGs
[2024-09-02T04:28:03.061+0000] {logging_mixin.py:190} INFO - [2024-09-02T04:28:03.060+0000] {dag.py:4138} INFO - Setting next_dagrun for example_branch_datetime_operator to 2024-09-01 00:00:00+00:00, run_after=2024-09-02 00:00:00+00:00
[2024-09-02T04:28:03.072+0000] {logging_mixin.py:190} INFO - [2024-09-02T04:28:03.072+0000] {dag.py:4138} INFO - Setting next_dagrun for example_branch_datetime_operator_2 to 2024-09-01 00:00:00+00:00, run_after=2024-09-02 00:00:00+00:00
[2024-09-02T04:28:03.077+0000] {logging_mixin.py:190} INFO - [2024-09-02T04:28:03.077+0000] {dag.py:4138} INFO - Setting next_dagrun for example_branch_datetime_operator_3 to 2024-09-01 00:00:00+00:00, run_after=2024-09-02 00:00:00+00:00
[2024-09-02T04:28:03.113+0000] {processor.py:208} INFO - Processing /home/airflow/.local/lib/python3.12/site-packages/airflow/example_dags/example_branch_datetime_operator.py took 0.273 seconds
[2024-09-02T04:28:34.049+0000] {processor.py:186} INFO - Started process (PID=331) to work on /home/airflow/.local/lib/python3.12/site-packages/airflow/example_dags/example_branch_datetime_operator.py
[2024-09-02T04:28:34.051+0000] {processor.py:914} INFO - Processing file /home/airflow/.local/lib/python3.12/site-packages/airflow/example_dags/example_branch_datetime_operator.py for tasks to queue
[2024-09-02T04:28:34.056+0000] {logging_mixin.py:190} INFO - [2024-09-02T04:28:34.056+0000] {dagbag.py:587} INFO - Filling up the DagBag from /home/airflow/.local/lib/python3.12/site-packages/airflow/example_dags/example_branch_datetime_operator.py
[2024-09-02T04:28:34.087+0000] {processor.py:925} INFO - DAG(s) 'example_branch_datetime_operator', 'example_branch_datetime_operator_3', 'example_branch_datetime_operator_2' retrieved from /home/airflow/.local/lib/python3.12/site-packages/airflow/example_dags/example_branch_datetime_operator.py
[2024-09-02T04:28:34.148+0000] {logging_mixin.py:190} INFO - [2024-09-02T04:28:34.148+0000] {dag.py:3211} INFO - Sync 3 DAGs
[2024-09-02T04:28:34.208+0000] {logging_mixin.py:190} INFO - [2024-09-02T04:28:34.207+0000] {dag.py:4138} INFO - Setting next_dagrun for example_branch_datetime_operator to 2024-09-01 00:00:00+00:00, run_after=2024-09-02 00:00:00+00:00
[2024-09-02T04:28:34.218+0000] {logging_mixin.py:190} INFO - [2024-09-02T04:28:34.218+0000] {dag.py:4138} INFO - Setting next_dagrun for example_branch_datetime_operator_2 to 2024-09-01 00:00:00+00:00, run_after=2024-09-02 00:00:00+00:00
[2024-09-02T04:28:34.224+0000] {logging_mixin.py:190} INFO - [2024-09-02T04:28:34.223+0000] {dag.py:4138} INFO - Setting next_dagrun for example_branch_datetime_operator_3 to 2024-09-01 00:00:00+00:00, run_after=2024-09-02 00:00:00+00:00
[2024-09-02T04:28:34.259+0000] {processor.py:208} INFO - Processing /home/airflow/.local/lib/python3.12/site-packages/airflow/example_dags/example_branch_datetime_operator.py took 0.222 seconds
[2024-09-02T04:29:04.977+0000] {processor.py:186} INFO - Started process (PID=395) to work on /home/airflow/.local/lib/python3.12/site-packages/airflow/example_dags/example_branch_datetime_operator.py
[2024-09-02T04:29:04.979+0000] {processor.py:914} INFO - Processing file /home/airflow/.local/lib/python3.12/site-packages/airflow/example_dags/example_branch_datetime_operator.py for tasks to queue
[2024-09-02T04:29:04.985+0000] {logging_mixin.py:190} INFO - [2024-09-02T04:29:04.984+0000] {dagbag.py:587} INFO - Filling up the DagBag from /home/airflow/.local/lib/python3.12/site-packages/airflow/example_dags/example_branch_datetime_operator.py
[2024-09-02T04:29:05.019+0000] {processor.py:925} INFO - DAG(s) 'example_branch_datetime_operator', 'example_branch_datetime_operator_3', 'example_branch_datetime_operator_2' retrieved from /home/airflow/.local/lib/python3.12/site-packages/airflow/example_dags/example_branch_datetime_operator.py
[2024-09-02T04:29:05.101+0000] {logging_mixin.py:190} INFO - [2024-09-02T04:29:05.101+0000] {dag.py:3211} INFO - Sync 3 DAGs
[2024-09-02T04:29:05.176+0000] {logging_mixin.py:190} INFO - [2024-09-02T04:29:05.176+0000] {dag.py:4138} INFO - Setting next_dagrun for example_branch_datetime_operator to 2024-09-01 00:00:00+00:00, run_after=2024-09-02 00:00:00+00:00
[2024-09-02T04:29:05.188+0000] {logging_mixin.py:190} INFO - [2024-09-02T04:29:05.187+0000] {dag.py:4138} INFO - Setting next_dagrun for example_branch_datetime_operator_2 to 2024-09-01 00:00:00+00:00, run_after=2024-09-02 00:00:00+00:00
[2024-09-02T04:29:05.195+0000] {logging_mixin.py:190} INFO - [2024-09-02T04:29:05.194+0000] {dag.py:4138} INFO - Setting next_dagrun for example_branch_datetime_operator_3 to 2024-09-01 00:00:00+00:00, run_after=2024-09-02 00:00:00+00:00
[2024-09-02T04:29:05.270+0000] {processor.py:208} INFO - Processing /home/airflow/.local/lib/python3.12/site-packages/airflow/example_dags/example_branch_datetime_operator.py took 0.307 seconds
[2024-09-02T04:29:35.644+0000] {processor.py:186} INFO - Started process (PID=458) to work on /home/airflow/.local/lib/python3.12/site-packages/airflow/example_dags/example_branch_datetime_operator.py
[2024-09-02T04:29:35.647+0000] {processor.py:914} INFO - Processing file /home/airflow/.local/lib/python3.12/site-packages/airflow/example_dags/example_branch_datetime_operator.py for tasks to queue
[2024-09-02T04:29:35.654+0000] {logging_mixin.py:190} INFO - [2024-09-02T04:29:35.653+0000] {dagbag.py:587} INFO - Filling up the DagBag from /home/airflow/.local/lib/python3.12/site-packages/airflow/example_dags/example_branch_datetime_operator.py
[2024-09-02T04:29:35.694+0000] {processor.py:925} INFO - DAG(s) 'example_branch_datetime_operator', 'example_branch_datetime_operator_3', 'example_branch_datetime_operator_2' retrieved from /home/airflow/.local/lib/python3.12/site-packages/airflow/example_dags/example_branch_datetime_operator.py
[2024-09-02T04:29:35.779+0000] {logging_mixin.py:190} INFO - [2024-09-02T04:29:35.778+0000] {dag.py:3211} INFO - Sync 3 DAGs
[2024-09-02T04:29:35.851+0000] {logging_mixin.py:190} INFO - [2024-09-02T04:29:35.851+0000] {dag.py:4138} INFO - Setting next_dagrun for example_branch_datetime_operator to 2024-09-01 00:00:00+00:00, run_after=2024-09-02 00:00:00+00:00
[2024-09-02T04:29:35.866+0000] {logging_mixin.py:190} INFO - [2024-09-02T04:29:35.866+0000] {dag.py:4138} INFO - Setting next_dagrun for example_branch_datetime_operator_2 to 2024-09-01 00:00:00+00:00, run_after=2024-09-02 00:00:00+00:00
[2024-09-02T04:29:35.873+0000] {logging_mixin.py:190} INFO - [2024-09-02T04:29:35.872+0000] {dag.py:4138} INFO - Setting next_dagrun for example_branch_datetime_operator_3 to 2024-09-01 00:00:00+00:00, run_after=2024-09-02 00:00:00+00:00
[2024-09-02T04:29:35.926+0000] {processor.py:208} INFO - Processing /home/airflow/.local/lib/python3.12/site-packages/airflow/example_dags/example_branch_datetime_operator.py took 0.297 seconds
[2024-09-02T04:30:06.088+0000] {processor.py:186} INFO - Started process (PID=521) to work on /home/airflow/.local/lib/python3.12/site-packages/airflow/example_dags/example_branch_datetime_operator.py
[2024-09-02T04:30:06.090+0000] {processor.py:914} INFO - Processing file /home/airflow/.local/lib/python3.12/site-packages/airflow/example_dags/example_branch_datetime_operator.py for tasks to queue
[2024-09-02T04:30:06.096+0000] {logging_mixin.py:190} INFO - [2024-09-02T04:30:06.095+0000] {dagbag.py:587} INFO - Filling up the DagBag from /home/airflow/.local/lib/python3.12/site-packages/airflow/example_dags/example_branch_datetime_operator.py
[2024-09-02T04:30:06.126+0000] {processor.py:925} INFO - DAG(s) 'example_branch_datetime_operator_2', 'example_branch_datetime_operator', 'example_branch_datetime_operator_3' retrieved from /home/airflow/.local/lib/python3.12/site-packages/airflow/example_dags/example_branch_datetime_operator.py
[2024-09-02T04:30:06.198+0000] {logging_mixin.py:190} INFO - [2024-09-02T04:30:06.197+0000] {dag.py:3211} INFO - Sync 3 DAGs
[2024-09-02T04:30:06.259+0000] {logging_mixin.py:190} INFO - [2024-09-02T04:30:06.258+0000] {dag.py:4138} INFO - Setting next_dagrun for example_branch_datetime_operator to 2024-09-01 00:00:00+00:00, run_after=2024-09-02 00:00:00+00:00
[2024-09-02T04:30:06.288+0000] {logging_mixin.py:190} INFO - [2024-09-02T04:30:06.286+0000] {dag.py:4138} INFO - Setting next_dagrun for example_branch_datetime_operator_2 to 2024-09-01 00:00:00+00:00, run_after=2024-09-02 00:00:00+00:00
[2024-09-02T04:30:06.305+0000] {logging_mixin.py:190} INFO - [2024-09-02T04:30:06.305+0000] {dag.py:4138} INFO - Setting next_dagrun for example_branch_datetime_operator_3 to 2024-09-01 00:00:00+00:00, run_after=2024-09-02 00:00:00+00:00
[2024-09-02T04:30:06.407+0000] {processor.py:208} INFO - Processing /home/airflow/.local/lib/python3.12/site-packages/airflow/example_dags/example_branch_datetime_operator.py took 0.333 seconds
[2024-09-02T04:30:36.768+0000] {processor.py:186} INFO - Started process (PID=591) to work on /home/airflow/.local/lib/python3.12/site-packages/airflow/example_dags/example_branch_datetime_operator.py
[2024-09-02T04:30:36.771+0000] {processor.py:914} INFO - Processing file /home/airflow/.local/lib/python3.12/site-packages/airflow/example_dags/example_branch_datetime_operator.py for tasks to queue
[2024-09-02T04:30:36.778+0000] {logging_mixin.py:190} INFO - [2024-09-02T04:30:36.777+0000] {dagbag.py:587} INFO - Filling up the DagBag from /home/airflow/.local/lib/python3.12/site-packages/airflow/example_dags/example_branch_datetime_operator.py
[2024-09-02T04:30:36.818+0000] {processor.py:925} INFO - DAG(s) 'example_branch_datetime_operator_2', 'example_branch_datetime_operator_3', 'example_branch_datetime_operator' retrieved from /home/airflow/.local/lib/python3.12/site-packages/airflow/example_dags/example_branch_datetime_operator.py
[2024-09-02T04:30:36.881+0000] {logging_mixin.py:190} INFO - [2024-09-02T04:30:36.881+0000] {dag.py:3211} INFO - Sync 3 DAGs
[2024-09-02T04:30:36.958+0000] {logging_mixin.py:190} INFO - [2024-09-02T04:30:36.957+0000] {dag.py:4138} INFO - Setting next_dagrun for example_branch_datetime_operator to 2024-09-01 00:00:00+00:00, run_after=2024-09-02 00:00:00+00:00
[2024-09-02T04:30:36.980+0000] {logging_mixin.py:190} INFO - [2024-09-02T04:30:36.979+0000] {dag.py:4138} INFO - Setting next_dagrun for example_branch_datetime_operator_2 to 2024-09-01 00:00:00+00:00, run_after=2024-09-02 00:00:00+00:00
[2024-09-02T04:30:36.987+0000] {logging_mixin.py:190} INFO - [2024-09-02T04:30:36.986+0000] {dag.py:4138} INFO - Setting next_dagrun for example_branch_datetime_operator_3 to 2024-09-01 00:00:00+00:00, run_after=2024-09-02 00:00:00+00:00
[2024-09-02T04:30:37.063+0000] {processor.py:208} INFO - Processing /home/airflow/.local/lib/python3.12/site-packages/airflow/example_dags/example_branch_datetime_operator.py took 0.312 seconds
[2024-09-02T04:31:11.386+0000] {processor.py:186} INFO - Started process (PID=653) to work on /home/airflow/.local/lib/python3.12/site-packages/airflow/example_dags/example_branch_datetime_operator.py
[2024-09-02T04:31:11.414+0000] {processor.py:914} INFO - Processing file /home/airflow/.local/lib/python3.12/site-packages/airflow/example_dags/example_branch_datetime_operator.py for tasks to queue
[2024-09-02T04:31:11.431+0000] {logging_mixin.py:190} INFO - [2024-09-02T04:31:11.431+0000] {dagbag.py:587} INFO - Filling up the DagBag from /home/airflow/.local/lib/python3.12/site-packages/airflow/example_dags/example_branch_datetime_operator.py
[2024-09-02T04:31:11.517+0000] {processor.py:925} INFO - DAG(s) 'example_branch_datetime_operator', 'example_branch_datetime_operator_2', 'example_branch_datetime_operator_3' retrieved from /home/airflow/.local/lib/python3.12/site-packages/airflow/example_dags/example_branch_datetime_operator.py
[2024-09-02T04:31:11.690+0000] {logging_mixin.py:190} INFO - [2024-09-02T04:31:11.690+0000] {dag.py:3211} INFO - Sync 3 DAGs
[2024-09-02T04:31:11.845+0000] {logging_mixin.py:190} INFO - [2024-09-02T04:31:11.844+0000] {dag.py:4138} INFO - Setting next_dagrun for example_branch_datetime_operator to 2024-09-01 00:00:00+00:00, run_after=2024-09-02 00:00:00+00:00
[2024-09-02T04:31:11.878+0000] {logging_mixin.py:190} INFO - [2024-09-02T04:31:11.878+0000] {dag.py:4138} INFO - Setting next_dagrun for example_branch_datetime_operator_2 to 2024-09-01 00:00:00+00:00, run_after=2024-09-02 00:00:00+00:00
[2024-09-02T04:31:11.897+0000] {logging_mixin.py:190} INFO - [2024-09-02T04:31:11.896+0000] {dag.py:4138} INFO - Setting next_dagrun for example_branch_datetime_operator_3 to 2024-09-01 00:00:00+00:00, run_after=2024-09-02 00:00:00+00:00
[2024-09-02T04:31:12.013+0000] {processor.py:208} INFO - Processing /home/airflow/.local/lib/python3.12/site-packages/airflow/example_dags/example_branch_datetime_operator.py took 0.651 seconds
[2024-09-02T04:31:43.356+0000] {processor.py:186} INFO - Started process (PID=716) to work on /home/airflow/.local/lib/python3.12/site-packages/airflow/example_dags/example_branch_datetime_operator.py
[2024-09-02T04:31:43.360+0000] {processor.py:914} INFO - Processing file /home/airflow/.local/lib/python3.12/site-packages/airflow/example_dags/example_branch_datetime_operator.py for tasks to queue
[2024-09-02T04:31:43.377+0000] {logging_mixin.py:190} INFO - [2024-09-02T04:31:43.365+0000] {dagbag.py:587} INFO - Filling up the DagBag from /home/airflow/.local/lib/python3.12/site-packages/airflow/example_dags/example_branch_datetime_operator.py
[2024-09-02T04:31:43.433+0000] {processor.py:925} INFO - DAG(s) 'example_branch_datetime_operator_2', 'example_branch_datetime_operator_3', 'example_branch_datetime_operator' retrieved from /home/airflow/.local/lib/python3.12/site-packages/airflow/example_dags/example_branch_datetime_operator.py
[2024-09-02T04:31:43.589+0000] {logging_mixin.py:190} INFO - [2024-09-02T04:31:43.585+0000] {dag.py:3211} INFO - Sync 3 DAGs
[2024-09-02T04:31:43.747+0000] {logging_mixin.py:190} INFO - [2024-09-02T04:31:43.747+0000] {dag.py:4138} INFO - Setting next_dagrun for example_branch_datetime_operator to 2024-09-01 00:00:00+00:00, run_after=2024-09-02 00:00:00+00:00
[2024-09-02T04:31:43.772+0000] {logging_mixin.py:190} INFO - [2024-09-02T04:31:43.772+0000] {dag.py:4138} INFO - Setting next_dagrun for example_branch_datetime_operator_2 to 2024-09-01 00:00:00+00:00, run_after=2024-09-02 00:00:00+00:00
[2024-09-02T04:31:43.786+0000] {logging_mixin.py:190} INFO - [2024-09-02T04:31:43.785+0000] {dag.py:4138} INFO - Setting next_dagrun for example_branch_datetime_operator_3 to 2024-09-01 00:00:00+00:00, run_after=2024-09-02 00:00:00+00:00
[2024-09-02T04:31:43.968+0000] {processor.py:208} INFO - Processing /home/airflow/.local/lib/python3.12/site-packages/airflow/example_dags/example_branch_datetime_operator.py took 0.642 seconds
[2024-09-02T04:32:14.928+0000] {processor.py:186} INFO - Started process (PID=779) to work on /home/airflow/.local/lib/python3.12/site-packages/airflow/example_dags/example_branch_datetime_operator.py
[2024-09-02T04:32:14.941+0000] {processor.py:914} INFO - Processing file /home/airflow/.local/lib/python3.12/site-packages/airflow/example_dags/example_branch_datetime_operator.py for tasks to queue
[2024-09-02T04:32:14.957+0000] {logging_mixin.py:190} INFO - [2024-09-02T04:32:14.956+0000] {dagbag.py:587} INFO - Filling up the DagBag from /home/airflow/.local/lib/python3.12/site-packages/airflow/example_dags/example_branch_datetime_operator.py
[2024-09-02T04:32:15.040+0000] {processor.py:925} INFO - DAG(s) 'example_branch_datetime_operator', 'example_branch_datetime_operator_2', 'example_branch_datetime_operator_3' retrieved from /home/airflow/.local/lib/python3.12/site-packages/airflow/example_dags/example_branch_datetime_operator.py
[2024-09-02T04:32:15.234+0000] {logging_mixin.py:190} INFO - [2024-09-02T04:32:15.222+0000] {dag.py:3211} INFO - Sync 3 DAGs
[2024-09-02T04:32:15.522+0000] {logging_mixin.py:190} INFO - [2024-09-02T04:32:15.521+0000] {dag.py:4138} INFO - Setting next_dagrun for example_branch_datetime_operator to 2024-09-01 00:00:00+00:00, run_after=2024-09-02 00:00:00+00:00
[2024-09-02T04:32:15.556+0000] {logging_mixin.py:190} INFO - [2024-09-02T04:32:15.555+0000] {dag.py:4138} INFO - Setting next_dagrun for example_branch_datetime_operator_2 to 2024-09-01 00:00:00+00:00, run_after=2024-09-02 00:00:00+00:00
[2024-09-02T04:32:15.584+0000] {logging_mixin.py:190} INFO - [2024-09-02T04:32:15.583+0000] {dag.py:4138} INFO - Setting next_dagrun for example_branch_datetime_operator_3 to 2024-09-01 00:00:00+00:00, run_after=2024-09-02 00:00:00+00:00
[2024-09-02T04:32:15.714+0000] {processor.py:208} INFO - Processing /home/airflow/.local/lib/python3.12/site-packages/airflow/example_dags/example_branch_datetime_operator.py took 0.810 seconds
[2024-09-02T04:32:46.068+0000] {processor.py:186} INFO - Started process (PID=842) to work on /home/airflow/.local/lib/python3.12/site-packages/airflow/example_dags/example_branch_datetime_operator.py
[2024-09-02T04:32:46.078+0000] {processor.py:914} INFO - Processing file /home/airflow/.local/lib/python3.12/site-packages/airflow/example_dags/example_branch_datetime_operator.py for tasks to queue
[2024-09-02T04:32:46.084+0000] {logging_mixin.py:190} INFO - [2024-09-02T04:32:46.083+0000] {dagbag.py:587} INFO - Filling up the DagBag from /home/airflow/.local/lib/python3.12/site-packages/airflow/example_dags/example_branch_datetime_operator.py
[2024-09-02T04:32:46.144+0000] {processor.py:925} INFO - DAG(s) 'example_branch_datetime_operator_2', 'example_branch_datetime_operator', 'example_branch_datetime_operator_3' retrieved from /home/airflow/.local/lib/python3.12/site-packages/airflow/example_dags/example_branch_datetime_operator.py
[2024-09-02T04:32:46.278+0000] {logging_mixin.py:190} INFO - [2024-09-02T04:32:46.278+0000] {dag.py:3211} INFO - Sync 3 DAGs
[2024-09-02T04:32:46.358+0000] {logging_mixin.py:190} INFO - [2024-09-02T04:32:46.358+0000] {dag.py:4138} INFO - Setting next_dagrun for example_branch_datetime_operator to 2024-09-01 00:00:00+00:00, run_after=2024-09-02 00:00:00+00:00
[2024-09-02T04:32:46.370+0000] {logging_mixin.py:190} INFO - [2024-09-02T04:32:46.370+0000] {dag.py:4138} INFO - Setting next_dagrun for example_branch_datetime_operator_2 to 2024-09-01 00:00:00+00:00, run_after=2024-09-02 00:00:00+00:00
[2024-09-02T04:32:46.377+0000] {logging_mixin.py:190} INFO - [2024-09-02T04:32:46.376+0000] {dag.py:4138} INFO - Setting next_dagrun for example_branch_datetime_operator_3 to 2024-09-01 00:00:00+00:00, run_after=2024-09-02 00:00:00+00:00
[2024-09-02T04:32:46.424+0000] {processor.py:208} INFO - Processing /home/airflow/.local/lib/python3.12/site-packages/airflow/example_dags/example_branch_datetime_operator.py took 0.381 seconds
[2024-09-02T04:33:20.708+0000] {processor.py:186} INFO - Started process (PID=904) to work on /home/airflow/.local/lib/python3.12/site-packages/airflow/example_dags/example_branch_datetime_operator.py
[2024-09-02T04:33:20.723+0000] {processor.py:914} INFO - Processing file /home/airflow/.local/lib/python3.12/site-packages/airflow/example_dags/example_branch_datetime_operator.py for tasks to queue
[2024-09-02T04:33:20.740+0000] {logging_mixin.py:190} INFO - [2024-09-02T04:33:20.739+0000] {dagbag.py:587} INFO - Filling up the DagBag from /home/airflow/.local/lib/python3.12/site-packages/airflow/example_dags/example_branch_datetime_operator.py
[2024-09-02T04:33:20.837+0000] {processor.py:925} INFO - DAG(s) 'example_branch_datetime_operator_2', 'example_branch_datetime_operator_3', 'example_branch_datetime_operator' retrieved from /home/airflow/.local/lib/python3.12/site-packages/airflow/example_dags/example_branch_datetime_operator.py
[2024-09-02T04:33:21.106+0000] {logging_mixin.py:190} INFO - [2024-09-02T04:33:21.106+0000] {dag.py:3211} INFO - Sync 3 DAGs
[2024-09-02T04:33:21.304+0000] {logging_mixin.py:190} INFO - [2024-09-02T04:33:21.304+0000] {dag.py:4138} INFO - Setting next_dagrun for example_branch_datetime_operator to 2024-09-01 00:00:00+00:00, run_after=2024-09-02 00:00:00+00:00
[2024-09-02T04:33:21.349+0000] {logging_mixin.py:190} INFO - [2024-09-02T04:33:21.349+0000] {dag.py:4138} INFO - Setting next_dagrun for example_branch_datetime_operator_2 to 2024-09-01 00:00:00+00:00, run_after=2024-09-02 00:00:00+00:00
[2024-09-02T04:33:21.368+0000] {logging_mixin.py:190} INFO - [2024-09-02T04:33:21.367+0000] {dag.py:4138} INFO - Setting next_dagrun for example_branch_datetime_operator_3 to 2024-09-01 00:00:00+00:00, run_after=2024-09-02 00:00:00+00:00
[2024-09-02T04:33:21.515+0000] {processor.py:208} INFO - Processing /home/airflow/.local/lib/python3.12/site-packages/airflow/example_dags/example_branch_datetime_operator.py took 0.842 seconds
[2024-09-02T04:33:52.729+0000] {processor.py:186} INFO - Started process (PID=967) to work on /home/airflow/.local/lib/python3.12/site-packages/airflow/example_dags/example_branch_datetime_operator.py
[2024-09-02T04:33:52.759+0000] {processor.py:914} INFO - Processing file /home/airflow/.local/lib/python3.12/site-packages/airflow/example_dags/example_branch_datetime_operator.py for tasks to queue
[2024-09-02T04:33:52.777+0000] {logging_mixin.py:190} INFO - [2024-09-02T04:33:52.776+0000] {dagbag.py:587} INFO - Filling up the DagBag from /home/airflow/.local/lib/python3.12/site-packages/airflow/example_dags/example_branch_datetime_operator.py
[2024-09-02T04:33:52.860+0000] {processor.py:925} INFO - DAG(s) 'example_branch_datetime_operator_3', 'example_branch_datetime_operator', 'example_branch_datetime_operator_2' retrieved from /home/airflow/.local/lib/python3.12/site-packages/airflow/example_dags/example_branch_datetime_operator.py
[2024-09-02T04:33:53.024+0000] {logging_mixin.py:190} INFO - [2024-09-02T04:33:53.024+0000] {dag.py:3211} INFO - Sync 3 DAGs
[2024-09-02T04:33:53.174+0000] {logging_mixin.py:190} INFO - [2024-09-02T04:33:53.174+0000] {dag.py:4138} INFO - Setting next_dagrun for example_branch_datetime_operator to 2024-09-01 00:00:00+00:00, run_after=2024-09-02 00:00:00+00:00
[2024-09-02T04:33:53.231+0000] {logging_mixin.py:190} INFO - [2024-09-02T04:33:53.231+0000] {dag.py:4138} INFO - Setting next_dagrun for example_branch_datetime_operator_2 to 2024-09-01 00:00:00+00:00, run_after=2024-09-02 00:00:00+00:00
[2024-09-02T04:33:53.248+0000] {logging_mixin.py:190} INFO - [2024-09-02T04:33:53.247+0000] {dag.py:4138} INFO - Setting next_dagrun for example_branch_datetime_operator_3 to 2024-09-01 00:00:00+00:00, run_after=2024-09-02 00:00:00+00:00
[2024-09-02T04:33:53.334+0000] {processor.py:208} INFO - Processing /home/airflow/.local/lib/python3.12/site-packages/airflow/example_dags/example_branch_datetime_operator.py took 0.645 seconds
[2024-09-02T04:34:26.589+0000] {processor.py:186} INFO - Started process (PID=1028) to work on /home/airflow/.local/lib/python3.12/site-packages/airflow/example_dags/example_branch_datetime_operator.py
[2024-09-02T04:34:26.612+0000] {processor.py:914} INFO - Processing file /home/airflow/.local/lib/python3.12/site-packages/airflow/example_dags/example_branch_datetime_operator.py for tasks to queue
[2024-09-02T04:34:26.631+0000] {logging_mixin.py:190} INFO - [2024-09-02T04:34:26.630+0000] {dagbag.py:587} INFO - Filling up the DagBag from /home/airflow/.local/lib/python3.12/site-packages/airflow/example_dags/example_branch_datetime_operator.py
[2024-09-02T04:34:26.794+0000] {processor.py:925} INFO - DAG(s) 'example_branch_datetime_operator_2', 'example_branch_datetime_operator', 'example_branch_datetime_operator_3' retrieved from /home/airflow/.local/lib/python3.12/site-packages/airflow/example_dags/example_branch_datetime_operator.py
[2024-09-02T04:34:27.064+0000] {logging_mixin.py:190} INFO - [2024-09-02T04:34:27.064+0000] {dag.py:3211} INFO - Sync 3 DAGs
[2024-09-02T04:34:27.325+0000] {logging_mixin.py:190} INFO - [2024-09-02T04:34:27.325+0000] {dag.py:4138} INFO - Setting next_dagrun for example_branch_datetime_operator to 2024-09-01 00:00:00+00:00, run_after=2024-09-02 00:00:00+00:00
[2024-09-02T04:34:27.364+0000] {logging_mixin.py:190} INFO - [2024-09-02T04:34:27.364+0000] {dag.py:4138} INFO - Setting next_dagrun for example_branch_datetime_operator_2 to 2024-09-01 00:00:00+00:00, run_after=2024-09-02 00:00:00+00:00
[2024-09-02T04:34:27.441+0000] {logging_mixin.py:190} INFO - [2024-09-02T04:34:27.440+0000] {dag.py:4138} INFO - Setting next_dagrun for example_branch_datetime_operator_3 to 2024-09-01 00:00:00+00:00, run_after=2024-09-02 00:00:00+00:00
[2024-09-02T04:34:27.720+0000] {processor.py:208} INFO - Processing /home/airflow/.local/lib/python3.12/site-packages/airflow/example_dags/example_branch_datetime_operator.py took 1.212 seconds
[2024-09-02T04:34:58.362+0000] {processor.py:186} INFO - Started process (PID=1091) to work on /home/airflow/.local/lib/python3.12/site-packages/airflow/example_dags/example_branch_datetime_operator.py
[2024-09-02T04:34:58.374+0000] {processor.py:914} INFO - Processing file /home/airflow/.local/lib/python3.12/site-packages/airflow/example_dags/example_branch_datetime_operator.py for tasks to queue
[2024-09-02T04:34:58.389+0000] {logging_mixin.py:190} INFO - [2024-09-02T04:34:58.379+0000] {dagbag.py:587} INFO - Filling up the DagBag from /home/airflow/.local/lib/python3.12/site-packages/airflow/example_dags/example_branch_datetime_operator.py
[2024-09-02T04:34:58.625+0000] {processor.py:925} INFO - DAG(s) 'example_branch_datetime_operator_2', 'example_branch_datetime_operator', 'example_branch_datetime_operator_3' retrieved from /home/airflow/.local/lib/python3.12/site-packages/airflow/example_dags/example_branch_datetime_operator.py
[2024-09-02T04:34:59.071+0000] {logging_mixin.py:190} INFO - [2024-09-02T04:34:59.071+0000] {dag.py:3211} INFO - Sync 3 DAGs
[2024-09-02T04:34:59.480+0000] {logging_mixin.py:190} INFO - [2024-09-02T04:34:59.468+0000] {dag.py:4138} INFO - Setting next_dagrun for example_branch_datetime_operator to 2024-09-01 00:00:00+00:00, run_after=2024-09-02 00:00:00+00:00
[2024-09-02T04:34:59.557+0000] {logging_mixin.py:190} INFO - [2024-09-02T04:34:59.556+0000] {dag.py:4138} INFO - Setting next_dagrun for example_branch_datetime_operator_2 to 2024-09-01 00:00:00+00:00, run_after=2024-09-02 00:00:00+00:00
[2024-09-02T04:34:59.592+0000] {logging_mixin.py:190} INFO - [2024-09-02T04:34:59.592+0000] {dag.py:4138} INFO - Setting next_dagrun for example_branch_datetime_operator_3 to 2024-09-01 00:00:00+00:00, run_after=2024-09-02 00:00:00+00:00
[2024-09-02T04:35:00.080+0000] {processor.py:208} INFO - Processing /home/airflow/.local/lib/python3.12/site-packages/airflow/example_dags/example_branch_datetime_operator.py took 1.755 seconds
[2024-09-02T04:35:30.654+0000] {processor.py:186} INFO - Started process (PID=1154) to work on /home/airflow/.local/lib/python3.12/site-packages/airflow/example_dags/example_branch_datetime_operator.py
[2024-09-02T04:35:30.658+0000] {processor.py:914} INFO - Processing file /home/airflow/.local/lib/python3.12/site-packages/airflow/example_dags/example_branch_datetime_operator.py for tasks to queue
[2024-09-02T04:35:30.672+0000] {logging_mixin.py:190} INFO - [2024-09-02T04:35:30.671+0000] {dagbag.py:587} INFO - Filling up the DagBag from /home/airflow/.local/lib/python3.12/site-packages/airflow/example_dags/example_branch_datetime_operator.py
[2024-09-02T04:35:30.750+0000] {processor.py:925} INFO - DAG(s) 'example_branch_datetime_operator', 'example_branch_datetime_operator_2', 'example_branch_datetime_operator_3' retrieved from /home/airflow/.local/lib/python3.12/site-packages/airflow/example_dags/example_branch_datetime_operator.py
[2024-09-02T04:35:30.912+0000] {logging_mixin.py:190} INFO - [2024-09-02T04:35:30.911+0000] {dag.py:3211} INFO - Sync 3 DAGs
[2024-09-02T04:35:31.093+0000] {logging_mixin.py:190} INFO - [2024-09-02T04:35:31.093+0000] {dag.py:4138} INFO - Setting next_dagrun for example_branch_datetime_operator to 2024-09-01 00:00:00+00:00, run_after=2024-09-02 00:00:00+00:00
[2024-09-02T04:35:31.124+0000] {logging_mixin.py:190} INFO - [2024-09-02T04:35:31.123+0000] {dag.py:4138} INFO - Setting next_dagrun for example_branch_datetime_operator_2 to 2024-09-01 00:00:00+00:00, run_after=2024-09-02 00:00:00+00:00
[2024-09-02T04:35:31.137+0000] {logging_mixin.py:190} INFO - [2024-09-02T04:35:31.137+0000] {dag.py:4138} INFO - Setting next_dagrun for example_branch_datetime_operator_3 to 2024-09-01 00:00:00+00:00, run_after=2024-09-02 00:00:00+00:00
[2024-09-02T04:35:31.253+0000] {processor.py:208} INFO - Processing /home/airflow/.local/lib/python3.12/site-packages/airflow/example_dags/example_branch_datetime_operator.py took 0.633 seconds
[2024-09-02T04:36:01.702+0000] {processor.py:186} INFO - Started process (PID=1218) to work on /home/airflow/.local/lib/python3.12/site-packages/airflow/example_dags/example_branch_datetime_operator.py
[2024-09-02T04:36:01.706+0000] {processor.py:914} INFO - Processing file /home/airflow/.local/lib/python3.12/site-packages/airflow/example_dags/example_branch_datetime_operator.py for tasks to queue
[2024-09-02T04:36:01.716+0000] {logging_mixin.py:190} INFO - [2024-09-02T04:36:01.715+0000] {dagbag.py:587} INFO - Filling up the DagBag from /home/airflow/.local/lib/python3.12/site-packages/airflow/example_dags/example_branch_datetime_operator.py
[2024-09-02T04:36:01.761+0000] {processor.py:925} INFO - DAG(s) 'example_branch_datetime_operator_3', 'example_branch_datetime_operator', 'example_branch_datetime_operator_2' retrieved from /home/airflow/.local/lib/python3.12/site-packages/airflow/example_dags/example_branch_datetime_operator.py
[2024-09-02T04:36:01.888+0000] {logging_mixin.py:190} INFO - [2024-09-02T04:36:01.886+0000] {dag.py:3211} INFO - Sync 3 DAGs
[2024-09-02T04:36:02.006+0000] {logging_mixin.py:190} INFO - [2024-09-02T04:36:02.005+0000] {dag.py:4138} INFO - Setting next_dagrun for example_branch_datetime_operator to 2024-09-01 00:00:00+00:00, run_after=2024-09-02 00:00:00+00:00
[2024-09-02T04:36:02.019+0000] {logging_mixin.py:190} INFO - [2024-09-02T04:36:02.018+0000] {dag.py:4138} INFO - Setting next_dagrun for example_branch_datetime_operator_2 to 2024-09-01 00:00:00+00:00, run_after=2024-09-02 00:00:00+00:00
[2024-09-02T04:36:02.032+0000] {logging_mixin.py:190} INFO - [2024-09-02T04:36:02.031+0000] {dag.py:4138} INFO - Setting next_dagrun for example_branch_datetime_operator_3 to 2024-09-01 00:00:00+00:00, run_after=2024-09-02 00:00:00+00:00
[2024-09-02T04:36:02.089+0000] {processor.py:208} INFO - Processing /home/airflow/.local/lib/python3.12/site-packages/airflow/example_dags/example_branch_datetime_operator.py took 0.400 seconds
[2024-09-02T04:36:34.314+0000] {processor.py:186} INFO - Started process (PID=1281) to work on /home/airflow/.local/lib/python3.12/site-packages/airflow/example_dags/example_branch_datetime_operator.py
[2024-09-02T04:36:34.318+0000] {processor.py:914} INFO - Processing file /home/airflow/.local/lib/python3.12/site-packages/airflow/example_dags/example_branch_datetime_operator.py for tasks to queue
[2024-09-02T04:36:34.329+0000] {logging_mixin.py:190} INFO - [2024-09-02T04:36:34.327+0000] {dagbag.py:587} INFO - Filling up the DagBag from /home/airflow/.local/lib/python3.12/site-packages/airflow/example_dags/example_branch_datetime_operator.py
[2024-09-02T04:36:34.360+0000] {processor.py:925} INFO - DAG(s) 'example_branch_datetime_operator_3', 'example_branch_datetime_operator', 'example_branch_datetime_operator_2' retrieved from /home/airflow/.local/lib/python3.12/site-packages/airflow/example_dags/example_branch_datetime_operator.py
[2024-09-02T04:36:34.440+0000] {logging_mixin.py:190} INFO - [2024-09-02T04:36:34.439+0000] {dag.py:3211} INFO - Sync 3 DAGs
[2024-09-02T04:36:34.517+0000] {logging_mixin.py:190} INFO - [2024-09-02T04:36:34.517+0000] {dag.py:4138} INFO - Setting next_dagrun for example_branch_datetime_operator to 2024-09-01 00:00:00+00:00, run_after=2024-09-02 00:00:00+00:00
[2024-09-02T04:36:34.528+0000] {logging_mixin.py:190} INFO - [2024-09-02T04:36:34.527+0000] {dag.py:4138} INFO - Setting next_dagrun for example_branch_datetime_operator_2 to 2024-09-01 00:00:00+00:00, run_after=2024-09-02 00:00:00+00:00
[2024-09-02T04:36:34.535+0000] {logging_mixin.py:190} INFO - [2024-09-02T04:36:34.535+0000] {dag.py:4138} INFO - Setting next_dagrun for example_branch_datetime_operator_3 to 2024-09-01 00:00:00+00:00, run_after=2024-09-02 00:00:00+00:00
[2024-09-02T04:36:34.590+0000] {processor.py:208} INFO - Processing /home/airflow/.local/lib/python3.12/site-packages/airflow/example_dags/example_branch_datetime_operator.py took 0.301 seconds
[2024-09-02T04:37:05.525+0000] {processor.py:186} INFO - Started process (PID=1343) to work on /home/airflow/.local/lib/python3.12/site-packages/airflow/example_dags/example_branch_datetime_operator.py
[2024-09-02T04:37:05.539+0000] {processor.py:914} INFO - Processing file /home/airflow/.local/lib/python3.12/site-packages/airflow/example_dags/example_branch_datetime_operator.py for tasks to queue
[2024-09-02T04:37:05.546+0000] {logging_mixin.py:190} INFO - [2024-09-02T04:37:05.544+0000] {dagbag.py:587} INFO - Filling up the DagBag from /home/airflow/.local/lib/python3.12/site-packages/airflow/example_dags/example_branch_datetime_operator.py
[2024-09-02T04:37:05.600+0000] {processor.py:925} INFO - DAG(s) 'example_branch_datetime_operator_3', 'example_branch_datetime_operator_2', 'example_branch_datetime_operator' retrieved from /home/airflow/.local/lib/python3.12/site-packages/airflow/example_dags/example_branch_datetime_operator.py
[2024-09-02T04:37:05.806+0000] {logging_mixin.py:190} INFO - [2024-09-02T04:37:05.806+0000] {dag.py:3211} INFO - Sync 3 DAGs
[2024-09-02T04:37:06.012+0000] {logging_mixin.py:190} INFO - [2024-09-02T04:37:06.011+0000] {dag.py:4138} INFO - Setting next_dagrun for example_branch_datetime_operator to 2024-09-01 00:00:00+00:00, run_after=2024-09-02 00:00:00+00:00
[2024-09-02T04:37:06.043+0000] {logging_mixin.py:190} INFO - [2024-09-02T04:37:06.043+0000] {dag.py:4138} INFO - Setting next_dagrun for example_branch_datetime_operator_2 to 2024-09-01 00:00:00+00:00, run_after=2024-09-02 00:00:00+00:00
[2024-09-02T04:37:06.099+0000] {logging_mixin.py:190} INFO - [2024-09-02T04:37:06.098+0000] {dag.py:4138} INFO - Setting next_dagrun for example_branch_datetime_operator_3 to 2024-09-01 00:00:00+00:00, run_after=2024-09-02 00:00:00+00:00
[2024-09-02T04:37:06.252+0000] {processor.py:208} INFO - Processing /home/airflow/.local/lib/python3.12/site-packages/airflow/example_dags/example_branch_datetime_operator.py took 0.764 seconds
[2024-09-02T04:37:37.094+0000] {processor.py:186} INFO - Started process (PID=1407) to work on /home/airflow/.local/lib/python3.12/site-packages/airflow/example_dags/example_branch_datetime_operator.py
[2024-09-02T04:37:37.099+0000] {processor.py:914} INFO - Processing file /home/airflow/.local/lib/python3.12/site-packages/airflow/example_dags/example_branch_datetime_operator.py for tasks to queue
[2024-09-02T04:37:37.122+0000] {logging_mixin.py:190} INFO - [2024-09-02T04:37:37.118+0000] {dagbag.py:587} INFO - Filling up the DagBag from /home/airflow/.local/lib/python3.12/site-packages/airflow/example_dags/example_branch_datetime_operator.py
[2024-09-02T04:37:37.172+0000] {processor.py:925} INFO - DAG(s) 'example_branch_datetime_operator', 'example_branch_datetime_operator_3', 'example_branch_datetime_operator_2' retrieved from /home/airflow/.local/lib/python3.12/site-packages/airflow/example_dags/example_branch_datetime_operator.py
[2024-09-02T04:37:37.350+0000] {logging_mixin.py:190} INFO - [2024-09-02T04:37:37.349+0000] {dag.py:3211} INFO - Sync 3 DAGs
[2024-09-02T04:37:37.513+0000] {logging_mixin.py:190} INFO - [2024-09-02T04:37:37.512+0000] {dag.py:4138} INFO - Setting next_dagrun for example_branch_datetime_operator to 2024-09-01 00:00:00+00:00, run_after=2024-09-02 00:00:00+00:00
[2024-09-02T04:37:37.560+0000] {logging_mixin.py:190} INFO - [2024-09-02T04:37:37.559+0000] {dag.py:4138} INFO - Setting next_dagrun for example_branch_datetime_operator_2 to 2024-09-01 00:00:00+00:00, run_after=2024-09-02 00:00:00+00:00
[2024-09-02T04:37:37.583+0000] {logging_mixin.py:190} INFO - [2024-09-02T04:37:37.582+0000] {dag.py:4138} INFO - Setting next_dagrun for example_branch_datetime_operator_3 to 2024-09-01 00:00:00+00:00, run_after=2024-09-02 00:00:00+00:00
[2024-09-02T04:37:37.677+0000] {processor.py:208} INFO - Processing /home/airflow/.local/lib/python3.12/site-packages/airflow/example_dags/example_branch_datetime_operator.py took 0.606 seconds
[2024-09-02T04:38:07.866+0000] {processor.py:186} INFO - Started process (PID=1469) to work on /home/airflow/.local/lib/python3.12/site-packages/airflow/example_dags/example_branch_datetime_operator.py
[2024-09-02T04:38:07.868+0000] {processor.py:914} INFO - Processing file /home/airflow/.local/lib/python3.12/site-packages/airflow/example_dags/example_branch_datetime_operator.py for tasks to queue
[2024-09-02T04:38:07.873+0000] {logging_mixin.py:190} INFO - [2024-09-02T04:38:07.872+0000] {dagbag.py:587} INFO - Filling up the DagBag from /home/airflow/.local/lib/python3.12/site-packages/airflow/example_dags/example_branch_datetime_operator.py
[2024-09-02T04:38:07.899+0000] {processor.py:925} INFO - DAG(s) 'example_branch_datetime_operator', 'example_branch_datetime_operator_2', 'example_branch_datetime_operator_3' retrieved from /home/airflow/.local/lib/python3.12/site-packages/airflow/example_dags/example_branch_datetime_operator.py
[2024-09-02T04:38:07.977+0000] {logging_mixin.py:190} INFO - [2024-09-02T04:38:07.976+0000] {dag.py:3211} INFO - Sync 3 DAGs
[2024-09-02T04:38:08.046+0000] {logging_mixin.py:190} INFO - [2024-09-02T04:38:08.045+0000] {dag.py:4138} INFO - Setting next_dagrun for example_branch_datetime_operator to 2024-09-01 00:00:00+00:00, run_after=2024-09-02 00:00:00+00:00
[2024-09-02T04:38:08.057+0000] {logging_mixin.py:190} INFO - [2024-09-02T04:38:08.056+0000] {dag.py:4138} INFO - Setting next_dagrun for example_branch_datetime_operator_2 to 2024-09-01 00:00:00+00:00, run_after=2024-09-02 00:00:00+00:00
[2024-09-02T04:38:08.065+0000] {logging_mixin.py:190} INFO - [2024-09-02T04:38:08.064+0000] {dag.py:4138} INFO - Setting next_dagrun for example_branch_datetime_operator_3 to 2024-09-01 00:00:00+00:00, run_after=2024-09-02 00:00:00+00:00
[2024-09-02T04:38:08.101+0000] {processor.py:208} INFO - Processing /home/airflow/.local/lib/python3.12/site-packages/airflow/example_dags/example_branch_datetime_operator.py took 0.248 seconds
[2024-09-02T04:38:38.514+0000] {processor.py:186} INFO - Started process (PID=1533) to work on /home/airflow/.local/lib/python3.12/site-packages/airflow/example_dags/example_branch_datetime_operator.py
[2024-09-02T04:38:38.517+0000] {processor.py:914} INFO - Processing file /home/airflow/.local/lib/python3.12/site-packages/airflow/example_dags/example_branch_datetime_operator.py for tasks to queue
[2024-09-02T04:38:38.522+0000] {logging_mixin.py:190} INFO - [2024-09-02T04:38:38.521+0000] {dagbag.py:587} INFO - Filling up the DagBag from /home/airflow/.local/lib/python3.12/site-packages/airflow/example_dags/example_branch_datetime_operator.py
[2024-09-02T04:38:38.548+0000] {processor.py:925} INFO - DAG(s) 'example_branch_datetime_operator_2', 'example_branch_datetime_operator', 'example_branch_datetime_operator_3' retrieved from /home/airflow/.local/lib/python3.12/site-packages/airflow/example_dags/example_branch_datetime_operator.py
[2024-09-02T04:38:38.607+0000] {logging_mixin.py:190} INFO - [2024-09-02T04:38:38.607+0000] {dag.py:3211} INFO - Sync 3 DAGs
[2024-09-02T04:38:38.666+0000] {logging_mixin.py:190} INFO - [2024-09-02T04:38:38.665+0000] {dag.py:4138} INFO - Setting next_dagrun for example_branch_datetime_operator to 2024-09-01 00:00:00+00:00, run_after=2024-09-02 00:00:00+00:00
[2024-09-02T04:38:38.678+0000] {logging_mixin.py:190} INFO - [2024-09-02T04:38:38.677+0000] {dag.py:4138} INFO - Setting next_dagrun for example_branch_datetime_operator_2 to 2024-09-01 00:00:00+00:00, run_after=2024-09-02 00:00:00+00:00
[2024-09-02T04:38:38.685+0000] {logging_mixin.py:190} INFO - [2024-09-02T04:38:38.684+0000] {dag.py:4138} INFO - Setting next_dagrun for example_branch_datetime_operator_3 to 2024-09-01 00:00:00+00:00, run_after=2024-09-02 00:00:00+00:00
[2024-09-02T04:38:38.729+0000] {processor.py:208} INFO - Processing /home/airflow/.local/lib/python3.12/site-packages/airflow/example_dags/example_branch_datetime_operator.py took 0.228 seconds
[2024-09-02T04:39:09.718+0000] {processor.py:186} INFO - Started process (PID=1595) to work on /home/airflow/.local/lib/python3.12/site-packages/airflow/example_dags/example_branch_datetime_operator.py
[2024-09-02T04:39:09.721+0000] {processor.py:914} INFO - Processing file /home/airflow/.local/lib/python3.12/site-packages/airflow/example_dags/example_branch_datetime_operator.py for tasks to queue
[2024-09-02T04:39:09.735+0000] {logging_mixin.py:190} INFO - [2024-09-02T04:39:09.733+0000] {dagbag.py:587} INFO - Filling up the DagBag from /home/airflow/.local/lib/python3.12/site-packages/airflow/example_dags/example_branch_datetime_operator.py
[2024-09-02T04:39:09.780+0000] {processor.py:925} INFO - DAG(s) 'example_branch_datetime_operator_2', 'example_branch_datetime_operator', 'example_branch_datetime_operator_3' retrieved from /home/airflow/.local/lib/python3.12/site-packages/airflow/example_dags/example_branch_datetime_operator.py
[2024-09-02T04:39:09.926+0000] {logging_mixin.py:190} INFO - [2024-09-02T04:39:09.926+0000] {dag.py:3211} INFO - Sync 3 DAGs
[2024-09-02T04:39:10.101+0000] {logging_mixin.py:190} INFO - [2024-09-02T04:39:10.100+0000] {dag.py:4138} INFO - Setting next_dagrun for example_branch_datetime_operator to 2024-09-01 00:00:00+00:00, run_after=2024-09-02 00:00:00+00:00
[2024-09-02T04:39:10.146+0000] {logging_mixin.py:190} INFO - [2024-09-02T04:39:10.135+0000] {dag.py:4138} INFO - Setting next_dagrun for example_branch_datetime_operator_2 to 2024-09-01 00:00:00+00:00, run_after=2024-09-02 00:00:00+00:00
[2024-09-02T04:39:10.163+0000] {logging_mixin.py:190} INFO - [2024-09-02T04:39:10.163+0000] {dag.py:4138} INFO - Setting next_dagrun for example_branch_datetime_operator_3 to 2024-09-01 00:00:00+00:00, run_after=2024-09-02 00:00:00+00:00
[2024-09-02T04:39:10.308+0000] {processor.py:208} INFO - Processing /home/airflow/.local/lib/python3.12/site-packages/airflow/example_dags/example_branch_datetime_operator.py took 0.610 seconds
[2024-09-02T04:39:40.837+0000] {processor.py:186} INFO - Started process (PID=1658) to work on /home/airflow/.local/lib/python3.12/site-packages/airflow/example_dags/example_branch_datetime_operator.py
[2024-09-02T04:39:40.843+0000] {processor.py:914} INFO - Processing file /home/airflow/.local/lib/python3.12/site-packages/airflow/example_dags/example_branch_datetime_operator.py for tasks to queue
[2024-09-02T04:39:40.852+0000] {logging_mixin.py:190} INFO - [2024-09-02T04:39:40.850+0000] {dagbag.py:587} INFO - Filling up the DagBag from /home/airflow/.local/lib/python3.12/site-packages/airflow/example_dags/example_branch_datetime_operator.py
[2024-09-02T04:39:40.902+0000] {processor.py:925} INFO - DAG(s) 'example_branch_datetime_operator_3', 'example_branch_datetime_operator', 'example_branch_datetime_operator_2' retrieved from /home/airflow/.local/lib/python3.12/site-packages/airflow/example_dags/example_branch_datetime_operator.py
[2024-09-02T04:39:41.020+0000] {logging_mixin.py:190} INFO - [2024-09-02T04:39:41.018+0000] {dag.py:3211} INFO - Sync 3 DAGs
[2024-09-02T04:39:41.121+0000] {logging_mixin.py:190} INFO - [2024-09-02T04:39:41.120+0000] {dag.py:4138} INFO - Setting next_dagrun for example_branch_datetime_operator to 2024-09-01 00:00:00+00:00, run_after=2024-09-02 00:00:00+00:00
[2024-09-02T04:39:41.142+0000] {logging_mixin.py:190} INFO - [2024-09-02T04:39:41.141+0000] {dag.py:4138} INFO - Setting next_dagrun for example_branch_datetime_operator_2 to 2024-09-01 00:00:00+00:00, run_after=2024-09-02 00:00:00+00:00
[2024-09-02T04:39:41.159+0000] {logging_mixin.py:190} INFO - [2024-09-02T04:39:41.158+0000] {dag.py:4138} INFO - Setting next_dagrun for example_branch_datetime_operator_3 to 2024-09-01 00:00:00+00:00, run_after=2024-09-02 00:00:00+00:00
[2024-09-02T04:39:41.240+0000] {processor.py:208} INFO - Processing /home/airflow/.local/lib/python3.12/site-packages/airflow/example_dags/example_branch_datetime_operator.py took 0.438 seconds
[2024-09-02T04:40:11.423+0000] {processor.py:186} INFO - Started process (PID=1727) to work on /home/airflow/.local/lib/python3.12/site-packages/airflow/example_dags/example_branch_datetime_operator.py
[2024-09-02T04:40:11.425+0000] {processor.py:914} INFO - Processing file /home/airflow/.local/lib/python3.12/site-packages/airflow/example_dags/example_branch_datetime_operator.py for tasks to queue
[2024-09-02T04:40:11.431+0000] {logging_mixin.py:190} INFO - [2024-09-02T04:40:11.430+0000] {dagbag.py:587} INFO - Filling up the DagBag from /home/airflow/.local/lib/python3.12/site-packages/airflow/example_dags/example_branch_datetime_operator.py
[2024-09-02T04:40:11.459+0000] {processor.py:925} INFO - DAG(s) 'example_branch_datetime_operator_3', 'example_branch_datetime_operator_2', 'example_branch_datetime_operator' retrieved from /home/airflow/.local/lib/python3.12/site-packages/airflow/example_dags/example_branch_datetime_operator.py
[2024-09-02T04:40:11.559+0000] {logging_mixin.py:190} INFO - [2024-09-02T04:40:11.558+0000] {dag.py:3211} INFO - Sync 3 DAGs
[2024-09-02T04:40:11.646+0000] {logging_mixin.py:190} INFO - [2024-09-02T04:40:11.646+0000] {dag.py:4138} INFO - Setting next_dagrun for example_branch_datetime_operator to 2024-09-01 00:00:00+00:00, run_after=2024-09-02 00:00:00+00:00
[2024-09-02T04:40:11.657+0000] {logging_mixin.py:190} INFO - [2024-09-02T04:40:11.657+0000] {dag.py:4138} INFO - Setting next_dagrun for example_branch_datetime_operator_2 to 2024-09-01 00:00:00+00:00, run_after=2024-09-02 00:00:00+00:00
[2024-09-02T04:40:11.663+0000] {logging_mixin.py:190} INFO - [2024-09-02T04:40:11.662+0000] {dag.py:4138} INFO - Setting next_dagrun for example_branch_datetime_operator_3 to 2024-09-01 00:00:00+00:00, run_after=2024-09-02 00:00:00+00:00
[2024-09-02T04:40:11.698+0000] {processor.py:208} INFO - Processing /home/airflow/.local/lib/python3.12/site-packages/airflow/example_dags/example_branch_datetime_operator.py took 0.288 seconds
[2024-09-02T04:40:42.090+0000] {processor.py:186} INFO - Started process (PID=1787) to work on /home/airflow/.local/lib/python3.12/site-packages/airflow/example_dags/example_branch_datetime_operator.py
[2024-09-02T04:40:42.136+0000] {processor.py:914} INFO - Processing file /home/airflow/.local/lib/python3.12/site-packages/airflow/example_dags/example_branch_datetime_operator.py for tasks to queue
[2024-09-02T04:40:42.142+0000] {logging_mixin.py:190} INFO - [2024-09-02T04:40:42.141+0000] {dagbag.py:587} INFO - Filling up the DagBag from /home/airflow/.local/lib/python3.12/site-packages/airflow/example_dags/example_branch_datetime_operator.py
[2024-09-02T04:40:42.178+0000] {processor.py:925} INFO - DAG(s) 'example_branch_datetime_operator_3', 'example_branch_datetime_operator_2', 'example_branch_datetime_operator' retrieved from /home/airflow/.local/lib/python3.12/site-packages/airflow/example_dags/example_branch_datetime_operator.py
[2024-09-02T04:40:42.236+0000] {logging_mixin.py:190} INFO - [2024-09-02T04:40:42.236+0000] {dag.py:3211} INFO - Sync 3 DAGs
[2024-09-02T04:40:42.295+0000] {logging_mixin.py:190} INFO - [2024-09-02T04:40:42.295+0000] {dag.py:4138} INFO - Setting next_dagrun for example_branch_datetime_operator to 2024-09-01 00:00:00+00:00, run_after=2024-09-02 00:00:00+00:00
[2024-09-02T04:40:42.307+0000] {logging_mixin.py:190} INFO - [2024-09-02T04:40:42.306+0000] {dag.py:4138} INFO - Setting next_dagrun for example_branch_datetime_operator_2 to 2024-09-01 00:00:00+00:00, run_after=2024-09-02 00:00:00+00:00
[2024-09-02T04:40:42.313+0000] {logging_mixin.py:190} INFO - [2024-09-02T04:40:42.312+0000] {dag.py:4138} INFO - Setting next_dagrun for example_branch_datetime_operator_3 to 2024-09-01 00:00:00+00:00, run_after=2024-09-02 00:00:00+00:00
[2024-09-02T04:40:42.359+0000] {processor.py:208} INFO - Processing /home/airflow/.local/lib/python3.12/site-packages/airflow/example_dags/example_branch_datetime_operator.py took 0.287 seconds
[2024-09-02T04:41:12.975+0000] {processor.py:186} INFO - Started process (PID=1850) to work on /home/airflow/.local/lib/python3.12/site-packages/airflow/example_dags/example_branch_datetime_operator.py
[2024-09-02T04:41:12.977+0000] {processor.py:914} INFO - Processing file /home/airflow/.local/lib/python3.12/site-packages/airflow/example_dags/example_branch_datetime_operator.py for tasks to queue
[2024-09-02T04:41:12.982+0000] {logging_mixin.py:190} INFO - [2024-09-02T04:41:12.981+0000] {dagbag.py:587} INFO - Filling up the DagBag from /home/airflow/.local/lib/python3.12/site-packages/airflow/example_dags/example_branch_datetime_operator.py
[2024-09-02T04:41:13.011+0000] {processor.py:925} INFO - DAG(s) 'example_branch_datetime_operator', 'example_branch_datetime_operator_2', 'example_branch_datetime_operator_3' retrieved from /home/airflow/.local/lib/python3.12/site-packages/airflow/example_dags/example_branch_datetime_operator.py
[2024-09-02T04:41:13.085+0000] {logging_mixin.py:190} INFO - [2024-09-02T04:41:13.084+0000] {dag.py:3211} INFO - Sync 3 DAGs
[2024-09-02T04:41:13.186+0000] {logging_mixin.py:190} INFO - [2024-09-02T04:41:13.186+0000] {dag.py:4138} INFO - Setting next_dagrun for example_branch_datetime_operator to 2024-09-01 00:00:00+00:00, run_after=2024-09-02 00:00:00+00:00
[2024-09-02T04:41:13.196+0000] {logging_mixin.py:190} INFO - [2024-09-02T04:41:13.196+0000] {dag.py:4138} INFO - Setting next_dagrun for example_branch_datetime_operator_2 to 2024-09-01 00:00:00+00:00, run_after=2024-09-02 00:00:00+00:00
[2024-09-02T04:41:13.203+0000] {logging_mixin.py:190} INFO - [2024-09-02T04:41:13.202+0000] {dag.py:4138} INFO - Setting next_dagrun for example_branch_datetime_operator_3 to 2024-09-01 00:00:00+00:00, run_after=2024-09-02 00:00:00+00:00
[2024-09-02T04:41:13.240+0000] {processor.py:208} INFO - Processing /home/airflow/.local/lib/python3.12/site-packages/airflow/example_dags/example_branch_datetime_operator.py took 0.281 seconds
[2024-09-02T04:41:43.975+0000] {processor.py:186} INFO - Started process (PID=1913) to work on /home/airflow/.local/lib/python3.12/site-packages/airflow/example_dags/example_branch_datetime_operator.py
[2024-09-02T04:41:43.977+0000] {processor.py:914} INFO - Processing file /home/airflow/.local/lib/python3.12/site-packages/airflow/example_dags/example_branch_datetime_operator.py for tasks to queue
[2024-09-02T04:41:43.983+0000] {logging_mixin.py:190} INFO - [2024-09-02T04:41:43.982+0000] {dagbag.py:587} INFO - Filling up the DagBag from /home/airflow/.local/lib/python3.12/site-packages/airflow/example_dags/example_branch_datetime_operator.py
[2024-09-02T04:41:44.006+0000] {processor.py:925} INFO - DAG(s) 'example_branch_datetime_operator_2', 'example_branch_datetime_operator_3', 'example_branch_datetime_operator' retrieved from /home/airflow/.local/lib/python3.12/site-packages/airflow/example_dags/example_branch_datetime_operator.py
[2024-09-02T04:41:44.063+0000] {logging_mixin.py:190} INFO - [2024-09-02T04:41:44.062+0000] {dag.py:3211} INFO - Sync 3 DAGs
[2024-09-02T04:41:44.116+0000] {logging_mixin.py:190} INFO - [2024-09-02T04:41:44.116+0000] {dag.py:4138} INFO - Setting next_dagrun for example_branch_datetime_operator to 2024-09-01 00:00:00+00:00, run_after=2024-09-02 00:00:00+00:00
[2024-09-02T04:41:44.126+0000] {logging_mixin.py:190} INFO - [2024-09-02T04:41:44.126+0000] {dag.py:4138} INFO - Setting next_dagrun for example_branch_datetime_operator_2 to 2024-09-01 00:00:00+00:00, run_after=2024-09-02 00:00:00+00:00
[2024-09-02T04:41:44.132+0000] {logging_mixin.py:190} INFO - [2024-09-02T04:41:44.132+0000] {dag.py:4138} INFO - Setting next_dagrun for example_branch_datetime_operator_3 to 2024-09-01 00:00:00+00:00, run_after=2024-09-02 00:00:00+00:00
[2024-09-02T04:41:44.168+0000] {processor.py:208} INFO - Processing /home/airflow/.local/lib/python3.12/site-packages/airflow/example_dags/example_branch_datetime_operator.py took 0.206 seconds
[2024-09-02T04:42:14.801+0000] {processor.py:186} INFO - Started process (PID=1975) to work on /home/airflow/.local/lib/python3.12/site-packages/airflow/example_dags/example_branch_datetime_operator.py
[2024-09-02T04:42:14.815+0000] {processor.py:914} INFO - Processing file /home/airflow/.local/lib/python3.12/site-packages/airflow/example_dags/example_branch_datetime_operator.py for tasks to queue
[2024-09-02T04:42:14.837+0000] {logging_mixin.py:190} INFO - [2024-09-02T04:42:14.836+0000] {dagbag.py:587} INFO - Filling up the DagBag from /home/airflow/.local/lib/python3.12/site-packages/airflow/example_dags/example_branch_datetime_operator.py
[2024-09-02T04:42:14.987+0000] {processor.py:925} INFO - DAG(s) 'example_branch_datetime_operator', 'example_branch_datetime_operator_2', 'example_branch_datetime_operator_3' retrieved from /home/airflow/.local/lib/python3.12/site-packages/airflow/example_dags/example_branch_datetime_operator.py
[2024-09-02T04:42:15.176+0000] {logging_mixin.py:190} INFO - [2024-09-02T04:42:15.175+0000] {dag.py:3211} INFO - Sync 3 DAGs
[2024-09-02T04:42:15.305+0000] {logging_mixin.py:190} INFO - [2024-09-02T04:42:15.304+0000] {dag.py:4138} INFO - Setting next_dagrun for example_branch_datetime_operator to 2024-09-01 00:00:00+00:00, run_after=2024-09-02 00:00:00+00:00
[2024-09-02T04:42:15.319+0000] {logging_mixin.py:190} INFO - [2024-09-02T04:42:15.318+0000] {dag.py:4138} INFO - Setting next_dagrun for example_branch_datetime_operator_2 to 2024-09-01 00:00:00+00:00, run_after=2024-09-02 00:00:00+00:00
[2024-09-02T04:42:15.325+0000] {logging_mixin.py:190} INFO - [2024-09-02T04:42:15.324+0000] {dag.py:4138} INFO - Setting next_dagrun for example_branch_datetime_operator_3 to 2024-09-01 00:00:00+00:00, run_after=2024-09-02 00:00:00+00:00
[2024-09-02T04:42:15.375+0000] {processor.py:208} INFO - Processing /home/airflow/.local/lib/python3.12/site-packages/airflow/example_dags/example_branch_datetime_operator.py took 0.627 seconds
[2024-09-02T04:42:45.566+0000] {processor.py:186} INFO - Started process (PID=2037) to work on /home/airflow/.local/lib/python3.12/site-packages/airflow/example_dags/example_branch_datetime_operator.py
[2024-09-02T04:42:45.568+0000] {processor.py:914} INFO - Processing file /home/airflow/.local/lib/python3.12/site-packages/airflow/example_dags/example_branch_datetime_operator.py for tasks to queue
[2024-09-02T04:42:45.573+0000] {logging_mixin.py:190} INFO - [2024-09-02T04:42:45.572+0000] {dagbag.py:587} INFO - Filling up the DagBag from /home/airflow/.local/lib/python3.12/site-packages/airflow/example_dags/example_branch_datetime_operator.py
[2024-09-02T04:42:45.598+0000] {processor.py:925} INFO - DAG(s) 'example_branch_datetime_operator_3', 'example_branch_datetime_operator_2', 'example_branch_datetime_operator' retrieved from /home/airflow/.local/lib/python3.12/site-packages/airflow/example_dags/example_branch_datetime_operator.py
[2024-09-02T04:42:45.692+0000] {logging_mixin.py:190} INFO - [2024-09-02T04:42:45.683+0000] {dag.py:3211} INFO - Sync 3 DAGs
[2024-09-02T04:42:45.858+0000] {logging_mixin.py:190} INFO - [2024-09-02T04:42:45.857+0000] {dag.py:4138} INFO - Setting next_dagrun for example_branch_datetime_operator to 2024-09-01 00:00:00+00:00, run_after=2024-09-02 00:00:00+00:00
[2024-09-02T04:42:45.901+0000] {logging_mixin.py:190} INFO - [2024-09-02T04:42:45.901+0000] {dag.py:4138} INFO - Setting next_dagrun for example_branch_datetime_operator_2 to 2024-09-01 00:00:00+00:00, run_after=2024-09-02 00:00:00+00:00
[2024-09-02T04:42:45.917+0000] {logging_mixin.py:190} INFO - [2024-09-02T04:42:45.917+0000] {dag.py:4138} INFO - Setting next_dagrun for example_branch_datetime_operator_3 to 2024-09-01 00:00:00+00:00, run_after=2024-09-02 00:00:00+00:00
[2024-09-02T04:42:46.008+0000] {processor.py:208} INFO - Processing /home/airflow/.local/lib/python3.12/site-packages/airflow/example_dags/example_branch_datetime_operator.py took 0.455 seconds
[2024-09-02T04:43:16.329+0000] {processor.py:186} INFO - Started process (PID=2097) to work on /home/airflow/.local/lib/python3.12/site-packages/airflow/example_dags/example_branch_datetime_operator.py
[2024-09-02T04:43:16.331+0000] {processor.py:914} INFO - Processing file /home/airflow/.local/lib/python3.12/site-packages/airflow/example_dags/example_branch_datetime_operator.py for tasks to queue
[2024-09-02T04:43:16.347+0000] {logging_mixin.py:190} INFO - [2024-09-02T04:43:16.347+0000] {dagbag.py:587} INFO - Filling up the DagBag from /home/airflow/.local/lib/python3.12/site-packages/airflow/example_dags/example_branch_datetime_operator.py
[2024-09-02T04:43:16.430+0000] {processor.py:925} INFO - DAG(s) 'example_branch_datetime_operator_2', 'example_branch_datetime_operator_3', 'example_branch_datetime_operator' retrieved from /home/airflow/.local/lib/python3.12/site-packages/airflow/example_dags/example_branch_datetime_operator.py
[2024-09-02T04:43:16.505+0000] {logging_mixin.py:190} INFO - [2024-09-02T04:43:16.505+0000] {dag.py:3211} INFO - Sync 3 DAGs
[2024-09-02T04:43:16.575+0000] {logging_mixin.py:190} INFO - [2024-09-02T04:43:16.574+0000] {dag.py:4138} INFO - Setting next_dagrun for example_branch_datetime_operator to 2024-09-01 00:00:00+00:00, run_after=2024-09-02 00:00:00+00:00
[2024-09-02T04:43:16.590+0000] {logging_mixin.py:190} INFO - [2024-09-02T04:43:16.590+0000] {dag.py:4138} INFO - Setting next_dagrun for example_branch_datetime_operator_2 to 2024-09-01 00:00:00+00:00, run_after=2024-09-02 00:00:00+00:00
[2024-09-02T04:43:16.603+0000] {logging_mixin.py:190} INFO - [2024-09-02T04:43:16.601+0000] {dag.py:4138} INFO - Setting next_dagrun for example_branch_datetime_operator_3 to 2024-09-01 00:00:00+00:00, run_after=2024-09-02 00:00:00+00:00
[2024-09-02T04:43:16.640+0000] {processor.py:208} INFO - Processing /home/airflow/.local/lib/python3.12/site-packages/airflow/example_dags/example_branch_datetime_operator.py took 0.361 seconds
[2024-09-02T04:43:47.321+0000] {processor.py:186} INFO - Started process (PID=2160) to work on /home/airflow/.local/lib/python3.12/site-packages/airflow/example_dags/example_branch_datetime_operator.py
[2024-09-02T04:43:47.323+0000] {processor.py:914} INFO - Processing file /home/airflow/.local/lib/python3.12/site-packages/airflow/example_dags/example_branch_datetime_operator.py for tasks to queue
[2024-09-02T04:43:47.328+0000] {logging_mixin.py:190} INFO - [2024-09-02T04:43:47.327+0000] {dagbag.py:587} INFO - Filling up the DagBag from /home/airflow/.local/lib/python3.12/site-packages/airflow/example_dags/example_branch_datetime_operator.py
[2024-09-02T04:43:47.351+0000] {processor.py:925} INFO - DAG(s) 'example_branch_datetime_operator_2', 'example_branch_datetime_operator_3', 'example_branch_datetime_operator' retrieved from /home/airflow/.local/lib/python3.12/site-packages/airflow/example_dags/example_branch_datetime_operator.py
[2024-09-02T04:43:47.404+0000] {logging_mixin.py:190} INFO - [2024-09-02T04:43:47.403+0000] {dag.py:3211} INFO - Sync 3 DAGs
[2024-09-02T04:43:47.453+0000] {logging_mixin.py:190} INFO - [2024-09-02T04:43:47.453+0000] {dag.py:4138} INFO - Setting next_dagrun for example_branch_datetime_operator to 2024-09-01 00:00:00+00:00, run_after=2024-09-02 00:00:00+00:00
[2024-09-02T04:43:47.463+0000] {logging_mixin.py:190} INFO - [2024-09-02T04:43:47.462+0000] {dag.py:4138} INFO - Setting next_dagrun for example_branch_datetime_operator_2 to 2024-09-01 00:00:00+00:00, run_after=2024-09-02 00:00:00+00:00
[2024-09-02T04:43:47.468+0000] {logging_mixin.py:190} INFO - [2024-09-02T04:43:47.467+0000] {dag.py:4138} INFO - Setting next_dagrun for example_branch_datetime_operator_3 to 2024-09-01 00:00:00+00:00, run_after=2024-09-02 00:00:00+00:00
[2024-09-02T04:43:47.501+0000] {processor.py:208} INFO - Processing /home/airflow/.local/lib/python3.12/site-packages/airflow/example_dags/example_branch_datetime_operator.py took 0.193 seconds
[2024-09-02T04:44:18.111+0000] {processor.py:186} INFO - Started process (PID=2223) to work on /home/airflow/.local/lib/python3.12/site-packages/airflow/example_dags/example_branch_datetime_operator.py
[2024-09-02T04:44:18.113+0000] {processor.py:914} INFO - Processing file /home/airflow/.local/lib/python3.12/site-packages/airflow/example_dags/example_branch_datetime_operator.py for tasks to queue
[2024-09-02T04:44:18.119+0000] {logging_mixin.py:190} INFO - [2024-09-02T04:44:18.118+0000] {dagbag.py:587} INFO - Filling up the DagBag from /home/airflow/.local/lib/python3.12/site-packages/airflow/example_dags/example_branch_datetime_operator.py
[2024-09-02T04:44:18.147+0000] {processor.py:925} INFO - DAG(s) 'example_branch_datetime_operator', 'example_branch_datetime_operator_3', 'example_branch_datetime_operator_2' retrieved from /home/airflow/.local/lib/python3.12/site-packages/airflow/example_dags/example_branch_datetime_operator.py
[2024-09-02T04:44:18.207+0000] {logging_mixin.py:190} INFO - [2024-09-02T04:44:18.206+0000] {dag.py:3211} INFO - Sync 3 DAGs
[2024-09-02T04:44:18.309+0000] {logging_mixin.py:190} INFO - [2024-09-02T04:44:18.309+0000] {dag.py:4138} INFO - Setting next_dagrun for example_branch_datetime_operator to 2024-09-01 00:00:00+00:00, run_after=2024-09-02 00:00:00+00:00
[2024-09-02T04:44:18.341+0000] {logging_mixin.py:190} INFO - [2024-09-02T04:44:18.341+0000] {dag.py:4138} INFO - Setting next_dagrun for example_branch_datetime_operator_2 to 2024-09-01 00:00:00+00:00, run_after=2024-09-02 00:00:00+00:00
[2024-09-02T04:44:18.348+0000] {logging_mixin.py:190} INFO - [2024-09-02T04:44:18.347+0000] {dag.py:4138} INFO - Setting next_dagrun for example_branch_datetime_operator_3 to 2024-09-01 00:00:00+00:00, run_after=2024-09-02 00:00:00+00:00
[2024-09-02T04:44:18.382+0000] {processor.py:208} INFO - Processing /home/airflow/.local/lib/python3.12/site-packages/airflow/example_dags/example_branch_datetime_operator.py took 0.284 seconds
[2024-09-02T04:44:48.519+0000] {processor.py:186} INFO - Started process (PID=2286) to work on /home/airflow/.local/lib/python3.12/site-packages/airflow/example_dags/example_branch_datetime_operator.py
[2024-09-02T04:44:48.521+0000] {processor.py:914} INFO - Processing file /home/airflow/.local/lib/python3.12/site-packages/airflow/example_dags/example_branch_datetime_operator.py for tasks to queue
[2024-09-02T04:44:48.530+0000] {logging_mixin.py:190} INFO - [2024-09-02T04:44:48.528+0000] {dagbag.py:587} INFO - Filling up the DagBag from /home/airflow/.local/lib/python3.12/site-packages/airflow/example_dags/example_branch_datetime_operator.py
[2024-09-02T04:44:48.553+0000] {processor.py:925} INFO - DAG(s) 'example_branch_datetime_operator', 'example_branch_datetime_operator_2', 'example_branch_datetime_operator_3' retrieved from /home/airflow/.local/lib/python3.12/site-packages/airflow/example_dags/example_branch_datetime_operator.py
[2024-09-02T04:44:48.601+0000] {logging_mixin.py:190} INFO - [2024-09-02T04:44:48.600+0000] {dag.py:3211} INFO - Sync 3 DAGs
[2024-09-02T04:44:48.649+0000] {logging_mixin.py:190} INFO - [2024-09-02T04:44:48.649+0000] {dag.py:4138} INFO - Setting next_dagrun for example_branch_datetime_operator to 2024-09-01 00:00:00+00:00, run_after=2024-09-02 00:00:00+00:00
[2024-09-02T04:44:48.658+0000] {logging_mixin.py:190} INFO - [2024-09-02T04:44:48.657+0000] {dag.py:4138} INFO - Setting next_dagrun for example_branch_datetime_operator_2 to 2024-09-01 00:00:00+00:00, run_after=2024-09-02 00:00:00+00:00
[2024-09-02T04:44:48.663+0000] {logging_mixin.py:190} INFO - [2024-09-02T04:44:48.662+0000] {dag.py:4138} INFO - Setting next_dagrun for example_branch_datetime_operator_3 to 2024-09-01 00:00:00+00:00, run_after=2024-09-02 00:00:00+00:00
[2024-09-02T04:44:48.699+0000] {processor.py:208} INFO - Processing /home/airflow/.local/lib/python3.12/site-packages/airflow/example_dags/example_branch_datetime_operator.py took 0.192 seconds
[2024-09-02T04:45:19.334+0000] {processor.py:186} INFO - Started process (PID=2349) to work on /home/airflow/.local/lib/python3.12/site-packages/airflow/example_dags/example_branch_datetime_operator.py
[2024-09-02T04:45:19.338+0000] {processor.py:914} INFO - Processing file /home/airflow/.local/lib/python3.12/site-packages/airflow/example_dags/example_branch_datetime_operator.py for tasks to queue
[2024-09-02T04:45:19.345+0000] {logging_mixin.py:190} INFO - [2024-09-02T04:45:19.344+0000] {dagbag.py:587} INFO - Filling up the DagBag from /home/airflow/.local/lib/python3.12/site-packages/airflow/example_dags/example_branch_datetime_operator.py
[2024-09-02T04:45:19.374+0000] {processor.py:925} INFO - DAG(s) 'example_branch_datetime_operator', 'example_branch_datetime_operator_3', 'example_branch_datetime_operator_2' retrieved from /home/airflow/.local/lib/python3.12/site-packages/airflow/example_dags/example_branch_datetime_operator.py
[2024-09-02T04:45:19.447+0000] {logging_mixin.py:190} INFO - [2024-09-02T04:45:19.447+0000] {dag.py:3211} INFO - Sync 3 DAGs
[2024-09-02T04:45:19.508+0000] {logging_mixin.py:190} INFO - [2024-09-02T04:45:19.508+0000] {dag.py:4138} INFO - Setting next_dagrun for example_branch_datetime_operator to 2024-09-01 00:00:00+00:00, run_after=2024-09-02 00:00:00+00:00
[2024-09-02T04:45:19.520+0000] {logging_mixin.py:190} INFO - [2024-09-02T04:45:19.519+0000] {dag.py:4138} INFO - Setting next_dagrun for example_branch_datetime_operator_2 to 2024-09-01 00:00:00+00:00, run_after=2024-09-02 00:00:00+00:00
[2024-09-02T04:45:19.526+0000] {logging_mixin.py:190} INFO - [2024-09-02T04:45:19.525+0000] {dag.py:4138} INFO - Setting next_dagrun for example_branch_datetime_operator_3 to 2024-09-01 00:00:00+00:00, run_after=2024-09-02 00:00:00+00:00
[2024-09-02T04:45:19.562+0000] {processor.py:208} INFO - Processing /home/airflow/.local/lib/python3.12/site-packages/airflow/example_dags/example_branch_datetime_operator.py took 0.242 seconds
[2024-09-02T04:45:49.737+0000] {processor.py:186} INFO - Started process (PID=2412) to work on /home/airflow/.local/lib/python3.12/site-packages/airflow/example_dags/example_branch_datetime_operator.py
[2024-09-02T04:45:49.739+0000] {processor.py:914} INFO - Processing file /home/airflow/.local/lib/python3.12/site-packages/airflow/example_dags/example_branch_datetime_operator.py for tasks to queue
[2024-09-02T04:45:49.745+0000] {logging_mixin.py:190} INFO - [2024-09-02T04:45:49.744+0000] {dagbag.py:587} INFO - Filling up the DagBag from /home/airflow/.local/lib/python3.12/site-packages/airflow/example_dags/example_branch_datetime_operator.py
[2024-09-02T04:45:49.773+0000] {processor.py:925} INFO - DAG(s) 'example_branch_datetime_operator_2', 'example_branch_datetime_operator', 'example_branch_datetime_operator_3' retrieved from /home/airflow/.local/lib/python3.12/site-packages/airflow/example_dags/example_branch_datetime_operator.py
[2024-09-02T04:45:49.835+0000] {logging_mixin.py:190} INFO - [2024-09-02T04:45:49.834+0000] {dag.py:3211} INFO - Sync 3 DAGs
[2024-09-02T04:45:49.899+0000] {logging_mixin.py:190} INFO - [2024-09-02T04:45:49.899+0000] {dag.py:4138} INFO - Setting next_dagrun for example_branch_datetime_operator to 2024-09-01 00:00:00+00:00, run_after=2024-09-02 00:00:00+00:00
[2024-09-02T04:45:49.910+0000] {logging_mixin.py:190} INFO - [2024-09-02T04:45:49.909+0000] {dag.py:4138} INFO - Setting next_dagrun for example_branch_datetime_operator_2 to 2024-09-01 00:00:00+00:00, run_after=2024-09-02 00:00:00+00:00
[2024-09-02T04:45:49.917+0000] {logging_mixin.py:190} INFO - [2024-09-02T04:45:49.916+0000] {dag.py:4138} INFO - Setting next_dagrun for example_branch_datetime_operator_3 to 2024-09-01 00:00:00+00:00, run_after=2024-09-02 00:00:00+00:00
[2024-09-02T04:45:49.952+0000] {processor.py:208} INFO - Processing /home/airflow/.local/lib/python3.12/site-packages/airflow/example_dags/example_branch_datetime_operator.py took 0.226 seconds
[2024-09-02T04:46:20.132+0000] {processor.py:186} INFO - Started process (PID=2476) to work on /home/airflow/.local/lib/python3.12/site-packages/airflow/example_dags/example_branch_datetime_operator.py
[2024-09-02T04:46:20.134+0000] {processor.py:914} INFO - Processing file /home/airflow/.local/lib/python3.12/site-packages/airflow/example_dags/example_branch_datetime_operator.py for tasks to queue
[2024-09-02T04:46:20.139+0000] {logging_mixin.py:190} INFO - [2024-09-02T04:46:20.139+0000] {dagbag.py:587} INFO - Filling up the DagBag from /home/airflow/.local/lib/python3.12/site-packages/airflow/example_dags/example_branch_datetime_operator.py
[2024-09-02T04:46:20.163+0000] {processor.py:925} INFO - DAG(s) 'example_branch_datetime_operator', 'example_branch_datetime_operator_2', 'example_branch_datetime_operator_3' retrieved from /home/airflow/.local/lib/python3.12/site-packages/airflow/example_dags/example_branch_datetime_operator.py
[2024-09-02T04:46:20.222+0000] {logging_mixin.py:190} INFO - [2024-09-02T04:46:20.222+0000] {dag.py:3211} INFO - Sync 3 DAGs
[2024-09-02T04:46:20.283+0000] {logging_mixin.py:190} INFO - [2024-09-02T04:46:20.282+0000] {dag.py:4138} INFO - Setting next_dagrun for example_branch_datetime_operator to 2024-09-01 00:00:00+00:00, run_after=2024-09-02 00:00:00+00:00
[2024-09-02T04:46:20.298+0000] {logging_mixin.py:190} INFO - [2024-09-02T04:46:20.297+0000] {dag.py:4138} INFO - Setting next_dagrun for example_branch_datetime_operator_2 to 2024-09-01 00:00:00+00:00, run_after=2024-09-02 00:00:00+00:00
[2024-09-02T04:46:20.312+0000] {logging_mixin.py:190} INFO - [2024-09-02T04:46:20.304+0000] {dag.py:4138} INFO - Setting next_dagrun for example_branch_datetime_operator_3 to 2024-09-01 00:00:00+00:00, run_after=2024-09-02 00:00:00+00:00
[2024-09-02T04:46:20.347+0000] {processor.py:208} INFO - Processing /home/airflow/.local/lib/python3.12/site-packages/airflow/example_dags/example_branch_datetime_operator.py took 0.229 seconds
[2024-09-02T04:46:51.370+0000] {processor.py:186} INFO - Started process (PID=2539) to work on /home/airflow/.local/lib/python3.12/site-packages/airflow/example_dags/example_branch_datetime_operator.py
[2024-09-02T04:46:51.393+0000] {processor.py:914} INFO - Processing file /home/airflow/.local/lib/python3.12/site-packages/airflow/example_dags/example_branch_datetime_operator.py for tasks to queue
[2024-09-02T04:46:51.400+0000] {logging_mixin.py:190} INFO - [2024-09-02T04:46:51.399+0000] {dagbag.py:587} INFO - Filling up the DagBag from /home/airflow/.local/lib/python3.12/site-packages/airflow/example_dags/example_branch_datetime_operator.py
[2024-09-02T04:46:51.487+0000] {processor.py:925} INFO - DAG(s) 'example_branch_datetime_operator_3', 'example_branch_datetime_operator', 'example_branch_datetime_operator_2' retrieved from /home/airflow/.local/lib/python3.12/site-packages/airflow/example_dags/example_branch_datetime_operator.py
[2024-09-02T04:46:51.658+0000] {logging_mixin.py:190} INFO - [2024-09-02T04:46:51.657+0000] {dag.py:3211} INFO - Sync 3 DAGs
[2024-09-02T04:46:51.820+0000] {logging_mixin.py:190} INFO - [2024-09-02T04:46:51.819+0000] {dag.py:4138} INFO - Setting next_dagrun for example_branch_datetime_operator to 2024-09-01 00:00:00+00:00, run_after=2024-09-02 00:00:00+00:00
[2024-09-02T04:46:51.853+0000] {logging_mixin.py:190} INFO - [2024-09-02T04:46:51.852+0000] {dag.py:4138} INFO - Setting next_dagrun for example_branch_datetime_operator_2 to 2024-09-01 00:00:00+00:00, run_after=2024-09-02 00:00:00+00:00
[2024-09-02T04:46:51.868+0000] {logging_mixin.py:190} INFO - [2024-09-02T04:46:51.867+0000] {dag.py:4138} INFO - Setting next_dagrun for example_branch_datetime_operator_3 to 2024-09-01 00:00:00+00:00, run_after=2024-09-02 00:00:00+00:00
[2024-09-02T04:46:52.020+0000] {processor.py:208} INFO - Processing /home/airflow/.local/lib/python3.12/site-packages/airflow/example_dags/example_branch_datetime_operator.py took 0.685 seconds
