[2024-09-02T04:14:03.949+0000] {processor.py:186} INFO - Started process (PID=131) to work on /home/airflow/.local/lib/python3.12/site-packages/airflow/example_dags/example_dataset_alias_with_no_taskflow.py
[2024-09-02T04:14:03.951+0000] {processor.py:914} INFO - Processing file /home/airflow/.local/lib/python3.12/site-packages/airflow/example_dags/example_dataset_alias_with_no_taskflow.py for tasks to queue
[2024-09-02T04:14:03.956+0000] {logging_mixin.py:190} INFO - [2024-09-02T04:14:03.956+0000] {dagbag.py:587} INFO - Filling up the DagBag from /home/airflow/.local/lib/python3.12/site-packages/airflow/example_dags/example_dataset_alias_with_no_taskflow.py
[2024-09-02T04:14:04.414+0000] {processor.py:925} INFO - DAG(s) 'dataset_alias_example_alias_consumer_with_no_taskflow', 'dataset_alias_example_alias_producer_with_no_taskflow', 'dataset_s3_bucket_producer_with_no_taskflow', 'dataset_s3_bucket_consumer_with_no_taskflow' retrieved from /home/airflow/.local/lib/python3.12/site-packages/airflow/example_dags/example_dataset_alias_with_no_taskflow.py
[2024-09-02T04:14:05.099+0000] {logging_mixin.py:190} INFO - [2024-09-02T04:14:05.097+0000] {override.py:1858} INFO - Created Permission View: can read on DAG:dataset_alias_example_alias_consumer_with_no_taskflow
[2024-09-02T04:14:05.176+0000] {logging_mixin.py:190} INFO - [2024-09-02T04:14:05.176+0000] {override.py:1858} INFO - Created Permission View: can delete on DAG:dataset_alias_example_alias_consumer_with_no_taskflow
[2024-09-02T04:14:05.225+0000] {logging_mixin.py:190} INFO - [2024-09-02T04:14:05.224+0000] {override.py:1858} INFO - Created Permission View: can edit on DAG:dataset_alias_example_alias_consumer_with_no_taskflow
[2024-09-02T04:14:05.362+0000] {logging_mixin.py:190} INFO - [2024-09-02T04:14:05.345+0000] {override.py:1858} INFO - Created Permission View: can read on DAG:dataset_alias_example_alias_producer_with_no_taskflow
[2024-09-02T04:14:05.400+0000] {logging_mixin.py:190} INFO - [2024-09-02T04:14:05.399+0000] {override.py:1858} INFO - Created Permission View: can delete on DAG:dataset_alias_example_alias_producer_with_no_taskflow
[2024-09-02T04:14:05.434+0000] {logging_mixin.py:190} INFO - [2024-09-02T04:14:05.425+0000] {override.py:1858} INFO - Created Permission View: can edit on DAG:dataset_alias_example_alias_producer_with_no_taskflow
[2024-09-02T04:14:05.475+0000] {logging_mixin.py:190} INFO - [2024-09-02T04:14:05.474+0000] {override.py:1858} INFO - Created Permission View: can read on DAG:dataset_s3_bucket_producer_with_no_taskflow
[2024-09-02T04:14:05.517+0000] {logging_mixin.py:190} INFO - [2024-09-02T04:14:05.516+0000] {override.py:1858} INFO - Created Permission View: can delete on DAG:dataset_s3_bucket_producer_with_no_taskflow
[2024-09-02T04:14:05.536+0000] {logging_mixin.py:190} INFO - [2024-09-02T04:14:05.536+0000] {override.py:1858} INFO - Created Permission View: can edit on DAG:dataset_s3_bucket_producer_with_no_taskflow
[2024-09-02T04:14:05.569+0000] {logging_mixin.py:190} INFO - [2024-09-02T04:14:05.568+0000] {override.py:1858} INFO - Created Permission View: can read on DAG:dataset_s3_bucket_consumer_with_no_taskflow
[2024-09-02T04:14:05.586+0000] {logging_mixin.py:190} INFO - [2024-09-02T04:14:05.585+0000] {override.py:1858} INFO - Created Permission View: can delete on DAG:dataset_s3_bucket_consumer_with_no_taskflow
[2024-09-02T04:14:05.602+0000] {logging_mixin.py:190} INFO - [2024-09-02T04:14:05.601+0000] {override.py:1858} INFO - Created Permission View: can edit on DAG:dataset_s3_bucket_consumer_with_no_taskflow
[2024-09-02T04:14:05.603+0000] {logging_mixin.py:190} INFO - [2024-09-02T04:14:05.603+0000] {dag.py:3211} INFO - Sync 4 DAGs
[2024-09-02T04:14:05.649+0000] {logging_mixin.py:190} INFO - [2024-09-02T04:14:05.648+0000] {dag.py:3234} INFO - Creating ORM DAG for dataset_s3_bucket_producer_with_no_taskflow
[2024-09-02T04:14:05.654+0000] {logging_mixin.py:190} INFO - [2024-09-02T04:14:05.653+0000] {dag.py:3234} INFO - Creating ORM DAG for dataset_alias_example_alias_producer_with_no_taskflow
[2024-09-02T04:14:05.658+0000] {logging_mixin.py:190} INFO - [2024-09-02T04:14:05.657+0000] {dag.py:3234} INFO - Creating ORM DAG for dataset_alias_example_alias_consumer_with_no_taskflow
[2024-09-02T04:14:05.661+0000] {logging_mixin.py:190} INFO - [2024-09-02T04:14:05.661+0000] {dag.py:3234} INFO - Creating ORM DAG for dataset_s3_bucket_consumer_with_no_taskflow
[2024-09-02T04:14:05.694+0000] {logging_mixin.py:190} INFO - [2024-09-02T04:14:05.693+0000] {dag.py:4138} INFO - Setting next_dagrun for dataset_alias_example_alias_consumer_with_no_taskflow to None, run_after=None
[2024-09-02T04:14:05.696+0000] {logging_mixin.py:190} INFO - [2024-09-02T04:14:05.696+0000] {dag.py:4138} INFO - Setting next_dagrun for dataset_alias_example_alias_producer_with_no_taskflow to None, run_after=None
[2024-09-02T04:14:05.698+0000] {logging_mixin.py:190} INFO - [2024-09-02T04:14:05.698+0000] {dag.py:4138} INFO - Setting next_dagrun for dataset_s3_bucket_consumer_with_no_taskflow to None, run_after=None
[2024-09-02T04:14:05.700+0000] {logging_mixin.py:190} INFO - [2024-09-02T04:14:05.700+0000] {dag.py:4138} INFO - Setting next_dagrun for dataset_s3_bucket_producer_with_no_taskflow to None, run_after=None
[2024-09-02T04:14:05.834+0000] {processor.py:208} INFO - Processing /home/airflow/.local/lib/python3.12/site-packages/airflow/example_dags/example_dataset_alias_with_no_taskflow.py took 1.901 seconds
[2024-09-02T04:14:36.619+0000] {processor.py:186} INFO - Started process (PID=194) to work on /home/airflow/.local/lib/python3.12/site-packages/airflow/example_dags/example_dataset_alias_with_no_taskflow.py
[2024-09-02T04:14:36.621+0000] {processor.py:914} INFO - Processing file /home/airflow/.local/lib/python3.12/site-packages/airflow/example_dags/example_dataset_alias_with_no_taskflow.py for tasks to queue
[2024-09-02T04:14:36.626+0000] {logging_mixin.py:190} INFO - [2024-09-02T04:14:36.625+0000] {dagbag.py:587} INFO - Filling up the DagBag from /home/airflow/.local/lib/python3.12/site-packages/airflow/example_dags/example_dataset_alias_with_no_taskflow.py
[2024-09-02T04:14:37.062+0000] {processor.py:925} INFO - DAG(s) 'dataset_s3_bucket_producer_with_no_taskflow', 'dataset_alias_example_alias_consumer_with_no_taskflow', 'dataset_s3_bucket_consumer_with_no_taskflow', 'dataset_alias_example_alias_producer_with_no_taskflow' retrieved from /home/airflow/.local/lib/python3.12/site-packages/airflow/example_dags/example_dataset_alias_with_no_taskflow.py
[2024-09-02T04:14:37.117+0000] {logging_mixin.py:190} INFO - [2024-09-02T04:14:37.117+0000] {dag.py:3211} INFO - Sync 4 DAGs
[2024-09-02T04:14:37.175+0000] {logging_mixin.py:190} INFO - [2024-09-02T04:14:37.174+0000] {dag.py:4138} INFO - Setting next_dagrun for dataset_alias_example_alias_consumer_with_no_taskflow to None, run_after=None
[2024-09-02T04:14:37.182+0000] {logging_mixin.py:190} INFO - [2024-09-02T04:14:37.182+0000] {dag.py:4138} INFO - Setting next_dagrun for dataset_alias_example_alias_producer_with_no_taskflow to None, run_after=None
[2024-09-02T04:14:37.185+0000] {logging_mixin.py:190} INFO - [2024-09-02T04:14:37.185+0000] {dag.py:4138} INFO - Setting next_dagrun for dataset_s3_bucket_consumer_with_no_taskflow to None, run_after=None
[2024-09-02T04:14:37.188+0000] {logging_mixin.py:190} INFO - [2024-09-02T04:14:37.188+0000] {dag.py:4138} INFO - Setting next_dagrun for dataset_s3_bucket_producer_with_no_taskflow to None, run_after=None
[2024-09-02T04:14:37.300+0000] {processor.py:208} INFO - Processing /home/airflow/.local/lib/python3.12/site-packages/airflow/example_dags/example_dataset_alias_with_no_taskflow.py took 0.696 seconds
[2024-09-02T04:15:07.474+0000] {processor.py:186} INFO - Started process (PID=258) to work on /home/airflow/.local/lib/python3.12/site-packages/airflow/example_dags/example_dataset_alias_with_no_taskflow.py
[2024-09-02T04:15:07.476+0000] {processor.py:914} INFO - Processing file /home/airflow/.local/lib/python3.12/site-packages/airflow/example_dags/example_dataset_alias_with_no_taskflow.py for tasks to queue
[2024-09-02T04:15:07.482+0000] {logging_mixin.py:190} INFO - [2024-09-02T04:15:07.482+0000] {dagbag.py:587} INFO - Filling up the DagBag from /home/airflow/.local/lib/python3.12/site-packages/airflow/example_dags/example_dataset_alias_with_no_taskflow.py
[2024-09-02T04:15:07.876+0000] {processor.py:925} INFO - DAG(s) 'dataset_s3_bucket_consumer_with_no_taskflow', 'dataset_alias_example_alias_consumer_with_no_taskflow', 'dataset_s3_bucket_producer_with_no_taskflow', 'dataset_alias_example_alias_producer_with_no_taskflow' retrieved from /home/airflow/.local/lib/python3.12/site-packages/airflow/example_dags/example_dataset_alias_with_no_taskflow.py
[2024-09-02T04:15:07.919+0000] {logging_mixin.py:190} INFO - [2024-09-02T04:15:07.919+0000] {dag.py:3211} INFO - Sync 4 DAGs
[2024-09-02T04:15:07.962+0000] {logging_mixin.py:190} INFO - [2024-09-02T04:15:07.961+0000] {dag.py:4138} INFO - Setting next_dagrun for dataset_alias_example_alias_consumer_with_no_taskflow to None, run_after=None
[2024-09-02T04:15:07.967+0000] {logging_mixin.py:190} INFO - [2024-09-02T04:15:07.966+0000] {dag.py:4138} INFO - Setting next_dagrun for dataset_alias_example_alias_producer_with_no_taskflow to None, run_after=None
[2024-09-02T04:15:07.969+0000] {logging_mixin.py:190} INFO - [2024-09-02T04:15:07.969+0000] {dag.py:4138} INFO - Setting next_dagrun for dataset_s3_bucket_consumer_with_no_taskflow to None, run_after=None
[2024-09-02T04:15:07.972+0000] {logging_mixin.py:190} INFO - [2024-09-02T04:15:07.972+0000] {dag.py:4138} INFO - Setting next_dagrun for dataset_s3_bucket_producer_with_no_taskflow to None, run_after=None
[2024-09-02T04:15:08.019+0000] {processor.py:208} INFO - Processing /home/airflow/.local/lib/python3.12/site-packages/airflow/example_dags/example_dataset_alias_with_no_taskflow.py took 0.561 seconds
[2024-09-02T04:15:38.604+0000] {processor.py:186} INFO - Started process (PID=322) to work on /home/airflow/.local/lib/python3.12/site-packages/airflow/example_dags/example_dataset_alias_with_no_taskflow.py
[2024-09-02T04:15:38.607+0000] {processor.py:914} INFO - Processing file /home/airflow/.local/lib/python3.12/site-packages/airflow/example_dags/example_dataset_alias_with_no_taskflow.py for tasks to queue
[2024-09-02T04:15:38.615+0000] {logging_mixin.py:190} INFO - [2024-09-02T04:15:38.614+0000] {dagbag.py:587} INFO - Filling up the DagBag from /home/airflow/.local/lib/python3.12/site-packages/airflow/example_dags/example_dataset_alias_with_no_taskflow.py
[2024-09-02T04:15:39.182+0000] {processor.py:925} INFO - DAG(s) 'dataset_alias_example_alias_consumer_with_no_taskflow', 'dataset_s3_bucket_consumer_with_no_taskflow', 'dataset_s3_bucket_producer_with_no_taskflow', 'dataset_alias_example_alias_producer_with_no_taskflow' retrieved from /home/airflow/.local/lib/python3.12/site-packages/airflow/example_dags/example_dataset_alias_with_no_taskflow.py
[2024-09-02T04:15:39.313+0000] {logging_mixin.py:190} INFO - [2024-09-02T04:15:39.312+0000] {dag.py:3211} INFO - Sync 4 DAGs
[2024-09-02T04:15:39.411+0000] {logging_mixin.py:190} INFO - [2024-09-02T04:15:39.409+0000] {dag.py:4138} INFO - Setting next_dagrun for dataset_alias_example_alias_consumer_with_no_taskflow to None, run_after=None
[2024-09-02T04:15:39.420+0000] {logging_mixin.py:190} INFO - [2024-09-02T04:15:39.420+0000] {dag.py:4138} INFO - Setting next_dagrun for dataset_alias_example_alias_producer_with_no_taskflow to None, run_after=None
[2024-09-02T04:15:39.425+0000] {logging_mixin.py:190} INFO - [2024-09-02T04:15:39.424+0000] {dag.py:4138} INFO - Setting next_dagrun for dataset_s3_bucket_consumer_with_no_taskflow to None, run_after=None
[2024-09-02T04:15:39.430+0000] {logging_mixin.py:190} INFO - [2024-09-02T04:15:39.429+0000] {dag.py:4138} INFO - Setting next_dagrun for dataset_s3_bucket_producer_with_no_taskflow to None, run_after=None
[2024-09-02T04:15:39.511+0000] {processor.py:208} INFO - Processing /home/airflow/.local/lib/python3.12/site-packages/airflow/example_dags/example_dataset_alias_with_no_taskflow.py took 0.927 seconds
[2024-09-02T04:16:10.169+0000] {processor.py:186} INFO - Started process (PID=386) to work on /home/airflow/.local/lib/python3.12/site-packages/airflow/example_dags/example_dataset_alias_with_no_taskflow.py
[2024-09-02T04:16:10.174+0000] {processor.py:914} INFO - Processing file /home/airflow/.local/lib/python3.12/site-packages/airflow/example_dags/example_dataset_alias_with_no_taskflow.py for tasks to queue
[2024-09-02T04:16:10.198+0000] {logging_mixin.py:190} INFO - [2024-09-02T04:16:10.197+0000] {dagbag.py:587} INFO - Filling up the DagBag from /home/airflow/.local/lib/python3.12/site-packages/airflow/example_dags/example_dataset_alias_with_no_taskflow.py
[2024-09-02T04:16:10.689+0000] {processor.py:925} INFO - DAG(s) 'dataset_s3_bucket_consumer_with_no_taskflow', 'dataset_s3_bucket_producer_with_no_taskflow', 'dataset_alias_example_alias_consumer_with_no_taskflow', 'dataset_alias_example_alias_producer_with_no_taskflow' retrieved from /home/airflow/.local/lib/python3.12/site-packages/airflow/example_dags/example_dataset_alias_with_no_taskflow.py
[2024-09-02T04:16:10.741+0000] {logging_mixin.py:190} INFO - [2024-09-02T04:16:10.741+0000] {dag.py:3211} INFO - Sync 4 DAGs
[2024-09-02T04:16:10.799+0000] {logging_mixin.py:190} INFO - [2024-09-02T04:16:10.798+0000] {dag.py:4138} INFO - Setting next_dagrun for dataset_alias_example_alias_consumer_with_no_taskflow to None, run_after=None
[2024-09-02T04:16:10.806+0000] {logging_mixin.py:190} INFO - [2024-09-02T04:16:10.805+0000] {dag.py:4138} INFO - Setting next_dagrun for dataset_alias_example_alias_producer_with_no_taskflow to None, run_after=None
[2024-09-02T04:16:10.809+0000] {logging_mixin.py:190} INFO - [2024-09-02T04:16:10.808+0000] {dag.py:4138} INFO - Setting next_dagrun for dataset_s3_bucket_consumer_with_no_taskflow to None, run_after=None
[2024-09-02T04:16:10.812+0000] {logging_mixin.py:190} INFO - [2024-09-02T04:16:10.812+0000] {dag.py:4138} INFO - Setting next_dagrun for dataset_s3_bucket_producer_with_no_taskflow to None, run_after=None
[2024-09-02T04:16:10.866+0000] {processor.py:208} INFO - Processing /home/airflow/.local/lib/python3.12/site-packages/airflow/example_dags/example_dataset_alias_with_no_taskflow.py took 0.715 seconds
[2024-09-02T04:16:40.994+0000] {processor.py:186} INFO - Started process (PID=449) to work on /home/airflow/.local/lib/python3.12/site-packages/airflow/example_dags/example_dataset_alias_with_no_taskflow.py
[2024-09-02T04:16:40.996+0000] {processor.py:914} INFO - Processing file /home/airflow/.local/lib/python3.12/site-packages/airflow/example_dags/example_dataset_alias_with_no_taskflow.py for tasks to queue
[2024-09-02T04:16:41.002+0000] {logging_mixin.py:190} INFO - [2024-09-02T04:16:41.001+0000] {dagbag.py:587} INFO - Filling up the DagBag from /home/airflow/.local/lib/python3.12/site-packages/airflow/example_dags/example_dataset_alias_with_no_taskflow.py
[2024-09-02T04:16:41.306+0000] {processor.py:925} INFO - DAG(s) 'dataset_alias_example_alias_producer_with_no_taskflow', 'dataset_alias_example_alias_consumer_with_no_taskflow', 'dataset_s3_bucket_producer_with_no_taskflow', 'dataset_s3_bucket_consumer_with_no_taskflow' retrieved from /home/airflow/.local/lib/python3.12/site-packages/airflow/example_dags/example_dataset_alias_with_no_taskflow.py
[2024-09-02T04:16:41.361+0000] {logging_mixin.py:190} INFO - [2024-09-02T04:16:41.361+0000] {dag.py:3211} INFO - Sync 4 DAGs
[2024-09-02T04:16:41.430+0000] {logging_mixin.py:190} INFO - [2024-09-02T04:16:41.430+0000] {dag.py:4138} INFO - Setting next_dagrun for dataset_alias_example_alias_consumer_with_no_taskflow to None, run_after=None
[2024-09-02T04:16:41.442+0000] {logging_mixin.py:190} INFO - [2024-09-02T04:16:41.441+0000] {dag.py:4138} INFO - Setting next_dagrun for dataset_alias_example_alias_producer_with_no_taskflow to None, run_after=None
[2024-09-02T04:16:41.446+0000] {logging_mixin.py:190} INFO - [2024-09-02T04:16:41.445+0000] {dag.py:4138} INFO - Setting next_dagrun for dataset_s3_bucket_consumer_with_no_taskflow to None, run_after=None
[2024-09-02T04:16:41.449+0000] {logging_mixin.py:190} INFO - [2024-09-02T04:16:41.448+0000] {dag.py:4138} INFO - Setting next_dagrun for dataset_s3_bucket_producer_with_no_taskflow to None, run_after=None
[2024-09-02T04:16:41.498+0000] {processor.py:208} INFO - Processing /home/airflow/.local/lib/python3.12/site-packages/airflow/example_dags/example_dataset_alias_with_no_taskflow.py took 0.519 seconds
[2024-09-02T04:17:11.657+0000] {processor.py:186} INFO - Started process (PID=513) to work on /home/airflow/.local/lib/python3.12/site-packages/airflow/example_dags/example_dataset_alias_with_no_taskflow.py
[2024-09-02T04:17:11.659+0000] {processor.py:914} INFO - Processing file /home/airflow/.local/lib/python3.12/site-packages/airflow/example_dags/example_dataset_alias_with_no_taskflow.py for tasks to queue
[2024-09-02T04:17:11.664+0000] {logging_mixin.py:190} INFO - [2024-09-02T04:17:11.664+0000] {dagbag.py:587} INFO - Filling up the DagBag from /home/airflow/.local/lib/python3.12/site-packages/airflow/example_dags/example_dataset_alias_with_no_taskflow.py
[2024-09-02T04:17:11.968+0000] {processor.py:925} INFO - DAG(s) 'dataset_s3_bucket_consumer_with_no_taskflow', 'dataset_alias_example_alias_consumer_with_no_taskflow', 'dataset_alias_example_alias_producer_with_no_taskflow', 'dataset_s3_bucket_producer_with_no_taskflow' retrieved from /home/airflow/.local/lib/python3.12/site-packages/airflow/example_dags/example_dataset_alias_with_no_taskflow.py
[2024-09-02T04:17:12.018+0000] {logging_mixin.py:190} INFO - [2024-09-02T04:17:12.017+0000] {dag.py:3211} INFO - Sync 4 DAGs
[2024-09-02T04:17:12.067+0000] {logging_mixin.py:190} INFO - [2024-09-02T04:17:12.067+0000] {dag.py:4138} INFO - Setting next_dagrun for dataset_alias_example_alias_consumer_with_no_taskflow to None, run_after=None
[2024-09-02T04:17:12.073+0000] {logging_mixin.py:190} INFO - [2024-09-02T04:17:12.073+0000] {dag.py:4138} INFO - Setting next_dagrun for dataset_alias_example_alias_producer_with_no_taskflow to None, run_after=None
[2024-09-02T04:17:12.076+0000] {logging_mixin.py:190} INFO - [2024-09-02T04:17:12.076+0000] {dag.py:4138} INFO - Setting next_dagrun for dataset_s3_bucket_consumer_with_no_taskflow to None, run_after=None
[2024-09-02T04:17:12.079+0000] {logging_mixin.py:190} INFO - [2024-09-02T04:17:12.079+0000] {dag.py:4138} INFO - Setting next_dagrun for dataset_s3_bucket_producer_with_no_taskflow to None, run_after=None
[2024-09-02T04:17:12.123+0000] {processor.py:208} INFO - Processing /home/airflow/.local/lib/python3.12/site-packages/airflow/example_dags/example_dataset_alias_with_no_taskflow.py took 0.479 seconds
[2024-09-02T04:17:42.362+0000] {processor.py:186} INFO - Started process (PID=575) to work on /home/airflow/.local/lib/python3.12/site-packages/airflow/example_dags/example_dataset_alias_with_no_taskflow.py
[2024-09-02T04:17:42.364+0000] {processor.py:914} INFO - Processing file /home/airflow/.local/lib/python3.12/site-packages/airflow/example_dags/example_dataset_alias_with_no_taskflow.py for tasks to queue
[2024-09-02T04:17:42.369+0000] {logging_mixin.py:190} INFO - [2024-09-02T04:17:42.368+0000] {dagbag.py:587} INFO - Filling up the DagBag from /home/airflow/.local/lib/python3.12/site-packages/airflow/example_dags/example_dataset_alias_with_no_taskflow.py
[2024-09-02T04:17:42.696+0000] {processor.py:925} INFO - DAG(s) 'dataset_alias_example_alias_consumer_with_no_taskflow', 'dataset_s3_bucket_producer_with_no_taskflow', 'dataset_s3_bucket_consumer_with_no_taskflow', 'dataset_alias_example_alias_producer_with_no_taskflow' retrieved from /home/airflow/.local/lib/python3.12/site-packages/airflow/example_dags/example_dataset_alias_with_no_taskflow.py
[2024-09-02T04:17:42.741+0000] {logging_mixin.py:190} INFO - [2024-09-02T04:17:42.740+0000] {dag.py:3211} INFO - Sync 4 DAGs
[2024-09-02T04:17:42.789+0000] {logging_mixin.py:190} INFO - [2024-09-02T04:17:42.789+0000] {dag.py:4138} INFO - Setting next_dagrun for dataset_alias_example_alias_consumer_with_no_taskflow to None, run_after=None
[2024-09-02T04:17:42.795+0000] {logging_mixin.py:190} INFO - [2024-09-02T04:17:42.794+0000] {dag.py:4138} INFO - Setting next_dagrun for dataset_alias_example_alias_producer_with_no_taskflow to None, run_after=None
[2024-09-02T04:17:42.799+0000] {logging_mixin.py:190} INFO - [2024-09-02T04:17:42.798+0000] {dag.py:4138} INFO - Setting next_dagrun for dataset_s3_bucket_consumer_with_no_taskflow to None, run_after=None
[2024-09-02T04:17:42.802+0000] {logging_mixin.py:190} INFO - [2024-09-02T04:17:42.801+0000] {dag.py:4138} INFO - Setting next_dagrun for dataset_s3_bucket_producer_with_no_taskflow to None, run_after=None
[2024-09-02T04:17:42.844+0000] {processor.py:208} INFO - Processing /home/airflow/.local/lib/python3.12/site-packages/airflow/example_dags/example_dataset_alias_with_no_taskflow.py took 0.496 seconds
[2024-09-02T04:18:13.009+0000] {processor.py:186} INFO - Started process (PID=639) to work on /home/airflow/.local/lib/python3.12/site-packages/airflow/example_dags/example_dataset_alias_with_no_taskflow.py
[2024-09-02T04:18:13.011+0000] {processor.py:914} INFO - Processing file /home/airflow/.local/lib/python3.12/site-packages/airflow/example_dags/example_dataset_alias_with_no_taskflow.py for tasks to queue
[2024-09-02T04:18:13.017+0000] {logging_mixin.py:190} INFO - [2024-09-02T04:18:13.016+0000] {dagbag.py:587} INFO - Filling up the DagBag from /home/airflow/.local/lib/python3.12/site-packages/airflow/example_dags/example_dataset_alias_with_no_taskflow.py
[2024-09-02T04:18:13.361+0000] {processor.py:925} INFO - DAG(s) 'dataset_s3_bucket_consumer_with_no_taskflow', 'dataset_alias_example_alias_producer_with_no_taskflow', 'dataset_s3_bucket_producer_with_no_taskflow', 'dataset_alias_example_alias_consumer_with_no_taskflow' retrieved from /home/airflow/.local/lib/python3.12/site-packages/airflow/example_dags/example_dataset_alias_with_no_taskflow.py
[2024-09-02T04:18:13.408+0000] {logging_mixin.py:190} INFO - [2024-09-02T04:18:13.408+0000] {dag.py:3211} INFO - Sync 4 DAGs
[2024-09-02T04:18:13.463+0000] {logging_mixin.py:190} INFO - [2024-09-02T04:18:13.462+0000] {dag.py:4138} INFO - Setting next_dagrun for dataset_alias_example_alias_consumer_with_no_taskflow to None, run_after=None
[2024-09-02T04:18:13.470+0000] {logging_mixin.py:190} INFO - [2024-09-02T04:18:13.469+0000] {dag.py:4138} INFO - Setting next_dagrun for dataset_alias_example_alias_producer_with_no_taskflow to None, run_after=None
[2024-09-02T04:18:13.473+0000] {logging_mixin.py:190} INFO - [2024-09-02T04:18:13.472+0000] {dag.py:4138} INFO - Setting next_dagrun for dataset_s3_bucket_consumer_with_no_taskflow to None, run_after=None
[2024-09-02T04:18:13.476+0000] {logging_mixin.py:190} INFO - [2024-09-02T04:18:13.475+0000] {dag.py:4138} INFO - Setting next_dagrun for dataset_s3_bucket_producer_with_no_taskflow to None, run_after=None
[2024-09-02T04:18:13.522+0000] {processor.py:208} INFO - Processing /home/airflow/.local/lib/python3.12/site-packages/airflow/example_dags/example_dataset_alias_with_no_taskflow.py took 0.526 seconds
[2024-09-02T04:18:43.952+0000] {processor.py:186} INFO - Started process (PID=700) to work on /home/airflow/.local/lib/python3.12/site-packages/airflow/example_dags/example_dataset_alias_with_no_taskflow.py
[2024-09-02T04:18:43.954+0000] {processor.py:914} INFO - Processing file /home/airflow/.local/lib/python3.12/site-packages/airflow/example_dags/example_dataset_alias_with_no_taskflow.py for tasks to queue
[2024-09-02T04:18:43.959+0000] {logging_mixin.py:190} INFO - [2024-09-02T04:18:43.959+0000] {dagbag.py:587} INFO - Filling up the DagBag from /home/airflow/.local/lib/python3.12/site-packages/airflow/example_dags/example_dataset_alias_with_no_taskflow.py
[2024-09-02T04:18:44.427+0000] {processor.py:925} INFO - DAG(s) 'dataset_s3_bucket_producer_with_no_taskflow', 'dataset_alias_example_alias_producer_with_no_taskflow', 'dataset_s3_bucket_consumer_with_no_taskflow', 'dataset_alias_example_alias_consumer_with_no_taskflow' retrieved from /home/airflow/.local/lib/python3.12/site-packages/airflow/example_dags/example_dataset_alias_with_no_taskflow.py
[2024-09-02T04:18:44.485+0000] {logging_mixin.py:190} INFO - [2024-09-02T04:18:44.485+0000] {dag.py:3211} INFO - Sync 4 DAGs
[2024-09-02T04:18:44.538+0000] {logging_mixin.py:190} INFO - [2024-09-02T04:18:44.537+0000] {dag.py:4138} INFO - Setting next_dagrun for dataset_alias_example_alias_consumer_with_no_taskflow to None, run_after=None
[2024-09-02T04:18:44.543+0000] {logging_mixin.py:190} INFO - [2024-09-02T04:18:44.542+0000] {dag.py:4138} INFO - Setting next_dagrun for dataset_alias_example_alias_producer_with_no_taskflow to None, run_after=None
[2024-09-02T04:18:44.546+0000] {logging_mixin.py:190} INFO - [2024-09-02T04:18:44.545+0000] {dag.py:4138} INFO - Setting next_dagrun for dataset_s3_bucket_consumer_with_no_taskflow to None, run_after=None
[2024-09-02T04:18:44.549+0000] {logging_mixin.py:190} INFO - [2024-09-02T04:18:44.548+0000] {dag.py:4138} INFO - Setting next_dagrun for dataset_s3_bucket_producer_with_no_taskflow to None, run_after=None
[2024-09-02T04:18:44.591+0000] {processor.py:208} INFO - Processing /home/airflow/.local/lib/python3.12/site-packages/airflow/example_dags/example_dataset_alias_with_no_taskflow.py took 0.652 seconds
[2024-09-02T04:19:15.108+0000] {processor.py:186} INFO - Started process (PID=763) to work on /home/airflow/.local/lib/python3.12/site-packages/airflow/example_dags/example_dataset_alias_with_no_taskflow.py
[2024-09-02T04:19:15.111+0000] {processor.py:914} INFO - Processing file /home/airflow/.local/lib/python3.12/site-packages/airflow/example_dags/example_dataset_alias_with_no_taskflow.py for tasks to queue
[2024-09-02T04:19:15.125+0000] {logging_mixin.py:190} INFO - [2024-09-02T04:19:15.123+0000] {dagbag.py:587} INFO - Filling up the DagBag from /home/airflow/.local/lib/python3.12/site-packages/airflow/example_dags/example_dataset_alias_with_no_taskflow.py
[2024-09-02T04:19:15.908+0000] {processor.py:925} INFO - DAG(s) 'dataset_s3_bucket_producer_with_no_taskflow', 'dataset_alias_example_alias_producer_with_no_taskflow', 'dataset_alias_example_alias_consumer_with_no_taskflow', 'dataset_s3_bucket_consumer_with_no_taskflow' retrieved from /home/airflow/.local/lib/python3.12/site-packages/airflow/example_dags/example_dataset_alias_with_no_taskflow.py
[2024-09-02T04:19:16.021+0000] {logging_mixin.py:190} INFO - [2024-09-02T04:19:16.020+0000] {dag.py:3211} INFO - Sync 4 DAGs
[2024-09-02T04:19:16.101+0000] {logging_mixin.py:190} INFO - [2024-09-02T04:19:16.100+0000] {dag.py:4138} INFO - Setting next_dagrun for dataset_alias_example_alias_consumer_with_no_taskflow to None, run_after=None
[2024-09-02T04:19:16.115+0000] {logging_mixin.py:190} INFO - [2024-09-02T04:19:16.114+0000] {dag.py:4138} INFO - Setting next_dagrun for dataset_alias_example_alias_producer_with_no_taskflow to None, run_after=None
[2024-09-02T04:19:16.119+0000] {logging_mixin.py:190} INFO - [2024-09-02T04:19:16.119+0000] {dag.py:4138} INFO - Setting next_dagrun for dataset_s3_bucket_consumer_with_no_taskflow to None, run_after=None
[2024-09-02T04:19:16.129+0000] {logging_mixin.py:190} INFO - [2024-09-02T04:19:16.128+0000] {dag.py:4138} INFO - Setting next_dagrun for dataset_s3_bucket_producer_with_no_taskflow to None, run_after=None
[2024-09-02T04:19:16.222+0000] {processor.py:208} INFO - Processing /home/airflow/.local/lib/python3.12/site-packages/airflow/example_dags/example_dataset_alias_with_no_taskflow.py took 1.171 seconds
[2024-09-02T04:19:46.441+0000] {processor.py:186} INFO - Started process (PID=825) to work on /home/airflow/.local/lib/python3.12/site-packages/airflow/example_dags/example_dataset_alias_with_no_taskflow.py
[2024-09-02T04:19:46.445+0000] {processor.py:914} INFO - Processing file /home/airflow/.local/lib/python3.12/site-packages/airflow/example_dags/example_dataset_alias_with_no_taskflow.py for tasks to queue
[2024-09-02T04:19:46.451+0000] {logging_mixin.py:190} INFO - [2024-09-02T04:19:46.450+0000] {dagbag.py:587} INFO - Filling up the DagBag from /home/airflow/.local/lib/python3.12/site-packages/airflow/example_dags/example_dataset_alias_with_no_taskflow.py
[2024-09-02T04:19:46.864+0000] {processor.py:925} INFO - DAG(s) 'dataset_s3_bucket_producer_with_no_taskflow', 'dataset_alias_example_alias_producer_with_no_taskflow', 'dataset_alias_example_alias_consumer_with_no_taskflow', 'dataset_s3_bucket_consumer_with_no_taskflow' retrieved from /home/airflow/.local/lib/python3.12/site-packages/airflow/example_dags/example_dataset_alias_with_no_taskflow.py
[2024-09-02T04:19:46.918+0000] {logging_mixin.py:190} INFO - [2024-09-02T04:19:46.917+0000] {dag.py:3211} INFO - Sync 4 DAGs
[2024-09-02T04:19:47.006+0000] {logging_mixin.py:190} INFO - [2024-09-02T04:19:46.999+0000] {dag.py:4138} INFO - Setting next_dagrun for dataset_alias_example_alias_consumer_with_no_taskflow to None, run_after=None
[2024-09-02T04:19:47.054+0000] {logging_mixin.py:190} INFO - [2024-09-02T04:19:47.053+0000] {dag.py:4138} INFO - Setting next_dagrun for dataset_alias_example_alias_producer_with_no_taskflow to None, run_after=None
[2024-09-02T04:19:47.070+0000] {logging_mixin.py:190} INFO - [2024-09-02T04:19:47.065+0000] {dag.py:4138} INFO - Setting next_dagrun for dataset_s3_bucket_consumer_with_no_taskflow to None, run_after=None
[2024-09-02T04:19:47.090+0000] {logging_mixin.py:190} INFO - [2024-09-02T04:19:47.089+0000] {dag.py:4138} INFO - Setting next_dagrun for dataset_s3_bucket_producer_with_no_taskflow to None, run_after=None
[2024-09-02T04:19:47.266+0000] {processor.py:208} INFO - Processing /home/airflow/.local/lib/python3.12/site-packages/airflow/example_dags/example_dataset_alias_with_no_taskflow.py took 0.841 seconds
[2024-09-02T04:20:17.424+0000] {processor.py:186} INFO - Started process (PID=895) to work on /home/airflow/.local/lib/python3.12/site-packages/airflow/example_dags/example_dataset_alias_with_no_taskflow.py
[2024-09-02T04:20:17.427+0000] {processor.py:914} INFO - Processing file /home/airflow/.local/lib/python3.12/site-packages/airflow/example_dags/example_dataset_alias_with_no_taskflow.py for tasks to queue
[2024-09-02T04:20:17.433+0000] {logging_mixin.py:190} INFO - [2024-09-02T04:20:17.432+0000] {dagbag.py:587} INFO - Filling up the DagBag from /home/airflow/.local/lib/python3.12/site-packages/airflow/example_dags/example_dataset_alias_with_no_taskflow.py
[2024-09-02T04:20:18.298+0000] {processor.py:925} INFO - DAG(s) 'dataset_s3_bucket_producer_with_no_taskflow', 'dataset_alias_example_alias_consumer_with_no_taskflow', 'dataset_s3_bucket_consumer_with_no_taskflow', 'dataset_alias_example_alias_producer_with_no_taskflow' retrieved from /home/airflow/.local/lib/python3.12/site-packages/airflow/example_dags/example_dataset_alias_with_no_taskflow.py
[2024-09-02T04:20:18.409+0000] {logging_mixin.py:190} INFO - [2024-09-02T04:20:18.408+0000] {dag.py:3211} INFO - Sync 4 DAGs
[2024-09-02T04:20:18.531+0000] {logging_mixin.py:190} INFO - [2024-09-02T04:20:18.531+0000] {dag.py:4138} INFO - Setting next_dagrun for dataset_alias_example_alias_consumer_with_no_taskflow to None, run_after=None
[2024-09-02T04:20:18.540+0000] {logging_mixin.py:190} INFO - [2024-09-02T04:20:18.539+0000] {dag.py:4138} INFO - Setting next_dagrun for dataset_alias_example_alias_producer_with_no_taskflow to None, run_after=None
[2024-09-02T04:20:18.545+0000] {logging_mixin.py:190} INFO - [2024-09-02T04:20:18.545+0000] {dag.py:4138} INFO - Setting next_dagrun for dataset_s3_bucket_consumer_with_no_taskflow to None, run_after=None
[2024-09-02T04:20:18.549+0000] {logging_mixin.py:190} INFO - [2024-09-02T04:20:18.549+0000] {dag.py:4138} INFO - Setting next_dagrun for dataset_s3_bucket_producer_with_no_taskflow to None, run_after=None
[2024-09-02T04:20:18.675+0000] {processor.py:208} INFO - Processing /home/airflow/.local/lib/python3.12/site-packages/airflow/example_dags/example_dataset_alias_with_no_taskflow.py took 1.264 seconds
[2024-09-02T04:20:49.595+0000] {processor.py:186} INFO - Started process (PID=959) to work on /home/airflow/.local/lib/python3.12/site-packages/airflow/example_dags/example_dataset_alias_with_no_taskflow.py
[2024-09-02T04:20:49.598+0000] {processor.py:914} INFO - Processing file /home/airflow/.local/lib/python3.12/site-packages/airflow/example_dags/example_dataset_alias_with_no_taskflow.py for tasks to queue
[2024-09-02T04:20:49.605+0000] {logging_mixin.py:190} INFO - [2024-09-02T04:20:49.603+0000] {dagbag.py:587} INFO - Filling up the DagBag from /home/airflow/.local/lib/python3.12/site-packages/airflow/example_dags/example_dataset_alias_with_no_taskflow.py
[2024-09-02T04:20:50.064+0000] {processor.py:925} INFO - DAG(s) 'dataset_s3_bucket_consumer_with_no_taskflow', 'dataset_alias_example_alias_consumer_with_no_taskflow', 'dataset_s3_bucket_producer_with_no_taskflow', 'dataset_alias_example_alias_producer_with_no_taskflow' retrieved from /home/airflow/.local/lib/python3.12/site-packages/airflow/example_dags/example_dataset_alias_with_no_taskflow.py
[2024-09-02T04:20:50.159+0000] {logging_mixin.py:190} INFO - [2024-09-02T04:20:50.159+0000] {dag.py:3211} INFO - Sync 4 DAGs
[2024-09-02T04:20:50.240+0000] {logging_mixin.py:190} INFO - [2024-09-02T04:20:50.239+0000] {dag.py:4138} INFO - Setting next_dagrun for dataset_alias_example_alias_consumer_with_no_taskflow to None, run_after=None
[2024-09-02T04:20:50.247+0000] {logging_mixin.py:190} INFO - [2024-09-02T04:20:50.246+0000] {dag.py:4138} INFO - Setting next_dagrun for dataset_alias_example_alias_producer_with_no_taskflow to None, run_after=None
[2024-09-02T04:20:50.250+0000] {logging_mixin.py:190} INFO - [2024-09-02T04:20:50.250+0000] {dag.py:4138} INFO - Setting next_dagrun for dataset_s3_bucket_consumer_with_no_taskflow to None, run_after=None
[2024-09-02T04:20:50.254+0000] {logging_mixin.py:190} INFO - [2024-09-02T04:20:50.254+0000] {dag.py:4138} INFO - Setting next_dagrun for dataset_s3_bucket_producer_with_no_taskflow to None, run_after=None
[2024-09-02T04:20:50.316+0000] {processor.py:208} INFO - Processing /home/airflow/.local/lib/python3.12/site-packages/airflow/example_dags/example_dataset_alias_with_no_taskflow.py took 0.740 seconds
[2024-09-02T04:21:31.503+0000] {processor.py:186} INFO - Started process (PID=1027) to work on /home/airflow/.local/lib/python3.12/site-packages/airflow/example_dags/example_dataset_alias_with_no_taskflow.py
[2024-09-02T04:21:31.526+0000] {processor.py:914} INFO - Processing file /home/airflow/.local/lib/python3.12/site-packages/airflow/example_dags/example_dataset_alias_with_no_taskflow.py for tasks to queue
[2024-09-02T04:21:31.551+0000] {logging_mixin.py:190} INFO - [2024-09-02T04:21:31.550+0000] {dagbag.py:587} INFO - Filling up the DagBag from /home/airflow/.local/lib/python3.12/site-packages/airflow/example_dags/example_dataset_alias_with_no_taskflow.py
[2024-09-02T04:21:32.843+0000] {processor.py:925} INFO - DAG(s) 'dataset_alias_example_alias_consumer_with_no_taskflow', 'dataset_s3_bucket_consumer_with_no_taskflow', 'dataset_s3_bucket_producer_with_no_taskflow', 'dataset_alias_example_alias_producer_with_no_taskflow' retrieved from /home/airflow/.local/lib/python3.12/site-packages/airflow/example_dags/example_dataset_alias_with_no_taskflow.py
[2024-09-02T04:21:33.048+0000] {logging_mixin.py:190} INFO - [2024-09-02T04:21:33.047+0000] {dag.py:3211} INFO - Sync 4 DAGs
[2024-09-02T04:21:33.272+0000] {logging_mixin.py:190} INFO - [2024-09-02T04:21:33.271+0000] {dag.py:4138} INFO - Setting next_dagrun for dataset_alias_example_alias_consumer_with_no_taskflow to None, run_after=None
[2024-09-02T04:21:33.299+0000] {logging_mixin.py:190} INFO - [2024-09-02T04:21:33.298+0000] {dag.py:4138} INFO - Setting next_dagrun for dataset_alias_example_alias_producer_with_no_taskflow to None, run_after=None
[2024-09-02T04:21:33.318+0000] {logging_mixin.py:190} INFO - [2024-09-02T04:21:33.317+0000] {dag.py:4138} INFO - Setting next_dagrun for dataset_s3_bucket_consumer_with_no_taskflow to None, run_after=None
[2024-09-02T04:21:33.346+0000] {logging_mixin.py:190} INFO - [2024-09-02T04:21:33.345+0000] {dag.py:4138} INFO - Setting next_dagrun for dataset_s3_bucket_producer_with_no_taskflow to None, run_after=None
[2024-09-02T04:21:33.521+0000] {processor.py:208} INFO - Processing /home/airflow/.local/lib/python3.12/site-packages/airflow/example_dags/example_dataset_alias_with_no_taskflow.py took 2.058 seconds
[2024-09-02T04:22:03.751+0000] {processor.py:186} INFO - Started process (PID=1091) to work on /home/airflow/.local/lib/python3.12/site-packages/airflow/example_dags/example_dataset_alias_with_no_taskflow.py
[2024-09-02T04:22:03.757+0000] {processor.py:914} INFO - Processing file /home/airflow/.local/lib/python3.12/site-packages/airflow/example_dags/example_dataset_alias_with_no_taskflow.py for tasks to queue
[2024-09-02T04:22:03.764+0000] {logging_mixin.py:190} INFO - [2024-09-02T04:22:03.762+0000] {dagbag.py:587} INFO - Filling up the DagBag from /home/airflow/.local/lib/python3.12/site-packages/airflow/example_dags/example_dataset_alias_with_no_taskflow.py
[2024-09-02T04:22:04.185+0000] {processor.py:925} INFO - DAG(s) 'dataset_alias_example_alias_consumer_with_no_taskflow', 'dataset_s3_bucket_consumer_with_no_taskflow', 'dataset_alias_example_alias_producer_with_no_taskflow', 'dataset_s3_bucket_producer_with_no_taskflow' retrieved from /home/airflow/.local/lib/python3.12/site-packages/airflow/example_dags/example_dataset_alias_with_no_taskflow.py
[2024-09-02T04:22:04.243+0000] {logging_mixin.py:190} INFO - [2024-09-02T04:22:04.242+0000] {dag.py:3211} INFO - Sync 4 DAGs
[2024-09-02T04:22:04.298+0000] {logging_mixin.py:190} INFO - [2024-09-02T04:22:04.297+0000] {dag.py:4138} INFO - Setting next_dagrun for dataset_alias_example_alias_consumer_with_no_taskflow to None, run_after=None
[2024-09-02T04:22:04.304+0000] {logging_mixin.py:190} INFO - [2024-09-02T04:22:04.304+0000] {dag.py:4138} INFO - Setting next_dagrun for dataset_alias_example_alias_producer_with_no_taskflow to None, run_after=None
[2024-09-02T04:22:04.308+0000] {logging_mixin.py:190} INFO - [2024-09-02T04:22:04.307+0000] {dag.py:4138} INFO - Setting next_dagrun for dataset_s3_bucket_consumer_with_no_taskflow to None, run_after=None
[2024-09-02T04:22:04.311+0000] {logging_mixin.py:190} INFO - [2024-09-02T04:22:04.311+0000] {dag.py:4138} INFO - Setting next_dagrun for dataset_s3_bucket_producer_with_no_taskflow to None, run_after=None
[2024-09-02T04:22:04.364+0000] {processor.py:208} INFO - Processing /home/airflow/.local/lib/python3.12/site-packages/airflow/example_dags/example_dataset_alias_with_no_taskflow.py took 0.633 seconds
[2024-09-02T04:23:24.691+0000] {processor.py:186} INFO - Started process (PID=1183) to work on /home/airflow/.local/lib/python3.12/site-packages/airflow/example_dags/example_dataset_alias_with_no_taskflow.py
[2024-09-02T04:23:24.967+0000] {processor.py:914} INFO - Processing file /home/airflow/.local/lib/python3.12/site-packages/airflow/example_dags/example_dataset_alias_with_no_taskflow.py for tasks to queue
[2024-09-02T04:23:25.073+0000] {logging_mixin.py:190} INFO - [2024-09-02T04:23:25.072+0000] {dagbag.py:587} INFO - Filling up the DagBag from /home/airflow/.local/lib/python3.12/site-packages/airflow/example_dags/example_dataset_alias_with_no_taskflow.py
[2024-09-02T04:23:26.956+0000] {processor.py:925} INFO - DAG(s) 'dataset_alias_example_alias_producer_with_no_taskflow', 'dataset_s3_bucket_consumer_with_no_taskflow', 'dataset_alias_example_alias_consumer_with_no_taskflow', 'dataset_s3_bucket_producer_with_no_taskflow' retrieved from /home/airflow/.local/lib/python3.12/site-packages/airflow/example_dags/example_dataset_alias_with_no_taskflow.py
[2024-09-02T04:23:27.206+0000] {logging_mixin.py:190} INFO - [2024-09-02T04:23:27.205+0000] {dag.py:3211} INFO - Sync 4 DAGs
[2024-09-02T04:23:27.855+0000] {logging_mixin.py:190} INFO - [2024-09-02T04:23:27.855+0000] {dag.py:4138} INFO - Setting next_dagrun for dataset_alias_example_alias_consumer_with_no_taskflow to None, run_after=None
[2024-09-02T04:23:27.903+0000] {logging_mixin.py:190} INFO - [2024-09-02T04:23:27.902+0000] {dag.py:4138} INFO - Setting next_dagrun for dataset_alias_example_alias_producer_with_no_taskflow to None, run_after=None
[2024-09-02T04:23:27.934+0000] {logging_mixin.py:190} INFO - [2024-09-02T04:23:27.934+0000] {dag.py:4138} INFO - Setting next_dagrun for dataset_s3_bucket_consumer_with_no_taskflow to None, run_after=None
[2024-09-02T04:23:27.985+0000] {logging_mixin.py:190} INFO - [2024-09-02T04:23:27.984+0000] {dag.py:4138} INFO - Setting next_dagrun for dataset_s3_bucket_producer_with_no_taskflow to None, run_after=None
[2024-09-02T04:23:28.319+0000] {processor.py:208} INFO - Processing /home/airflow/.local/lib/python3.12/site-packages/airflow/example_dags/example_dataset_alias_with_no_taskflow.py took 3.662 seconds
[2024-09-02T04:26:43.993+0000] {processor.py:186} INFO - Started process (PID=120) to work on /home/airflow/.local/lib/python3.12/site-packages/airflow/example_dags/example_dataset_alias_with_no_taskflow.py
[2024-09-02T04:26:43.995+0000] {processor.py:914} INFO - Processing file /home/airflow/.local/lib/python3.12/site-packages/airflow/example_dags/example_dataset_alias_with_no_taskflow.py for tasks to queue
[2024-09-02T04:26:44.013+0000] {logging_mixin.py:190} INFO - [2024-09-02T04:26:44.013+0000] {dagbag.py:587} INFO - Filling up the DagBag from /home/airflow/.local/lib/python3.12/site-packages/airflow/example_dags/example_dataset_alias_with_no_taskflow.py
[2024-09-02T04:26:45.639+0000] {processor.py:925} INFO - DAG(s) 'dataset_alias_example_alias_consumer_with_no_taskflow', 'dataset_alias_example_alias_producer_with_no_taskflow', 'dataset_s3_bucket_consumer_with_no_taskflow', 'dataset_s3_bucket_producer_with_no_taskflow' retrieved from /home/airflow/.local/lib/python3.12/site-packages/airflow/example_dags/example_dataset_alias_with_no_taskflow.py
[2024-09-02T04:26:45.872+0000] {logging_mixin.py:190} INFO - [2024-09-02T04:26:45.872+0000] {dag.py:3211} INFO - Sync 4 DAGs
[2024-09-02T04:26:46.158+0000] {logging_mixin.py:190} INFO - [2024-09-02T04:26:46.157+0000] {dag.py:4138} INFO - Setting next_dagrun for dataset_alias_example_alias_consumer_with_no_taskflow to None, run_after=None
[2024-09-02T04:26:46.177+0000] {logging_mixin.py:190} INFO - [2024-09-02T04:26:46.176+0000] {dag.py:4138} INFO - Setting next_dagrun for dataset_alias_example_alias_producer_with_no_taskflow to None, run_after=None
[2024-09-02T04:26:46.191+0000] {logging_mixin.py:190} INFO - [2024-09-02T04:26:46.191+0000] {dag.py:4138} INFO - Setting next_dagrun for dataset_s3_bucket_consumer_with_no_taskflow to None, run_after=None
[2024-09-02T04:26:46.209+0000] {logging_mixin.py:190} INFO - [2024-09-02T04:26:46.208+0000] {dag.py:4138} INFO - Setting next_dagrun for dataset_s3_bucket_producer_with_no_taskflow to None, run_after=None
[2024-09-02T04:26:46.465+0000] {processor.py:208} INFO - Processing /home/airflow/.local/lib/python3.12/site-packages/airflow/example_dags/example_dataset_alias_with_no_taskflow.py took 2.531 seconds
[2024-09-02T04:27:17.005+0000] {processor.py:186} INFO - Started process (PID=184) to work on /home/airflow/.local/lib/python3.12/site-packages/airflow/example_dags/example_dataset_alias_with_no_taskflow.py
[2024-09-02T04:27:17.012+0000] {processor.py:914} INFO - Processing file /home/airflow/.local/lib/python3.12/site-packages/airflow/example_dags/example_dataset_alias_with_no_taskflow.py for tasks to queue
[2024-09-02T04:27:17.029+0000] {logging_mixin.py:190} INFO - [2024-09-02T04:27:17.028+0000] {dagbag.py:587} INFO - Filling up the DagBag from /home/airflow/.local/lib/python3.12/site-packages/airflow/example_dags/example_dataset_alias_with_no_taskflow.py
[2024-09-02T04:27:17.428+0000] {processor.py:925} INFO - DAG(s) 'dataset_s3_bucket_consumer_with_no_taskflow', 'dataset_alias_example_alias_consumer_with_no_taskflow', 'dataset_alias_example_alias_producer_with_no_taskflow', 'dataset_s3_bucket_producer_with_no_taskflow' retrieved from /home/airflow/.local/lib/python3.12/site-packages/airflow/example_dags/example_dataset_alias_with_no_taskflow.py
[2024-09-02T04:27:17.477+0000] {logging_mixin.py:190} INFO - [2024-09-02T04:27:17.476+0000] {dag.py:3211} INFO - Sync 4 DAGs
[2024-09-02T04:27:17.529+0000] {logging_mixin.py:190} INFO - [2024-09-02T04:27:17.528+0000] {dag.py:4138} INFO - Setting next_dagrun for dataset_alias_example_alias_consumer_with_no_taskflow to None, run_after=None
[2024-09-02T04:27:17.534+0000] {logging_mixin.py:190} INFO - [2024-09-02T04:27:17.534+0000] {dag.py:4138} INFO - Setting next_dagrun for dataset_alias_example_alias_producer_with_no_taskflow to None, run_after=None
[2024-09-02T04:27:17.537+0000] {logging_mixin.py:190} INFO - [2024-09-02T04:27:17.537+0000] {dag.py:4138} INFO - Setting next_dagrun for dataset_s3_bucket_consumer_with_no_taskflow to None, run_after=None
[2024-09-02T04:27:17.540+0000] {logging_mixin.py:190} INFO - [2024-09-02T04:27:17.540+0000] {dag.py:4138} INFO - Setting next_dagrun for dataset_s3_bucket_producer_with_no_taskflow to None, run_after=None
[2024-09-02T04:27:17.583+0000] {processor.py:208} INFO - Processing /home/airflow/.local/lib/python3.12/site-packages/airflow/example_dags/example_dataset_alias_with_no_taskflow.py took 0.598 seconds
[2024-09-02T04:27:48.142+0000] {processor.py:186} INFO - Started process (PID=247) to work on /home/airflow/.local/lib/python3.12/site-packages/airflow/example_dags/example_dataset_alias_with_no_taskflow.py
[2024-09-02T04:27:48.146+0000] {processor.py:914} INFO - Processing file /home/airflow/.local/lib/python3.12/site-packages/airflow/example_dags/example_dataset_alias_with_no_taskflow.py for tasks to queue
[2024-09-02T04:27:48.154+0000] {logging_mixin.py:190} INFO - [2024-09-02T04:27:48.153+0000] {dagbag.py:587} INFO - Filling up the DagBag from /home/airflow/.local/lib/python3.12/site-packages/airflow/example_dags/example_dataset_alias_with_no_taskflow.py
[2024-09-02T04:27:48.514+0000] {processor.py:925} INFO - DAG(s) 'dataset_alias_example_alias_consumer_with_no_taskflow', 'dataset_s3_bucket_consumer_with_no_taskflow', 'dataset_alias_example_alias_producer_with_no_taskflow', 'dataset_s3_bucket_producer_with_no_taskflow' retrieved from /home/airflow/.local/lib/python3.12/site-packages/airflow/example_dags/example_dataset_alias_with_no_taskflow.py
[2024-09-02T04:27:48.570+0000] {logging_mixin.py:190} INFO - [2024-09-02T04:27:48.569+0000] {dag.py:3211} INFO - Sync 4 DAGs
[2024-09-02T04:27:48.623+0000] {logging_mixin.py:190} INFO - [2024-09-02T04:27:48.622+0000] {dag.py:4138} INFO - Setting next_dagrun for dataset_alias_example_alias_consumer_with_no_taskflow to None, run_after=None
[2024-09-02T04:27:48.629+0000] {logging_mixin.py:190} INFO - [2024-09-02T04:27:48.629+0000] {dag.py:4138} INFO - Setting next_dagrun for dataset_alias_example_alias_producer_with_no_taskflow to None, run_after=None
[2024-09-02T04:27:48.633+0000] {logging_mixin.py:190} INFO - [2024-09-02T04:27:48.633+0000] {dag.py:4138} INFO - Setting next_dagrun for dataset_s3_bucket_consumer_with_no_taskflow to None, run_after=None
[2024-09-02T04:27:48.637+0000] {logging_mixin.py:190} INFO - [2024-09-02T04:27:48.636+0000] {dag.py:4138} INFO - Setting next_dagrun for dataset_s3_bucket_producer_with_no_taskflow to None, run_after=None
[2024-09-02T04:27:48.698+0000] {processor.py:208} INFO - Processing /home/airflow/.local/lib/python3.12/site-packages/airflow/example_dags/example_dataset_alias_with_no_taskflow.py took 0.570 seconds
[2024-09-02T04:28:24.637+0000] {processor.py:186} INFO - Started process (PID=309) to work on /home/airflow/.local/lib/python3.12/site-packages/airflow/example_dags/example_dataset_alias_with_no_taskflow.py
[2024-09-02T04:28:24.656+0000] {processor.py:914} INFO - Processing file /home/airflow/.local/lib/python3.12/site-packages/airflow/example_dags/example_dataset_alias_with_no_taskflow.py for tasks to queue
[2024-09-02T04:28:24.754+0000] {logging_mixin.py:190} INFO - [2024-09-02T04:28:24.714+0000] {dagbag.py:587} INFO - Filling up the DagBag from /home/airflow/.local/lib/python3.12/site-packages/airflow/example_dags/example_dataset_alias_with_no_taskflow.py
[2024-09-02T04:28:25.776+0000] {processor.py:925} INFO - DAG(s) 'dataset_s3_bucket_producer_with_no_taskflow', 'dataset_alias_example_alias_producer_with_no_taskflow', 'dataset_s3_bucket_consumer_with_no_taskflow', 'dataset_alias_example_alias_consumer_with_no_taskflow' retrieved from /home/airflow/.local/lib/python3.12/site-packages/airflow/example_dags/example_dataset_alias_with_no_taskflow.py
[2024-09-02T04:28:26.040+0000] {logging_mixin.py:190} INFO - [2024-09-02T04:28:26.033+0000] {dag.py:3211} INFO - Sync 4 DAGs
[2024-09-02T04:28:26.150+0000] {logging_mixin.py:190} INFO - [2024-09-02T04:28:26.150+0000] {dag.py:4138} INFO - Setting next_dagrun for dataset_alias_example_alias_consumer_with_no_taskflow to None, run_after=None
[2024-09-02T04:28:26.158+0000] {logging_mixin.py:190} INFO - [2024-09-02T04:28:26.156+0000] {dag.py:4138} INFO - Setting next_dagrun for dataset_alias_example_alias_producer_with_no_taskflow to None, run_after=None
[2024-09-02T04:28:26.170+0000] {logging_mixin.py:190} INFO - [2024-09-02T04:28:26.170+0000] {dag.py:4138} INFO - Setting next_dagrun for dataset_s3_bucket_consumer_with_no_taskflow to None, run_after=None
[2024-09-02T04:28:26.174+0000] {logging_mixin.py:190} INFO - [2024-09-02T04:28:26.173+0000] {dag.py:4138} INFO - Setting next_dagrun for dataset_s3_bucket_producer_with_no_taskflow to None, run_after=None
[2024-09-02T04:28:26.328+0000] {processor.py:208} INFO - Processing /home/airflow/.local/lib/python3.12/site-packages/airflow/example_dags/example_dataset_alias_with_no_taskflow.py took 1.756 seconds
[2024-09-02T04:28:56.726+0000] {processor.py:186} INFO - Started process (PID=374) to work on /home/airflow/.local/lib/python3.12/site-packages/airflow/example_dags/example_dataset_alias_with_no_taskflow.py
[2024-09-02T04:28:56.733+0000] {processor.py:914} INFO - Processing file /home/airflow/.local/lib/python3.12/site-packages/airflow/example_dags/example_dataset_alias_with_no_taskflow.py for tasks to queue
[2024-09-02T04:28:56.748+0000] {logging_mixin.py:190} INFO - [2024-09-02T04:28:56.747+0000] {dagbag.py:587} INFO - Filling up the DagBag from /home/airflow/.local/lib/python3.12/site-packages/airflow/example_dags/example_dataset_alias_with_no_taskflow.py
[2024-09-02T04:28:57.805+0000] {processor.py:925} INFO - DAG(s) 'dataset_alias_example_alias_producer_with_no_taskflow', 'dataset_s3_bucket_consumer_with_no_taskflow', 'dataset_alias_example_alias_consumer_with_no_taskflow', 'dataset_s3_bucket_producer_with_no_taskflow' retrieved from /home/airflow/.local/lib/python3.12/site-packages/airflow/example_dags/example_dataset_alias_with_no_taskflow.py
[2024-09-02T04:28:57.931+0000] {logging_mixin.py:190} INFO - [2024-09-02T04:28:57.931+0000] {dag.py:3211} INFO - Sync 4 DAGs
[2024-09-02T04:28:58.046+0000] {logging_mixin.py:190} INFO - [2024-09-02T04:28:58.046+0000] {dag.py:4138} INFO - Setting next_dagrun for dataset_alias_example_alias_consumer_with_no_taskflow to None, run_after=None
[2024-09-02T04:28:58.062+0000] {logging_mixin.py:190} INFO - [2024-09-02T04:28:58.062+0000] {dag.py:4138} INFO - Setting next_dagrun for dataset_alias_example_alias_producer_with_no_taskflow to None, run_after=None
[2024-09-02T04:28:58.094+0000] {logging_mixin.py:190} INFO - [2024-09-02T04:28:58.094+0000] {dag.py:4138} INFO - Setting next_dagrun for dataset_s3_bucket_consumer_with_no_taskflow to None, run_after=None
[2024-09-02T04:28:58.098+0000] {logging_mixin.py:190} INFO - [2024-09-02T04:28:58.098+0000] {dag.py:4138} INFO - Setting next_dagrun for dataset_s3_bucket_producer_with_no_taskflow to None, run_after=None
[2024-09-02T04:28:58.239+0000] {processor.py:208} INFO - Processing /home/airflow/.local/lib/python3.12/site-packages/airflow/example_dags/example_dataset_alias_with_no_taskflow.py took 1.558 seconds
[2024-09-02T04:29:28.474+0000] {processor.py:186} INFO - Started process (PID=437) to work on /home/airflow/.local/lib/python3.12/site-packages/airflow/example_dags/example_dataset_alias_with_no_taskflow.py
[2024-09-02T04:29:28.477+0000] {processor.py:914} INFO - Processing file /home/airflow/.local/lib/python3.12/site-packages/airflow/example_dags/example_dataset_alias_with_no_taskflow.py for tasks to queue
[2024-09-02T04:29:28.483+0000] {logging_mixin.py:190} INFO - [2024-09-02T04:29:28.483+0000] {dagbag.py:587} INFO - Filling up the DagBag from /home/airflow/.local/lib/python3.12/site-packages/airflow/example_dags/example_dataset_alias_with_no_taskflow.py
[2024-09-02T04:29:29.059+0000] {processor.py:925} INFO - DAG(s) 'dataset_s3_bucket_producer_with_no_taskflow', 'dataset_alias_example_alias_producer_with_no_taskflow', 'dataset_alias_example_alias_consumer_with_no_taskflow', 'dataset_s3_bucket_consumer_with_no_taskflow' retrieved from /home/airflow/.local/lib/python3.12/site-packages/airflow/example_dags/example_dataset_alias_with_no_taskflow.py
[2024-09-02T04:29:29.221+0000] {logging_mixin.py:190} INFO - [2024-09-02T04:29:29.221+0000] {dag.py:3211} INFO - Sync 4 DAGs
[2024-09-02T04:29:29.332+0000] {logging_mixin.py:190} INFO - [2024-09-02T04:29:29.331+0000] {dag.py:4138} INFO - Setting next_dagrun for dataset_alias_example_alias_consumer_with_no_taskflow to None, run_after=None
[2024-09-02T04:29:29.352+0000] {logging_mixin.py:190} INFO - [2024-09-02T04:29:29.352+0000] {dag.py:4138} INFO - Setting next_dagrun for dataset_alias_example_alias_producer_with_no_taskflow to None, run_after=None
[2024-09-02T04:29:29.374+0000] {logging_mixin.py:190} INFO - [2024-09-02T04:29:29.374+0000] {dag.py:4138} INFO - Setting next_dagrun for dataset_s3_bucket_consumer_with_no_taskflow to None, run_after=None
[2024-09-02T04:29:29.378+0000] {logging_mixin.py:190} INFO - [2024-09-02T04:29:29.377+0000] {dag.py:4138} INFO - Setting next_dagrun for dataset_s3_bucket_producer_with_no_taskflow to None, run_after=None
[2024-09-02T04:29:29.566+0000] {processor.py:208} INFO - Processing /home/airflow/.local/lib/python3.12/site-packages/airflow/example_dags/example_dataset_alias_with_no_taskflow.py took 1.106 seconds
[2024-09-02T04:30:00.111+0000] {processor.py:186} INFO - Started process (PID=501) to work on /home/airflow/.local/lib/python3.12/site-packages/airflow/example_dags/example_dataset_alias_with_no_taskflow.py
[2024-09-02T04:30:00.113+0000] {processor.py:914} INFO - Processing file /home/airflow/.local/lib/python3.12/site-packages/airflow/example_dags/example_dataset_alias_with_no_taskflow.py for tasks to queue
[2024-09-02T04:30:00.130+0000] {logging_mixin.py:190} INFO - [2024-09-02T04:30:00.129+0000] {dagbag.py:587} INFO - Filling up the DagBag from /home/airflow/.local/lib/python3.12/site-packages/airflow/example_dags/example_dataset_alias_with_no_taskflow.py
[2024-09-02T04:30:00.837+0000] {processor.py:925} INFO - DAG(s) 'dataset_alias_example_alias_producer_with_no_taskflow', 'dataset_s3_bucket_consumer_with_no_taskflow', 'dataset_s3_bucket_producer_with_no_taskflow', 'dataset_alias_example_alias_consumer_with_no_taskflow' retrieved from /home/airflow/.local/lib/python3.12/site-packages/airflow/example_dags/example_dataset_alias_with_no_taskflow.py
[2024-09-02T04:30:00.928+0000] {logging_mixin.py:190} INFO - [2024-09-02T04:30:00.928+0000] {dag.py:3211} INFO - Sync 4 DAGs
[2024-09-02T04:30:01.082+0000] {logging_mixin.py:190} INFO - [2024-09-02T04:30:01.082+0000] {dag.py:4138} INFO - Setting next_dagrun for dataset_alias_example_alias_consumer_with_no_taskflow to None, run_after=None
[2024-09-02T04:30:01.090+0000] {logging_mixin.py:190} INFO - [2024-09-02T04:30:01.089+0000] {dag.py:4138} INFO - Setting next_dagrun for dataset_alias_example_alias_producer_with_no_taskflow to None, run_after=None
[2024-09-02T04:30:01.094+0000] {logging_mixin.py:190} INFO - [2024-09-02T04:30:01.093+0000] {dag.py:4138} INFO - Setting next_dagrun for dataset_s3_bucket_consumer_with_no_taskflow to None, run_after=None
[2024-09-02T04:30:01.102+0000] {logging_mixin.py:190} INFO - [2024-09-02T04:30:01.102+0000] {dag.py:4138} INFO - Setting next_dagrun for dataset_s3_bucket_producer_with_no_taskflow to None, run_after=None
[2024-09-02T04:30:01.182+0000] {processor.py:208} INFO - Processing /home/airflow/.local/lib/python3.12/site-packages/airflow/example_dags/example_dataset_alias_with_no_taskflow.py took 1.106 seconds
[2024-09-02T04:30:31.674+0000] {processor.py:186} INFO - Started process (PID=566) to work on /home/airflow/.local/lib/python3.12/site-packages/airflow/example_dags/example_dataset_alias_with_no_taskflow.py
[2024-09-02T04:30:31.678+0000] {processor.py:914} INFO - Processing file /home/airflow/.local/lib/python3.12/site-packages/airflow/example_dags/example_dataset_alias_with_no_taskflow.py for tasks to queue
[2024-09-02T04:30:31.688+0000] {logging_mixin.py:190} INFO - [2024-09-02T04:30:31.687+0000] {dagbag.py:587} INFO - Filling up the DagBag from /home/airflow/.local/lib/python3.12/site-packages/airflow/example_dags/example_dataset_alias_with_no_taskflow.py
[2024-09-02T04:30:32.443+0000] {processor.py:925} INFO - DAG(s) 'dataset_alias_example_alias_producer_with_no_taskflow', 'dataset_alias_example_alias_consumer_with_no_taskflow', 'dataset_s3_bucket_consumer_with_no_taskflow', 'dataset_s3_bucket_producer_with_no_taskflow' retrieved from /home/airflow/.local/lib/python3.12/site-packages/airflow/example_dags/example_dataset_alias_with_no_taskflow.py
[2024-09-02T04:30:32.565+0000] {logging_mixin.py:190} INFO - [2024-09-02T04:30:32.555+0000] {dag.py:3211} INFO - Sync 4 DAGs
[2024-09-02T04:30:32.666+0000] {logging_mixin.py:190} INFO - [2024-09-02T04:30:32.666+0000] {dag.py:4138} INFO - Setting next_dagrun for dataset_alias_example_alias_consumer_with_no_taskflow to None, run_after=None
[2024-09-02T04:30:32.675+0000] {logging_mixin.py:190} INFO - [2024-09-02T04:30:32.675+0000] {dag.py:4138} INFO - Setting next_dagrun for dataset_alias_example_alias_producer_with_no_taskflow to None, run_after=None
[2024-09-02T04:30:32.679+0000] {logging_mixin.py:190} INFO - [2024-09-02T04:30:32.678+0000] {dag.py:4138} INFO - Setting next_dagrun for dataset_s3_bucket_consumer_with_no_taskflow to None, run_after=None
[2024-09-02T04:30:32.682+0000] {logging_mixin.py:190} INFO - [2024-09-02T04:30:32.682+0000] {dag.py:4138} INFO - Setting next_dagrun for dataset_s3_bucket_producer_with_no_taskflow to None, run_after=None
[2024-09-02T04:30:32.760+0000] {processor.py:208} INFO - Processing /home/airflow/.local/lib/python3.12/site-packages/airflow/example_dags/example_dataset_alias_with_no_taskflow.py took 1.136 seconds
[2024-09-02T04:31:04.102+0000] {processor.py:186} INFO - Started process (PID=630) to work on /home/airflow/.local/lib/python3.12/site-packages/airflow/example_dags/example_dataset_alias_with_no_taskflow.py
[2024-09-02T04:31:04.108+0000] {processor.py:914} INFO - Processing file /home/airflow/.local/lib/python3.12/site-packages/airflow/example_dags/example_dataset_alias_with_no_taskflow.py for tasks to queue
[2024-09-02T04:31:04.114+0000] {logging_mixin.py:190} INFO - [2024-09-02T04:31:04.114+0000] {dagbag.py:587} INFO - Filling up the DagBag from /home/airflow/.local/lib/python3.12/site-packages/airflow/example_dags/example_dataset_alias_with_no_taskflow.py
[2024-09-02T04:31:05.142+0000] {processor.py:925} INFO - DAG(s) 'dataset_s3_bucket_producer_with_no_taskflow', 'dataset_alias_example_alias_consumer_with_no_taskflow', 'dataset_alias_example_alias_producer_with_no_taskflow', 'dataset_s3_bucket_consumer_with_no_taskflow' retrieved from /home/airflow/.local/lib/python3.12/site-packages/airflow/example_dags/example_dataset_alias_with_no_taskflow.py
[2024-09-02T04:31:05.411+0000] {logging_mixin.py:190} INFO - [2024-09-02T04:31:05.410+0000] {dag.py:3211} INFO - Sync 4 DAGs
[2024-09-02T04:31:05.607+0000] {logging_mixin.py:190} INFO - [2024-09-02T04:31:05.607+0000] {dag.py:4138} INFO - Setting next_dagrun for dataset_alias_example_alias_consumer_with_no_taskflow to None, run_after=None
[2024-09-02T04:31:05.668+0000] {logging_mixin.py:190} INFO - [2024-09-02T04:31:05.641+0000] {dag.py:4138} INFO - Setting next_dagrun for dataset_alias_example_alias_producer_with_no_taskflow to None, run_after=None
[2024-09-02T04:31:05.687+0000] {logging_mixin.py:190} INFO - [2024-09-02T04:31:05.687+0000] {dag.py:4138} INFO - Setting next_dagrun for dataset_s3_bucket_consumer_with_no_taskflow to None, run_after=None
[2024-09-02T04:31:05.703+0000] {logging_mixin.py:190} INFO - [2024-09-02T04:31:05.703+0000] {dag.py:4138} INFO - Setting next_dagrun for dataset_s3_bucket_producer_with_no_taskflow to None, run_after=None
[2024-09-02T04:31:05.926+0000] {processor.py:208} INFO - Processing /home/airflow/.local/lib/python3.12/site-packages/airflow/example_dags/example_dataset_alias_with_no_taskflow.py took 1.851 seconds
[2024-09-02T04:31:36.259+0000] {processor.py:186} INFO - Started process (PID=695) to work on /home/airflow/.local/lib/python3.12/site-packages/airflow/example_dags/example_dataset_alias_with_no_taskflow.py
[2024-09-02T04:31:36.273+0000] {processor.py:914} INFO - Processing file /home/airflow/.local/lib/python3.12/site-packages/airflow/example_dags/example_dataset_alias_with_no_taskflow.py for tasks to queue
[2024-09-02T04:31:36.290+0000] {logging_mixin.py:190} INFO - [2024-09-02T04:31:36.290+0000] {dagbag.py:587} INFO - Filling up the DagBag from /home/airflow/.local/lib/python3.12/site-packages/airflow/example_dags/example_dataset_alias_with_no_taskflow.py
[2024-09-02T04:31:37.048+0000] {processor.py:925} INFO - DAG(s) 'dataset_s3_bucket_producer_with_no_taskflow', 'dataset_s3_bucket_consumer_with_no_taskflow', 'dataset_alias_example_alias_producer_with_no_taskflow', 'dataset_alias_example_alias_consumer_with_no_taskflow' retrieved from /home/airflow/.local/lib/python3.12/site-packages/airflow/example_dags/example_dataset_alias_with_no_taskflow.py
[2024-09-02T04:31:37.147+0000] {logging_mixin.py:190} INFO - [2024-09-02T04:31:37.147+0000] {dag.py:3211} INFO - Sync 4 DAGs
[2024-09-02T04:31:37.366+0000] {logging_mixin.py:190} INFO - [2024-09-02T04:31:37.365+0000] {dag.py:4138} INFO - Setting next_dagrun for dataset_alias_example_alias_consumer_with_no_taskflow to None, run_after=None
[2024-09-02T04:31:37.398+0000] {logging_mixin.py:190} INFO - [2024-09-02T04:31:37.398+0000] {dag.py:4138} INFO - Setting next_dagrun for dataset_alias_example_alias_producer_with_no_taskflow to None, run_after=None
[2024-09-02T04:31:37.413+0000] {logging_mixin.py:190} INFO - [2024-09-02T04:31:37.412+0000] {dag.py:4138} INFO - Setting next_dagrun for dataset_s3_bucket_consumer_with_no_taskflow to None, run_after=None
[2024-09-02T04:31:37.479+0000] {logging_mixin.py:190} INFO - [2024-09-02T04:31:37.467+0000] {dag.py:4138} INFO - Setting next_dagrun for dataset_s3_bucket_producer_with_no_taskflow to None, run_after=None
[2024-09-02T04:31:37.763+0000] {processor.py:208} INFO - Processing /home/airflow/.local/lib/python3.12/site-packages/airflow/example_dags/example_dataset_alias_with_no_taskflow.py took 1.529 seconds
[2024-09-02T04:32:09.867+0000] {processor.py:186} INFO - Started process (PID=765) to work on /home/airflow/.local/lib/python3.12/site-packages/airflow/example_dags/example_dataset_alias_with_no_taskflow.py
[2024-09-02T04:32:09.881+0000] {processor.py:914} INFO - Processing file /home/airflow/.local/lib/python3.12/site-packages/airflow/example_dags/example_dataset_alias_with_no_taskflow.py for tasks to queue
[2024-09-02T04:32:09.898+0000] {logging_mixin.py:190} INFO - [2024-09-02T04:32:09.896+0000] {dagbag.py:587} INFO - Filling up the DagBag from /home/airflow/.local/lib/python3.12/site-packages/airflow/example_dags/example_dataset_alias_with_no_taskflow.py
[2024-09-02T04:32:11.014+0000] {processor.py:925} INFO - DAG(s) 'dataset_alias_example_alias_producer_with_no_taskflow', 'dataset_alias_example_alias_consumer_with_no_taskflow', 'dataset_s3_bucket_producer_with_no_taskflow', 'dataset_s3_bucket_consumer_with_no_taskflow' retrieved from /home/airflow/.local/lib/python3.12/site-packages/airflow/example_dags/example_dataset_alias_with_no_taskflow.py
[2024-09-02T04:32:11.143+0000] {logging_mixin.py:190} INFO - [2024-09-02T04:32:11.143+0000] {dag.py:3211} INFO - Sync 4 DAGs
[2024-09-02T04:32:11.315+0000] {logging_mixin.py:190} INFO - [2024-09-02T04:32:11.305+0000] {dag.py:4138} INFO - Setting next_dagrun for dataset_alias_example_alias_consumer_with_no_taskflow to None, run_after=None
[2024-09-02T04:32:11.332+0000] {logging_mixin.py:190} INFO - [2024-09-02T04:32:11.332+0000] {dag.py:4138} INFO - Setting next_dagrun for dataset_alias_example_alias_producer_with_no_taskflow to None, run_after=None
[2024-09-02T04:32:11.336+0000] {logging_mixin.py:190} INFO - [2024-09-02T04:32:11.336+0000] {dag.py:4138} INFO - Setting next_dagrun for dataset_s3_bucket_consumer_with_no_taskflow to None, run_after=None
[2024-09-02T04:32:11.349+0000] {logging_mixin.py:190} INFO - [2024-09-02T04:32:11.349+0000] {dag.py:4138} INFO - Setting next_dagrun for dataset_s3_bucket_producer_with_no_taskflow to None, run_after=None
[2024-09-02T04:32:11.495+0000] {processor.py:208} INFO - Processing /home/airflow/.local/lib/python3.12/site-packages/airflow/example_dags/example_dataset_alias_with_no_taskflow.py took 1.694 seconds
[2024-09-02T04:32:41.697+0000] {processor.py:186} INFO - Started process (PID=829) to work on /home/airflow/.local/lib/python3.12/site-packages/airflow/example_dags/example_dataset_alias_with_no_taskflow.py
[2024-09-02T04:32:41.709+0000] {processor.py:914} INFO - Processing file /home/airflow/.local/lib/python3.12/site-packages/airflow/example_dags/example_dataset_alias_with_no_taskflow.py for tasks to queue
[2024-09-02T04:32:41.715+0000] {logging_mixin.py:190} INFO - [2024-09-02T04:32:41.714+0000] {dagbag.py:587} INFO - Filling up the DagBag from /home/airflow/.local/lib/python3.12/site-packages/airflow/example_dags/example_dataset_alias_with_no_taskflow.py
[2024-09-02T04:32:42.180+0000] {processor.py:925} INFO - DAG(s) 'dataset_alias_example_alias_producer_with_no_taskflow', 'dataset_s3_bucket_consumer_with_no_taskflow', 'dataset_alias_example_alias_consumer_with_no_taskflow', 'dataset_s3_bucket_producer_with_no_taskflow' retrieved from /home/airflow/.local/lib/python3.12/site-packages/airflow/example_dags/example_dataset_alias_with_no_taskflow.py
[2024-09-02T04:32:42.265+0000] {logging_mixin.py:190} INFO - [2024-09-02T04:32:42.264+0000] {dag.py:3211} INFO - Sync 4 DAGs
[2024-09-02T04:32:42.424+0000] {logging_mixin.py:190} INFO - [2024-09-02T04:32:42.423+0000] {dag.py:4138} INFO - Setting next_dagrun for dataset_alias_example_alias_consumer_with_no_taskflow to None, run_after=None
[2024-09-02T04:32:42.440+0000] {logging_mixin.py:190} INFO - [2024-09-02T04:32:42.439+0000] {dag.py:4138} INFO - Setting next_dagrun for dataset_alias_example_alias_producer_with_no_taskflow to None, run_after=None
[2024-09-02T04:32:42.444+0000] {logging_mixin.py:190} INFO - [2024-09-02T04:32:42.443+0000] {dag.py:4138} INFO - Setting next_dagrun for dataset_s3_bucket_consumer_with_no_taskflow to None, run_after=None
[2024-09-02T04:32:42.447+0000] {logging_mixin.py:190} INFO - [2024-09-02T04:32:42.447+0000] {dag.py:4138} INFO - Setting next_dagrun for dataset_s3_bucket_producer_with_no_taskflow to None, run_after=None
[2024-09-02T04:32:42.570+0000] {processor.py:208} INFO - Processing /home/airflow/.local/lib/python3.12/site-packages/airflow/example_dags/example_dataset_alias_with_no_taskflow.py took 0.893 seconds
[2024-09-02T04:33:16.527+0000] {processor.py:186} INFO - Started process (PID=892) to work on /home/airflow/.local/lib/python3.12/site-packages/airflow/example_dags/example_dataset_alias_with_no_taskflow.py
[2024-09-02T04:33:16.541+0000] {processor.py:914} INFO - Processing file /home/airflow/.local/lib/python3.12/site-packages/airflow/example_dags/example_dataset_alias_with_no_taskflow.py for tasks to queue
[2024-09-02T04:33:16.561+0000] {logging_mixin.py:190} INFO - [2024-09-02T04:33:16.560+0000] {dagbag.py:587} INFO - Filling up the DagBag from /home/airflow/.local/lib/python3.12/site-packages/airflow/example_dags/example_dataset_alias_with_no_taskflow.py
[2024-09-02T04:33:17.767+0000] {processor.py:925} INFO - DAG(s) 'dataset_alias_example_alias_consumer_with_no_taskflow', 'dataset_s3_bucket_consumer_with_no_taskflow', 'dataset_s3_bucket_producer_with_no_taskflow', 'dataset_alias_example_alias_producer_with_no_taskflow' retrieved from /home/airflow/.local/lib/python3.12/site-packages/airflow/example_dags/example_dataset_alias_with_no_taskflow.py
[2024-09-02T04:33:17.916+0000] {logging_mixin.py:190} INFO - [2024-09-02T04:33:17.915+0000] {dag.py:3211} INFO - Sync 4 DAGs
[2024-09-02T04:33:18.075+0000] {logging_mixin.py:190} INFO - [2024-09-02T04:33:18.075+0000] {dag.py:4138} INFO - Setting next_dagrun for dataset_alias_example_alias_consumer_with_no_taskflow to None, run_after=None
[2024-09-02T04:33:18.091+0000] {logging_mixin.py:190} INFO - [2024-09-02T04:33:18.090+0000] {dag.py:4138} INFO - Setting next_dagrun for dataset_alias_example_alias_producer_with_no_taskflow to None, run_after=None
[2024-09-02T04:33:18.101+0000] {logging_mixin.py:190} INFO - [2024-09-02T04:33:18.100+0000] {dag.py:4138} INFO - Setting next_dagrun for dataset_s3_bucket_consumer_with_no_taskflow to None, run_after=None
[2024-09-02T04:33:18.109+0000] {logging_mixin.py:190} INFO - [2024-09-02T04:33:18.108+0000] {dag.py:4138} INFO - Setting next_dagrun for dataset_s3_bucket_producer_with_no_taskflow to None, run_after=None
[2024-09-02T04:33:18.257+0000] {processor.py:208} INFO - Processing /home/airflow/.local/lib/python3.12/site-packages/airflow/example_dags/example_dataset_alias_with_no_taskflow.py took 1.763 seconds
[2024-09-02T04:33:49.209+0000] {processor.py:186} INFO - Started process (PID=956) to work on /home/airflow/.local/lib/python3.12/site-packages/airflow/example_dags/example_dataset_alias_with_no_taskflow.py
[2024-09-02T04:33:49.214+0000] {processor.py:914} INFO - Processing file /home/airflow/.local/lib/python3.12/site-packages/airflow/example_dags/example_dataset_alias_with_no_taskflow.py for tasks to queue
[2024-09-02T04:33:49.228+0000] {logging_mixin.py:190} INFO - [2024-09-02T04:33:49.227+0000] {dagbag.py:587} INFO - Filling up the DagBag from /home/airflow/.local/lib/python3.12/site-packages/airflow/example_dags/example_dataset_alias_with_no_taskflow.py
[2024-09-02T04:33:50.120+0000] {processor.py:925} INFO - DAG(s) 'dataset_alias_example_alias_producer_with_no_taskflow', 'dataset_alias_example_alias_consumer_with_no_taskflow', 'dataset_s3_bucket_producer_with_no_taskflow', 'dataset_s3_bucket_consumer_with_no_taskflow' retrieved from /home/airflow/.local/lib/python3.12/site-packages/airflow/example_dags/example_dataset_alias_with_no_taskflow.py
[2024-09-02T04:33:50.223+0000] {logging_mixin.py:190} INFO - [2024-09-02T04:33:50.223+0000] {dag.py:3211} INFO - Sync 4 DAGs
[2024-09-02T04:33:50.385+0000] {logging_mixin.py:190} INFO - [2024-09-02T04:33:50.384+0000] {dag.py:4138} INFO - Setting next_dagrun for dataset_alias_example_alias_consumer_with_no_taskflow to None, run_after=None
[2024-09-02T04:33:50.403+0000] {logging_mixin.py:190} INFO - [2024-09-02T04:33:50.402+0000] {dag.py:4138} INFO - Setting next_dagrun for dataset_alias_example_alias_producer_with_no_taskflow to None, run_after=None
[2024-09-02T04:33:50.407+0000] {logging_mixin.py:190} INFO - [2024-09-02T04:33:50.407+0000] {dag.py:4138} INFO - Setting next_dagrun for dataset_s3_bucket_consumer_with_no_taskflow to None, run_after=None
[2024-09-02T04:33:50.424+0000] {logging_mixin.py:190} INFO - [2024-09-02T04:33:50.424+0000] {dag.py:4138} INFO - Setting next_dagrun for dataset_s3_bucket_producer_with_no_taskflow to None, run_after=None
[2024-09-02T04:33:50.547+0000] {processor.py:208} INFO - Processing /home/airflow/.local/lib/python3.12/site-packages/airflow/example_dags/example_dataset_alias_with_no_taskflow.py took 1.363 seconds
[2024-09-02T04:34:21.178+0000] {processor.py:186} INFO - Started process (PID=1020) to work on /home/airflow/.local/lib/python3.12/site-packages/airflow/example_dags/example_dataset_alias_with_no_taskflow.py
[2024-09-02T04:34:21.180+0000] {processor.py:914} INFO - Processing file /home/airflow/.local/lib/python3.12/site-packages/airflow/example_dags/example_dataset_alias_with_no_taskflow.py for tasks to queue
[2024-09-02T04:34:21.209+0000] {logging_mixin.py:190} INFO - [2024-09-02T04:34:21.209+0000] {dagbag.py:587} INFO - Filling up the DagBag from /home/airflow/.local/lib/python3.12/site-packages/airflow/example_dags/example_dataset_alias_with_no_taskflow.py
[2024-09-02T04:34:22.119+0000] {processor.py:925} INFO - DAG(s) 'dataset_alias_example_alias_producer_with_no_taskflow', 'dataset_s3_bucket_producer_with_no_taskflow', 'dataset_s3_bucket_consumer_with_no_taskflow', 'dataset_alias_example_alias_consumer_with_no_taskflow' retrieved from /home/airflow/.local/lib/python3.12/site-packages/airflow/example_dags/example_dataset_alias_with_no_taskflow.py
[2024-09-02T04:34:22.278+0000] {logging_mixin.py:190} INFO - [2024-09-02T04:34:22.277+0000] {dag.py:3211} INFO - Sync 4 DAGs
[2024-09-02T04:34:22.520+0000] {logging_mixin.py:190} INFO - [2024-09-02T04:34:22.519+0000] {dag.py:4138} INFO - Setting next_dagrun for dataset_alias_example_alias_consumer_with_no_taskflow to None, run_after=None
[2024-09-02T04:34:22.550+0000] {logging_mixin.py:190} INFO - [2024-09-02T04:34:22.548+0000] {dag.py:4138} INFO - Setting next_dagrun for dataset_alias_example_alias_producer_with_no_taskflow to None, run_after=None
[2024-09-02T04:34:22.554+0000] {logging_mixin.py:190} INFO - [2024-09-02T04:34:22.554+0000] {dag.py:4138} INFO - Setting next_dagrun for dataset_s3_bucket_consumer_with_no_taskflow to None, run_after=None
[2024-09-02T04:34:22.582+0000] {logging_mixin.py:190} INFO - [2024-09-02T04:34:22.581+0000] {dag.py:4138} INFO - Setting next_dagrun for dataset_s3_bucket_producer_with_no_taskflow to None, run_after=None
[2024-09-02T04:34:22.826+0000] {processor.py:208} INFO - Processing /home/airflow/.local/lib/python3.12/site-packages/airflow/example_dags/example_dataset_alias_with_no_taskflow.py took 1.698 seconds
[2024-09-02T04:34:56.197+0000] {processor.py:186} INFO - Started process (PID=1086) to work on /home/airflow/.local/lib/python3.12/site-packages/airflow/example_dags/example_dataset_alias_with_no_taskflow.py
[2024-09-02T04:34:56.211+0000] {processor.py:914} INFO - Processing file /home/airflow/.local/lib/python3.12/site-packages/airflow/example_dags/example_dataset_alias_with_no_taskflow.py for tasks to queue
[2024-09-02T04:34:56.230+0000] {logging_mixin.py:190} INFO - [2024-09-02T04:34:56.229+0000] {dagbag.py:587} INFO - Filling up the DagBag from /home/airflow/.local/lib/python3.12/site-packages/airflow/example_dags/example_dataset_alias_with_no_taskflow.py
[2024-09-02T04:34:57.388+0000] {processor.py:925} INFO - DAG(s) 'dataset_alias_example_alias_producer_with_no_taskflow', 'dataset_s3_bucket_consumer_with_no_taskflow', 'dataset_s3_bucket_producer_with_no_taskflow', 'dataset_alias_example_alias_consumer_with_no_taskflow' retrieved from /home/airflow/.local/lib/python3.12/site-packages/airflow/example_dags/example_dataset_alias_with_no_taskflow.py
[2024-09-02T04:34:57.553+0000] {logging_mixin.py:190} INFO - [2024-09-02T04:34:57.552+0000] {dag.py:3211} INFO - Sync 4 DAGs
[2024-09-02T04:34:57.727+0000] {logging_mixin.py:190} INFO - [2024-09-02T04:34:57.726+0000] {dag.py:4138} INFO - Setting next_dagrun for dataset_alias_example_alias_consumer_with_no_taskflow to None, run_after=None
[2024-09-02T04:34:57.743+0000] {logging_mixin.py:190} INFO - [2024-09-02T04:34:57.742+0000] {dag.py:4138} INFO - Setting next_dagrun for dataset_alias_example_alias_producer_with_no_taskflow to None, run_after=None
[2024-09-02T04:34:57.762+0000] {logging_mixin.py:190} INFO - [2024-09-02T04:34:57.761+0000] {dag.py:4138} INFO - Setting next_dagrun for dataset_s3_bucket_consumer_with_no_taskflow to None, run_after=None
[2024-09-02T04:34:57.795+0000] {logging_mixin.py:190} INFO - [2024-09-02T04:34:57.795+0000] {dag.py:4138} INFO - Setting next_dagrun for dataset_s3_bucket_producer_with_no_taskflow to None, run_after=None
[2024-09-02T04:34:57.995+0000] {processor.py:208} INFO - Processing /home/airflow/.local/lib/python3.12/site-packages/airflow/example_dags/example_dataset_alias_with_no_taskflow.py took 1.835 seconds
[2024-09-02T04:35:28.772+0000] {processor.py:186} INFO - Started process (PID=1148) to work on /home/airflow/.local/lib/python3.12/site-packages/airflow/example_dags/example_dataset_alias_with_no_taskflow.py
[2024-09-02T04:35:28.774+0000] {processor.py:914} INFO - Processing file /home/airflow/.local/lib/python3.12/site-packages/airflow/example_dags/example_dataset_alias_with_no_taskflow.py for tasks to queue
[2024-09-02T04:35:28.781+0000] {logging_mixin.py:190} INFO - [2024-09-02T04:35:28.779+0000] {dagbag.py:587} INFO - Filling up the DagBag from /home/airflow/.local/lib/python3.12/site-packages/airflow/example_dags/example_dataset_alias_with_no_taskflow.py
[2024-09-02T04:35:29.318+0000] {processor.py:925} INFO - DAG(s) 'dataset_s3_bucket_producer_with_no_taskflow', 'dataset_s3_bucket_consumer_with_no_taskflow', 'dataset_alias_example_alias_consumer_with_no_taskflow', 'dataset_alias_example_alias_producer_with_no_taskflow' retrieved from /home/airflow/.local/lib/python3.12/site-packages/airflow/example_dags/example_dataset_alias_with_no_taskflow.py
[2024-09-02T04:35:29.387+0000] {logging_mixin.py:190} INFO - [2024-09-02T04:35:29.387+0000] {dag.py:3211} INFO - Sync 4 DAGs
[2024-09-02T04:35:29.455+0000] {logging_mixin.py:190} INFO - [2024-09-02T04:35:29.455+0000] {dag.py:4138} INFO - Setting next_dagrun for dataset_alias_example_alias_consumer_with_no_taskflow to None, run_after=None
[2024-09-02T04:35:29.463+0000] {logging_mixin.py:190} INFO - [2024-09-02T04:35:29.462+0000] {dag.py:4138} INFO - Setting next_dagrun for dataset_alias_example_alias_producer_with_no_taskflow to None, run_after=None
[2024-09-02T04:35:29.469+0000] {logging_mixin.py:190} INFO - [2024-09-02T04:35:29.468+0000] {dag.py:4138} INFO - Setting next_dagrun for dataset_s3_bucket_consumer_with_no_taskflow to None, run_after=None
[2024-09-02T04:35:29.472+0000] {logging_mixin.py:190} INFO - [2024-09-02T04:35:29.472+0000] {dag.py:4138} INFO - Setting next_dagrun for dataset_s3_bucket_producer_with_no_taskflow to None, run_after=None
[2024-09-02T04:35:29.556+0000] {processor.py:208} INFO - Processing /home/airflow/.local/lib/python3.12/site-packages/airflow/example_dags/example_dataset_alias_with_no_taskflow.py took 0.806 seconds
[2024-09-02T04:35:59.691+0000] {processor.py:186} INFO - Started process (PID=1213) to work on /home/airflow/.local/lib/python3.12/site-packages/airflow/example_dags/example_dataset_alias_with_no_taskflow.py
[2024-09-02T04:35:59.694+0000] {processor.py:914} INFO - Processing file /home/airflow/.local/lib/python3.12/site-packages/airflow/example_dags/example_dataset_alias_with_no_taskflow.py for tasks to queue
[2024-09-02T04:35:59.704+0000] {logging_mixin.py:190} INFO - [2024-09-02T04:35:59.700+0000] {dagbag.py:587} INFO - Filling up the DagBag from /home/airflow/.local/lib/python3.12/site-packages/airflow/example_dags/example_dataset_alias_with_no_taskflow.py
[2024-09-02T04:36:00.856+0000] {processor.py:925} INFO - DAG(s) 'dataset_alias_example_alias_producer_with_no_taskflow', 'dataset_alias_example_alias_consumer_with_no_taskflow', 'dataset_s3_bucket_producer_with_no_taskflow', 'dataset_s3_bucket_consumer_with_no_taskflow' retrieved from /home/airflow/.local/lib/python3.12/site-packages/airflow/example_dags/example_dataset_alias_with_no_taskflow.py
[2024-09-02T04:36:01.016+0000] {logging_mixin.py:190} INFO - [2024-09-02T04:36:01.005+0000] {dag.py:3211} INFO - Sync 4 DAGs
[2024-09-02T04:36:01.122+0000] {logging_mixin.py:190} INFO - [2024-09-02T04:36:01.122+0000] {dag.py:4138} INFO - Setting next_dagrun for dataset_alias_example_alias_consumer_with_no_taskflow to None, run_after=None
[2024-09-02T04:36:01.138+0000] {logging_mixin.py:190} INFO - [2024-09-02T04:36:01.128+0000] {dag.py:4138} INFO - Setting next_dagrun for dataset_alias_example_alias_producer_with_no_taskflow to None, run_after=None
[2024-09-02T04:36:01.142+0000] {logging_mixin.py:190} INFO - [2024-09-02T04:36:01.142+0000] {dag.py:4138} INFO - Setting next_dagrun for dataset_s3_bucket_consumer_with_no_taskflow to None, run_after=None
[2024-09-02T04:36:01.147+0000] {logging_mixin.py:190} INFO - [2024-09-02T04:36:01.147+0000] {dag.py:4138} INFO - Setting next_dagrun for dataset_s3_bucket_producer_with_no_taskflow to None, run_after=None
[2024-09-02T04:36:01.259+0000] {processor.py:208} INFO - Processing /home/airflow/.local/lib/python3.12/site-packages/airflow/example_dags/example_dataset_alias_with_no_taskflow.py took 1.584 seconds
[2024-09-02T04:36:33.103+0000] {processor.py:186} INFO - Started process (PID=1276) to work on /home/airflow/.local/lib/python3.12/site-packages/airflow/example_dags/example_dataset_alias_with_no_taskflow.py
[2024-09-02T04:36:33.105+0000] {processor.py:914} INFO - Processing file /home/airflow/.local/lib/python3.12/site-packages/airflow/example_dags/example_dataset_alias_with_no_taskflow.py for tasks to queue
[2024-09-02T04:36:33.111+0000] {logging_mixin.py:190} INFO - [2024-09-02T04:36:33.110+0000] {dagbag.py:587} INFO - Filling up the DagBag from /home/airflow/.local/lib/python3.12/site-packages/airflow/example_dags/example_dataset_alias_with_no_taskflow.py
[2024-09-02T04:36:33.512+0000] {processor.py:925} INFO - DAG(s) 'dataset_s3_bucket_producer_with_no_taskflow', 'dataset_alias_example_alias_producer_with_no_taskflow', 'dataset_alias_example_alias_consumer_with_no_taskflow', 'dataset_s3_bucket_consumer_with_no_taskflow' retrieved from /home/airflow/.local/lib/python3.12/site-packages/airflow/example_dags/example_dataset_alias_with_no_taskflow.py
[2024-09-02T04:36:33.592+0000] {logging_mixin.py:190} INFO - [2024-09-02T04:36:33.591+0000] {dag.py:3211} INFO - Sync 4 DAGs
[2024-09-02T04:36:33.700+0000] {logging_mixin.py:190} INFO - [2024-09-02T04:36:33.700+0000] {dag.py:4138} INFO - Setting next_dagrun for dataset_alias_example_alias_consumer_with_no_taskflow to None, run_after=None
[2024-09-02T04:36:33.720+0000] {logging_mixin.py:190} INFO - [2024-09-02T04:36:33.719+0000] {dag.py:4138} INFO - Setting next_dagrun for dataset_alias_example_alias_producer_with_no_taskflow to None, run_after=None
[2024-09-02T04:36:33.737+0000] {logging_mixin.py:190} INFO - [2024-09-02T04:36:33.736+0000] {dag.py:4138} INFO - Setting next_dagrun for dataset_s3_bucket_consumer_with_no_taskflow to None, run_after=None
[2024-09-02T04:36:33.741+0000] {logging_mixin.py:190} INFO - [2024-09-02T04:36:33.741+0000] {dag.py:4138} INFO - Setting next_dagrun for dataset_s3_bucket_producer_with_no_taskflow to None, run_after=None
[2024-09-02T04:36:33.847+0000] {processor.py:208} INFO - Processing /home/airflow/.local/lib/python3.12/site-packages/airflow/example_dags/example_dataset_alias_with_no_taskflow.py took 0.756 seconds
[2024-09-02T04:37:04.360+0000] {processor.py:186} INFO - Started process (PID=1339) to work on /home/airflow/.local/lib/python3.12/site-packages/airflow/example_dags/example_dataset_alias_with_no_taskflow.py
[2024-09-02T04:37:04.363+0000] {processor.py:914} INFO - Processing file /home/airflow/.local/lib/python3.12/site-packages/airflow/example_dags/example_dataset_alias_with_no_taskflow.py for tasks to queue
[2024-09-02T04:37:04.370+0000] {logging_mixin.py:190} INFO - [2024-09-02T04:37:04.369+0000] {dagbag.py:587} INFO - Filling up the DagBag from /home/airflow/.local/lib/python3.12/site-packages/airflow/example_dags/example_dataset_alias_with_no_taskflow.py
[2024-09-02T04:37:04.968+0000] {processor.py:925} INFO - DAG(s) 'dataset_alias_example_alias_consumer_with_no_taskflow', 'dataset_s3_bucket_producer_with_no_taskflow', 'dataset_s3_bucket_consumer_with_no_taskflow', 'dataset_alias_example_alias_producer_with_no_taskflow' retrieved from /home/airflow/.local/lib/python3.12/site-packages/airflow/example_dags/example_dataset_alias_with_no_taskflow.py
[2024-09-02T04:37:05.032+0000] {logging_mixin.py:190} INFO - [2024-09-02T04:37:05.031+0000] {dag.py:3211} INFO - Sync 4 DAGs
[2024-09-02T04:37:05.110+0000] {logging_mixin.py:190} INFO - [2024-09-02T04:37:05.109+0000] {dag.py:4138} INFO - Setting next_dagrun for dataset_alias_example_alias_consumer_with_no_taskflow to None, run_after=None
[2024-09-02T04:37:05.117+0000] {logging_mixin.py:190} INFO - [2024-09-02T04:37:05.117+0000] {dag.py:4138} INFO - Setting next_dagrun for dataset_alias_example_alias_producer_with_no_taskflow to None, run_after=None
[2024-09-02T04:37:05.122+0000] {logging_mixin.py:190} INFO - [2024-09-02T04:37:05.121+0000] {dag.py:4138} INFO - Setting next_dagrun for dataset_s3_bucket_consumer_with_no_taskflow to None, run_after=None
[2024-09-02T04:37:05.125+0000] {logging_mixin.py:190} INFO - [2024-09-02T04:37:05.125+0000] {dag.py:4138} INFO - Setting next_dagrun for dataset_s3_bucket_producer_with_no_taskflow to None, run_after=None
[2024-09-02T04:37:05.195+0000] {processor.py:208} INFO - Processing /home/airflow/.local/lib/python3.12/site-packages/airflow/example_dags/example_dataset_alias_with_no_taskflow.py took 0.856 seconds
[2024-09-02T04:37:35.292+0000] {processor.py:186} INFO - Started process (PID=1404) to work on /home/airflow/.local/lib/python3.12/site-packages/airflow/example_dags/example_dataset_alias_with_no_taskflow.py
[2024-09-02T04:37:35.295+0000] {processor.py:914} INFO - Processing file /home/airflow/.local/lib/python3.12/site-packages/airflow/example_dags/example_dataset_alias_with_no_taskflow.py for tasks to queue
[2024-09-02T04:37:35.301+0000] {logging_mixin.py:190} INFO - [2024-09-02T04:37:35.300+0000] {dagbag.py:587} INFO - Filling up the DagBag from /home/airflow/.local/lib/python3.12/site-packages/airflow/example_dags/example_dataset_alias_with_no_taskflow.py
[2024-09-02T04:37:35.624+0000] {processor.py:925} INFO - DAG(s) 'dataset_s3_bucket_consumer_with_no_taskflow', 'dataset_alias_example_alias_consumer_with_no_taskflow', 'dataset_s3_bucket_producer_with_no_taskflow', 'dataset_alias_example_alias_producer_with_no_taskflow' retrieved from /home/airflow/.local/lib/python3.12/site-packages/airflow/example_dags/example_dataset_alias_with_no_taskflow.py
[2024-09-02T04:37:35.671+0000] {logging_mixin.py:190} INFO - [2024-09-02T04:37:35.670+0000] {dag.py:3211} INFO - Sync 4 DAGs
[2024-09-02T04:37:35.721+0000] {logging_mixin.py:190} INFO - [2024-09-02T04:37:35.721+0000] {dag.py:4138} INFO - Setting next_dagrun for dataset_alias_example_alias_consumer_with_no_taskflow to None, run_after=None
[2024-09-02T04:37:35.727+0000] {logging_mixin.py:190} INFO - [2024-09-02T04:37:35.727+0000] {dag.py:4138} INFO - Setting next_dagrun for dataset_alias_example_alias_producer_with_no_taskflow to None, run_after=None
[2024-09-02T04:37:35.731+0000] {logging_mixin.py:190} INFO - [2024-09-02T04:37:35.730+0000] {dag.py:4138} INFO - Setting next_dagrun for dataset_s3_bucket_consumer_with_no_taskflow to None, run_after=None
[2024-09-02T04:37:35.735+0000] {logging_mixin.py:190} INFO - [2024-09-02T04:37:35.734+0000] {dag.py:4138} INFO - Setting next_dagrun for dataset_s3_bucket_producer_with_no_taskflow to None, run_after=None
[2024-09-02T04:37:35.779+0000] {processor.py:208} INFO - Processing /home/airflow/.local/lib/python3.12/site-packages/airflow/example_dags/example_dataset_alias_with_no_taskflow.py took 0.500 seconds
[2024-09-02T04:38:06.382+0000] {processor.py:186} INFO - Started process (PID=1466) to work on /home/airflow/.local/lib/python3.12/site-packages/airflow/example_dags/example_dataset_alias_with_no_taskflow.py
[2024-09-02T04:38:06.384+0000] {processor.py:914} INFO - Processing file /home/airflow/.local/lib/python3.12/site-packages/airflow/example_dags/example_dataset_alias_with_no_taskflow.py for tasks to queue
[2024-09-02T04:38:06.391+0000] {logging_mixin.py:190} INFO - [2024-09-02T04:38:06.390+0000] {dagbag.py:587} INFO - Filling up the DagBag from /home/airflow/.local/lib/python3.12/site-packages/airflow/example_dags/example_dataset_alias_with_no_taskflow.py
[2024-09-02T04:38:06.772+0000] {processor.py:925} INFO - DAG(s) 'dataset_alias_example_alias_consumer_with_no_taskflow', 'dataset_s3_bucket_consumer_with_no_taskflow', 'dataset_alias_example_alias_producer_with_no_taskflow', 'dataset_s3_bucket_producer_with_no_taskflow' retrieved from /home/airflow/.local/lib/python3.12/site-packages/airflow/example_dags/example_dataset_alias_with_no_taskflow.py
[2024-09-02T04:38:06.823+0000] {logging_mixin.py:190} INFO - [2024-09-02T04:38:06.822+0000] {dag.py:3211} INFO - Sync 4 DAGs
[2024-09-02T04:38:06.869+0000] {logging_mixin.py:190} INFO - [2024-09-02T04:38:06.869+0000] {dag.py:4138} INFO - Setting next_dagrun for dataset_alias_example_alias_consumer_with_no_taskflow to None, run_after=None
[2024-09-02T04:38:06.875+0000] {logging_mixin.py:190} INFO - [2024-09-02T04:38:06.874+0000] {dag.py:4138} INFO - Setting next_dagrun for dataset_alias_example_alias_producer_with_no_taskflow to None, run_after=None
[2024-09-02T04:38:06.878+0000] {logging_mixin.py:190} INFO - [2024-09-02T04:38:06.877+0000] {dag.py:4138} INFO - Setting next_dagrun for dataset_s3_bucket_consumer_with_no_taskflow to None, run_after=None
[2024-09-02T04:38:06.881+0000] {logging_mixin.py:190} INFO - [2024-09-02T04:38:06.880+0000] {dag.py:4138} INFO - Setting next_dagrun for dataset_s3_bucket_producer_with_no_taskflow to None, run_after=None
[2024-09-02T04:38:06.924+0000] {processor.py:208} INFO - Processing /home/airflow/.local/lib/python3.12/site-packages/airflow/example_dags/example_dataset_alias_with_no_taskflow.py took 0.556 seconds
[2024-09-02T04:38:37.975+0000] {processor.py:186} INFO - Started process (PID=1532) to work on /home/airflow/.local/lib/python3.12/site-packages/airflow/example_dags/example_dataset_alias_with_no_taskflow.py
[2024-09-02T04:38:37.977+0000] {processor.py:914} INFO - Processing file /home/airflow/.local/lib/python3.12/site-packages/airflow/example_dags/example_dataset_alias_with_no_taskflow.py for tasks to queue
[2024-09-02T04:38:37.983+0000] {logging_mixin.py:190} INFO - [2024-09-02T04:38:37.982+0000] {dagbag.py:587} INFO - Filling up the DagBag from /home/airflow/.local/lib/python3.12/site-packages/airflow/example_dags/example_dataset_alias_with_no_taskflow.py
[2024-09-02T04:38:38.298+0000] {processor.py:925} INFO - DAG(s) 'dataset_s3_bucket_consumer_with_no_taskflow', 'dataset_s3_bucket_producer_with_no_taskflow', 'dataset_alias_example_alias_producer_with_no_taskflow', 'dataset_alias_example_alias_consumer_with_no_taskflow' retrieved from /home/airflow/.local/lib/python3.12/site-packages/airflow/example_dags/example_dataset_alias_with_no_taskflow.py
[2024-09-02T04:38:38.345+0000] {logging_mixin.py:190} INFO - [2024-09-02T04:38:38.344+0000] {dag.py:3211} INFO - Sync 4 DAGs
[2024-09-02T04:38:38.390+0000] {logging_mixin.py:190} INFO - [2024-09-02T04:38:38.390+0000] {dag.py:4138} INFO - Setting next_dagrun for dataset_alias_example_alias_consumer_with_no_taskflow to None, run_after=None
[2024-09-02T04:38:38.395+0000] {logging_mixin.py:190} INFO - [2024-09-02T04:38:38.395+0000] {dag.py:4138} INFO - Setting next_dagrun for dataset_alias_example_alias_producer_with_no_taskflow to None, run_after=None
[2024-09-02T04:38:38.398+0000] {logging_mixin.py:190} INFO - [2024-09-02T04:38:38.398+0000] {dag.py:4138} INFO - Setting next_dagrun for dataset_s3_bucket_consumer_with_no_taskflow to None, run_after=None
[2024-09-02T04:38:38.401+0000] {logging_mixin.py:190} INFO - [2024-09-02T04:38:38.401+0000] {dag.py:4138} INFO - Setting next_dagrun for dataset_s3_bucket_producer_with_no_taskflow to None, run_after=None
[2024-09-02T04:38:38.444+0000] {processor.py:208} INFO - Processing /home/airflow/.local/lib/python3.12/site-packages/airflow/example_dags/example_dataset_alias_with_no_taskflow.py took 0.481 seconds
[2024-09-02T04:39:10.907+0000] {processor.py:186} INFO - Started process (PID=1604) to work on /home/airflow/.local/lib/python3.12/site-packages/airflow/example_dags/example_dataset_alias_with_no_taskflow.py
[2024-09-02T04:39:10.936+0000] {processor.py:914} INFO - Processing file /home/airflow/.local/lib/python3.12/site-packages/airflow/example_dags/example_dataset_alias_with_no_taskflow.py for tasks to queue
[2024-09-02T04:39:10.952+0000] {logging_mixin.py:190} INFO - [2024-09-02T04:39:10.952+0000] {dagbag.py:587} INFO - Filling up the DagBag from /home/airflow/.local/lib/python3.12/site-packages/airflow/example_dags/example_dataset_alias_with_no_taskflow.py
[2024-09-02T04:39:11.923+0000] {processor.py:925} INFO - DAG(s) 'dataset_s3_bucket_consumer_with_no_taskflow', 'dataset_s3_bucket_producer_with_no_taskflow', 'dataset_alias_example_alias_consumer_with_no_taskflow', 'dataset_alias_example_alias_producer_with_no_taskflow' retrieved from /home/airflow/.local/lib/python3.12/site-packages/airflow/example_dags/example_dataset_alias_with_no_taskflow.py
[2024-09-02T04:39:12.011+0000] {logging_mixin.py:190} INFO - [2024-09-02T04:39:12.010+0000] {dag.py:3211} INFO - Sync 4 DAGs
[2024-09-02T04:39:12.093+0000] {logging_mixin.py:190} INFO - [2024-09-02T04:39:12.092+0000] {dag.py:4138} INFO - Setting next_dagrun for dataset_alias_example_alias_consumer_with_no_taskflow to None, run_after=None
[2024-09-02T04:39:12.114+0000] {logging_mixin.py:190} INFO - [2024-09-02T04:39:12.113+0000] {dag.py:4138} INFO - Setting next_dagrun for dataset_alias_example_alias_producer_with_no_taskflow to None, run_after=None
[2024-09-02T04:39:12.128+0000] {logging_mixin.py:190} INFO - [2024-09-02T04:39:12.128+0000] {dag.py:4138} INFO - Setting next_dagrun for dataset_s3_bucket_consumer_with_no_taskflow to None, run_after=None
[2024-09-02T04:39:12.134+0000] {logging_mixin.py:190} INFO - [2024-09-02T04:39:12.133+0000] {dag.py:4138} INFO - Setting next_dagrun for dataset_s3_bucket_producer_with_no_taskflow to None, run_after=None
[2024-09-02T04:39:12.271+0000] {processor.py:208} INFO - Processing /home/airflow/.local/lib/python3.12/site-packages/airflow/example_dags/example_dataset_alias_with_no_taskflow.py took 1.389 seconds
[2024-09-02T04:39:42.933+0000] {processor.py:186} INFO - Started process (PID=1668) to work on /home/airflow/.local/lib/python3.12/site-packages/airflow/example_dags/example_dataset_alias_with_no_taskflow.py
[2024-09-02T04:39:42.935+0000] {processor.py:914} INFO - Processing file /home/airflow/.local/lib/python3.12/site-packages/airflow/example_dags/example_dataset_alias_with_no_taskflow.py for tasks to queue
[2024-09-02T04:39:42.942+0000] {logging_mixin.py:190} INFO - [2024-09-02T04:39:42.941+0000] {dagbag.py:587} INFO - Filling up the DagBag from /home/airflow/.local/lib/python3.12/site-packages/airflow/example_dags/example_dataset_alias_with_no_taskflow.py
[2024-09-02T04:39:43.679+0000] {processor.py:925} INFO - DAG(s) 'dataset_s3_bucket_consumer_with_no_taskflow', 'dataset_alias_example_alias_consumer_with_no_taskflow', 'dataset_alias_example_alias_producer_with_no_taskflow', 'dataset_s3_bucket_producer_with_no_taskflow' retrieved from /home/airflow/.local/lib/python3.12/site-packages/airflow/example_dags/example_dataset_alias_with_no_taskflow.py
[2024-09-02T04:39:43.793+0000] {logging_mixin.py:190} INFO - [2024-09-02T04:39:43.792+0000] {dag.py:3211} INFO - Sync 4 DAGs
[2024-09-02T04:39:43.906+0000] {logging_mixin.py:190} INFO - [2024-09-02T04:39:43.906+0000] {dag.py:4138} INFO - Setting next_dagrun for dataset_alias_example_alias_consumer_with_no_taskflow to None, run_after=None
[2024-09-02T04:39:43.919+0000] {logging_mixin.py:190} INFO - [2024-09-02T04:39:43.918+0000] {dag.py:4138} INFO - Setting next_dagrun for dataset_alias_example_alias_producer_with_no_taskflow to None, run_after=None
[2024-09-02T04:39:43.923+0000] {logging_mixin.py:190} INFO - [2024-09-02T04:39:43.922+0000] {dag.py:4138} INFO - Setting next_dagrun for dataset_s3_bucket_consumer_with_no_taskflow to None, run_after=None
[2024-09-02T04:39:43.931+0000] {logging_mixin.py:190} INFO - [2024-09-02T04:39:43.931+0000] {dag.py:4138} INFO - Setting next_dagrun for dataset_s3_bucket_producer_with_no_taskflow to None, run_after=None
[2024-09-02T04:39:44.021+0000] {processor.py:208} INFO - Processing /home/airflow/.local/lib/python3.12/site-packages/airflow/example_dags/example_dataset_alias_with_no_taskflow.py took 1.113 seconds
[2024-09-02T04:40:14.128+0000] {processor.py:186} INFO - Started process (PID=1732) to work on /home/airflow/.local/lib/python3.12/site-packages/airflow/example_dags/example_dataset_alias_with_no_taskflow.py
[2024-09-02T04:40:14.131+0000] {processor.py:914} INFO - Processing file /home/airflow/.local/lib/python3.12/site-packages/airflow/example_dags/example_dataset_alias_with_no_taskflow.py for tasks to queue
[2024-09-02T04:40:14.136+0000] {logging_mixin.py:190} INFO - [2024-09-02T04:40:14.135+0000] {dagbag.py:587} INFO - Filling up the DagBag from /home/airflow/.local/lib/python3.12/site-packages/airflow/example_dags/example_dataset_alias_with_no_taskflow.py
[2024-09-02T04:40:14.462+0000] {processor.py:925} INFO - DAG(s) 'dataset_s3_bucket_consumer_with_no_taskflow', 'dataset_s3_bucket_producer_with_no_taskflow', 'dataset_alias_example_alias_producer_with_no_taskflow', 'dataset_alias_example_alias_consumer_with_no_taskflow' retrieved from /home/airflow/.local/lib/python3.12/site-packages/airflow/example_dags/example_dataset_alias_with_no_taskflow.py
[2024-09-02T04:40:14.506+0000] {logging_mixin.py:190} INFO - [2024-09-02T04:40:14.505+0000] {dag.py:3211} INFO - Sync 4 DAGs
[2024-09-02T04:40:14.555+0000] {logging_mixin.py:190} INFO - [2024-09-02T04:40:14.555+0000] {dag.py:4138} INFO - Setting next_dagrun for dataset_alias_example_alias_consumer_with_no_taskflow to None, run_after=None
[2024-09-02T04:40:14.561+0000] {logging_mixin.py:190} INFO - [2024-09-02T04:40:14.560+0000] {dag.py:4138} INFO - Setting next_dagrun for dataset_alias_example_alias_producer_with_no_taskflow to None, run_after=None
[2024-09-02T04:40:14.564+0000] {logging_mixin.py:190} INFO - [2024-09-02T04:40:14.563+0000] {dag.py:4138} INFO - Setting next_dagrun for dataset_s3_bucket_consumer_with_no_taskflow to None, run_after=None
[2024-09-02T04:40:14.567+0000] {logging_mixin.py:190} INFO - [2024-09-02T04:40:14.566+0000] {dag.py:4138} INFO - Setting next_dagrun for dataset_s3_bucket_producer_with_no_taskflow to None, run_after=None
[2024-09-02T04:40:14.610+0000] {processor.py:208} INFO - Processing /home/airflow/.local/lib/python3.12/site-packages/airflow/example_dags/example_dataset_alias_with_no_taskflow.py took 0.495 seconds
[2024-09-02T04:40:44.941+0000] {processor.py:186} INFO - Started process (PID=1794) to work on /home/airflow/.local/lib/python3.12/site-packages/airflow/example_dags/example_dataset_alias_with_no_taskflow.py
[2024-09-02T04:40:44.943+0000] {processor.py:914} INFO - Processing file /home/airflow/.local/lib/python3.12/site-packages/airflow/example_dags/example_dataset_alias_with_no_taskflow.py for tasks to queue
[2024-09-02T04:40:44.949+0000] {logging_mixin.py:190} INFO - [2024-09-02T04:40:44.948+0000] {dagbag.py:587} INFO - Filling up the DagBag from /home/airflow/.local/lib/python3.12/site-packages/airflow/example_dags/example_dataset_alias_with_no_taskflow.py
[2024-09-02T04:40:45.251+0000] {processor.py:925} INFO - DAG(s) 'dataset_alias_example_alias_consumer_with_no_taskflow', 'dataset_alias_example_alias_producer_with_no_taskflow', 'dataset_s3_bucket_consumer_with_no_taskflow', 'dataset_s3_bucket_producer_with_no_taskflow' retrieved from /home/airflow/.local/lib/python3.12/site-packages/airflow/example_dags/example_dataset_alias_with_no_taskflow.py
[2024-09-02T04:40:45.297+0000] {logging_mixin.py:190} INFO - [2024-09-02T04:40:45.296+0000] {dag.py:3211} INFO - Sync 4 DAGs
[2024-09-02T04:40:45.376+0000] {logging_mixin.py:190} INFO - [2024-09-02T04:40:45.376+0000] {dag.py:4138} INFO - Setting next_dagrun for dataset_alias_example_alias_consumer_with_no_taskflow to None, run_after=None
[2024-09-02T04:40:45.392+0000] {logging_mixin.py:190} INFO - [2024-09-02T04:40:45.391+0000] {dag.py:4138} INFO - Setting next_dagrun for dataset_alias_example_alias_producer_with_no_taskflow to None, run_after=None
[2024-09-02T04:40:45.406+0000] {logging_mixin.py:190} INFO - [2024-09-02T04:40:45.405+0000] {dag.py:4138} INFO - Setting next_dagrun for dataset_s3_bucket_consumer_with_no_taskflow to None, run_after=None
[2024-09-02T04:40:45.410+0000] {logging_mixin.py:190} INFO - [2024-09-02T04:40:45.409+0000] {dag.py:4138} INFO - Setting next_dagrun for dataset_s3_bucket_producer_with_no_taskflow to None, run_after=None
[2024-09-02T04:40:45.519+0000] {processor.py:208} INFO - Processing /home/airflow/.local/lib/python3.12/site-packages/airflow/example_dags/example_dataset_alias_with_no_taskflow.py took 0.594 seconds
[2024-09-02T04:41:16.509+0000] {processor.py:186} INFO - Started process (PID=1859) to work on /home/airflow/.local/lib/python3.12/site-packages/airflow/example_dags/example_dataset_alias_with_no_taskflow.py
[2024-09-02T04:41:16.511+0000] {processor.py:914} INFO - Processing file /home/airflow/.local/lib/python3.12/site-packages/airflow/example_dags/example_dataset_alias_with_no_taskflow.py for tasks to queue
[2024-09-02T04:41:16.516+0000] {logging_mixin.py:190} INFO - [2024-09-02T04:41:16.515+0000] {dagbag.py:587} INFO - Filling up the DagBag from /home/airflow/.local/lib/python3.12/site-packages/airflow/example_dags/example_dataset_alias_with_no_taskflow.py
[2024-09-02T04:41:16.936+0000] {processor.py:925} INFO - DAG(s) 'dataset_alias_example_alias_producer_with_no_taskflow', 'dataset_alias_example_alias_consumer_with_no_taskflow', 'dataset_s3_bucket_consumer_with_no_taskflow', 'dataset_s3_bucket_producer_with_no_taskflow' retrieved from /home/airflow/.local/lib/python3.12/site-packages/airflow/example_dags/example_dataset_alias_with_no_taskflow.py
[2024-09-02T04:41:16.979+0000] {logging_mixin.py:190} INFO - [2024-09-02T04:41:16.978+0000] {dag.py:3211} INFO - Sync 4 DAGs
[2024-09-02T04:41:17.022+0000] {logging_mixin.py:190} INFO - [2024-09-02T04:41:17.022+0000] {dag.py:4138} INFO - Setting next_dagrun for dataset_alias_example_alias_consumer_with_no_taskflow to None, run_after=None
[2024-09-02T04:41:17.028+0000] {logging_mixin.py:190} INFO - [2024-09-02T04:41:17.028+0000] {dag.py:4138} INFO - Setting next_dagrun for dataset_alias_example_alias_producer_with_no_taskflow to None, run_after=None
[2024-09-02T04:41:17.031+0000] {logging_mixin.py:190} INFO - [2024-09-02T04:41:17.031+0000] {dag.py:4138} INFO - Setting next_dagrun for dataset_s3_bucket_consumer_with_no_taskflow to None, run_after=None
[2024-09-02T04:41:17.034+0000] {logging_mixin.py:190} INFO - [2024-09-02T04:41:17.034+0000] {dag.py:4138} INFO - Setting next_dagrun for dataset_s3_bucket_producer_with_no_taskflow to None, run_after=None
[2024-09-02T04:41:17.080+0000] {processor.py:208} INFO - Processing /home/airflow/.local/lib/python3.12/site-packages/airflow/example_dags/example_dataset_alias_with_no_taskflow.py took 0.584 seconds
[2024-09-02T04:41:47.337+0000] {processor.py:186} INFO - Started process (PID=1926) to work on /home/airflow/.local/lib/python3.12/site-packages/airflow/example_dags/example_dataset_alias_with_no_taskflow.py
[2024-09-02T04:41:47.339+0000] {processor.py:914} INFO - Processing file /home/airflow/.local/lib/python3.12/site-packages/airflow/example_dags/example_dataset_alias_with_no_taskflow.py for tasks to queue
[2024-09-02T04:41:47.344+0000] {logging_mixin.py:190} INFO - [2024-09-02T04:41:47.344+0000] {dagbag.py:587} INFO - Filling up the DagBag from /home/airflow/.local/lib/python3.12/site-packages/airflow/example_dags/example_dataset_alias_with_no_taskflow.py
[2024-09-02T04:41:47.649+0000] {processor.py:925} INFO - DAG(s) 'dataset_s3_bucket_producer_with_no_taskflow', 'dataset_s3_bucket_consumer_with_no_taskflow', 'dataset_alias_example_alias_consumer_with_no_taskflow', 'dataset_alias_example_alias_producer_with_no_taskflow' retrieved from /home/airflow/.local/lib/python3.12/site-packages/airflow/example_dags/example_dataset_alias_with_no_taskflow.py
[2024-09-02T04:41:47.690+0000] {logging_mixin.py:190} INFO - [2024-09-02T04:41:47.689+0000] {dag.py:3211} INFO - Sync 4 DAGs
[2024-09-02T04:41:47.732+0000] {logging_mixin.py:190} INFO - [2024-09-02T04:41:47.732+0000] {dag.py:4138} INFO - Setting next_dagrun for dataset_alias_example_alias_consumer_with_no_taskflow to None, run_after=None
[2024-09-02T04:41:47.738+0000] {logging_mixin.py:190} INFO - [2024-09-02T04:41:47.738+0000] {dag.py:4138} INFO - Setting next_dagrun for dataset_alias_example_alias_producer_with_no_taskflow to None, run_after=None
[2024-09-02T04:41:47.741+0000] {logging_mixin.py:190} INFO - [2024-09-02T04:41:47.741+0000] {dag.py:4138} INFO - Setting next_dagrun for dataset_s3_bucket_consumer_with_no_taskflow to None, run_after=None
[2024-09-02T04:41:47.744+0000] {logging_mixin.py:190} INFO - [2024-09-02T04:41:47.744+0000] {dag.py:4138} INFO - Setting next_dagrun for dataset_s3_bucket_producer_with_no_taskflow to None, run_after=None
[2024-09-02T04:41:47.785+0000] {processor.py:208} INFO - Processing /home/airflow/.local/lib/python3.12/site-packages/airflow/example_dags/example_dataset_alias_with_no_taskflow.py took 0.460 seconds
[2024-09-02T04:42:18.606+0000] {processor.py:186} INFO - Started process (PID=1988) to work on /home/airflow/.local/lib/python3.12/site-packages/airflow/example_dags/example_dataset_alias_with_no_taskflow.py
[2024-09-02T04:42:18.613+0000] {processor.py:914} INFO - Processing file /home/airflow/.local/lib/python3.12/site-packages/airflow/example_dags/example_dataset_alias_with_no_taskflow.py for tasks to queue
[2024-09-02T04:42:18.619+0000] {logging_mixin.py:190} INFO - [2024-09-02T04:42:18.618+0000] {dagbag.py:587} INFO - Filling up the DagBag from /home/airflow/.local/lib/python3.12/site-packages/airflow/example_dags/example_dataset_alias_with_no_taskflow.py
[2024-09-02T04:42:19.260+0000] {processor.py:925} INFO - DAG(s) 'dataset_s3_bucket_producer_with_no_taskflow', 'dataset_s3_bucket_consumer_with_no_taskflow', 'dataset_alias_example_alias_producer_with_no_taskflow', 'dataset_alias_example_alias_consumer_with_no_taskflow' retrieved from /home/airflow/.local/lib/python3.12/site-packages/airflow/example_dags/example_dataset_alias_with_no_taskflow.py
[2024-09-02T04:42:19.312+0000] {logging_mixin.py:190} INFO - [2024-09-02T04:42:19.311+0000] {dag.py:3211} INFO - Sync 4 DAGs
[2024-09-02T04:42:19.360+0000] {logging_mixin.py:190} INFO - [2024-09-02T04:42:19.359+0000] {dag.py:4138} INFO - Setting next_dagrun for dataset_alias_example_alias_consumer_with_no_taskflow to None, run_after=None
[2024-09-02T04:42:19.365+0000] {logging_mixin.py:190} INFO - [2024-09-02T04:42:19.365+0000] {dag.py:4138} INFO - Setting next_dagrun for dataset_alias_example_alias_producer_with_no_taskflow to None, run_after=None
[2024-09-02T04:42:19.369+0000] {logging_mixin.py:190} INFO - [2024-09-02T04:42:19.368+0000] {dag.py:4138} INFO - Setting next_dagrun for dataset_s3_bucket_consumer_with_no_taskflow to None, run_after=None
[2024-09-02T04:42:19.372+0000] {logging_mixin.py:190} INFO - [2024-09-02T04:42:19.371+0000] {dag.py:4138} INFO - Setting next_dagrun for dataset_s3_bucket_producer_with_no_taskflow to None, run_after=None
[2024-09-02T04:42:19.417+0000] {processor.py:208} INFO - Processing /home/airflow/.local/lib/python3.12/site-packages/airflow/example_dags/example_dataset_alias_with_no_taskflow.py took 0.833 seconds
[2024-09-02T04:42:49.818+0000] {processor.py:186} INFO - Started process (PID=2051) to work on /home/airflow/.local/lib/python3.12/site-packages/airflow/example_dags/example_dataset_alias_with_no_taskflow.py
[2024-09-02T04:42:49.820+0000] {processor.py:914} INFO - Processing file /home/airflow/.local/lib/python3.12/site-packages/airflow/example_dags/example_dataset_alias_with_no_taskflow.py for tasks to queue
[2024-09-02T04:42:49.826+0000] {logging_mixin.py:190} INFO - [2024-09-02T04:42:49.825+0000] {dagbag.py:587} INFO - Filling up the DagBag from /home/airflow/.local/lib/python3.12/site-packages/airflow/example_dags/example_dataset_alias_with_no_taskflow.py
[2024-09-02T04:42:50.178+0000] {processor.py:925} INFO - DAG(s) 'dataset_s3_bucket_consumer_with_no_taskflow', 'dataset_alias_example_alias_consumer_with_no_taskflow', 'dataset_s3_bucket_producer_with_no_taskflow', 'dataset_alias_example_alias_producer_with_no_taskflow' retrieved from /home/airflow/.local/lib/python3.12/site-packages/airflow/example_dags/example_dataset_alias_with_no_taskflow.py
[2024-09-02T04:42:50.229+0000] {logging_mixin.py:190} INFO - [2024-09-02T04:42:50.229+0000] {dag.py:3211} INFO - Sync 4 DAGs
[2024-09-02T04:42:50.299+0000] {logging_mixin.py:190} INFO - [2024-09-02T04:42:50.299+0000] {dag.py:4138} INFO - Setting next_dagrun for dataset_alias_example_alias_consumer_with_no_taskflow to None, run_after=None
[2024-09-02T04:42:50.319+0000] {logging_mixin.py:190} INFO - [2024-09-02T04:42:50.318+0000] {dag.py:4138} INFO - Setting next_dagrun for dataset_alias_example_alias_producer_with_no_taskflow to None, run_after=None
[2024-09-02T04:42:50.323+0000] {logging_mixin.py:190} INFO - [2024-09-02T04:42:50.322+0000] {dag.py:4138} INFO - Setting next_dagrun for dataset_s3_bucket_consumer_with_no_taskflow to None, run_after=None
[2024-09-02T04:42:50.327+0000] {logging_mixin.py:190} INFO - [2024-09-02T04:42:50.326+0000] {dag.py:4138} INFO - Setting next_dagrun for dataset_s3_bucket_producer_with_no_taskflow to None, run_after=None
[2024-09-02T04:42:50.466+0000] {processor.py:208} INFO - Processing /home/airflow/.local/lib/python3.12/site-packages/airflow/example_dags/example_dataset_alias_with_no_taskflow.py took 0.661 seconds
[2024-09-02T04:43:20.597+0000] {processor.py:186} INFO - Started process (PID=2115) to work on /home/airflow/.local/lib/python3.12/site-packages/airflow/example_dags/example_dataset_alias_with_no_taskflow.py
[2024-09-02T04:43:20.600+0000] {processor.py:914} INFO - Processing file /home/airflow/.local/lib/python3.12/site-packages/airflow/example_dags/example_dataset_alias_with_no_taskflow.py for tasks to queue
[2024-09-02T04:43:20.605+0000] {logging_mixin.py:190} INFO - [2024-09-02T04:43:20.604+0000] {dagbag.py:587} INFO - Filling up the DagBag from /home/airflow/.local/lib/python3.12/site-packages/airflow/example_dags/example_dataset_alias_with_no_taskflow.py
[2024-09-02T04:43:20.926+0000] {processor.py:925} INFO - DAG(s) 'dataset_s3_bucket_producer_with_no_taskflow', 'dataset_alias_example_alias_consumer_with_no_taskflow', 'dataset_alias_example_alias_producer_with_no_taskflow', 'dataset_s3_bucket_consumer_with_no_taskflow' retrieved from /home/airflow/.local/lib/python3.12/site-packages/airflow/example_dags/example_dataset_alias_with_no_taskflow.py
[2024-09-02T04:43:20.966+0000] {logging_mixin.py:190} INFO - [2024-09-02T04:43:20.965+0000] {dag.py:3211} INFO - Sync 4 DAGs
[2024-09-02T04:43:21.012+0000] {logging_mixin.py:190} INFO - [2024-09-02T04:43:21.012+0000] {dag.py:4138} INFO - Setting next_dagrun for dataset_alias_example_alias_consumer_with_no_taskflow to None, run_after=None
[2024-09-02T04:43:21.018+0000] {logging_mixin.py:190} INFO - [2024-09-02T04:43:21.017+0000] {dag.py:4138} INFO - Setting next_dagrun for dataset_alias_example_alias_producer_with_no_taskflow to None, run_after=None
[2024-09-02T04:43:21.020+0000] {logging_mixin.py:190} INFO - [2024-09-02T04:43:21.020+0000] {dag.py:4138} INFO - Setting next_dagrun for dataset_s3_bucket_consumer_with_no_taskflow to None, run_after=None
[2024-09-02T04:43:21.023+0000] {logging_mixin.py:190} INFO - [2024-09-02T04:43:21.022+0000] {dag.py:4138} INFO - Setting next_dagrun for dataset_s3_bucket_producer_with_no_taskflow to None, run_after=None
[2024-09-02T04:43:21.063+0000] {processor.py:208} INFO - Processing /home/airflow/.local/lib/python3.12/site-packages/airflow/example_dags/example_dataset_alias_with_no_taskflow.py took 0.480 seconds
[2024-09-02T04:43:51.330+0000] {processor.py:186} INFO - Started process (PID=2177) to work on /home/airflow/.local/lib/python3.12/site-packages/airflow/example_dags/example_dataset_alias_with_no_taskflow.py
[2024-09-02T04:43:51.332+0000] {processor.py:914} INFO - Processing file /home/airflow/.local/lib/python3.12/site-packages/airflow/example_dags/example_dataset_alias_with_no_taskflow.py for tasks to queue
[2024-09-02T04:43:51.337+0000] {logging_mixin.py:190} INFO - [2024-09-02T04:43:51.336+0000] {dagbag.py:587} INFO - Filling up the DagBag from /home/airflow/.local/lib/python3.12/site-packages/airflow/example_dags/example_dataset_alias_with_no_taskflow.py
[2024-09-02T04:43:51.650+0000] {processor.py:925} INFO - DAG(s) 'dataset_alias_example_alias_consumer_with_no_taskflow', 'dataset_s3_bucket_consumer_with_no_taskflow', 'dataset_s3_bucket_producer_with_no_taskflow', 'dataset_alias_example_alias_producer_with_no_taskflow' retrieved from /home/airflow/.local/lib/python3.12/site-packages/airflow/example_dags/example_dataset_alias_with_no_taskflow.py
[2024-09-02T04:43:51.933+0000] {logging_mixin.py:190} INFO - [2024-09-02T04:43:51.933+0000] {dag.py:3211} INFO - Sync 4 DAGs
[2024-09-02T04:43:51.981+0000] {logging_mixin.py:190} INFO - [2024-09-02T04:43:51.980+0000] {dag.py:4138} INFO - Setting next_dagrun for dataset_alias_example_alias_consumer_with_no_taskflow to None, run_after=None
[2024-09-02T04:43:51.987+0000] {logging_mixin.py:190} INFO - [2024-09-02T04:43:51.986+0000] {dag.py:4138} INFO - Setting next_dagrun for dataset_alias_example_alias_producer_with_no_taskflow to None, run_after=None
[2024-09-02T04:43:51.990+0000] {logging_mixin.py:190} INFO - [2024-09-02T04:43:51.990+0000] {dag.py:4138} INFO - Setting next_dagrun for dataset_s3_bucket_consumer_with_no_taskflow to None, run_after=None
[2024-09-02T04:43:51.994+0000] {logging_mixin.py:190} INFO - [2024-09-02T04:43:51.994+0000] {dag.py:4138} INFO - Setting next_dagrun for dataset_s3_bucket_producer_with_no_taskflow to None, run_after=None
[2024-09-02T04:43:52.037+0000] {processor.py:208} INFO - Processing /home/airflow/.local/lib/python3.12/site-packages/airflow/example_dags/example_dataset_alias_with_no_taskflow.py took 0.718 seconds
[2024-09-02T04:44:23.061+0000] {processor.py:186} INFO - Started process (PID=2243) to work on /home/airflow/.local/lib/python3.12/site-packages/airflow/example_dags/example_dataset_alias_with_no_taskflow.py
[2024-09-02T04:44:23.063+0000] {processor.py:914} INFO - Processing file /home/airflow/.local/lib/python3.12/site-packages/airflow/example_dags/example_dataset_alias_with_no_taskflow.py for tasks to queue
[2024-09-02T04:44:23.068+0000] {logging_mixin.py:190} INFO - [2024-09-02T04:44:23.067+0000] {dagbag.py:587} INFO - Filling up the DagBag from /home/airflow/.local/lib/python3.12/site-packages/airflow/example_dags/example_dataset_alias_with_no_taskflow.py
[2024-09-02T04:44:23.352+0000] {processor.py:925} INFO - DAG(s) 'dataset_alias_example_alias_consumer_with_no_taskflow', 'dataset_alias_example_alias_producer_with_no_taskflow', 'dataset_s3_bucket_consumer_with_no_taskflow', 'dataset_s3_bucket_producer_with_no_taskflow' retrieved from /home/airflow/.local/lib/python3.12/site-packages/airflow/example_dags/example_dataset_alias_with_no_taskflow.py
[2024-09-02T04:44:23.706+0000] {logging_mixin.py:190} INFO - [2024-09-02T04:44:23.705+0000] {dag.py:3211} INFO - Sync 4 DAGs
[2024-09-02T04:44:23.742+0000] {logging_mixin.py:190} INFO - [2024-09-02T04:44:23.742+0000] {dag.py:4138} INFO - Setting next_dagrun for dataset_alias_example_alias_consumer_with_no_taskflow to None, run_after=None
[2024-09-02T04:44:23.747+0000] {logging_mixin.py:190} INFO - [2024-09-02T04:44:23.746+0000] {dag.py:4138} INFO - Setting next_dagrun for dataset_alias_example_alias_producer_with_no_taskflow to None, run_after=None
[2024-09-02T04:44:23.749+0000] {logging_mixin.py:190} INFO - [2024-09-02T04:44:23.749+0000] {dag.py:4138} INFO - Setting next_dagrun for dataset_s3_bucket_consumer_with_no_taskflow to None, run_after=None
[2024-09-02T04:44:23.752+0000] {logging_mixin.py:190} INFO - [2024-09-02T04:44:23.751+0000] {dag.py:4138} INFO - Setting next_dagrun for dataset_s3_bucket_producer_with_no_taskflow to None, run_after=None
[2024-09-02T04:44:23.786+0000] {processor.py:208} INFO - Processing /home/airflow/.local/lib/python3.12/site-packages/airflow/example_dags/example_dataset_alias_with_no_taskflow.py took 0.736 seconds
[2024-09-02T04:44:54.705+0000] {processor.py:186} INFO - Started process (PID=2308) to work on /home/airflow/.local/lib/python3.12/site-packages/airflow/example_dags/example_dataset_alias_with_no_taskflow.py
[2024-09-02T04:44:54.706+0000] {processor.py:914} INFO - Processing file /home/airflow/.local/lib/python3.12/site-packages/airflow/example_dags/example_dataset_alias_with_no_taskflow.py for tasks to queue
[2024-09-02T04:44:54.711+0000] {logging_mixin.py:190} INFO - [2024-09-02T04:44:54.710+0000] {dagbag.py:587} INFO - Filling up the DagBag from /home/airflow/.local/lib/python3.12/site-packages/airflow/example_dags/example_dataset_alias_with_no_taskflow.py
[2024-09-02T04:44:54.979+0000] {processor.py:925} INFO - DAG(s) 'dataset_alias_example_alias_consumer_with_no_taskflow', 'dataset_s3_bucket_producer_with_no_taskflow', 'dataset_alias_example_alias_producer_with_no_taskflow', 'dataset_s3_bucket_consumer_with_no_taskflow' retrieved from /home/airflow/.local/lib/python3.12/site-packages/airflow/example_dags/example_dataset_alias_with_no_taskflow.py
[2024-09-02T04:44:55.020+0000] {logging_mixin.py:190} INFO - [2024-09-02T04:44:55.020+0000] {dag.py:3211} INFO - Sync 4 DAGs
[2024-09-02T04:44:55.287+0000] {logging_mixin.py:190} INFO - [2024-09-02T04:44:55.287+0000] {dag.py:4138} INFO - Setting next_dagrun for dataset_alias_example_alias_consumer_with_no_taskflow to None, run_after=None
[2024-09-02T04:44:55.293+0000] {logging_mixin.py:190} INFO - [2024-09-02T04:44:55.293+0000] {dag.py:4138} INFO - Setting next_dagrun for dataset_alias_example_alias_producer_with_no_taskflow to None, run_after=None
[2024-09-02T04:44:55.297+0000] {logging_mixin.py:190} INFO - [2024-09-02T04:44:55.296+0000] {dag.py:4138} INFO - Setting next_dagrun for dataset_s3_bucket_consumer_with_no_taskflow to None, run_after=None
[2024-09-02T04:44:55.300+0000] {logging_mixin.py:190} INFO - [2024-09-02T04:44:55.299+0000] {dag.py:4138} INFO - Setting next_dagrun for dataset_s3_bucket_producer_with_no_taskflow to None, run_after=None
[2024-09-02T04:44:55.340+0000] {processor.py:208} INFO - Processing /home/airflow/.local/lib/python3.12/site-packages/airflow/example_dags/example_dataset_alias_with_no_taskflow.py took 0.647 seconds
[2024-09-02T04:45:25.440+0000] {processor.py:186} INFO - Started process (PID=2371) to work on /home/airflow/.local/lib/python3.12/site-packages/airflow/example_dags/example_dataset_alias_with_no_taskflow.py
[2024-09-02T04:45:25.442+0000] {processor.py:914} INFO - Processing file /home/airflow/.local/lib/python3.12/site-packages/airflow/example_dags/example_dataset_alias_with_no_taskflow.py for tasks to queue
[2024-09-02T04:45:25.447+0000] {logging_mixin.py:190} INFO - [2024-09-02T04:45:25.446+0000] {dagbag.py:587} INFO - Filling up the DagBag from /home/airflow/.local/lib/python3.12/site-packages/airflow/example_dags/example_dataset_alias_with_no_taskflow.py
[2024-09-02T04:45:25.735+0000] {processor.py:925} INFO - DAG(s) 'dataset_s3_bucket_consumer_with_no_taskflow', 'dataset_alias_example_alias_producer_with_no_taskflow', 'dataset_alias_example_alias_consumer_with_no_taskflow', 'dataset_s3_bucket_producer_with_no_taskflow' retrieved from /home/airflow/.local/lib/python3.12/site-packages/airflow/example_dags/example_dataset_alias_with_no_taskflow.py
[2024-09-02T04:45:25.781+0000] {logging_mixin.py:190} INFO - [2024-09-02T04:45:25.781+0000] {dag.py:3211} INFO - Sync 4 DAGs
[2024-09-02T04:45:26.082+0000] {logging_mixin.py:190} INFO - [2024-09-02T04:45:26.082+0000] {dag.py:4138} INFO - Setting next_dagrun for dataset_alias_example_alias_consumer_with_no_taskflow to None, run_after=None
[2024-09-02T04:45:26.088+0000] {logging_mixin.py:190} INFO - [2024-09-02T04:45:26.087+0000] {dag.py:4138} INFO - Setting next_dagrun for dataset_alias_example_alias_producer_with_no_taskflow to None, run_after=None
[2024-09-02T04:45:26.091+0000] {logging_mixin.py:190} INFO - [2024-09-02T04:45:26.091+0000] {dag.py:4138} INFO - Setting next_dagrun for dataset_s3_bucket_consumer_with_no_taskflow to None, run_after=None
[2024-09-02T04:45:26.094+0000] {logging_mixin.py:190} INFO - [2024-09-02T04:45:26.094+0000] {dag.py:4138} INFO - Setting next_dagrun for dataset_s3_bucket_producer_with_no_taskflow to None, run_after=None
[2024-09-02T04:45:26.136+0000] {processor.py:208} INFO - Processing /home/airflow/.local/lib/python3.12/site-packages/airflow/example_dags/example_dataset_alias_with_no_taskflow.py took 0.707 seconds
[2024-09-02T04:45:57.091+0000] {processor.py:186} INFO - Started process (PID=2435) to work on /home/airflow/.local/lib/python3.12/site-packages/airflow/example_dags/example_dataset_alias_with_no_taskflow.py
[2024-09-02T04:45:57.093+0000] {processor.py:914} INFO - Processing file /home/airflow/.local/lib/python3.12/site-packages/airflow/example_dags/example_dataset_alias_with_no_taskflow.py for tasks to queue
[2024-09-02T04:45:57.100+0000] {logging_mixin.py:190} INFO - [2024-09-02T04:45:57.099+0000] {dagbag.py:587} INFO - Filling up the DagBag from /home/airflow/.local/lib/python3.12/site-packages/airflow/example_dags/example_dataset_alias_with_no_taskflow.py
[2024-09-02T04:45:57.384+0000] {processor.py:925} INFO - DAG(s) 'dataset_alias_example_alias_consumer_with_no_taskflow', 'dataset_alias_example_alias_producer_with_no_taskflow', 'dataset_s3_bucket_consumer_with_no_taskflow', 'dataset_s3_bucket_producer_with_no_taskflow' retrieved from /home/airflow/.local/lib/python3.12/site-packages/airflow/example_dags/example_dataset_alias_with_no_taskflow.py
[2024-09-02T04:45:57.428+0000] {logging_mixin.py:190} INFO - [2024-09-02T04:45:57.427+0000] {dag.py:3211} INFO - Sync 4 DAGs
[2024-09-02T04:45:57.475+0000] {logging_mixin.py:190} INFO - [2024-09-02T04:45:57.474+0000] {dag.py:4138} INFO - Setting next_dagrun for dataset_alias_example_alias_consumer_with_no_taskflow to None, run_after=None
[2024-09-02T04:45:57.480+0000] {logging_mixin.py:190} INFO - [2024-09-02T04:45:57.479+0000] {dag.py:4138} INFO - Setting next_dagrun for dataset_alias_example_alias_producer_with_no_taskflow to None, run_after=None
[2024-09-02T04:45:57.483+0000] {logging_mixin.py:190} INFO - [2024-09-02T04:45:57.482+0000] {dag.py:4138} INFO - Setting next_dagrun for dataset_s3_bucket_consumer_with_no_taskflow to None, run_after=None
[2024-09-02T04:45:57.485+0000] {logging_mixin.py:190} INFO - [2024-09-02T04:45:57.485+0000] {dag.py:4138} INFO - Setting next_dagrun for dataset_s3_bucket_producer_with_no_taskflow to None, run_after=None
[2024-09-02T04:45:57.774+0000] {processor.py:208} INFO - Processing /home/airflow/.local/lib/python3.12/site-packages/airflow/example_dags/example_dataset_alias_with_no_taskflow.py took 0.695 seconds
[2024-09-02T04:46:28.457+0000] {processor.py:186} INFO - Started process (PID=2501) to work on /home/airflow/.local/lib/python3.12/site-packages/airflow/example_dags/example_dataset_alias_with_no_taskflow.py
[2024-09-02T04:46:28.459+0000] {processor.py:914} INFO - Processing file /home/airflow/.local/lib/python3.12/site-packages/airflow/example_dags/example_dataset_alias_with_no_taskflow.py for tasks to queue
[2024-09-02T04:46:28.464+0000] {logging_mixin.py:190} INFO - [2024-09-02T04:46:28.463+0000] {dagbag.py:587} INFO - Filling up the DagBag from /home/airflow/.local/lib/python3.12/site-packages/airflow/example_dags/example_dataset_alias_with_no_taskflow.py
[2024-09-02T04:46:29.038+0000] {processor.py:925} INFO - DAG(s) 'dataset_alias_example_alias_producer_with_no_taskflow', 'dataset_s3_bucket_producer_with_no_taskflow', 'dataset_alias_example_alias_consumer_with_no_taskflow', 'dataset_s3_bucket_consumer_with_no_taskflow' retrieved from /home/airflow/.local/lib/python3.12/site-packages/airflow/example_dags/example_dataset_alias_with_no_taskflow.py
[2024-09-02T04:46:29.075+0000] {logging_mixin.py:190} INFO - [2024-09-02T04:46:29.074+0000] {dag.py:3211} INFO - Sync 4 DAGs
[2024-09-02T04:46:29.125+0000] {logging_mixin.py:190} INFO - [2024-09-02T04:46:29.124+0000] {dag.py:4138} INFO - Setting next_dagrun for dataset_alias_example_alias_consumer_with_no_taskflow to None, run_after=None
[2024-09-02T04:46:29.130+0000] {logging_mixin.py:190} INFO - [2024-09-02T04:46:29.130+0000] {dag.py:4138} INFO - Setting next_dagrun for dataset_alias_example_alias_producer_with_no_taskflow to None, run_after=None
[2024-09-02T04:46:29.133+0000] {logging_mixin.py:190} INFO - [2024-09-02T04:46:29.132+0000] {dag.py:4138} INFO - Setting next_dagrun for dataset_s3_bucket_consumer_with_no_taskflow to None, run_after=None
[2024-09-02T04:46:29.136+0000] {logging_mixin.py:190} INFO - [2024-09-02T04:46:29.135+0000] {dag.py:4138} INFO - Setting next_dagrun for dataset_s3_bucket_producer_with_no_taskflow to None, run_after=None
[2024-09-02T04:46:29.179+0000] {processor.py:208} INFO - Processing /home/airflow/.local/lib/python3.12/site-packages/airflow/example_dags/example_dataset_alias_with_no_taskflow.py took 0.734 seconds
[2024-09-02T04:47:00.216+0000] {processor.py:186} INFO - Started process (PID=2565) to work on /home/airflow/.local/lib/python3.12/site-packages/airflow/example_dags/example_dataset_alias_with_no_taskflow.py
[2024-09-02T04:47:00.218+0000] {processor.py:914} INFO - Processing file /home/airflow/.local/lib/python3.12/site-packages/airflow/example_dags/example_dataset_alias_with_no_taskflow.py for tasks to queue
[2024-09-02T04:47:00.223+0000] {logging_mixin.py:190} INFO - [2024-09-02T04:47:00.222+0000] {dagbag.py:587} INFO - Filling up the DagBag from /home/airflow/.local/lib/python3.12/site-packages/airflow/example_dags/example_dataset_alias_with_no_taskflow.py
[2024-09-02T04:47:00.860+0000] {processor.py:925} INFO - DAG(s) 'dataset_s3_bucket_producer_with_no_taskflow', 'dataset_s3_bucket_consumer_with_no_taskflow', 'dataset_alias_example_alias_producer_with_no_taskflow', 'dataset_alias_example_alias_consumer_with_no_taskflow' retrieved from /home/airflow/.local/lib/python3.12/site-packages/airflow/example_dags/example_dataset_alias_with_no_taskflow.py
[2024-09-02T04:47:00.922+0000] {logging_mixin.py:190} INFO - [2024-09-02T04:47:00.922+0000] {dag.py:3211} INFO - Sync 4 DAGs
[2024-09-02T04:47:00.983+0000] {logging_mixin.py:190} INFO - [2024-09-02T04:47:00.983+0000] {dag.py:4138} INFO - Setting next_dagrun for dataset_alias_example_alias_consumer_with_no_taskflow to None, run_after=None
[2024-09-02T04:47:00.993+0000] {logging_mixin.py:190} INFO - [2024-09-02T04:47:00.993+0000] {dag.py:4138} INFO - Setting next_dagrun for dataset_alias_example_alias_producer_with_no_taskflow to None, run_after=None
[2024-09-02T04:47:00.996+0000] {logging_mixin.py:190} INFO - [2024-09-02T04:47:00.996+0000] {dag.py:4138} INFO - Setting next_dagrun for dataset_s3_bucket_consumer_with_no_taskflow to None, run_after=None
[2024-09-02T04:47:00.999+0000] {logging_mixin.py:190} INFO - [2024-09-02T04:47:00.999+0000] {dag.py:4138} INFO - Setting next_dagrun for dataset_s3_bucket_producer_with_no_taskflow to None, run_after=None
[2024-09-02T04:47:01.047+0000] {processor.py:208} INFO - Processing /home/airflow/.local/lib/python3.12/site-packages/airflow/example_dags/example_dataset_alias_with_no_taskflow.py took 0.842 seconds
