[2024-09-12T14:58:29.731+0000] {processor.py:186} INFO - Started process (PID=67) to work on /opt/airflow/dags/hw_dag.py
[2024-09-12T14:58:29.749+0000] {processor.py:914} INFO - Processing file /opt/airflow/dags/hw_dag.py for tasks to queue
[2024-09-12T14:58:29.783+0000] {logging_mixin.py:190} INFO - [2024-09-12T14:58:29.781+0000] {dagbag.py:587} INFO - Filling up the DagBag from /opt/airflow/dags/hw_dag.py
[2024-09-12T14:58:38.818+0000] {processor.py:925} INFO - DAG(s) 'car_price_prediction' retrieved from /opt/airflow/dags/hw_dag.py
[2024-09-12T14:58:38.901+0000] {logging_mixin.py:190} INFO - [2024-09-12T14:58:38.900+0000] {dag.py:3211} INFO - Sync 1 DAGs
[2024-09-12T14:58:38.963+0000] {logging_mixin.py:190} INFO - [2024-09-12T14:58:38.963+0000] {dag.py:4138} INFO - Setting next_dagrun for car_price_prediction to 2022-06-28 15:00:00+00:00, run_after=2022-06-29 15:00:00+00:00
[2024-09-12T14:58:39.049+0000] {processor.py:208} INFO - Processing /opt/airflow/dags/hw_dag.py took 9.456 seconds
[2024-09-12T14:58:39.121+0000] {processor.py:186} INFO - Started process (PID=85) to work on /opt/airflow/dags/hw_dag.py
[2024-09-12T14:58:39.123+0000] {processor.py:914} INFO - Processing file /opt/airflow/dags/hw_dag.py for tasks to queue
[2024-09-12T14:58:39.128+0000] {logging_mixin.py:190} INFO - [2024-09-12T14:58:39.127+0000] {dagbag.py:587} INFO - Filling up the DagBag from /opt/airflow/dags/hw_dag.py
[2024-09-12T14:58:43.818+0000] {processor.py:925} INFO - DAG(s) 'car_price_prediction' retrieved from /opt/airflow/dags/hw_dag.py
[2024-09-12T14:58:44.104+0000] {logging_mixin.py:190} INFO - [2024-09-12T14:58:44.103+0000] {taskinstance.py:3303} ERROR - {'DAG Id': 'car_price_prediction', 'Task Id': 'pipeline', 'Run Id': 'scheduled__2022-06-19T15:00:00+00:00', 'Hostname': '6d94a8a19157', 'External Executor Id': '6c2b6836-099d-4c6f-b251-8f59c9b19953'}
[2024-09-12T14:58:44.422+0000] {logging_mixin.py:190} INFO - Task instance in failure state
[2024-09-12T14:58:44.501+0000] {logging_mixin.py:190} INFO - Task start:2024-09-06 06:19:24.188257+00:00 end:2024-09-12 14:58:44.388577+00:00 duration:549560.20032
[2024-09-12T14:58:44.569+0000] {logging_mixin.py:190} INFO - Task:<Task(PythonOperator): pipeline> dag:<DAG: car_price_prediction> dagrun:<DagRun car_price_prediction @ 2022-06-19 15:00:00+00:00: scheduled__2022-06-19T15:00:00+00:00, state:running, queued_at: 2024-09-06 06:18:21.980445+00:00. externally triggered: False>
[2024-09-12T14:58:44.570+0000] {logging_mixin.py:190} INFO - Failure caused by {'DAG Id': 'car_price_prediction', 'Task Id': 'pipeline', 'Run Id': 'scheduled__2022-06-19T15:00:00+00:00', 'Hostname': '6d94a8a19157', 'External Executor Id': '6c2b6836-099d-4c6f-b251-8f59c9b19953'}
[2024-09-12T14:58:44.571+0000] {logging_mixin.py:190} INFO - [2024-09-12T14:58:44.571+0000] {taskinstance.py:1225} INFO - Marking task as UP_FOR_RETRY. dag_id=car_price_prediction, task_id=pipeline, run_id=scheduled__2022-06-19T15:00:00+00:00, execution_date=20220619T150000, start_date=20240906T061924, end_date=20240912T145844
[2024-09-12T14:58:44.739+0000] {logging_mixin.py:190} INFO - [2024-09-12T14:58:44.738+0000] {processor.py:876} INFO - Executed callback for <TaskInstance: car_price_prediction.pipeline scheduled__2022-06-19T15:00:00+00:00 [up_for_retry]> in state up_for_retry
[2024-09-12T14:58:44.771+0000] {logging_mixin.py:190} INFO - [2024-09-12T14:58:44.770+0000] {taskinstance.py:3303} ERROR - {'DAG Id': 'car_price_prediction', 'Task Id': 'pipeline', 'Run Id': 'scheduled__2022-06-16T15:00:00+00:00', 'Hostname': '6d94a8a19157', 'External Executor Id': '6c593931-b66e-4364-8d77-53282eba5701'}
[2024-09-12T14:58:44.867+0000] {logging_mixin.py:190} INFO - Task instance in failure state
[2024-09-12T14:58:44.883+0000] {logging_mixin.py:190} INFO - Task start:2024-09-06 06:19:26.893276+00:00 end:2024-09-12 14:58:44.854611+00:00 duration:549557.961335
[2024-09-12T14:58:44.884+0000] {logging_mixin.py:190} INFO - Task:<Task(PythonOperator): pipeline> dag:<DAG: car_price_prediction> dagrun:<DagRun car_price_prediction @ 2022-06-16 15:00:00+00:00: scheduled__2022-06-16T15:00:00+00:00, state:running, queued_at: 2024-09-06 06:18:15.472376+00:00. externally triggered: False>
[2024-09-12T14:58:44.885+0000] {logging_mixin.py:190} INFO - Failure caused by {'DAG Id': 'car_price_prediction', 'Task Id': 'pipeline', 'Run Id': 'scheduled__2022-06-16T15:00:00+00:00', 'Hostname': '6d94a8a19157', 'External Executor Id': '6c593931-b66e-4364-8d77-53282eba5701'}
[2024-09-12T14:58:44.886+0000] {logging_mixin.py:190} INFO - [2024-09-12T14:58:44.886+0000] {taskinstance.py:1225} INFO - Marking task as UP_FOR_RETRY. dag_id=car_price_prediction, task_id=pipeline, run_id=scheduled__2022-06-16T15:00:00+00:00, execution_date=20220616T150000, start_date=20240906T061926, end_date=20240912T145844
[2024-09-12T14:58:44.984+0000] {logging_mixin.py:190} INFO - [2024-09-12T14:58:44.984+0000] {processor.py:876} INFO - Executed callback for <TaskInstance: car_price_prediction.pipeline scheduled__2022-06-16T15:00:00+00:00 [up_for_retry]> in state up_for_retry
[2024-09-12T14:58:45.023+0000] {logging_mixin.py:190} INFO - [2024-09-12T14:58:45.023+0000] {taskinstance.py:3303} ERROR - {'DAG Id': 'car_price_prediction', 'Task Id': 'pipeline', 'Run Id': 'scheduled__2022-06-20T15:00:00+00:00', 'Hostname': '6d94a8a19157', 'External Executor Id': 'eef16f69-4d72-4fd7-b23e-e8656b033784'}
[2024-09-12T14:58:45.124+0000] {logging_mixin.py:190} INFO - Task instance in failure state
[2024-09-12T14:58:45.174+0000] {logging_mixin.py:190} INFO - Task start:2024-09-06 06:19:26.372780+00:00 end:2024-09-12 14:58:45.094495+00:00 duration:549558.721715
[2024-09-12T14:58:45.183+0000] {logging_mixin.py:190} INFO - Task:<Task(PythonOperator): pipeline> dag:<DAG: car_price_prediction> dagrun:<DagRun car_price_prediction @ 2022-06-20 15:00:00+00:00: scheduled__2022-06-20T15:00:00+00:00, state:running, queued_at: 2024-09-06 06:18:23.225046+00:00. externally triggered: False>
[2024-09-12T14:58:45.191+0000] {logging_mixin.py:190} INFO - Failure caused by {'DAG Id': 'car_price_prediction', 'Task Id': 'pipeline', 'Run Id': 'scheduled__2022-06-20T15:00:00+00:00', 'Hostname': '6d94a8a19157', 'External Executor Id': 'eef16f69-4d72-4fd7-b23e-e8656b033784'}
[2024-09-12T14:58:45.225+0000] {logging_mixin.py:190} INFO - [2024-09-12T14:58:45.208+0000] {taskinstance.py:1225} INFO - Marking task as UP_FOR_RETRY. dag_id=car_price_prediction, task_id=pipeline, run_id=scheduled__2022-06-20T15:00:00+00:00, execution_date=20220620T150000, start_date=20240906T061926, end_date=20240912T145845
[2024-09-12T14:58:45.278+0000] {logging_mixin.py:190} INFO - [2024-09-12T14:58:45.278+0000] {processor.py:876} INFO - Executed callback for <TaskInstance: car_price_prediction.pipeline scheduled__2022-06-20T15:00:00+00:00 [up_for_retry]> in state up_for_retry
[2024-09-12T14:58:45.291+0000] {logging_mixin.py:190} INFO - [2024-09-12T14:58:45.288+0000] {taskinstance.py:3303} ERROR - {'DAG Id': 'car_price_prediction', 'Task Id': 'pipeline', 'Run Id': 'scheduled__2022-06-15T15:00:00+00:00', 'Hostname': '6d94a8a19157', 'External Executor Id': 'e217c19b-b13c-4496-8d41-184cdfda7077'}
[2024-09-12T14:58:45.364+0000] {logging_mixin.py:190} INFO - Task instance in failure state
[2024-09-12T14:58:45.365+0000] {logging_mixin.py:190} INFO - Task start:2024-09-06 06:19:26.507439+00:00 end:2024-09-12 14:58:45.364280+00:00 duration:549558.856841
[2024-09-12T14:58:45.369+0000] {logging_mixin.py:190} INFO - Task:<Task(PythonOperator): pipeline> dag:<DAG: car_price_prediction> dagrun:<DagRun car_price_prediction @ 2022-06-15 15:00:00+00:00: scheduled__2022-06-15T15:00:00+00:00, state:running, queued_at: 2024-09-06 06:18:13.348521+00:00. externally triggered: False>
[2024-09-12T14:58:45.376+0000] {logging_mixin.py:190} INFO - Failure caused by {'DAG Id': 'car_price_prediction', 'Task Id': 'pipeline', 'Run Id': 'scheduled__2022-06-15T15:00:00+00:00', 'Hostname': '6d94a8a19157', 'External Executor Id': 'e217c19b-b13c-4496-8d41-184cdfda7077'}
[2024-09-12T14:58:45.380+0000] {logging_mixin.py:190} INFO - [2024-09-12T14:58:45.379+0000] {taskinstance.py:1225} INFO - Marking task as UP_FOR_RETRY. dag_id=car_price_prediction, task_id=pipeline, run_id=scheduled__2022-06-15T15:00:00+00:00, execution_date=20220615T150000, start_date=20240906T061926, end_date=20240912T145845
[2024-09-12T14:58:45.400+0000] {logging_mixin.py:190} INFO - [2024-09-12T14:58:45.400+0000] {processor.py:876} INFO - Executed callback for <TaskInstance: car_price_prediction.pipeline scheduled__2022-06-15T15:00:00+00:00 [up_for_retry]> in state up_for_retry
[2024-09-12T14:58:45.405+0000] {logging_mixin.py:190} INFO - [2024-09-12T14:58:45.405+0000] {taskinstance.py:3303} ERROR - {'DAG Id': 'car_price_prediction', 'Task Id': 'pipeline', 'Run Id': 'scheduled__2022-06-13T15:00:00+00:00', 'Hostname': '6d94a8a19157', 'External Executor Id': 'f2467bb8-c955-421e-bd60-2c5ce1238771'}
[2024-09-12T14:58:45.444+0000] {logging_mixin.py:190} INFO - Task instance in failure state
[2024-09-12T14:58:45.445+0000] {logging_mixin.py:190} INFO - Task start:2024-09-06 06:19:26.586550+00:00 end:2024-09-12 14:58:45.444412+00:00 duration:549558.857862
[2024-09-12T14:58:45.446+0000] {logging_mixin.py:190} INFO - Task:<Task(PythonOperator): pipeline> dag:<DAG: car_price_prediction> dagrun:<DagRun car_price_prediction @ 2022-06-13 15:00:00+00:00: scheduled__2022-06-13T15:00:00+00:00, state:running, queued_at: 2024-09-06 06:18:03.117078+00:00. externally triggered: False>
[2024-09-12T14:58:45.447+0000] {logging_mixin.py:190} INFO - Failure caused by {'DAG Id': 'car_price_prediction', 'Task Id': 'pipeline', 'Run Id': 'scheduled__2022-06-13T15:00:00+00:00', 'Hostname': '6d94a8a19157', 'External Executor Id': 'f2467bb8-c955-421e-bd60-2c5ce1238771'}
[2024-09-12T14:58:45.448+0000] {logging_mixin.py:190} INFO - [2024-09-12T14:58:45.448+0000] {taskinstance.py:1225} INFO - Marking task as UP_FOR_RETRY. dag_id=car_price_prediction, task_id=pipeline, run_id=scheduled__2022-06-13T15:00:00+00:00, execution_date=20220613T150000, start_date=20240906T061926, end_date=20240912T145845
[2024-09-12T14:58:45.468+0000] {logging_mixin.py:190} INFO - [2024-09-12T14:58:45.467+0000] {processor.py:876} INFO - Executed callback for <TaskInstance: car_price_prediction.pipeline scheduled__2022-06-13T15:00:00+00:00 [up_for_retry]> in state up_for_retry
[2024-09-12T14:58:45.474+0000] {logging_mixin.py:190} INFO - [2024-09-12T14:58:45.473+0000] {taskinstance.py:3303} ERROR - {'DAG Id': 'car_price_prediction', 'Task Id': 'pipeline', 'Run Id': 'scheduled__2022-06-18T15:00:00+00:00', 'Hostname': '6d94a8a19157', 'External Executor Id': '48b1fc2f-2cf7-4e19-8efa-4bc2cef2a4af'}
[2024-09-12T14:58:45.530+0000] {logging_mixin.py:190} INFO - Task instance in failure state
[2024-09-12T14:58:45.536+0000] {logging_mixin.py:190} INFO - Task start:2024-09-06 06:19:23.882803+00:00 end:2024-09-12 14:58:45.530123+00:00 duration:549561.64732
[2024-09-12T14:58:45.537+0000] {logging_mixin.py:190} INFO - Task:<Task(PythonOperator): pipeline> dag:<DAG: car_price_prediction> dagrun:<DagRun car_price_prediction @ 2022-06-18 15:00:00+00:00: scheduled__2022-06-18T15:00:00+00:00, state:running, queued_at: 2024-09-06 06:18:20.727491+00:00. externally triggered: False>
[2024-09-12T14:58:45.538+0000] {logging_mixin.py:190} INFO - Failure caused by {'DAG Id': 'car_price_prediction', 'Task Id': 'pipeline', 'Run Id': 'scheduled__2022-06-18T15:00:00+00:00', 'Hostname': '6d94a8a19157', 'External Executor Id': '48b1fc2f-2cf7-4e19-8efa-4bc2cef2a4af'}
[2024-09-12T14:58:45.539+0000] {logging_mixin.py:190} INFO - [2024-09-12T14:58:45.539+0000] {taskinstance.py:1225} INFO - Marking task as UP_FOR_RETRY. dag_id=car_price_prediction, task_id=pipeline, run_id=scheduled__2022-06-18T15:00:00+00:00, execution_date=20220618T150000, start_date=20240906T061923, end_date=20240912T145845
[2024-09-12T14:58:45.580+0000] {logging_mixin.py:190} INFO - [2024-09-12T14:58:45.577+0000] {processor.py:876} INFO - Executed callback for <TaskInstance: car_price_prediction.pipeline scheduled__2022-06-18T15:00:00+00:00 [up_for_retry]> in state up_for_retry
[2024-09-12T14:58:45.599+0000] {logging_mixin.py:190} INFO - [2024-09-12T14:58:45.599+0000] {taskinstance.py:3303} ERROR - {'DAG Id': 'car_price_prediction', 'Task Id': 'pipeline', 'Run Id': 'scheduled__2022-06-24T15:00:00+00:00', 'Hostname': '6d94a8a19157', 'External Executor Id': 'f7d664c9-abe8-4b15-8827-47f9a0f7a5d8'}
[2024-09-12T14:58:45.654+0000] {logging_mixin.py:190} INFO - Task instance in failure state
[2024-09-12T14:58:45.668+0000] {logging_mixin.py:190} INFO - Task start:2024-09-06 06:19:27.721407+00:00 end:2024-09-12 14:58:45.654354+00:00 duration:549557.932947
[2024-09-12T14:58:45.684+0000] {logging_mixin.py:190} INFO - Task:<Task(PythonOperator): pipeline> dag:<DAG: car_price_prediction> dagrun:<DagRun car_price_prediction @ 2022-06-24 15:00:00+00:00: scheduled__2022-06-24T15:00:00+00:00, state:running, queued_at: 2024-09-06 06:18:27.334537+00:00. externally triggered: False>
[2024-09-12T14:58:45.700+0000] {logging_mixin.py:190} INFO - Failure caused by {'DAG Id': 'car_price_prediction', 'Task Id': 'pipeline', 'Run Id': 'scheduled__2022-06-24T15:00:00+00:00', 'Hostname': '6d94a8a19157', 'External Executor Id': 'f7d664c9-abe8-4b15-8827-47f9a0f7a5d8'}
[2024-09-12T14:58:45.716+0000] {logging_mixin.py:190} INFO - [2024-09-12T14:58:45.715+0000] {taskinstance.py:1225} INFO - Marking task as UP_FOR_RETRY. dag_id=car_price_prediction, task_id=pipeline, run_id=scheduled__2022-06-24T15:00:00+00:00, execution_date=20220624T150000, start_date=20240906T061927, end_date=20240912T145845
[2024-09-12T14:58:45.767+0000] {logging_mixin.py:190} INFO - [2024-09-12T14:58:45.766+0000] {processor.py:876} INFO - Executed callback for <TaskInstance: car_price_prediction.pipeline scheduled__2022-06-24T15:00:00+00:00 [up_for_retry]> in state up_for_retry
[2024-09-12T14:58:45.800+0000] {logging_mixin.py:190} INFO - [2024-09-12T14:58:45.790+0000] {taskinstance.py:3303} ERROR - {'DAG Id': 'car_price_prediction', 'Task Id': 'pipeline', 'Run Id': 'scheduled__2022-06-17T15:00:00+00:00', 'Hostname': '6d94a8a19157', 'External Executor Id': 'e7be6b3e-e042-4635-97d8-a9ffaccb3295'}
[2024-09-12T14:58:45.866+0000] {logging_mixin.py:190} INFO - Task instance in failure state
[2024-09-12T14:58:45.874+0000] {logging_mixin.py:190} INFO - Task start:2024-09-06 06:19:24.356861+00:00 end:2024-09-12 14:58:45.866428+00:00 duration:549561.509567
[2024-09-12T14:58:45.888+0000] {logging_mixin.py:190} INFO - Task:<Task(PythonOperator): pipeline> dag:<DAG: car_price_prediction> dagrun:<DagRun car_price_prediction @ 2022-06-17 15:00:00+00:00: scheduled__2022-06-17T15:00:00+00:00, state:running, queued_at: 2024-09-06 06:18:18.660495+00:00. externally triggered: False>
[2024-09-12T14:58:45.904+0000] {logging_mixin.py:190} INFO - Failure caused by {'DAG Id': 'car_price_prediction', 'Task Id': 'pipeline', 'Run Id': 'scheduled__2022-06-17T15:00:00+00:00', 'Hostname': '6d94a8a19157', 'External Executor Id': 'e7be6b3e-e042-4635-97d8-a9ffaccb3295'}
[2024-09-12T14:58:45.921+0000] {logging_mixin.py:190} INFO - [2024-09-12T14:58:45.920+0000] {taskinstance.py:1225} INFO - Marking task as UP_FOR_RETRY. dag_id=car_price_prediction, task_id=pipeline, run_id=scheduled__2022-06-17T15:00:00+00:00, execution_date=20220617T150000, start_date=20240906T061924, end_date=20240912T145845
[2024-09-12T14:58:45.985+0000] {logging_mixin.py:190} INFO - [2024-09-12T14:58:45.974+0000] {processor.py:876} INFO - Executed callback for <TaskInstance: car_price_prediction.pipeline scheduled__2022-06-17T15:00:00+00:00 [up_for_retry]> in state up_for_retry
[2024-09-12T14:58:46.009+0000] {logging_mixin.py:190} INFO - [2024-09-12T14:58:46.009+0000] {taskinstance.py:3303} ERROR - {'DAG Id': 'car_price_prediction', 'Task Id': 'pipeline', 'Run Id': 'scheduled__2022-06-12T15:00:00+00:00', 'Hostname': '6d94a8a19157', 'External Executor Id': '7d064837-3266-4547-aea3-cfa9fe870666'}
[2024-09-12T14:58:46.078+0000] {logging_mixin.py:190} INFO - Task instance in failure state
[2024-09-12T14:58:46.081+0000] {logging_mixin.py:190} INFO - Task start:2024-09-06 06:19:28.561266+00:00 end:2024-09-12 14:58:46.077786+00:00 duration:549557.51652
[2024-09-12T14:58:46.082+0000] {logging_mixin.py:190} INFO - Task:<Task(PythonOperator): pipeline> dag:<DAG: car_price_prediction> dagrun:<DagRun car_price_prediction @ 2022-06-12 15:00:00+00:00: scheduled__2022-06-12T15:00:00+00:00, state:running, queued_at: 2024-09-06 06:17:59.860026+00:00. externally triggered: False>
[2024-09-12T14:58:46.083+0000] {logging_mixin.py:190} INFO - Failure caused by {'DAG Id': 'car_price_prediction', 'Task Id': 'pipeline', 'Run Id': 'scheduled__2022-06-12T15:00:00+00:00', 'Hostname': '6d94a8a19157', 'External Executor Id': '7d064837-3266-4547-aea3-cfa9fe870666'}
[2024-09-12T14:58:46.085+0000] {logging_mixin.py:190} INFO - [2024-09-12T14:58:46.084+0000] {taskinstance.py:1225} INFO - Marking task as UP_FOR_RETRY. dag_id=car_price_prediction, task_id=pipeline, run_id=scheduled__2022-06-12T15:00:00+00:00, execution_date=20220612T150000, start_date=20240906T061928, end_date=20240912T145846
[2024-09-12T14:58:46.160+0000] {logging_mixin.py:190} INFO - [2024-09-12T14:58:46.160+0000] {processor.py:876} INFO - Executed callback for <TaskInstance: car_price_prediction.pipeline scheduled__2022-06-12T15:00:00+00:00 [up_for_retry]> in state up_for_retry
[2024-09-12T14:58:46.166+0000] {logging_mixin.py:190} INFO - [2024-09-12T14:58:46.165+0000] {taskinstance.py:3303} ERROR - {'DAG Id': 'car_price_prediction', 'Task Id': 'pipeline', 'Run Id': 'scheduled__2022-06-23T15:00:00+00:00', 'Hostname': '6d94a8a19157', 'External Executor Id': '61b3c047-f6c9-45a4-9fdd-5ea585770d87'}
[2024-09-12T14:58:46.234+0000] {logging_mixin.py:190} INFO - Task instance in failure state
[2024-09-12T14:58:46.244+0000] {logging_mixin.py:190} INFO - Task start:2024-09-06 06:19:27.573354+00:00 end:2024-09-12 14:58:46.233817+00:00 duration:549558.660463
[2024-09-12T14:58:46.245+0000] {logging_mixin.py:190} INFO - Task:<Task(PythonOperator): pipeline> dag:<DAG: car_price_prediction> dagrun:<DagRun car_price_prediction @ 2022-06-23 15:00:00+00:00: scheduled__2022-06-23T15:00:00+00:00, state:running, queued_at: 2024-09-06 06:18:26.362317+00:00. externally triggered: False>
[2024-09-12T14:58:46.245+0000] {logging_mixin.py:190} INFO - Failure caused by {'DAG Id': 'car_price_prediction', 'Task Id': 'pipeline', 'Run Id': 'scheduled__2022-06-23T15:00:00+00:00', 'Hostname': '6d94a8a19157', 'External Executor Id': '61b3c047-f6c9-45a4-9fdd-5ea585770d87'}
[2024-09-12T14:58:46.247+0000] {logging_mixin.py:190} INFO - [2024-09-12T14:58:46.247+0000] {taskinstance.py:1225} INFO - Marking task as UP_FOR_RETRY. dag_id=car_price_prediction, task_id=pipeline, run_id=scheduled__2022-06-23T15:00:00+00:00, execution_date=20220623T150000, start_date=20240906T061927, end_date=20240912T145846
[2024-09-12T14:58:46.302+0000] {logging_mixin.py:190} INFO - [2024-09-12T14:58:46.302+0000] {processor.py:876} INFO - Executed callback for <TaskInstance: car_price_prediction.pipeline scheduled__2022-06-23T15:00:00+00:00 [up_for_retry]> in state up_for_retry
[2024-09-12T14:58:46.321+0000] {logging_mixin.py:190} INFO - [2024-09-12T14:58:46.320+0000] {taskinstance.py:3303} ERROR - {'DAG Id': 'car_price_prediction', 'Task Id': 'pipeline', 'Run Id': 'scheduled__2022-06-21T15:00:00+00:00', 'Hostname': '6d94a8a19157', 'External Executor Id': '730b06d3-ce09-4da7-9ed3-74eab65d76b4'}
[2024-09-12T14:58:46.393+0000] {logging_mixin.py:190} INFO - Task instance in failure state
[2024-09-12T14:58:46.408+0000] {logging_mixin.py:190} INFO - Task start:2024-09-06 06:19:23.912347+00:00 end:2024-09-12 14:58:46.392746+00:00 duration:549562.480399
[2024-09-12T14:58:46.424+0000] {logging_mixin.py:190} INFO - Task:<Task(PythonOperator): pipeline> dag:<DAG: car_price_prediction> dagrun:<DagRun car_price_prediction @ 2022-06-21 15:00:00+00:00: scheduled__2022-06-21T15:00:00+00:00, state:running, queued_at: 2024-09-06 06:18:24.319273+00:00. externally triggered: False>
[2024-09-12T14:58:46.439+0000] {logging_mixin.py:190} INFO - Failure caused by {'DAG Id': 'car_price_prediction', 'Task Id': 'pipeline', 'Run Id': 'scheduled__2022-06-21T15:00:00+00:00', 'Hostname': '6d94a8a19157', 'External Executor Id': '730b06d3-ce09-4da7-9ed3-74eab65d76b4'}
[2024-09-12T14:58:46.459+0000] {logging_mixin.py:190} INFO - [2024-09-12T14:58:46.459+0000] {taskinstance.py:1225} INFO - Marking task as UP_FOR_RETRY. dag_id=car_price_prediction, task_id=pipeline, run_id=scheduled__2022-06-21T15:00:00+00:00, execution_date=20220621T150000, start_date=20240906T061923, end_date=20240912T145846
[2024-09-12T14:58:46.492+0000] {logging_mixin.py:190} INFO - [2024-09-12T14:58:46.492+0000] {processor.py:876} INFO - Executed callback for <TaskInstance: car_price_prediction.pipeline scheduled__2022-06-21T15:00:00+00:00 [up_for_retry]> in state up_for_retry
[2024-09-12T14:58:46.576+0000] {logging_mixin.py:190} INFO - [2024-09-12T14:58:46.574+0000] {dag.py:3211} INFO - Sync 1 DAGs
[2024-09-12T14:58:46.898+0000] {processor.py:208} INFO - Processing /opt/airflow/dags/hw_dag.py took 7.786 seconds
[2024-09-12T14:59:27.319+0000] {processor.py:186} INFO - Started process (PID=146) to work on /opt/airflow/dags/hw_dag.py
[2024-09-12T14:59:27.332+0000] {processor.py:914} INFO - Processing file /opt/airflow/dags/hw_dag.py for tasks to queue
[2024-09-12T14:59:27.346+0000] {logging_mixin.py:190} INFO - [2024-09-12T14:59:27.345+0000] {dagbag.py:587} INFO - Filling up the DagBag from /opt/airflow/dags/hw_dag.py
[2024-09-12T14:59:33.124+0000] {processor.py:925} INFO - DAG(s) 'car_price_prediction' retrieved from /opt/airflow/dags/hw_dag.py
[2024-09-12T14:59:33.215+0000] {logging_mixin.py:190} INFO - [2024-09-12T14:59:33.214+0000] {dag.py:3211} INFO - Sync 1 DAGs
[2024-09-12T14:59:33.354+0000] {logging_mixin.py:190} INFO - [2024-09-12T14:59:33.354+0000] {dag.py:4138} INFO - Setting next_dagrun for car_price_prediction to 2022-06-29 15:00:00+00:00, run_after=2022-06-30 15:00:00+00:00
[2024-09-12T14:59:33.535+0000] {processor.py:208} INFO - Processing /opt/airflow/dags/hw_dag.py took 6.239 seconds
[2024-09-12T15:00:16.696+0000] {processor.py:186} INFO - Started process (PID=212) to work on /opt/airflow/dags/hw_dag.py
[2024-09-12T15:00:16.748+0000] {processor.py:914} INFO - Processing file /opt/airflow/dags/hw_dag.py for tasks to queue
[2024-09-12T15:00:16.795+0000] {logging_mixin.py:190} INFO - [2024-09-12T15:00:16.794+0000] {dagbag.py:587} INFO - Filling up the DagBag from /opt/airflow/dags/hw_dag.py
[2024-09-12T15:00:26.159+0000] {processor.py:925} INFO - DAG(s) 'car_price_prediction' retrieved from /opt/airflow/dags/hw_dag.py
[2024-09-12T15:00:26.252+0000] {logging_mixin.py:190} INFO - [2024-09-12T15:00:26.251+0000] {dag.py:3211} INFO - Sync 1 DAGs
[2024-09-12T15:00:26.602+0000] {processor.py:208} INFO - Processing /opt/airflow/dags/hw_dag.py took 9.981 seconds
[2024-09-12T15:01:31.519+0000] {processor.py:186} INFO - Started process (PID=294) to work on /opt/airflow/dags/hw_dag.py
[2024-09-12T15:01:31.535+0000] {processor.py:914} INFO - Processing file /opt/airflow/dags/hw_dag.py for tasks to queue
[2024-09-12T15:01:31.568+0000] {logging_mixin.py:190} INFO - [2024-09-12T15:01:31.568+0000] {dagbag.py:587} INFO - Filling up the DagBag from /opt/airflow/dags/hw_dag.py
[2024-09-12T15:01:45.012+0000] {processor.py:925} INFO - DAG(s) 'car_price_prediction' retrieved from /opt/airflow/dags/hw_dag.py
[2024-09-12T15:01:45.216+0000] {logging_mixin.py:190} INFO - [2024-09-12T15:01:45.215+0000] {dag.py:3211} INFO - Sync 1 DAGs
[2024-09-12T15:01:45.498+0000] {logging_mixin.py:190} INFO - [2024-09-12T15:01:45.497+0000] {dag.py:4138} INFO - Setting next_dagrun for car_price_prediction to 2022-07-02 15:00:00+00:00, run_after=2022-07-03 15:00:00+00:00
[2024-09-12T15:01:45.731+0000] {processor.py:208} INFO - Processing /opt/airflow/dags/hw_dag.py took 14.378 seconds
[2024-09-12T15:02:21.129+0000] {processor.py:186} INFO - Started process (PID=337) to work on /opt/airflow/dags/hw_dag.py
[2024-09-12T15:02:21.157+0000] {processor.py:914} INFO - Processing file /opt/airflow/dags/hw_dag.py for tasks to queue
[2024-09-12T15:02:21.175+0000] {logging_mixin.py:190} INFO - [2024-09-12T15:02:21.174+0000] {dagbag.py:587} INFO - Filling up the DagBag from /opt/airflow/dags/hw_dag.py
[2024-09-12T15:03:46.770+0000] {processor.py:186} INFO - Started process (PID=391) to work on /opt/airflow/dags/hw_dag.py
[2024-09-12T15:03:46.784+0000] {processor.py:914} INFO - Processing file /opt/airflow/dags/hw_dag.py for tasks to queue
[2024-09-12T15:03:46.814+0000] {logging_mixin.py:190} INFO - [2024-09-12T15:03:46.786+0000] {dagbag.py:587} INFO - Filling up the DagBag from /opt/airflow/dags/hw_dag.py
[2024-09-12T15:03:56.972+0000] {processor.py:925} INFO - DAG(s) 'car_price_prediction' retrieved from /opt/airflow/dags/hw_dag.py
[2024-09-12T15:03:58.286+0000] {logging_mixin.py:190} INFO - [2024-09-12T15:03:58.285+0000] {dag.py:3211} INFO - Sync 1 DAGs
[2024-09-12T15:03:58.854+0000] {processor.py:208} INFO - Processing /opt/airflow/dags/hw_dag.py took 12.149 seconds
[2024-09-12T15:04:41.573+0000] {processor.py:186} INFO - Started process (PID=463) to work on /opt/airflow/dags/hw_dag.py
[2024-09-12T15:04:41.599+0000] {processor.py:914} INFO - Processing file /opt/airflow/dags/hw_dag.py for tasks to queue
[2024-09-12T15:04:41.611+0000] {logging_mixin.py:190} INFO - [2024-09-12T15:04:41.610+0000] {dagbag.py:587} INFO - Filling up the DagBag from /opt/airflow/dags/hw_dag.py
[2024-09-12T15:04:58.243+0000] {processor.py:925} INFO - DAG(s) 'car_price_prediction' retrieved from /opt/airflow/dags/hw_dag.py
[2024-09-12T15:04:58.466+0000] {logging_mixin.py:190} INFO - [2024-09-12T15:04:58.466+0000] {dag.py:3211} INFO - Sync 1 DAGs
[2024-09-12T15:04:59.077+0000] {processor.py:208} INFO - Processing /opt/airflow/dags/hw_dag.py took 17.577 seconds
[2024-09-12T15:05:37.183+0000] {processor.py:186} INFO - Started process (PID=524) to work on /opt/airflow/dags/hw_dag.py
[2024-09-12T15:05:37.188+0000] {processor.py:914} INFO - Processing file /opt/airflow/dags/hw_dag.py for tasks to queue
[2024-09-12T15:05:37.216+0000] {logging_mixin.py:190} INFO - [2024-09-12T15:05:37.215+0000] {dagbag.py:587} INFO - Filling up the DagBag from /opt/airflow/dags/hw_dag.py
[2024-09-12T15:06:00.317+0000] {processor.py:925} INFO - DAG(s) 'car_price_prediction' retrieved from /opt/airflow/dags/hw_dag.py
[2024-09-12T15:06:00.682+0000] {logging_mixin.py:190} INFO - [2024-09-12T15:06:00.681+0000] {dag.py:3211} INFO - Sync 1 DAGs
[2024-09-12T15:06:00.938+0000] {logging_mixin.py:190} INFO - [2024-09-12T15:06:00.938+0000] {dag.py:4138} INFO - Setting next_dagrun for car_price_prediction to 2022-07-12 15:00:00+00:00, run_after=2022-07-13 15:00:00+00:00
[2024-09-12T15:06:01.235+0000] {processor.py:208} INFO - Processing /opt/airflow/dags/hw_dag.py took 24.115 seconds
[2024-09-12T15:06:33.768+0000] {processor.py:186} INFO - Started process (PID=598) to work on /opt/airflow/dags/hw_dag.py
[2024-09-12T15:06:33.783+0000] {processor.py:914} INFO - Processing file /opt/airflow/dags/hw_dag.py for tasks to queue
[2024-09-12T15:06:33.793+0000] {logging_mixin.py:190} INFO - [2024-09-12T15:06:33.789+0000] {dagbag.py:587} INFO - Filling up the DagBag from /opt/airflow/dags/hw_dag.py
[2024-09-12T15:06:47.367+0000] {processor.py:925} INFO - DAG(s) 'car_price_prediction' retrieved from /opt/airflow/dags/hw_dag.py
[2024-09-12T15:06:47.627+0000] {logging_mixin.py:190} INFO - [2024-09-12T15:06:47.626+0000] {dag.py:3211} INFO - Sync 1 DAGs
[2024-09-12T15:06:48.247+0000] {logging_mixin.py:190} INFO - [2024-09-12T15:06:48.236+0000] {dag.py:4138} INFO - Setting next_dagrun for car_price_prediction to 2022-07-15 15:00:00+00:00, run_after=2022-07-16 15:00:00+00:00
[2024-09-12T15:06:48.753+0000] {processor.py:208} INFO - Processing /opt/airflow/dags/hw_dag.py took 15.016 seconds
[2024-09-12T15:07:34.628+0000] {processor.py:186} INFO - Started process (PID=659) to work on /opt/airflow/dags/hw_dag.py
[2024-09-12T15:07:34.643+0000] {processor.py:914} INFO - Processing file /opt/airflow/dags/hw_dag.py for tasks to queue
[2024-09-12T15:07:34.662+0000] {logging_mixin.py:190} INFO - [2024-09-12T15:07:34.661+0000] {dagbag.py:587} INFO - Filling up the DagBag from /opt/airflow/dags/hw_dag.py
[2024-09-12T15:07:57.189+0000] {processor.py:925} INFO - DAG(s) 'car_price_prediction' retrieved from /opt/airflow/dags/hw_dag.py
[2024-09-12T15:07:57.463+0000] {logging_mixin.py:190} INFO - [2024-09-12T15:07:57.438+0000] {dag.py:3211} INFO - Sync 1 DAGs
[2024-09-12T15:07:57.910+0000] {processor.py:208} INFO - Processing /opt/airflow/dags/hw_dag.py took 23.381 seconds
[2024-09-12T15:09:03.919+0000] {processor.py:186} INFO - Started process (PID=748) to work on /opt/airflow/dags/hw_dag.py
[2024-09-12T15:09:03.939+0000] {processor.py:914} INFO - Processing file /opt/airflow/dags/hw_dag.py for tasks to queue
[2024-09-12T15:09:03.956+0000] {logging_mixin.py:190} INFO - [2024-09-12T15:09:03.956+0000] {dagbag.py:587} INFO - Filling up the DagBag from /opt/airflow/dags/hw_dag.py
[2024-09-12T15:09:19.181+0000] {processor.py:925} INFO - DAG(s) 'car_price_prediction' retrieved from /opt/airflow/dags/hw_dag.py
[2024-09-12T15:09:19.332+0000] {logging_mixin.py:190} INFO - [2024-09-12T15:09:19.331+0000] {dag.py:3211} INFO - Sync 1 DAGs
[2024-09-12T15:09:19.586+0000] {logging_mixin.py:190} INFO - [2024-09-12T15:09:19.586+0000] {dag.py:4138} INFO - Setting next_dagrun for car_price_prediction to 2022-07-17 15:00:00+00:00, run_after=2022-07-18 15:00:00+00:00
[2024-09-12T15:09:19.875+0000] {processor.py:208} INFO - Processing /opt/airflow/dags/hw_dag.py took 16.170 seconds
[2024-09-12T15:10:15.492+0000] {processor.py:186} INFO - Started process (PID=827) to work on /opt/airflow/dags/hw_dag.py
[2024-09-12T15:10:15.495+0000] {processor.py:914} INFO - Processing file /opt/airflow/dags/hw_dag.py for tasks to queue
[2024-09-12T15:10:15.511+0000] {logging_mixin.py:190} INFO - [2024-09-12T15:10:15.510+0000] {dagbag.py:587} INFO - Filling up the DagBag from /opt/airflow/dags/hw_dag.py
[2024-09-12T15:10:34.614+0000] {processor.py:925} INFO - DAG(s) 'car_price_prediction' retrieved from /opt/airflow/dags/hw_dag.py
[2024-09-12T15:10:34.929+0000] {logging_mixin.py:190} INFO - [2024-09-12T15:10:34.928+0000] {dag.py:3211} INFO - Sync 1 DAGs
[2024-09-12T15:10:35.417+0000] {processor.py:208} INFO - Processing /opt/airflow/dags/hw_dag.py took 19.997 seconds
[2024-09-12T15:11:13.067+0000] {processor.py:186} INFO - Started process (PID=902) to work on /opt/airflow/dags/hw_dag.py
[2024-09-12T15:11:13.104+0000] {processor.py:914} INFO - Processing file /opt/airflow/dags/hw_dag.py for tasks to queue
[2024-09-12T15:11:13.132+0000] {logging_mixin.py:190} INFO - [2024-09-12T15:11:13.132+0000] {dagbag.py:587} INFO - Filling up the DagBag from /opt/airflow/dags/hw_dag.py
[2024-09-12T15:11:25.694+0000] {processor.py:925} INFO - DAG(s) 'car_price_prediction' retrieved from /opt/airflow/dags/hw_dag.py
[2024-09-12T15:11:25.821+0000] {logging_mixin.py:190} INFO - [2024-09-12T15:11:25.821+0000] {dag.py:3211} INFO - Sync 1 DAGs
[2024-09-12T15:11:26.424+0000] {processor.py:208} INFO - Processing /opt/airflow/dags/hw_dag.py took 13.377 seconds
[2024-09-12T15:14:53.105+0000] {processor.py:186} INFO - Started process (PID=73) to work on /opt/airflow/dags/hw_dag.py
[2024-09-12T15:14:53.140+0000] {processor.py:914} INFO - Processing file /opt/airflow/dags/hw_dag.py for tasks to queue
[2024-09-12T15:14:53.187+0000] {logging_mixin.py:190} INFO - [2024-09-12T15:14:53.186+0000] {dagbag.py:587} INFO - Filling up the DagBag from /opt/airflow/dags/hw_dag.py
[2024-09-12T15:14:59.044+0000] {processor.py:925} INFO - DAG(s) 'car_price_prediction' retrieved from /opt/airflow/dags/hw_dag.py
[2024-09-12T15:14:59.194+0000] {logging_mixin.py:190} INFO - [2024-09-12T15:14:59.194+0000] {dag.py:3211} INFO - Sync 1 DAGs
[2024-09-12T15:14:59.582+0000] {processor.py:208} INFO - Processing /opt/airflow/dags/hw_dag.py took 6.541 seconds
[2024-09-12T15:15:44.337+0000] {processor.py:186} INFO - Started process (PID=143) to work on /opt/airflow/dags/hw_dag.py
[2024-09-12T15:15:44.367+0000] {processor.py:914} INFO - Processing file /opt/airflow/dags/hw_dag.py for tasks to queue
[2024-09-12T15:15:44.381+0000] {logging_mixin.py:190} INFO - [2024-09-12T15:15:44.381+0000] {dagbag.py:587} INFO - Filling up the DagBag from /opt/airflow/dags/hw_dag.py
[2024-09-12T15:15:54.052+0000] {processor.py:925} INFO - DAG(s) 'car_price_prediction' retrieved from /opt/airflow/dags/hw_dag.py
[2024-09-12T15:15:54.439+0000] {logging_mixin.py:190} INFO - [2024-09-12T15:15:54.438+0000] {dag.py:3211} INFO - Sync 1 DAGs
[2024-09-12T15:15:55.225+0000] {processor.py:208} INFO - Processing /opt/airflow/dags/hw_dag.py took 11.017 seconds
[2024-09-12T15:16:46.507+0000] {processor.py:186} INFO - Started process (PID=204) to work on /opt/airflow/dags/hw_dag.py
[2024-09-12T15:16:46.587+0000] {processor.py:914} INFO - Processing file /opt/airflow/dags/hw_dag.py for tasks to queue
[2024-09-12T15:16:46.646+0000] {logging_mixin.py:190} INFO - [2024-09-12T15:16:46.645+0000] {dagbag.py:587} INFO - Filling up the DagBag from /opt/airflow/dags/hw_dag.py
[2024-09-12T15:16:58.986+0000] {processor.py:925} INFO - DAG(s) 'car_price_prediction' retrieved from /opt/airflow/dags/hw_dag.py
[2024-09-12T15:16:59.269+0000] {logging_mixin.py:190} INFO - [2024-09-12T15:16:59.268+0000] {dag.py:3211} INFO - Sync 1 DAGs
[2024-09-12T15:16:59.900+0000] {processor.py:208} INFO - Processing /opt/airflow/dags/hw_dag.py took 13.648 seconds
[2024-09-12T15:17:10.270+0000] {processor.py:186} INFO - Started process (PID=229) to work on /opt/airflow/dags/hw_dag.py
[2024-09-12T15:17:10.298+0000] {processor.py:914} INFO - Processing file /opt/airflow/dags/hw_dag.py for tasks to queue
[2024-09-12T15:17:10.316+0000] {logging_mixin.py:190} INFO - [2024-09-12T15:17:10.315+0000] {dagbag.py:587} INFO - Filling up the DagBag from /opt/airflow/dags/hw_dag.py
[2024-09-12T15:17:20.094+0000] {processor.py:925} INFO - DAG(s) 'car_price_prediction' retrieved from /opt/airflow/dags/hw_dag.py
[2024-09-12T15:17:20.426+0000] {logging_mixin.py:190} INFO - [2024-09-12T15:17:20.425+0000] {taskinstance.py:3303} ERROR - {'DAG Id': 'car_price_prediction', 'Task Id': 'pipeline', 'Run Id': 'scheduled__2022-06-29T15:00:00+00:00', 'Hostname': '6d94a8a19157', 'External Executor Id': '811c4f27-b2b1-4df9-ac5b-e4d344688f18'}
[2024-09-12T15:17:20.768+0000] {logging_mixin.py:190} INFO - Task instance in failure state
[2024-09-12T15:17:20.770+0000] {logging_mixin.py:190} INFO - Task start:2024-09-12 15:00:33.616484+00:00 end:2024-09-12 15:17:20.767914+00:00 duration:1007.15143
[2024-09-12T15:17:20.774+0000] {logging_mixin.py:190} INFO - Task:<Task(PythonOperator): pipeline> dag:<DAG: car_price_prediction> dagrun:<DagRun car_price_prediction @ 2022-06-29 15:00:00+00:00: scheduled__2022-06-29T15:00:00+00:00, state:running, queued_at: 2024-09-12 14:59:33.677774+00:00. externally triggered: False>
[2024-09-12T15:17:20.792+0000] {logging_mixin.py:190} INFO - Failure caused by {'DAG Id': 'car_price_prediction', 'Task Id': 'pipeline', 'Run Id': 'scheduled__2022-06-29T15:00:00+00:00', 'Hostname': '6d94a8a19157', 'External Executor Id': '811c4f27-b2b1-4df9-ac5b-e4d344688f18'}
[2024-09-12T15:17:20.809+0000] {logging_mixin.py:190} INFO - [2024-09-12T15:17:20.808+0000] {taskinstance.py:1225} INFO - Marking task as UP_FOR_RETRY. dag_id=car_price_prediction, task_id=pipeline, run_id=scheduled__2022-06-29T15:00:00+00:00, execution_date=20220629T150000, start_date=20240912T150033, end_date=20240912T151720
[2024-09-12T15:17:20.985+0000] {logging_mixin.py:190} INFO - [2024-09-12T15:17:20.984+0000] {processor.py:876} INFO - Executed callback for <TaskInstance: car_price_prediction.pipeline scheduled__2022-06-29T15:00:00+00:00 [up_for_retry]> in state up_for_retry
[2024-09-12T15:17:21.005+0000] {logging_mixin.py:190} INFO - [2024-09-12T15:17:21.005+0000] {taskinstance.py:3303} ERROR - {'DAG Id': 'car_price_prediction', 'Task Id': 'pipeline', 'Run Id': 'scheduled__2022-06-17T15:00:00+00:00', 'Hostname': '6d94a8a19157', 'External Executor Id': '8ae076b6-3286-4cae-ab31-82fe5455aa69'}
[2024-09-12T15:17:21.086+0000] {logging_mixin.py:190} INFO - Task instance in failure state
[2024-09-12T15:17:21.089+0000] {logging_mixin.py:190} INFO - Task start:2024-09-12 15:01:11.011396+00:00 end:2024-09-12 15:17:21.040524+00:00 duration:970.029128
[2024-09-12T15:17:21.090+0000] {logging_mixin.py:190} INFO - Task:<Task(PythonOperator): pipeline> dag:<DAG: car_price_prediction> dagrun:<DagRun car_price_prediction @ 2022-06-17 15:00:00+00:00: scheduled__2022-06-17T15:00:00+00:00, state:running, queued_at: 2024-09-06 06:18:18.660495+00:00. externally triggered: False>
[2024-09-12T15:17:21.091+0000] {logging_mixin.py:190} INFO - Failure caused by {'DAG Id': 'car_price_prediction', 'Task Id': 'pipeline', 'Run Id': 'scheduled__2022-06-17T15:00:00+00:00', 'Hostname': '6d94a8a19157', 'External Executor Id': '8ae076b6-3286-4cae-ab31-82fe5455aa69'}
[2024-09-12T15:17:21.093+0000] {logging_mixin.py:190} INFO - [2024-09-12T15:17:21.092+0000] {taskinstance.py:1225} INFO - Marking task as FAILED. dag_id=car_price_prediction, task_id=pipeline, run_id=scheduled__2022-06-17T15:00:00+00:00, execution_date=20220617T150000, start_date=20240912T150111, end_date=20240912T151721
[2024-09-12T15:17:21.144+0000] {logging_mixin.py:190} INFO - [2024-09-12T15:17:21.143+0000] {processor.py:876} INFO - Executed callback for <TaskInstance: car_price_prediction.pipeline scheduled__2022-06-17T15:00:00+00:00 [failed]> in state failed
[2024-09-12T15:17:21.191+0000] {logging_mixin.py:190} INFO - [2024-09-12T15:17:21.190+0000] {taskinstance.py:3303} ERROR - {'DAG Id': 'car_price_prediction', 'Task Id': 'pipeline', 'Run Id': 'scheduled__2022-06-18T15:00:00+00:00', 'Hostname': '6d94a8a19157', 'External Executor Id': 'e82ccc08-228c-4ec6-8489-1e4c40f73d6c'}
[2024-09-12T15:17:21.248+0000] {logging_mixin.py:190} INFO - Task instance in failure state
[2024-09-12T15:17:21.263+0000] {logging_mixin.py:190} INFO - Task start:2024-09-12 15:01:14.630615+00:00 end:2024-09-12 15:17:21.220436+00:00 duration:966.589821
[2024-09-12T15:17:21.265+0000] {logging_mixin.py:190} INFO - Task:<Task(PythonOperator): pipeline> dag:<DAG: car_price_prediction> dagrun:<DagRun car_price_prediction @ 2022-06-18 15:00:00+00:00: scheduled__2022-06-18T15:00:00+00:00, state:running, queued_at: 2024-09-06 06:18:20.727491+00:00. externally triggered: False>
[2024-09-12T15:17:21.266+0000] {logging_mixin.py:190} INFO - Failure caused by {'DAG Id': 'car_price_prediction', 'Task Id': 'pipeline', 'Run Id': 'scheduled__2022-06-18T15:00:00+00:00', 'Hostname': '6d94a8a19157', 'External Executor Id': 'e82ccc08-228c-4ec6-8489-1e4c40f73d6c'}
[2024-09-12T15:17:21.268+0000] {logging_mixin.py:190} INFO - [2024-09-12T15:17:21.267+0000] {taskinstance.py:1225} INFO - Marking task as FAILED. dag_id=car_price_prediction, task_id=pipeline, run_id=scheduled__2022-06-18T15:00:00+00:00, execution_date=20220618T150000, start_date=20240912T150114, end_date=20240912T151721
[2024-09-12T15:17:21.337+0000] {logging_mixin.py:190} INFO - [2024-09-12T15:17:21.336+0000] {processor.py:876} INFO - Executed callback for <TaskInstance: car_price_prediction.pipeline scheduled__2022-06-18T15:00:00+00:00 [failed]> in state failed
[2024-09-12T15:17:21.373+0000] {logging_mixin.py:190} INFO - [2024-09-12T15:17:21.373+0000] {taskinstance.py:3303} ERROR - {'DAG Id': 'car_price_prediction', 'Task Id': 'pipeline', 'Run Id': 'scheduled__2022-06-16T15:00:00+00:00', 'Hostname': '6d94a8a19157', 'External Executor Id': 'afd7235e-20dd-4a81-a45d-f4380d6369e1'}
[2024-09-12T15:17:21.449+0000] {logging_mixin.py:190} INFO - Task instance in failure state
[2024-09-12T15:17:21.481+0000] {logging_mixin.py:190} INFO - Task start:2024-09-12 15:01:06.894978+00:00 end:2024-09-12 15:17:21.413406+00:00 duration:974.518428
[2024-09-12T15:17:21.497+0000] {logging_mixin.py:190} INFO - Task:<Task(PythonOperator): pipeline> dag:<DAG: car_price_prediction> dagrun:<DagRun car_price_prediction @ 2022-06-16 15:00:00+00:00: scheduled__2022-06-16T15:00:00+00:00, state:running, queued_at: 2024-09-06 06:18:15.472376+00:00. externally triggered: False>
[2024-09-12T15:17:21.515+0000] {logging_mixin.py:190} INFO - Failure caused by {'DAG Id': 'car_price_prediction', 'Task Id': 'pipeline', 'Run Id': 'scheduled__2022-06-16T15:00:00+00:00', 'Hostname': '6d94a8a19157', 'External Executor Id': 'afd7235e-20dd-4a81-a45d-f4380d6369e1'}
[2024-09-12T15:17:21.527+0000] {logging_mixin.py:190} INFO - [2024-09-12T15:17:21.525+0000] {taskinstance.py:1225} INFO - Marking task as FAILED. dag_id=car_price_prediction, task_id=pipeline, run_id=scheduled__2022-06-16T15:00:00+00:00, execution_date=20220616T150000, start_date=20240912T150106, end_date=20240912T151721
[2024-09-12T15:17:21.568+0000] {logging_mixin.py:190} INFO - [2024-09-12T15:17:21.568+0000] {processor.py:876} INFO - Executed callback for <TaskInstance: car_price_prediction.pipeline scheduled__2022-06-16T15:00:00+00:00 [failed]> in state failed
[2024-09-12T15:17:21.591+0000] {logging_mixin.py:190} INFO - [2024-09-12T15:17:21.590+0000] {taskinstance.py:3303} ERROR - {'DAG Id': 'car_price_prediction', 'Task Id': 'pipeline', 'Run Id': 'scheduled__2022-06-21T15:00:00+00:00', 'Hostname': '6d94a8a19157', 'External Executor Id': '4d01b827-318f-41bd-92c4-5dab237b5c0c'}
[2024-09-12T15:17:21.639+0000] {logging_mixin.py:190} INFO - Task instance in failure state
[2024-09-12T15:17:21.657+0000] {logging_mixin.py:190} INFO - Task start:2024-09-12 15:02:59.822986+00:00 end:2024-09-12 15:17:21.620388+00:00 duration:861.797402
[2024-09-12T15:17:21.673+0000] {logging_mixin.py:190} INFO - Task:<Task(PythonOperator): pipeline> dag:<DAG: car_price_prediction> dagrun:<DagRun car_price_prediction @ 2022-06-21 15:00:00+00:00: scheduled__2022-06-21T15:00:00+00:00, state:running, queued_at: 2024-09-06 06:18:24.319273+00:00. externally triggered: False>
[2024-09-12T15:17:21.673+0000] {logging_mixin.py:190} INFO - Failure caused by {'DAG Id': 'car_price_prediction', 'Task Id': 'pipeline', 'Run Id': 'scheduled__2022-06-21T15:00:00+00:00', 'Hostname': '6d94a8a19157', 'External Executor Id': '4d01b827-318f-41bd-92c4-5dab237b5c0c'}
[2024-09-12T15:17:21.675+0000] {logging_mixin.py:190} INFO - [2024-09-12T15:17:21.674+0000] {taskinstance.py:1225} INFO - Marking task as FAILED. dag_id=car_price_prediction, task_id=pipeline, run_id=scheduled__2022-06-21T15:00:00+00:00, execution_date=20220621T150000, start_date=20240912T150259, end_date=20240912T151721
[2024-09-12T15:17:21.709+0000] {logging_mixin.py:190} INFO - [2024-09-12T15:17:21.709+0000] {processor.py:876} INFO - Executed callback for <TaskInstance: car_price_prediction.pipeline scheduled__2022-06-21T15:00:00+00:00 [failed]> in state failed
[2024-09-12T15:17:21.758+0000] {logging_mixin.py:190} INFO - [2024-09-12T15:17:21.757+0000] {taskinstance.py:3303} ERROR - {'DAG Id': 'car_price_prediction', 'Task Id': 'pipeline', 'Run Id': 'scheduled__2022-06-25T15:00:00+00:00', 'Hostname': '6d94a8a19157', 'External Executor Id': '12cd705e-c450-457f-90bf-34b113e079d0'}
[2024-09-12T15:17:21.856+0000] {logging_mixin.py:190} INFO - Task instance in failure state
[2024-09-12T15:17:21.888+0000] {logging_mixin.py:190} INFO - Task start:2024-09-12 15:02:03.249021+00:00 end:2024-09-12 15:17:21.802908+00:00 duration:918.553887
[2024-09-12T15:17:21.914+0000] {logging_mixin.py:190} INFO - Task:<Task(PythonOperator): pipeline> dag:<DAG: car_price_prediction> dagrun:<DagRun car_price_prediction @ 2022-06-25 15:00:00+00:00: scheduled__2022-06-25T15:00:00+00:00, state:running, queued_at: 2024-09-12 14:58:28.847373+00:00. externally triggered: False>
[2024-09-12T15:17:21.915+0000] {logging_mixin.py:190} INFO - Failure caused by {'DAG Id': 'car_price_prediction', 'Task Id': 'pipeline', 'Run Id': 'scheduled__2022-06-25T15:00:00+00:00', 'Hostname': '6d94a8a19157', 'External Executor Id': '12cd705e-c450-457f-90bf-34b113e079d0'}
[2024-09-12T15:17:21.916+0000] {logging_mixin.py:190} INFO - [2024-09-12T15:17:21.916+0000] {taskinstance.py:1225} INFO - Marking task as FAILED. dag_id=car_price_prediction, task_id=pipeline, run_id=scheduled__2022-06-25T15:00:00+00:00, execution_date=20220625T150000, start_date=20240912T150203, end_date=20240912T151721
[2024-09-12T15:17:21.993+0000] {logging_mixin.py:190} INFO - [2024-09-12T15:17:21.992+0000] {processor.py:876} INFO - Executed callback for <TaskInstance: car_price_prediction.pipeline scheduled__2022-06-25T15:00:00+00:00 [failed]> in state failed
[2024-09-12T15:17:21.997+0000] {logging_mixin.py:190} INFO - [2024-09-12T15:17:21.997+0000] {taskinstance.py:3303} ERROR - {'DAG Id': 'car_price_prediction', 'Task Id': 'pipeline', 'Run Id': 'scheduled__2022-06-28T15:00:00+00:00', 'Hostname': '6d94a8a19157', 'External Executor Id': '8d080ef1-0955-492b-9588-b67c8006cdf9'}
[2024-09-12T15:17:22.142+0000] {logging_mixin.py:190} INFO - Task instance in failure state
[2024-09-12T15:17:22.143+0000] {logging_mixin.py:190} INFO - Task start:2024-09-12 14:59:46.772392+00:00 end:2024-09-12 15:17:22.140701+00:00 duration:1055.368309
[2024-09-12T15:17:22.143+0000] {logging_mixin.py:190} INFO - Task:<Task(PythonOperator): pipeline> dag:<DAG: car_price_prediction> dagrun:<DagRun car_price_prediction @ 2022-06-28 15:00:00+00:00: scheduled__2022-06-28T15:00:00+00:00, state:running, queued_at: 2024-09-12 14:58:40.091934+00:00. externally triggered: False>
[2024-09-12T15:17:22.144+0000] {logging_mixin.py:190} INFO - Failure caused by {'DAG Id': 'car_price_prediction', 'Task Id': 'pipeline', 'Run Id': 'scheduled__2022-06-28T15:00:00+00:00', 'Hostname': '6d94a8a19157', 'External Executor Id': '8d080ef1-0955-492b-9588-b67c8006cdf9'}
[2024-09-12T15:17:22.145+0000] {logging_mixin.py:190} INFO - [2024-09-12T15:17:22.145+0000] {taskinstance.py:1225} INFO - Marking task as UP_FOR_RETRY. dag_id=car_price_prediction, task_id=pipeline, run_id=scheduled__2022-06-28T15:00:00+00:00, execution_date=20220628T150000, start_date=20240912T145946, end_date=20240912T151722
[2024-09-12T15:17:22.237+0000] {logging_mixin.py:190} INFO - [2024-09-12T15:17:22.236+0000] {processor.py:876} INFO - Executed callback for <TaskInstance: car_price_prediction.pipeline scheduled__2022-06-28T15:00:00+00:00 [up_for_retry]> in state up_for_retry
[2024-09-12T15:17:22.255+0000] {logging_mixin.py:190} INFO - [2024-09-12T15:17:22.253+0000] {taskinstance.py:3303} ERROR - {'DAG Id': 'car_price_prediction', 'Task Id': 'pipeline', 'Run Id': 'scheduled__2022-06-27T15:00:00+00:00', 'Hostname': '6d94a8a19157', 'External Executor Id': 'ce1dd87d-0baa-4bc4-86a0-18bb2d65e0b0'}
[2024-09-12T15:17:22.484+0000] {logging_mixin.py:190} INFO - Task instance in failure state
[2024-09-12T15:17:22.489+0000] {logging_mixin.py:190} INFO - Task start:2024-09-12 15:01:56.224299+00:00 end:2024-09-12 15:17:22.315318+00:00 duration:926.091019
[2024-09-12T15:17:22.490+0000] {logging_mixin.py:190} INFO - Task:<Task(PythonOperator): pipeline> dag:<DAG: car_price_prediction> dagrun:<DagRun car_price_prediction @ 2022-06-27 15:00:00+00:00: scheduled__2022-06-27T15:00:00+00:00, state:running, queued_at: 2024-09-12 14:58:33.887617+00:00. externally triggered: False>
[2024-09-12T15:17:22.491+0000] {logging_mixin.py:190} INFO - Failure caused by {'DAG Id': 'car_price_prediction', 'Task Id': 'pipeline', 'Run Id': 'scheduled__2022-06-27T15:00:00+00:00', 'Hostname': '6d94a8a19157', 'External Executor Id': 'ce1dd87d-0baa-4bc4-86a0-18bb2d65e0b0'}
[2024-09-12T15:17:22.504+0000] {logging_mixin.py:190} INFO - [2024-09-12T15:17:22.503+0000] {taskinstance.py:1225} INFO - Marking task as FAILED. dag_id=car_price_prediction, task_id=pipeline, run_id=scheduled__2022-06-27T15:00:00+00:00, execution_date=20220627T150000, start_date=20240912T150156, end_date=20240912T151722
[2024-09-12T15:17:22.588+0000] {logging_mixin.py:190} INFO - [2024-09-12T15:17:22.587+0000] {processor.py:876} INFO - Executed callback for <TaskInstance: car_price_prediction.pipeline scheduled__2022-06-27T15:00:00+00:00 [failed]> in state failed
[2024-09-12T15:17:22.604+0000] {logging_mixin.py:190} INFO - [2024-09-12T15:17:22.604+0000] {taskinstance.py:3303} ERROR - {'DAG Id': 'car_price_prediction', 'Task Id': 'pipeline', 'Run Id': 'scheduled__2022-06-29T15:00:00+00:00', 'Hostname': '6d94a8a19157', 'External Executor Id': '811c4f27-b2b1-4df9-ac5b-e4d344688f18'}
[2024-09-12T15:17:22.662+0000] {logging_mixin.py:190} INFO - Task instance in failure state
[2024-09-12T15:17:22.713+0000] {logging_mixin.py:190} INFO - Task start:2024-09-12 15:00:33.616484+00:00 end:2024-09-12 15:17:22.637707+00:00 duration:1009.021223
[2024-09-12T15:17:22.717+0000] {logging_mixin.py:190} INFO - Task:<Task(PythonOperator): pipeline> dag:<DAG: car_price_prediction> dagrun:<DagRun car_price_prediction @ 2022-06-29 15:00:00+00:00: scheduled__2022-06-29T15:00:00+00:00, state:running, queued_at: 2024-09-12 14:59:33.677774+00:00. externally triggered: False>
[2024-09-12T15:17:22.729+0000] {logging_mixin.py:190} INFO - Failure caused by {'DAG Id': 'car_price_prediction', 'Task Id': 'pipeline', 'Run Id': 'scheduled__2022-06-29T15:00:00+00:00', 'Hostname': '6d94a8a19157', 'External Executor Id': '811c4f27-b2b1-4df9-ac5b-e4d344688f18'}
[2024-09-12T15:17:22.746+0000] {logging_mixin.py:190} INFO - [2024-09-12T15:17:22.745+0000] {taskinstance.py:1225} INFO - Marking task as UP_FOR_RETRY. dag_id=car_price_prediction, task_id=pipeline, run_id=scheduled__2022-06-29T15:00:00+00:00, execution_date=20220629T150000, start_date=20240912T150033, end_date=20240912T151722
[2024-09-12T15:17:22.811+0000] {logging_mixin.py:190} INFO - [2024-09-12T15:17:22.810+0000] {processor.py:876} INFO - Executed callback for <TaskInstance: car_price_prediction.pipeline scheduled__2022-06-29T15:00:00+00:00 [up_for_retry]> in state up_for_retry
[2024-09-12T15:17:22.932+0000] {logging_mixin.py:190} INFO - [2024-09-12T15:17:22.931+0000] {dag.py:3211} INFO - Sync 1 DAGs
[2024-09-12T15:17:23.396+0000] {processor.py:208} INFO - Processing /opt/airflow/dags/hw_dag.py took 13.301 seconds
[2024-09-12T15:17:59.830+0000] {processor.py:186} INFO - Started process (PID=292) to work on /opt/airflow/dags/hw_dag.py
[2024-09-12T15:17:59.846+0000] {processor.py:914} INFO - Processing file /opt/airflow/dags/hw_dag.py for tasks to queue
[2024-09-12T15:17:59.876+0000] {logging_mixin.py:190} INFO - [2024-09-12T15:17:59.875+0000] {dagbag.py:587} INFO - Filling up the DagBag from /opt/airflow/dags/hw_dag.py
[2024-09-12T15:18:09.673+0000] {processor.py:925} INFO - DAG(s) 'car_price_prediction' retrieved from /opt/airflow/dags/hw_dag.py
[2024-09-12T15:18:09.971+0000] {logging_mixin.py:190} INFO - [2024-09-12T15:18:09.970+0000] {taskinstance.py:3303} ERROR - {'DAG Id': 'car_price_prediction', 'Task Id': 'pipeline', 'Run Id': 'scheduled__2022-06-17T15:00:00+00:00', 'Hostname': '6d94a8a19157', 'External Executor Id': '8ae076b6-3286-4cae-ab31-82fe5455aa69'}
[2024-09-12T15:18:10.180+0000] {logging_mixin.py:190} INFO - Task instance in failure state
[2024-09-12T15:18:10.194+0000] {logging_mixin.py:190} INFO - Task start:2024-09-12 15:01:11.011396+00:00 end:2024-09-12 15:18:10.083404+00:00 duration:1019.072008
[2024-09-12T15:18:10.204+0000] {logging_mixin.py:190} INFO - Task:<Task(PythonOperator): pipeline> dag:<DAG: car_price_prediction> dagrun:<DagRun car_price_prediction @ 2022-06-17 15:00:00+00:00: scheduled__2022-06-17T15:00:00+00:00, state:failed, queued_at: 2024-09-06 06:18:18.660495+00:00. externally triggered: False>
[2024-09-12T15:18:10.206+0000] {logging_mixin.py:190} INFO - Failure caused by {'DAG Id': 'car_price_prediction', 'Task Id': 'pipeline', 'Run Id': 'scheduled__2022-06-17T15:00:00+00:00', 'Hostname': '6d94a8a19157', 'External Executor Id': '8ae076b6-3286-4cae-ab31-82fe5455aa69'}
[2024-09-12T15:18:10.215+0000] {logging_mixin.py:190} INFO - [2024-09-12T15:18:10.214+0000] {taskinstance.py:1225} INFO - Marking task as FAILED. dag_id=car_price_prediction, task_id=pipeline, run_id=scheduled__2022-06-17T15:00:00+00:00, execution_date=20220617T150000, start_date=20240912T150111, end_date=20240912T151810
[2024-09-12T15:18:10.377+0000] {logging_mixin.py:190} INFO - [2024-09-12T15:18:10.376+0000] {processor.py:876} INFO - Executed callback for <TaskInstance: car_price_prediction.pipeline scheduled__2022-06-17T15:00:00+00:00 [failed]> in state failed
[2024-09-12T15:18:10.466+0000] {logging_mixin.py:190} INFO - [2024-09-12T15:18:10.466+0000] {taskinstance.py:3303} ERROR - {'DAG Id': 'car_price_prediction', 'Task Id': 'pipeline', 'Run Id': 'scheduled__2022-06-18T15:00:00+00:00', 'Hostname': '6d94a8a19157', 'External Executor Id': 'e82ccc08-228c-4ec6-8489-1e4c40f73d6c'}
[2024-09-12T15:18:10.569+0000] {logging_mixin.py:190} INFO - Task instance in failure state
[2024-09-12T15:18:10.590+0000] {logging_mixin.py:190} INFO - Task start:2024-09-12 15:01:14.630615+00:00 end:2024-09-12 15:18:10.503943+00:00 duration:1015.873328
[2024-09-12T15:18:10.602+0000] {logging_mixin.py:190} INFO - Task:<Task(PythonOperator): pipeline> dag:<DAG: car_price_prediction> dagrun:<DagRun car_price_prediction @ 2022-06-18 15:00:00+00:00: scheduled__2022-06-18T15:00:00+00:00, state:failed, queued_at: 2024-09-06 06:18:20.727491+00:00. externally triggered: False>
[2024-09-12T15:18:10.618+0000] {logging_mixin.py:190} INFO - Failure caused by {'DAG Id': 'car_price_prediction', 'Task Id': 'pipeline', 'Run Id': 'scheduled__2022-06-18T15:00:00+00:00', 'Hostname': '6d94a8a19157', 'External Executor Id': 'e82ccc08-228c-4ec6-8489-1e4c40f73d6c'}
[2024-09-12T15:18:10.634+0000] {logging_mixin.py:190} INFO - [2024-09-12T15:18:10.634+0000] {taskinstance.py:1225} INFO - Marking task as FAILED. dag_id=car_price_prediction, task_id=pipeline, run_id=scheduled__2022-06-18T15:00:00+00:00, execution_date=20220618T150000, start_date=20240912T150114, end_date=20240912T151810
[2024-09-12T15:18:10.671+0000] {logging_mixin.py:190} INFO - [2024-09-12T15:18:10.670+0000] {processor.py:876} INFO - Executed callback for <TaskInstance: car_price_prediction.pipeline scheduled__2022-06-18T15:00:00+00:00 [failed]> in state failed
[2024-09-12T15:18:10.719+0000] {logging_mixin.py:190} INFO - [2024-09-12T15:18:10.719+0000] {taskinstance.py:3303} ERROR - {'DAG Id': 'car_price_prediction', 'Task Id': 'pipeline', 'Run Id': 'scheduled__2022-06-16T15:00:00+00:00', 'Hostname': '6d94a8a19157', 'External Executor Id': 'afd7235e-20dd-4a81-a45d-f4380d6369e1'}
[2024-09-12T15:18:10.771+0000] {logging_mixin.py:190} INFO - Task instance in failure state
[2024-09-12T15:18:10.777+0000] {logging_mixin.py:190} INFO - Task start:2024-09-12 15:01:06.894978+00:00 end:2024-09-12 15:18:10.726230+00:00 duration:1023.831252
[2024-09-12T15:18:10.786+0000] {logging_mixin.py:190} INFO - Task:<Task(PythonOperator): pipeline> dag:<DAG: car_price_prediction> dagrun:<DagRun car_price_prediction @ 2022-06-16 15:00:00+00:00: scheduled__2022-06-16T15:00:00+00:00, state:failed, queued_at: 2024-09-06 06:18:15.472376+00:00. externally triggered: False>
[2024-09-12T15:18:10.802+0000] {logging_mixin.py:190} INFO - Failure caused by {'DAG Id': 'car_price_prediction', 'Task Id': 'pipeline', 'Run Id': 'scheduled__2022-06-16T15:00:00+00:00', 'Hostname': '6d94a8a19157', 'External Executor Id': 'afd7235e-20dd-4a81-a45d-f4380d6369e1'}
[2024-09-12T15:18:10.818+0000] {logging_mixin.py:190} INFO - [2024-09-12T15:18:10.817+0000] {taskinstance.py:1225} INFO - Marking task as FAILED. dag_id=car_price_prediction, task_id=pipeline, run_id=scheduled__2022-06-16T15:00:00+00:00, execution_date=20220616T150000, start_date=20240912T150106, end_date=20240912T151810
[2024-09-12T15:18:10.855+0000] {logging_mixin.py:190} INFO - [2024-09-12T15:18:10.855+0000] {processor.py:876} INFO - Executed callback for <TaskInstance: car_price_prediction.pipeline scheduled__2022-06-16T15:00:00+00:00 [failed]> in state failed
[2024-09-12T15:18:10.924+0000] {logging_mixin.py:190} INFO - [2024-09-12T15:18:10.923+0000] {taskinstance.py:3303} ERROR - {'DAG Id': 'car_price_prediction', 'Task Id': 'pipeline', 'Run Id': 'scheduled__2022-06-21T15:00:00+00:00', 'Hostname': '6d94a8a19157', 'External Executor Id': '4d01b827-318f-41bd-92c4-5dab237b5c0c'}
[2024-09-12T15:18:11.029+0000] {logging_mixin.py:190} INFO - Task instance in failure state
[2024-09-12T15:18:11.029+0000] {logging_mixin.py:190} INFO - Task start:2024-09-12 15:02:59.822986+00:00 end:2024-09-12 15:18:10.958466+00:00 duration:911.13548
[2024-09-12T15:18:11.032+0000] {logging_mixin.py:190} INFO - Task:<Task(PythonOperator): pipeline> dag:<DAG: car_price_prediction> dagrun:<DagRun car_price_prediction @ 2022-06-21 15:00:00+00:00: scheduled__2022-06-21T15:00:00+00:00, state:failed, queued_at: 2024-09-06 06:18:24.319273+00:00. externally triggered: False>
[2024-09-12T15:18:11.039+0000] {logging_mixin.py:190} INFO - Failure caused by {'DAG Id': 'car_price_prediction', 'Task Id': 'pipeline', 'Run Id': 'scheduled__2022-06-21T15:00:00+00:00', 'Hostname': '6d94a8a19157', 'External Executor Id': '4d01b827-318f-41bd-92c4-5dab237b5c0c'}
[2024-09-12T15:18:11.045+0000] {logging_mixin.py:190} INFO - [2024-09-12T15:18:11.044+0000] {taskinstance.py:1225} INFO - Marking task as FAILED. dag_id=car_price_prediction, task_id=pipeline, run_id=scheduled__2022-06-21T15:00:00+00:00, execution_date=20220621T150000, start_date=20240912T150259, end_date=20240912T151810
[2024-09-12T15:18:11.121+0000] {logging_mixin.py:190} INFO - [2024-09-12T15:18:11.121+0000] {processor.py:876} INFO - Executed callback for <TaskInstance: car_price_prediction.pipeline scheduled__2022-06-21T15:00:00+00:00 [failed]> in state failed
[2024-09-12T15:18:11.138+0000] {logging_mixin.py:190} INFO - [2024-09-12T15:18:11.137+0000] {taskinstance.py:3303} ERROR - {'DAG Id': 'car_price_prediction', 'Task Id': 'pipeline', 'Run Id': 'scheduled__2022-06-25T15:00:00+00:00', 'Hostname': '6d94a8a19157', 'External Executor Id': '12cd705e-c450-457f-90bf-34b113e079d0'}
[2024-09-12T15:18:11.240+0000] {logging_mixin.py:190} INFO - Task instance in failure state
[2024-09-12T15:18:11.241+0000] {logging_mixin.py:190} INFO - Task start:2024-09-12 15:02:03.249021+00:00 end:2024-09-12 15:18:11.176405+00:00 duration:967.927384
[2024-09-12T15:18:11.242+0000] {logging_mixin.py:190} INFO - Task:<Task(PythonOperator): pipeline> dag:<DAG: car_price_prediction> dagrun:<DagRun car_price_prediction @ 2022-06-25 15:00:00+00:00: scheduled__2022-06-25T15:00:00+00:00, state:failed, queued_at: 2024-09-12 14:58:28.847373+00:00. externally triggered: False>
[2024-09-12T15:18:11.243+0000] {logging_mixin.py:190} INFO - Failure caused by {'DAG Id': 'car_price_prediction', 'Task Id': 'pipeline', 'Run Id': 'scheduled__2022-06-25T15:00:00+00:00', 'Hostname': '6d94a8a19157', 'External Executor Id': '12cd705e-c450-457f-90bf-34b113e079d0'}
[2024-09-12T15:18:11.244+0000] {logging_mixin.py:190} INFO - [2024-09-12T15:18:11.244+0000] {taskinstance.py:1225} INFO - Marking task as FAILED. dag_id=car_price_prediction, task_id=pipeline, run_id=scheduled__2022-06-25T15:00:00+00:00, execution_date=20220625T150000, start_date=20240912T150203, end_date=20240912T151811
[2024-09-12T15:18:11.375+0000] {logging_mixin.py:190} INFO - [2024-09-12T15:18:11.375+0000] {processor.py:876} INFO - Executed callback for <TaskInstance: car_price_prediction.pipeline scheduled__2022-06-25T15:00:00+00:00 [failed]> in state failed
[2024-09-12T15:18:11.398+0000] {logging_mixin.py:190} INFO - [2024-09-12T15:18:11.398+0000] {taskinstance.py:3303} ERROR - {'DAG Id': 'car_price_prediction', 'Task Id': 'pipeline', 'Run Id': 'scheduled__2022-06-28T15:00:00+00:00', 'Hostname': '6d94a8a19157', 'External Executor Id': '8d080ef1-0955-492b-9588-b67c8006cdf9'}
[2024-09-12T15:18:11.484+0000] {logging_mixin.py:190} INFO - Task instance in failure state
[2024-09-12T15:18:11.485+0000] {logging_mixin.py:190} INFO - Task start:2024-09-12 14:59:46.772392+00:00 end:2024-09-12 15:18:11.433415+00:00 duration:1104.661023
[2024-09-12T15:18:11.520+0000] {logging_mixin.py:190} INFO - Task:<Task(PythonOperator): pipeline> dag:<DAG: car_price_prediction> dagrun:<DagRun car_price_prediction @ 2022-06-28 15:00:00+00:00: scheduled__2022-06-28T15:00:00+00:00, state:running, queued_at: 2024-09-12 14:58:40.091934+00:00. externally triggered: False>
[2024-09-12T15:18:11.522+0000] {logging_mixin.py:190} INFO - Failure caused by {'DAG Id': 'car_price_prediction', 'Task Id': 'pipeline', 'Run Id': 'scheduled__2022-06-28T15:00:00+00:00', 'Hostname': '6d94a8a19157', 'External Executor Id': '8d080ef1-0955-492b-9588-b67c8006cdf9'}
[2024-09-12T15:18:11.524+0000] {logging_mixin.py:190} INFO - [2024-09-12T15:18:11.524+0000] {taskinstance.py:1225} INFO - Marking task as UP_FOR_RETRY. dag_id=car_price_prediction, task_id=pipeline, run_id=scheduled__2022-06-28T15:00:00+00:00, execution_date=20220628T150000, start_date=20240912T145946, end_date=20240912T151811
[2024-09-12T15:18:11.602+0000] {logging_mixin.py:190} INFO - [2024-09-12T15:18:11.602+0000] {processor.py:876} INFO - Executed callback for <TaskInstance: car_price_prediction.pipeline scheduled__2022-06-28T15:00:00+00:00 [up_for_retry]> in state up_for_retry
[2024-09-12T15:18:11.611+0000] {logging_mixin.py:190} INFO - [2024-09-12T15:18:11.611+0000] {taskinstance.py:3303} ERROR - {'DAG Id': 'car_price_prediction', 'Task Id': 'pipeline', 'Run Id': 'scheduled__2022-06-27T15:00:00+00:00', 'Hostname': '6d94a8a19157', 'External Executor Id': 'ce1dd87d-0baa-4bc4-86a0-18bb2d65e0b0'}
[2024-09-12T15:18:11.739+0000] {logging_mixin.py:190} INFO - Task instance in failure state
[2024-09-12T15:18:11.740+0000] {logging_mixin.py:190} INFO - Task start:2024-09-12 15:01:56.224299+00:00 end:2024-09-12 15:18:11.637111+00:00 duration:975.412812
[2024-09-12T15:18:11.741+0000] {logging_mixin.py:190} INFO - Task:<Task(PythonOperator): pipeline> dag:<DAG: car_price_prediction> dagrun:<DagRun car_price_prediction @ 2022-06-27 15:00:00+00:00: scheduled__2022-06-27T15:00:00+00:00, state:failed, queued_at: 2024-09-12 14:58:33.887617+00:00. externally triggered: False>
[2024-09-12T15:18:11.765+0000] {logging_mixin.py:190} INFO - Failure caused by {'DAG Id': 'car_price_prediction', 'Task Id': 'pipeline', 'Run Id': 'scheduled__2022-06-27T15:00:00+00:00', 'Hostname': '6d94a8a19157', 'External Executor Id': 'ce1dd87d-0baa-4bc4-86a0-18bb2d65e0b0'}
[2024-09-12T15:18:11.776+0000] {logging_mixin.py:190} INFO - [2024-09-12T15:18:11.775+0000] {taskinstance.py:1225} INFO - Marking task as FAILED. dag_id=car_price_prediction, task_id=pipeline, run_id=scheduled__2022-06-27T15:00:00+00:00, execution_date=20220627T150000, start_date=20240912T150156, end_date=20240912T151811
[2024-09-12T15:18:11.865+0000] {logging_mixin.py:190} INFO - [2024-09-12T15:18:11.832+0000] {processor.py:876} INFO - Executed callback for <TaskInstance: car_price_prediction.pipeline scheduled__2022-06-27T15:00:00+00:00 [failed]> in state failed
[2024-09-12T15:18:11.898+0000] {logging_mixin.py:190} INFO - [2024-09-12T15:18:11.897+0000] {taskinstance.py:3303} ERROR - {'DAG Id': 'car_price_prediction', 'Task Id': 'pipeline', 'Run Id': 'scheduled__2022-06-29T15:00:00+00:00', 'Hostname': '6d94a8a19157', 'External Executor Id': '811c4f27-b2b1-4df9-ac5b-e4d344688f18'}
[2024-09-12T15:18:12.049+0000] {logging_mixin.py:190} INFO - Task instance in failure state
[2024-09-12T15:18:12.061+0000] {logging_mixin.py:190} INFO - Task start:2024-09-12 15:00:33.616484+00:00 end:2024-09-12 15:18:11.989626+00:00 duration:1058.373142
[2024-09-12T15:18:12.062+0000] {logging_mixin.py:190} INFO - Task:<Task(PythonOperator): pipeline> dag:<DAG: car_price_prediction> dagrun:<DagRun car_price_prediction @ 2022-06-29 15:00:00+00:00: scheduled__2022-06-29T15:00:00+00:00, state:running, queued_at: 2024-09-12 14:59:33.677774+00:00. externally triggered: False>
[2024-09-12T15:18:12.062+0000] {logging_mixin.py:190} INFO - Failure caused by {'DAG Id': 'car_price_prediction', 'Task Id': 'pipeline', 'Run Id': 'scheduled__2022-06-29T15:00:00+00:00', 'Hostname': '6d94a8a19157', 'External Executor Id': '811c4f27-b2b1-4df9-ac5b-e4d344688f18'}
[2024-09-12T15:18:12.076+0000] {logging_mixin.py:190} INFO - [2024-09-12T15:18:12.063+0000] {taskinstance.py:1225} INFO - Marking task as UP_FOR_RETRY. dag_id=car_price_prediction, task_id=pipeline, run_id=scheduled__2022-06-29T15:00:00+00:00, execution_date=20220629T150000, start_date=20240912T150033, end_date=20240912T151811
[2024-09-12T15:18:12.103+0000] {logging_mixin.py:190} INFO - [2024-09-12T15:18:12.102+0000] {processor.py:876} INFO - Executed callback for <TaskInstance: car_price_prediction.pipeline scheduled__2022-06-29T15:00:00+00:00 [up_for_retry]> in state up_for_retry
[2024-09-12T15:18:12.114+0000] {logging_mixin.py:190} INFO - [2024-09-12T15:18:12.114+0000] {taskinstance.py:3303} ERROR - {'DAG Id': 'car_price_prediction', 'Task Id': 'pipeline', 'Run Id': 'scheduled__2022-06-17T15:00:00+00:00', 'Hostname': '6d94a8a19157', 'External Executor Id': '8ae076b6-3286-4cae-ab31-82fe5455aa69'}
[2024-09-12T15:18:12.156+0000] {logging_mixin.py:190} INFO - Task instance in failure state
[2024-09-12T15:18:12.205+0000] {logging_mixin.py:190} INFO - Task start:2024-09-12 15:01:11.011396+00:00 end:2024-09-12 15:18:12.130650+00:00 duration:1021.119254
[2024-09-12T15:18:12.221+0000] {logging_mixin.py:190} INFO - Task:<Task(PythonOperator): pipeline> dag:<DAG: car_price_prediction> dagrun:<DagRun car_price_prediction @ 2022-06-17 15:00:00+00:00: scheduled__2022-06-17T15:00:00+00:00, state:failed, queued_at: 2024-09-06 06:18:18.660495+00:00. externally triggered: False>
[2024-09-12T15:18:12.240+0000] {logging_mixin.py:190} INFO - Failure caused by {'DAG Id': 'car_price_prediction', 'Task Id': 'pipeline', 'Run Id': 'scheduled__2022-06-17T15:00:00+00:00', 'Hostname': '6d94a8a19157', 'External Executor Id': '8ae076b6-3286-4cae-ab31-82fe5455aa69'}
[2024-09-12T15:18:12.257+0000] {logging_mixin.py:190} INFO - [2024-09-12T15:18:12.256+0000] {taskinstance.py:1225} INFO - Marking task as FAILED. dag_id=car_price_prediction, task_id=pipeline, run_id=scheduled__2022-06-17T15:00:00+00:00, execution_date=20220617T150000, start_date=20240912T150111, end_date=20240912T151812
[2024-09-12T15:18:12.309+0000] {logging_mixin.py:190} INFO - [2024-09-12T15:18:12.309+0000] {processor.py:876} INFO - Executed callback for <TaskInstance: car_price_prediction.pipeline scheduled__2022-06-17T15:00:00+00:00 [failed]> in state failed
[2024-09-12T15:18:12.327+0000] {logging_mixin.py:190} INFO - [2024-09-12T15:18:12.327+0000] {taskinstance.py:3303} ERROR - {'DAG Id': 'car_price_prediction', 'Task Id': 'pipeline', 'Run Id': 'scheduled__2022-06-18T15:00:00+00:00', 'Hostname': '6d94a8a19157', 'External Executor Id': 'e82ccc08-228c-4ec6-8489-1e4c40f73d6c'}
[2024-09-12T15:18:12.390+0000] {logging_mixin.py:190} INFO - Task instance in failure state
[2024-09-12T15:18:12.401+0000] {logging_mixin.py:190} INFO - Task start:2024-09-12 15:01:14.630615+00:00 end:2024-09-12 15:18:12.345976+00:00 duration:1017.715361
[2024-09-12T15:18:12.425+0000] {logging_mixin.py:190} INFO - Task:<Task(PythonOperator): pipeline> dag:<DAG: car_price_prediction> dagrun:<DagRun car_price_prediction @ 2022-06-18 15:00:00+00:00: scheduled__2022-06-18T15:00:00+00:00, state:failed, queued_at: 2024-09-06 06:18:20.727491+00:00. externally triggered: False>
[2024-09-12T15:18:12.441+0000] {logging_mixin.py:190} INFO - Failure caused by {'DAG Id': 'car_price_prediction', 'Task Id': 'pipeline', 'Run Id': 'scheduled__2022-06-18T15:00:00+00:00', 'Hostname': '6d94a8a19157', 'External Executor Id': 'e82ccc08-228c-4ec6-8489-1e4c40f73d6c'}
[2024-09-12T15:18:12.457+0000] {logging_mixin.py:190} INFO - [2024-09-12T15:18:12.457+0000] {taskinstance.py:1225} INFO - Marking task as FAILED. dag_id=car_price_prediction, task_id=pipeline, run_id=scheduled__2022-06-18T15:00:00+00:00, execution_date=20220618T150000, start_date=20240912T150114, end_date=20240912T151812
[2024-09-12T15:18:12.509+0000] {logging_mixin.py:190} INFO - [2024-09-12T15:18:12.509+0000] {processor.py:876} INFO - Executed callback for <TaskInstance: car_price_prediction.pipeline scheduled__2022-06-18T15:00:00+00:00 [failed]> in state failed
[2024-09-12T15:18:12.528+0000] {logging_mixin.py:190} INFO - [2024-09-12T15:18:12.528+0000] {taskinstance.py:3303} ERROR - {'DAG Id': 'car_price_prediction', 'Task Id': 'pipeline', 'Run Id': 'scheduled__2022-06-16T15:00:00+00:00', 'Hostname': '6d94a8a19157', 'External Executor Id': 'afd7235e-20dd-4a81-a45d-f4380d6369e1'}
[2024-09-12T15:18:12.600+0000] {logging_mixin.py:190} INFO - Task instance in failure state
[2024-09-12T15:18:12.614+0000] {logging_mixin.py:190} INFO - Task start:2024-09-12 15:01:06.894978+00:00 end:2024-09-12 15:18:12.545315+00:00 duration:1025.650337
[2024-09-12T15:18:12.630+0000] {logging_mixin.py:190} INFO - Task:<Task(PythonOperator): pipeline> dag:<DAG: car_price_prediction> dagrun:<DagRun car_price_prediction @ 2022-06-16 15:00:00+00:00: scheduled__2022-06-16T15:00:00+00:00, state:failed, queued_at: 2024-09-06 06:18:15.472376+00:00. externally triggered: False>
[2024-09-12T15:18:12.647+0000] {logging_mixin.py:190} INFO - Failure caused by {'DAG Id': 'car_price_prediction', 'Task Id': 'pipeline', 'Run Id': 'scheduled__2022-06-16T15:00:00+00:00', 'Hostname': '6d94a8a19157', 'External Executor Id': 'afd7235e-20dd-4a81-a45d-f4380d6369e1'}
[2024-09-12T15:18:12.663+0000] {logging_mixin.py:190} INFO - [2024-09-12T15:18:12.663+0000] {taskinstance.py:1225} INFO - Marking task as FAILED. dag_id=car_price_prediction, task_id=pipeline, run_id=scheduled__2022-06-16T15:00:00+00:00, execution_date=20220616T150000, start_date=20240912T150106, end_date=20240912T151812
[2024-09-12T15:18:12.700+0000] {logging_mixin.py:190} INFO - [2024-09-12T15:18:12.699+0000] {processor.py:876} INFO - Executed callback for <TaskInstance: car_price_prediction.pipeline scheduled__2022-06-16T15:00:00+00:00 [failed]> in state failed
[2024-09-12T15:18:12.718+0000] {logging_mixin.py:190} INFO - [2024-09-12T15:18:12.717+0000] {taskinstance.py:3303} ERROR - {'DAG Id': 'car_price_prediction', 'Task Id': 'pipeline', 'Run Id': 'scheduled__2022-06-21T15:00:00+00:00', 'Hostname': '6d94a8a19157', 'External Executor Id': '4d01b827-318f-41bd-92c4-5dab237b5c0c'}
[2024-09-12T15:18:12.770+0000] {logging_mixin.py:190} INFO - Task instance in failure state
[2024-09-12T15:18:12.782+0000] {logging_mixin.py:190} INFO - Task start:2024-09-12 15:02:59.822986+00:00 end:2024-09-12 15:18:12.736113+00:00 duration:912.913127
[2024-09-12T15:18:12.783+0000] {logging_mixin.py:190} INFO - Task:<Task(PythonOperator): pipeline> dag:<DAG: car_price_prediction> dagrun:<DagRun car_price_prediction @ 2022-06-21 15:00:00+00:00: scheduled__2022-06-21T15:00:00+00:00, state:failed, queued_at: 2024-09-06 06:18:24.319273+00:00. externally triggered: False>
[2024-09-12T15:18:12.798+0000] {logging_mixin.py:190} INFO - Failure caused by {'DAG Id': 'car_price_prediction', 'Task Id': 'pipeline', 'Run Id': 'scheduled__2022-06-21T15:00:00+00:00', 'Hostname': '6d94a8a19157', 'External Executor Id': '4d01b827-318f-41bd-92c4-5dab237b5c0c'}
[2024-09-12T15:18:12.799+0000] {logging_mixin.py:190} INFO - [2024-09-12T15:18:12.799+0000] {taskinstance.py:1225} INFO - Marking task as FAILED. dag_id=car_price_prediction, task_id=pipeline, run_id=scheduled__2022-06-21T15:00:00+00:00, execution_date=20220621T150000, start_date=20240912T150259, end_date=20240912T151812
[2024-09-12T15:18:12.851+0000] {logging_mixin.py:190} INFO - [2024-09-12T15:18:12.851+0000] {processor.py:876} INFO - Executed callback for <TaskInstance: car_price_prediction.pipeline scheduled__2022-06-21T15:00:00+00:00 [failed]> in state failed
[2024-09-12T15:18:12.878+0000] {logging_mixin.py:190} INFO - [2024-09-12T15:18:12.876+0000] {taskinstance.py:3303} ERROR - {'DAG Id': 'car_price_prediction', 'Task Id': 'pipeline', 'Run Id': 'scheduled__2022-06-25T15:00:00+00:00', 'Hostname': '6d94a8a19157', 'External Executor Id': '12cd705e-c450-457f-90bf-34b113e079d0'}
[2024-09-12T15:18:12.967+0000] {logging_mixin.py:190} INFO - Task instance in failure state
[2024-09-12T15:18:12.971+0000] {logging_mixin.py:190} INFO - Task start:2024-09-12 15:02:03.249021+00:00 end:2024-09-12 15:18:12.916670+00:00 duration:969.667649
[2024-09-12T15:18:12.982+0000] {logging_mixin.py:190} INFO - Task:<Task(PythonOperator): pipeline> dag:<DAG: car_price_prediction> dagrun:<DagRun car_price_prediction @ 2022-06-25 15:00:00+00:00: scheduled__2022-06-25T15:00:00+00:00, state:failed, queued_at: 2024-09-12 14:58:28.847373+00:00. externally triggered: False>
[2024-09-12T15:18:12.997+0000] {logging_mixin.py:190} INFO - Failure caused by {'DAG Id': 'car_price_prediction', 'Task Id': 'pipeline', 'Run Id': 'scheduled__2022-06-25T15:00:00+00:00', 'Hostname': '6d94a8a19157', 'External Executor Id': '12cd705e-c450-457f-90bf-34b113e079d0'}
[2024-09-12T15:18:13.008+0000] {logging_mixin.py:190} INFO - [2024-09-12T15:18:13.007+0000] {taskinstance.py:1225} INFO - Marking task as FAILED. dag_id=car_price_prediction, task_id=pipeline, run_id=scheduled__2022-06-25T15:00:00+00:00, execution_date=20220625T150000, start_date=20240912T150203, end_date=20240912T151812
[2024-09-12T15:18:13.053+0000] {logging_mixin.py:190} INFO - [2024-09-12T15:18:13.050+0000] {processor.py:876} INFO - Executed callback for <TaskInstance: car_price_prediction.pipeline scheduled__2022-06-25T15:00:00+00:00 [failed]> in state failed
[2024-09-12T15:18:13.061+0000] {logging_mixin.py:190} INFO - [2024-09-12T15:18:13.060+0000] {taskinstance.py:3303} ERROR - {'DAG Id': 'car_price_prediction', 'Task Id': 'pipeline', 'Run Id': 'scheduled__2022-06-28T15:00:00+00:00', 'Hostname': '6d94a8a19157', 'External Executor Id': '8d080ef1-0955-492b-9588-b67c8006cdf9'}
[2024-09-12T15:18:13.110+0000] {logging_mixin.py:190} INFO - Task instance in failure state
[2024-09-12T15:18:13.113+0000] {logging_mixin.py:190} INFO - Task start:2024-09-12 14:59:46.772392+00:00 end:2024-09-12 15:18:13.073333+00:00 duration:1106.300941
[2024-09-12T15:18:13.120+0000] {logging_mixin.py:190} INFO - Task:<Task(PythonOperator): pipeline> dag:<DAG: car_price_prediction> dagrun:<DagRun car_price_prediction @ 2022-06-28 15:00:00+00:00: scheduled__2022-06-28T15:00:00+00:00, state:running, queued_at: 2024-09-12 14:58:40.091934+00:00. externally triggered: False>
[2024-09-12T15:18:13.125+0000] {logging_mixin.py:190} INFO - Failure caused by {'DAG Id': 'car_price_prediction', 'Task Id': 'pipeline', 'Run Id': 'scheduled__2022-06-28T15:00:00+00:00', 'Hostname': '6d94a8a19157', 'External Executor Id': '8d080ef1-0955-492b-9588-b67c8006cdf9'}
[2024-09-12T15:18:13.129+0000] {logging_mixin.py:190} INFO - [2024-09-12T15:18:13.128+0000] {taskinstance.py:1225} INFO - Marking task as UP_FOR_RETRY. dag_id=car_price_prediction, task_id=pipeline, run_id=scheduled__2022-06-28T15:00:00+00:00, execution_date=20220628T150000, start_date=20240912T145946, end_date=20240912T151813
[2024-09-12T15:18:13.155+0000] {logging_mixin.py:190} INFO - [2024-09-12T15:18:13.155+0000] {processor.py:876} INFO - Executed callback for <TaskInstance: car_price_prediction.pipeline scheduled__2022-06-28T15:00:00+00:00 [up_for_retry]> in state up_for_retry
[2024-09-12T15:18:13.183+0000] {logging_mixin.py:190} INFO - [2024-09-12T15:18:13.183+0000] {taskinstance.py:3303} ERROR - {'DAG Id': 'car_price_prediction', 'Task Id': 'pipeline', 'Run Id': 'scheduled__2022-06-27T15:00:00+00:00', 'Hostname': '6d94a8a19157', 'External Executor Id': 'ce1dd87d-0baa-4bc4-86a0-18bb2d65e0b0'}
[2024-09-12T15:18:13.252+0000] {logging_mixin.py:190} INFO - Task instance in failure state
[2024-09-12T15:18:13.253+0000] {logging_mixin.py:190} INFO - Task start:2024-09-12 15:01:56.224299+00:00 end:2024-09-12 15:18:13.201373+00:00 duration:976.977074
[2024-09-12T15:18:13.254+0000] {logging_mixin.py:190} INFO - Task:<Task(PythonOperator): pipeline> dag:<DAG: car_price_prediction> dagrun:<DagRun car_price_prediction @ 2022-06-27 15:00:00+00:00: scheduled__2022-06-27T15:00:00+00:00, state:failed, queued_at: 2024-09-12 14:58:33.887617+00:00. externally triggered: False>
[2024-09-12T15:18:13.265+0000] {logging_mixin.py:190} INFO - Failure caused by {'DAG Id': 'car_price_prediction', 'Task Id': 'pipeline', 'Run Id': 'scheduled__2022-06-27T15:00:00+00:00', 'Hostname': '6d94a8a19157', 'External Executor Id': 'ce1dd87d-0baa-4bc4-86a0-18bb2d65e0b0'}
[2024-09-12T15:18:13.266+0000] {logging_mixin.py:190} INFO - [2024-09-12T15:18:13.266+0000] {taskinstance.py:1225} INFO - Marking task as FAILED. dag_id=car_price_prediction, task_id=pipeline, run_id=scheduled__2022-06-27T15:00:00+00:00, execution_date=20220627T150000, start_date=20240912T150156, end_date=20240912T151813
[2024-09-12T15:18:13.287+0000] {logging_mixin.py:190} INFO - [2024-09-12T15:18:13.286+0000] {processor.py:876} INFO - Executed callback for <TaskInstance: car_price_prediction.pipeline scheduled__2022-06-27T15:00:00+00:00 [failed]> in state failed
[2024-09-12T15:18:13.321+0000] {logging_mixin.py:190} INFO - [2024-09-12T15:18:13.313+0000] {dag.py:3211} INFO - Sync 1 DAGs
[2024-09-12T15:18:13.561+0000] {logging_mixin.py:190} INFO - [2024-09-12T15:18:13.561+0000] {dag.py:4138} INFO - Setting next_dagrun for car_price_prediction to 2022-07-24 15:00:00+00:00, run_after=2022-07-25 15:00:00+00:00
[2024-09-12T15:18:13.803+0000] {processor.py:208} INFO - Processing /opt/airflow/dags/hw_dag.py took 14.071 seconds
[2024-09-12T15:19:04.400+0000] {processor.py:186} INFO - Started process (PID=374) to work on /opt/airflow/dags/hw_dag.py
[2024-09-12T15:19:04.432+0000] {processor.py:914} INFO - Processing file /opt/airflow/dags/hw_dag.py for tasks to queue
[2024-09-12T15:19:04.528+0000] {logging_mixin.py:190} INFO - [2024-09-12T15:19:04.527+0000] {dagbag.py:587} INFO - Filling up the DagBag from /opt/airflow/dags/hw_dag.py
[2024-09-12T15:19:29.591+0000] {processor.py:925} INFO - DAG(s) 'car_price_prediction' retrieved from /opt/airflow/dags/hw_dag.py
[2024-09-12T15:19:29.868+0000] {logging_mixin.py:190} INFO - [2024-09-12T15:19:29.867+0000] {dag.py:3211} INFO - Sync 1 DAGs
[2024-09-12T15:19:30.354+0000] {processor.py:208} INFO - Processing /opt/airflow/dags/hw_dag.py took 26.073 seconds
[2024-09-12T15:20:13.901+0000] {processor.py:186} INFO - Started process (PID=457) to work on /opt/airflow/dags/hw_dag.py
[2024-09-12T15:20:13.909+0000] {processor.py:914} INFO - Processing file /opt/airflow/dags/hw_dag.py for tasks to queue
[2024-09-12T15:20:13.982+0000] {logging_mixin.py:190} INFO - [2024-09-12T15:20:13.981+0000] {dagbag.py:587} INFO - Filling up the DagBag from /opt/airflow/dags/hw_dag.py
[2024-09-12T15:20:22.917+0000] {processor.py:925} INFO - DAG(s) 'car_price_prediction' retrieved from /opt/airflow/dags/hw_dag.py
[2024-09-12T15:20:23.119+0000] {logging_mixin.py:190} INFO - [2024-09-12T15:20:23.117+0000] {dag.py:3211} INFO - Sync 1 DAGs
[2024-09-12T15:20:23.534+0000] {logging_mixin.py:190} INFO - [2024-09-12T15:20:23.533+0000] {dag.py:4138} INFO - Setting next_dagrun for car_price_prediction to 2022-07-30 15:00:00+00:00, run_after=2022-07-31 15:00:00+00:00
[2024-09-12T15:20:24.122+0000] {processor.py:208} INFO - Processing /opt/airflow/dags/hw_dag.py took 10.274 seconds
[2024-09-12T15:21:03.944+0000] {processor.py:186} INFO - Started process (PID=534) to work on /opt/airflow/dags/hw_dag.py
[2024-09-12T15:21:03.955+0000] {processor.py:914} INFO - Processing file /opt/airflow/dags/hw_dag.py for tasks to queue
[2024-09-12T15:21:03.972+0000] {logging_mixin.py:190} INFO - [2024-09-12T15:21:03.972+0000] {dagbag.py:587} INFO - Filling up the DagBag from /opt/airflow/dags/hw_dag.py
[2024-09-12T15:21:29.731+0000] {processor.py:925} INFO - DAG(s) 'car_price_prediction' retrieved from /opt/airflow/dags/hw_dag.py
[2024-09-12T15:21:30.224+0000] {logging_mixin.py:190} INFO - [2024-09-12T15:21:30.209+0000] {dag.py:3211} INFO - Sync 1 DAGs
[2024-09-12T15:21:30.496+0000] {logging_mixin.py:190} INFO - [2024-09-12T15:21:30.495+0000] {dag.py:4138} INFO - Setting next_dagrun for car_price_prediction to 2022-07-31 15:00:00+00:00, run_after=2022-08-01 15:00:00+00:00
[2024-09-12T15:21:30.842+0000] {processor.py:208} INFO - Processing /opt/airflow/dags/hw_dag.py took 26.961 seconds
[2024-09-12T15:22:23.724+0000] {processor.py:186} INFO - Started process (PID=605) to work on /opt/airflow/dags/hw_dag.py
[2024-09-12T15:22:23.735+0000] {processor.py:914} INFO - Processing file /opt/airflow/dags/hw_dag.py for tasks to queue
[2024-09-12T15:22:23.760+0000] {logging_mixin.py:190} INFO - [2024-09-12T15:22:23.760+0000] {dagbag.py:587} INFO - Filling up the DagBag from /opt/airflow/dags/hw_dag.py
[2024-09-12T15:22:34.328+0000] {processor.py:925} INFO - DAG(s) 'car_price_prediction' retrieved from /opt/airflow/dags/hw_dag.py
[2024-09-12T15:22:34.507+0000] {logging_mixin.py:190} INFO - [2024-09-12T15:22:34.483+0000] {dag.py:3211} INFO - Sync 1 DAGs
[2024-09-12T15:22:34.896+0000] {processor.py:208} INFO - Processing /opt/airflow/dags/hw_dag.py took 11.221 seconds
[2024-09-12T15:23:24.379+0000] {processor.py:186} INFO - Started process (PID=682) to work on /opt/airflow/dags/hw_dag.py
[2024-09-12T15:23:24.401+0000] {processor.py:914} INFO - Processing file /opt/airflow/dags/hw_dag.py for tasks to queue
[2024-09-12T15:23:24.418+0000] {logging_mixin.py:190} INFO - [2024-09-12T15:23:24.417+0000] {dagbag.py:587} INFO - Filling up the DagBag from /opt/airflow/dags/hw_dag.py
[2024-09-12T15:23:45.567+0000] {processor.py:925} INFO - DAG(s) 'car_price_prediction' retrieved from /opt/airflow/dags/hw_dag.py
[2024-09-12T15:23:45.726+0000] {logging_mixin.py:190} INFO - [2024-09-12T15:23:45.715+0000] {dag.py:3211} INFO - Sync 1 DAGs
[2024-09-12T15:23:46.018+0000] {logging_mixin.py:190} INFO - [2024-09-12T15:23:46.017+0000] {dag.py:4138} INFO - Setting next_dagrun for car_price_prediction to 2022-08-06 15:00:00+00:00, run_after=2022-08-07 15:00:00+00:00
[2024-09-12T15:23:46.465+0000] {processor.py:208} INFO - Processing /opt/airflow/dags/hw_dag.py took 22.185 seconds
[2024-09-12T15:24:30.383+0000] {processor.py:186} INFO - Started process (PID=762) to work on /opt/airflow/dags/hw_dag.py
[2024-09-12T15:24:30.444+0000] {processor.py:914} INFO - Processing file /opt/airflow/dags/hw_dag.py for tasks to queue
[2024-09-12T15:24:30.617+0000] {logging_mixin.py:190} INFO - [2024-09-12T15:24:30.616+0000] {dagbag.py:587} INFO - Filling up the DagBag from /opt/airflow/dags/hw_dag.py
[2024-09-12T15:24:48.613+0000] {processor.py:925} INFO - DAG(s) 'car_price_prediction' retrieved from /opt/airflow/dags/hw_dag.py
[2024-09-12T15:24:48.944+0000] {logging_mixin.py:190} INFO - [2024-09-12T15:24:48.943+0000] {dag.py:3211} INFO - Sync 1 DAGs
[2024-09-12T15:24:49.532+0000] {processor.py:208} INFO - Processing /opt/airflow/dags/hw_dag.py took 19.261 seconds
[2024-09-12T15:26:34.867+0000] {processor.py:186} INFO - Started process (PID=848) to work on /opt/airflow/dags/hw_dag.py
[2024-09-12T15:26:34.894+0000] {processor.py:914} INFO - Processing file /opt/airflow/dags/hw_dag.py for tasks to queue
[2024-09-12T15:26:34.912+0000] {logging_mixin.py:190} INFO - [2024-09-12T15:26:34.911+0000] {dagbag.py:587} INFO - Filling up the DagBag from /opt/airflow/dags/hw_dag.py
[2024-09-12T15:26:47.936+0000] {processor.py:925} INFO - DAG(s) 'car_price_prediction' retrieved from /opt/airflow/dags/hw_dag.py
[2024-09-12T15:26:48.049+0000] {logging_mixin.py:190} INFO - [2024-09-12T15:26:48.048+0000] {dag.py:3211} INFO - Sync 1 DAGs
[2024-09-12T15:26:48.291+0000] {logging_mixin.py:190} INFO - [2024-09-12T15:26:48.291+0000] {dag.py:4138} INFO - Setting next_dagrun for car_price_prediction to 2022-08-10 15:00:00+00:00, run_after=2022-08-11 15:00:00+00:00
[2024-09-12T15:26:48.618+0000] {processor.py:208} INFO - Processing /opt/airflow/dags/hw_dag.py took 13.820 seconds
[2024-09-12T15:27:38.821+0000] {processor.py:186} INFO - Started process (PID=929) to work on /opt/airflow/dags/hw_dag.py
[2024-09-12T15:27:38.845+0000] {processor.py:914} INFO - Processing file /opt/airflow/dags/hw_dag.py for tasks to queue
[2024-09-12T15:27:38.890+0000] {logging_mixin.py:190} INFO - [2024-09-12T15:27:38.889+0000] {dagbag.py:587} INFO - Filling up the DagBag from /opt/airflow/dags/hw_dag.py
[2024-09-12T15:27:53.854+0000] {processor.py:925} INFO - DAG(s) 'car_price_prediction' retrieved from /opt/airflow/dags/hw_dag.py
[2024-09-12T15:27:53.985+0000] {logging_mixin.py:190} INFO - [2024-09-12T15:27:53.984+0000] {dag.py:3211} INFO - Sync 1 DAGs
[2024-09-12T15:27:54.534+0000] {processor.py:208} INFO - Processing /opt/airflow/dags/hw_dag.py took 15.816 seconds
[2024-09-12T15:28:35.354+0000] {processor.py:186} INFO - Started process (PID=1006) to work on /opt/airflow/dags/hw_dag.py
[2024-09-12T15:28:35.362+0000] {processor.py:914} INFO - Processing file /opt/airflow/dags/hw_dag.py for tasks to queue
[2024-09-12T15:28:35.392+0000] {logging_mixin.py:190} INFO - [2024-09-12T15:28:35.370+0000] {dagbag.py:587} INFO - Filling up the DagBag from /opt/airflow/dags/hw_dag.py
[2024-09-12T15:29:01.988+0000] {processor.py:925} INFO - DAG(s) 'car_price_prediction' retrieved from /opt/airflow/dags/hw_dag.py
[2024-09-12T15:29:02.171+0000] {logging_mixin.py:190} INFO - [2024-09-12T15:29:02.169+0000] {dag.py:3211} INFO - Sync 1 DAGs
[2024-09-12T15:29:02.306+0000] {logging_mixin.py:190} INFO - [2024-09-12T15:29:02.306+0000] {dag.py:4138} INFO - Setting next_dagrun for car_price_prediction to 2022-08-16 15:00:00+00:00, run_after=2022-08-17 15:00:00+00:00
[2024-09-12T15:29:02.512+0000] {processor.py:208} INFO - Processing /opt/airflow/dags/hw_dag.py took 27.241 seconds
[2024-09-12T15:29:46.507+0000] {processor.py:186} INFO - Started process (PID=1105) to work on /opt/airflow/dags/hw_dag.py
[2024-09-12T15:29:46.511+0000] {processor.py:914} INFO - Processing file /opt/airflow/dags/hw_dag.py for tasks to queue
[2024-09-12T15:29:46.528+0000] {logging_mixin.py:190} INFO - [2024-09-12T15:29:46.527+0000] {dagbag.py:587} INFO - Filling up the DagBag from /opt/airflow/dags/hw_dag.py
[2024-09-12T15:30:34.066+0000] {logging_mixin.py:190} INFO - [2024-09-12T15:30:34.065+0000] {timeout.py:68} ERROR - Process timed out, PID: 1105
[2024-09-12T15:30:34.083+0000] {logging_mixin.py:190} WARNING - Exception ignored in: <function WeakKeyDictionary.__init__.<locals>.remove at 0x7fee0c088cc0>
[2024-09-12T15:30:34.099+0000] {logging_mixin.py:190} WARNING - Traceback (most recent call last):
[2024-09-12T15:30:34.100+0000] {logging_mixin.py:190} WARNING -   File "/usr/local/lib/python3.12/weakref.py", line 369, in remove
[2024-09-12T15:30:34.115+0000] {logging_mixin.py:190} WARNING -     def remove(k, selfref=ref(self)):
[2024-09-12T15:30:34.118+0000] {logging_mixin.py:190} WARNING -   File "/home/airflow/.local/lib/python3.12/site-packages/airflow/utils/timeout.py", line 69, in handle_timeout
[2024-09-12T15:30:34.144+0000] {logging_mixin.py:190} WARNING -     raise AirflowTaskTimeout(self.error_message)
[2024-09-12T15:30:34.147+0000] {logging_mixin.py:190} WARNING - airflow.exceptions.AirflowTaskTimeout: DagBag import timeout for /opt/airflow/dags/hw_dag.py after 30.0s.
Please take a look at these docs to improve your DAG import time:
* https://airflow.apache.org/docs/apache-airflow/2.10.0/best-practices.html#top-level-python-code
* https://airflow.apache.org/docs/apache-airflow/2.10.0/best-practices.html#reducing-dag-complexity, PID: 1105
[2024-09-12T15:30:52.395+0000] {processor.py:186} INFO - Started process (PID=1132) to work on /opt/airflow/dags/hw_dag.py
[2024-09-12T15:30:52.409+0000] {processor.py:914} INFO - Processing file /opt/airflow/dags/hw_dag.py for tasks to queue
[2024-09-12T15:30:52.426+0000] {logging_mixin.py:190} INFO - [2024-09-12T15:30:52.425+0000] {dagbag.py:587} INFO - Filling up the DagBag from /opt/airflow/dags/hw_dag.py
[2024-09-12T15:31:24.166+0000] {logging_mixin.py:190} INFO - [2024-09-12T15:31:24.149+0000] {timeout.py:68} ERROR - Process timed out, PID: 1132
[2024-09-12T15:31:24.170+0000] {logging_mixin.py:190} WARNING - Exception ignored in: <function WeakKeyDictionary.__init__.<locals>.remove at 0x7fee0c088cc0>
[2024-09-12T15:31:24.179+0000] {logging_mixin.py:190} WARNING - Traceback (most recent call last):
[2024-09-12T15:31:24.192+0000] {logging_mixin.py:190} WARNING -   File "/usr/local/lib/python3.12/weakref.py", line 369, in remove
[2024-09-12T15:31:24.210+0000] {logging_mixin.py:190} WARNING -     def remove(k, selfref=ref(self)):
[2024-09-12T15:31:24.215+0000] {logging_mixin.py:190} WARNING -   File "/home/airflow/.local/lib/python3.12/site-packages/airflow/utils/timeout.py", line 69, in handle_timeout
[2024-09-12T15:31:24.240+0000] {logging_mixin.py:190} WARNING -     raise AirflowTaskTimeout(self.error_message)
[2024-09-12T15:31:24.241+0000] {logging_mixin.py:190} WARNING - airflow.exceptions.AirflowTaskTimeout: DagBag import timeout for /opt/airflow/dags/hw_dag.py after 30.0s.
Please take a look at these docs to improve your DAG import time:
* https://airflow.apache.org/docs/apache-airflow/2.10.0/best-practices.html#top-level-python-code
* https://airflow.apache.org/docs/apache-airflow/2.10.0/best-practices.html#reducing-dag-complexity, PID: 1132
[2024-09-12T15:31:26.281+0000] {processor.py:925} INFO - DAG(s) 'car_price_prediction' retrieved from /opt/airflow/dags/hw_dag.py
[2024-09-12T15:31:26.393+0000] {logging_mixin.py:190} INFO - [2024-09-12T15:31:26.392+0000] {taskinstance.py:3303} ERROR - {'DAG Id': 'car_price_prediction', 'Task Id': 'pipeline', 'Run Id': 'scheduled__2022-07-28T15:00:00+00:00', 'Hostname': '6d94a8a19157', 'External Executor Id': '7d0b4f1b-51e7-436d-a514-ecc992ba1dd6'}
[2024-09-12T15:31:26.484+0000] {logging_mixin.py:190} INFO - Task instance in failure state
[2024-09-12T15:31:26.499+0000] {logging_mixin.py:190} INFO - Task start:2024-09-12 15:22:02.373138+00:00 end:2024-09-12 15:31:26.424461+00:00 duration:564.051323
[2024-09-12T15:31:26.505+0000] {logging_mixin.py:190} INFO - Task:<Task(PythonOperator): pipeline> dag:<DAG: car_price_prediction> dagrun:<DagRun car_price_prediction @ 2022-07-28 15:00:00+00:00: scheduled__2022-07-28T15:00:00+00:00, state:running, queued_at: 2024-09-12 15:18:24.132917+00:00. externally triggered: False>
[2024-09-12T15:31:26.506+0000] {logging_mixin.py:190} INFO - Failure caused by {'DAG Id': 'car_price_prediction', 'Task Id': 'pipeline', 'Run Id': 'scheduled__2022-07-28T15:00:00+00:00', 'Hostname': '6d94a8a19157', 'External Executor Id': '7d0b4f1b-51e7-436d-a514-ecc992ba1dd6'}
[2024-09-12T15:31:26.515+0000] {logging_mixin.py:190} INFO - [2024-09-12T15:31:26.507+0000] {taskinstance.py:1225} INFO - Marking task as FAILED. dag_id=car_price_prediction, task_id=pipeline, run_id=scheduled__2022-07-28T15:00:00+00:00, execution_date=20220728T150000, start_date=20240912T152202, end_date=20240912T153126
[2024-09-12T15:31:26.594+0000] {logging_mixin.py:190} INFO - [2024-09-12T15:31:26.594+0000] {processor.py:876} INFO - Executed callback for <TaskInstance: car_price_prediction.pipeline scheduled__2022-07-28T15:00:00+00:00 [failed]> in state failed
[2024-09-12T15:31:28.303+0000] {logging_mixin.py:190} INFO - [2024-09-12T15:31:28.302+0000] {dag.py:3211} INFO - Sync 1 DAGs
[2024-09-12T15:31:28.484+0000] {logging_mixin.py:190} INFO - [2024-09-12T15:31:28.483+0000] {dag.py:4138} INFO - Setting next_dagrun for car_price_prediction to 2022-08-17 15:00:00+00:00, run_after=2022-08-18 15:00:00+00:00
[2024-09-12T15:31:28.655+0000] {processor.py:208} INFO - Processing /opt/airflow/dags/hw_dag.py took 36.289 seconds
[2024-09-12T15:32:03.126+0000] {processor.py:186} INFO - Started process (PID=1225) to work on /opt/airflow/dags/hw_dag.py
[2024-09-12T15:32:03.130+0000] {processor.py:914} INFO - Processing file /opt/airflow/dags/hw_dag.py for tasks to queue
[2024-09-12T15:32:03.143+0000] {logging_mixin.py:190} INFO - [2024-09-12T15:32:03.132+0000] {dagbag.py:587} INFO - Filling up the DagBag from /opt/airflow/dags/hw_dag.py
[2024-09-12T15:32:14.393+0000] {processor.py:925} INFO - DAG(s) 'car_price_prediction' retrieved from /opt/airflow/dags/hw_dag.py
[2024-09-12T15:32:14.771+0000] {logging_mixin.py:190} INFO - [2024-09-12T15:32:14.756+0000] {taskinstance.py:3303} ERROR - {'DAG Id': 'car_price_prediction', 'Task Id': 'pipeline', 'Run Id': 'scheduled__2022-07-28T15:00:00+00:00', 'Hostname': '6d94a8a19157', 'External Executor Id': '7d0b4f1b-51e7-436d-a514-ecc992ba1dd6'}
[2024-09-12T15:32:15.025+0000] {logging_mixin.py:190} INFO - Task instance in failure state
[2024-09-12T15:32:15.026+0000] {logging_mixin.py:190} INFO - Task start:2024-09-12 15:22:02.373138+00:00 end:2024-09-12 15:32:14.824547+00:00 duration:612.451409
[2024-09-12T15:32:15.027+0000] {logging_mixin.py:190} INFO - Task:<Task(PythonOperator): pipeline> dag:<DAG: car_price_prediction> dagrun:<DagRun car_price_prediction @ 2022-07-28 15:00:00+00:00: scheduled__2022-07-28T15:00:00+00:00, state:failed, queued_at: 2024-09-12 15:18:24.132917+00:00. externally triggered: False>
[2024-09-12T15:32:15.031+0000] {logging_mixin.py:190} INFO - Failure caused by {'DAG Id': 'car_price_prediction', 'Task Id': 'pipeline', 'Run Id': 'scheduled__2022-07-28T15:00:00+00:00', 'Hostname': '6d94a8a19157', 'External Executor Id': '7d0b4f1b-51e7-436d-a514-ecc992ba1dd6'}
[2024-09-12T15:32:15.043+0000] {logging_mixin.py:190} INFO - [2024-09-12T15:32:15.043+0000] {taskinstance.py:1225} INFO - Marking task as FAILED. dag_id=car_price_prediction, task_id=pipeline, run_id=scheduled__2022-07-28T15:00:00+00:00, execution_date=20220728T150000, start_date=20240912T152202, end_date=20240912T153214
[2024-09-12T15:32:15.311+0000] {logging_mixin.py:190} INFO - [2024-09-12T15:32:15.310+0000] {processor.py:876} INFO - Executed callback for <TaskInstance: car_price_prediction.pipeline scheduled__2022-07-28T15:00:00+00:00 [failed]> in state failed
[2024-09-12T15:32:15.362+0000] {logging_mixin.py:190} INFO - [2024-09-12T15:32:15.361+0000] {taskinstance.py:3303} ERROR - {'DAG Id': 'car_price_prediction', 'Task Id': 'pipeline', 'Run Id': 'scheduled__2022-07-28T15:00:00+00:00', 'Hostname': '6d94a8a19157', 'External Executor Id': '7d0b4f1b-51e7-436d-a514-ecc992ba1dd6'}
[2024-09-12T15:32:15.495+0000] {logging_mixin.py:190} INFO - Task instance in failure state
[2024-09-12T15:32:15.508+0000] {logging_mixin.py:190} INFO - Task start:2024-09-12 15:22:02.373138+00:00 end:2024-09-12 15:32:15.421597+00:00 duration:613.048459
[2024-09-12T15:32:15.514+0000] {logging_mixin.py:190} INFO - Task:<Task(PythonOperator): pipeline> dag:<DAG: car_price_prediction> dagrun:<DagRun car_price_prediction @ 2022-07-28 15:00:00+00:00: scheduled__2022-07-28T15:00:00+00:00, state:failed, queued_at: 2024-09-12 15:18:24.132917+00:00. externally triggered: False>
[2024-09-12T15:32:15.528+0000] {logging_mixin.py:190} INFO - Failure caused by {'DAG Id': 'car_price_prediction', 'Task Id': 'pipeline', 'Run Id': 'scheduled__2022-07-28T15:00:00+00:00', 'Hostname': '6d94a8a19157', 'External Executor Id': '7d0b4f1b-51e7-436d-a514-ecc992ba1dd6'}
[2024-09-12T15:32:15.530+0000] {logging_mixin.py:190} INFO - [2024-09-12T15:32:15.530+0000] {taskinstance.py:1225} INFO - Marking task as FAILED. dag_id=car_price_prediction, task_id=pipeline, run_id=scheduled__2022-07-28T15:00:00+00:00, execution_date=20220728T150000, start_date=20240912T152202, end_date=20240912T153215
[2024-09-12T15:32:15.604+0000] {logging_mixin.py:190} INFO - [2024-09-12T15:32:15.603+0000] {processor.py:876} INFO - Executed callback for <TaskInstance: car_price_prediction.pipeline scheduled__2022-07-28T15:00:00+00:00 [failed]> in state failed
[2024-09-12T15:32:15.623+0000] {logging_mixin.py:190} INFO - [2024-09-12T15:32:15.623+0000] {taskinstance.py:3303} ERROR - {'DAG Id': 'car_price_prediction', 'Task Id': 'pipeline', 'Run Id': 'scheduled__2022-07-28T15:00:00+00:00', 'Hostname': '6d94a8a19157', 'External Executor Id': '7d0b4f1b-51e7-436d-a514-ecc992ba1dd6'}
[2024-09-12T15:32:15.698+0000] {logging_mixin.py:190} INFO - Task instance in failure state
[2024-09-12T15:32:15.701+0000] {logging_mixin.py:190} INFO - Task start:2024-09-12 15:22:02.373138+00:00 end:2024-09-12 15:32:15.656949+00:00 duration:613.283811
[2024-09-12T15:32:15.709+0000] {logging_mixin.py:190} INFO - Task:<Task(PythonOperator): pipeline> dag:<DAG: car_price_prediction> dagrun:<DagRun car_price_prediction @ 2022-07-28 15:00:00+00:00: scheduled__2022-07-28T15:00:00+00:00, state:failed, queued_at: 2024-09-12 15:18:24.132917+00:00. externally triggered: False>
[2024-09-12T15:32:15.715+0000] {logging_mixin.py:190} INFO - Failure caused by {'DAG Id': 'car_price_prediction', 'Task Id': 'pipeline', 'Run Id': 'scheduled__2022-07-28T15:00:00+00:00', 'Hostname': '6d94a8a19157', 'External Executor Id': '7d0b4f1b-51e7-436d-a514-ecc992ba1dd6'}
[2024-09-12T15:32:15.716+0000] {logging_mixin.py:190} INFO - [2024-09-12T15:32:15.715+0000] {taskinstance.py:1225} INFO - Marking task as FAILED. dag_id=car_price_prediction, task_id=pipeline, run_id=scheduled__2022-07-28T15:00:00+00:00, execution_date=20220728T150000, start_date=20240912T152202, end_date=20240912T153215
[2024-09-12T15:32:15.749+0000] {logging_mixin.py:190} INFO - [2024-09-12T15:32:15.748+0000] {processor.py:876} INFO - Executed callback for <TaskInstance: car_price_prediction.pipeline scheduled__2022-07-28T15:00:00+00:00 [failed]> in state failed
[2024-09-12T15:32:15.836+0000] {logging_mixin.py:190} INFO - [2024-09-12T15:32:15.835+0000] {dag.py:3211} INFO - Sync 1 DAGs
[2024-09-12T15:32:16.212+0000] {processor.py:208} INFO - Processing /opt/airflow/dags/hw_dag.py took 13.199 seconds
[2024-09-12T15:33:03.850+0000] {processor.py:186} INFO - Started process (PID=1299) to work on /opt/airflow/dags/hw_dag.py
[2024-09-12T15:33:03.863+0000] {processor.py:914} INFO - Processing file /opt/airflow/dags/hw_dag.py for tasks to queue
[2024-09-12T15:33:03.874+0000] {logging_mixin.py:190} INFO - [2024-09-12T15:33:03.873+0000] {dagbag.py:587} INFO - Filling up the DagBag from /opt/airflow/dags/hw_dag.py
[2024-09-12T15:33:19.852+0000] {processor.py:925} INFO - DAG(s) 'car_price_prediction' retrieved from /opt/airflow/dags/hw_dag.py
[2024-09-12T15:33:19.955+0000] {logging_mixin.py:190} INFO - [2024-09-12T15:33:19.952+0000] {dag.py:3211} INFO - Sync 1 DAGs
[2024-09-12T15:33:20.183+0000] {processor.py:208} INFO - Processing /opt/airflow/dags/hw_dag.py took 16.374 seconds
[2024-09-12T15:33:27.056+0000] {processor.py:186} INFO - Started process (PID=1335) to work on /opt/airflow/dags/hw_dag.py
[2024-09-12T15:33:27.059+0000] {processor.py:914} INFO - Processing file /opt/airflow/dags/hw_dag.py for tasks to queue
[2024-09-12T15:33:27.062+0000] {logging_mixin.py:190} INFO - [2024-09-12T15:33:27.061+0000] {dagbag.py:587} INFO - Filling up the DagBag from /opt/airflow/dags/hw_dag.py
[2024-09-12T15:33:33.412+0000] {processor.py:925} INFO - DAG(s) 'car_price_prediction' retrieved from /opt/airflow/dags/hw_dag.py
[2024-09-12T15:33:33.577+0000] {logging_mixin.py:190} INFO - [2024-09-12T15:33:33.575+0000] {taskinstance.py:3303} ERROR - {'DAG Id': 'car_price_prediction', 'Task Id': 'pipeline', 'Run Id': 'scheduled__2022-08-12T15:00:00+00:00', 'Hostname': '6d94a8a19157', 'External Executor Id': 'b0f4b47d-84d6-4287-8dcc-29815c5b6e02'}
[2024-09-12T15:33:33.800+0000] {logging_mixin.py:190} INFO - Task instance in failure state
[2024-09-12T15:33:33.801+0000] {logging_mixin.py:190} INFO - Task start:2024-09-12 15:28:56.741279+00:00 end:2024-09-12 15:33:33.799245+00:00 duration:277.057966
[2024-09-12T15:33:33.805+0000] {logging_mixin.py:190} INFO - Task:<Task(PythonOperator): pipeline> dag:<DAG: car_price_prediction> dagrun:<DagRun car_price_prediction @ 2022-08-12 15:00:00+00:00: scheduled__2022-08-12T15:00:00+00:00, state:running, queued_at: 2024-09-12 15:27:44.093345+00:00. externally triggered: False>
[2024-09-12T15:33:33.806+0000] {logging_mixin.py:190} INFO - Failure caused by {'DAG Id': 'car_price_prediction', 'Task Id': 'pipeline', 'Run Id': 'scheduled__2022-08-12T15:00:00+00:00', 'Hostname': '6d94a8a19157', 'External Executor Id': 'b0f4b47d-84d6-4287-8dcc-29815c5b6e02'}
[2024-09-12T15:33:33.808+0000] {logging_mixin.py:190} INFO - [2024-09-12T15:33:33.807+0000] {taskinstance.py:1225} INFO - Marking task as UP_FOR_RETRY. dag_id=car_price_prediction, task_id=pipeline, run_id=scheduled__2022-08-12T15:00:00+00:00, execution_date=20220812T150000, start_date=20240912T152856, end_date=20240912T153333
[2024-09-12T15:33:33.896+0000] {logging_mixin.py:190} INFO - [2024-09-12T15:33:33.895+0000] {processor.py:876} INFO - Executed callback for <TaskInstance: car_price_prediction.pipeline scheduled__2022-08-12T15:00:00+00:00 [up_for_retry]> in state up_for_retry
[2024-09-12T15:33:33.912+0000] {logging_mixin.py:190} INFO - [2024-09-12T15:33:33.912+0000] {taskinstance.py:3303} ERROR - {'DAG Id': 'car_price_prediction', 'Task Id': 'pipeline', 'Run Id': 'scheduled__2022-08-12T15:00:00+00:00', 'Hostname': '6d94a8a19157', 'External Executor Id': 'b0f4b47d-84d6-4287-8dcc-29815c5b6e02'}
[2024-09-12T15:33:33.972+0000] {logging_mixin.py:190} INFO - Task instance in failure state
[2024-09-12T15:33:33.975+0000] {logging_mixin.py:190} INFO - Task start:2024-09-12 15:28:56.741279+00:00 end:2024-09-12 15:33:33.929946+00:00 duration:277.188667
[2024-09-12T15:33:33.976+0000] {logging_mixin.py:190} INFO - Task:<Task(PythonOperator): pipeline> dag:<DAG: car_price_prediction> dagrun:<DagRun car_price_prediction @ 2022-08-12 15:00:00+00:00: scheduled__2022-08-12T15:00:00+00:00, state:running, queued_at: 2024-09-12 15:27:44.093345+00:00. externally triggered: False>
[2024-09-12T15:33:33.979+0000] {logging_mixin.py:190} INFO - Failure caused by {'DAG Id': 'car_price_prediction', 'Task Id': 'pipeline', 'Run Id': 'scheduled__2022-08-12T15:00:00+00:00', 'Hostname': '6d94a8a19157', 'External Executor Id': 'b0f4b47d-84d6-4287-8dcc-29815c5b6e02'}
[2024-09-12T15:33:33.983+0000] {logging_mixin.py:190} INFO - [2024-09-12T15:33:33.982+0000] {taskinstance.py:1225} INFO - Marking task as UP_FOR_RETRY. dag_id=car_price_prediction, task_id=pipeline, run_id=scheduled__2022-08-12T15:00:00+00:00, execution_date=20220812T150000, start_date=20240912T152856, end_date=20240912T153333
[2024-09-12T15:33:34.018+0000] {logging_mixin.py:190} INFO - [2024-09-12T15:33:34.017+0000] {processor.py:876} INFO - Executed callback for <TaskInstance: car_price_prediction.pipeline scheduled__2022-08-12T15:00:00+00:00 [up_for_retry]> in state up_for_retry
[2024-09-12T15:33:34.029+0000] {logging_mixin.py:190} INFO - [2024-09-12T15:33:34.028+0000] {taskinstance.py:3303} ERROR - {'DAG Id': 'car_price_prediction', 'Task Id': 'pipeline', 'Run Id': 'scheduled__2022-08-12T15:00:00+00:00', 'Hostname': '6d94a8a19157', 'External Executor Id': 'b0f4b47d-84d6-4287-8dcc-29815c5b6e02'}
[2024-09-12T15:33:34.069+0000] {logging_mixin.py:190} INFO - Task instance in failure state
[2024-09-12T15:33:34.074+0000] {logging_mixin.py:190} INFO - Task start:2024-09-12 15:28:56.741279+00:00 end:2024-09-12 15:33:34.045203+00:00 duration:277.303924
[2024-09-12T15:33:34.080+0000] {logging_mixin.py:190} INFO - Task:<Task(PythonOperator): pipeline> dag:<DAG: car_price_prediction> dagrun:<DagRun car_price_prediction @ 2022-08-12 15:00:00+00:00: scheduled__2022-08-12T15:00:00+00:00, state:running, queued_at: 2024-09-12 15:27:44.093345+00:00. externally triggered: False>
[2024-09-12T15:33:34.081+0000] {logging_mixin.py:190} INFO - Failure caused by {'DAG Id': 'car_price_prediction', 'Task Id': 'pipeline', 'Run Id': 'scheduled__2022-08-12T15:00:00+00:00', 'Hostname': '6d94a8a19157', 'External Executor Id': 'b0f4b47d-84d6-4287-8dcc-29815c5b6e02'}
[2024-09-12T15:33:34.092+0000] {logging_mixin.py:190} INFO - [2024-09-12T15:33:34.091+0000] {taskinstance.py:1225} INFO - Marking task as UP_FOR_RETRY. dag_id=car_price_prediction, task_id=pipeline, run_id=scheduled__2022-08-12T15:00:00+00:00, execution_date=20220812T150000, start_date=20240912T152856, end_date=20240912T153334
[2024-09-12T15:33:34.127+0000] {logging_mixin.py:190} INFO - [2024-09-12T15:33:34.126+0000] {processor.py:876} INFO - Executed callback for <TaskInstance: car_price_prediction.pipeline scheduled__2022-08-12T15:00:00+00:00 [up_for_retry]> in state up_for_retry
[2024-09-12T15:33:34.223+0000] {logging_mixin.py:190} INFO - [2024-09-12T15:33:34.222+0000] {dag.py:3211} INFO - Sync 1 DAGs
[2024-09-12T15:33:34.617+0000] {processor.py:208} INFO - Processing /opt/airflow/dags/hw_dag.py took 7.624 seconds
[2024-09-12T15:34:07.596+0000] {processor.py:186} INFO - Started process (PID=1403) to work on /opt/airflow/dags/hw_dag.py
[2024-09-12T15:34:07.599+0000] {processor.py:914} INFO - Processing file /opt/airflow/dags/hw_dag.py for tasks to queue
[2024-09-12T15:34:07.619+0000] {logging_mixin.py:190} INFO - [2024-09-12T15:34:07.618+0000] {dagbag.py:587} INFO - Filling up the DagBag from /opt/airflow/dags/hw_dag.py
[2024-09-12T15:34:16.160+0000] {processor.py:925} INFO - DAG(s) 'car_price_prediction' retrieved from /opt/airflow/dags/hw_dag.py
[2024-09-12T15:34:16.297+0000] {logging_mixin.py:190} INFO - [2024-09-12T15:34:16.291+0000] {dag.py:3211} INFO - Sync 1 DAGs
[2024-09-12T15:34:16.695+0000] {processor.py:208} INFO - Processing /opt/airflow/dags/hw_dag.py took 9.165 seconds
[2024-09-12T15:34:50.481+0000] {processor.py:186} INFO - Started process (PID=1473) to work on /opt/airflow/dags/hw_dag.py
[2024-09-12T15:34:50.491+0000] {processor.py:914} INFO - Processing file /opt/airflow/dags/hw_dag.py for tasks to queue
[2024-09-12T15:34:50.496+0000] {logging_mixin.py:190} INFO - [2024-09-12T15:34:50.495+0000] {dagbag.py:587} INFO - Filling up the DagBag from /opt/airflow/dags/hw_dag.py
[2024-09-12T15:35:11.603+0000] {processor.py:925} INFO - DAG(s) 'car_price_prediction' retrieved from /opt/airflow/dags/hw_dag.py
[2024-09-12T15:35:12.004+0000] {logging_mixin.py:190} INFO - [2024-09-12T15:35:12.002+0000] {dag.py:3211} INFO - Sync 1 DAGs
[2024-09-12T15:35:12.402+0000] {logging_mixin.py:190} INFO - [2024-09-12T15:35:12.396+0000] {dag.py:4138} INFO - Setting next_dagrun for car_price_prediction to 2022-08-23 15:00:00+00:00, run_after=2022-08-24 15:00:00+00:00
[2024-09-12T15:35:12.700+0000] {processor.py:208} INFO - Processing /opt/airflow/dags/hw_dag.py took 22.241 seconds
[2024-09-12T15:35:59.389+0000] {processor.py:186} INFO - Started process (PID=1542) to work on /opt/airflow/dags/hw_dag.py
[2024-09-12T15:35:59.394+0000] {processor.py:914} INFO - Processing file /opt/airflow/dags/hw_dag.py for tasks to queue
[2024-09-12T15:35:59.401+0000] {logging_mixin.py:190} INFO - [2024-09-12T15:35:59.400+0000] {dagbag.py:587} INFO - Filling up the DagBag from /opt/airflow/dags/hw_dag.py
[2024-09-12T15:36:21.758+0000] {processor.py:925} INFO - DAG(s) 'car_price_prediction' retrieved from /opt/airflow/dags/hw_dag.py
[2024-09-12T15:36:22.301+0000] {logging_mixin.py:190} INFO - [2024-09-12T15:36:22.299+0000] {dag.py:3211} INFO - Sync 1 DAGs
[2024-09-12T15:36:22.621+0000] {logging_mixin.py:190} INFO - [2024-09-12T15:36:22.620+0000] {dag.py:4138} INFO - Setting next_dagrun for car_price_prediction to 2022-08-24 15:00:00+00:00, run_after=2022-08-25 15:00:00+00:00
[2024-09-12T15:36:22.862+0000] {processor.py:208} INFO - Processing /opt/airflow/dags/hw_dag.py took 23.542 seconds
[2024-09-12T15:37:08.622+0000] {processor.py:186} INFO - Started process (PID=1624) to work on /opt/airflow/dags/hw_dag.py
[2024-09-12T15:37:08.635+0000] {processor.py:914} INFO - Processing file /opt/airflow/dags/hw_dag.py for tasks to queue
[2024-09-12T15:37:08.644+0000] {logging_mixin.py:190} INFO - [2024-09-12T15:37:08.642+0000] {dagbag.py:587} INFO - Filling up the DagBag from /opt/airflow/dags/hw_dag.py
[2024-09-12T15:37:23.948+0000] {processor.py:925} INFO - DAG(s) 'car_price_prediction' retrieved from /opt/airflow/dags/hw_dag.py
[2024-09-12T15:37:25.404+0000] {logging_mixin.py:190} INFO - [2024-09-12T15:37:25.401+0000] {dag.py:3211} INFO - Sync 1 DAGs
[2024-09-12T15:37:26.384+0000] {processor.py:208} INFO - Processing /opt/airflow/dags/hw_dag.py took 19.917 seconds
[2024-09-12T15:38:28.877+0000] {processor.py:186} INFO - Started process (PID=1707) to work on /opt/airflow/dags/hw_dag.py
[2024-09-12T15:38:28.893+0000] {processor.py:914} INFO - Processing file /opt/airflow/dags/hw_dag.py for tasks to queue
[2024-09-12T15:38:28.987+0000] {logging_mixin.py:190} INFO - [2024-09-12T15:38:28.986+0000] {dagbag.py:587} INFO - Filling up the DagBag from /opt/airflow/dags/hw_dag.py
[2024-09-12T15:38:54.172+0000] {processor.py:925} INFO - DAG(s) 'car_price_prediction' retrieved from /opt/airflow/dags/hw_dag.py
[2024-09-12T15:38:56.901+0000] {logging_mixin.py:190} INFO - [2024-09-12T15:38:56.900+0000] {dag.py:3211} INFO - Sync 1 DAGs
[2024-09-12T15:38:57.529+0000] {processor.py:208} INFO - Processing /opt/airflow/dags/hw_dag.py took 28.784 seconds
[2024-09-12T15:39:06.924+0000] {processor.py:186} INFO - Started process (PID=1736) to work on /opt/airflow/dags/hw_dag.py
[2024-09-12T15:39:06.943+0000] {processor.py:914} INFO - Processing file /opt/airflow/dags/hw_dag.py for tasks to queue
[2024-09-12T15:39:06.959+0000] {logging_mixin.py:190} INFO - [2024-09-12T15:39:06.958+0000] {dagbag.py:587} INFO - Filling up the DagBag from /opt/airflow/dags/hw_dag.py
[2024-09-12T15:39:20.473+0000] {processor.py:925} INFO - DAG(s) 'car_price_prediction' retrieved from /opt/airflow/dags/hw_dag.py
[2024-09-12T15:39:20.728+0000] {logging_mixin.py:190} INFO - [2024-09-12T15:39:20.726+0000] {taskinstance.py:3303} ERROR - {'DAG Id': 'car_price_prediction', 'Task Id': 'pipeline', 'Run Id': 'scheduled__2022-08-13T15:00:00+00:00', 'Hostname': '6d94a8a19157', 'External Executor Id': '42d9f612-6906-420b-984d-c38f092cc93f'}
[2024-09-12T15:39:21.553+0000] {logging_mixin.py:190} INFO - Task instance in failure state
[2024-09-12T15:39:21.566+0000] {logging_mixin.py:190} INFO - Task start:2024-09-12 15:28:58.203100+00:00 end:2024-09-12 15:39:21.551061+00:00 duration:623.347961
[2024-09-12T15:39:21.569+0000] {logging_mixin.py:190} INFO - Task:<Task(PythonOperator): pipeline> dag:<DAG: car_price_prediction> dagrun:<DagRun car_price_prediction @ 2022-08-13 15:00:00+00:00: scheduled__2022-08-13T15:00:00+00:00, state:running, queued_at: 2024-09-12 15:27:45.611011+00:00. externally triggered: False>
[2024-09-12T15:39:21.570+0000] {logging_mixin.py:190} INFO - Failure caused by {'DAG Id': 'car_price_prediction', 'Task Id': 'pipeline', 'Run Id': 'scheduled__2022-08-13T15:00:00+00:00', 'Hostname': '6d94a8a19157', 'External Executor Id': '42d9f612-6906-420b-984d-c38f092cc93f'}
[2024-09-12T15:39:21.572+0000] {logging_mixin.py:190} INFO - [2024-09-12T15:39:21.572+0000] {taskinstance.py:1225} INFO - Marking task as UP_FOR_RETRY. dag_id=car_price_prediction, task_id=pipeline, run_id=scheduled__2022-08-13T15:00:00+00:00, execution_date=20220813T150000, start_date=20240912T152858, end_date=20240912T153921
[2024-09-12T15:39:21.758+0000] {logging_mixin.py:190} INFO - [2024-09-12T15:39:21.757+0000] {processor.py:876} INFO - Executed callback for <TaskInstance: car_price_prediction.pipeline scheduled__2022-08-13T15:00:00+00:00 [up_for_retry]> in state up_for_retry
[2024-09-12T15:39:21.809+0000] {logging_mixin.py:190} INFO - [2024-09-12T15:39:21.809+0000] {taskinstance.py:3303} ERROR - {'DAG Id': 'car_price_prediction', 'Task Id': 'pipeline', 'Run Id': 'scheduled__2022-08-13T15:00:00+00:00', 'Hostname': '6d94a8a19157', 'External Executor Id': '42d9f612-6906-420b-984d-c38f092cc93f'}
[2024-09-12T15:39:22.009+0000] {logging_mixin.py:190} INFO - Task instance in failure state
[2024-09-12T15:39:22.022+0000] {logging_mixin.py:190} INFO - Task start:2024-09-12 15:28:58.203100+00:00 end:2024-09-12 15:39:21.865840+00:00 duration:623.66274
[2024-09-12T15:39:22.023+0000] {logging_mixin.py:190} INFO - Task:<Task(PythonOperator): pipeline> dag:<DAG: car_price_prediction> dagrun:<DagRun car_price_prediction @ 2022-08-13 15:00:00+00:00: scheduled__2022-08-13T15:00:00+00:00, state:running, queued_at: 2024-09-12 15:27:45.611011+00:00. externally triggered: False>
[2024-09-12T15:39:22.024+0000] {logging_mixin.py:190} INFO - Failure caused by {'DAG Id': 'car_price_prediction', 'Task Id': 'pipeline', 'Run Id': 'scheduled__2022-08-13T15:00:00+00:00', 'Hostname': '6d94a8a19157', 'External Executor Id': '42d9f612-6906-420b-984d-c38f092cc93f'}
[2024-09-12T15:39:22.057+0000] {logging_mixin.py:190} INFO - [2024-09-12T15:39:22.057+0000] {taskinstance.py:1225} INFO - Marking task as UP_FOR_RETRY. dag_id=car_price_prediction, task_id=pipeline, run_id=scheduled__2022-08-13T15:00:00+00:00, execution_date=20220813T150000, start_date=20240912T152858, end_date=20240912T153921
[2024-09-12T15:39:22.136+0000] {logging_mixin.py:190} INFO - [2024-09-12T15:39:22.136+0000] {processor.py:876} INFO - Executed callback for <TaskInstance: car_price_prediction.pipeline scheduled__2022-08-13T15:00:00+00:00 [up_for_retry]> in state up_for_retry
[2024-09-12T15:39:22.159+0000] {logging_mixin.py:190} INFO - [2024-09-12T15:39:22.158+0000] {dag.py:3211} INFO - Sync 1 DAGs
[2024-09-12T15:39:22.706+0000] {processor.py:208} INFO - Processing /opt/airflow/dags/hw_dag.py took 15.828 seconds
[2024-09-12T15:40:15.705+0000] {processor.py:186} INFO - Started process (PID=1805) to work on /opt/airflow/dags/hw_dag.py
[2024-09-12T15:40:15.776+0000] {processor.py:914} INFO - Processing file /opt/airflow/dags/hw_dag.py for tasks to queue
[2024-09-12T15:40:15.801+0000] {logging_mixin.py:190} INFO - [2024-09-12T15:40:15.800+0000] {dagbag.py:587} INFO - Filling up the DagBag from /opt/airflow/dags/hw_dag.py
[2024-09-12T15:41:09.953+0000] {processor.py:186} INFO - Started process (PID=1833) to work on /opt/airflow/dags/hw_dag.py
[2024-09-12T15:41:10.015+0000] {processor.py:914} INFO - Processing file /opt/airflow/dags/hw_dag.py for tasks to queue
[2024-09-12T15:41:10.069+0000] {logging_mixin.py:190} INFO - [2024-09-12T15:41:10.031+0000] {dagbag.py:587} INFO - Filling up the DagBag from /opt/airflow/dags/hw_dag.py
[2024-09-12T15:42:05.598+0000] {processor.py:186} INFO - Started process (PID=1865) to work on /opt/airflow/dags/hw_dag.py
[2024-09-12T15:42:05.627+0000] {processor.py:914} INFO - Processing file /opt/airflow/dags/hw_dag.py for tasks to queue
[2024-09-12T15:42:05.688+0000] {logging_mixin.py:190} INFO - [2024-09-12T15:42:05.658+0000] {dagbag.py:587} INFO - Filling up the DagBag from /opt/airflow/dags/hw_dag.py
[2024-09-12T15:44:19.440+0000] {processor.py:186} INFO - Started process (PID=1884) to work on /opt/airflow/dags/hw_dag.py
[2024-09-12T15:44:19.467+0000] {processor.py:914} INFO - Processing file /opt/airflow/dags/hw_dag.py for tasks to queue
[2024-09-12T15:44:19.485+0000] {logging_mixin.py:190} INFO - [2024-09-12T15:44:19.484+0000] {dagbag.py:587} INFO - Filling up the DagBag from /opt/airflow/dags/hw_dag.py
[2024-09-12T15:44:36.924+0000] {processor.py:925} INFO - DAG(s) 'car_price_prediction' retrieved from /opt/airflow/dags/hw_dag.py
[2024-09-12T15:44:37.246+0000] {logging_mixin.py:190} INFO - [2024-09-12T15:44:37.245+0000] {taskinstance.py:3303} ERROR - {'DAG Id': 'car_price_prediction', 'Task Id': 'pipeline', 'Run Id': 'scheduled__2022-08-11T15:00:00+00:00', 'Hostname': '6d94a8a19157', 'External Executor Id': '59a14649-ef8b-4790-be78-79216c4bc617'}
[2024-09-12T15:44:37.451+0000] {logging_mixin.py:190} INFO - Task instance in failure state
[2024-09-12T15:44:37.465+0000] {logging_mixin.py:190} INFO - Task start:2024-09-12 15:29:01.951943+00:00 end:2024-09-12 15:44:37.451099+00:00 duration:935.499156
[2024-09-12T15:44:37.467+0000] {logging_mixin.py:190} INFO - Task:<Task(PythonOperator): pipeline> dag:<DAG: car_price_prediction> dagrun:<DagRun car_price_prediction @ 2022-08-11 15:00:00+00:00: scheduled__2022-08-11T15:00:00+00:00, state:running, queued_at: 2024-09-12 15:27:42.510643+00:00. externally triggered: False>
[2024-09-12T15:44:37.470+0000] {logging_mixin.py:190} INFO - Failure caused by {'DAG Id': 'car_price_prediction', 'Task Id': 'pipeline', 'Run Id': 'scheduled__2022-08-11T15:00:00+00:00', 'Hostname': '6d94a8a19157', 'External Executor Id': '59a14649-ef8b-4790-be78-79216c4bc617'}
[2024-09-12T15:44:37.484+0000] {logging_mixin.py:190} INFO - [2024-09-12T15:44:37.484+0000] {taskinstance.py:1225} INFO - Marking task as UP_FOR_RETRY. dag_id=car_price_prediction, task_id=pipeline, run_id=scheduled__2022-08-11T15:00:00+00:00, execution_date=20220811T150000, start_date=20240912T152901, end_date=20240912T154437
[2024-09-12T15:44:37.565+0000] {logging_mixin.py:190} INFO - [2024-09-12T15:44:37.565+0000] {processor.py:876} INFO - Executed callback for <TaskInstance: car_price_prediction.pipeline scheduled__2022-08-11T15:00:00+00:00 [up_for_retry]> in state up_for_retry
[2024-09-12T15:44:37.584+0000] {logging_mixin.py:190} INFO - [2024-09-12T15:44:37.583+0000] {taskinstance.py:3303} ERROR - {'DAG Id': 'car_price_prediction', 'Task Id': 'pipeline', 'Run Id': 'scheduled__2022-08-11T15:00:00+00:00', 'Hostname': '6d94a8a19157', 'External Executor Id': '59a14649-ef8b-4790-be78-79216c4bc617'}
[2024-09-12T15:44:37.688+0000] {logging_mixin.py:190} INFO - Task instance in failure state
[2024-09-12T15:44:37.696+0000] {logging_mixin.py:190} INFO - Task start:2024-09-12 15:29:01.951943+00:00 end:2024-09-12 15:44:37.634734+00:00 duration:935.682791
[2024-09-12T15:44:37.702+0000] {logging_mixin.py:190} INFO - Task:<Task(PythonOperator): pipeline> dag:<DAG: car_price_prediction> dagrun:<DagRun car_price_prediction @ 2022-08-11 15:00:00+00:00: scheduled__2022-08-11T15:00:00+00:00, state:running, queued_at: 2024-09-12 15:27:42.510643+00:00. externally triggered: False>
[2024-09-12T15:44:37.708+0000] {logging_mixin.py:190} INFO - Failure caused by {'DAG Id': 'car_price_prediction', 'Task Id': 'pipeline', 'Run Id': 'scheduled__2022-08-11T15:00:00+00:00', 'Hostname': '6d94a8a19157', 'External Executor Id': '59a14649-ef8b-4790-be78-79216c4bc617'}
[2024-09-12T15:44:37.717+0000] {logging_mixin.py:190} INFO - [2024-09-12T15:44:37.717+0000] {taskinstance.py:1225} INFO - Marking task as UP_FOR_RETRY. dag_id=car_price_prediction, task_id=pipeline, run_id=scheduled__2022-08-11T15:00:00+00:00, execution_date=20220811T150000, start_date=20240912T152901, end_date=20240912T154437
[2024-09-12T15:44:37.756+0000] {logging_mixin.py:190} INFO - [2024-09-12T15:44:37.755+0000] {processor.py:876} INFO - Executed callback for <TaskInstance: car_price_prediction.pipeline scheduled__2022-08-11T15:00:00+00:00 [up_for_retry]> in state up_for_retry
[2024-09-12T15:44:39.478+0000] {logging_mixin.py:190} INFO - [2024-09-12T15:44:39.476+0000] {dag.py:3211} INFO - Sync 1 DAGs
[2024-09-12T15:44:39.929+0000] {processor.py:208} INFO - Processing /opt/airflow/dags/hw_dag.py took 20.548 seconds
[2024-09-12T15:44:48.848+0000] {processor.py:186} INFO - Started process (PID=1912) to work on /opt/airflow/dags/hw_dag.py
[2024-09-12T15:44:48.861+0000] {processor.py:914} INFO - Processing file /opt/airflow/dags/hw_dag.py for tasks to queue
[2024-09-12T15:44:48.868+0000] {logging_mixin.py:190} INFO - [2024-09-12T15:44:48.867+0000] {dagbag.py:587} INFO - Filling up the DagBag from /opt/airflow/dags/hw_dag.py
[2024-09-12T15:44:59.613+0000] {processor.py:925} INFO - DAG(s) 'car_price_prediction' retrieved from /opt/airflow/dags/hw_dag.py
[2024-09-12T15:44:59.861+0000] {logging_mixin.py:190} INFO - [2024-09-12T15:44:59.859+0000] {taskinstance.py:3303} ERROR - {'DAG Id': 'car_price_prediction', 'Task Id': 'pipeline', 'Run Id': 'scheduled__2022-08-11T15:00:00+00:00', 'Hostname': '6d94a8a19157', 'External Executor Id': '59a14649-ef8b-4790-be78-79216c4bc617'}
[2024-09-12T15:45:00.173+0000] {logging_mixin.py:190} INFO - Task instance in failure state
[2024-09-12T15:45:00.174+0000] {logging_mixin.py:190} INFO - Task start:2024-09-12 15:29:01.951943+00:00 end:2024-09-12 15:44:59.916529+00:00 duration:957.964586
[2024-09-12T15:45:00.175+0000] {logging_mixin.py:190} INFO - Task:<Task(PythonOperator): pipeline> dag:<DAG: car_price_prediction> dagrun:<DagRun car_price_prediction @ 2022-08-11 15:00:00+00:00: scheduled__2022-08-11T15:00:00+00:00, state:running, queued_at: 2024-09-12 15:27:42.510643+00:00. externally triggered: False>
[2024-09-12T15:45:00.176+0000] {logging_mixin.py:190} INFO - Failure caused by {'DAG Id': 'car_price_prediction', 'Task Id': 'pipeline', 'Run Id': 'scheduled__2022-08-11T15:00:00+00:00', 'Hostname': '6d94a8a19157', 'External Executor Id': '59a14649-ef8b-4790-be78-79216c4bc617'}
[2024-09-12T15:45:00.177+0000] {logging_mixin.py:190} INFO - [2024-09-12T15:45:00.177+0000] {taskinstance.py:1225} INFO - Marking task as UP_FOR_RETRY. dag_id=car_price_prediction, task_id=pipeline, run_id=scheduled__2022-08-11T15:00:00+00:00, execution_date=20220811T150000, start_date=20240912T152901, end_date=20240912T154459
[2024-09-12T15:45:00.287+0000] {logging_mixin.py:190} INFO - [2024-09-12T15:45:00.286+0000] {processor.py:876} INFO - Executed callback for <TaskInstance: car_price_prediction.pipeline scheduled__2022-08-11T15:00:00+00:00 [up_for_retry]> in state up_for_retry
[2024-09-12T15:45:00.329+0000] {logging_mixin.py:190} INFO - [2024-09-12T15:45:00.329+0000] {taskinstance.py:3303} ERROR - {'DAG Id': 'car_price_prediction', 'Task Id': 'pipeline', 'Run Id': 'scheduled__2022-08-14T15:00:00+00:00', 'Hostname': '6d94a8a19157', 'External Executor Id': 'cc5ceae8-b32b-442c-a8c4-eef0bece5cab'}
[2024-09-12T15:45:00.464+0000] {logging_mixin.py:190} INFO - Task instance in failure state
[2024-09-12T15:45:00.472+0000] {logging_mixin.py:190} INFO - Task start:2024-09-12 15:28:58.623312+00:00 end:2024-09-12 15:45:00.463204+00:00 duration:961.839892
[2024-09-12T15:45:00.494+0000] {logging_mixin.py:190} INFO - Task:<Task(PythonOperator): pipeline> dag:<DAG: car_price_prediction> dagrun:<DagRun car_price_prediction @ 2022-08-14 15:00:00+00:00: scheduled__2022-08-14T15:00:00+00:00, state:running, queued_at: 2024-09-12 15:27:47.713230+00:00. externally triggered: False>
[2024-09-12T15:45:00.497+0000] {logging_mixin.py:190} INFO - Failure caused by {'DAG Id': 'car_price_prediction', 'Task Id': 'pipeline', 'Run Id': 'scheduled__2022-08-14T15:00:00+00:00', 'Hostname': '6d94a8a19157', 'External Executor Id': 'cc5ceae8-b32b-442c-a8c4-eef0bece5cab'}
[2024-09-12T15:45:00.499+0000] {logging_mixin.py:190} INFO - [2024-09-12T15:45:00.498+0000] {taskinstance.py:1225} INFO - Marking task as UP_FOR_RETRY. dag_id=car_price_prediction, task_id=pipeline, run_id=scheduled__2022-08-14T15:00:00+00:00, execution_date=20220814T150000, start_date=20240912T152858, end_date=20240912T154500
[2024-09-12T15:45:00.563+0000] {logging_mixin.py:190} INFO - [2024-09-12T15:45:00.562+0000] {processor.py:876} INFO - Executed callback for <TaskInstance: car_price_prediction.pipeline scheduled__2022-08-14T15:00:00+00:00 [up_for_retry]> in state up_for_retry
[2024-09-12T15:45:00.570+0000] {logging_mixin.py:190} INFO - [2024-09-12T15:45:00.569+0000] {taskinstance.py:3303} ERROR - {'DAG Id': 'car_price_prediction', 'Task Id': 'pipeline', 'Run Id': 'scheduled__2022-08-14T15:00:00+00:00', 'Hostname': '6d94a8a19157', 'External Executor Id': 'cc5ceae8-b32b-442c-a8c4-eef0bece5cab'}
[2024-09-12T15:45:00.666+0000] {logging_mixin.py:190} INFO - Task instance in failure state
[2024-09-12T15:45:00.671+0000] {logging_mixin.py:190} INFO - Task start:2024-09-12 15:28:58.623312+00:00 end:2024-09-12 15:45:00.608646+00:00 duration:961.985334
[2024-09-12T15:45:00.682+0000] {logging_mixin.py:190} INFO - Task:<Task(PythonOperator): pipeline> dag:<DAG: car_price_prediction> dagrun:<DagRun car_price_prediction @ 2022-08-14 15:00:00+00:00: scheduled__2022-08-14T15:00:00+00:00, state:running, queued_at: 2024-09-12 15:27:47.713230+00:00. externally triggered: False>
[2024-09-12T15:45:00.685+0000] {logging_mixin.py:190} INFO - Failure caused by {'DAG Id': 'car_price_prediction', 'Task Id': 'pipeline', 'Run Id': 'scheduled__2022-08-14T15:00:00+00:00', 'Hostname': '6d94a8a19157', 'External Executor Id': 'cc5ceae8-b32b-442c-a8c4-eef0bece5cab'}
[2024-09-12T15:45:00.686+0000] {logging_mixin.py:190} INFO - [2024-09-12T15:45:00.686+0000] {taskinstance.py:1225} INFO - Marking task as UP_FOR_RETRY. dag_id=car_price_prediction, task_id=pipeline, run_id=scheduled__2022-08-14T15:00:00+00:00, execution_date=20220814T150000, start_date=20240912T152858, end_date=20240912T154500
[2024-09-12T15:45:00.722+0000] {logging_mixin.py:190} INFO - [2024-09-12T15:45:00.722+0000] {processor.py:876} INFO - Executed callback for <TaskInstance: car_price_prediction.pipeline scheduled__2022-08-14T15:00:00+00:00 [up_for_retry]> in state up_for_retry
[2024-09-12T15:45:00.729+0000] {logging_mixin.py:190} INFO - [2024-09-12T15:45:00.729+0000] {taskinstance.py:3303} ERROR - {'DAG Id': 'car_price_prediction', 'Task Id': 'pipeline', 'Run Id': 'scheduled__2022-08-14T15:00:00+00:00', 'Hostname': '6d94a8a19157', 'External Executor Id': 'cc5ceae8-b32b-442c-a8c4-eef0bece5cab'}
[2024-09-12T15:45:00.804+0000] {logging_mixin.py:190} INFO - Task instance in failure state
[2024-09-12T15:45:00.821+0000] {logging_mixin.py:190} INFO - Task start:2024-09-12 15:28:58.623312+00:00 end:2024-09-12 15:45:00.759543+00:00 duration:962.136231
[2024-09-12T15:45:00.822+0000] {logging_mixin.py:190} INFO - Task:<Task(PythonOperator): pipeline> dag:<DAG: car_price_prediction> dagrun:<DagRun car_price_prediction @ 2022-08-14 15:00:00+00:00: scheduled__2022-08-14T15:00:00+00:00, state:running, queued_at: 2024-09-12 15:27:47.713230+00:00. externally triggered: False>
[2024-09-12T15:45:00.823+0000] {logging_mixin.py:190} INFO - Failure caused by {'DAG Id': 'car_price_prediction', 'Task Id': 'pipeline', 'Run Id': 'scheduled__2022-08-14T15:00:00+00:00', 'Hostname': '6d94a8a19157', 'External Executor Id': 'cc5ceae8-b32b-442c-a8c4-eef0bece5cab'}
[2024-09-12T15:45:00.825+0000] {logging_mixin.py:190} INFO - [2024-09-12T15:45:00.824+0000] {taskinstance.py:1225} INFO - Marking task as UP_FOR_RETRY. dag_id=car_price_prediction, task_id=pipeline, run_id=scheduled__2022-08-14T15:00:00+00:00, execution_date=20220814T150000, start_date=20240912T152858, end_date=20240912T154500
[2024-09-12T15:45:00.860+0000] {logging_mixin.py:190} INFO - [2024-09-12T15:45:00.859+0000] {processor.py:876} INFO - Executed callback for <TaskInstance: car_price_prediction.pipeline scheduled__2022-08-14T15:00:00+00:00 [up_for_retry]> in state up_for_retry
[2024-09-12T15:45:00.901+0000] {logging_mixin.py:190} INFO - [2024-09-12T15:45:00.898+0000] {dag.py:3211} INFO - Sync 1 DAGs
[2024-09-12T15:45:01.011+0000] {logging_mixin.py:190} INFO - [2024-09-12T15:45:01.010+0000] {dag.py:4138} INFO - Setting next_dagrun for car_price_prediction to 2022-08-29 15:00:00+00:00, run_after=2022-08-30 15:00:00+00:00
[2024-09-12T15:45:01.141+0000] {processor.py:208} INFO - Processing /opt/airflow/dags/hw_dag.py took 12.323 seconds
[2024-09-12T15:45:34.785+0000] {processor.py:186} INFO - Started process (PID=1978) to work on /opt/airflow/dags/hw_dag.py
[2024-09-12T15:45:34.801+0000] {processor.py:914} INFO - Processing file /opt/airflow/dags/hw_dag.py for tasks to queue
[2024-09-12T15:45:34.817+0000] {logging_mixin.py:190} INFO - [2024-09-12T15:45:34.804+0000] {dagbag.py:587} INFO - Filling up the DagBag from /opt/airflow/dags/hw_dag.py
[2024-09-12T15:45:47.154+0000] {processor.py:925} INFO - DAG(s) 'car_price_prediction' retrieved from /opt/airflow/dags/hw_dag.py
[2024-09-12T15:45:47.381+0000] {logging_mixin.py:190} INFO - [2024-09-12T15:45:47.379+0000] {taskinstance.py:3303} ERROR - {'DAG Id': 'car_price_prediction', 'Task Id': 'pipeline', 'Run Id': 'scheduled__2022-08-14T15:00:00+00:00', 'Hostname': '6d94a8a19157', 'External Executor Id': 'cc5ceae8-b32b-442c-a8c4-eef0bece5cab'}
[2024-09-12T15:45:47.610+0000] {logging_mixin.py:190} INFO - Task instance in failure state
[2024-09-12T15:45:47.613+0000] {logging_mixin.py:190} INFO - Task start:2024-09-12 15:28:58.623312+00:00 end:2024-09-12 15:45:47.447843+00:00 duration:1008.824531
[2024-09-12T15:45:47.621+0000] {logging_mixin.py:190} INFO - Task:<Task(PythonOperator): pipeline> dag:<DAG: car_price_prediction> dagrun:<DagRun car_price_prediction @ 2022-08-14 15:00:00+00:00: scheduled__2022-08-14T15:00:00+00:00, state:running, queued_at: 2024-09-12 15:27:47.713230+00:00. externally triggered: False>
[2024-09-12T15:45:47.622+0000] {logging_mixin.py:190} INFO - Failure caused by {'DAG Id': 'car_price_prediction', 'Task Id': 'pipeline', 'Run Id': 'scheduled__2022-08-14T15:00:00+00:00', 'Hostname': '6d94a8a19157', 'External Executor Id': 'cc5ceae8-b32b-442c-a8c4-eef0bece5cab'}
[2024-09-12T15:45:47.625+0000] {logging_mixin.py:190} INFO - [2024-09-12T15:45:47.624+0000] {taskinstance.py:1225} INFO - Marking task as UP_FOR_RETRY. dag_id=car_price_prediction, task_id=pipeline, run_id=scheduled__2022-08-14T15:00:00+00:00, execution_date=20220814T150000, start_date=20240912T152858, end_date=20240912T154547
[2024-09-12T15:45:47.749+0000] {logging_mixin.py:190} INFO - [2024-09-12T15:45:47.748+0000] {processor.py:876} INFO - Executed callback for <TaskInstance: car_price_prediction.pipeline scheduled__2022-08-14T15:00:00+00:00 [up_for_retry]> in state up_for_retry
[2024-09-12T15:45:47.923+0000] {logging_mixin.py:190} INFO - [2024-09-12T15:45:47.922+0000] {dag.py:3211} INFO - Sync 1 DAGs
[2024-09-12T15:45:48.326+0000] {processor.py:208} INFO - Processing /opt/airflow/dags/hw_dag.py took 13.613 seconds
[2024-09-12T15:46:22.473+0000] {processor.py:186} INFO - Started process (PID=2035) to work on /opt/airflow/dags/hw_dag.py
[2024-09-12T15:46:22.488+0000] {processor.py:914} INFO - Processing file /opt/airflow/dags/hw_dag.py for tasks to queue
[2024-09-12T15:46:22.504+0000] {logging_mixin.py:190} INFO - [2024-09-12T15:46:22.503+0000] {dagbag.py:587} INFO - Filling up the DagBag from /opt/airflow/dags/hw_dag.py
[2024-09-12T15:46:33.995+0000] {processor.py:925} INFO - DAG(s) 'car_price_prediction' retrieved from /opt/airflow/dags/hw_dag.py
[2024-09-12T15:46:34.137+0000] {logging_mixin.py:190} INFO - [2024-09-12T15:46:34.135+0000] {dag.py:3211} INFO - Sync 1 DAGs
[2024-09-12T15:46:34.570+0000] {processor.py:208} INFO - Processing /opt/airflow/dags/hw_dag.py took 12.257 seconds
[2024-09-12T15:47:11.237+0000] {processor.py:186} INFO - Started process (PID=2098) to work on /opt/airflow/dags/hw_dag.py
[2024-09-12T15:47:11.243+0000] {processor.py:914} INFO - Processing file /opt/airflow/dags/hw_dag.py for tasks to queue
[2024-09-12T15:47:11.254+0000] {logging_mixin.py:190} INFO - [2024-09-12T15:47:11.246+0000] {dagbag.py:587} INFO - Filling up the DagBag from /opt/airflow/dags/hw_dag.py
[2024-09-12T15:47:25.768+0000] {processor.py:925} INFO - DAG(s) 'car_price_prediction' retrieved from /opt/airflow/dags/hw_dag.py
[2024-09-12T15:47:26.118+0000] {logging_mixin.py:190} INFO - [2024-09-12T15:47:26.087+0000] {dag.py:3211} INFO - Sync 1 DAGs
[2024-09-12T15:47:26.482+0000] {logging_mixin.py:190} INFO - [2024-09-12T15:47:26.481+0000] {dag.py:4138} INFO - Setting next_dagrun for car_price_prediction to 2022-09-02 15:00:00+00:00, run_after=2022-09-03 15:00:00+00:00
[2024-09-12T15:47:26.943+0000] {processor.py:208} INFO - Processing /opt/airflow/dags/hw_dag.py took 15.748 seconds
[2024-09-12T15:48:07.687+0000] {processor.py:186} INFO - Started process (PID=2172) to work on /opt/airflow/dags/hw_dag.py
[2024-09-12T15:48:07.691+0000] {processor.py:914} INFO - Processing file /opt/airflow/dags/hw_dag.py for tasks to queue
[2024-09-12T15:48:07.698+0000] {logging_mixin.py:190} INFO - [2024-09-12T15:48:07.696+0000] {dagbag.py:587} INFO - Filling up the DagBag from /opt/airflow/dags/hw_dag.py
[2024-09-12T15:48:19.192+0000] {processor.py:925} INFO - DAG(s) 'car_price_prediction' retrieved from /opt/airflow/dags/hw_dag.py
[2024-09-12T15:48:19.500+0000] {logging_mixin.py:190} INFO - [2024-09-12T15:48:19.488+0000] {dag.py:3211} INFO - Sync 1 DAGs
[2024-09-12T15:48:20.070+0000] {processor.py:208} INFO - Processing /opt/airflow/dags/hw_dag.py took 12.491 seconds
[2024-09-12T15:49:04.857+0000] {processor.py:186} INFO - Started process (PID=2240) to work on /opt/airflow/dags/hw_dag.py
[2024-09-12T15:49:04.873+0000] {processor.py:914} INFO - Processing file /opt/airflow/dags/hw_dag.py for tasks to queue
[2024-09-12T15:49:04.893+0000] {logging_mixin.py:190} INFO - [2024-09-12T15:49:04.891+0000] {dagbag.py:587} INFO - Filling up the DagBag from /opt/airflow/dags/hw_dag.py
[2024-09-12T15:49:25.091+0000] {processor.py:925} INFO - DAG(s) 'car_price_prediction' retrieved from /opt/airflow/dags/hw_dag.py
[2024-09-12T15:49:25.326+0000] {logging_mixin.py:190} INFO - [2024-09-12T15:49:25.324+0000] {dag.py:3211} INFO - Sync 1 DAGs
[2024-09-12T15:49:25.550+0000] {logging_mixin.py:190} INFO - [2024-09-12T15:49:25.542+0000] {dag.py:4138} INFO - Setting next_dagrun for car_price_prediction to 2022-09-07 15:00:00+00:00, run_after=2022-09-08 15:00:00+00:00
[2024-09-12T15:49:25.751+0000] {processor.py:208} INFO - Processing /opt/airflow/dags/hw_dag.py took 20.962 seconds
[2024-09-12T15:49:37.594+0000] {processor.py:186} INFO - Started process (PID=2275) to work on /opt/airflow/dags/hw_dag.py
[2024-09-12T15:49:37.597+0000] {processor.py:914} INFO - Processing file /opt/airflow/dags/hw_dag.py for tasks to queue
[2024-09-12T15:49:37.600+0000] {logging_mixin.py:190} INFO - [2024-09-12T15:49:37.599+0000] {dagbag.py:587} INFO - Filling up the DagBag from /opt/airflow/dags/hw_dag.py
[2024-09-12T15:49:48.841+0000] {processor.py:925} INFO - DAG(s) 'car_price_prediction' retrieved from /opt/airflow/dags/hw_dag.py
[2024-09-12T15:49:49.001+0000] {logging_mixin.py:190} INFO - [2024-09-12T15:49:49.000+0000] {taskinstance.py:3303} ERROR - {'DAG Id': 'car_price_prediction', 'Task Id': 'pipeline', 'Run Id': 'scheduled__2022-08-08T15:00:00+00:00', 'Hostname': '6d94a8a19157', 'External Executor Id': 'e6fe775c-8768-47c7-abb0-2412c18d5d95'}
[2024-09-12T15:49:49.178+0000] {logging_mixin.py:190} INFO - Task instance in failure state
[2024-09-12T15:49:49.182+0000] {logging_mixin.py:190} INFO - Task start:2024-09-12 15:29:27.899951+00:00 end:2024-09-12 15:49:49.121763+00:00 duration:1221.221812
[2024-09-12T15:49:49.185+0000] {logging_mixin.py:190} INFO - Task:<Task(PythonOperator): pipeline> dag:<DAG: car_price_prediction> dagrun:<DagRun car_price_prediction @ 2022-08-08 15:00:00+00:00: scheduled__2022-08-08T15:00:00+00:00, state:running, queued_at: 2024-09-12 15:25:37.735839+00:00. externally triggered: False>
[2024-09-12T15:49:49.188+0000] {logging_mixin.py:190} INFO - Failure caused by {'DAG Id': 'car_price_prediction', 'Task Id': 'pipeline', 'Run Id': 'scheduled__2022-08-08T15:00:00+00:00', 'Hostname': '6d94a8a19157', 'External Executor Id': 'e6fe775c-8768-47c7-abb0-2412c18d5d95'}
[2024-09-12T15:49:49.191+0000] {logging_mixin.py:190} INFO - [2024-09-12T15:49:49.191+0000] {taskinstance.py:1225} INFO - Marking task as FAILED. dag_id=car_price_prediction, task_id=pipeline, run_id=scheduled__2022-08-08T15:00:00+00:00, execution_date=20220808T150000, start_date=20240912T152927, end_date=20240912T154949
[2024-09-12T15:49:49.266+0000] {logging_mixin.py:190} INFO - [2024-09-12T15:49:49.252+0000] {processor.py:876} INFO - Executed callback for <TaskInstance: car_price_prediction.pipeline scheduled__2022-08-08T15:00:00+00:00 [failed]> in state failed
[2024-09-12T15:49:49.348+0000] {logging_mixin.py:190} INFO - [2024-09-12T15:49:49.347+0000] {dag.py:3211} INFO - Sync 1 DAGs
[2024-09-12T15:49:49.863+0000] {processor.py:208} INFO - Processing /opt/airflow/dags/hw_dag.py took 12.313 seconds
[2024-09-12T15:50:20.922+0000] {processor.py:186} INFO - Started process (PID=2343) to work on /opt/airflow/dags/hw_dag.py
[2024-09-12T15:50:20.936+0000] {processor.py:914} INFO - Processing file /opt/airflow/dags/hw_dag.py for tasks to queue
[2024-09-12T15:50:20.943+0000] {logging_mixin.py:190} INFO - [2024-09-12T15:50:20.942+0000] {dagbag.py:587} INFO - Filling up the DagBag from /opt/airflow/dags/hw_dag.py
[2024-09-12T15:50:31.687+0000] {processor.py:925} INFO - DAG(s) 'car_price_prediction' retrieved from /opt/airflow/dags/hw_dag.py
[2024-09-12T15:50:33.351+0000] {logging_mixin.py:190} INFO - [2024-09-12T15:50:33.339+0000] {taskinstance.py:3303} ERROR - {'DAG Id': 'car_price_prediction', 'Task Id': 'pipeline', 'Run Id': 'scheduled__2022-08-08T15:00:00+00:00', 'Hostname': '6d94a8a19157', 'External Executor Id': 'e6fe775c-8768-47c7-abb0-2412c18d5d95'}
[2024-09-12T15:50:33.571+0000] {logging_mixin.py:190} INFO - Task instance in failure state
[2024-09-12T15:50:33.581+0000] {logging_mixin.py:190} INFO - Task start:2024-09-12 15:29:27.899951+00:00 end:2024-09-12 15:50:33.427973+00:00 duration:1265.528022
[2024-09-12T15:50:33.589+0000] {logging_mixin.py:190} INFO - Task:<Task(PythonOperator): pipeline> dag:<DAG: car_price_prediction> dagrun:<DagRun car_price_prediction @ 2022-08-08 15:00:00+00:00: scheduled__2022-08-08T15:00:00+00:00, state:failed, queued_at: 2024-09-12 15:25:37.735839+00:00. externally triggered: False>
[2024-09-12T15:50:33.593+0000] {logging_mixin.py:190} INFO - Failure caused by {'DAG Id': 'car_price_prediction', 'Task Id': 'pipeline', 'Run Id': 'scheduled__2022-08-08T15:00:00+00:00', 'Hostname': '6d94a8a19157', 'External Executor Id': 'e6fe775c-8768-47c7-abb0-2412c18d5d95'}
[2024-09-12T15:50:33.595+0000] {logging_mixin.py:190} INFO - [2024-09-12T15:50:33.595+0000] {taskinstance.py:1225} INFO - Marking task as FAILED. dag_id=car_price_prediction, task_id=pipeline, run_id=scheduled__2022-08-08T15:00:00+00:00, execution_date=20220808T150000, start_date=20240912T152927, end_date=20240912T155033
[2024-09-12T15:50:33.658+0000] {logging_mixin.py:190} INFO - [2024-09-12T15:50:33.657+0000] {processor.py:876} INFO - Executed callback for <TaskInstance: car_price_prediction.pipeline scheduled__2022-08-08T15:00:00+00:00 [failed]> in state failed
[2024-09-12T15:50:33.756+0000] {logging_mixin.py:190} INFO - [2024-09-12T15:50:33.754+0000] {dag.py:3211} INFO - Sync 1 DAGs
[2024-09-12T15:50:33.928+0000] {logging_mixin.py:190} INFO - [2024-09-12T15:50:33.927+0000] {dag.py:4138} INFO - Setting next_dagrun for car_price_prediction to 2022-09-08 15:00:00+00:00, run_after=2022-09-09 15:00:00+00:00
[2024-09-12T15:50:34.061+0000] {processor.py:208} INFO - Processing /opt/airflow/dags/hw_dag.py took 13.170 seconds
[2024-09-12T15:51:14.589+0000] {processor.py:186} INFO - Started process (PID=2383) to work on /opt/airflow/dags/hw_dag.py
[2024-09-12T15:51:14.598+0000] {processor.py:914} INFO - Processing file /opt/airflow/dags/hw_dag.py for tasks to queue
[2024-09-12T15:51:14.618+0000] {logging_mixin.py:190} INFO - [2024-09-12T15:51:14.607+0000] {dagbag.py:587} INFO - Filling up the DagBag from /opt/airflow/dags/hw_dag.py
[2024-09-12T15:51:46.486+0000] {logging_mixin.py:190} INFO - [2024-09-12T15:51:46.477+0000] {timeout.py:68} ERROR - Process timed out, PID: 2383
[2024-09-12T15:51:46.489+0000] {logging_mixin.py:190} WARNING - Exception ignored in: <function WeakKeyDictionary.__init__.<locals>.remove at 0x7fee0c088cc0>
[2024-09-12T15:51:46.490+0000] {logging_mixin.py:190} WARNING - Traceback (most recent call last):
[2024-09-12T15:51:46.492+0000] {logging_mixin.py:190} WARNING -   File "/usr/local/lib/python3.12/weakref.py", line 369, in remove
[2024-09-12T15:51:46.496+0000] {logging_mixin.py:190} WARNING -     def remove(k, selfref=ref(self)):
[2024-09-12T15:51:46.497+0000] {logging_mixin.py:190} WARNING -   File "/home/airflow/.local/lib/python3.12/site-packages/airflow/utils/timeout.py", line 69, in handle_timeout
[2024-09-12T15:51:46.512+0000] {logging_mixin.py:190} WARNING -     raise AirflowTaskTimeout(self.error_message)
[2024-09-12T15:51:46.513+0000] {logging_mixin.py:190} WARNING - airflow.exceptions.AirflowTaskTimeout: DagBag import timeout for /opt/airflow/dags/hw_dag.py after 30.0s.
Please take a look at these docs to improve your DAG import time:
* https://airflow.apache.org/docs/apache-airflow/2.10.0/best-practices.html#top-level-python-code
* https://airflow.apache.org/docs/apache-airflow/2.10.0/best-practices.html#reducing-dag-complexity, PID: 2383
[2024-09-12T15:51:50.825+0000] {processor.py:925} INFO - DAG(s) 'car_price_prediction' retrieved from /opt/airflow/dags/hw_dag.py
[2024-09-12T15:51:50.985+0000] {logging_mixin.py:190} INFO - [2024-09-12T15:51:50.984+0000] {taskinstance.py:3303} ERROR - {'DAG Id': 'car_price_prediction', 'Task Id': 'pipeline', 'Run Id': 'scheduled__2022-07-18T15:00:00+00:00', 'Hostname': '6d94a8a19157', 'External Executor Id': 'd7d9a571-a278-487c-bcb9-b01f4f2a9c79'}
[2024-09-12T15:51:51.134+0000] {logging_mixin.py:190} INFO - Task instance in failure state
[2024-09-12T15:51:51.143+0000] {logging_mixin.py:190} INFO - Task start:2024-09-12 15:15:52.995465+00:00 end:2024-09-12 15:51:51.044286+00:00 duration:2158.048821
[2024-09-12T15:51:51.145+0000] {logging_mixin.py:190} INFO - Task:<Task(PythonOperator): pipeline> dag:<DAG: car_price_prediction> dagrun:<DagRun car_price_prediction @ 2022-07-18 15:00:00+00:00: scheduled__2022-07-18T15:00:00+00:00, state:running, queued_at: 2024-09-12 15:09:40.800543+00:00. externally triggered: False>
[2024-09-12T15:51:51.151+0000] {logging_mixin.py:190} INFO - Failure caused by {'DAG Id': 'car_price_prediction', 'Task Id': 'pipeline', 'Run Id': 'scheduled__2022-07-18T15:00:00+00:00', 'Hostname': '6d94a8a19157', 'External Executor Id': 'd7d9a571-a278-487c-bcb9-b01f4f2a9c79'}
[2024-09-12T15:51:51.155+0000] {logging_mixin.py:190} INFO - [2024-09-12T15:51:51.155+0000] {taskinstance.py:1225} INFO - Marking task as FAILED. dag_id=car_price_prediction, task_id=pipeline, run_id=scheduled__2022-07-18T15:00:00+00:00, execution_date=20220718T150000, start_date=20240912T151552, end_date=20240912T155151
[2024-09-12T15:51:51.244+0000] {logging_mixin.py:190} INFO - [2024-09-12T15:51:51.244+0000] {processor.py:876} INFO - Executed callback for <TaskInstance: car_price_prediction.pipeline scheduled__2022-07-18T15:00:00+00:00 [failed]> in state failed
[2024-09-12T15:51:51.294+0000] {logging_mixin.py:190} INFO - [2024-09-12T15:51:51.293+0000] {dag.py:3211} INFO - Sync 1 DAGs
[2024-09-12T15:51:51.528+0000] {processor.py:208} INFO - Processing /opt/airflow/dags/hw_dag.py took 36.998 seconds
[2024-09-12T15:51:59.173+0000] {processor.py:186} INFO - Started process (PID=2445) to work on /opt/airflow/dags/hw_dag.py
[2024-09-12T15:51:59.176+0000] {processor.py:914} INFO - Processing file /opt/airflow/dags/hw_dag.py for tasks to queue
[2024-09-12T15:51:59.197+0000] {logging_mixin.py:190} INFO - [2024-09-12T15:51:59.196+0000] {dagbag.py:587} INFO - Filling up the DagBag from /opt/airflow/dags/hw_dag.py
[2024-09-12T15:52:07.368+0000] {processor.py:925} INFO - DAG(s) 'car_price_prediction' retrieved from /opt/airflow/dags/hw_dag.py
[2024-09-12T15:52:07.453+0000] {logging_mixin.py:190} INFO - [2024-09-12T15:52:07.451+0000] {taskinstance.py:3303} ERROR - {'DAG Id': 'car_price_prediction', 'Task Id': 'pipeline', 'Run Id': 'scheduled__2022-07-18T15:00:00+00:00', 'Hostname': '6d94a8a19157', 'External Executor Id': 'd7d9a571-a278-487c-bcb9-b01f4f2a9c79'}
[2024-09-12T15:52:07.558+0000] {logging_mixin.py:190} INFO - Task instance in failure state
[2024-09-12T15:52:07.565+0000] {logging_mixin.py:190} INFO - Task start:2024-09-12 15:15:52.995465+00:00 end:2024-09-12 15:52:07.481384+00:00 duration:2174.485919
[2024-09-12T15:52:07.566+0000] {logging_mixin.py:190} INFO - Task:<Task(PythonOperator): pipeline> dag:<DAG: car_price_prediction> dagrun:<DagRun car_price_prediction @ 2022-07-18 15:00:00+00:00: scheduled__2022-07-18T15:00:00+00:00, state:failed, queued_at: 2024-09-12 15:09:40.800543+00:00. externally triggered: False>
[2024-09-12T15:52:07.567+0000] {logging_mixin.py:190} INFO - Failure caused by {'DAG Id': 'car_price_prediction', 'Task Id': 'pipeline', 'Run Id': 'scheduled__2022-07-18T15:00:00+00:00', 'Hostname': '6d94a8a19157', 'External Executor Id': 'd7d9a571-a278-487c-bcb9-b01f4f2a9c79'}
[2024-09-12T15:52:07.570+0000] {logging_mixin.py:190} INFO - [2024-09-12T15:52:07.569+0000] {taskinstance.py:1225} INFO - Marking task as FAILED. dag_id=car_price_prediction, task_id=pipeline, run_id=scheduled__2022-07-18T15:00:00+00:00, execution_date=20220718T150000, start_date=20240912T151552, end_date=20240912T155207
[2024-09-12T15:52:07.674+0000] {logging_mixin.py:190} INFO - [2024-09-12T15:52:07.673+0000] {processor.py:876} INFO - Executed callback for <TaskInstance: car_price_prediction.pipeline scheduled__2022-07-18T15:00:00+00:00 [failed]> in state failed
[2024-09-12T15:52:07.699+0000] {logging_mixin.py:190} INFO - [2024-09-12T15:52:07.699+0000] {taskinstance.py:3303} ERROR - {'DAG Id': 'car_price_prediction', 'Task Id': 'pipeline', 'Run Id': 'scheduled__2022-07-21T15:00:00+00:00', 'Hostname': '6d94a8a19157', 'External Executor Id': '2d9d4fa0-d515-4378-827f-c403c5a0c1e2'}
[2024-09-12T15:52:07.757+0000] {logging_mixin.py:190} INFO - Task instance in failure state
[2024-09-12T15:52:07.759+0000] {logging_mixin.py:190} INFO - Task start:2024-09-12 15:15:52.872425+00:00 end:2024-09-12 15:52:07.729357+00:00 duration:2174.856932
[2024-09-12T15:52:07.760+0000] {logging_mixin.py:190} INFO - Task:<Task(PythonOperator): pipeline> dag:<DAG: car_price_prediction> dagrun:<DagRun car_price_prediction @ 2022-07-21 15:00:00+00:00: scheduled__2022-07-21T15:00:00+00:00, state:running, queued_at: 2024-09-12 15:10:22.300840+00:00. externally triggered: False>
[2024-09-12T15:52:07.772+0000] {logging_mixin.py:190} INFO - Failure caused by {'DAG Id': 'car_price_prediction', 'Task Id': 'pipeline', 'Run Id': 'scheduled__2022-07-21T15:00:00+00:00', 'Hostname': '6d94a8a19157', 'External Executor Id': '2d9d4fa0-d515-4378-827f-c403c5a0c1e2'}
[2024-09-12T15:52:07.773+0000] {logging_mixin.py:190} INFO - [2024-09-12T15:52:07.773+0000] {taskinstance.py:1225} INFO - Marking task as FAILED. dag_id=car_price_prediction, task_id=pipeline, run_id=scheduled__2022-07-21T15:00:00+00:00, execution_date=20220721T150000, start_date=20240912T151552, end_date=20240912T155207
[2024-09-12T15:52:07.809+0000] {logging_mixin.py:190} INFO - [2024-09-12T15:52:07.808+0000] {processor.py:876} INFO - Executed callback for <TaskInstance: car_price_prediction.pipeline scheduled__2022-07-21T15:00:00+00:00 [failed]> in state failed
[2024-09-12T15:52:07.845+0000] {logging_mixin.py:190} INFO - [2024-09-12T15:52:07.844+0000] {taskinstance.py:3303} ERROR - {'DAG Id': 'car_price_prediction', 'Task Id': 'pipeline', 'Run Id': 'scheduled__2022-07-18T15:00:00+00:00', 'Hostname': '6d94a8a19157', 'External Executor Id': 'd7d9a571-a278-487c-bcb9-b01f4f2a9c79'}
[2024-09-12T15:52:07.896+0000] {logging_mixin.py:190} INFO - Task instance in failure state
[2024-09-12T15:52:07.897+0000] {logging_mixin.py:190} INFO - Task start:2024-09-12 15:15:52.995465+00:00 end:2024-09-12 15:52:07.855978+00:00 duration:2174.860513
[2024-09-12T15:52:07.898+0000] {logging_mixin.py:190} INFO - Task:<Task(PythonOperator): pipeline> dag:<DAG: car_price_prediction> dagrun:<DagRun car_price_prediction @ 2022-07-18 15:00:00+00:00: scheduled__2022-07-18T15:00:00+00:00, state:failed, queued_at: 2024-09-12 15:09:40.800543+00:00. externally triggered: False>
[2024-09-12T15:52:07.900+0000] {logging_mixin.py:190} INFO - Failure caused by {'DAG Id': 'car_price_prediction', 'Task Id': 'pipeline', 'Run Id': 'scheduled__2022-07-18T15:00:00+00:00', 'Hostname': '6d94a8a19157', 'External Executor Id': 'd7d9a571-a278-487c-bcb9-b01f4f2a9c79'}
[2024-09-12T15:52:07.903+0000] {logging_mixin.py:190} INFO - [2024-09-12T15:52:07.901+0000] {taskinstance.py:1225} INFO - Marking task as FAILED. dag_id=car_price_prediction, task_id=pipeline, run_id=scheduled__2022-07-18T15:00:00+00:00, execution_date=20220718T150000, start_date=20240912T151552, end_date=20240912T155207
[2024-09-12T15:52:07.933+0000] {logging_mixin.py:190} INFO - [2024-09-12T15:52:07.933+0000] {processor.py:876} INFO - Executed callback for <TaskInstance: car_price_prediction.pipeline scheduled__2022-07-18T15:00:00+00:00 [failed]> in state failed
[2024-09-12T15:52:07.953+0000] {logging_mixin.py:190} INFO - [2024-09-12T15:52:07.952+0000] {taskinstance.py:3303} ERROR - {'DAG Id': 'car_price_prediction', 'Task Id': 'pipeline', 'Run Id': 'scheduled__2022-07-21T15:00:00+00:00', 'Hostname': '6d94a8a19157', 'External Executor Id': '2d9d4fa0-d515-4378-827f-c403c5a0c1e2'}
[2024-09-12T15:52:07.989+0000] {logging_mixin.py:190} INFO - Task instance in failure state
[2024-09-12T15:52:07.990+0000] {logging_mixin.py:190} INFO - Task start:2024-09-12 15:15:52.872425+00:00 end:2024-09-12 15:52:07.964403+00:00 duration:2175.091978
[2024-09-12T15:52:07.996+0000] {logging_mixin.py:190} INFO - Task:<Task(PythonOperator): pipeline> dag:<DAG: car_price_prediction> dagrun:<DagRun car_price_prediction @ 2022-07-21 15:00:00+00:00: scheduled__2022-07-21T15:00:00+00:00, state:running, queued_at: 2024-09-12 15:10:22.300840+00:00. externally triggered: False>
[2024-09-12T15:52:07.997+0000] {logging_mixin.py:190} INFO - Failure caused by {'DAG Id': 'car_price_prediction', 'Task Id': 'pipeline', 'Run Id': 'scheduled__2022-07-21T15:00:00+00:00', 'Hostname': '6d94a8a19157', 'External Executor Id': '2d9d4fa0-d515-4378-827f-c403c5a0c1e2'}
[2024-09-12T15:52:07.998+0000] {logging_mixin.py:190} INFO - [2024-09-12T15:52:07.998+0000] {taskinstance.py:1225} INFO - Marking task as FAILED. dag_id=car_price_prediction, task_id=pipeline, run_id=scheduled__2022-07-21T15:00:00+00:00, execution_date=20220721T150000, start_date=20240912T151552, end_date=20240912T155207
[2024-09-12T15:52:08.031+0000] {logging_mixin.py:190} INFO - [2024-09-12T15:52:08.031+0000] {processor.py:876} INFO - Executed callback for <TaskInstance: car_price_prediction.pipeline scheduled__2022-07-21T15:00:00+00:00 [failed]> in state failed
[2024-09-12T15:52:08.044+0000] {logging_mixin.py:190} INFO - [2024-09-12T15:52:08.043+0000] {taskinstance.py:3303} ERROR - {'DAG Id': 'car_price_prediction', 'Task Id': 'pipeline', 'Run Id': 'scheduled__2022-07-18T15:00:00+00:00', 'Hostname': '6d94a8a19157', 'External Executor Id': 'd7d9a571-a278-487c-bcb9-b01f4f2a9c79'}
[2024-09-12T15:52:08.126+0000] {logging_mixin.py:190} INFO - Task instance in failure state
[2024-09-12T15:52:08.143+0000] {logging_mixin.py:190} INFO - Task start:2024-09-12 15:15:52.995465+00:00 end:2024-09-12 15:52:08.079504+00:00 duration:2175.084039
[2024-09-12T15:52:08.144+0000] {logging_mixin.py:190} INFO - Task:<Task(PythonOperator): pipeline> dag:<DAG: car_price_prediction> dagrun:<DagRun car_price_prediction @ 2022-07-18 15:00:00+00:00: scheduled__2022-07-18T15:00:00+00:00, state:failed, queued_at: 2024-09-12 15:09:40.800543+00:00. externally triggered: False>
[2024-09-12T15:52:08.146+0000] {logging_mixin.py:190} INFO - Failure caused by {'DAG Id': 'car_price_prediction', 'Task Id': 'pipeline', 'Run Id': 'scheduled__2022-07-18T15:00:00+00:00', 'Hostname': '6d94a8a19157', 'External Executor Id': 'd7d9a571-a278-487c-bcb9-b01f4f2a9c79'}
[2024-09-12T15:52:08.148+0000] {logging_mixin.py:190} INFO - [2024-09-12T15:52:08.147+0000] {taskinstance.py:1225} INFO - Marking task as FAILED. dag_id=car_price_prediction, task_id=pipeline, run_id=scheduled__2022-07-18T15:00:00+00:00, execution_date=20220718T150000, start_date=20240912T151552, end_date=20240912T155208
[2024-09-12T15:52:08.166+0000] {logging_mixin.py:190} INFO - [2024-09-12T15:52:08.166+0000] {processor.py:876} INFO - Executed callback for <TaskInstance: car_price_prediction.pipeline scheduled__2022-07-18T15:00:00+00:00 [failed]> in state failed
[2024-09-12T15:52:08.177+0000] {logging_mixin.py:190} INFO - [2024-09-12T15:52:08.177+0000] {taskinstance.py:3303} ERROR - {'DAG Id': 'car_price_prediction', 'Task Id': 'pipeline', 'Run Id': 'scheduled__2022-07-21T15:00:00+00:00', 'Hostname': '6d94a8a19157', 'External Executor Id': '2d9d4fa0-d515-4378-827f-c403c5a0c1e2'}
[2024-09-12T15:52:08.216+0000] {logging_mixin.py:190} INFO - Task instance in failure state
[2024-09-12T15:52:08.221+0000] {logging_mixin.py:190} INFO - Task start:2024-09-12 15:15:52.872425+00:00 end:2024-09-12 15:52:08.193899+00:00 duration:2175.321474
[2024-09-12T15:52:08.222+0000] {logging_mixin.py:190} INFO - Task:<Task(PythonOperator): pipeline> dag:<DAG: car_price_prediction> dagrun:<DagRun car_price_prediction @ 2022-07-21 15:00:00+00:00: scheduled__2022-07-21T15:00:00+00:00, state:running, queued_at: 2024-09-12 15:10:22.300840+00:00. externally triggered: False>
[2024-09-12T15:52:08.223+0000] {logging_mixin.py:190} INFO - Failure caused by {'DAG Id': 'car_price_prediction', 'Task Id': 'pipeline', 'Run Id': 'scheduled__2022-07-21T15:00:00+00:00', 'Hostname': '6d94a8a19157', 'External Executor Id': '2d9d4fa0-d515-4378-827f-c403c5a0c1e2'}
[2024-09-12T15:52:08.226+0000] {logging_mixin.py:190} INFO - [2024-09-12T15:52:08.225+0000] {taskinstance.py:1225} INFO - Marking task as FAILED. dag_id=car_price_prediction, task_id=pipeline, run_id=scheduled__2022-07-21T15:00:00+00:00, execution_date=20220721T150000, start_date=20240912T151552, end_date=20240912T155208
[2024-09-12T15:52:08.239+0000] {logging_mixin.py:190} INFO - [2024-09-12T15:52:08.239+0000] {processor.py:876} INFO - Executed callback for <TaskInstance: car_price_prediction.pipeline scheduled__2022-07-21T15:00:00+00:00 [failed]> in state failed
[2024-09-12T15:52:08.247+0000] {logging_mixin.py:190} INFO - [2024-09-12T15:52:08.247+0000] {taskinstance.py:3303} ERROR - {'DAG Id': 'car_price_prediction', 'Task Id': 'pipeline', 'Run Id': 'scheduled__2022-07-21T15:00:00+00:00', 'Hostname': '6d94a8a19157', 'External Executor Id': '2d9d4fa0-d515-4378-827f-c403c5a0c1e2'}
[2024-09-12T15:52:08.281+0000] {logging_mixin.py:190} INFO - Task instance in failure state
[2024-09-12T15:52:08.288+0000] {logging_mixin.py:190} INFO - Task start:2024-09-12 15:15:52.872425+00:00 end:2024-09-12 15:52:08.264419+00:00 duration:2175.391994
[2024-09-12T15:52:08.293+0000] {logging_mixin.py:190} INFO - Task:<Task(PythonOperator): pipeline> dag:<DAG: car_price_prediction> dagrun:<DagRun car_price_prediction @ 2022-07-21 15:00:00+00:00: scheduled__2022-07-21T15:00:00+00:00, state:running, queued_at: 2024-09-12 15:10:22.300840+00:00. externally triggered: False>
[2024-09-12T15:52:08.294+0000] {logging_mixin.py:190} INFO - Failure caused by {'DAG Id': 'car_price_prediction', 'Task Id': 'pipeline', 'Run Id': 'scheduled__2022-07-21T15:00:00+00:00', 'Hostname': '6d94a8a19157', 'External Executor Id': '2d9d4fa0-d515-4378-827f-c403c5a0c1e2'}
[2024-09-12T15:52:08.296+0000] {logging_mixin.py:190} INFO - [2024-09-12T15:52:08.295+0000] {taskinstance.py:1225} INFO - Marking task as FAILED. dag_id=car_price_prediction, task_id=pipeline, run_id=scheduled__2022-07-21T15:00:00+00:00, execution_date=20220721T150000, start_date=20240912T151552, end_date=20240912T155208
[2024-09-12T15:52:08.314+0000] {logging_mixin.py:190} INFO - [2024-09-12T15:52:08.313+0000] {processor.py:876} INFO - Executed callback for <TaskInstance: car_price_prediction.pipeline scheduled__2022-07-21T15:00:00+00:00 [failed]> in state failed
[2024-09-12T15:52:08.355+0000] {logging_mixin.py:190} INFO - [2024-09-12T15:52:08.353+0000] {dag.py:3211} INFO - Sync 1 DAGs
[2024-09-12T15:52:08.427+0000] {logging_mixin.py:190} INFO - [2024-09-12T15:52:08.426+0000] {dag.py:4138} INFO - Setting next_dagrun for car_price_prediction to 2022-09-11 15:00:00+00:00, run_after=2022-09-12 15:00:00+00:00
[2024-09-12T15:52:08.488+0000] {processor.py:208} INFO - Processing /opt/airflow/dags/hw_dag.py took 9.349 seconds
[2024-09-12T15:52:38.821+0000] {processor.py:186} INFO - Started process (PID=2517) to work on /opt/airflow/dags/hw_dag.py
[2024-09-12T15:52:38.837+0000] {processor.py:914} INFO - Processing file /opt/airflow/dags/hw_dag.py for tasks to queue
[2024-09-12T15:52:38.844+0000] {logging_mixin.py:190} INFO - [2024-09-12T15:52:38.842+0000] {dagbag.py:587} INFO - Filling up the DagBag from /opt/airflow/dags/hw_dag.py
[2024-09-12T15:52:48.674+0000] {processor.py:925} INFO - DAG(s) 'car_price_prediction' retrieved from /opt/airflow/dags/hw_dag.py
[2024-09-12T15:52:52.606+0000] {logging_mixin.py:190} INFO - [2024-09-12T15:52:52.574+0000] {dag.py:3211} INFO - Sync 1 DAGs
[2024-09-12T15:52:52.883+0000] {logging_mixin.py:190} INFO - [2024-09-12T15:52:52.883+0000] {dag.py:4138} INFO - Setting next_dagrun for car_price_prediction to 2022-09-12 15:00:00+00:00, run_after=2022-09-13 15:00:00+00:00
[2024-09-12T15:52:53.002+0000] {processor.py:208} INFO - Processing /opt/airflow/dags/hw_dag.py took 14.213 seconds
[2024-09-12T15:53:06.486+0000] {processor.py:186} INFO - Started process (PID=2558) to work on /opt/airflow/dags/hw_dag.py
[2024-09-12T15:53:06.494+0000] {processor.py:914} INFO - Processing file /opt/airflow/dags/hw_dag.py for tasks to queue
[2024-09-12T15:53:06.499+0000] {logging_mixin.py:190} INFO - [2024-09-12T15:53:06.498+0000] {dagbag.py:587} INFO - Filling up the DagBag from /opt/airflow/dags/hw_dag.py
[2024-09-12T15:53:16.106+0000] {processor.py:925} INFO - DAG(s) 'car_price_prediction' retrieved from /opt/airflow/dags/hw_dag.py
[2024-09-12T15:53:16.182+0000] {logging_mixin.py:190} INFO - [2024-09-12T15:53:16.179+0000] {taskinstance.py:3303} ERROR - {'DAG Id': 'car_price_prediction', 'Task Id': 'pipeline', 'Run Id': 'scheduled__2022-07-22T15:00:00+00:00', 'Hostname': '6d94a8a19157', 'External Executor Id': 'ef8a3eeb-cb37-4ba9-a3d6-07cfb701ef76'}
[2024-09-12T15:53:16.284+0000] {logging_mixin.py:190} INFO - Task instance in failure state
[2024-09-12T15:53:16.291+0000] {logging_mixin.py:190} INFO - Task start:2024-09-12 15:15:52.275299+00:00 end:2024-09-12 15:53:16.209868+00:00 duration:2243.934569
[2024-09-12T15:53:16.292+0000] {logging_mixin.py:190} INFO - Task:<Task(PythonOperator): pipeline> dag:<DAG: car_price_prediction> dagrun:<DagRun car_price_prediction @ 2022-07-22 15:00:00+00:00: scheduled__2022-07-22T15:00:00+00:00, state:running, queued_at: 2024-09-12 15:10:25.084128+00:00. externally triggered: False>
[2024-09-12T15:53:16.299+0000] {logging_mixin.py:190} INFO - Failure caused by {'DAG Id': 'car_price_prediction', 'Task Id': 'pipeline', 'Run Id': 'scheduled__2022-07-22T15:00:00+00:00', 'Hostname': '6d94a8a19157', 'External Executor Id': 'ef8a3eeb-cb37-4ba9-a3d6-07cfb701ef76'}
[2024-09-12T15:53:16.302+0000] {logging_mixin.py:190} INFO - [2024-09-12T15:53:16.301+0000] {taskinstance.py:1225} INFO - Marking task as FAILED. dag_id=car_price_prediction, task_id=pipeline, run_id=scheduled__2022-07-22T15:00:00+00:00, execution_date=20220722T150000, start_date=20240912T151552, end_date=20240912T155316
[2024-09-12T15:53:16.404+0000] {logging_mixin.py:190} INFO - [2024-09-12T15:53:16.404+0000] {processor.py:876} INFO - Executed callback for <TaskInstance: car_price_prediction.pipeline scheduled__2022-07-22T15:00:00+00:00 [failed]> in state failed
[2024-09-12T15:53:16.520+0000] {logging_mixin.py:190} INFO - [2024-09-12T15:53:16.508+0000] {dag.py:3211} INFO - Sync 1 DAGs
[2024-09-12T15:53:16.648+0000] {logging_mixin.py:190} INFO - [2024-09-12T15:53:16.648+0000] {dag.py:4138} INFO - Setting next_dagrun for car_price_prediction to 2022-09-14 15:00:00+00:00, run_after=2022-09-15 15:00:00+00:00
[2024-09-12T15:53:16.745+0000] {processor.py:208} INFO - Processing /opt/airflow/dags/hw_dag.py took 10.317 seconds
[2024-09-12T15:53:47.653+0000] {processor.py:186} INFO - Started process (PID=2637) to work on /opt/airflow/dags/hw_dag.py
[2024-09-12T15:53:47.669+0000] {processor.py:914} INFO - Processing file /opt/airflow/dags/hw_dag.py for tasks to queue
[2024-09-12T15:53:47.673+0000] {logging_mixin.py:190} INFO - [2024-09-12T15:53:47.672+0000] {dagbag.py:587} INFO - Filling up the DagBag from /opt/airflow/dags/hw_dag.py
[2024-09-12T15:53:59.524+0000] {processor.py:925} INFO - DAG(s) 'car_price_prediction' retrieved from /opt/airflow/dags/hw_dag.py
[2024-09-12T15:53:59.603+0000] {logging_mixin.py:190} INFO - [2024-09-12T15:53:59.601+0000] {taskinstance.py:3303} ERROR - {'DAG Id': 'car_price_prediction', 'Task Id': 'pipeline', 'Run Id': 'scheduled__2022-07-22T15:00:00+00:00', 'Hostname': '6d94a8a19157', 'External Executor Id': 'ef8a3eeb-cb37-4ba9-a3d6-07cfb701ef76'}
[2024-09-12T15:53:59.718+0000] {logging_mixin.py:190} INFO - Task instance in failure state
[2024-09-12T15:53:59.720+0000] {logging_mixin.py:190} INFO - Task start:2024-09-12 15:15:52.275299+00:00 end:2024-09-12 15:53:59.638881+00:00 duration:2287.363582
[2024-09-12T15:53:59.721+0000] {logging_mixin.py:190} INFO - Task:<Task(PythonOperator): pipeline> dag:<DAG: car_price_prediction> dagrun:<DagRun car_price_prediction @ 2022-07-22 15:00:00+00:00: scheduled__2022-07-22T15:00:00+00:00, state:failed, queued_at: 2024-09-12 15:10:25.084128+00:00. externally triggered: False>
[2024-09-12T15:53:59.725+0000] {logging_mixin.py:190} INFO - Failure caused by {'DAG Id': 'car_price_prediction', 'Task Id': 'pipeline', 'Run Id': 'scheduled__2022-07-22T15:00:00+00:00', 'Hostname': '6d94a8a19157', 'External Executor Id': 'ef8a3eeb-cb37-4ba9-a3d6-07cfb701ef76'}
[2024-09-12T15:53:59.729+0000] {logging_mixin.py:190} INFO - [2024-09-12T15:53:59.728+0000] {taskinstance.py:1225} INFO - Marking task as FAILED. dag_id=car_price_prediction, task_id=pipeline, run_id=scheduled__2022-07-22T15:00:00+00:00, execution_date=20220722T150000, start_date=20240912T151552, end_date=20240912T155359
[2024-09-12T15:53:59.876+0000] {logging_mixin.py:190} INFO - [2024-09-12T15:53:59.875+0000] {processor.py:876} INFO - Executed callback for <TaskInstance: car_price_prediction.pipeline scheduled__2022-07-22T15:00:00+00:00 [failed]> in state failed
[2024-09-12T15:53:59.929+0000] {logging_mixin.py:190} INFO - [2024-09-12T15:53:59.928+0000] {dag.py:3211} INFO - Sync 1 DAGs
[2024-09-12T15:54:00.144+0000] {logging_mixin.py:190} INFO - [2024-09-12T15:54:00.144+0000] {dag.py:4138} INFO - Setting next_dagrun for car_price_prediction to 2022-09-15 15:00:00+00:00, run_after=2022-09-16 15:00:00+00:00
[2024-09-12T15:54:00.216+0000] {processor.py:208} INFO - Processing /opt/airflow/dags/hw_dag.py took 12.604 seconds
[2024-09-12T15:54:28.464+0000] {processor.py:186} INFO - Started process (PID=2685) to work on /opt/airflow/dags/hw_dag.py
[2024-09-12T15:54:28.489+0000] {processor.py:914} INFO - Processing file /opt/airflow/dags/hw_dag.py for tasks to queue
[2024-09-12T15:54:28.493+0000] {logging_mixin.py:190} INFO - [2024-09-12T15:54:28.492+0000] {dagbag.py:587} INFO - Filling up the DagBag from /opt/airflow/dags/hw_dag.py
[2024-09-12T15:54:41.498+0000] {processor.py:925} INFO - DAG(s) 'car_price_prediction' retrieved from /opt/airflow/dags/hw_dag.py
[2024-09-12T15:54:51.780+0000] {logging_mixin.py:190} INFO - [2024-09-12T15:54:51.563+0000] {processor.py:763} ERROR - Error executing TaskCallbackRequest callback for file: /opt/airflow/dags/hw_dag.py
Traceback (most recent call last):
  File "/home/airflow/.local/lib/python3.12/site-packages/sqlalchemy/engine/base.py", line 3371, in _wrap_pool_connect
    return fn()
           ^^^^
  File "/home/airflow/.local/lib/python3.12/site-packages/sqlalchemy/pool/base.py", line 327, in connect
    return _ConnectionFairy._checkout(self)
           ^^^^^^^^^^^^^^^^^^^^^^^^^^^^^^^^
  File "/home/airflow/.local/lib/python3.12/site-packages/sqlalchemy/pool/base.py", line 894, in _checkout
    fairy = _ConnectionRecord.checkout(pool)
            ^^^^^^^^^^^^^^^^^^^^^^^^^^^^^^^^
  File "/home/airflow/.local/lib/python3.12/site-packages/sqlalchemy/pool/base.py", line 493, in checkout
    rec = pool._do_get()
          ^^^^^^^^^^^^^^
  File "/home/airflow/.local/lib/python3.12/site-packages/sqlalchemy/pool/impl.py", line 145, in _do_get
    with util.safe_reraise():
  File "/home/airflow/.local/lib/python3.12/site-packages/sqlalchemy/util/langhelpers.py", line 70, in __exit__
    compat.raise_(
  File "/home/airflow/.local/lib/python3.12/site-packages/sqlalchemy/util/compat.py", line 211, in raise_
    raise exception
  File "/home/airflow/.local/lib/python3.12/site-packages/sqlalchemy/pool/impl.py", line 143, in _do_get
    return self._create_connection()
           ^^^^^^^^^^^^^^^^^^^^^^^^^
  File "/home/airflow/.local/lib/python3.12/site-packages/sqlalchemy/pool/base.py", line 273, in _create_connection
    return _ConnectionRecord(self)
           ^^^^^^^^^^^^^^^^^^^^^^^
  File "/home/airflow/.local/lib/python3.12/site-packages/sqlalchemy/pool/base.py", line 388, in __init__
    self.__connect()
  File "/home/airflow/.local/lib/python3.12/site-packages/sqlalchemy/pool/base.py", line 690, in __connect
    with util.safe_reraise():
  File "/home/airflow/.local/lib/python3.12/site-packages/sqlalchemy/util/langhelpers.py", line 70, in __exit__
    compat.raise_(
  File "/home/airflow/.local/lib/python3.12/site-packages/sqlalchemy/util/compat.py", line 211, in raise_
    raise exception
  File "/home/airflow/.local/lib/python3.12/site-packages/sqlalchemy/pool/base.py", line 686, in __connect
    self.dbapi_connection = connection = pool._invoke_creator(self)
                                         ^^^^^^^^^^^^^^^^^^^^^^^^^^
  File "/home/airflow/.local/lib/python3.12/site-packages/sqlalchemy/engine/create.py", line 574, in connect
    return dialect.connect(*cargs, **cparams)
           ^^^^^^^^^^^^^^^^^^^^^^^^^^^^^^^^^^
  File "/home/airflow/.local/lib/python3.12/site-packages/sqlalchemy/engine/default.py", line 598, in connect
    return self.dbapi.connect(*cargs, **cparams)
           ^^^^^^^^^^^^^^^^^^^^^^^^^^^^^^^^^^^^^
  File "/home/airflow/.local/lib/python3.12/site-packages/psycopg2/__init__.py", line 122, in connect
    conn = _connect(dsn, connection_factory=connection_factory, **kwasync)
           ^^^^^^^^^^^^^^^^^^^^^^^^^^^^^^^^^^^^^^^^^^^^^^^^^^^^^^^^^^^^^^^
psycopg2.OperationalError: could not translate host name "postgres" to address: Temporary failure in name resolution


The above exception was the direct cause of the following exception:

Traceback (most recent call last):
  File "/home/airflow/.local/lib/python3.12/site-packages/airflow/dag_processing/processor.py", line 752, in execute_callbacks
    cls._execute_task_callbacks(dagbag, request, unit_test_mode, session=session)
  File "/home/airflow/.local/lib/python3.12/site-packages/airflow/api_internal/internal_api_call.py", line 139, in wrapper
    return func(*args, **kwargs)
           ^^^^^^^^^^^^^^^^^^^^^
  File "/home/airflow/.local/lib/python3.12/site-packages/airflow/utils/session.py", line 94, in wrapper
    return func(*args, **kwargs)
           ^^^^^^^^^^^^^^^^^^^^^
  File "/home/airflow/.local/lib/python3.12/site-packages/airflow/dag_processing/processor.py", line 838, in _execute_task_callbacks
    ti = TaskInstance.get_task_instance(
         ^^^^^^^^^^^^^^^^^^^^^^^^^^^^^^^
  File "/home/airflow/.local/lib/python3.12/site-packages/airflow/api_internal/internal_api_call.py", line 139, in wrapper
    return func(*args, **kwargs)
           ^^^^^^^^^^^^^^^^^^^^^
  File "/home/airflow/.local/lib/python3.12/site-packages/airflow/utils/session.py", line 94, in wrapper
    return func(*args, **kwargs)
           ^^^^^^^^^^^^^^^^^^^^^
  File "/home/airflow/.local/lib/python3.12/site-packages/airflow/models/taskinstance.py", line 2335, in get_task_instance
    return query.one_or_none()
           ^^^^^^^^^^^^^^^^^^^
  File "/home/airflow/.local/lib/python3.12/site-packages/sqlalchemy/orm/query.py", line 2850, in one_or_none
    return self._iter().one_or_none()
           ^^^^^^^^^^^^
  File "/home/airflow/.local/lib/python3.12/site-packages/sqlalchemy/orm/query.py", line 2916, in _iter
    result = self.session.execute(
             ^^^^^^^^^^^^^^^^^^^^^
  File "/home/airflow/.local/lib/python3.12/site-packages/sqlalchemy/orm/session.py", line 1716, in execute
    conn = self._connection_for_bind(bind)
           ^^^^^^^^^^^^^^^^^^^^^^^^^^^^^^^
  File "/home/airflow/.local/lib/python3.12/site-packages/sqlalchemy/orm/session.py", line 1555, in _connection_for_bind
    return self._transaction._connection_for_bind(
           ^^^^^^^^^^^^^^^^^^^^^^^^^^^^^^^^^^^^^^^
  File "/home/airflow/.local/lib/python3.12/site-packages/sqlalchemy/orm/session.py", line 750, in _connection_for_bind
    conn = bind.connect()
           ^^^^^^^^^^^^^^
  File "/home/airflow/.local/lib/python3.12/site-packages/sqlalchemy/future/engine.py", line 412, in connect
    return super(Engine, self).connect()
           ^^^^^^^^^^^^^^^^^^^^^^^^^^^^^
  File "/home/airflow/.local/lib/python3.12/site-packages/sqlalchemy/engine/base.py", line 3325, in connect
    return self._connection_cls(self, close_with_result=close_with_result)
           ^^^^^^^^^^^^^^^^^^^^^^^^^^^^^^^^^^^^^^^^^^^^^^^^^^^^^^^^^^^^^^^
  File "/home/airflow/.local/lib/python3.12/site-packages/sqlalchemy/engine/base.py", line 96, in __init__
    else engine.raw_connection()
         ^^^^^^^^^^^^^^^^^^^^^^^
  File "/home/airflow/.local/lib/python3.12/site-packages/sqlalchemy/engine/base.py", line 3404, in raw_connection
    return self._wrap_pool_connect(self.pool.connect, _connection)
           ^^^^^^^^^^^^^^^^^^^^^^^^^^^^^^^^^^^^^^^^^^^^^^^^^^^^^^^
  File "/home/airflow/.local/lib/python3.12/site-packages/sqlalchemy/engine/base.py", line 3374, in _wrap_pool_connect
    Connection._handle_dbapi_exception_noconnection(
  File "/home/airflow/.local/lib/python3.12/site-packages/sqlalchemy/engine/base.py", line 2208, in _handle_dbapi_exception_noconnection
    util.raise_(
  File "/home/airflow/.local/lib/python3.12/site-packages/sqlalchemy/util/compat.py", line 211, in raise_
    raise exception
  File "/home/airflow/.local/lib/python3.12/site-packages/sqlalchemy/engine/base.py", line 3371, in _wrap_pool_connect
    return fn()
           ^^^^
  File "/home/airflow/.local/lib/python3.12/site-packages/sqlalchemy/pool/base.py", line 327, in connect
    return _ConnectionFairy._checkout(self)
           ^^^^^^^^^^^^^^^^^^^^^^^^^^^^^^^^
  File "/home/airflow/.local/lib/python3.12/site-packages/sqlalchemy/pool/base.py", line 894, in _checkout
    fairy = _ConnectionRecord.checkout(pool)
            ^^^^^^^^^^^^^^^^^^^^^^^^^^^^^^^^
  File "/home/airflow/.local/lib/python3.12/site-packages/sqlalchemy/pool/base.py", line 493, in checkout
    rec = pool._do_get()
          ^^^^^^^^^^^^^^
  File "/home/airflow/.local/lib/python3.12/site-packages/sqlalchemy/pool/impl.py", line 145, in _do_get
    with util.safe_reraise():
  File "/home/airflow/.local/lib/python3.12/site-packages/sqlalchemy/util/langhelpers.py", line 70, in __exit__
    compat.raise_(
  File "/home/airflow/.local/lib/python3.12/site-packages/sqlalchemy/util/compat.py", line 211, in raise_
    raise exception
  File "/home/airflow/.local/lib/python3.12/site-packages/sqlalchemy/pool/impl.py", line 143, in _do_get
    return self._create_connection()
           ^^^^^^^^^^^^^^^^^^^^^^^^^
  File "/home/airflow/.local/lib/python3.12/site-packages/sqlalchemy/pool/base.py", line 273, in _create_connection
    return _ConnectionRecord(self)
           ^^^^^^^^^^^^^^^^^^^^^^^
  File "/home/airflow/.local/lib/python3.12/site-packages/sqlalchemy/pool/base.py", line 388, in __init__
    self.__connect()
  File "/home/airflow/.local/lib/python3.12/site-packages/sqlalchemy/pool/base.py", line 690, in __connect
    with util.safe_reraise():
  File "/home/airflow/.local/lib/python3.12/site-packages/sqlalchemy/util/langhelpers.py", line 70, in __exit__
    compat.raise_(
  File "/home/airflow/.local/lib/python3.12/site-packages/sqlalchemy/util/compat.py", line 211, in raise_
    raise exception
  File "/home/airflow/.local/lib/python3.12/site-packages/sqlalchemy/pool/base.py", line 686, in __connect
    self.dbapi_connection = connection = pool._invoke_creator(self)
                                         ^^^^^^^^^^^^^^^^^^^^^^^^^^
  File "/home/airflow/.local/lib/python3.12/site-packages/sqlalchemy/engine/create.py", line 574, in connect
    return dialect.connect(*cargs, **cparams)
           ^^^^^^^^^^^^^^^^^^^^^^^^^^^^^^^^^^
  File "/home/airflow/.local/lib/python3.12/site-packages/sqlalchemy/engine/default.py", line 598, in connect
    return self.dbapi.connect(*cargs, **cparams)
           ^^^^^^^^^^^^^^^^^^^^^^^^^^^^^^^^^^^^^
  File "/home/airflow/.local/lib/python3.12/site-packages/psycopg2/__init__.py", line 122, in connect
    conn = _connect(dsn, connection_factory=connection_factory, **kwasync)
           ^^^^^^^^^^^^^^^^^^^^^^^^^^^^^^^^^^^^^^^^^^^^^^^^^^^^^^^^^^^^^^^
sqlalchemy.exc.OperationalError: (psycopg2.OperationalError) could not translate host name "postgres" to address: Temporary failure in name resolution

(Background on this error at: https://sqlalche.me/e/14/e3q8)
[2024-09-12T15:55:04.126+0000] {logging_mixin.py:190} INFO - [2024-09-12T15:55:04.122+0000] {dag.py:3211} INFO - Sync 1 DAGs
[2024-09-12T15:55:04.692+0000] {processor.py:208} INFO - Processing /opt/airflow/dags/hw_dag.py took 36.289 seconds
[2024-09-12T15:55:05.089+0000] {processor.py:186} INFO - Started process (PID=2697) to work on /opt/airflow/dags/hw_dag.py
[2024-09-12T15:55:05.094+0000] {processor.py:914} INFO - Processing file /opt/airflow/dags/hw_dag.py for tasks to queue
[2024-09-12T15:55:05.112+0000] {logging_mixin.py:190} INFO - [2024-09-12T15:55:05.098+0000] {dagbag.py:587} INFO - Filling up the DagBag from /opt/airflow/dags/hw_dag.py
[2024-09-12T15:55:24.685+0000] {processor.py:925} INFO - DAG(s) 'car_price_prediction' retrieved from /opt/airflow/dags/hw_dag.py
[2024-09-12T15:55:24.784+0000] {logging_mixin.py:190} INFO - [2024-09-12T15:55:24.782+0000] {taskinstance.py:3303} ERROR - {'DAG Id': 'car_price_prediction', 'Task Id': 'pipeline', 'Run Id': 'scheduled__2022-07-29T15:00:00+00:00', 'Hostname': '6d94a8a19157', 'External Executor Id': '4fcfaca5-717c-4509-a37c-00f8fc85f97d'}
[2024-09-12T15:55:24.923+0000] {logging_mixin.py:190} INFO - Task instance in failure state
[2024-09-12T15:55:24.926+0000] {logging_mixin.py:190} INFO - Task start:2024-09-12 15:19:46.271332+00:00 end:2024-09-12 15:55:24.922075+00:00 duration:2138.650743
[2024-09-12T15:55:24.928+0000] {logging_mixin.py:190} INFO - Task:<Task(PythonOperator): pipeline> dag:<DAG: car_price_prediction> dagrun:<DagRun car_price_prediction @ 2022-07-29 15:00:00+00:00: scheduled__2022-07-29T15:00:00+00:00, state:running, queued_at: 2024-09-12 15:18:26.265714+00:00. externally triggered: False>
[2024-09-12T15:55:24.929+0000] {logging_mixin.py:190} INFO - Failure caused by {'DAG Id': 'car_price_prediction', 'Task Id': 'pipeline', 'Run Id': 'scheduled__2022-07-29T15:00:00+00:00', 'Hostname': '6d94a8a19157', 'External Executor Id': '4fcfaca5-717c-4509-a37c-00f8fc85f97d'}
[2024-09-12T15:55:24.932+0000] {logging_mixin.py:190} INFO - [2024-09-12T15:55:24.932+0000] {taskinstance.py:1225} INFO - Marking task as UP_FOR_RETRY. dag_id=car_price_prediction, task_id=pipeline, run_id=scheduled__2022-07-29T15:00:00+00:00, execution_date=20220729T150000, start_date=20240912T151946, end_date=20240912T155524
[2024-09-12T15:55:25.013+0000] {logging_mixin.py:190} INFO - [2024-09-12T15:55:25.012+0000] {processor.py:876} INFO - Executed callback for <TaskInstance: car_price_prediction.pipeline scheduled__2022-07-29T15:00:00+00:00 [up_for_retry]> in state up_for_retry
[2024-09-12T15:55:25.041+0000] {logging_mixin.py:190} INFO - [2024-09-12T15:55:25.040+0000] {taskinstance.py:3303} ERROR - {'DAG Id': 'car_price_prediction', 'Task Id': 'pipeline', 'Run Id': 'scheduled__2022-07-29T15:00:00+00:00', 'Hostname': '6d94a8a19157', 'External Executor Id': '4fcfaca5-717c-4509-a37c-00f8fc85f97d'}
[2024-09-12T15:55:25.129+0000] {logging_mixin.py:190} INFO - Task instance in failure state
[2024-09-12T15:55:25.131+0000] {logging_mixin.py:190} INFO - Task start:2024-09-12 15:19:46.271332+00:00 end:2024-09-12 15:55:25.074351+00:00 duration:2138.803019
[2024-09-12T15:55:25.138+0000] {logging_mixin.py:190} INFO - Task:<Task(PythonOperator): pipeline> dag:<DAG: car_price_prediction> dagrun:<DagRun car_price_prediction @ 2022-07-29 15:00:00+00:00: scheduled__2022-07-29T15:00:00+00:00, state:running, queued_at: 2024-09-12 15:18:26.265714+00:00. externally triggered: False>
[2024-09-12T15:55:25.154+0000] {logging_mixin.py:190} INFO - Failure caused by {'DAG Id': 'car_price_prediction', 'Task Id': 'pipeline', 'Run Id': 'scheduled__2022-07-29T15:00:00+00:00', 'Hostname': '6d94a8a19157', 'External Executor Id': '4fcfaca5-717c-4509-a37c-00f8fc85f97d'}
[2024-09-12T15:55:25.161+0000] {logging_mixin.py:190} INFO - [2024-09-12T15:55:25.160+0000] {taskinstance.py:1225} INFO - Marking task as UP_FOR_RETRY. dag_id=car_price_prediction, task_id=pipeline, run_id=scheduled__2022-07-29T15:00:00+00:00, execution_date=20220729T150000, start_date=20240912T151946, end_date=20240912T155525
[2024-09-12T15:55:25.205+0000] {logging_mixin.py:190} INFO - [2024-09-12T15:55:25.204+0000] {processor.py:876} INFO - Executed callback for <TaskInstance: car_price_prediction.pipeline scheduled__2022-07-29T15:00:00+00:00 [up_for_retry]> in state up_for_retry
[2024-09-12T15:55:25.325+0000] {logging_mixin.py:190} INFO - [2024-09-12T15:55:25.324+0000] {dag.py:3211} INFO - Sync 1 DAGs
[2024-09-12T15:55:25.526+0000] {processor.py:208} INFO - Processing /opt/airflow/dags/hw_dag.py took 20.512 seconds
[2024-09-12T15:55:25.699+0000] {processor.py:186} INFO - Started process (PID=2718) to work on /opt/airflow/dags/hw_dag.py
[2024-09-12T15:55:25.715+0000] {processor.py:914} INFO - Processing file /opt/airflow/dags/hw_dag.py for tasks to queue
[2024-09-12T15:55:25.727+0000] {logging_mixin.py:190} INFO - [2024-09-12T15:55:25.721+0000] {dagbag.py:587} INFO - Filling up the DagBag from /opt/airflow/dags/hw_dag.py
[2024-09-12T15:55:35.507+0000] {processor.py:925} INFO - DAG(s) 'car_price_prediction' retrieved from /opt/airflow/dags/hw_dag.py
[2024-09-12T15:55:35.624+0000] {logging_mixin.py:190} INFO - [2024-09-12T15:55:35.623+0000] {taskinstance.py:3303} ERROR - {'DAG Id': 'car_price_prediction', 'Task Id': 'pipeline', 'Run Id': 'scheduled__2022-07-29T15:00:00+00:00', 'Hostname': '6d94a8a19157', 'External Executor Id': '4fcfaca5-717c-4509-a37c-00f8fc85f97d'}
[2024-09-12T15:55:35.710+0000] {logging_mixin.py:190} INFO - Task instance in failure state
[2024-09-12T15:55:35.714+0000] {logging_mixin.py:190} INFO - Task start:2024-09-12 15:19:46.271332+00:00 end:2024-09-12 15:55:35.654036+00:00 duration:2149.382704
[2024-09-12T15:55:35.718+0000] {logging_mixin.py:190} INFO - Task:<Task(PythonOperator): pipeline> dag:<DAG: car_price_prediction> dagrun:<DagRun car_price_prediction @ 2022-07-29 15:00:00+00:00: scheduled__2022-07-29T15:00:00+00:00, state:running, queued_at: 2024-09-12 15:18:26.265714+00:00. externally triggered: False>
[2024-09-12T15:55:35.720+0000] {logging_mixin.py:190} INFO - Failure caused by {'DAG Id': 'car_price_prediction', 'Task Id': 'pipeline', 'Run Id': 'scheduled__2022-07-29T15:00:00+00:00', 'Hostname': '6d94a8a19157', 'External Executor Id': '4fcfaca5-717c-4509-a37c-00f8fc85f97d'}
[2024-09-12T15:55:35.722+0000] {logging_mixin.py:190} INFO - [2024-09-12T15:55:35.722+0000] {taskinstance.py:1225} INFO - Marking task as UP_FOR_RETRY. dag_id=car_price_prediction, task_id=pipeline, run_id=scheduled__2022-07-29T15:00:00+00:00, execution_date=20220729T150000, start_date=20240912T151946, end_date=20240912T155535
[2024-09-12T15:55:35.783+0000] {logging_mixin.py:190} INFO - [2024-09-12T15:55:35.782+0000] {processor.py:876} INFO - Executed callback for <TaskInstance: car_price_prediction.pipeline scheduled__2022-07-29T15:00:00+00:00 [up_for_retry]> in state up_for_retry
[2024-09-12T15:55:35.826+0000] {logging_mixin.py:190} INFO - [2024-09-12T15:55:35.825+0000] {taskinstance.py:3303} ERROR - {'DAG Id': 'car_price_prediction', 'Task Id': 'pipeline', 'Run Id': 'scheduled__2022-09-07T15:00:00+00:00', 'Hostname': '6d94a8a19157', 'External Executor Id': 'bd0c4fbb-e49e-4e7e-960a-79aaac7fa055'}
[2024-09-12T15:55:35.933+0000] {logging_mixin.py:190} INFO - Task instance in failure state
[2024-09-12T15:55:35.938+0000] {logging_mixin.py:190} INFO - Task start:2024-09-12 15:50:37.718651+00:00 end:2024-09-12 15:55:35.932773+00:00 duration:298.214122
[2024-09-12T15:55:35.939+0000] {logging_mixin.py:190} INFO - Task:<Task(PythonOperator): pipeline> dag:<DAG: car_price_prediction> dagrun:<DagRun car_price_prediction @ 2022-09-07 15:00:00+00:00: scheduled__2022-09-07T15:00:00+00:00, state:running, queued_at: 2024-09-12 15:49:27.072363+00:00. externally triggered: False>
[2024-09-12T15:55:35.941+0000] {logging_mixin.py:190} INFO - Failure caused by {'DAG Id': 'car_price_prediction', 'Task Id': 'pipeline', 'Run Id': 'scheduled__2022-09-07T15:00:00+00:00', 'Hostname': '6d94a8a19157', 'External Executor Id': 'bd0c4fbb-e49e-4e7e-960a-79aaac7fa055'}
[2024-09-12T15:55:35.944+0000] {logging_mixin.py:190} INFO - [2024-09-12T15:55:35.944+0000] {taskinstance.py:1225} INFO - Marking task as UP_FOR_RETRY. dag_id=car_price_prediction, task_id=pipeline, run_id=scheduled__2022-09-07T15:00:00+00:00, execution_date=20220907T150000, start_date=20240912T155037, end_date=20240912T155535
[2024-09-12T15:55:36.006+0000] {logging_mixin.py:190} INFO - [2024-09-12T15:55:36.005+0000] {processor.py:876} INFO - Executed callback for <TaskInstance: car_price_prediction.pipeline scheduled__2022-09-07T15:00:00+00:00 [up_for_retry]> in state up_for_retry
[2024-09-12T15:55:36.038+0000] {logging_mixin.py:190} INFO - [2024-09-12T15:55:36.037+0000] {taskinstance.py:3303} ERROR - {'DAG Id': 'car_price_prediction', 'Task Id': 'pipeline', 'Run Id': 'scheduled__2022-09-07T15:00:00+00:00', 'Hostname': '6d94a8a19157', 'External Executor Id': 'bd0c4fbb-e49e-4e7e-960a-79aaac7fa055'}
[2024-09-12T15:55:36.083+0000] {logging_mixin.py:190} INFO - Task instance in failure state
[2024-09-12T15:55:36.085+0000] {logging_mixin.py:190} INFO - Task start:2024-09-12 15:50:37.718651+00:00 end:2024-09-12 15:55:36.051993+00:00 duration:298.333342
[2024-09-12T15:55:36.087+0000] {logging_mixin.py:190} INFO - Task:<Task(PythonOperator): pipeline> dag:<DAG: car_price_prediction> dagrun:<DagRun car_price_prediction @ 2022-09-07 15:00:00+00:00: scheduled__2022-09-07T15:00:00+00:00, state:running, queued_at: 2024-09-12 15:49:27.072363+00:00. externally triggered: False>
[2024-09-12T15:55:36.089+0000] {logging_mixin.py:190} INFO - Failure caused by {'DAG Id': 'car_price_prediction', 'Task Id': 'pipeline', 'Run Id': 'scheduled__2022-09-07T15:00:00+00:00', 'Hostname': '6d94a8a19157', 'External Executor Id': 'bd0c4fbb-e49e-4e7e-960a-79aaac7fa055'}
[2024-09-12T15:55:36.091+0000] {logging_mixin.py:190} INFO - [2024-09-12T15:55:36.090+0000] {taskinstance.py:1225} INFO - Marking task as UP_FOR_RETRY. dag_id=car_price_prediction, task_id=pipeline, run_id=scheduled__2022-09-07T15:00:00+00:00, execution_date=20220907T150000, start_date=20240912T155037, end_date=20240912T155536
[2024-09-12T15:55:36.119+0000] {logging_mixin.py:190} INFO - [2024-09-12T15:55:36.118+0000] {processor.py:876} INFO - Executed callback for <TaskInstance: car_price_prediction.pipeline scheduled__2022-09-07T15:00:00+00:00 [up_for_retry]> in state up_for_retry
[2024-09-12T15:55:36.166+0000] {logging_mixin.py:190} INFO - [2024-09-12T15:55:36.164+0000] {dag.py:3211} INFO - Sync 1 DAGs
[2024-09-12T15:55:36.385+0000] {logging_mixin.py:190} INFO - [2024-09-12T15:55:36.385+0000] {dag.py:4138} INFO - Setting next_dagrun for car_price_prediction to 2022-09-17 15:00:00+00:00, run_after=2022-09-18 15:00:00+00:00
[2024-09-12T15:55:36.613+0000] {processor.py:208} INFO - Processing /opt/airflow/dags/hw_dag.py took 10.953 seconds
[2024-09-12T15:56:07.825+0000] {processor.py:186} INFO - Started process (PID=2786) to work on /opt/airflow/dags/hw_dag.py
[2024-09-12T15:56:07.831+0000] {processor.py:914} INFO - Processing file /opt/airflow/dags/hw_dag.py for tasks to queue
[2024-09-12T15:56:07.843+0000] {logging_mixin.py:190} INFO - [2024-09-12T15:56:07.841+0000] {dagbag.py:587} INFO - Filling up the DagBag from /opt/airflow/dags/hw_dag.py
[2024-09-12T15:56:39.255+0000] {logging_mixin.py:190} INFO - [2024-09-12T15:56:39.253+0000] {timeout.py:68} ERROR - Process timed out, PID: 2786
[2024-09-12T15:56:39.274+0000] {logging_mixin.py:190} WARNING - Exception ignored in: <function WeakKeyDictionary.__init__.<locals>.remove at 0x7fee0c088cc0>
[2024-09-12T15:56:39.280+0000] {logging_mixin.py:190} WARNING - Traceback (most recent call last):
[2024-09-12T15:56:39.281+0000] {logging_mixin.py:190} WARNING -   File "/usr/local/lib/python3.12/weakref.py", line 369, in remove
[2024-09-12T15:56:39.283+0000] {logging_mixin.py:190} WARNING -     def remove(k, selfref=ref(self)):
[2024-09-12T15:56:39.292+0000] {logging_mixin.py:190} WARNING -   File "/home/airflow/.local/lib/python3.12/site-packages/airflow/utils/timeout.py", line 69, in handle_timeout
[2024-09-12T15:56:39.308+0000] {logging_mixin.py:190} WARNING -     raise AirflowTaskTimeout(self.error_message)
[2024-09-12T15:56:39.323+0000] {logging_mixin.py:190} WARNING - airflow.exceptions.AirflowTaskTimeout: DagBag import timeout for /opt/airflow/dags/hw_dag.py after 30.0s.
Please take a look at these docs to improve your DAG import time:
* https://airflow.apache.org/docs/apache-airflow/2.10.0/best-practices.html#top-level-python-code
* https://airflow.apache.org/docs/apache-airflow/2.10.0/best-practices.html#reducing-dag-complexity, PID: 2786
[2024-09-12T15:56:45.544+0000] {processor.py:925} INFO - DAG(s) 'car_price_prediction' retrieved from /opt/airflow/dags/hw_dag.py
[2024-09-12T15:56:45.879+0000] {logging_mixin.py:190} INFO - [2024-09-12T15:56:45.877+0000] {taskinstance.py:3303} ERROR - {'DAG Id': 'car_price_prediction', 'Task Id': 'pipeline', 'Run Id': 'scheduled__2022-09-07T15:00:00+00:00', 'Hostname': '6d94a8a19157', 'External Executor Id': 'bd0c4fbb-e49e-4e7e-960a-79aaac7fa055'}
[2024-09-12T15:56:46.005+0000] {logging_mixin.py:190} INFO - Task instance in failure state
[2024-09-12T15:56:46.008+0000] {logging_mixin.py:190} INFO - Task start:2024-09-12 15:50:37.718651+00:00 end:2024-09-12 15:56:45.939535+00:00 duration:368.220884
[2024-09-12T15:56:46.009+0000] {logging_mixin.py:190} INFO - Task:<Task(PythonOperator): pipeline> dag:<DAG: car_price_prediction> dagrun:<DagRun car_price_prediction @ 2022-09-07 15:00:00+00:00: scheduled__2022-09-07T15:00:00+00:00, state:running, queued_at: 2024-09-12 15:49:27.072363+00:00. externally triggered: False>
[2024-09-12T15:56:46.011+0000] {logging_mixin.py:190} INFO - Failure caused by {'DAG Id': 'car_price_prediction', 'Task Id': 'pipeline', 'Run Id': 'scheduled__2022-09-07T15:00:00+00:00', 'Hostname': '6d94a8a19157', 'External Executor Id': 'bd0c4fbb-e49e-4e7e-960a-79aaac7fa055'}
[2024-09-12T15:56:46.014+0000] {logging_mixin.py:190} INFO - [2024-09-12T15:56:46.014+0000] {taskinstance.py:1225} INFO - Marking task as FAILED. dag_id=car_price_prediction, task_id=pipeline, run_id=scheduled__2022-09-07T15:00:00+00:00, execution_date=20220907T150000, start_date=20240912T155037, end_date=20240912T155645
[2024-09-12T15:56:46.056+0000] {logging_mixin.py:190} INFO - [2024-09-12T15:56:46.055+0000] {processor.py:876} INFO - Executed callback for <TaskInstance: car_price_prediction.pipeline scheduled__2022-09-07T15:00:00+00:00 [failed]> in state failed
[2024-09-12T15:56:46.103+0000] {logging_mixin.py:190} INFO - [2024-09-12T15:56:46.102+0000] {dag.py:3211} INFO - Sync 1 DAGs
[2024-09-12T15:56:46.277+0000] {processor.py:208} INFO - Processing /opt/airflow/dags/hw_dag.py took 38.666 seconds
[2024-09-12T15:57:03.939+0000] {processor.py:186} INFO - Started process (PID=2852) to work on /opt/airflow/dags/hw_dag.py
[2024-09-12T15:57:03.947+0000] {processor.py:914} INFO - Processing file /opt/airflow/dags/hw_dag.py for tasks to queue
[2024-09-12T15:57:03.950+0000] {logging_mixin.py:190} INFO - [2024-09-12T15:57:03.949+0000] {dagbag.py:587} INFO - Filling up the DagBag from /opt/airflow/dags/hw_dag.py
[2024-09-12T15:57:10.149+0000] {processor.py:925} INFO - DAG(s) 'car_price_prediction' retrieved from /opt/airflow/dags/hw_dag.py
[2024-09-12T15:57:10.239+0000] {logging_mixin.py:190} INFO - [2024-09-12T15:57:10.237+0000] {taskinstance.py:3303} ERROR - {'DAG Id': 'car_price_prediction', 'Task Id': 'pipeline', 'Run Id': 'scheduled__2022-08-30T15:00:00+00:00', 'Hostname': '6d94a8a19157', 'External Executor Id': '7eb818e7-05fa-4a7a-aab4-1ca970833d3b'}
[2024-09-12T15:57:10.341+0000] {logging_mixin.py:190} INFO - Task instance in failure state
[2024-09-12T15:57:10.347+0000] {logging_mixin.py:190} INFO - Task start:2024-09-12 15:48:50.704642+00:00 end:2024-09-12 15:57:10.274609+00:00 duration:499.569967
[2024-09-12T15:57:10.348+0000] {logging_mixin.py:190} INFO - Task:<Task(PythonOperator): pipeline> dag:<DAG: car_price_prediction> dagrun:<DagRun car_price_prediction @ 2022-08-30 15:00:00+00:00: scheduled__2022-08-30T15:00:00+00:00, state:running, queued_at: 2024-09-12 15:45:26.077235+00:00. externally triggered: False>
[2024-09-12T15:57:10.349+0000] {logging_mixin.py:190} INFO - Failure caused by {'DAG Id': 'car_price_prediction', 'Task Id': 'pipeline', 'Run Id': 'scheduled__2022-08-30T15:00:00+00:00', 'Hostname': '6d94a8a19157', 'External Executor Id': '7eb818e7-05fa-4a7a-aab4-1ca970833d3b'}
[2024-09-12T15:57:10.351+0000] {logging_mixin.py:190} INFO - [2024-09-12T15:57:10.350+0000] {taskinstance.py:1225} INFO - Marking task as FAILED. dag_id=car_price_prediction, task_id=pipeline, run_id=scheduled__2022-08-30T15:00:00+00:00, execution_date=20220830T150000, start_date=20240912T154850, end_date=20240912T155710
[2024-09-12T15:57:10.403+0000] {logging_mixin.py:190} INFO - [2024-09-12T15:57:10.403+0000] {processor.py:876} INFO - Executed callback for <TaskInstance: car_price_prediction.pipeline scheduled__2022-08-30T15:00:00+00:00 [failed]> in state failed
[2024-09-12T15:57:10.454+0000] {logging_mixin.py:190} INFO - [2024-09-12T15:57:10.453+0000] {dag.py:3211} INFO - Sync 1 DAGs
[2024-09-12T15:57:10.698+0000] {processor.py:208} INFO - Processing /opt/airflow/dags/hw_dag.py took 6.828 seconds
[2024-09-12T15:57:41.580+0000] {processor.py:186} INFO - Started process (PID=2912) to work on /opt/airflow/dags/hw_dag.py
[2024-09-12T15:57:41.583+0000] {processor.py:914} INFO - Processing file /opt/airflow/dags/hw_dag.py for tasks to queue
[2024-09-12T15:57:41.588+0000] {logging_mixin.py:190} INFO - [2024-09-12T15:57:41.587+0000] {dagbag.py:587} INFO - Filling up the DagBag from /opt/airflow/dags/hw_dag.py
[2024-09-12T15:57:51.513+0000] {processor.py:925} INFO - DAG(s) 'car_price_prediction' retrieved from /opt/airflow/dags/hw_dag.py
[2024-09-12T15:57:51.635+0000] {logging_mixin.py:190} INFO - [2024-09-12T15:57:51.622+0000] {taskinstance.py:3303} ERROR - {'DAG Id': 'car_price_prediction', 'Task Id': 'pipeline', 'Run Id': 'scheduled__2022-09-08T15:00:00+00:00', 'Hostname': '6d94a8a19157', 'External Executor Id': '315899c0-1014-4315-8eda-d89b838d9e5a'}
[2024-09-12T15:57:51.792+0000] {logging_mixin.py:190} INFO - Task instance in failure state
[2024-09-12T15:57:51.800+0000] {logging_mixin.py:190} INFO - Task start:2024-09-12 15:53:56.249179+00:00 end:2024-09-12 15:57:51.665796+00:00 duration:235.416617
[2024-09-12T15:57:51.807+0000] {logging_mixin.py:190} INFO - Task:<Task(PythonOperator): pipeline> dag:<DAG: car_price_prediction> dagrun:<DagRun car_price_prediction @ 2022-09-08 15:00:00+00:00: scheduled__2022-09-08T15:00:00+00:00, state:running, queued_at: 2024-09-12 15:50:34.716115+00:00. externally triggered: False>
[2024-09-12T15:57:51.808+0000] {logging_mixin.py:190} INFO - Failure caused by {'DAG Id': 'car_price_prediction', 'Task Id': 'pipeline', 'Run Id': 'scheduled__2022-09-08T15:00:00+00:00', 'Hostname': '6d94a8a19157', 'External Executor Id': '315899c0-1014-4315-8eda-d89b838d9e5a'}
[2024-09-12T15:57:51.810+0000] {logging_mixin.py:190} INFO - [2024-09-12T15:57:51.810+0000] {taskinstance.py:1225} INFO - Marking task as FAILED. dag_id=car_price_prediction, task_id=pipeline, run_id=scheduled__2022-09-08T15:00:00+00:00, execution_date=20220908T150000, start_date=20240912T155356, end_date=20240912T155751
[2024-09-12T15:57:51.913+0000] {logging_mixin.py:190} INFO - [2024-09-12T15:57:51.912+0000] {processor.py:876} INFO - Executed callback for <TaskInstance: car_price_prediction.pipeline scheduled__2022-09-08T15:00:00+00:00 [failed]> in state failed
[2024-09-12T15:57:52.011+0000] {logging_mixin.py:190} INFO - [2024-09-12T15:57:52.010+0000] {dag.py:3211} INFO - Sync 1 DAGs
[2024-09-12T15:57:52.253+0000] {logging_mixin.py:190} INFO - [2024-09-12T15:57:52.252+0000] {dag.py:4138} INFO - Setting next_dagrun for car_price_prediction to 2022-09-20 15:00:00+00:00, run_after=2022-09-21 15:00:00+00:00
[2024-09-12T15:57:52.465+0000] {processor.py:208} INFO - Processing /opt/airflow/dags/hw_dag.py took 10.916 seconds
[2024-09-12T15:58:53.466+0000] {processor.py:186} INFO - Started process (PID=2989) to work on /opt/airflow/dags/hw_dag.py
[2024-09-12T15:58:53.469+0000] {processor.py:914} INFO - Processing file /opt/airflow/dags/hw_dag.py for tasks to queue
[2024-09-12T15:58:53.475+0000] {logging_mixin.py:190} INFO - [2024-09-12T15:58:53.474+0000] {dagbag.py:587} INFO - Filling up the DagBag from /opt/airflow/dags/hw_dag.py
[2024-09-12T15:59:10.400+0000] {processor.py:925} INFO - DAG(s) 'car_price_prediction' retrieved from /opt/airflow/dags/hw_dag.py
[2024-09-12T15:59:10.522+0000] {logging_mixin.py:190} INFO - [2024-09-12T15:59:10.516+0000] {taskinstance.py:3303} ERROR - {'DAG Id': 'car_price_prediction', 'Task Id': 'pipeline', 'Run Id': 'scheduled__2022-09-08T15:00:00+00:00', 'Hostname': '6d94a8a19157', 'External Executor Id': '315899c0-1014-4315-8eda-d89b838d9e5a'}
[2024-09-12T15:59:10.640+0000] {logging_mixin.py:190} INFO - Task instance in failure state
[2024-09-12T15:59:10.646+0000] {logging_mixin.py:190} INFO - Task start:2024-09-12 15:53:56.249179+00:00 end:2024-09-12 15:59:10.567500+00:00 duration:314.318321
[2024-09-12T15:59:10.648+0000] {logging_mixin.py:190} INFO - Task:<Task(PythonOperator): pipeline> dag:<DAG: car_price_prediction> dagrun:<DagRun car_price_prediction @ 2022-09-08 15:00:00+00:00: scheduled__2022-09-08T15:00:00+00:00, state:failed, queued_at: 2024-09-12 15:50:34.716115+00:00. externally triggered: False>
[2024-09-12T15:59:10.652+0000] {logging_mixin.py:190} INFO - Failure caused by {'DAG Id': 'car_price_prediction', 'Task Id': 'pipeline', 'Run Id': 'scheduled__2022-09-08T15:00:00+00:00', 'Hostname': '6d94a8a19157', 'External Executor Id': '315899c0-1014-4315-8eda-d89b838d9e5a'}
[2024-09-12T15:59:10.654+0000] {logging_mixin.py:190} INFO - [2024-09-12T15:59:10.654+0000] {taskinstance.py:1225} INFO - Marking task as FAILED. dag_id=car_price_prediction, task_id=pipeline, run_id=scheduled__2022-09-08T15:00:00+00:00, execution_date=20220908T150000, start_date=20240912T155356, end_date=20240912T155910
[2024-09-12T15:59:10.765+0000] {logging_mixin.py:190} INFO - [2024-09-12T15:59:10.765+0000] {processor.py:876} INFO - Executed callback for <TaskInstance: car_price_prediction.pipeline scheduled__2022-09-08T15:00:00+00:00 [failed]> in state failed
[2024-09-12T15:59:10.888+0000] {logging_mixin.py:190} INFO - [2024-09-12T15:59:10.887+0000] {dag.py:3211} INFO - Sync 1 DAGs
[2024-09-12T15:59:11.061+0000] {logging_mixin.py:190} INFO - [2024-09-12T15:59:11.060+0000] {dag.py:4138} INFO - Setting next_dagrun for car_price_prediction to 2022-09-24 15:00:00+00:00, run_after=2022-09-25 15:00:00+00:00
[2024-09-12T15:59:11.165+0000] {processor.py:208} INFO - Processing /opt/airflow/dags/hw_dag.py took 17.796 seconds
[2024-09-12T15:59:48.053+0000] {processor.py:186} INFO - Started process (PID=3047) to work on /opt/airflow/dags/hw_dag.py
[2024-09-12T15:59:48.062+0000] {processor.py:914} INFO - Processing file /opt/airflow/dags/hw_dag.py for tasks to queue
[2024-09-12T15:59:48.091+0000] {logging_mixin.py:190} INFO - [2024-09-12T15:59:48.085+0000] {dagbag.py:587} INFO - Filling up the DagBag from /opt/airflow/dags/hw_dag.py
[2024-09-12T15:59:59.092+0000] {processor.py:925} INFO - DAG(s) 'car_price_prediction' retrieved from /opt/airflow/dags/hw_dag.py
[2024-09-12T16:00:01.090+0000] {logging_mixin.py:190} INFO - [2024-09-12T16:00:00.993+0000] {taskinstance.py:3303} ERROR - {'DAG Id': 'car_price_prediction', 'Task Id': 'pipeline', 'Run Id': 'scheduled__2022-09-13T15:00:00+00:00', 'Hostname': '6d94a8a19157', 'External Executor Id': 'b757cdcb-167b-4294-98e1-087a419b2511'}
[2024-09-12T16:00:01.498+0000] {logging_mixin.py:190} INFO - Task instance in failure state
[2024-09-12T16:00:01.503+0000] {logging_mixin.py:190} INFO - Task start:2024-09-12 15:53:56.134804+00:00 end:2024-09-12 16:00:01.497293+00:00 duration:365.362489
[2024-09-12T16:00:01.507+0000] {logging_mixin.py:190} INFO - Task:<Task(PythonOperator): pipeline> dag:<DAG: car_price_prediction> dagrun:<DagRun car_price_prediction @ 2022-09-13 15:00:00+00:00: scheduled__2022-09-13T15:00:00+00:00, state:running, queued_at: 2024-09-12 15:52:55.602748+00:00. externally triggered: False>
[2024-09-12T16:00:01.513+0000] {logging_mixin.py:190} INFO - Failure caused by {'DAG Id': 'car_price_prediction', 'Task Id': 'pipeline', 'Run Id': 'scheduled__2022-09-13T15:00:00+00:00', 'Hostname': '6d94a8a19157', 'External Executor Id': 'b757cdcb-167b-4294-98e1-087a419b2511'}
[2024-09-12T16:00:01.535+0000] {logging_mixin.py:190} INFO - [2024-09-12T16:00:01.534+0000] {taskinstance.py:1225} INFO - Marking task as UP_FOR_RETRY. dag_id=car_price_prediction, task_id=pipeline, run_id=scheduled__2022-09-13T15:00:00+00:00, execution_date=20220913T150000, start_date=20240912T155356, end_date=20240912T160001
[2024-09-12T16:00:01.747+0000] {logging_mixin.py:190} INFO - [2024-09-12T16:00:01.746+0000] {processor.py:876} INFO - Executed callback for <TaskInstance: car_price_prediction.pipeline scheduled__2022-09-13T15:00:00+00:00 [up_for_retry]> in state up_for_retry
[2024-09-12T16:00:01.942+0000] {logging_mixin.py:190} INFO - [2024-09-12T16:00:01.938+0000] {dag.py:3211} INFO - Sync 1 DAGs
[2024-09-12T16:00:02.297+0000] {processor.py:208} INFO - Processing /opt/airflow/dags/hw_dag.py took 14.310 seconds
[2024-09-12T16:00:03.922+0000] {processor.py:186} INFO - Started process (PID=3062) to work on /opt/airflow/dags/hw_dag.py
[2024-09-12T16:00:03.943+0000] {processor.py:914} INFO - Processing file /opt/airflow/dags/hw_dag.py for tasks to queue
[2024-09-12T16:00:04.020+0000] {logging_mixin.py:190} INFO - [2024-09-12T16:00:03.999+0000] {dagbag.py:587} INFO - Filling up the DagBag from /opt/airflow/dags/hw_dag.py
[2024-09-12T16:00:31.458+0000] {processor.py:925} INFO - DAG(s) 'car_price_prediction' retrieved from /opt/airflow/dags/hw_dag.py
[2024-09-12T16:00:31.704+0000] {logging_mixin.py:190} INFO - [2024-09-12T16:00:31.698+0000] {taskinstance.py:3303} ERROR - {'DAG Id': 'car_price_prediction', 'Task Id': 'pipeline', 'Run Id': 'scheduled__2022-09-13T15:00:00+00:00', 'Hostname': '6d94a8a19157', 'External Executor Id': 'b757cdcb-167b-4294-98e1-087a419b2511'}
[2024-09-12T16:00:31.861+0000] {logging_mixin.py:190} INFO - Task instance in failure state
[2024-09-12T16:00:31.862+0000] {logging_mixin.py:190} INFO - Task start:2024-09-12 15:53:56.134804+00:00 end:2024-09-12 16:00:31.772024+00:00 duration:395.63722
[2024-09-12T16:00:31.863+0000] {logging_mixin.py:190} INFO - Task:<Task(PythonOperator): pipeline> dag:<DAG: car_price_prediction> dagrun:<DagRun car_price_prediction @ 2022-09-13 15:00:00+00:00: scheduled__2022-09-13T15:00:00+00:00, state:running, queued_at: 2024-09-12 15:52:55.602748+00:00. externally triggered: False>
[2024-09-12T16:00:31.863+0000] {logging_mixin.py:190} INFO - Failure caused by {'DAG Id': 'car_price_prediction', 'Task Id': 'pipeline', 'Run Id': 'scheduled__2022-09-13T15:00:00+00:00', 'Hostname': '6d94a8a19157', 'External Executor Id': 'b757cdcb-167b-4294-98e1-087a419b2511'}
[2024-09-12T16:00:31.873+0000] {logging_mixin.py:190} INFO - [2024-09-12T16:00:31.873+0000] {taskinstance.py:1225} INFO - Marking task as UP_FOR_RETRY. dag_id=car_price_prediction, task_id=pipeline, run_id=scheduled__2022-09-13T15:00:00+00:00, execution_date=20220913T150000, start_date=20240912T155356, end_date=20240912T160031
[2024-09-12T16:00:31.918+0000] {logging_mixin.py:190} INFO - [2024-09-12T16:00:31.917+0000] {processor.py:876} INFO - Executed callback for <TaskInstance: car_price_prediction.pipeline scheduled__2022-09-13T15:00:00+00:00 [up_for_retry]> in state up_for_retry
[2024-09-12T16:00:31.972+0000] {logging_mixin.py:190} INFO - [2024-09-12T16:00:31.971+0000] {dag.py:3211} INFO - Sync 1 DAGs
[2024-09-12T16:00:32.160+0000] {processor.py:208} INFO - Processing /opt/airflow/dags/hw_dag.py took 29.006 seconds
[2024-09-12T16:01:03.716+0000] {processor.py:186} INFO - Started process (PID=3161) to work on /opt/airflow/dags/hw_dag.py
[2024-09-12T16:01:03.740+0000] {processor.py:914} INFO - Processing file /opt/airflow/dags/hw_dag.py for tasks to queue
[2024-09-12T16:01:03.763+0000] {logging_mixin.py:190} INFO - [2024-09-12T16:01:03.762+0000] {dagbag.py:587} INFO - Filling up the DagBag from /opt/airflow/dags/hw_dag.py
[2024-09-12T16:01:14.117+0000] {processor.py:925} INFO - DAG(s) 'car_price_prediction' retrieved from /opt/airflow/dags/hw_dag.py
[2024-09-12T16:01:14.332+0000] {logging_mixin.py:190} INFO - [2024-09-12T16:01:14.332+0000] {dag.py:3211} INFO - Sync 1 DAGs
[2024-09-12T16:01:14.730+0000] {processor.py:208} INFO - Processing /opt/airflow/dags/hw_dag.py took 11.134 seconds
[2024-09-12T16:02:19.791+0000] {processor.py:186} INFO - Started process (PID=3239) to work on /opt/airflow/dags/hw_dag.py
[2024-09-12T16:02:19.793+0000] {processor.py:914} INFO - Processing file /opt/airflow/dags/hw_dag.py for tasks to queue
[2024-09-12T16:02:19.808+0000] {logging_mixin.py:190} INFO - [2024-09-12T16:02:19.807+0000] {dagbag.py:587} INFO - Filling up the DagBag from /opt/airflow/dags/hw_dag.py
[2024-09-12T16:02:29.969+0000] {processor.py:925} INFO - DAG(s) 'car_price_prediction' retrieved from /opt/airflow/dags/hw_dag.py
[2024-09-12T16:02:30.363+0000] {logging_mixin.py:190} INFO - [2024-09-12T16:02:30.357+0000] {dag.py:3211} INFO - Sync 1 DAGs
[2024-09-12T16:02:30.813+0000] {processor.py:208} INFO - Processing /opt/airflow/dags/hw_dag.py took 11.072 seconds
[2024-09-12T16:02:36.898+0000] {processor.py:186} INFO - Started process (PID=3268) to work on /opt/airflow/dags/hw_dag.py
[2024-09-12T16:02:36.902+0000] {processor.py:914} INFO - Processing file /opt/airflow/dags/hw_dag.py for tasks to queue
[2024-09-12T16:02:36.916+0000] {logging_mixin.py:190} INFO - [2024-09-12T16:02:36.915+0000] {dagbag.py:587} INFO - Filling up the DagBag from /opt/airflow/dags/hw_dag.py
[2024-09-12T16:02:53.077+0000] {processor.py:925} INFO - DAG(s) 'car_price_prediction' retrieved from /opt/airflow/dags/hw_dag.py
[2024-09-12T16:02:53.245+0000] {logging_mixin.py:190} INFO - [2024-09-12T16:02:53.243+0000] {taskinstance.py:3303} ERROR - {'DAG Id': 'car_price_prediction', 'Task Id': 'pipeline', 'Run Id': 'scheduled__2022-09-03T15:00:00+00:00', 'Hostname': '6d94a8a19157', 'External Executor Id': '5dc28df3-6b95-4df1-bc98-c2cc04ff3f53'}
[2024-09-12T16:02:53.479+0000] {logging_mixin.py:190} INFO - Task instance in failure state
[2024-09-12T16:02:53.491+0000] {logging_mixin.py:190} INFO - Task start:2024-09-12 15:50:45.080573+00:00 end:2024-09-12 16:02:53.289733+00:00 duration:728.20916
[2024-09-12T16:02:53.495+0000] {logging_mixin.py:190} INFO - Task:<Task(PythonOperator): pipeline> dag:<DAG: car_price_prediction> dagrun:<DagRun car_price_prediction @ 2022-09-03 15:00:00+00:00: scheduled__2022-09-03T15:00:00+00:00, state:running, queued_at: 2024-09-12 15:47:31.405999+00:00. externally triggered: False>
[2024-09-12T16:02:53.511+0000] {logging_mixin.py:190} INFO - Failure caused by {'DAG Id': 'car_price_prediction', 'Task Id': 'pipeline', 'Run Id': 'scheduled__2022-09-03T15:00:00+00:00', 'Hostname': '6d94a8a19157', 'External Executor Id': '5dc28df3-6b95-4df1-bc98-c2cc04ff3f53'}
[2024-09-12T16:02:53.540+0000] {logging_mixin.py:190} INFO - [2024-09-12T16:02:53.539+0000] {taskinstance.py:1225} INFO - Marking task as FAILED. dag_id=car_price_prediction, task_id=pipeline, run_id=scheduled__2022-09-03T15:00:00+00:00, execution_date=20220903T150000, start_date=20240912T155045, end_date=20240912T160253
[2024-09-12T16:02:53.739+0000] {logging_mixin.py:190} INFO - [2024-09-12T16:02:53.738+0000] {processor.py:876} INFO - Executed callback for <TaskInstance: car_price_prediction.pipeline scheduled__2022-09-03T15:00:00+00:00 [failed]> in state failed
[2024-09-12T16:02:53.801+0000] {logging_mixin.py:190} INFO - [2024-09-12T16:02:53.800+0000] {taskinstance.py:3303} ERROR - {'DAG Id': 'car_price_prediction', 'Task Id': 'pipeline', 'Run Id': 'scheduled__2022-09-03T15:00:00+00:00', 'Hostname': '6d94a8a19157', 'External Executor Id': '5dc28df3-6b95-4df1-bc98-c2cc04ff3f53'}
[2024-09-12T16:02:54.009+0000] {logging_mixin.py:190} INFO - Task instance in failure state
[2024-09-12T16:02:54.027+0000] {logging_mixin.py:190} INFO - Task start:2024-09-12 15:50:45.080573+00:00 end:2024-09-12 16:02:53.871183+00:00 duration:728.79061
[2024-09-12T16:02:54.031+0000] {logging_mixin.py:190} INFO - Task:<Task(PythonOperator): pipeline> dag:<DAG: car_price_prediction> dagrun:<DagRun car_price_prediction @ 2022-09-03 15:00:00+00:00: scheduled__2022-09-03T15:00:00+00:00, state:running, queued_at: 2024-09-12 15:47:31.405999+00:00. externally triggered: False>
[2024-09-12T16:02:54.032+0000] {logging_mixin.py:190} INFO - Failure caused by {'DAG Id': 'car_price_prediction', 'Task Id': 'pipeline', 'Run Id': 'scheduled__2022-09-03T15:00:00+00:00', 'Hostname': '6d94a8a19157', 'External Executor Id': '5dc28df3-6b95-4df1-bc98-c2cc04ff3f53'}
[2024-09-12T16:02:54.044+0000] {logging_mixin.py:190} INFO - [2024-09-12T16:02:54.043+0000] {taskinstance.py:1225} INFO - Marking task as FAILED. dag_id=car_price_prediction, task_id=pipeline, run_id=scheduled__2022-09-03T15:00:00+00:00, execution_date=20220903T150000, start_date=20240912T155045, end_date=20240912T160253
[2024-09-12T16:02:54.095+0000] {logging_mixin.py:190} INFO - [2024-09-12T16:02:54.094+0000] {processor.py:876} INFO - Executed callback for <TaskInstance: car_price_prediction.pipeline scheduled__2022-09-03T15:00:00+00:00 [failed]> in state failed
[2024-09-12T16:02:54.159+0000] {logging_mixin.py:190} INFO - [2024-09-12T16:02:54.158+0000] {dag.py:3211} INFO - Sync 1 DAGs
[2024-09-12T16:02:54.522+0000] {processor.py:208} INFO - Processing /opt/airflow/dags/hw_dag.py took 17.720 seconds
[2024-09-12T16:03:07.611+0000] {processor.py:186} INFO - Started process (PID=3284) to work on /opt/airflow/dags/hw_dag.py
[2024-09-12T16:03:07.614+0000] {processor.py:914} INFO - Processing file /opt/airflow/dags/hw_dag.py for tasks to queue
[2024-09-12T16:03:07.618+0000] {logging_mixin.py:190} INFO - [2024-09-12T16:03:07.617+0000] {dagbag.py:587} INFO - Filling up the DagBag from /opt/airflow/dags/hw_dag.py
[2024-09-12T16:03:16.093+0000] {processor.py:925} INFO - DAG(s) 'car_price_prediction' retrieved from /opt/airflow/dags/hw_dag.py
[2024-09-12T16:03:16.186+0000] {logging_mixin.py:190} INFO - [2024-09-12T16:03:16.184+0000] {taskinstance.py:3303} ERROR - {'DAG Id': 'car_price_prediction', 'Task Id': 'pipeline', 'Run Id': 'scheduled__2022-09-03T15:00:00+00:00', 'Hostname': '6d94a8a19157', 'External Executor Id': '5dc28df3-6b95-4df1-bc98-c2cc04ff3f53'}
[2024-09-12T16:03:16.268+0000] {logging_mixin.py:190} INFO - Task instance in failure state
[2024-09-12T16:03:16.269+0000] {logging_mixin.py:190} INFO - Task start:2024-09-12 15:50:45.080573+00:00 end:2024-09-12 16:03:16.212561+00:00 duration:751.131988
[2024-09-12T16:03:16.270+0000] {logging_mixin.py:190} INFO - Task:<Task(PythonOperator): pipeline> dag:<DAG: car_price_prediction> dagrun:<DagRun car_price_prediction @ 2022-09-03 15:00:00+00:00: scheduled__2022-09-03T15:00:00+00:00, state:failed, queued_at: 2024-09-12 15:47:31.405999+00:00. externally triggered: False>
[2024-09-12T16:03:16.271+0000] {logging_mixin.py:190} INFO - Failure caused by {'DAG Id': 'car_price_prediction', 'Task Id': 'pipeline', 'Run Id': 'scheduled__2022-09-03T15:00:00+00:00', 'Hostname': '6d94a8a19157', 'External Executor Id': '5dc28df3-6b95-4df1-bc98-c2cc04ff3f53'}
[2024-09-12T16:03:16.275+0000] {logging_mixin.py:190} INFO - [2024-09-12T16:03:16.272+0000] {taskinstance.py:1225} INFO - Marking task as FAILED. dag_id=car_price_prediction, task_id=pipeline, run_id=scheduled__2022-09-03T15:00:00+00:00, execution_date=20220903T150000, start_date=20240912T155045, end_date=20240912T160316
[2024-09-12T16:03:16.334+0000] {logging_mixin.py:190} INFO - [2024-09-12T16:03:16.333+0000] {processor.py:876} INFO - Executed callback for <TaskInstance: car_price_prediction.pipeline scheduled__2022-09-03T15:00:00+00:00 [failed]> in state failed
[2024-09-12T16:03:16.349+0000] {logging_mixin.py:190} INFO - [2024-09-12T16:03:16.348+0000] {taskinstance.py:3303} ERROR - {'DAG Id': 'car_price_prediction', 'Task Id': 'pipeline', 'Run Id': 'scheduled__2022-09-01T15:00:00+00:00', 'Hostname': '6d94a8a19157', 'External Executor Id': '919137e5-de46-456b-b480-c15adb995caf'}
[2024-09-12T16:03:16.397+0000] {logging_mixin.py:190} INFO - Task instance in failure state
[2024-09-12T16:03:16.398+0000] {logging_mixin.py:190} INFO - Task start:2024-09-12 15:48:51.225392+00:00 end:2024-09-12 16:03:16.363085+00:00 duration:865.137693
[2024-09-12T16:03:16.400+0000] {logging_mixin.py:190} INFO - Task:<Task(PythonOperator): pipeline> dag:<DAG: car_price_prediction> dagrun:<DagRun car_price_prediction @ 2022-09-01 15:00:00+00:00: scheduled__2022-09-01T15:00:00+00:00, state:running, queued_at: 2024-09-12 15:45:32.432832+00:00. externally triggered: False>
[2024-09-12T16:03:16.401+0000] {logging_mixin.py:190} INFO - Failure caused by {'DAG Id': 'car_price_prediction', 'Task Id': 'pipeline', 'Run Id': 'scheduled__2022-09-01T15:00:00+00:00', 'Hostname': '6d94a8a19157', 'External Executor Id': '919137e5-de46-456b-b480-c15adb995caf'}
[2024-09-12T16:03:16.402+0000] {logging_mixin.py:190} INFO - [2024-09-12T16:03:16.401+0000] {taskinstance.py:1225} INFO - Marking task as FAILED. dag_id=car_price_prediction, task_id=pipeline, run_id=scheduled__2022-09-01T15:00:00+00:00, execution_date=20220901T150000, start_date=20240912T154851, end_date=20240912T160316
[2024-09-12T16:03:16.419+0000] {logging_mixin.py:190} INFO - [2024-09-12T16:03:16.418+0000] {processor.py:876} INFO - Executed callback for <TaskInstance: car_price_prediction.pipeline scheduled__2022-09-01T15:00:00+00:00 [failed]> in state failed
[2024-09-12T16:03:16.487+0000] {logging_mixin.py:190} INFO - [2024-09-12T16:03:16.486+0000] {dag.py:3211} INFO - Sync 1 DAGs
[2024-09-12T16:03:16.630+0000] {logging_mixin.py:190} INFO - [2024-09-12T16:03:16.630+0000] {dag.py:4138} INFO - Setting next_dagrun for car_price_prediction to 2022-09-28 15:00:00+00:00, run_after=2022-09-29 15:00:00+00:00
[2024-09-12T16:03:16.897+0000] {processor.py:208} INFO - Processing /opt/airflow/dags/hw_dag.py took 9.323 seconds
[2024-09-12T16:03:50.684+0000] {processor.py:186} INFO - Started process (PID=3354) to work on /opt/airflow/dags/hw_dag.py
[2024-09-12T16:03:50.691+0000] {processor.py:914} INFO - Processing file /opt/airflow/dags/hw_dag.py for tasks to queue
[2024-09-12T16:03:50.697+0000] {logging_mixin.py:190} INFO - [2024-09-12T16:03:50.696+0000] {dagbag.py:587} INFO - Filling up the DagBag from /opt/airflow/dags/hw_dag.py
[2024-09-12T16:03:57.750+0000] {processor.py:925} INFO - DAG(s) 'car_price_prediction' retrieved from /opt/airflow/dags/hw_dag.py
[2024-09-12T16:03:57.852+0000] {logging_mixin.py:190} INFO - [2024-09-12T16:03:57.834+0000] {taskinstance.py:3303} ERROR - {'DAG Id': 'car_price_prediction', 'Task Id': 'pipeline', 'Run Id': 'scheduled__2022-09-01T15:00:00+00:00', 'Hostname': '6d94a8a19157', 'External Executor Id': '919137e5-de46-456b-b480-c15adb995caf'}
[2024-09-12T16:03:58.004+0000] {logging_mixin.py:190} INFO - Task instance in failure state
[2024-09-12T16:03:58.018+0000] {logging_mixin.py:190} INFO - Task start:2024-09-12 15:48:51.225392+00:00 end:2024-09-12 16:03:57.886970+00:00 duration:906.661578
[2024-09-12T16:03:58.051+0000] {logging_mixin.py:190} INFO - Task:<Task(PythonOperator): pipeline> dag:<DAG: car_price_prediction> dagrun:<DagRun car_price_prediction @ 2022-09-01 15:00:00+00:00: scheduled__2022-09-01T15:00:00+00:00, state:failed, queued_at: 2024-09-12 15:45:32.432832+00:00. externally triggered: False>
[2024-09-12T16:03:58.067+0000] {logging_mixin.py:190} INFO - Failure caused by {'DAG Id': 'car_price_prediction', 'Task Id': 'pipeline', 'Run Id': 'scheduled__2022-09-01T15:00:00+00:00', 'Hostname': '6d94a8a19157', 'External Executor Id': '919137e5-de46-456b-b480-c15adb995caf'}
[2024-09-12T16:03:58.086+0000] {logging_mixin.py:190} INFO - [2024-09-12T16:03:58.086+0000] {taskinstance.py:1225} INFO - Marking task as FAILED. dag_id=car_price_prediction, task_id=pipeline, run_id=scheduled__2022-09-01T15:00:00+00:00, execution_date=20220901T150000, start_date=20240912T154851, end_date=20240912T160357
[2024-09-12T16:03:58.211+0000] {logging_mixin.py:190} INFO - [2024-09-12T16:03:58.211+0000] {processor.py:876} INFO - Executed callback for <TaskInstance: car_price_prediction.pipeline scheduled__2022-09-01T15:00:00+00:00 [failed]> in state failed
[2024-09-12T16:03:58.273+0000] {logging_mixin.py:190} INFO - [2024-09-12T16:03:58.272+0000] {dag.py:3211} INFO - Sync 1 DAGs
[2024-09-12T16:03:58.413+0000] {logging_mixin.py:190} INFO - [2024-09-12T16:03:58.413+0000] {dag.py:4138} INFO - Setting next_dagrun for car_price_prediction to 2022-09-29 15:00:00+00:00, run_after=2022-09-30 15:00:00+00:00
[2024-09-12T16:03:58.513+0000] {processor.py:208} INFO - Processing /opt/airflow/dags/hw_dag.py took 7.878 seconds
[2024-09-12T16:04:53.477+0000] {processor.py:186} INFO - Started process (PID=3427) to work on /opt/airflow/dags/hw_dag.py
[2024-09-12T16:04:53.485+0000] {processor.py:914} INFO - Processing file /opt/airflow/dags/hw_dag.py for tasks to queue
[2024-09-12T16:04:53.491+0000] {logging_mixin.py:190} INFO - [2024-09-12T16:04:53.489+0000] {dagbag.py:587} INFO - Filling up the DagBag from /opt/airflow/dags/hw_dag.py
[2024-09-12T16:05:20.684+0000] {processor.py:925} INFO - DAG(s) 'car_price_prediction' retrieved from /opt/airflow/dags/hw_dag.py
[2024-09-12T16:05:25.095+0000] {logging_mixin.py:190} INFO - [2024-09-12T16:05:25.034+0000] {dag.py:3211} INFO - Sync 1 DAGs
[2024-09-12T16:05:25.432+0000] {logging_mixin.py:190} INFO - [2024-09-12T16:05:25.432+0000] {dag.py:4138} INFO - Setting next_dagrun for car_price_prediction to 2022-10-03 15:00:00+00:00, run_after=2022-10-04 15:00:00+00:00
[2024-09-12T16:05:25.558+0000] {processor.py:208} INFO - Processing /opt/airflow/dags/hw_dag.py took 32.230 seconds
[2024-09-12T16:05:52.339+0000] {processor.py:186} INFO - Started process (PID=3457) to work on /opt/airflow/dags/hw_dag.py
[2024-09-12T16:05:52.352+0000] {processor.py:914} INFO - Processing file /opt/airflow/dags/hw_dag.py for tasks to queue
[2024-09-12T16:05:52.362+0000] {logging_mixin.py:190} INFO - [2024-09-12T16:05:52.360+0000] {dagbag.py:587} INFO - Filling up the DagBag from /opt/airflow/dags/hw_dag.py
[2024-09-12T16:06:02.534+0000] {processor.py:925} INFO - DAG(s) 'car_price_prediction' retrieved from /opt/airflow/dags/hw_dag.py
[2024-09-12T16:06:02.605+0000] {logging_mixin.py:190} INFO - [2024-09-12T16:06:02.604+0000] {taskinstance.py:3303} ERROR - {'DAG Id': 'car_price_prediction', 'Task Id': 'pipeline', 'Run Id': 'scheduled__2022-09-15T15:00:00+00:00', 'Hostname': '6d94a8a19157', 'External Executor Id': '0930a374-4d75-4d36-b304-8c2241054ec3'}
[2024-09-12T16:06:02.661+0000] {logging_mixin.py:190} INFO - Task instance in failure state
[2024-09-12T16:06:02.667+0000] {logging_mixin.py:190} INFO - Task start:2024-09-12 15:57:45.827019+00:00 end:2024-09-12 16:06:02.623647+00:00 duration:496.796628
[2024-09-12T16:06:02.669+0000] {logging_mixin.py:190} INFO - Task:<Task(PythonOperator): pipeline> dag:<DAG: car_price_prediction> dagrun:<DagRun car_price_prediction @ 2022-09-15 15:00:00+00:00: scheduled__2022-09-15T15:00:00+00:00, state:running, queued_at: 2024-09-12 15:54:00.321273+00:00. externally triggered: False>
[2024-09-12T16:06:02.670+0000] {logging_mixin.py:190} INFO - Failure caused by {'DAG Id': 'car_price_prediction', 'Task Id': 'pipeline', 'Run Id': 'scheduled__2022-09-15T15:00:00+00:00', 'Hostname': '6d94a8a19157', 'External Executor Id': '0930a374-4d75-4d36-b304-8c2241054ec3'}
[2024-09-12T16:06:02.672+0000] {logging_mixin.py:190} INFO - [2024-09-12T16:06:02.671+0000] {taskinstance.py:1225} INFO - Marking task as FAILED. dag_id=car_price_prediction, task_id=pipeline, run_id=scheduled__2022-09-15T15:00:00+00:00, execution_date=20220915T150000, start_date=20240912T155745, end_date=20240912T160602
[2024-09-12T16:06:02.710+0000] {logging_mixin.py:190} INFO - [2024-09-12T16:06:02.709+0000] {processor.py:876} INFO - Executed callback for <TaskInstance: car_price_prediction.pipeline scheduled__2022-09-15T15:00:00+00:00 [failed]> in state failed
[2024-09-12T16:06:02.750+0000] {logging_mixin.py:190} INFO - [2024-09-12T16:06:02.749+0000] {dag.py:3211} INFO - Sync 1 DAGs
[2024-09-12T16:06:02.906+0000] {processor.py:208} INFO - Processing /opt/airflow/dags/hw_dag.py took 10.612 seconds
[2024-09-12T16:07:15.029+0000] {processor.py:186} INFO - Started process (PID=3513) to work on /opt/airflow/dags/hw_dag.py
[2024-09-12T16:07:15.044+0000] {processor.py:914} INFO - Processing file /opt/airflow/dags/hw_dag.py for tasks to queue
[2024-09-12T16:07:15.067+0000] {logging_mixin.py:190} INFO - [2024-09-12T16:07:15.066+0000] {dagbag.py:587} INFO - Filling up the DagBag from /opt/airflow/dags/hw_dag.py
[2024-09-12T16:07:26.379+0000] {processor.py:925} INFO - DAG(s) 'car_price_prediction' retrieved from /opt/airflow/dags/hw_dag.py
[2024-09-12T16:07:26.485+0000] {logging_mixin.py:190} INFO - [2024-09-12T16:07:26.481+0000] {taskinstance.py:3303} ERROR - {'DAG Id': 'car_price_prediction', 'Task Id': 'pipeline', 'Run Id': 'scheduled__2022-09-15T15:00:00+00:00', 'Hostname': '6d94a8a19157', 'External Executor Id': '0930a374-4d75-4d36-b304-8c2241054ec3'}
[2024-09-12T16:07:26.593+0000] {logging_mixin.py:190} INFO - Task instance in failure state
[2024-09-12T16:07:26.597+0000] {logging_mixin.py:190} INFO - Task start:2024-09-12 15:57:45.827019+00:00 end:2024-09-12 16:07:26.523474+00:00 duration:580.696455
[2024-09-12T16:07:26.599+0000] {logging_mixin.py:190} INFO - Task:<Task(PythonOperator): pipeline> dag:<DAG: car_price_prediction> dagrun:<DagRun car_price_prediction @ 2022-09-15 15:00:00+00:00: scheduled__2022-09-15T15:00:00+00:00, state:failed, queued_at: 2024-09-12 15:54:00.321273+00:00. externally triggered: False>
[2024-09-12T16:07:26.603+0000] {logging_mixin.py:190} INFO - Failure caused by {'DAG Id': 'car_price_prediction', 'Task Id': 'pipeline', 'Run Id': 'scheduled__2022-09-15T15:00:00+00:00', 'Hostname': '6d94a8a19157', 'External Executor Id': '0930a374-4d75-4d36-b304-8c2241054ec3'}
[2024-09-12T16:07:26.607+0000] {logging_mixin.py:190} INFO - [2024-09-12T16:07:26.607+0000] {taskinstance.py:1225} INFO - Marking task as FAILED. dag_id=car_price_prediction, task_id=pipeline, run_id=scheduled__2022-09-15T15:00:00+00:00, execution_date=20220915T150000, start_date=20240912T155745, end_date=20240912T160726
[2024-09-12T16:07:26.669+0000] {logging_mixin.py:190} INFO - [2024-09-12T16:07:26.669+0000] {processor.py:876} INFO - Executed callback for <TaskInstance: car_price_prediction.pipeline scheduled__2022-09-15T15:00:00+00:00 [failed]> in state failed
[2024-09-12T16:07:26.686+0000] {logging_mixin.py:190} INFO - [2024-09-12T16:07:26.685+0000] {taskinstance.py:3303} ERROR - {'DAG Id': 'car_price_prediction', 'Task Id': 'pipeline', 'Run Id': 'scheduled__2022-09-20T15:00:00+00:00', 'Hostname': '6d94a8a19157', 'External Executor Id': 'c61007f4-3d53-4cf9-aa88-0b2f1fd20f6e'}
[2024-09-12T16:07:26.772+0000] {logging_mixin.py:190} INFO - Task instance in failure state
[2024-09-12T16:07:26.776+0000] {logging_mixin.py:190} INFO - Task start:2024-09-12 16:00:52.944008+00:00 end:2024-09-12 16:07:26.703822+00:00 duration:393.759814
[2024-09-12T16:07:26.778+0000] {logging_mixin.py:190} INFO - Task:<Task(PythonOperator): pipeline> dag:<DAG: car_price_prediction> dagrun:<DagRun car_price_prediction @ 2022-09-20 15:00:00+00:00: scheduled__2022-09-20T15:00:00+00:00, state:running, queued_at: 2024-09-12 15:57:54.051037+00:00. externally triggered: False>
[2024-09-12T16:07:26.780+0000] {logging_mixin.py:190} INFO - Failure caused by {'DAG Id': 'car_price_prediction', 'Task Id': 'pipeline', 'Run Id': 'scheduled__2022-09-20T15:00:00+00:00', 'Hostname': '6d94a8a19157', 'External Executor Id': 'c61007f4-3d53-4cf9-aa88-0b2f1fd20f6e'}
[2024-09-12T16:07:26.783+0000] {logging_mixin.py:190} INFO - [2024-09-12T16:07:26.783+0000] {taskinstance.py:1225} INFO - Marking task as FAILED. dag_id=car_price_prediction, task_id=pipeline, run_id=scheduled__2022-09-20T15:00:00+00:00, execution_date=20220920T150000, start_date=20240912T160052, end_date=20240912T160726
[2024-09-12T16:07:26.816+0000] {logging_mixin.py:190} INFO - [2024-09-12T16:07:26.815+0000] {processor.py:876} INFO - Executed callback for <TaskInstance: car_price_prediction.pipeline scheduled__2022-09-20T15:00:00+00:00 [failed]> in state failed
[2024-09-12T16:07:26.873+0000] {logging_mixin.py:190} INFO - [2024-09-12T16:07:26.871+0000] {dag.py:3211} INFO - Sync 1 DAGs
[2024-09-12T16:07:27.135+0000] {processor.py:208} INFO - Processing /opt/airflow/dags/hw_dag.py took 12.171 seconds
[2024-09-12T16:07:58.065+0000] {processor.py:186} INFO - Started process (PID=3569) to work on /opt/airflow/dags/hw_dag.py
[2024-09-12T16:07:58.067+0000] {processor.py:914} INFO - Processing file /opt/airflow/dags/hw_dag.py for tasks to queue
[2024-09-12T16:07:58.071+0000] {logging_mixin.py:190} INFO - [2024-09-12T16:07:58.070+0000] {dagbag.py:587} INFO - Filling up the DagBag from /opt/airflow/dags/hw_dag.py
[2024-09-12T16:08:10.717+0000] {processor.py:925} INFO - DAG(s) 'car_price_prediction' retrieved from /opt/airflow/dags/hw_dag.py
[2024-09-12T16:08:10.992+0000] {logging_mixin.py:190} INFO - [2024-09-12T16:08:10.976+0000] {taskinstance.py:3303} ERROR - {'DAG Id': 'car_price_prediction', 'Task Id': 'pipeline', 'Run Id': 'scheduled__2022-09-20T15:00:00+00:00', 'Hostname': '6d94a8a19157', 'External Executor Id': 'c61007f4-3d53-4cf9-aa88-0b2f1fd20f6e'}
[2024-09-12T16:08:11.249+0000] {logging_mixin.py:190} INFO - Task instance in failure state
[2024-09-12T16:08:11.260+0000] {logging_mixin.py:190} INFO - Task start:2024-09-12 16:00:52.944008+00:00 end:2024-09-12 16:08:11.107101+00:00 duration:438.163093
[2024-09-12T16:08:11.263+0000] {logging_mixin.py:190} INFO - Task:<Task(PythonOperator): pipeline> dag:<DAG: car_price_prediction> dagrun:<DagRun car_price_prediction @ 2022-09-20 15:00:00+00:00: scheduled__2022-09-20T15:00:00+00:00, state:failed, queued_at: 2024-09-12 15:57:54.051037+00:00. externally triggered: False>
[2024-09-12T16:08:11.285+0000] {logging_mixin.py:190} INFO - Failure caused by {'DAG Id': 'car_price_prediction', 'Task Id': 'pipeline', 'Run Id': 'scheduled__2022-09-20T15:00:00+00:00', 'Hostname': '6d94a8a19157', 'External Executor Id': 'c61007f4-3d53-4cf9-aa88-0b2f1fd20f6e'}
[2024-09-12T16:08:11.295+0000] {logging_mixin.py:190} INFO - [2024-09-12T16:08:11.294+0000] {taskinstance.py:1225} INFO - Marking task as FAILED. dag_id=car_price_prediction, task_id=pipeline, run_id=scheduled__2022-09-20T15:00:00+00:00, execution_date=20220920T150000, start_date=20240912T160052, end_date=20240912T160811
[2024-09-12T16:08:11.390+0000] {logging_mixin.py:190} INFO - [2024-09-12T16:08:11.390+0000] {processor.py:876} INFO - Executed callback for <TaskInstance: car_price_prediction.pipeline scheduled__2022-09-20T15:00:00+00:00 [failed]> in state failed
[2024-09-12T16:08:11.518+0000] {logging_mixin.py:190} INFO - [2024-09-12T16:08:11.517+0000] {dag.py:3211} INFO - Sync 1 DAGs
[2024-09-12T16:08:11.819+0000] {processor.py:208} INFO - Processing /opt/airflow/dags/hw_dag.py took 13.787 seconds
[2024-09-12T16:08:43.424+0000] {processor.py:186} INFO - Started process (PID=3618) to work on /opt/airflow/dags/hw_dag.py
[2024-09-12T16:08:43.436+0000] {processor.py:914} INFO - Processing file /opt/airflow/dags/hw_dag.py for tasks to queue
[2024-09-12T16:08:43.439+0000] {logging_mixin.py:190} INFO - [2024-09-12T16:08:43.438+0000] {dagbag.py:587} INFO - Filling up the DagBag from /opt/airflow/dags/hw_dag.py
[2024-09-12T16:08:51.165+0000] {processor.py:925} INFO - DAG(s) 'car_price_prediction' retrieved from /opt/airflow/dags/hw_dag.py
[2024-09-12T16:08:51.328+0000] {logging_mixin.py:190} INFO - [2024-09-12T16:08:51.322+0000] {dag.py:3211} INFO - Sync 1 DAGs
[2024-09-12T16:08:51.714+0000] {processor.py:208} INFO - Processing /opt/airflow/dags/hw_dag.py took 8.368 seconds
[2024-09-12T16:09:21.969+0000] {processor.py:186} INFO - Started process (PID=3690) to work on /opt/airflow/dags/hw_dag.py
[2024-09-12T16:09:21.975+0000] {processor.py:914} INFO - Processing file /opt/airflow/dags/hw_dag.py for tasks to queue
[2024-09-12T16:09:21.978+0000] {logging_mixin.py:190} INFO - [2024-09-12T16:09:21.978+0000] {dagbag.py:587} INFO - Filling up the DagBag from /opt/airflow/dags/hw_dag.py
[2024-09-12T16:09:28.560+0000] {processor.py:925} INFO - DAG(s) 'car_price_prediction' retrieved from /opt/airflow/dags/hw_dag.py
[2024-09-12T16:09:28.639+0000] {logging_mixin.py:190} INFO - [2024-09-12T16:09:28.638+0000] {dag.py:3211} INFO - Sync 1 DAGs
[2024-09-12T16:09:28.711+0000] {logging_mixin.py:190} INFO - [2024-09-12T16:09:28.711+0000] {dag.py:4138} INFO - Setting next_dagrun for car_price_prediction to 2022-10-10 15:00:00+00:00, run_after=2022-10-11 15:00:00+00:00
[2024-09-12T16:09:28.762+0000] {processor.py:208} INFO - Processing /opt/airflow/dags/hw_dag.py took 6.838 seconds
[2024-09-12T16:10:21.976+0000] {processor.py:186} INFO - Started process (PID=3735) to work on /opt/airflow/dags/hw_dag.py
[2024-09-12T16:10:22.074+0000] {processor.py:914} INFO - Processing file /opt/airflow/dags/hw_dag.py for tasks to queue
[2024-09-12T16:10:22.137+0000] {logging_mixin.py:190} INFO - [2024-09-12T16:10:22.136+0000] {dagbag.py:587} INFO - Filling up the DagBag from /opt/airflow/dags/hw_dag.py
[2024-09-12T16:10:30.631+0000] {processor.py:925} INFO - DAG(s) 'car_price_prediction' retrieved from /opt/airflow/dags/hw_dag.py
[2024-09-12T16:10:30.736+0000] {logging_mixin.py:190} INFO - [2024-09-12T16:10:30.735+0000] {dag.py:3211} INFO - Sync 1 DAGs
[2024-09-12T16:10:30.852+0000] {logging_mixin.py:190} INFO - [2024-09-12T16:10:30.851+0000] {dag.py:4138} INFO - Setting next_dagrun for car_price_prediction to 2022-10-11 15:00:00+00:00, run_after=2022-10-12 15:00:00+00:00
[2024-09-12T16:10:30.949+0000] {processor.py:208} INFO - Processing /opt/airflow/dags/hw_dag.py took 9.101 seconds
[2024-09-12T16:10:31.188+0000] {processor.py:186} INFO - Started process (PID=3748) to work on /opt/airflow/dags/hw_dag.py
[2024-09-12T16:10:31.193+0000] {processor.py:914} INFO - Processing file /opt/airflow/dags/hw_dag.py for tasks to queue
[2024-09-12T16:10:31.197+0000] {logging_mixin.py:190} INFO - [2024-09-12T16:10:31.196+0000] {dagbag.py:587} INFO - Filling up the DagBag from /opt/airflow/dags/hw_dag.py
[2024-09-12T16:10:34.351+0000] {processor.py:925} INFO - DAG(s) 'car_price_prediction' retrieved from /opt/airflow/dags/hw_dag.py
[2024-09-12T16:10:34.444+0000] {logging_mixin.py:190} INFO - [2024-09-12T16:10:34.441+0000] {taskinstance.py:3303} ERROR - {'DAG Id': 'car_price_prediction', 'Task Id': 'pipeline', 'Run Id': 'scheduled__2022-09-28T15:00:00+00:00', 'Hostname': '6d94a8a19157', 'External Executor Id': '671db6b6-7102-48e2-9776-bcd9e7137186'}
[2024-09-12T16:10:34.649+0000] {logging_mixin.py:190} INFO - Task instance in failure state
[2024-09-12T16:10:34.650+0000] {logging_mixin.py:190} INFO - Task start:2024-09-12 16:04:34.898984+00:00 end:2024-09-12 16:10:34.648490+00:00 duration:359.749506
[2024-09-12T16:10:34.651+0000] {logging_mixin.py:190} INFO - Task:<Task(PythonOperator): pipeline> dag:<DAG: car_price_prediction> dagrun:<DagRun car_price_prediction @ 2022-09-28 15:00:00+00:00: scheduled__2022-09-28T15:00:00+00:00, state:running, queued_at: 2024-09-12 16:03:18.611148+00:00. externally triggered: False>
[2024-09-12T16:10:34.652+0000] {logging_mixin.py:190} INFO - Failure caused by {'DAG Id': 'car_price_prediction', 'Task Id': 'pipeline', 'Run Id': 'scheduled__2022-09-28T15:00:00+00:00', 'Hostname': '6d94a8a19157', 'External Executor Id': '671db6b6-7102-48e2-9776-bcd9e7137186'}
[2024-09-12T16:10:34.654+0000] {logging_mixin.py:190} INFO - [2024-09-12T16:10:34.653+0000] {taskinstance.py:1225} INFO - Marking task as UP_FOR_RETRY. dag_id=car_price_prediction, task_id=pipeline, run_id=scheduled__2022-09-28T15:00:00+00:00, execution_date=20220928T150000, start_date=20240912T160434, end_date=20240912T161034
[2024-09-12T16:10:34.740+0000] {logging_mixin.py:190} INFO - [2024-09-12T16:10:34.739+0000] {processor.py:876} INFO - Executed callback for <TaskInstance: car_price_prediction.pipeline scheduled__2022-09-28T15:00:00+00:00 [up_for_retry]> in state up_for_retry
[2024-09-12T16:10:34.749+0000] {logging_mixin.py:190} INFO - [2024-09-12T16:10:34.748+0000] {taskinstance.py:3303} ERROR - {'DAG Id': 'car_price_prediction', 'Task Id': 'pipeline', 'Run Id': 'scheduled__2022-10-03T15:00:00+00:00', 'Hostname': '6d94a8a19157', 'External Executor Id': '7dec5a82-7e2d-4839-a365-e661b40f40c2'}
[2024-09-12T16:10:34.799+0000] {logging_mixin.py:190} INFO - Task instance in failure state
[2024-09-12T16:10:34.801+0000] {logging_mixin.py:190} INFO - Task start:2024-09-12 16:07:08.342852+00:00 end:2024-09-12 16:10:34.799091+00:00 duration:206.456239
[2024-09-12T16:10:34.806+0000] {logging_mixin.py:190} INFO - Task:<Task(PythonOperator): pipeline> dag:<DAG: car_price_prediction> dagrun:<DagRun car_price_prediction @ 2022-10-03 15:00:00+00:00: scheduled__2022-10-03T15:00:00+00:00, state:running, queued_at: 2024-09-12 16:05:28.584772+00:00. externally triggered: False>
[2024-09-12T16:10:34.810+0000] {logging_mixin.py:190} INFO - Failure caused by {'DAG Id': 'car_price_prediction', 'Task Id': 'pipeline', 'Run Id': 'scheduled__2022-10-03T15:00:00+00:00', 'Hostname': '6d94a8a19157', 'External Executor Id': '7dec5a82-7e2d-4839-a365-e661b40f40c2'}
[2024-09-12T16:10:34.824+0000] {logging_mixin.py:190} INFO - [2024-09-12T16:10:34.824+0000] {taskinstance.py:1225} INFO - Marking task as UP_FOR_RETRY. dag_id=car_price_prediction, task_id=pipeline, run_id=scheduled__2022-10-03T15:00:00+00:00, execution_date=20221003T150000, start_date=20240912T160708, end_date=20240912T161034
[2024-09-12T16:10:34.863+0000] {logging_mixin.py:190} INFO - [2024-09-12T16:10:34.862+0000] {processor.py:876} INFO - Executed callback for <TaskInstance: car_price_prediction.pipeline scheduled__2022-10-03T15:00:00+00:00 [up_for_retry]> in state up_for_retry
[2024-09-12T16:10:34.916+0000] {logging_mixin.py:190} INFO - [2024-09-12T16:10:34.913+0000] {dag.py:3211} INFO - Sync 1 DAGs
[2024-09-12T16:10:35.271+0000] {processor.py:208} INFO - Processing /opt/airflow/dags/hw_dag.py took 4.110 seconds
[2024-09-12T16:11:05.893+0000] {processor.py:186} INFO - Started process (PID=3816) to work on /opt/airflow/dags/hw_dag.py
[2024-09-12T16:11:05.929+0000] {processor.py:914} INFO - Processing file /opt/airflow/dags/hw_dag.py for tasks to queue
[2024-09-12T16:11:05.951+0000] {logging_mixin.py:190} INFO - [2024-09-12T16:11:05.932+0000] {dagbag.py:587} INFO - Filling up the DagBag from /opt/airflow/dags/hw_dag.py
[2024-09-12T16:11:20.082+0000] {processor.py:925} INFO - DAG(s) 'car_price_prediction' retrieved from /opt/airflow/dags/hw_dag.py
[2024-09-12T16:11:20.492+0000] {logging_mixin.py:190} INFO - [2024-09-12T16:11:20.490+0000] {dag.py:3211} INFO - Sync 1 DAGs
[2024-09-12T16:11:20.868+0000] {processor.py:208} INFO - Processing /opt/airflow/dags/hw_dag.py took 15.057 seconds
[2024-09-12T16:11:25.672+0000] {processor.py:186} INFO - Started process (PID=3842) to work on /opt/airflow/dags/hw_dag.py
[2024-09-12T16:11:25.675+0000] {processor.py:914} INFO - Processing file /opt/airflow/dags/hw_dag.py for tasks to queue
[2024-09-12T16:11:25.690+0000] {logging_mixin.py:190} INFO - [2024-09-12T16:11:25.689+0000] {dagbag.py:587} INFO - Filling up the DagBag from /opt/airflow/dags/hw_dag.py
[2024-09-12T16:11:33.311+0000] {processor.py:925} INFO - DAG(s) 'car_price_prediction' retrieved from /opt/airflow/dags/hw_dag.py
[2024-09-12T16:11:33.398+0000] {logging_mixin.py:190} INFO - [2024-09-12T16:11:33.392+0000] {taskinstance.py:3303} ERROR - {'DAG Id': 'car_price_prediction', 'Task Id': 'pipeline', 'Run Id': 'scheduled__2022-10-01T15:00:00+00:00', 'Hostname': '6d94a8a19157', 'External Executor Id': '09e92ce1-c142-497d-9732-0cf7528352d7'}
[2024-09-12T16:11:33.514+0000] {logging_mixin.py:190} INFO - Task instance in failure state
[2024-09-12T16:11:33.516+0000] {logging_mixin.py:190} INFO - Task start:2024-09-12 16:05:33.095343+00:00 end:2024-09-12 16:11:33.512837+00:00 duration:360.417494
[2024-09-12T16:11:33.519+0000] {logging_mixin.py:190} INFO - Task:<Task(PythonOperator): pipeline> dag:<DAG: car_price_prediction> dagrun:<DagRun car_price_prediction @ 2022-10-01 15:00:00+00:00: scheduled__2022-10-01T15:00:00+00:00, state:running, queued_at: 2024-09-12 16:04:03.967312+00:00. externally triggered: False>
[2024-09-12T16:11:33.520+0000] {logging_mixin.py:190} INFO - Failure caused by {'DAG Id': 'car_price_prediction', 'Task Id': 'pipeline', 'Run Id': 'scheduled__2022-10-01T15:00:00+00:00', 'Hostname': '6d94a8a19157', 'External Executor Id': '09e92ce1-c142-497d-9732-0cf7528352d7'}
[2024-09-12T16:11:33.522+0000] {logging_mixin.py:190} INFO - [2024-09-12T16:11:33.521+0000] {taskinstance.py:1225} INFO - Marking task as UP_FOR_RETRY. dag_id=car_price_prediction, task_id=pipeline, run_id=scheduled__2022-10-01T15:00:00+00:00, execution_date=20221001T150000, start_date=20240912T160533, end_date=20240912T161133
[2024-09-12T16:11:33.568+0000] {logging_mixin.py:190} INFO - [2024-09-12T16:11:33.566+0000] {processor.py:876} INFO - Executed callback for <TaskInstance: car_price_prediction.pipeline scheduled__2022-10-01T15:00:00+00:00 [up_for_retry]> in state up_for_retry
[2024-09-12T16:11:33.605+0000] {logging_mixin.py:190} INFO - [2024-09-12T16:11:33.604+0000] {dag.py:3211} INFO - Sync 1 DAGs
[2024-09-12T16:11:33.741+0000] {processor.py:208} INFO - Processing /opt/airflow/dags/hw_dag.py took 8.098 seconds
[2024-09-12T16:12:27.907+0000] {processor.py:186} INFO - Started process (PID=3916) to work on /opt/airflow/dags/hw_dag.py
[2024-09-12T16:12:27.928+0000] {processor.py:914} INFO - Processing file /opt/airflow/dags/hw_dag.py for tasks to queue
[2024-09-12T16:12:27.938+0000] {logging_mixin.py:190} INFO - [2024-09-12T16:12:27.937+0000] {dagbag.py:587} INFO - Filling up the DagBag from /opt/airflow/dags/hw_dag.py
[2024-09-12T16:12:37.374+0000] {processor.py:925} INFO - DAG(s) 'car_price_prediction' retrieved from /opt/airflow/dags/hw_dag.py
[2024-09-12T16:12:37.535+0000] {logging_mixin.py:190} INFO - [2024-09-12T16:12:37.523+0000] {taskinstance.py:3303} ERROR - {'DAG Id': 'car_price_prediction', 'Task Id': 'pipeline', 'Run Id': 'scheduled__2022-09-02T15:00:00+00:00', 'Hostname': '6d94a8a19157', 'External Executor Id': 'd202c304-291b-4b98-a7d0-cbb63bb3517b'}
[2024-09-12T16:12:37.688+0000] {logging_mixin.py:190} INFO - Task instance in failure state
[2024-09-12T16:12:37.690+0000] {logging_mixin.py:190} INFO - Task start:2024-09-12 15:50:38.047735+00:00 end:2024-09-12 16:12:37.586773+00:00 duration:1319.539038
[2024-09-12T16:12:37.697+0000] {logging_mixin.py:190} INFO - Task:<Task(PythonOperator): pipeline> dag:<DAG: car_price_prediction> dagrun:<DagRun car_price_prediction @ 2022-09-02 15:00:00+00:00: scheduled__2022-09-02T15:00:00+00:00, state:running, queued_at: 2024-09-12 15:47:27.396044+00:00. externally triggered: False>
[2024-09-12T16:12:37.702+0000] {logging_mixin.py:190} INFO - Failure caused by {'DAG Id': 'car_price_prediction', 'Task Id': 'pipeline', 'Run Id': 'scheduled__2022-09-02T15:00:00+00:00', 'Hostname': '6d94a8a19157', 'External Executor Id': 'd202c304-291b-4b98-a7d0-cbb63bb3517b'}
[2024-09-12T16:12:37.710+0000] {logging_mixin.py:190} INFO - [2024-09-12T16:12:37.709+0000] {taskinstance.py:1225} INFO - Marking task as FAILED. dag_id=car_price_prediction, task_id=pipeline, run_id=scheduled__2022-09-02T15:00:00+00:00, execution_date=20220902T150000, start_date=20240912T155038, end_date=20240912T161237
[2024-09-12T16:12:37.830+0000] {logging_mixin.py:190} INFO - [2024-09-12T16:12:37.829+0000] {processor.py:876} INFO - Executed callback for <TaskInstance: car_price_prediction.pipeline scheduled__2022-09-02T15:00:00+00:00 [failed]> in state failed
[2024-09-12T16:12:37.910+0000] {logging_mixin.py:190} INFO - [2024-09-12T16:12:37.905+0000] {dag.py:3211} INFO - Sync 1 DAGs
[2024-09-12T16:12:38.182+0000] {logging_mixin.py:190} INFO - [2024-09-12T16:12:38.181+0000] {dag.py:4138} INFO - Setting next_dagrun for car_price_prediction to 2022-10-13 15:00:00+00:00, run_after=2022-10-14 15:00:00+00:00
[2024-09-12T16:12:38.396+0000] {processor.py:208} INFO - Processing /opt/airflow/dags/hw_dag.py took 10.519 seconds
[2024-09-12T16:13:08.582+0000] {processor.py:186} INFO - Started process (PID=3990) to work on /opt/airflow/dags/hw_dag.py
[2024-09-12T16:13:08.589+0000] {processor.py:914} INFO - Processing file /opt/airflow/dags/hw_dag.py for tasks to queue
[2024-09-12T16:13:08.593+0000] {logging_mixin.py:190} INFO - [2024-09-12T16:13:08.592+0000] {dagbag.py:587} INFO - Filling up the DagBag from /opt/airflow/dags/hw_dag.py
[2024-09-12T16:13:16.520+0000] {processor.py:925} INFO - DAG(s) 'car_price_prediction' retrieved from /opt/airflow/dags/hw_dag.py
[2024-09-12T16:13:41.584+0000] {logging_mixin.py:190} INFO - [2024-09-12T16:13:41.583+0000] {dag.py:3211} INFO - Sync 1 DAGs
[2024-09-12T16:13:41.749+0000] {logging_mixin.py:190} INFO - [2024-09-12T16:13:41.748+0000] {dag.py:4138} INFO - Setting next_dagrun for car_price_prediction to 2022-10-14 15:00:00+00:00, run_after=2022-10-15 15:00:00+00:00
[2024-09-12T16:13:41.842+0000] {processor.py:208} INFO - Processing /opt/airflow/dags/hw_dag.py took 33.344 seconds
[2024-09-12T16:13:53.408+0000] {processor.py:186} INFO - Started process (PID=4026) to work on /opt/airflow/dags/hw_dag.py
[2024-09-12T16:13:53.425+0000] {processor.py:914} INFO - Processing file /opt/airflow/dags/hw_dag.py for tasks to queue
[2024-09-12T16:13:53.430+0000] {logging_mixin.py:190} INFO - [2024-09-12T16:13:53.429+0000] {dagbag.py:587} INFO - Filling up the DagBag from /opt/airflow/dags/hw_dag.py
[2024-09-12T16:14:03.981+0000] {processor.py:925} INFO - DAG(s) 'car_price_prediction' retrieved from /opt/airflow/dags/hw_dag.py
[2024-09-12T16:14:04.155+0000] {logging_mixin.py:190} INFO - [2024-09-12T16:14:04.112+0000] {taskinstance.py:3303} ERROR - {'DAG Id': 'car_price_prediction', 'Task Id': 'pipeline', 'Run Id': 'scheduled__2022-10-05T15:00:00+00:00', 'Hostname': '6d94a8a19157', 'External Executor Id': 'f841b4b5-603b-4cd0-a4e3-c316df9b7254'}
[2024-09-12T16:14:04.261+0000] {logging_mixin.py:190} INFO - Task instance in failure state
[2024-09-12T16:14:04.264+0000] {logging_mixin.py:190} INFO - Task start:2024-09-12 16:10:46.116820+00:00 end:2024-09-12 16:14:04.194767+00:00 duration:198.077947
[2024-09-12T16:14:04.269+0000] {logging_mixin.py:190} INFO - Task:<Task(PythonOperator): pipeline> dag:<DAG: car_price_prediction> dagrun:<DagRun car_price_prediction @ 2022-10-05 15:00:00+00:00: scheduled__2022-10-05T15:00:00+00:00, state:running, queued_at: 2024-09-12 16:07:14.807470+00:00. externally triggered: False>
[2024-09-12T16:14:04.270+0000] {logging_mixin.py:190} INFO - Failure caused by {'DAG Id': 'car_price_prediction', 'Task Id': 'pipeline', 'Run Id': 'scheduled__2022-10-05T15:00:00+00:00', 'Hostname': '6d94a8a19157', 'External Executor Id': 'f841b4b5-603b-4cd0-a4e3-c316df9b7254'}
[2024-09-12T16:14:04.273+0000] {logging_mixin.py:190} INFO - [2024-09-12T16:14:04.272+0000] {taskinstance.py:1225} INFO - Marking task as FAILED. dag_id=car_price_prediction, task_id=pipeline, run_id=scheduled__2022-10-05T15:00:00+00:00, execution_date=20221005T150000, start_date=20240912T161046, end_date=20240912T161404
[2024-09-12T16:14:04.320+0000] {logging_mixin.py:190} INFO - [2024-09-12T16:14:04.320+0000] {processor.py:876} INFO - Executed callback for <TaskInstance: car_price_prediction.pipeline scheduled__2022-10-05T15:00:00+00:00 [failed]> in state failed
[2024-09-12T16:14:04.358+0000] {logging_mixin.py:190} INFO - [2024-09-12T16:14:04.357+0000] {dag.py:3211} INFO - Sync 1 DAGs
[2024-09-12T16:14:04.644+0000] {processor.py:208} INFO - Processing /opt/airflow/dags/hw_dag.py took 11.260 seconds
[2024-09-12T16:14:41.953+0000] {processor.py:186} INFO - Started process (PID=4087) to work on /opt/airflow/dags/hw_dag.py
[2024-09-12T16:14:41.962+0000] {processor.py:914} INFO - Processing file /opt/airflow/dags/hw_dag.py for tasks to queue
[2024-09-12T16:14:41.972+0000] {logging_mixin.py:190} INFO - [2024-09-12T16:14:41.968+0000] {dagbag.py:587} INFO - Filling up the DagBag from /opt/airflow/dags/hw_dag.py
[2024-09-12T16:14:49.839+0000] {processor.py:925} INFO - DAG(s) 'car_price_prediction' retrieved from /opt/airflow/dags/hw_dag.py
[2024-09-12T16:14:50.003+0000] {logging_mixin.py:190} INFO - [2024-09-12T16:14:50.000+0000] {taskinstance.py:3303} ERROR - {'DAG Id': 'car_price_prediction', 'Task Id': 'pipeline', 'Run Id': 'scheduled__2022-10-05T15:00:00+00:00', 'Hostname': '6d94a8a19157', 'External Executor Id': 'f841b4b5-603b-4cd0-a4e3-c316df9b7254'}
[2024-09-12T16:14:50.246+0000] {logging_mixin.py:190} INFO - Task instance in failure state
[2024-09-12T16:14:50.262+0000] {logging_mixin.py:190} INFO - Task start:2024-09-12 16:10:46.116820+00:00 end:2024-09-12 16:14:50.037098+00:00 duration:243.920278
[2024-09-12T16:14:50.268+0000] {logging_mixin.py:190} INFO - Task:<Task(PythonOperator): pipeline> dag:<DAG: car_price_prediction> dagrun:<DagRun car_price_prediction @ 2022-10-05 15:00:00+00:00: scheduled__2022-10-05T15:00:00+00:00, state:failed, queued_at: 2024-09-12 16:07:14.807470+00:00. externally triggered: False>
[2024-09-12T16:14:50.270+0000] {logging_mixin.py:190} INFO - Failure caused by {'DAG Id': 'car_price_prediction', 'Task Id': 'pipeline', 'Run Id': 'scheduled__2022-10-05T15:00:00+00:00', 'Hostname': '6d94a8a19157', 'External Executor Id': 'f841b4b5-603b-4cd0-a4e3-c316df9b7254'}
[2024-09-12T16:14:50.291+0000] {logging_mixin.py:190} INFO - [2024-09-12T16:14:50.290+0000] {taskinstance.py:1225} INFO - Marking task as FAILED. dag_id=car_price_prediction, task_id=pipeline, run_id=scheduled__2022-10-05T15:00:00+00:00, execution_date=20221005T150000, start_date=20240912T161046, end_date=20240912T161450
[2024-09-12T16:14:50.416+0000] {logging_mixin.py:190} INFO - [2024-09-12T16:14:50.415+0000] {processor.py:876} INFO - Executed callback for <TaskInstance: car_price_prediction.pipeline scheduled__2022-10-05T15:00:00+00:00 [failed]> in state failed
[2024-09-12T16:14:50.459+0000] {logging_mixin.py:190} INFO - [2024-09-12T16:14:50.459+0000] {taskinstance.py:3303} ERROR - {'DAG Id': 'car_price_prediction', 'Task Id': 'pipeline', 'Run Id': 'scheduled__2022-10-08T15:00:00+00:00', 'Hostname': '6d94a8a19157', 'External Executor Id': 'fc21ff4f-8728-4c00-907c-25cbe2b59aa5'}
[2024-09-12T16:14:50.529+0000] {logging_mixin.py:190} INFO - Task instance in failure state
[2024-09-12T16:14:50.534+0000] {logging_mixin.py:190} INFO - Task start:2024-09-12 16:11:01.417857+00:00 end:2024-09-12 16:14:50.501179+00:00 duration:229.083322
[2024-09-12T16:14:50.549+0000] {logging_mixin.py:190} INFO - Task:<Task(PythonOperator): pipeline> dag:<DAG: car_price_prediction> dagrun:<DagRun car_price_prediction @ 2022-10-08 15:00:00+00:00: scheduled__2022-10-08T15:00:00+00:00, state:running, queued_at: 2024-09-12 16:07:48.724652+00:00. externally triggered: False>
[2024-09-12T16:14:50.550+0000] {logging_mixin.py:190} INFO - Failure caused by {'DAG Id': 'car_price_prediction', 'Task Id': 'pipeline', 'Run Id': 'scheduled__2022-10-08T15:00:00+00:00', 'Hostname': '6d94a8a19157', 'External Executor Id': 'fc21ff4f-8728-4c00-907c-25cbe2b59aa5'}
[2024-09-12T16:14:50.554+0000] {logging_mixin.py:190} INFO - [2024-09-12T16:14:50.553+0000] {taskinstance.py:1225} INFO - Marking task as FAILED. dag_id=car_price_prediction, task_id=pipeline, run_id=scheduled__2022-10-08T15:00:00+00:00, execution_date=20221008T150000, start_date=20240912T161101, end_date=20240912T161450
[2024-09-12T16:14:50.588+0000] {logging_mixin.py:190} INFO - [2024-09-12T16:14:50.588+0000] {processor.py:876} INFO - Executed callback for <TaskInstance: car_price_prediction.pipeline scheduled__2022-10-08T15:00:00+00:00 [failed]> in state failed
[2024-09-12T16:14:50.601+0000] {logging_mixin.py:190} INFO - [2024-09-12T16:14:50.600+0000] {taskinstance.py:3303} ERROR - {'DAG Id': 'car_price_prediction', 'Task Id': 'pipeline', 'Run Id': 'scheduled__2022-10-09T15:00:00+00:00', 'Hostname': '6d94a8a19157', 'External Executor Id': 'cf6c86fb-742f-4d8c-b455-5c596c5abf68'}
[2024-09-12T16:14:50.646+0000] {logging_mixin.py:190} INFO - Task instance in failure state
[2024-09-12T16:14:50.652+0000] {logging_mixin.py:190} INFO - Task start:2024-09-12 16:11:19.308610+00:00 end:2024-09-12 16:14:50.625680+00:00 duration:211.31707
[2024-09-12T16:14:50.653+0000] {logging_mixin.py:190} INFO - Task:<Task(PythonOperator): pipeline> dag:<DAG: car_price_prediction> dagrun:<DagRun car_price_prediction @ 2022-10-09 15:00:00+00:00: scheduled__2022-10-09T15:00:00+00:00, state:running, queued_at: 2024-09-12 16:08:05.844644+00:00. externally triggered: False>
[2024-09-12T16:14:50.654+0000] {logging_mixin.py:190} INFO - Failure caused by {'DAG Id': 'car_price_prediction', 'Task Id': 'pipeline', 'Run Id': 'scheduled__2022-10-09T15:00:00+00:00', 'Hostname': '6d94a8a19157', 'External Executor Id': 'cf6c86fb-742f-4d8c-b455-5c596c5abf68'}
[2024-09-12T16:14:50.657+0000] {logging_mixin.py:190} INFO - [2024-09-12T16:14:50.656+0000] {taskinstance.py:1225} INFO - Marking task as FAILED. dag_id=car_price_prediction, task_id=pipeline, run_id=scheduled__2022-10-09T15:00:00+00:00, execution_date=20221009T150000, start_date=20240912T161119, end_date=20240912T161450
[2024-09-12T16:14:50.688+0000] {logging_mixin.py:190} INFO - [2024-09-12T16:14:50.687+0000] {processor.py:876} INFO - Executed callback for <TaskInstance: car_price_prediction.pipeline scheduled__2022-10-09T15:00:00+00:00 [failed]> in state failed
[2024-09-12T16:14:50.744+0000] {logging_mixin.py:190} INFO - [2024-09-12T16:14:50.743+0000] {dag.py:3211} INFO - Sync 1 DAGs
[2024-09-12T16:14:50.956+0000] {processor.py:208} INFO - Processing /opt/airflow/dags/hw_dag.py took 9.006 seconds
[2024-09-12T16:15:21.602+0000] {processor.py:186} INFO - Started process (PID=4161) to work on /opt/airflow/dags/hw_dag.py
[2024-09-12T16:15:21.614+0000] {processor.py:914} INFO - Processing file /opt/airflow/dags/hw_dag.py for tasks to queue
[2024-09-12T16:15:21.617+0000] {logging_mixin.py:190} INFO - [2024-09-12T16:15:21.616+0000] {dagbag.py:587} INFO - Filling up the DagBag from /opt/airflow/dags/hw_dag.py
[2024-09-12T16:15:29.098+0000] {processor.py:925} INFO - DAG(s) 'car_price_prediction' retrieved from /opt/airflow/dags/hw_dag.py
[2024-09-12T16:15:29.287+0000] {logging_mixin.py:190} INFO - [2024-09-12T16:15:29.286+0000] {dag.py:3211} INFO - Sync 1 DAGs
[2024-09-12T16:15:29.772+0000] {processor.py:208} INFO - Processing /opt/airflow/dags/hw_dag.py took 8.228 seconds
[2024-09-12T16:16:00.891+0000] {processor.py:186} INFO - Started process (PID=4239) to work on /opt/airflow/dags/hw_dag.py
[2024-09-12T16:16:00.895+0000] {processor.py:914} INFO - Processing file /opt/airflow/dags/hw_dag.py for tasks to queue
[2024-09-12T16:16:00.899+0000] {logging_mixin.py:190} INFO - [2024-09-12T16:16:00.898+0000] {dagbag.py:587} INFO - Filling up the DagBag from /opt/airflow/dags/hw_dag.py
[2024-09-12T16:16:10.084+0000] {processor.py:925} INFO - DAG(s) 'car_price_prediction' retrieved from /opt/airflow/dags/hw_dag.py
[2024-09-12T16:16:10.243+0000] {logging_mixin.py:190} INFO - [2024-09-12T16:16:10.236+0000] {dag.py:3211} INFO - Sync 1 DAGs
[2024-09-12T16:16:10.546+0000] {processor.py:208} INFO - Processing /opt/airflow/dags/hw_dag.py took 9.687 seconds
[2024-09-12T16:16:23.060+0000] {processor.py:186} INFO - Started process (PID=4259) to work on /opt/airflow/dags/hw_dag.py
[2024-09-12T16:16:23.083+0000] {processor.py:914} INFO - Processing file /opt/airflow/dags/hw_dag.py for tasks to queue
[2024-09-12T16:16:23.088+0000] {logging_mixin.py:190} INFO - [2024-09-12T16:16:23.087+0000] {dagbag.py:587} INFO - Filling up the DagBag from /opt/airflow/dags/hw_dag.py
[2024-09-12T16:16:30.160+0000] {processor.py:925} INFO - DAG(s) 'car_price_prediction' retrieved from /opt/airflow/dags/hw_dag.py
[2024-09-12T16:16:30.338+0000] {logging_mixin.py:190} INFO - [2024-09-12T16:16:30.325+0000] {taskinstance.py:3303} ERROR - {'DAG Id': 'car_price_prediction', 'Task Id': 'pipeline', 'Run Id': 'scheduled__2022-09-12T15:00:00+00:00', 'Hostname': '6d94a8a19157', 'External Executor Id': '2841e404-bed5-436b-b226-da99be807c2b'}
[2024-09-12T16:16:30.446+0000] {logging_mixin.py:190} INFO - Task instance in failure state
[2024-09-12T16:16:30.447+0000] {logging_mixin.py:190} INFO - Task start:2024-09-12 15:54:18.742303+00:00 end:2024-09-12 16:16:30.441578+00:00 duration:1331.699275
[2024-09-12T16:16:30.448+0000] {logging_mixin.py:190} INFO - Task:<Task(PythonOperator): pipeline> dag:<DAG: car_price_prediction> dagrun:<DagRun car_price_prediction @ 2022-09-12 15:00:00+00:00: scheduled__2022-09-12T15:00:00+00:00, state:running, queued_at: 2024-09-12 15:52:53.712948+00:00. externally triggered: False>
[2024-09-12T16:16:30.450+0000] {logging_mixin.py:190} INFO - Failure caused by {'DAG Id': 'car_price_prediction', 'Task Id': 'pipeline', 'Run Id': 'scheduled__2022-09-12T15:00:00+00:00', 'Hostname': '6d94a8a19157', 'External Executor Id': '2841e404-bed5-436b-b226-da99be807c2b'}
[2024-09-12T16:16:30.457+0000] {logging_mixin.py:190} INFO - [2024-09-12T16:16:30.452+0000] {taskinstance.py:1225} INFO - Marking task as UP_FOR_RETRY. dag_id=car_price_prediction, task_id=pipeline, run_id=scheduled__2022-09-12T15:00:00+00:00, execution_date=20220912T150000, start_date=20240912T155418, end_date=20240912T161630
[2024-09-12T16:16:30.535+0000] {logging_mixin.py:190} INFO - [2024-09-12T16:16:30.535+0000] {processor.py:876} INFO - Executed callback for <TaskInstance: car_price_prediction.pipeline scheduled__2022-09-12T15:00:00+00:00 [up_for_retry]> in state up_for_retry
[2024-09-12T16:16:30.542+0000] {logging_mixin.py:190} INFO - [2024-09-12T16:16:30.541+0000] {taskinstance.py:3303} ERROR - {'DAG Id': 'car_price_prediction', 'Task Id': 'pipeline', 'Run Id': 'scheduled__2022-09-12T15:00:00+00:00', 'Hostname': '6d94a8a19157', 'External Executor Id': '2841e404-bed5-436b-b226-da99be807c2b'}
[2024-09-12T16:16:30.572+0000] {logging_mixin.py:190} INFO - Task instance in failure state
[2024-09-12T16:16:30.574+0000] {logging_mixin.py:190} INFO - Task start:2024-09-12 15:54:18.742303+00:00 end:2024-09-12 16:16:30.556975+00:00 duration:1331.814672
[2024-09-12T16:16:30.575+0000] {logging_mixin.py:190} INFO - Task:<Task(PythonOperator): pipeline> dag:<DAG: car_price_prediction> dagrun:<DagRun car_price_prediction @ 2022-09-12 15:00:00+00:00: scheduled__2022-09-12T15:00:00+00:00, state:running, queued_at: 2024-09-12 15:52:53.712948+00:00. externally triggered: False>
[2024-09-12T16:16:30.576+0000] {logging_mixin.py:190} INFO - Failure caused by {'DAG Id': 'car_price_prediction', 'Task Id': 'pipeline', 'Run Id': 'scheduled__2022-09-12T15:00:00+00:00', 'Hostname': '6d94a8a19157', 'External Executor Id': '2841e404-bed5-436b-b226-da99be807c2b'}
[2024-09-12T16:16:30.578+0000] {logging_mixin.py:190} INFO - [2024-09-12T16:16:30.578+0000] {taskinstance.py:1225} INFO - Marking task as UP_FOR_RETRY. dag_id=car_price_prediction, task_id=pipeline, run_id=scheduled__2022-09-12T15:00:00+00:00, execution_date=20220912T150000, start_date=20240912T155418, end_date=20240912T161630
[2024-09-12T16:16:30.602+0000] {logging_mixin.py:190} INFO - [2024-09-12T16:16:30.601+0000] {processor.py:876} INFO - Executed callback for <TaskInstance: car_price_prediction.pipeline scheduled__2022-09-12T15:00:00+00:00 [up_for_retry]> in state up_for_retry
[2024-09-12T16:16:30.713+0000] {logging_mixin.py:190} INFO - [2024-09-12T16:16:30.711+0000] {dag.py:3211} INFO - Sync 1 DAGs
[2024-09-12T16:16:30.825+0000] {logging_mixin.py:190} INFO - [2024-09-12T16:16:30.825+0000] {dag.py:4138} INFO - Setting next_dagrun for car_price_prediction to 2022-10-21 15:00:00+00:00, run_after=2022-10-22 15:00:00+00:00
[2024-09-12T16:16:30.924+0000] {processor.py:208} INFO - Processing /opt/airflow/dags/hw_dag.py took 7.905 seconds
[2024-09-12T16:16:33.844+0000] {processor.py:186} INFO - Started process (PID=4281) to work on /opt/airflow/dags/hw_dag.py
[2024-09-12T16:16:33.858+0000] {processor.py:914} INFO - Processing file /opt/airflow/dags/hw_dag.py for tasks to queue
[2024-09-12T16:16:33.872+0000] {logging_mixin.py:190} INFO - [2024-09-12T16:16:33.871+0000] {dagbag.py:587} INFO - Filling up the DagBag from /opt/airflow/dags/hw_dag.py
[2024-09-12T16:16:40.952+0000] {processor.py:925} INFO - DAG(s) 'car_price_prediction' retrieved from /opt/airflow/dags/hw_dag.py
[2024-09-12T16:16:41.026+0000] {logging_mixin.py:190} INFO - [2024-09-12T16:16:41.022+0000] {taskinstance.py:3303} ERROR - {'DAG Id': 'car_price_prediction', 'Task Id': 'pipeline', 'Run Id': 'scheduled__2022-09-11T15:00:00+00:00', 'Hostname': '6d94a8a19157', 'External Executor Id': '9f78c234-37c1-4fe9-ab14-955de28b19d6'}
[2024-09-12T16:16:41.215+0000] {logging_mixin.py:190} INFO - Task instance in failure state
[2024-09-12T16:16:41.216+0000] {logging_mixin.py:190} INFO - Task start:2024-09-12 15:53:21.839943+00:00 end:2024-09-12 16:16:41.197127+00:00 duration:1399.357184
[2024-09-12T16:16:41.218+0000] {logging_mixin.py:190} INFO - Task:<Task(PythonOperator): pipeline> dag:<DAG: car_price_prediction> dagrun:<DagRun car_price_prediction @ 2022-09-11 15:00:00+00:00: scheduled__2022-09-11T15:00:00+00:00, state:running, queued_at: 2024-09-12 15:52:08.653832+00:00. externally triggered: False>
[2024-09-12T16:16:41.223+0000] {logging_mixin.py:190} INFO - Failure caused by {'DAG Id': 'car_price_prediction', 'Task Id': 'pipeline', 'Run Id': 'scheduled__2022-09-11T15:00:00+00:00', 'Hostname': '6d94a8a19157', 'External Executor Id': '9f78c234-37c1-4fe9-ab14-955de28b19d6'}
[2024-09-12T16:16:41.230+0000] {logging_mixin.py:190} INFO - [2024-09-12T16:16:41.226+0000] {taskinstance.py:1225} INFO - Marking task as UP_FOR_RETRY. dag_id=car_price_prediction, task_id=pipeline, run_id=scheduled__2022-09-11T15:00:00+00:00, execution_date=20220911T150000, start_date=20240912T155321, end_date=20240912T161641
[2024-09-12T16:16:41.340+0000] {logging_mixin.py:190} INFO - [2024-09-12T16:16:41.340+0000] {processor.py:876} INFO - Executed callback for <TaskInstance: car_price_prediction.pipeline scheduled__2022-09-11T15:00:00+00:00 [up_for_retry]> in state up_for_retry
[2024-09-12T16:16:41.413+0000] {logging_mixin.py:190} INFO - [2024-09-12T16:16:41.412+0000] {dag.py:3211} INFO - Sync 1 DAGs
[2024-09-12T16:16:41.810+0000] {processor.py:208} INFO - Processing /opt/airflow/dags/hw_dag.py took 7.994 seconds
[2024-09-12T16:17:19.153+0000] {processor.py:186} INFO - Started process (PID=4351) to work on /opt/airflow/dags/hw_dag.py
[2024-09-12T16:17:19.181+0000] {processor.py:914} INFO - Processing file /opt/airflow/dags/hw_dag.py for tasks to queue
[2024-09-12T16:17:19.204+0000] {logging_mixin.py:190} INFO - [2024-09-12T16:17:19.197+0000] {dagbag.py:587} INFO - Filling up the DagBag from /opt/airflow/dags/hw_dag.py
[2024-09-12T16:17:32.667+0000] {processor.py:925} INFO - DAG(s) 'car_price_prediction' retrieved from /opt/airflow/dags/hw_dag.py
[2024-09-12T16:17:32.929+0000] {logging_mixin.py:190} INFO - [2024-09-12T16:17:32.921+0000] {dag.py:3211} INFO - Sync 1 DAGs
[2024-09-12T16:17:33.227+0000] {logging_mixin.py:190} INFO - [2024-09-12T16:17:33.226+0000] {dag.py:4138} INFO - Setting next_dagrun for car_price_prediction to 2022-10-23 15:00:00+00:00, run_after=2022-10-24 15:00:00+00:00
[2024-09-12T16:17:33.321+0000] {processor.py:208} INFO - Processing /opt/airflow/dags/hw_dag.py took 14.315 seconds
[2024-09-12T16:18:03.827+0000] {processor.py:186} INFO - Started process (PID=4422) to work on /opt/airflow/dags/hw_dag.py
[2024-09-12T16:18:03.834+0000] {processor.py:914} INFO - Processing file /opt/airflow/dags/hw_dag.py for tasks to queue
[2024-09-12T16:18:03.841+0000] {logging_mixin.py:190} INFO - [2024-09-12T16:18:03.840+0000] {dagbag.py:587} INFO - Filling up the DagBag from /opt/airflow/dags/hw_dag.py
[2024-09-12T16:18:12.296+0000] {processor.py:925} INFO - DAG(s) 'car_price_prediction' retrieved from /opt/airflow/dags/hw_dag.py
[2024-09-12T16:18:12.994+0000] {logging_mixin.py:190} INFO - [2024-09-12T16:18:12.959+0000] {dag.py:3211} INFO - Sync 1 DAGs
[2024-09-12T16:18:13.491+0000] {processor.py:208} INFO - Processing /opt/airflow/dags/hw_dag.py took 9.690 seconds
[2024-09-12T16:18:48.758+0000] {processor.py:186} INFO - Started process (PID=4491) to work on /opt/airflow/dags/hw_dag.py
[2024-09-12T16:18:48.772+0000] {processor.py:914} INFO - Processing file /opt/airflow/dags/hw_dag.py for tasks to queue
[2024-09-12T16:18:48.776+0000] {logging_mixin.py:190} INFO - [2024-09-12T16:18:48.775+0000] {dagbag.py:587} INFO - Filling up the DagBag from /opt/airflow/dags/hw_dag.py
[2024-09-12T16:18:59.551+0000] {processor.py:925} INFO - DAG(s) 'car_price_prediction' retrieved from /opt/airflow/dags/hw_dag.py
[2024-09-12T16:18:59.734+0000] {logging_mixin.py:190} INFO - [2024-09-12T16:18:59.733+0000] {dag.py:3211} INFO - Sync 1 DAGs
[2024-09-12T16:18:59.928+0000] {logging_mixin.py:190} INFO - [2024-09-12T16:18:59.928+0000] {dag.py:4138} INFO - Setting next_dagrun for car_price_prediction to 2022-10-25 15:00:00+00:00, run_after=2022-10-26 15:00:00+00:00
[2024-09-12T16:19:00.432+0000] {processor.py:208} INFO - Processing /opt/airflow/dags/hw_dag.py took 11.699 seconds
[2024-09-12T16:19:34.282+0000] {processor.py:186} INFO - Started process (PID=4568) to work on /opt/airflow/dags/hw_dag.py
[2024-09-12T16:19:34.287+0000] {processor.py:914} INFO - Processing file /opt/airflow/dags/hw_dag.py for tasks to queue
[2024-09-12T16:19:34.307+0000] {logging_mixin.py:190} INFO - [2024-09-12T16:19:34.300+0000] {dagbag.py:587} INFO - Filling up the DagBag from /opt/airflow/dags/hw_dag.py
[2024-09-12T16:19:42.779+0000] {processor.py:925} INFO - DAG(s) 'car_price_prediction' retrieved from /opt/airflow/dags/hw_dag.py
[2024-09-12T16:19:43.022+0000] {logging_mixin.py:190} INFO - [2024-09-12T16:19:43.021+0000] {dag.py:3211} INFO - Sync 1 DAGs
[2024-09-12T16:19:43.189+0000] {logging_mixin.py:190} INFO - [2024-09-12T16:19:43.189+0000] {dag.py:4138} INFO - Setting next_dagrun for car_price_prediction to 2022-10-27 15:00:00+00:00, run_after=2022-10-28 15:00:00+00:00
[2024-09-12T16:19:43.330+0000] {processor.py:208} INFO - Processing /opt/airflow/dags/hw_dag.py took 9.080 seconds
[2024-09-12T16:20:19.885+0000] {processor.py:186} INFO - Started process (PID=4639) to work on /opt/airflow/dags/hw_dag.py
[2024-09-12T16:20:19.898+0000] {processor.py:914} INFO - Processing file /opt/airflow/dags/hw_dag.py for tasks to queue
[2024-09-12T16:20:19.910+0000] {logging_mixin.py:190} INFO - [2024-09-12T16:20:19.909+0000] {dagbag.py:587} INFO - Filling up the DagBag from /opt/airflow/dags/hw_dag.py
[2024-09-12T16:20:41.847+0000] {processor.py:925} INFO - DAG(s) 'car_price_prediction' retrieved from /opt/airflow/dags/hw_dag.py
[2024-09-12T16:20:42.120+0000] {logging_mixin.py:190} INFO - [2024-09-12T16:20:42.116+0000] {dag.py:3211} INFO - Sync 1 DAGs
[2024-09-12T16:20:42.428+0000] {processor.py:208} INFO - Processing /opt/airflow/dags/hw_dag.py took 22.578 seconds
[2024-09-12T16:20:49.752+0000] {processor.py:186} INFO - Started process (PID=4667) to work on /opt/airflow/dags/hw_dag.py
[2024-09-12T16:20:49.759+0000] {processor.py:914} INFO - Processing file /opt/airflow/dags/hw_dag.py for tasks to queue
[2024-09-12T16:20:49.769+0000] {logging_mixin.py:190} INFO - [2024-09-12T16:20:49.768+0000] {dagbag.py:587} INFO - Filling up the DagBag from /opt/airflow/dags/hw_dag.py
[2024-09-12T16:20:58.718+0000] {processor.py:925} INFO - DAG(s) 'car_price_prediction' retrieved from /opt/airflow/dags/hw_dag.py
[2024-09-12T16:20:59.013+0000] {logging_mixin.py:190} INFO - [2024-09-12T16:20:59.007+0000] {taskinstance.py:3303} ERROR - {'DAG Id': 'car_price_prediction', 'Task Id': 'pipeline', 'Run Id': 'scheduled__2022-09-18T15:00:00+00:00', 'Hostname': '6d94a8a19157', 'External Executor Id': 'f50d94e1-93a7-4ae0-b29d-04e93fcae22c'}
[2024-09-12T16:20:59.479+0000] {logging_mixin.py:190} INFO - Task instance in failure state
[2024-09-12T16:20:59.480+0000] {logging_mixin.py:190} INFO - Task start:2024-09-12 15:57:52.182704+00:00 end:2024-09-12 16:20:59.421477+00:00 duration:1387.238773
[2024-09-12T16:20:59.485+0000] {logging_mixin.py:190} INFO - Task:<Task(PythonOperator): pipeline> dag:<DAG: car_price_prediction> dagrun:<DagRun car_price_prediction @ 2022-09-18 15:00:00+00:00: scheduled__2022-09-18T15:00:00+00:00, state:running, queued_at: 2024-09-12 15:57:02.302203+00:00. externally triggered: False>
[2024-09-12T16:20:59.486+0000] {logging_mixin.py:190} INFO - Failure caused by {'DAG Id': 'car_price_prediction', 'Task Id': 'pipeline', 'Run Id': 'scheduled__2022-09-18T15:00:00+00:00', 'Hostname': '6d94a8a19157', 'External Executor Id': 'f50d94e1-93a7-4ae0-b29d-04e93fcae22c'}
[2024-09-12T16:20:59.495+0000] {logging_mixin.py:190} INFO - [2024-09-12T16:20:59.494+0000] {taskinstance.py:1225} INFO - Marking task as UP_FOR_RETRY. dag_id=car_price_prediction, task_id=pipeline, run_id=scheduled__2022-09-18T15:00:00+00:00, execution_date=20220918T150000, start_date=20240912T155752, end_date=20240912T162059
[2024-09-12T16:20:59.730+0000] {logging_mixin.py:190} INFO - [2024-09-12T16:20:59.730+0000] {processor.py:876} INFO - Executed callback for <TaskInstance: car_price_prediction.pipeline scheduled__2022-09-18T15:00:00+00:00 [up_for_retry]> in state up_for_retry
[2024-09-12T16:20:59.840+0000] {logging_mixin.py:190} INFO - [2024-09-12T16:20:59.839+0000] {dag.py:3211} INFO - Sync 1 DAGs
[2024-09-12T16:21:00.175+0000] {processor.py:208} INFO - Processing /opt/airflow/dags/hw_dag.py took 10.447 seconds
[2024-09-12T16:21:57.999+0000] {processor.py:186} INFO - Started process (PID=4735) to work on /opt/airflow/dags/hw_dag.py
[2024-09-12T16:21:58.015+0000] {processor.py:914} INFO - Processing file /opt/airflow/dags/hw_dag.py for tasks to queue
[2024-09-12T16:21:58.018+0000] {logging_mixin.py:190} INFO - [2024-09-12T16:21:58.017+0000] {dagbag.py:587} INFO - Filling up the DagBag from /opt/airflow/dags/hw_dag.py
[2024-09-12T16:22:08.913+0000] {processor.py:925} INFO - DAG(s) 'car_price_prediction' retrieved from /opt/airflow/dags/hw_dag.py
[2024-09-12T16:22:09.215+0000] {logging_mixin.py:190} INFO - [2024-09-12T16:22:09.214+0000] {dag.py:3211} INFO - Sync 1 DAGs
[2024-09-12T16:22:09.607+0000] {processor.py:208} INFO - Processing /opt/airflow/dags/hw_dag.py took 11.633 seconds
[2024-09-12T16:22:14.375+0000] {processor.py:186} INFO - Started process (PID=4758) to work on /opt/airflow/dags/hw_dag.py
[2024-09-12T16:22:14.379+0000] {processor.py:914} INFO - Processing file /opt/airflow/dags/hw_dag.py for tasks to queue
[2024-09-12T16:22:14.392+0000] {logging_mixin.py:190} INFO - [2024-09-12T16:22:14.391+0000] {dagbag.py:587} INFO - Filling up the DagBag from /opt/airflow/dags/hw_dag.py
[2024-09-12T16:22:18.397+0000] {processor.py:925} INFO - DAG(s) 'car_price_prediction' retrieved from /opt/airflow/dags/hw_dag.py
[2024-09-12T16:22:18.625+0000] {logging_mixin.py:190} INFO - [2024-09-12T16:22:18.621+0000] {taskinstance.py:3303} ERROR - {'DAG Id': 'car_price_prediction', 'Task Id': 'pipeline', 'Run Id': 'scheduled__2022-10-13T15:00:00+00:00', 'Hostname': '6d94a8a19157', 'External Executor Id': 'c844e875-a649-49b1-85f5-f0c72edfe59a'}
[2024-09-12T16:22:18.872+0000] {logging_mixin.py:190} INFO - Task instance in failure state
[2024-09-12T16:22:18.885+0000] {logging_mixin.py:190} INFO - Task start:2024-09-12 16:14:03.071902+00:00 end:2024-09-12 16:22:18.868650+00:00 duration:495.796748
[2024-09-12T16:22:18.888+0000] {logging_mixin.py:190} INFO - Task:<Task(PythonOperator): pipeline> dag:<DAG: car_price_prediction> dagrun:<DagRun car_price_prediction @ 2022-10-13 15:00:00+00:00: scheduled__2022-10-13T15:00:00+00:00, state:running, queued_at: 2024-09-12 16:12:38.887172+00:00. externally triggered: False>
[2024-09-12T16:22:18.890+0000] {logging_mixin.py:190} INFO - Failure caused by {'DAG Id': 'car_price_prediction', 'Task Id': 'pipeline', 'Run Id': 'scheduled__2022-10-13T15:00:00+00:00', 'Hostname': '6d94a8a19157', 'External Executor Id': 'c844e875-a649-49b1-85f5-f0c72edfe59a'}
[2024-09-12T16:22:18.897+0000] {logging_mixin.py:190} INFO - [2024-09-12T16:22:18.896+0000] {taskinstance.py:1225} INFO - Marking task as UP_FOR_RETRY. dag_id=car_price_prediction, task_id=pipeline, run_id=scheduled__2022-10-13T15:00:00+00:00, execution_date=20221013T150000, start_date=20240912T161403, end_date=20240912T162218
[2024-09-12T16:22:19.022+0000] {logging_mixin.py:190} INFO - [2024-09-12T16:22:19.020+0000] {processor.py:876} INFO - Executed callback for <TaskInstance: car_price_prediction.pipeline scheduled__2022-10-13T15:00:00+00:00 [up_for_retry]> in state up_for_retry
[2024-09-12T16:22:19.043+0000] {logging_mixin.py:190} INFO - [2024-09-12T16:22:19.042+0000] {taskinstance.py:3303} ERROR - {'DAG Id': 'car_price_prediction', 'Task Id': 'pipeline', 'Run Id': 'scheduled__2022-10-19T15:00:00+00:00', 'Hostname': '6d94a8a19157', 'External Executor Id': '23fad86e-0300-4748-abce-ada5ecb9c921'}
[2024-09-12T16:22:19.123+0000] {logging_mixin.py:190} INFO - Task instance in failure state
[2024-09-12T16:22:19.124+0000] {logging_mixin.py:190} INFO - Task start:2024-09-12 16:16:02.699837+00:00 end:2024-09-12 16:22:19.122926+00:00 duration:376.423089
[2024-09-12T16:22:19.137+0000] {logging_mixin.py:190} INFO - Task:<Task(PythonOperator): pipeline> dag:<DAG: car_price_prediction> dagrun:<DagRun car_price_prediction @ 2022-10-19 15:00:00+00:00: scheduled__2022-10-19T15:00:00+00:00, state:running, queued_at: 2024-09-12 16:15:10.287743+00:00. externally triggered: False>
[2024-09-12T16:22:19.138+0000] {logging_mixin.py:190} INFO - Failure caused by {'DAG Id': 'car_price_prediction', 'Task Id': 'pipeline', 'Run Id': 'scheduled__2022-10-19T15:00:00+00:00', 'Hostname': '6d94a8a19157', 'External Executor Id': '23fad86e-0300-4748-abce-ada5ecb9c921'}
[2024-09-12T16:22:19.139+0000] {logging_mixin.py:190} INFO - [2024-09-12T16:22:19.139+0000] {taskinstance.py:1225} INFO - Marking task as UP_FOR_RETRY. dag_id=car_price_prediction, task_id=pipeline, run_id=scheduled__2022-10-19T15:00:00+00:00, execution_date=20221019T150000, start_date=20240912T161602, end_date=20240912T162219
[2024-09-12T16:22:19.179+0000] {logging_mixin.py:190} INFO - [2024-09-12T16:22:19.178+0000] {processor.py:876} INFO - Executed callback for <TaskInstance: car_price_prediction.pipeline scheduled__2022-10-19T15:00:00+00:00 [up_for_retry]> in state up_for_retry
[2024-09-12T16:22:19.198+0000] {logging_mixin.py:190} INFO - [2024-09-12T16:22:19.198+0000] {taskinstance.py:3303} ERROR - {'DAG Id': 'car_price_prediction', 'Task Id': 'pipeline', 'Run Id': 'scheduled__2022-10-27T15:00:00+00:00', 'Hostname': '6d94a8a19157', 'External Executor Id': '27d809f0-deb2-4765-9948-e35ea21ba4e6'}
[2024-09-12T16:22:19.244+0000] {logging_mixin.py:190} INFO - Task instance in failure state
[2024-09-12T16:22:19.251+0000] {logging_mixin.py:190} INFO - Task start:2024-09-12 16:21:14.572184+00:00 end:2024-09-12 16:22:19.244159+00:00 duration:64.671975
[2024-09-12T16:22:19.252+0000] {logging_mixin.py:190} INFO - Task:<Task(PythonOperator): pipeline> dag:<DAG: car_price_prediction> dagrun:<DagRun car_price_prediction @ 2022-10-27 15:00:00+00:00: scheduled__2022-10-27T15:00:00+00:00, state:running, queued_at: 2024-09-12 16:19:43.393406+00:00. externally triggered: False>
[2024-09-12T16:22:19.253+0000] {logging_mixin.py:190} INFO - Failure caused by {'DAG Id': 'car_price_prediction', 'Task Id': 'pipeline', 'Run Id': 'scheduled__2022-10-27T15:00:00+00:00', 'Hostname': '6d94a8a19157', 'External Executor Id': '27d809f0-deb2-4765-9948-e35ea21ba4e6'}
[2024-09-12T16:22:19.255+0000] {logging_mixin.py:190} INFO - [2024-09-12T16:22:19.254+0000] {taskinstance.py:1225} INFO - Marking task as UP_FOR_RETRY. dag_id=car_price_prediction, task_id=pipeline, run_id=scheduled__2022-10-27T15:00:00+00:00, execution_date=20221027T150000, start_date=20240912T162114, end_date=20240912T162219
[2024-09-12T16:22:19.291+0000] {logging_mixin.py:190} INFO - [2024-09-12T16:22:19.291+0000] {processor.py:876} INFO - Executed callback for <TaskInstance: car_price_prediction.pipeline scheduled__2022-10-27T15:00:00+00:00 [up_for_retry]> in state up_for_retry
[2024-09-12T16:22:19.304+0000] {logging_mixin.py:190} INFO - [2024-09-12T16:22:19.304+0000] {taskinstance.py:3303} ERROR - {'DAG Id': 'car_price_prediction', 'Task Id': 'pipeline', 'Run Id': 'scheduled__2022-10-13T15:00:00+00:00', 'Hostname': '6d94a8a19157', 'External Executor Id': 'c844e875-a649-49b1-85f5-f0c72edfe59a'}
[2024-09-12T16:22:19.347+0000] {logging_mixin.py:190} INFO - Task instance in failure state
[2024-09-12T16:22:19.353+0000] {logging_mixin.py:190} INFO - Task start:2024-09-12 16:14:03.071902+00:00 end:2024-09-12 16:22:19.314036+00:00 duration:496.242134
[2024-09-12T16:22:19.354+0000] {logging_mixin.py:190} INFO - Task:<Task(PythonOperator): pipeline> dag:<DAG: car_price_prediction> dagrun:<DagRun car_price_prediction @ 2022-10-13 15:00:00+00:00: scheduled__2022-10-13T15:00:00+00:00, state:running, queued_at: 2024-09-12 16:12:38.887172+00:00. externally triggered: False>
[2024-09-12T16:22:19.355+0000] {logging_mixin.py:190} INFO - Failure caused by {'DAG Id': 'car_price_prediction', 'Task Id': 'pipeline', 'Run Id': 'scheduled__2022-10-13T15:00:00+00:00', 'Hostname': '6d94a8a19157', 'External Executor Id': 'c844e875-a649-49b1-85f5-f0c72edfe59a'}
[2024-09-12T16:22:19.357+0000] {logging_mixin.py:190} INFO - [2024-09-12T16:22:19.356+0000] {taskinstance.py:1225} INFO - Marking task as UP_FOR_RETRY. dag_id=car_price_prediction, task_id=pipeline, run_id=scheduled__2022-10-13T15:00:00+00:00, execution_date=20221013T150000, start_date=20240912T161403, end_date=20240912T162219
[2024-09-12T16:22:19.395+0000] {logging_mixin.py:190} INFO - [2024-09-12T16:22:19.395+0000] {processor.py:876} INFO - Executed callback for <TaskInstance: car_price_prediction.pipeline scheduled__2022-10-13T15:00:00+00:00 [up_for_retry]> in state up_for_retry
[2024-09-12T16:22:19.441+0000] {logging_mixin.py:190} INFO - [2024-09-12T16:22:19.439+0000] {dag.py:3211} INFO - Sync 1 DAGs
[2024-09-12T16:22:19.772+0000] {processor.py:208} INFO - Processing /opt/airflow/dags/hw_dag.py took 5.418 seconds
[2024-09-12T16:22:52.070+0000] {processor.py:186} INFO - Started process (PID=4822) to work on /opt/airflow/dags/hw_dag.py
[2024-09-12T16:22:52.077+0000] {processor.py:914} INFO - Processing file /opt/airflow/dags/hw_dag.py for tasks to queue
[2024-09-12T16:22:52.108+0000] {logging_mixin.py:190} INFO - [2024-09-12T16:22:52.107+0000] {dagbag.py:587} INFO - Filling up the DagBag from /opt/airflow/dags/hw_dag.py
[2024-09-12T16:23:01.158+0000] {processor.py:925} INFO - DAG(s) 'car_price_prediction' retrieved from /opt/airflow/dags/hw_dag.py
[2024-09-12T16:23:01.238+0000] {logging_mixin.py:190} INFO - [2024-09-12T16:23:01.230+0000] {taskinstance.py:3303} ERROR - {'DAG Id': 'car_price_prediction', 'Task Id': 'pipeline', 'Run Id': 'scheduled__2022-10-19T15:00:00+00:00', 'Hostname': '6d94a8a19157', 'External Executor Id': '23fad86e-0300-4748-abce-ada5ecb9c921'}
[2024-09-12T16:23:01.365+0000] {logging_mixin.py:190} INFO - Task instance in failure state
[2024-09-12T16:23:01.367+0000] {logging_mixin.py:190} INFO - Task start:2024-09-12 16:16:02.699837+00:00 end:2024-09-12 16:23:01.262786+00:00 duration:418.562949
[2024-09-12T16:23:01.368+0000] {logging_mixin.py:190} INFO - Task:<Task(PythonOperator): pipeline> dag:<DAG: car_price_prediction> dagrun:<DagRun car_price_prediction @ 2022-10-19 15:00:00+00:00: scheduled__2022-10-19T15:00:00+00:00, state:running, queued_at: 2024-09-12 16:15:10.287743+00:00. externally triggered: False>
[2024-09-12T16:23:01.371+0000] {logging_mixin.py:190} INFO - Failure caused by {'DAG Id': 'car_price_prediction', 'Task Id': 'pipeline', 'Run Id': 'scheduled__2022-10-19T15:00:00+00:00', 'Hostname': '6d94a8a19157', 'External Executor Id': '23fad86e-0300-4748-abce-ada5ecb9c921'}
[2024-09-12T16:23:01.378+0000] {logging_mixin.py:190} INFO - [2024-09-12T16:23:01.377+0000] {taskinstance.py:1225} INFO - Marking task as UP_FOR_RETRY. dag_id=car_price_prediction, task_id=pipeline, run_id=scheduled__2022-10-19T15:00:00+00:00, execution_date=20221019T150000, start_date=20240912T161602, end_date=20240912T162301
[2024-09-12T16:23:01.443+0000] {logging_mixin.py:190} INFO - [2024-09-12T16:23:01.442+0000] {processor.py:876} INFO - Executed callback for <TaskInstance: car_price_prediction.pipeline scheduled__2022-10-19T15:00:00+00:00 [up_for_retry]> in state up_for_retry
[2024-09-12T16:23:01.468+0000] {logging_mixin.py:190} INFO - [2024-09-12T16:23:01.468+0000] {taskinstance.py:3303} ERROR - {'DAG Id': 'car_price_prediction', 'Task Id': 'pipeline', 'Run Id': 'scheduled__2022-10-27T15:00:00+00:00', 'Hostname': '6d94a8a19157', 'External Executor Id': '27d809f0-deb2-4765-9948-e35ea21ba4e6'}
[2024-09-12T16:23:01.541+0000] {logging_mixin.py:190} INFO - Task instance in failure state
[2024-09-12T16:23:01.548+0000] {logging_mixin.py:190} INFO - Task start:2024-09-12 16:21:14.572184+00:00 end:2024-09-12 16:23:01.493127+00:00 duration:106.920943
[2024-09-12T16:23:01.554+0000] {logging_mixin.py:190} INFO - Task:<Task(PythonOperator): pipeline> dag:<DAG: car_price_prediction> dagrun:<DagRun car_price_prediction @ 2022-10-27 15:00:00+00:00: scheduled__2022-10-27T15:00:00+00:00, state:running, queued_at: 2024-09-12 16:19:43.393406+00:00. externally triggered: False>
[2024-09-12T16:23:01.555+0000] {logging_mixin.py:190} INFO - Failure caused by {'DAG Id': 'car_price_prediction', 'Task Id': 'pipeline', 'Run Id': 'scheduled__2022-10-27T15:00:00+00:00', 'Hostname': '6d94a8a19157', 'External Executor Id': '27d809f0-deb2-4765-9948-e35ea21ba4e6'}
[2024-09-12T16:23:01.557+0000] {logging_mixin.py:190} INFO - [2024-09-12T16:23:01.556+0000] {taskinstance.py:1225} INFO - Marking task as UP_FOR_RETRY. dag_id=car_price_prediction, task_id=pipeline, run_id=scheduled__2022-10-27T15:00:00+00:00, execution_date=20221027T150000, start_date=20240912T162114, end_date=20240912T162301
[2024-09-12T16:23:01.588+0000] {logging_mixin.py:190} INFO - [2024-09-12T16:23:01.587+0000] {processor.py:876} INFO - Executed callback for <TaskInstance: car_price_prediction.pipeline scheduled__2022-10-27T15:00:00+00:00 [up_for_retry]> in state up_for_retry
[2024-09-12T16:23:01.663+0000] {logging_mixin.py:190} INFO - [2024-09-12T16:23:01.661+0000] {dag.py:3211} INFO - Sync 1 DAGs
[2024-09-12T16:23:01.949+0000] {processor.py:208} INFO - Processing /opt/airflow/dags/hw_dag.py took 9.909 seconds
