[2024-09-12T14:58:41.179+0000] {processor.py:186} INFO - Started process (PID=90) to work on /home/airflow/.local/lib/python3.12/site-packages/airflow/example_dags/example_skip_dag.py
[2024-09-12T14:58:41.187+0000] {processor.py:914} INFO - Processing file /home/airflow/.local/lib/python3.12/site-packages/airflow/example_dags/example_skip_dag.py for tasks to queue
[2024-09-12T14:58:41.224+0000] {logging_mixin.py:190} INFO - [2024-09-12T14:58:41.223+0000] {dagbag.py:587} INFO - Filling up the DagBag from /home/airflow/.local/lib/python3.12/site-packages/airflow/example_dags/example_skip_dag.py
[2024-09-12T14:58:41.285+0000] {processor.py:925} INFO - DAG(s) 'example_skip_dag' retrieved from /home/airflow/.local/lib/python3.12/site-packages/airflow/example_dags/example_skip_dag.py
[2024-09-12T14:58:41.448+0000] {logging_mixin.py:190} INFO - [2024-09-12T14:58:41.447+0000] {dag.py:3211} INFO - Sync 1 DAGs
[2024-09-12T14:58:41.649+0000] {logging_mixin.py:190} INFO - [2024-09-12T14:58:41.649+0000] {dag.py:4138} INFO - Setting next_dagrun for example_skip_dag to 2024-09-11 00:00:00+00:00, run_after=2024-09-12 00:00:00+00:00
[2024-09-12T14:58:42.032+0000] {processor.py:208} INFO - Processing /home/airflow/.local/lib/python3.12/site-packages/airflow/example_dags/example_skip_dag.py took 0.878 seconds
[2024-09-12T14:59:37.881+0000] {processor.py:186} INFO - Started process (PID=161) to work on /home/airflow/.local/lib/python3.12/site-packages/airflow/example_dags/example_skip_dag.py
[2024-09-12T14:59:37.896+0000] {processor.py:914} INFO - Processing file /home/airflow/.local/lib/python3.12/site-packages/airflow/example_dags/example_skip_dag.py for tasks to queue
[2024-09-12T14:59:37.928+0000] {logging_mixin.py:190} INFO - [2024-09-12T14:59:37.928+0000] {dagbag.py:587} INFO - Filling up the DagBag from /home/airflow/.local/lib/python3.12/site-packages/airflow/example_dags/example_skip_dag.py
[2024-09-12T14:59:38.132+0000] {processor.py:925} INFO - DAG(s) 'example_skip_dag' retrieved from /home/airflow/.local/lib/python3.12/site-packages/airflow/example_dags/example_skip_dag.py
[2024-09-12T14:59:38.602+0000] {logging_mixin.py:190} INFO - [2024-09-12T14:59:38.602+0000] {dag.py:3211} INFO - Sync 1 DAGs
[2024-09-12T14:59:38.979+0000] {logging_mixin.py:190} INFO - [2024-09-12T14:59:38.979+0000] {dag.py:4138} INFO - Setting next_dagrun for example_skip_dag to 2024-09-11 00:00:00+00:00, run_after=2024-09-12 00:00:00+00:00
[2024-09-12T14:59:39.232+0000] {processor.py:208} INFO - Processing /home/airflow/.local/lib/python3.12/site-packages/airflow/example_dags/example_skip_dag.py took 1.384 seconds
[2024-09-12T15:00:35.112+0000] {processor.py:186} INFO - Started process (PID=237) to work on /home/airflow/.local/lib/python3.12/site-packages/airflow/example_dags/example_skip_dag.py
[2024-09-12T15:00:35.237+0000] {processor.py:914} INFO - Processing file /home/airflow/.local/lib/python3.12/site-packages/airflow/example_dags/example_skip_dag.py for tasks to queue
[2024-09-12T15:00:35.270+0000] {logging_mixin.py:190} INFO - [2024-09-12T15:00:35.269+0000] {dagbag.py:587} INFO - Filling up the DagBag from /home/airflow/.local/lib/python3.12/site-packages/airflow/example_dags/example_skip_dag.py
[2024-09-12T15:00:35.508+0000] {processor.py:925} INFO - DAG(s) 'example_skip_dag' retrieved from /home/airflow/.local/lib/python3.12/site-packages/airflow/example_dags/example_skip_dag.py
[2024-09-12T15:00:35.713+0000] {logging_mixin.py:190} INFO - [2024-09-12T15:00:35.711+0000] {dag.py:3211} INFO - Sync 1 DAGs
[2024-09-12T15:00:36.221+0000] {logging_mixin.py:190} INFO - [2024-09-12T15:00:36.221+0000] {dag.py:4138} INFO - Setting next_dagrun for example_skip_dag to 2024-09-11 00:00:00+00:00, run_after=2024-09-12 00:00:00+00:00
[2024-09-12T15:00:36.441+0000] {processor.py:208} INFO - Processing /home/airflow/.local/lib/python3.12/site-packages/airflow/example_dags/example_skip_dag.py took 1.499 seconds
[2024-09-12T15:01:50.751+0000] {processor.py:186} INFO - Started process (PID=309) to work on /home/airflow/.local/lib/python3.12/site-packages/airflow/example_dags/example_skip_dag.py
[2024-09-12T15:01:50.783+0000] {processor.py:914} INFO - Processing file /home/airflow/.local/lib/python3.12/site-packages/airflow/example_dags/example_skip_dag.py for tasks to queue
[2024-09-12T15:01:50.801+0000] {logging_mixin.py:190} INFO - [2024-09-12T15:01:50.800+0000] {dagbag.py:587} INFO - Filling up the DagBag from /home/airflow/.local/lib/python3.12/site-packages/airflow/example_dags/example_skip_dag.py
[2024-09-12T15:01:50.950+0000] {processor.py:925} INFO - DAG(s) 'example_skip_dag' retrieved from /home/airflow/.local/lib/python3.12/site-packages/airflow/example_dags/example_skip_dag.py
[2024-09-12T15:01:51.155+0000] {logging_mixin.py:190} INFO - [2024-09-12T15:01:51.154+0000] {dag.py:3211} INFO - Sync 1 DAGs
[2024-09-12T15:01:51.412+0000] {logging_mixin.py:190} INFO - [2024-09-12T15:01:51.397+0000] {dag.py:4138} INFO - Setting next_dagrun for example_skip_dag to 2024-09-11 00:00:00+00:00, run_after=2024-09-12 00:00:00+00:00
[2024-09-12T15:01:51.713+0000] {processor.py:208} INFO - Processing /home/airflow/.local/lib/python3.12/site-packages/airflow/example_dags/example_skip_dag.py took 1.081 seconds
[2024-09-12T15:04:03.934+0000] {processor.py:186} INFO - Started process (PID=411) to work on /home/airflow/.local/lib/python3.12/site-packages/airflow/example_dags/example_skip_dag.py
[2024-09-12T15:04:03.940+0000] {processor.py:914} INFO - Processing file /home/airflow/.local/lib/python3.12/site-packages/airflow/example_dags/example_skip_dag.py for tasks to queue
[2024-09-12T15:04:03.973+0000] {logging_mixin.py:190} INFO - [2024-09-12T15:04:03.972+0000] {dagbag.py:587} INFO - Filling up the DagBag from /home/airflow/.local/lib/python3.12/site-packages/airflow/example_dags/example_skip_dag.py
[2024-09-12T15:04:04.013+0000] {processor.py:925} INFO - DAG(s) 'example_skip_dag' retrieved from /home/airflow/.local/lib/python3.12/site-packages/airflow/example_dags/example_skip_dag.py
[2024-09-12T15:04:04.136+0000] {logging_mixin.py:190} INFO - [2024-09-12T15:04:04.135+0000] {dag.py:3211} INFO - Sync 1 DAGs
[2024-09-12T15:04:04.299+0000] {logging_mixin.py:190} INFO - [2024-09-12T15:04:04.299+0000] {dag.py:4138} INFO - Setting next_dagrun for example_skip_dag to 2024-09-11 00:00:00+00:00, run_after=2024-09-12 00:00:00+00:00
[2024-09-12T15:04:04.412+0000] {processor.py:208} INFO - Processing /home/airflow/.local/lib/python3.12/site-packages/airflow/example_dags/example_skip_dag.py took 0.507 seconds
[2024-09-12T15:04:55.287+0000] {processor.py:186} INFO - Started process (PID=477) to work on /home/airflow/.local/lib/python3.12/site-packages/airflow/example_dags/example_skip_dag.py
[2024-09-12T15:04:55.307+0000] {processor.py:914} INFO - Processing file /home/airflow/.local/lib/python3.12/site-packages/airflow/example_dags/example_skip_dag.py for tasks to queue
[2024-09-12T15:04:55.325+0000] {logging_mixin.py:190} INFO - [2024-09-12T15:04:55.325+0000] {dagbag.py:587} INFO - Filling up the DagBag from /home/airflow/.local/lib/python3.12/site-packages/airflow/example_dags/example_skip_dag.py
[2024-09-12T15:04:55.411+0000] {processor.py:925} INFO - DAG(s) 'example_skip_dag' retrieved from /home/airflow/.local/lib/python3.12/site-packages/airflow/example_dags/example_skip_dag.py
[2024-09-12T15:04:55.644+0000] {logging_mixin.py:190} INFO - [2024-09-12T15:04:55.633+0000] {dag.py:3211} INFO - Sync 1 DAGs
[2024-09-12T15:04:55.775+0000] {logging_mixin.py:190} INFO - [2024-09-12T15:04:55.775+0000] {dag.py:4138} INFO - Setting next_dagrun for example_skip_dag to 2024-09-11 00:00:00+00:00, run_after=2024-09-12 00:00:00+00:00
[2024-09-12T15:04:55.900+0000] {processor.py:208} INFO - Processing /home/airflow/.local/lib/python3.12/site-packages/airflow/example_dags/example_skip_dag.py took 0.660 seconds
[2024-09-12T15:05:54.637+0000] {processor.py:186} INFO - Started process (PID=538) to work on /home/airflow/.local/lib/python3.12/site-packages/airflow/example_dags/example_skip_dag.py
[2024-09-12T15:05:54.657+0000] {processor.py:914} INFO - Processing file /home/airflow/.local/lib/python3.12/site-packages/airflow/example_dags/example_skip_dag.py for tasks to queue
[2024-09-12T15:05:54.702+0000] {logging_mixin.py:190} INFO - [2024-09-12T15:05:54.660+0000] {dagbag.py:587} INFO - Filling up the DagBag from /home/airflow/.local/lib/python3.12/site-packages/airflow/example_dags/example_skip_dag.py
[2024-09-12T15:05:55.056+0000] {processor.py:925} INFO - DAG(s) 'example_skip_dag' retrieved from /home/airflow/.local/lib/python3.12/site-packages/airflow/example_dags/example_skip_dag.py
[2024-09-12T15:05:55.507+0000] {logging_mixin.py:190} INFO - [2024-09-12T15:05:55.506+0000] {dag.py:3211} INFO - Sync 1 DAGs
[2024-09-12T15:05:55.796+0000] {logging_mixin.py:190} INFO - [2024-09-12T15:05:55.796+0000] {dag.py:4138} INFO - Setting next_dagrun for example_skip_dag to 2024-09-11 00:00:00+00:00, run_after=2024-09-12 00:00:00+00:00
[2024-09-12T15:05:56.123+0000] {processor.py:208} INFO - Processing /home/airflow/.local/lib/python3.12/site-packages/airflow/example_dags/example_skip_dag.py took 1.640 seconds
[2024-09-12T15:06:50.383+0000] {processor.py:186} INFO - Started process (PID=610) to work on /home/airflow/.local/lib/python3.12/site-packages/airflow/example_dags/example_skip_dag.py
[2024-09-12T15:06:50.395+0000] {processor.py:914} INFO - Processing file /home/airflow/.local/lib/python3.12/site-packages/airflow/example_dags/example_skip_dag.py for tasks to queue
[2024-09-12T15:06:50.402+0000] {logging_mixin.py:190} INFO - [2024-09-12T15:06:50.401+0000] {dagbag.py:587} INFO - Filling up the DagBag from /home/airflow/.local/lib/python3.12/site-packages/airflow/example_dags/example_skip_dag.py
[2024-09-12T15:06:50.547+0000] {processor.py:925} INFO - DAG(s) 'example_skip_dag' retrieved from /home/airflow/.local/lib/python3.12/site-packages/airflow/example_dags/example_skip_dag.py
[2024-09-12T15:06:51.115+0000] {logging_mixin.py:190} INFO - [2024-09-12T15:06:51.115+0000] {dag.py:3211} INFO - Sync 1 DAGs
[2024-09-12T15:06:51.513+0000] {logging_mixin.py:190} INFO - [2024-09-12T15:06:51.513+0000] {dag.py:4138} INFO - Setting next_dagrun for example_skip_dag to 2024-09-11 00:00:00+00:00, run_after=2024-09-12 00:00:00+00:00
[2024-09-12T15:06:51.908+0000] {processor.py:208} INFO - Processing /home/airflow/.local/lib/python3.12/site-packages/airflow/example_dags/example_skip_dag.py took 1.596 seconds
[2024-09-12T15:07:56.359+0000] {processor.py:186} INFO - Started process (PID=674) to work on /home/airflow/.local/lib/python3.12/site-packages/airflow/example_dags/example_skip_dag.py
[2024-09-12T15:07:56.372+0000] {processor.py:914} INFO - Processing file /home/airflow/.local/lib/python3.12/site-packages/airflow/example_dags/example_skip_dag.py for tasks to queue
[2024-09-12T15:07:56.399+0000] {logging_mixin.py:190} INFO - [2024-09-12T15:07:56.398+0000] {dagbag.py:587} INFO - Filling up the DagBag from /home/airflow/.local/lib/python3.12/site-packages/airflow/example_dags/example_skip_dag.py
[2024-09-12T15:07:56.474+0000] {processor.py:925} INFO - DAG(s) 'example_skip_dag' retrieved from /home/airflow/.local/lib/python3.12/site-packages/airflow/example_dags/example_skip_dag.py
[2024-09-12T15:07:56.758+0000] {logging_mixin.py:190} INFO - [2024-09-12T15:07:56.758+0000] {dag.py:3211} INFO - Sync 1 DAGs
[2024-09-12T15:07:57.012+0000] {logging_mixin.py:190} INFO - [2024-09-12T15:07:57.012+0000] {dag.py:4138} INFO - Setting next_dagrun for example_skip_dag to 2024-09-11 00:00:00+00:00, run_after=2024-09-12 00:00:00+00:00
[2024-09-12T15:07:57.178+0000] {processor.py:208} INFO - Processing /home/airflow/.local/lib/python3.12/site-packages/airflow/example_dags/example_skip_dag.py took 0.916 seconds
[2024-09-12T15:09:22.750+0000] {processor.py:186} INFO - Started process (PID=763) to work on /home/airflow/.local/lib/python3.12/site-packages/airflow/example_dags/example_skip_dag.py
[2024-09-12T15:09:22.797+0000] {processor.py:914} INFO - Processing file /home/airflow/.local/lib/python3.12/site-packages/airflow/example_dags/example_skip_dag.py for tasks to queue
[2024-09-12T15:09:22.859+0000] {logging_mixin.py:190} INFO - [2024-09-12T15:09:22.845+0000] {dagbag.py:587} INFO - Filling up the DagBag from /home/airflow/.local/lib/python3.12/site-packages/airflow/example_dags/example_skip_dag.py
[2024-09-12T15:09:23.056+0000] {processor.py:925} INFO - DAG(s) 'example_skip_dag' retrieved from /home/airflow/.local/lib/python3.12/site-packages/airflow/example_dags/example_skip_dag.py
[2024-09-12T15:09:23.335+0000] {logging_mixin.py:190} INFO - [2024-09-12T15:09:23.335+0000] {dag.py:3211} INFO - Sync 1 DAGs
[2024-09-12T15:09:24.395+0000] {logging_mixin.py:190} INFO - [2024-09-12T15:09:24.394+0000] {dag.py:4138} INFO - Setting next_dagrun for example_skip_dag to 2024-09-11 00:00:00+00:00, run_after=2024-09-12 00:00:00+00:00
[2024-09-12T15:09:24.944+0000] {processor.py:208} INFO - Processing /home/airflow/.local/lib/python3.12/site-packages/airflow/example_dags/example_skip_dag.py took 2.233 seconds
[2024-09-12T15:10:23.715+0000] {processor.py:186} INFO - Started process (PID=836) to work on /home/airflow/.local/lib/python3.12/site-packages/airflow/example_dags/example_skip_dag.py
[2024-09-12T15:10:23.740+0000] {processor.py:914} INFO - Processing file /home/airflow/.local/lib/python3.12/site-packages/airflow/example_dags/example_skip_dag.py for tasks to queue
[2024-09-12T15:10:23.758+0000] {logging_mixin.py:190} INFO - [2024-09-12T15:10:23.757+0000] {dagbag.py:587} INFO - Filling up the DagBag from /home/airflow/.local/lib/python3.12/site-packages/airflow/example_dags/example_skip_dag.py
[2024-09-12T15:10:23.849+0000] {processor.py:925} INFO - DAG(s) 'example_skip_dag' retrieved from /home/airflow/.local/lib/python3.12/site-packages/airflow/example_dags/example_skip_dag.py
[2024-09-12T15:10:24.127+0000] {logging_mixin.py:190} INFO - [2024-09-12T15:10:24.115+0000] {dag.py:3211} INFO - Sync 1 DAGs
[2024-09-12T15:10:24.407+0000] {logging_mixin.py:190} INFO - [2024-09-12T15:10:24.406+0000] {dag.py:4138} INFO - Setting next_dagrun for example_skip_dag to 2024-09-11 00:00:00+00:00, run_after=2024-09-12 00:00:00+00:00
[2024-09-12T15:10:24.737+0000] {processor.py:208} INFO - Processing /home/airflow/.local/lib/python3.12/site-packages/airflow/example_dags/example_skip_dag.py took 1.068 seconds
[2024-09-12T15:11:21.452+0000] {processor.py:186} INFO - Started process (PID=911) to work on /home/airflow/.local/lib/python3.12/site-packages/airflow/example_dags/example_skip_dag.py
[2024-09-12T15:11:21.456+0000] {processor.py:914} INFO - Processing file /home/airflow/.local/lib/python3.12/site-packages/airflow/example_dags/example_skip_dag.py for tasks to queue
[2024-09-12T15:11:21.469+0000] {logging_mixin.py:190} INFO - [2024-09-12T15:11:21.468+0000] {dagbag.py:587} INFO - Filling up the DagBag from /home/airflow/.local/lib/python3.12/site-packages/airflow/example_dags/example_skip_dag.py
[2024-09-12T15:11:21.527+0000] {processor.py:925} INFO - DAG(s) 'example_skip_dag' retrieved from /home/airflow/.local/lib/python3.12/site-packages/airflow/example_dags/example_skip_dag.py
[2024-09-12T15:11:21.776+0000] {logging_mixin.py:190} INFO - [2024-09-12T15:11:21.775+0000] {dag.py:3211} INFO - Sync 1 DAGs
[2024-09-12T15:11:22.035+0000] {logging_mixin.py:190} INFO - [2024-09-12T15:11:22.034+0000] {dag.py:4138} INFO - Setting next_dagrun for example_skip_dag to 2024-09-11 00:00:00+00:00, run_after=2024-09-12 00:00:00+00:00
[2024-09-12T15:11:22.201+0000] {processor.py:208} INFO - Processing /home/airflow/.local/lib/python3.12/site-packages/airflow/example_dags/example_skip_dag.py took 0.797 seconds
[2024-09-12T15:15:06.455+0000] {processor.py:186} INFO - Started process (PID=93) to work on /home/airflow/.local/lib/python3.12/site-packages/airflow/example_dags/example_skip_dag.py
[2024-09-12T15:15:06.472+0000] {processor.py:914} INFO - Processing file /home/airflow/.local/lib/python3.12/site-packages/airflow/example_dags/example_skip_dag.py for tasks to queue
[2024-09-12T15:15:06.526+0000] {logging_mixin.py:190} INFO - [2024-09-12T15:15:06.525+0000] {dagbag.py:587} INFO - Filling up the DagBag from /home/airflow/.local/lib/python3.12/site-packages/airflow/example_dags/example_skip_dag.py
[2024-09-12T15:15:06.595+0000] {processor.py:925} INFO - DAG(s) 'example_skip_dag' retrieved from /home/airflow/.local/lib/python3.12/site-packages/airflow/example_dags/example_skip_dag.py
[2024-09-12T15:15:06.938+0000] {logging_mixin.py:190} INFO - [2024-09-12T15:15:06.938+0000] {dag.py:3211} INFO - Sync 1 DAGs
[2024-09-12T15:15:07.169+0000] {logging_mixin.py:190} INFO - [2024-09-12T15:15:07.168+0000] {dag.py:4138} INFO - Setting next_dagrun for example_skip_dag to 2024-09-11 00:00:00+00:00, run_after=2024-09-12 00:00:00+00:00
[2024-09-12T15:15:07.384+0000] {processor.py:208} INFO - Processing /home/airflow/.local/lib/python3.12/site-packages/airflow/example_dags/example_skip_dag.py took 1.011 seconds
[2024-09-12T15:16:01.391+0000] {processor.py:186} INFO - Started process (PID=164) to work on /home/airflow/.local/lib/python3.12/site-packages/airflow/example_dags/example_skip_dag.py
[2024-09-12T15:16:01.406+0000] {processor.py:914} INFO - Processing file /home/airflow/.local/lib/python3.12/site-packages/airflow/example_dags/example_skip_dag.py for tasks to queue
[2024-09-12T15:16:01.435+0000] {logging_mixin.py:190} INFO - [2024-09-12T15:16:01.434+0000] {dagbag.py:587} INFO - Filling up the DagBag from /home/airflow/.local/lib/python3.12/site-packages/airflow/example_dags/example_skip_dag.py
[2024-09-12T15:16:01.658+0000] {processor.py:925} INFO - DAG(s) 'example_skip_dag' retrieved from /home/airflow/.local/lib/python3.12/site-packages/airflow/example_dags/example_skip_dag.py
[2024-09-12T15:16:02.368+0000] {logging_mixin.py:190} INFO - [2024-09-12T15:16:02.367+0000] {dag.py:3211} INFO - Sync 1 DAGs
[2024-09-12T15:16:02.814+0000] {logging_mixin.py:190} INFO - [2024-09-12T15:16:02.787+0000] {dag.py:4138} INFO - Setting next_dagrun for example_skip_dag to 2024-09-11 00:00:00+00:00, run_after=2024-09-12 00:00:00+00:00
[2024-09-12T15:16:03.230+0000] {processor.py:208} INFO - Processing /home/airflow/.local/lib/python3.12/site-packages/airflow/example_dags/example_skip_dag.py took 1.958 seconds
[2024-09-12T15:17:05.705+0000] {processor.py:186} INFO - Started process (PID=225) to work on /home/airflow/.local/lib/python3.12/site-packages/airflow/example_dags/example_skip_dag.py
[2024-09-12T15:17:05.718+0000] {processor.py:914} INFO - Processing file /home/airflow/.local/lib/python3.12/site-packages/airflow/example_dags/example_skip_dag.py for tasks to queue
[2024-09-12T15:17:05.724+0000] {logging_mixin.py:190} INFO - [2024-09-12T15:17:05.723+0000] {dagbag.py:587} INFO - Filling up the DagBag from /home/airflow/.local/lib/python3.12/site-packages/airflow/example_dags/example_skip_dag.py
[2024-09-12T15:17:05.800+0000] {processor.py:925} INFO - DAG(s) 'example_skip_dag' retrieved from /home/airflow/.local/lib/python3.12/site-packages/airflow/example_dags/example_skip_dag.py
[2024-09-12T15:17:05.959+0000] {logging_mixin.py:190} INFO - [2024-09-12T15:17:05.958+0000] {dag.py:3211} INFO - Sync 1 DAGs
[2024-09-12T15:17:06.071+0000] {logging_mixin.py:190} INFO - [2024-09-12T15:17:06.070+0000] {dag.py:4138} INFO - Setting next_dagrun for example_skip_dag to 2024-09-11 00:00:00+00:00, run_after=2024-09-12 00:00:00+00:00
[2024-09-12T15:17:06.278+0000] {processor.py:208} INFO - Processing /home/airflow/.local/lib/python3.12/site-packages/airflow/example_dags/example_skip_dag.py took 0.595 seconds
[2024-09-12T15:18:07.898+0000] {processor.py:186} INFO - Started process (PID=300) to work on /home/airflow/.local/lib/python3.12/site-packages/airflow/example_dags/example_skip_dag.py
[2024-09-12T15:18:07.905+0000] {processor.py:914} INFO - Processing file /home/airflow/.local/lib/python3.12/site-packages/airflow/example_dags/example_skip_dag.py for tasks to queue
[2024-09-12T15:18:07.981+0000] {logging_mixin.py:190} INFO - [2024-09-12T15:18:07.980+0000] {dagbag.py:587} INFO - Filling up the DagBag from /home/airflow/.local/lib/python3.12/site-packages/airflow/example_dags/example_skip_dag.py
[2024-09-12T15:18:08.112+0000] {processor.py:925} INFO - DAG(s) 'example_skip_dag' retrieved from /home/airflow/.local/lib/python3.12/site-packages/airflow/example_dags/example_skip_dag.py
[2024-09-12T15:18:08.267+0000] {logging_mixin.py:190} INFO - [2024-09-12T15:18:08.266+0000] {dag.py:3211} INFO - Sync 1 DAGs
[2024-09-12T15:18:08.455+0000] {logging_mixin.py:190} INFO - [2024-09-12T15:18:08.454+0000] {dag.py:4138} INFO - Setting next_dagrun for example_skip_dag to 2024-09-11 00:00:00+00:00, run_after=2024-09-12 00:00:00+00:00
[2024-09-12T15:18:08.762+0000] {processor.py:208} INFO - Processing /home/airflow/.local/lib/python3.12/site-packages/airflow/example_dags/example_skip_dag.py took 0.934 seconds
[2024-09-12T15:18:47.764+0000] {processor.py:186} INFO - Started process (PID=355) to work on /home/airflow/.local/lib/python3.12/site-packages/airflow/example_dags/example_skip_dag.py
[2024-09-12T15:18:47.778+0000] {processor.py:914} INFO - Processing file /home/airflow/.local/lib/python3.12/site-packages/airflow/example_dags/example_skip_dag.py for tasks to queue
[2024-09-12T15:18:47.801+0000] {logging_mixin.py:190} INFO - [2024-09-12T15:18:47.801+0000] {dagbag.py:587} INFO - Filling up the DagBag from /home/airflow/.local/lib/python3.12/site-packages/airflow/example_dags/example_skip_dag.py
[2024-09-12T15:18:47.997+0000] {processor.py:925} INFO - DAG(s) 'example_skip_dag' retrieved from /home/airflow/.local/lib/python3.12/site-packages/airflow/example_dags/example_skip_dag.py
[2024-09-12T15:18:48.466+0000] {logging_mixin.py:190} INFO - [2024-09-12T15:18:48.465+0000] {dag.py:3211} INFO - Sync 1 DAGs
[2024-09-12T15:18:48.775+0000] {logging_mixin.py:190} INFO - [2024-09-12T15:18:48.775+0000] {dag.py:4138} INFO - Setting next_dagrun for example_skip_dag to 2024-09-11 00:00:00+00:00, run_after=2024-09-12 00:00:00+00:00
[2024-09-12T15:18:49.247+0000] {processor.py:208} INFO - Processing /home/airflow/.local/lib/python3.12/site-packages/airflow/example_dags/example_skip_dag.py took 1.718 seconds
[2024-09-12T15:19:40.797+0000] {processor.py:186} INFO - Started process (PID=413) to work on /home/airflow/.local/lib/python3.12/site-packages/airflow/example_dags/example_skip_dag.py
[2024-09-12T15:19:40.804+0000] {processor.py:914} INFO - Processing file /home/airflow/.local/lib/python3.12/site-packages/airflow/example_dags/example_skip_dag.py for tasks to queue
[2024-09-12T15:19:40.816+0000] {logging_mixin.py:190} INFO - [2024-09-12T15:19:40.815+0000] {dagbag.py:587} INFO - Filling up the DagBag from /home/airflow/.local/lib/python3.12/site-packages/airflow/example_dags/example_skip_dag.py
[2024-09-12T15:19:40.843+0000] {processor.py:925} INFO - DAG(s) 'example_skip_dag' retrieved from /home/airflow/.local/lib/python3.12/site-packages/airflow/example_dags/example_skip_dag.py
[2024-09-12T15:19:41.041+0000] {logging_mixin.py:190} INFO - [2024-09-12T15:19:41.039+0000] {dag.py:3211} INFO - Sync 1 DAGs
[2024-09-12T15:19:41.222+0000] {logging_mixin.py:190} INFO - [2024-09-12T15:19:41.222+0000] {dag.py:4138} INFO - Setting next_dagrun for example_skip_dag to 2024-09-11 00:00:00+00:00, run_after=2024-09-12 00:00:00+00:00
[2024-09-12T15:19:41.356+0000] {processor.py:208} INFO - Processing /home/airflow/.local/lib/python3.12/site-packages/airflow/example_dags/example_skip_dag.py took 0.597 seconds
[2024-09-12T15:20:43.415+0000] {processor.py:186} INFO - Started process (PID=501) to work on /home/airflow/.local/lib/python3.12/site-packages/airflow/example_dags/example_skip_dag.py
[2024-09-12T15:20:43.446+0000] {processor.py:914} INFO - Processing file /home/airflow/.local/lib/python3.12/site-packages/airflow/example_dags/example_skip_dag.py for tasks to queue
[2024-09-12T15:20:43.461+0000] {logging_mixin.py:190} INFO - [2024-09-12T15:20:43.460+0000] {dagbag.py:587} INFO - Filling up the DagBag from /home/airflow/.local/lib/python3.12/site-packages/airflow/example_dags/example_skip_dag.py
[2024-09-12T15:20:43.534+0000] {processor.py:925} INFO - DAG(s) 'example_skip_dag' retrieved from /home/airflow/.local/lib/python3.12/site-packages/airflow/example_dags/example_skip_dag.py
[2024-09-12T15:20:43.777+0000] {logging_mixin.py:190} INFO - [2024-09-12T15:20:43.777+0000] {dag.py:3211} INFO - Sync 1 DAGs
[2024-09-12T15:20:44.278+0000] {logging_mixin.py:190} INFO - [2024-09-12T15:20:44.277+0000] {dag.py:4138} INFO - Setting next_dagrun for example_skip_dag to 2024-09-11 00:00:00+00:00, run_after=2024-09-12 00:00:00+00:00
[2024-09-12T15:20:44.408+0000] {processor.py:208} INFO - Processing /home/airflow/.local/lib/python3.12/site-packages/airflow/example_dags/example_skip_dag.py took 1.024 seconds
[2024-09-12T15:21:43.076+0000] {processor.py:186} INFO - Started process (PID=565) to work on /home/airflow/.local/lib/python3.12/site-packages/airflow/example_dags/example_skip_dag.py
[2024-09-12T15:21:43.078+0000] {processor.py:914} INFO - Processing file /home/airflow/.local/lib/python3.12/site-packages/airflow/example_dags/example_skip_dag.py for tasks to queue
[2024-09-12T15:21:43.127+0000] {logging_mixin.py:190} INFO - [2024-09-12T15:21:43.125+0000] {dagbag.py:587} INFO - Filling up the DagBag from /home/airflow/.local/lib/python3.12/site-packages/airflow/example_dags/example_skip_dag.py
[2024-09-12T15:21:43.222+0000] {processor.py:925} INFO - DAG(s) 'example_skip_dag' retrieved from /home/airflow/.local/lib/python3.12/site-packages/airflow/example_dags/example_skip_dag.py
[2024-09-12T15:21:43.420+0000] {logging_mixin.py:190} INFO - [2024-09-12T15:21:43.420+0000] {dag.py:3211} INFO - Sync 1 DAGs
[2024-09-12T15:21:43.660+0000] {logging_mixin.py:190} INFO - [2024-09-12T15:21:43.660+0000] {dag.py:4138} INFO - Setting next_dagrun for example_skip_dag to 2024-09-11 00:00:00+00:00, run_after=2024-09-12 00:00:00+00:00
[2024-09-12T15:21:44.218+0000] {processor.py:208} INFO - Processing /home/airflow/.local/lib/python3.12/site-packages/airflow/example_dags/example_skip_dag.py took 1.166 seconds
[2024-09-12T15:22:38.451+0000] {processor.py:186} INFO - Started process (PID=630) to work on /home/airflow/.local/lib/python3.12/site-packages/airflow/example_dags/example_skip_dag.py
[2024-09-12T15:22:38.455+0000] {processor.py:914} INFO - Processing file /home/airflow/.local/lib/python3.12/site-packages/airflow/example_dags/example_skip_dag.py for tasks to queue
[2024-09-12T15:22:38.574+0000] {logging_mixin.py:190} INFO - [2024-09-12T15:22:38.573+0000] {dagbag.py:587} INFO - Filling up the DagBag from /home/airflow/.local/lib/python3.12/site-packages/airflow/example_dags/example_skip_dag.py
[2024-09-12T15:22:38.671+0000] {processor.py:925} INFO - DAG(s) 'example_skip_dag' retrieved from /home/airflow/.local/lib/python3.12/site-packages/airflow/example_dags/example_skip_dag.py
[2024-09-12T15:22:38.982+0000] {logging_mixin.py:190} INFO - [2024-09-12T15:22:38.981+0000] {dag.py:3211} INFO - Sync 1 DAGs
[2024-09-12T15:22:39.228+0000] {logging_mixin.py:190} INFO - [2024-09-12T15:22:39.228+0000] {dag.py:4138} INFO - Setting next_dagrun for example_skip_dag to 2024-09-11 00:00:00+00:00, run_after=2024-09-12 00:00:00+00:00
[2024-09-12T15:22:39.399+0000] {processor.py:208} INFO - Processing /home/airflow/.local/lib/python3.12/site-packages/airflow/example_dags/example_skip_dag.py took 1.015 seconds
[2024-09-12T15:23:38.233+0000] {processor.py:186} INFO - Started process (PID=702) to work on /home/airflow/.local/lib/python3.12/site-packages/airflow/example_dags/example_skip_dag.py
[2024-09-12T15:23:38.242+0000] {processor.py:914} INFO - Processing file /home/airflow/.local/lib/python3.12/site-packages/airflow/example_dags/example_skip_dag.py for tasks to queue
[2024-09-12T15:23:38.248+0000] {logging_mixin.py:190} INFO - [2024-09-12T15:23:38.247+0000] {dagbag.py:587} INFO - Filling up the DagBag from /home/airflow/.local/lib/python3.12/site-packages/airflow/example_dags/example_skip_dag.py
[2024-09-12T15:23:38.303+0000] {processor.py:925} INFO - DAG(s) 'example_skip_dag' retrieved from /home/airflow/.local/lib/python3.12/site-packages/airflow/example_dags/example_skip_dag.py
[2024-09-12T15:23:38.454+0000] {logging_mixin.py:190} INFO - [2024-09-12T15:23:38.454+0000] {dag.py:3211} INFO - Sync 1 DAGs
[2024-09-12T15:23:38.679+0000] {logging_mixin.py:190} INFO - [2024-09-12T15:23:38.678+0000] {dag.py:4138} INFO - Setting next_dagrun for example_skip_dag to 2024-09-11 00:00:00+00:00, run_after=2024-09-12 00:00:00+00:00
[2024-09-12T15:23:38.954+0000] {processor.py:208} INFO - Processing /home/airflow/.local/lib/python3.12/site-packages/airflow/example_dags/example_skip_dag.py took 0.780 seconds
[2024-09-12T15:24:56.901+0000] {processor.py:186} INFO - Started process (PID=783) to work on /home/airflow/.local/lib/python3.12/site-packages/airflow/example_dags/example_skip_dag.py
[2024-09-12T15:24:56.931+0000] {processor.py:914} INFO - Processing file /home/airflow/.local/lib/python3.12/site-packages/airflow/example_dags/example_skip_dag.py for tasks to queue
[2024-09-12T15:24:57.001+0000] {logging_mixin.py:190} INFO - [2024-09-12T15:24:57.001+0000] {dagbag.py:587} INFO - Filling up the DagBag from /home/airflow/.local/lib/python3.12/site-packages/airflow/example_dags/example_skip_dag.py
[2024-09-12T15:24:57.154+0000] {processor.py:925} INFO - DAG(s) 'example_skip_dag' retrieved from /home/airflow/.local/lib/python3.12/site-packages/airflow/example_dags/example_skip_dag.py
[2024-09-12T15:24:57.615+0000] {logging_mixin.py:190} INFO - [2024-09-12T15:24:57.615+0000] {dag.py:3211} INFO - Sync 1 DAGs
[2024-09-12T15:24:58.015+0000] {logging_mixin.py:190} INFO - [2024-09-12T15:24:58.015+0000] {dag.py:4138} INFO - Setting next_dagrun for example_skip_dag to 2024-09-11 00:00:00+00:00, run_after=2024-09-12 00:00:00+00:00
[2024-09-12T15:24:58.438+0000] {processor.py:208} INFO - Processing /home/airflow/.local/lib/python3.12/site-packages/airflow/example_dags/example_skip_dag.py took 1.624 seconds
[2024-09-12T15:26:52.650+0000] {processor.py:186} INFO - Started process (PID=869) to work on /home/airflow/.local/lib/python3.12/site-packages/airflow/example_dags/example_skip_dag.py
[2024-09-12T15:26:52.652+0000] {processor.py:914} INFO - Processing file /home/airflow/.local/lib/python3.12/site-packages/airflow/example_dags/example_skip_dag.py for tasks to queue
[2024-09-12T15:26:52.670+0000] {logging_mixin.py:190} INFO - [2024-09-12T15:26:52.657+0000] {dagbag.py:587} INFO - Filling up the DagBag from /home/airflow/.local/lib/python3.12/site-packages/airflow/example_dags/example_skip_dag.py
[2024-09-12T15:26:52.790+0000] {processor.py:925} INFO - DAG(s) 'example_skip_dag' retrieved from /home/airflow/.local/lib/python3.12/site-packages/airflow/example_dags/example_skip_dag.py
[2024-09-12T15:26:53.135+0000] {logging_mixin.py:190} INFO - [2024-09-12T15:26:53.135+0000] {dag.py:3211} INFO - Sync 1 DAGs
[2024-09-12T15:26:53.508+0000] {logging_mixin.py:190} INFO - [2024-09-12T15:26:53.508+0000] {dag.py:4138} INFO - Setting next_dagrun for example_skip_dag to 2024-09-11 00:00:00+00:00, run_after=2024-09-12 00:00:00+00:00
[2024-09-12T15:26:53.859+0000] {processor.py:208} INFO - Processing /home/airflow/.local/lib/python3.12/site-packages/airflow/example_dags/example_skip_dag.py took 1.272 seconds
[2024-09-12T15:27:50.116+0000] {processor.py:186} INFO - Started process (PID=941) to work on /home/airflow/.local/lib/python3.12/site-packages/airflow/example_dags/example_skip_dag.py
[2024-09-12T15:27:50.124+0000] {processor.py:914} INFO - Processing file /home/airflow/.local/lib/python3.12/site-packages/airflow/example_dags/example_skip_dag.py for tasks to queue
[2024-09-12T15:27:50.145+0000] {logging_mixin.py:190} INFO - [2024-09-12T15:27:50.144+0000] {dagbag.py:587} INFO - Filling up the DagBag from /home/airflow/.local/lib/python3.12/site-packages/airflow/example_dags/example_skip_dag.py
[2024-09-12T15:27:50.237+0000] {processor.py:925} INFO - DAG(s) 'example_skip_dag' retrieved from /home/airflow/.local/lib/python3.12/site-packages/airflow/example_dags/example_skip_dag.py
[2024-09-12T15:27:50.382+0000] {logging_mixin.py:190} INFO - [2024-09-12T15:27:50.382+0000] {dag.py:3211} INFO - Sync 1 DAGs
[2024-09-12T15:27:50.567+0000] {logging_mixin.py:190} INFO - [2024-09-12T15:27:50.566+0000] {dag.py:4138} INFO - Setting next_dagrun for example_skip_dag to 2024-09-11 00:00:00+00:00, run_after=2024-09-12 00:00:00+00:00
[2024-09-12T15:27:50.743+0000] {processor.py:208} INFO - Processing /home/airflow/.local/lib/python3.12/site-packages/airflow/example_dags/example_skip_dag.py took 0.662 seconds
[2024-09-12T15:28:29.930+0000] {processor.py:186} INFO - Started process (PID=995) to work on /home/airflow/.local/lib/python3.12/site-packages/airflow/example_dags/example_skip_dag.py
[2024-09-12T15:28:29.954+0000] {processor.py:914} INFO - Processing file /home/airflow/.local/lib/python3.12/site-packages/airflow/example_dags/example_skip_dag.py for tasks to queue
[2024-09-12T15:28:30.026+0000] {logging_mixin.py:190} INFO - [2024-09-12T15:28:30.025+0000] {dagbag.py:587} INFO - Filling up the DagBag from /home/airflow/.local/lib/python3.12/site-packages/airflow/example_dags/example_skip_dag.py
[2024-09-12T15:28:30.163+0000] {processor.py:925} INFO - DAG(s) 'example_skip_dag' retrieved from /home/airflow/.local/lib/python3.12/site-packages/airflow/example_dags/example_skip_dag.py
[2024-09-12T15:28:30.426+0000] {logging_mixin.py:190} INFO - [2024-09-12T15:28:30.426+0000] {dag.py:3211} INFO - Sync 1 DAGs
[2024-09-12T15:28:30.582+0000] {logging_mixin.py:190} INFO - [2024-09-12T15:28:30.582+0000] {dag.py:4138} INFO - Setting next_dagrun for example_skip_dag to 2024-09-11 00:00:00+00:00, run_after=2024-09-12 00:00:00+00:00
[2024-09-12T15:28:30.687+0000] {processor.py:208} INFO - Processing /home/airflow/.local/lib/python3.12/site-packages/airflow/example_dags/example_skip_dag.py took 0.832 seconds
[2024-09-12T15:29:18.715+0000] {processor.py:186} INFO - Started process (PID=1065) to work on /home/airflow/.local/lib/python3.12/site-packages/airflow/example_dags/example_skip_dag.py
[2024-09-12T15:29:18.717+0000] {processor.py:914} INFO - Processing file /home/airflow/.local/lib/python3.12/site-packages/airflow/example_dags/example_skip_dag.py for tasks to queue
[2024-09-12T15:29:18.731+0000] {logging_mixin.py:190} INFO - [2024-09-12T15:29:18.730+0000] {dagbag.py:587} INFO - Filling up the DagBag from /home/airflow/.local/lib/python3.12/site-packages/airflow/example_dags/example_skip_dag.py
[2024-09-12T15:29:18.819+0000] {processor.py:925} INFO - DAG(s) 'example_skip_dag' retrieved from /home/airflow/.local/lib/python3.12/site-packages/airflow/example_dags/example_skip_dag.py
[2024-09-12T15:29:18.987+0000] {logging_mixin.py:190} INFO - [2024-09-12T15:29:18.978+0000] {dag.py:3211} INFO - Sync 1 DAGs
[2024-09-12T15:29:19.193+0000] {logging_mixin.py:190} INFO - [2024-09-12T15:29:19.192+0000] {dag.py:4138} INFO - Setting next_dagrun for example_skip_dag to 2024-09-11 00:00:00+00:00, run_after=2024-09-12 00:00:00+00:00
[2024-09-12T15:29:19.373+0000] {processor.py:208} INFO - Processing /home/airflow/.local/lib/python3.12/site-packages/airflow/example_dags/example_skip_dag.py took 0.718 seconds
[2024-09-12T15:31:10.862+0000] {processor.py:186} INFO - Started process (PID=1146) to work on /home/airflow/.local/lib/python3.12/site-packages/airflow/example_dags/example_skip_dag.py
[2024-09-12T15:31:10.864+0000] {processor.py:914} INFO - Processing file /home/airflow/.local/lib/python3.12/site-packages/airflow/example_dags/example_skip_dag.py for tasks to queue
[2024-09-12T15:31:10.879+0000] {logging_mixin.py:190} INFO - [2024-09-12T15:31:10.878+0000] {dagbag.py:587} INFO - Filling up the DagBag from /home/airflow/.local/lib/python3.12/site-packages/airflow/example_dags/example_skip_dag.py
[2024-09-12T15:31:10.964+0000] {processor.py:925} INFO - DAG(s) 'example_skip_dag' retrieved from /home/airflow/.local/lib/python3.12/site-packages/airflow/example_dags/example_skip_dag.py
[2024-09-12T15:31:11.116+0000] {logging_mixin.py:190} INFO - [2024-09-12T15:31:11.115+0000] {dag.py:3211} INFO - Sync 1 DAGs
[2024-09-12T15:31:11.271+0000] {logging_mixin.py:190} INFO - [2024-09-12T15:31:11.270+0000] {dag.py:4138} INFO - Setting next_dagrun for example_skip_dag to 2024-09-11 00:00:00+00:00, run_after=2024-09-12 00:00:00+00:00
[2024-09-12T15:31:11.541+0000] {processor.py:208} INFO - Processing /home/airflow/.local/lib/python3.12/site-packages/airflow/example_dags/example_skip_dag.py took 0.720 seconds
[2024-09-12T15:31:50.382+0000] {processor.py:186} INFO - Started process (PID=1206) to work on /home/airflow/.local/lib/python3.12/site-packages/airflow/example_dags/example_skip_dag.py
[2024-09-12T15:31:50.399+0000] {processor.py:914} INFO - Processing file /home/airflow/.local/lib/python3.12/site-packages/airflow/example_dags/example_skip_dag.py for tasks to queue
[2024-09-12T15:31:50.435+0000] {logging_mixin.py:190} INFO - [2024-09-12T15:31:50.433+0000] {dagbag.py:587} INFO - Filling up the DagBag from /home/airflow/.local/lib/python3.12/site-packages/airflow/example_dags/example_skip_dag.py
[2024-09-12T15:31:50.518+0000] {processor.py:925} INFO - DAG(s) 'example_skip_dag' retrieved from /home/airflow/.local/lib/python3.12/site-packages/airflow/example_dags/example_skip_dag.py
[2024-09-12T15:31:50.618+0000] {logging_mixin.py:190} INFO - [2024-09-12T15:31:50.618+0000] {dag.py:3211} INFO - Sync 1 DAGs
[2024-09-12T15:31:50.801+0000] {logging_mixin.py:190} INFO - [2024-09-12T15:31:50.801+0000] {dag.py:4138} INFO - Setting next_dagrun for example_skip_dag to 2024-09-11 00:00:00+00:00, run_after=2024-09-12 00:00:00+00:00
[2024-09-12T15:31:50.942+0000] {processor.py:208} INFO - Processing /home/airflow/.local/lib/python3.12/site-packages/airflow/example_dags/example_skip_dag.py took 0.582 seconds
[2024-09-12T15:32:33.026+0000] {processor.py:186} INFO - Started process (PID=1271) to work on /home/airflow/.local/lib/python3.12/site-packages/airflow/example_dags/example_skip_dag.py
[2024-09-12T15:32:33.070+0000] {processor.py:914} INFO - Processing file /home/airflow/.local/lib/python3.12/site-packages/airflow/example_dags/example_skip_dag.py for tasks to queue
[2024-09-12T15:32:33.090+0000] {logging_mixin.py:190} INFO - [2024-09-12T15:32:33.090+0000] {dagbag.py:587} INFO - Filling up the DagBag from /home/airflow/.local/lib/python3.12/site-packages/airflow/example_dags/example_skip_dag.py
[2024-09-12T15:32:33.248+0000] {processor.py:925} INFO - DAG(s) 'example_skip_dag' retrieved from /home/airflow/.local/lib/python3.12/site-packages/airflow/example_dags/example_skip_dag.py
[2024-09-12T15:32:33.461+0000] {logging_mixin.py:190} INFO - [2024-09-12T15:32:33.460+0000] {dag.py:3211} INFO - Sync 1 DAGs
[2024-09-12T15:32:33.624+0000] {logging_mixin.py:190} INFO - [2024-09-12T15:32:33.623+0000] {dag.py:4138} INFO - Setting next_dagrun for example_skip_dag to 2024-09-11 00:00:00+00:00, run_after=2024-09-12 00:00:00+00:00
[2024-09-12T15:32:33.801+0000] {processor.py:208} INFO - Processing /home/airflow/.local/lib/python3.12/site-packages/airflow/example_dags/example_skip_dag.py took 0.882 seconds
[2024-09-12T15:33:34.288+0000] {processor.py:186} INFO - Started process (PID=1346) to work on /home/airflow/.local/lib/python3.12/site-packages/airflow/example_dags/example_skip_dag.py
[2024-09-12T15:33:34.291+0000] {processor.py:914} INFO - Processing file /home/airflow/.local/lib/python3.12/site-packages/airflow/example_dags/example_skip_dag.py for tasks to queue
[2024-09-12T15:33:34.303+0000] {logging_mixin.py:190} INFO - [2024-09-12T15:33:34.302+0000] {dagbag.py:587} INFO - Filling up the DagBag from /home/airflow/.local/lib/python3.12/site-packages/airflow/example_dags/example_skip_dag.py
[2024-09-12T15:33:34.372+0000] {processor.py:925} INFO - DAG(s) 'example_skip_dag' retrieved from /home/airflow/.local/lib/python3.12/site-packages/airflow/example_dags/example_skip_dag.py
[2024-09-12T15:33:34.533+0000] {logging_mixin.py:190} INFO - [2024-09-12T15:33:34.532+0000] {dag.py:3211} INFO - Sync 1 DAGs
[2024-09-12T15:33:34.802+0000] {logging_mixin.py:190} INFO - [2024-09-12T15:33:34.801+0000] {dag.py:4138} INFO - Setting next_dagrun for example_skip_dag to 2024-09-11 00:00:00+00:00, run_after=2024-09-12 00:00:00+00:00
[2024-09-12T15:33:35.072+0000] {processor.py:208} INFO - Processing /home/airflow/.local/lib/python3.12/site-packages/airflow/example_dags/example_skip_dag.py took 0.814 seconds
[2024-09-12T15:34:08.747+0000] {processor.py:186} INFO - Started process (PID=1404) to work on /home/airflow/.local/lib/python3.12/site-packages/airflow/example_dags/example_skip_dag.py
[2024-09-12T15:34:08.759+0000] {processor.py:914} INFO - Processing file /home/airflow/.local/lib/python3.12/site-packages/airflow/example_dags/example_skip_dag.py for tasks to queue
[2024-09-12T15:34:08.775+0000] {logging_mixin.py:190} INFO - [2024-09-12T15:34:08.774+0000] {dagbag.py:587} INFO - Filling up the DagBag from /home/airflow/.local/lib/python3.12/site-packages/airflow/example_dags/example_skip_dag.py
[2024-09-12T15:34:08.876+0000] {processor.py:925} INFO - DAG(s) 'example_skip_dag' retrieved from /home/airflow/.local/lib/python3.12/site-packages/airflow/example_dags/example_skip_dag.py
[2024-09-12T15:34:09.124+0000] {logging_mixin.py:190} INFO - [2024-09-12T15:34:09.123+0000] {dag.py:3211} INFO - Sync 1 DAGs
[2024-09-12T15:34:09.466+0000] {logging_mixin.py:190} INFO - [2024-09-12T15:34:09.466+0000] {dag.py:4138} INFO - Setting next_dagrun for example_skip_dag to 2024-09-11 00:00:00+00:00, run_after=2024-09-12 00:00:00+00:00
[2024-09-12T15:34:09.755+0000] {processor.py:208} INFO - Processing /home/airflow/.local/lib/python3.12/site-packages/airflow/example_dags/example_skip_dag.py took 1.031 seconds
[2024-09-12T15:34:43.231+0000] {processor.py:186} INFO - Started process (PID=1463) to work on /home/airflow/.local/lib/python3.12/site-packages/airflow/example_dags/example_skip_dag.py
[2024-09-12T15:34:43.244+0000] {processor.py:914} INFO - Processing file /home/airflow/.local/lib/python3.12/site-packages/airflow/example_dags/example_skip_dag.py for tasks to queue
[2024-09-12T15:34:43.265+0000] {logging_mixin.py:190} INFO - [2024-09-12T15:34:43.264+0000] {dagbag.py:587} INFO - Filling up the DagBag from /home/airflow/.local/lib/python3.12/site-packages/airflow/example_dags/example_skip_dag.py
[2024-09-12T15:34:43.395+0000] {processor.py:925} INFO - DAG(s) 'example_skip_dag' retrieved from /home/airflow/.local/lib/python3.12/site-packages/airflow/example_dags/example_skip_dag.py
[2024-09-12T15:34:43.634+0000] {logging_mixin.py:190} INFO - [2024-09-12T15:34:43.605+0000] {dag.py:3211} INFO - Sync 1 DAGs
[2024-09-12T15:34:43.897+0000] {logging_mixin.py:190} INFO - [2024-09-12T15:34:43.895+0000] {dag.py:4138} INFO - Setting next_dagrun for example_skip_dag to 2024-09-11 00:00:00+00:00, run_after=2024-09-12 00:00:00+00:00
[2024-09-12T15:34:44.076+0000] {processor.py:208} INFO - Processing /home/airflow/.local/lib/python3.12/site-packages/airflow/example_dags/example_skip_dag.py took 0.889 seconds
[2024-09-12T15:35:32.878+0000] {processor.py:186} INFO - Started process (PID=1518) to work on /home/airflow/.local/lib/python3.12/site-packages/airflow/example_dags/example_skip_dag.py
[2024-09-12T15:35:32.903+0000] {processor.py:914} INFO - Processing file /home/airflow/.local/lib/python3.12/site-packages/airflow/example_dags/example_skip_dag.py for tasks to queue
[2024-09-12T15:35:32.914+0000] {logging_mixin.py:190} INFO - [2024-09-12T15:35:32.913+0000] {dagbag.py:587} INFO - Filling up the DagBag from /home/airflow/.local/lib/python3.12/site-packages/airflow/example_dags/example_skip_dag.py
[2024-09-12T15:35:33.017+0000] {processor.py:925} INFO - DAG(s) 'example_skip_dag' retrieved from /home/airflow/.local/lib/python3.12/site-packages/airflow/example_dags/example_skip_dag.py
[2024-09-12T15:35:33.347+0000] {logging_mixin.py:190} INFO - [2024-09-12T15:35:33.347+0000] {dag.py:3211} INFO - Sync 1 DAGs
[2024-09-12T15:35:33.605+0000] {logging_mixin.py:190} INFO - [2024-09-12T15:35:33.605+0000] {dag.py:4138} INFO - Setting next_dagrun for example_skip_dag to 2024-09-11 00:00:00+00:00, run_after=2024-09-12 00:00:00+00:00
[2024-09-12T15:35:33.768+0000] {processor.py:208} INFO - Processing /home/airflow/.local/lib/python3.12/site-packages/airflow/example_dags/example_skip_dag.py took 0.929 seconds
[2024-09-12T15:36:45.448+0000] {processor.py:186} INFO - Started process (PID=1594) to work on /home/airflow/.local/lib/python3.12/site-packages/airflow/example_dags/example_skip_dag.py
[2024-09-12T15:36:45.465+0000] {processor.py:914} INFO - Processing file /home/airflow/.local/lib/python3.12/site-packages/airflow/example_dags/example_skip_dag.py for tasks to queue
[2024-09-12T15:36:45.480+0000] {logging_mixin.py:190} INFO - [2024-09-12T15:36:45.479+0000] {dagbag.py:587} INFO - Filling up the DagBag from /home/airflow/.local/lib/python3.12/site-packages/airflow/example_dags/example_skip_dag.py
[2024-09-12T15:36:45.605+0000] {processor.py:925} INFO - DAG(s) 'example_skip_dag' retrieved from /home/airflow/.local/lib/python3.12/site-packages/airflow/example_dags/example_skip_dag.py
[2024-09-12T15:36:45.829+0000] {logging_mixin.py:190} INFO - [2024-09-12T15:36:45.828+0000] {dag.py:3211} INFO - Sync 1 DAGs
[2024-09-12T15:36:46.034+0000] {logging_mixin.py:190} INFO - [2024-09-12T15:36:46.034+0000] {dag.py:4138} INFO - Setting next_dagrun for example_skip_dag to 2024-09-11 00:00:00+00:00, run_after=2024-09-12 00:00:00+00:00
[2024-09-12T15:36:46.238+0000] {processor.py:208} INFO - Processing /home/airflow/.local/lib/python3.12/site-packages/airflow/example_dags/example_skip_dag.py took 0.900 seconds
[2024-09-12T15:37:53.574+0000] {processor.py:186} INFO - Started process (PID=1676) to work on /home/airflow/.local/lib/python3.12/site-packages/airflow/example_dags/example_skip_dag.py
[2024-09-12T15:37:53.589+0000] {processor.py:914} INFO - Processing file /home/airflow/.local/lib/python3.12/site-packages/airflow/example_dags/example_skip_dag.py for tasks to queue
[2024-09-12T15:37:53.607+0000] {logging_mixin.py:190} INFO - [2024-09-12T15:37:53.606+0000] {dagbag.py:587} INFO - Filling up the DagBag from /home/airflow/.local/lib/python3.12/site-packages/airflow/example_dags/example_skip_dag.py
[2024-09-12T15:37:56.037+0000] {processor.py:925} INFO - DAG(s) 'example_skip_dag' retrieved from /home/airflow/.local/lib/python3.12/site-packages/airflow/example_dags/example_skip_dag.py
[2024-09-12T15:37:56.321+0000] {logging_mixin.py:190} INFO - [2024-09-12T15:37:56.320+0000] {dag.py:3211} INFO - Sync 1 DAGs
[2024-09-12T15:37:56.514+0000] {logging_mixin.py:190} INFO - [2024-09-12T15:37:56.513+0000] {dag.py:4138} INFO - Setting next_dagrun for example_skip_dag to 2024-09-11 00:00:00+00:00, run_after=2024-09-12 00:00:00+00:00
[2024-09-12T15:37:56.708+0000] {processor.py:208} INFO - Processing /home/airflow/.local/lib/python3.12/site-packages/airflow/example_dags/example_skip_dag.py took 1.140 seconds
[2024-09-12T15:39:00.157+0000] {processor.py:186} INFO - Started process (PID=1727) to work on /home/airflow/.local/lib/python3.12/site-packages/airflow/example_dags/example_skip_dag.py
[2024-09-12T15:39:00.163+0000] {processor.py:914} INFO - Processing file /home/airflow/.local/lib/python3.12/site-packages/airflow/example_dags/example_skip_dag.py for tasks to queue
[2024-09-12T15:39:00.194+0000] {logging_mixin.py:190} INFO - [2024-09-12T15:39:00.187+0000] {dagbag.py:587} INFO - Filling up the DagBag from /home/airflow/.local/lib/python3.12/site-packages/airflow/example_dags/example_skip_dag.py
[2024-09-12T15:39:00.328+0000] {processor.py:925} INFO - DAG(s) 'example_skip_dag' retrieved from /home/airflow/.local/lib/python3.12/site-packages/airflow/example_dags/example_skip_dag.py
[2024-09-12T15:39:00.743+0000] {logging_mixin.py:190} INFO - [2024-09-12T15:39:00.742+0000] {dag.py:3211} INFO - Sync 1 DAGs
[2024-09-12T15:39:01.223+0000] {logging_mixin.py:190} INFO - [2024-09-12T15:39:01.223+0000] {dag.py:4138} INFO - Setting next_dagrun for example_skip_dag to 2024-09-11 00:00:00+00:00, run_after=2024-09-12 00:00:00+00:00
[2024-09-12T15:39:01.533+0000] {processor.py:208} INFO - Processing /home/airflow/.local/lib/python3.12/site-packages/airflow/example_dags/example_skip_dag.py took 1.442 seconds
[2024-09-12T15:39:42.963+0000] {processor.py:186} INFO - Started process (PID=1775) to work on /home/airflow/.local/lib/python3.12/site-packages/airflow/example_dags/example_skip_dag.py
[2024-09-12T15:39:42.976+0000] {processor.py:914} INFO - Processing file /home/airflow/.local/lib/python3.12/site-packages/airflow/example_dags/example_skip_dag.py for tasks to queue
[2024-09-12T15:39:42.993+0000] {logging_mixin.py:190} INFO - [2024-09-12T15:39:42.992+0000] {dagbag.py:587} INFO - Filling up the DagBag from /home/airflow/.local/lib/python3.12/site-packages/airflow/example_dags/example_skip_dag.py
[2024-09-12T15:39:43.177+0000] {processor.py:925} INFO - DAG(s) 'example_skip_dag' retrieved from /home/airflow/.local/lib/python3.12/site-packages/airflow/example_dags/example_skip_dag.py
[2024-09-12T15:39:43.652+0000] {logging_mixin.py:190} INFO - [2024-09-12T15:39:43.651+0000] {dag.py:3211} INFO - Sync 1 DAGs
[2024-09-12T15:39:43.963+0000] {logging_mixin.py:190} INFO - [2024-09-12T15:39:43.963+0000] {dag.py:4138} INFO - Setting next_dagrun for example_skip_dag to 2024-09-11 00:00:00+00:00, run_after=2024-09-12 00:00:00+00:00
[2024-09-12T15:39:44.331+0000] {processor.py:208} INFO - Processing /home/airflow/.local/lib/python3.12/site-packages/airflow/example_dags/example_skip_dag.py took 1.446 seconds
[2024-09-12T15:41:06.571+0000] {processor.py:186} INFO - Started process (PID=1832) to work on /home/airflow/.local/lib/python3.12/site-packages/airflow/example_dags/example_skip_dag.py
[2024-09-12T15:41:06.617+0000] {processor.py:914} INFO - Processing file /home/airflow/.local/lib/python3.12/site-packages/airflow/example_dags/example_skip_dag.py for tasks to queue
[2024-09-12T15:41:06.633+0000] {logging_mixin.py:190} INFO - [2024-09-12T15:41:06.633+0000] {dagbag.py:587} INFO - Filling up the DagBag from /home/airflow/.local/lib/python3.12/site-packages/airflow/example_dags/example_skip_dag.py
[2024-09-12T15:41:06.856+0000] {processor.py:925} INFO - DAG(s) 'example_skip_dag' retrieved from /home/airflow/.local/lib/python3.12/site-packages/airflow/example_dags/example_skip_dag.py
[2024-09-12T15:41:07.238+0000] {logging_mixin.py:190} INFO - [2024-09-12T15:41:07.238+0000] {dag.py:3211} INFO - Sync 1 DAGs
[2024-09-12T15:41:07.762+0000] {logging_mixin.py:190} INFO - [2024-09-12T15:41:07.742+0000] {dag.py:4138} INFO - Setting next_dagrun for example_skip_dag to 2024-09-11 00:00:00+00:00, run_after=2024-09-12 00:00:00+00:00
[2024-09-12T15:41:08.187+0000] {processor.py:208} INFO - Processing /home/airflow/.local/lib/python3.12/site-packages/airflow/example_dags/example_skip_dag.py took 1.695 seconds
[2024-09-12T15:44:33.507+0000] {processor.py:186} INFO - Started process (PID=1897) to work on /home/airflow/.local/lib/python3.12/site-packages/airflow/example_dags/example_skip_dag.py
[2024-09-12T15:44:33.521+0000] {processor.py:914} INFO - Processing file /home/airflow/.local/lib/python3.12/site-packages/airflow/example_dags/example_skip_dag.py for tasks to queue
[2024-09-12T15:44:33.542+0000] {logging_mixin.py:190} INFO - [2024-09-12T15:44:33.540+0000] {dagbag.py:587} INFO - Filling up the DagBag from /home/airflow/.local/lib/python3.12/site-packages/airflow/example_dags/example_skip_dag.py
[2024-09-12T15:44:33.638+0000] {processor.py:925} INFO - DAG(s) 'example_skip_dag' retrieved from /home/airflow/.local/lib/python3.12/site-packages/airflow/example_dags/example_skip_dag.py
[2024-09-12T15:44:33.894+0000] {logging_mixin.py:190} INFO - [2024-09-12T15:44:33.894+0000] {dag.py:3211} INFO - Sync 1 DAGs
[2024-09-12T15:44:34.030+0000] {logging_mixin.py:190} INFO - [2024-09-12T15:44:34.030+0000] {dag.py:4138} INFO - Setting next_dagrun for example_skip_dag to 2024-09-11 00:00:00+00:00, run_after=2024-09-12 00:00:00+00:00
[2024-09-12T15:44:34.133+0000] {processor.py:208} INFO - Processing /home/airflow/.local/lib/python3.12/site-packages/airflow/example_dags/example_skip_dag.py took 0.674 seconds
[2024-09-12T15:45:23.269+0000] {processor.py:186} INFO - Started process (PID=1966) to work on /home/airflow/.local/lib/python3.12/site-packages/airflow/example_dags/example_skip_dag.py
[2024-09-12T15:45:23.272+0000] {processor.py:914} INFO - Processing file /home/airflow/.local/lib/python3.12/site-packages/airflow/example_dags/example_skip_dag.py for tasks to queue
[2024-09-12T15:45:23.286+0000] {logging_mixin.py:190} INFO - [2024-09-12T15:45:23.285+0000] {dagbag.py:587} INFO - Filling up the DagBag from /home/airflow/.local/lib/python3.12/site-packages/airflow/example_dags/example_skip_dag.py
[2024-09-12T15:45:23.375+0000] {processor.py:925} INFO - DAG(s) 'example_skip_dag' retrieved from /home/airflow/.local/lib/python3.12/site-packages/airflow/example_dags/example_skip_dag.py
[2024-09-12T15:45:23.636+0000] {logging_mixin.py:190} INFO - [2024-09-12T15:45:23.635+0000] {dag.py:3211} INFO - Sync 1 DAGs
[2024-09-12T15:45:24.030+0000] {logging_mixin.py:190} INFO - [2024-09-12T15:45:24.029+0000] {dag.py:4138} INFO - Setting next_dagrun for example_skip_dag to 2024-09-11 00:00:00+00:00, run_after=2024-09-12 00:00:00+00:00
[2024-09-12T15:45:24.320+0000] {processor.py:208} INFO - Processing /home/airflow/.local/lib/python3.12/site-packages/airflow/example_dags/example_skip_dag.py took 1.100 seconds
[2024-09-12T15:46:27.449+0000] {processor.py:186} INFO - Started process (PID=2042) to work on /home/airflow/.local/lib/python3.12/site-packages/airflow/example_dags/example_skip_dag.py
[2024-09-12T15:46:27.460+0000] {processor.py:914} INFO - Processing file /home/airflow/.local/lib/python3.12/site-packages/airflow/example_dags/example_skip_dag.py for tasks to queue
[2024-09-12T15:46:27.478+0000] {logging_mixin.py:190} INFO - [2024-09-12T15:46:27.477+0000] {dagbag.py:587} INFO - Filling up the DagBag from /home/airflow/.local/lib/python3.12/site-packages/airflow/example_dags/example_skip_dag.py
[2024-09-12T15:46:27.625+0000] {processor.py:925} INFO - DAG(s) 'example_skip_dag' retrieved from /home/airflow/.local/lib/python3.12/site-packages/airflow/example_dags/example_skip_dag.py
[2024-09-12T15:46:28.013+0000] {logging_mixin.py:190} INFO - [2024-09-12T15:46:28.013+0000] {dag.py:3211} INFO - Sync 1 DAGs
[2024-09-12T15:46:28.255+0000] {logging_mixin.py:190} INFO - [2024-09-12T15:46:28.254+0000] {dag.py:4138} INFO - Setting next_dagrun for example_skip_dag to 2024-09-11 00:00:00+00:00, run_after=2024-09-12 00:00:00+00:00
[2024-09-12T15:46:28.461+0000] {processor.py:208} INFO - Processing /home/airflow/.local/lib/python3.12/site-packages/airflow/example_dags/example_skip_dag.py took 1.039 seconds
[2024-09-12T15:47:17.680+0000] {processor.py:186} INFO - Started process (PID=2105) to work on /home/airflow/.local/lib/python3.12/site-packages/airflow/example_dags/example_skip_dag.py
[2024-09-12T15:47:17.811+0000] {processor.py:914} INFO - Processing file /home/airflow/.local/lib/python3.12/site-packages/airflow/example_dags/example_skip_dag.py for tasks to queue
[2024-09-12T15:47:17.873+0000] {logging_mixin.py:190} INFO - [2024-09-12T15:47:17.872+0000] {dagbag.py:587} INFO - Filling up the DagBag from /home/airflow/.local/lib/python3.12/site-packages/airflow/example_dags/example_skip_dag.py
[2024-09-12T15:47:18.175+0000] {processor.py:925} INFO - DAG(s) 'example_skip_dag' retrieved from /home/airflow/.local/lib/python3.12/site-packages/airflow/example_dags/example_skip_dag.py
[2024-09-12T15:47:18.642+0000] {logging_mixin.py:190} INFO - [2024-09-12T15:47:18.640+0000] {dag.py:3211} INFO - Sync 1 DAGs
[2024-09-12T15:47:19.168+0000] {logging_mixin.py:190} INFO - [2024-09-12T15:47:19.167+0000] {dag.py:4138} INFO - Setting next_dagrun for example_skip_dag to 2024-09-11 00:00:00+00:00, run_after=2024-09-12 00:00:00+00:00
[2024-09-12T15:47:19.647+0000] {processor.py:208} INFO - Processing /home/airflow/.local/lib/python3.12/site-packages/airflow/example_dags/example_skip_dag.py took 2.138 seconds
[2024-09-12T15:48:10.651+0000] {processor.py:186} INFO - Started process (PID=2179) to work on /home/airflow/.local/lib/python3.12/site-packages/airflow/example_dags/example_skip_dag.py
[2024-09-12T15:48:10.664+0000] {processor.py:914} INFO - Processing file /home/airflow/.local/lib/python3.12/site-packages/airflow/example_dags/example_skip_dag.py for tasks to queue
[2024-09-12T15:48:10.681+0000] {logging_mixin.py:190} INFO - [2024-09-12T15:48:10.680+0000] {dagbag.py:587} INFO - Filling up the DagBag from /home/airflow/.local/lib/python3.12/site-packages/airflow/example_dags/example_skip_dag.py
[2024-09-12T15:48:10.790+0000] {processor.py:925} INFO - DAG(s) 'example_skip_dag' retrieved from /home/airflow/.local/lib/python3.12/site-packages/airflow/example_dags/example_skip_dag.py
[2024-09-12T15:48:10.949+0000] {logging_mixin.py:190} INFO - [2024-09-12T15:48:10.949+0000] {dag.py:3211} INFO - Sync 1 DAGs
[2024-09-12T15:48:11.291+0000] {logging_mixin.py:190} INFO - [2024-09-12T15:48:11.290+0000] {dag.py:4138} INFO - Setting next_dagrun for example_skip_dag to 2024-09-11 00:00:00+00:00, run_after=2024-09-12 00:00:00+00:00
[2024-09-12T15:48:11.441+0000] {processor.py:208} INFO - Processing /home/airflow/.local/lib/python3.12/site-packages/airflow/example_dags/example_skip_dag.py took 0.838 seconds
[2024-09-12T15:49:27.282+0000] {processor.py:186} INFO - Started process (PID=2258) to work on /home/airflow/.local/lib/python3.12/site-packages/airflow/example_dags/example_skip_dag.py
[2024-09-12T15:49:27.291+0000] {processor.py:914} INFO - Processing file /home/airflow/.local/lib/python3.12/site-packages/airflow/example_dags/example_skip_dag.py for tasks to queue
[2024-09-12T15:49:27.299+0000] {logging_mixin.py:190} INFO - [2024-09-12T15:49:27.298+0000] {dagbag.py:587} INFO - Filling up the DagBag from /home/airflow/.local/lib/python3.12/site-packages/airflow/example_dags/example_skip_dag.py
[2024-09-12T15:49:27.385+0000] {processor.py:925} INFO - DAG(s) 'example_skip_dag' retrieved from /home/airflow/.local/lib/python3.12/site-packages/airflow/example_dags/example_skip_dag.py
[2024-09-12T15:49:27.641+0000] {logging_mixin.py:190} INFO - [2024-09-12T15:49:27.640+0000] {dag.py:3211} INFO - Sync 1 DAGs
[2024-09-12T15:49:27.862+0000] {logging_mixin.py:190} INFO - [2024-09-12T15:49:27.861+0000] {dag.py:4138} INFO - Setting next_dagrun for example_skip_dag to 2024-09-11 00:00:00+00:00, run_after=2024-09-12 00:00:00+00:00
[2024-09-12T15:49:27.990+0000] {processor.py:208} INFO - Processing /home/airflow/.local/lib/python3.12/site-packages/airflow/example_dags/example_skip_dag.py took 0.743 seconds
[2024-09-12T15:50:15.102+0000] {processor.py:186} INFO - Started process (PID=2329) to work on /home/airflow/.local/lib/python3.12/site-packages/airflow/example_dags/example_skip_dag.py
[2024-09-12T15:50:15.117+0000] {processor.py:914} INFO - Processing file /home/airflow/.local/lib/python3.12/site-packages/airflow/example_dags/example_skip_dag.py for tasks to queue
[2024-09-12T15:50:15.120+0000] {logging_mixin.py:190} INFO - [2024-09-12T15:50:15.119+0000] {dagbag.py:587} INFO - Filling up the DagBag from /home/airflow/.local/lib/python3.12/site-packages/airflow/example_dags/example_skip_dag.py
[2024-09-12T15:50:15.169+0000] {processor.py:925} INFO - DAG(s) 'example_skip_dag' retrieved from /home/airflow/.local/lib/python3.12/site-packages/airflow/example_dags/example_skip_dag.py
[2024-09-12T15:50:15.229+0000] {logging_mixin.py:190} INFO - [2024-09-12T15:50:15.228+0000] {dag.py:3211} INFO - Sync 1 DAGs
[2024-09-12T15:50:15.407+0000] {logging_mixin.py:190} INFO - [2024-09-12T15:50:15.407+0000] {dag.py:4138} INFO - Setting next_dagrun for example_skip_dag to 2024-09-11 00:00:00+00:00, run_after=2024-09-12 00:00:00+00:00
[2024-09-12T15:50:15.509+0000] {processor.py:208} INFO - Processing /home/airflow/.local/lib/python3.12/site-packages/airflow/example_dags/example_skip_dag.py took 0.429 seconds
[2024-09-12T15:51:16.899+0000] {processor.py:186} INFO - Started process (PID=2391) to work on /home/airflow/.local/lib/python3.12/site-packages/airflow/example_dags/example_skip_dag.py
[2024-09-12T15:51:16.913+0000] {processor.py:914} INFO - Processing file /home/airflow/.local/lib/python3.12/site-packages/airflow/example_dags/example_skip_dag.py for tasks to queue
[2024-09-12T15:51:16.920+0000] {logging_mixin.py:190} INFO - [2024-09-12T15:51:16.917+0000] {dagbag.py:587} INFO - Filling up the DagBag from /home/airflow/.local/lib/python3.12/site-packages/airflow/example_dags/example_skip_dag.py
[2024-09-12T15:51:17.209+0000] {processor.py:925} INFO - DAG(s) 'example_skip_dag' retrieved from /home/airflow/.local/lib/python3.12/site-packages/airflow/example_dags/example_skip_dag.py
[2024-09-12T15:51:18.067+0000] {logging_mixin.py:190} INFO - [2024-09-12T15:51:18.066+0000] {dag.py:3211} INFO - Sync 1 DAGs
[2024-09-12T15:51:18.531+0000] {logging_mixin.py:190} INFO - [2024-09-12T15:51:18.530+0000] {dag.py:4138} INFO - Setting next_dagrun for example_skip_dag to 2024-09-11 00:00:00+00:00, run_after=2024-09-12 00:00:00+00:00
[2024-09-12T15:51:19.128+0000] {processor.py:208} INFO - Processing /home/airflow/.local/lib/python3.12/site-packages/airflow/example_dags/example_skip_dag.py took 2.257 seconds
[2024-09-12T15:52:09.570+0000] {processor.py:186} INFO - Started process (PID=2460) to work on /home/airflow/.local/lib/python3.12/site-packages/airflow/example_dags/example_skip_dag.py
[2024-09-12T15:52:09.572+0000] {processor.py:914} INFO - Processing file /home/airflow/.local/lib/python3.12/site-packages/airflow/example_dags/example_skip_dag.py for tasks to queue
[2024-09-12T15:52:09.576+0000] {logging_mixin.py:190} INFO - [2024-09-12T15:52:09.575+0000] {dagbag.py:587} INFO - Filling up the DagBag from /home/airflow/.local/lib/python3.12/site-packages/airflow/example_dags/example_skip_dag.py
[2024-09-12T15:52:09.637+0000] {processor.py:925} INFO - DAG(s) 'example_skip_dag' retrieved from /home/airflow/.local/lib/python3.12/site-packages/airflow/example_dags/example_skip_dag.py
[2024-09-12T15:52:09.751+0000] {logging_mixin.py:190} INFO - [2024-09-12T15:52:09.750+0000] {dag.py:3211} INFO - Sync 1 DAGs
[2024-09-12T15:52:09.863+0000] {logging_mixin.py:190} INFO - [2024-09-12T15:52:09.862+0000] {dag.py:4138} INFO - Setting next_dagrun for example_skip_dag to 2024-09-11 00:00:00+00:00, run_after=2024-09-12 00:00:00+00:00
[2024-09-12T15:52:09.952+0000] {processor.py:208} INFO - Processing /home/airflow/.local/lib/python3.12/site-packages/airflow/example_dags/example_skip_dag.py took 0.414 seconds
[2024-09-12T15:52:42.244+0000] {processor.py:186} INFO - Started process (PID=2524) to work on /home/airflow/.local/lib/python3.12/site-packages/airflow/example_dags/example_skip_dag.py
[2024-09-12T15:52:42.259+0000] {processor.py:914} INFO - Processing file /home/airflow/.local/lib/python3.12/site-packages/airflow/example_dags/example_skip_dag.py for tasks to queue
[2024-09-12T15:52:42.300+0000] {logging_mixin.py:190} INFO - [2024-09-12T15:52:42.281+0000] {dagbag.py:587} INFO - Filling up the DagBag from /home/airflow/.local/lib/python3.12/site-packages/airflow/example_dags/example_skip_dag.py
[2024-09-12T15:52:42.506+0000] {processor.py:925} INFO - DAG(s) 'example_skip_dag' retrieved from /home/airflow/.local/lib/python3.12/site-packages/airflow/example_dags/example_skip_dag.py
[2024-09-12T15:52:42.857+0000] {logging_mixin.py:190} INFO - [2024-09-12T15:52:42.853+0000] {dag.py:3211} INFO - Sync 1 DAGs
[2024-09-12T15:52:43.162+0000] {logging_mixin.py:190} INFO - [2024-09-12T15:52:43.161+0000] {dag.py:4138} INFO - Setting next_dagrun for example_skip_dag to 2024-09-11 00:00:00+00:00, run_after=2024-09-12 00:00:00+00:00
[2024-09-12T15:52:43.306+0000] {processor.py:208} INFO - Processing /home/airflow/.local/lib/python3.12/site-packages/airflow/example_dags/example_skip_dag.py took 1.135 seconds
[2024-09-12T15:53:17.360+0000] {processor.py:186} INFO - Started process (PID=2577) to work on /home/airflow/.local/lib/python3.12/site-packages/airflow/example_dags/example_skip_dag.py
[2024-09-12T15:53:17.382+0000] {processor.py:914} INFO - Processing file /home/airflow/.local/lib/python3.12/site-packages/airflow/example_dags/example_skip_dag.py for tasks to queue
[2024-09-12T15:53:17.386+0000] {logging_mixin.py:190} INFO - [2024-09-12T15:53:17.385+0000] {dagbag.py:587} INFO - Filling up the DagBag from /home/airflow/.local/lib/python3.12/site-packages/airflow/example_dags/example_skip_dag.py
[2024-09-12T15:53:17.442+0000] {processor.py:925} INFO - DAG(s) 'example_skip_dag' retrieved from /home/airflow/.local/lib/python3.12/site-packages/airflow/example_dags/example_skip_dag.py
[2024-09-12T15:53:17.533+0000] {logging_mixin.py:190} INFO - [2024-09-12T15:53:17.532+0000] {dag.py:3211} INFO - Sync 1 DAGs
[2024-09-12T15:53:17.659+0000] {logging_mixin.py:190} INFO - [2024-09-12T15:53:17.658+0000] {dag.py:4138} INFO - Setting next_dagrun for example_skip_dag to 2024-09-11 00:00:00+00:00, run_after=2024-09-12 00:00:00+00:00
[2024-09-12T15:53:17.765+0000] {processor.py:208} INFO - Processing /home/airflow/.local/lib/python3.12/site-packages/airflow/example_dags/example_skip_dag.py took 0.431 seconds
[2024-09-12T15:53:50.403+0000] {processor.py:186} INFO - Started process (PID=2643) to work on /home/airflow/.local/lib/python3.12/site-packages/airflow/example_dags/example_skip_dag.py
[2024-09-12T15:53:50.407+0000] {processor.py:914} INFO - Processing file /home/airflow/.local/lib/python3.12/site-packages/airflow/example_dags/example_skip_dag.py for tasks to queue
[2024-09-12T15:53:50.426+0000] {logging_mixin.py:190} INFO - [2024-09-12T15:53:50.425+0000] {dagbag.py:587} INFO - Filling up the DagBag from /home/airflow/.local/lib/python3.12/site-packages/airflow/example_dags/example_skip_dag.py
[2024-09-12T15:53:50.478+0000] {processor.py:925} INFO - DAG(s) 'example_skip_dag' retrieved from /home/airflow/.local/lib/python3.12/site-packages/airflow/example_dags/example_skip_dag.py
[2024-09-12T15:53:50.699+0000] {logging_mixin.py:190} INFO - [2024-09-12T15:53:50.699+0000] {dag.py:3211} INFO - Sync 1 DAGs
[2024-09-12T15:53:50.991+0000] {logging_mixin.py:190} INFO - [2024-09-12T15:53:50.991+0000] {dag.py:4138} INFO - Setting next_dagrun for example_skip_dag to 2024-09-11 00:00:00+00:00, run_after=2024-09-12 00:00:00+00:00
[2024-09-12T15:53:51.139+0000] {processor.py:208} INFO - Processing /home/airflow/.local/lib/python3.12/site-packages/airflow/example_dags/example_skip_dag.py took 0.784 seconds
[2024-09-12T15:55:07.926+0000] {processor.py:186} INFO - Started process (PID=2710) to work on /home/airflow/.local/lib/python3.12/site-packages/airflow/example_dags/example_skip_dag.py
[2024-09-12T15:55:07.928+0000] {processor.py:914} INFO - Processing file /home/airflow/.local/lib/python3.12/site-packages/airflow/example_dags/example_skip_dag.py for tasks to queue
[2024-09-12T15:55:07.952+0000] {logging_mixin.py:190} INFO - [2024-09-12T15:55:07.950+0000] {dagbag.py:587} INFO - Filling up the DagBag from /home/airflow/.local/lib/python3.12/site-packages/airflow/example_dags/example_skip_dag.py
[2024-09-12T15:55:08.034+0000] {processor.py:925} INFO - DAG(s) 'example_skip_dag' retrieved from /home/airflow/.local/lib/python3.12/site-packages/airflow/example_dags/example_skip_dag.py
[2024-09-12T15:55:08.151+0000] {logging_mixin.py:190} INFO - [2024-09-12T15:55:08.150+0000] {dag.py:3211} INFO - Sync 1 DAGs
[2024-09-12T15:55:08.272+0000] {logging_mixin.py:190} INFO - [2024-09-12T15:55:08.269+0000] {dag.py:4138} INFO - Setting next_dagrun for example_skip_dag to 2024-09-11 00:00:00+00:00, run_after=2024-09-12 00:00:00+00:00
[2024-09-12T15:55:08.349+0000] {processor.py:208} INFO - Processing /home/airflow/.local/lib/python3.12/site-packages/airflow/example_dags/example_skip_dag.py took 0.469 seconds
[2024-09-12T15:55:44.626+0000] {processor.py:186} INFO - Started process (PID=2753) to work on /home/airflow/.local/lib/python3.12/site-packages/airflow/example_dags/example_skip_dag.py
[2024-09-12T15:55:44.629+0000] {processor.py:914} INFO - Processing file /home/airflow/.local/lib/python3.12/site-packages/airflow/example_dags/example_skip_dag.py for tasks to queue
[2024-09-12T15:55:44.666+0000] {logging_mixin.py:190} INFO - [2024-09-12T15:55:44.665+0000] {dagbag.py:587} INFO - Filling up the DagBag from /home/airflow/.local/lib/python3.12/site-packages/airflow/example_dags/example_skip_dag.py
[2024-09-12T15:55:44.733+0000] {processor.py:925} INFO - DAG(s) 'example_skip_dag' retrieved from /home/airflow/.local/lib/python3.12/site-packages/airflow/example_dags/example_skip_dag.py
[2024-09-12T15:55:44.869+0000] {logging_mixin.py:190} INFO - [2024-09-12T15:55:44.868+0000] {dag.py:3211} INFO - Sync 1 DAGs
[2024-09-12T15:55:45.031+0000] {logging_mixin.py:190} INFO - [2024-09-12T15:55:45.030+0000] {dag.py:4138} INFO - Setting next_dagrun for example_skip_dag to 2024-09-11 00:00:00+00:00, run_after=2024-09-12 00:00:00+00:00
[2024-09-12T15:55:45.123+0000] {processor.py:208} INFO - Processing /home/airflow/.local/lib/python3.12/site-packages/airflow/example_dags/example_skip_dag.py took 0.531 seconds
[2024-09-12T15:56:46.456+0000] {processor.py:186} INFO - Started process (PID=2816) to work on /home/airflow/.local/lib/python3.12/site-packages/airflow/example_dags/example_skip_dag.py
[2024-09-12T15:56:46.459+0000] {processor.py:914} INFO - Processing file /home/airflow/.local/lib/python3.12/site-packages/airflow/example_dags/example_skip_dag.py for tasks to queue
[2024-09-12T15:56:46.467+0000] {logging_mixin.py:190} INFO - [2024-09-12T15:56:46.465+0000] {dagbag.py:587} INFO - Filling up the DagBag from /home/airflow/.local/lib/python3.12/site-packages/airflow/example_dags/example_skip_dag.py
[2024-09-12T15:56:46.512+0000] {processor.py:925} INFO - DAG(s) 'example_skip_dag' retrieved from /home/airflow/.local/lib/python3.12/site-packages/airflow/example_dags/example_skip_dag.py
[2024-09-12T15:56:46.675+0000] {logging_mixin.py:190} INFO - [2024-09-12T15:56:46.674+0000] {dag.py:3211} INFO - Sync 1 DAGs
[2024-09-12T15:56:46.829+0000] {logging_mixin.py:190} INFO - [2024-09-12T15:56:46.828+0000] {dag.py:4138} INFO - Setting next_dagrun for example_skip_dag to 2024-09-11 00:00:00+00:00, run_after=2024-09-12 00:00:00+00:00
[2024-09-12T15:56:47.015+0000] {processor.py:208} INFO - Processing /home/airflow/.local/lib/python3.12/site-packages/airflow/example_dags/example_skip_dag.py took 0.584 seconds
[2024-09-12T15:57:17.516+0000] {processor.py:186} INFO - Started process (PID=2881) to work on /home/airflow/.local/lib/python3.12/site-packages/airflow/example_dags/example_skip_dag.py
[2024-09-12T15:57:17.534+0000] {processor.py:914} INFO - Processing file /home/airflow/.local/lib/python3.12/site-packages/airflow/example_dags/example_skip_dag.py for tasks to queue
[2024-09-12T15:57:17.541+0000] {logging_mixin.py:190} INFO - [2024-09-12T15:57:17.540+0000] {dagbag.py:587} INFO - Filling up the DagBag from /home/airflow/.local/lib/python3.12/site-packages/airflow/example_dags/example_skip_dag.py
[2024-09-12T15:57:17.673+0000] {processor.py:925} INFO - DAG(s) 'example_skip_dag' retrieved from /home/airflow/.local/lib/python3.12/site-packages/airflow/example_dags/example_skip_dag.py
[2024-09-12T15:57:17.977+0000] {logging_mixin.py:190} INFO - [2024-09-12T15:57:17.976+0000] {dag.py:3211} INFO - Sync 1 DAGs
[2024-09-12T15:57:18.189+0000] {logging_mixin.py:190} INFO - [2024-09-12T15:57:18.188+0000] {dag.py:4138} INFO - Setting next_dagrun for example_skip_dag to 2024-09-11 00:00:00+00:00, run_after=2024-09-12 00:00:00+00:00
[2024-09-12T15:57:18.282+0000] {processor.py:208} INFO - Processing /home/airflow/.local/lib/python3.12/site-packages/airflow/example_dags/example_skip_dag.py took 0.822 seconds
[2024-09-12T15:57:58.640+0000] {processor.py:186} INFO - Started process (PID=2939) to work on /home/airflow/.local/lib/python3.12/site-packages/airflow/example_dags/example_skip_dag.py
[2024-09-12T15:57:58.649+0000] {processor.py:914} INFO - Processing file /home/airflow/.local/lib/python3.12/site-packages/airflow/example_dags/example_skip_dag.py for tasks to queue
[2024-09-12T15:57:58.671+0000] {logging_mixin.py:190} INFO - [2024-09-12T15:57:58.653+0000] {dagbag.py:587} INFO - Filling up the DagBag from /home/airflow/.local/lib/python3.12/site-packages/airflow/example_dags/example_skip_dag.py
[2024-09-12T15:57:58.744+0000] {processor.py:925} INFO - DAG(s) 'example_skip_dag' retrieved from /home/airflow/.local/lib/python3.12/site-packages/airflow/example_dags/example_skip_dag.py
[2024-09-12T15:57:58.831+0000] {logging_mixin.py:190} INFO - [2024-09-12T15:57:58.830+0000] {dag.py:3211} INFO - Sync 1 DAGs
[2024-09-12T15:57:59.016+0000] {logging_mixin.py:190} INFO - [2024-09-12T15:57:59.015+0000] {dag.py:4138} INFO - Setting next_dagrun for example_skip_dag to 2024-09-11 00:00:00+00:00, run_after=2024-09-12 00:00:00+00:00
[2024-09-12T15:57:59.121+0000] {processor.py:208} INFO - Processing /home/airflow/.local/lib/python3.12/site-packages/airflow/example_dags/example_skip_dag.py took 0.523 seconds
[2024-09-12T15:59:18.122+0000] {processor.py:186} INFO - Started process (PID=3004) to work on /home/airflow/.local/lib/python3.12/site-packages/airflow/example_dags/example_skip_dag.py
[2024-09-12T15:59:18.136+0000] {processor.py:914} INFO - Processing file /home/airflow/.local/lib/python3.12/site-packages/airflow/example_dags/example_skip_dag.py for tasks to queue
[2024-09-12T15:59:18.141+0000] {logging_mixin.py:190} INFO - [2024-09-12T15:59:18.140+0000] {dagbag.py:587} INFO - Filling up the DagBag from /home/airflow/.local/lib/python3.12/site-packages/airflow/example_dags/example_skip_dag.py
[2024-09-12T15:59:18.196+0000] {processor.py:925} INFO - DAG(s) 'example_skip_dag' retrieved from /home/airflow/.local/lib/python3.12/site-packages/airflow/example_dags/example_skip_dag.py
[2024-09-12T15:59:18.326+0000] {logging_mixin.py:190} INFO - [2024-09-12T15:59:18.325+0000] {dag.py:3211} INFO - Sync 1 DAGs
[2024-09-12T15:59:18.487+0000] {logging_mixin.py:190} INFO - [2024-09-12T15:59:18.486+0000] {dag.py:4138} INFO - Setting next_dagrun for example_skip_dag to 2024-09-11 00:00:00+00:00, run_after=2024-09-12 00:00:00+00:00
[2024-09-12T15:59:18.639+0000] {processor.py:208} INFO - Processing /home/airflow/.local/lib/python3.12/site-packages/airflow/example_dags/example_skip_dag.py took 0.599 seconds
[2024-09-12T16:00:16.635+0000] {processor.py:186} INFO - Started process (PID=3080) to work on /home/airflow/.local/lib/python3.12/site-packages/airflow/example_dags/example_skip_dag.py
[2024-09-12T16:00:16.637+0000] {processor.py:914} INFO - Processing file /home/airflow/.local/lib/python3.12/site-packages/airflow/example_dags/example_skip_dag.py for tasks to queue
[2024-09-12T16:00:16.646+0000] {logging_mixin.py:190} INFO - [2024-09-12T16:00:16.645+0000] {dagbag.py:587} INFO - Filling up the DagBag from /home/airflow/.local/lib/python3.12/site-packages/airflow/example_dags/example_skip_dag.py
[2024-09-12T16:00:16.741+0000] {processor.py:925} INFO - DAG(s) 'example_skip_dag' retrieved from /home/airflow/.local/lib/python3.12/site-packages/airflow/example_dags/example_skip_dag.py
[2024-09-12T16:00:16.970+0000] {logging_mixin.py:190} INFO - [2024-09-12T16:00:16.970+0000] {dag.py:3211} INFO - Sync 1 DAGs
[2024-09-12T16:00:17.207+0000] {logging_mixin.py:190} INFO - [2024-09-12T16:00:17.206+0000] {dag.py:4138} INFO - Setting next_dagrun for example_skip_dag to 2024-09-11 00:00:00+00:00, run_after=2024-09-12 00:00:00+00:00
[2024-09-12T16:00:17.355+0000] {processor.py:208} INFO - Processing /home/airflow/.local/lib/python3.12/site-packages/airflow/example_dags/example_skip_dag.py took 0.771 seconds
[2024-09-12T16:00:56.160+0000] {processor.py:186} INFO - Started process (PID=3145) to work on /home/airflow/.local/lib/python3.12/site-packages/airflow/example_dags/example_skip_dag.py
[2024-09-12T16:00:56.164+0000] {processor.py:914} INFO - Processing file /home/airflow/.local/lib/python3.12/site-packages/airflow/example_dags/example_skip_dag.py for tasks to queue
[2024-09-12T16:00:56.176+0000] {logging_mixin.py:190} INFO - [2024-09-12T16:00:56.175+0000] {dagbag.py:587} INFO - Filling up the DagBag from /home/airflow/.local/lib/python3.12/site-packages/airflow/example_dags/example_skip_dag.py
[2024-09-12T16:00:56.212+0000] {processor.py:925} INFO - DAG(s) 'example_skip_dag' retrieved from /home/airflow/.local/lib/python3.12/site-packages/airflow/example_dags/example_skip_dag.py
[2024-09-12T16:00:56.299+0000] {logging_mixin.py:190} INFO - [2024-09-12T16:00:56.298+0000] {dag.py:3211} INFO - Sync 1 DAGs
[2024-09-12T16:00:56.460+0000] {logging_mixin.py:190} INFO - [2024-09-12T16:00:56.459+0000] {dag.py:4138} INFO - Setting next_dagrun for example_skip_dag to 2024-09-11 00:00:00+00:00, run_after=2024-09-12 00:00:00+00:00
[2024-09-12T16:00:56.667+0000] {processor.py:208} INFO - Processing /home/airflow/.local/lib/python3.12/site-packages/airflow/example_dags/example_skip_dag.py took 0.527 seconds
[2024-09-12T16:01:51.630+0000] {processor.py:186} INFO - Started process (PID=3209) to work on /home/airflow/.local/lib/python3.12/site-packages/airflow/example_dags/example_skip_dag.py
[2024-09-12T16:01:51.641+0000] {processor.py:914} INFO - Processing file /home/airflow/.local/lib/python3.12/site-packages/airflow/example_dags/example_skip_dag.py for tasks to queue
[2024-09-12T16:01:51.645+0000] {logging_mixin.py:190} INFO - [2024-09-12T16:01:51.644+0000] {dagbag.py:587} INFO - Filling up the DagBag from /home/airflow/.local/lib/python3.12/site-packages/airflow/example_dags/example_skip_dag.py
[2024-09-12T16:01:51.745+0000] {processor.py:925} INFO - DAG(s) 'example_skip_dag' retrieved from /home/airflow/.local/lib/python3.12/site-packages/airflow/example_dags/example_skip_dag.py
[2024-09-12T16:01:51.993+0000] {logging_mixin.py:190} INFO - [2024-09-12T16:01:51.992+0000] {dag.py:3211} INFO - Sync 1 DAGs
[2024-09-12T16:01:52.228+0000] {logging_mixin.py:190} INFO - [2024-09-12T16:01:52.227+0000] {dag.py:4138} INFO - Setting next_dagrun for example_skip_dag to 2024-09-11 00:00:00+00:00, run_after=2024-09-12 00:00:00+00:00
[2024-09-12T16:01:53.842+0000] {processor.py:208} INFO - Processing /home/airflow/.local/lib/python3.12/site-packages/airflow/example_dags/example_skip_dag.py took 2.279 seconds
[2024-09-12T16:03:27.243+0000] {processor.py:186} INFO - Started process (PID=3304) to work on /home/airflow/.local/lib/python3.12/site-packages/airflow/example_dags/example_skip_dag.py
[2024-09-12T16:03:27.276+0000] {processor.py:914} INFO - Processing file /home/airflow/.local/lib/python3.12/site-packages/airflow/example_dags/example_skip_dag.py for tasks to queue
[2024-09-12T16:03:27.283+0000] {logging_mixin.py:190} INFO - [2024-09-12T16:03:27.279+0000] {dagbag.py:587} INFO - Filling up the DagBag from /home/airflow/.local/lib/python3.12/site-packages/airflow/example_dags/example_skip_dag.py
[2024-09-12T16:03:27.400+0000] {processor.py:925} INFO - DAG(s) 'example_skip_dag' retrieved from /home/airflow/.local/lib/python3.12/site-packages/airflow/example_dags/example_skip_dag.py
[2024-09-12T16:03:27.506+0000] {logging_mixin.py:190} INFO - [2024-09-12T16:03:27.506+0000] {dag.py:3211} INFO - Sync 1 DAGs
[2024-09-12T16:03:27.633+0000] {logging_mixin.py:190} INFO - [2024-09-12T16:03:27.633+0000] {dag.py:4138} INFO - Setting next_dagrun for example_skip_dag to 2024-09-11 00:00:00+00:00, run_after=2024-09-12 00:00:00+00:00
[2024-09-12T16:03:27.768+0000] {processor.py:208} INFO - Processing /home/airflow/.local/lib/python3.12/site-packages/airflow/example_dags/example_skip_dag.py took 0.590 seconds
[2024-09-12T16:04:03.248+0000] {processor.py:186} INFO - Started process (PID=3379) to work on /home/airflow/.local/lib/python3.12/site-packages/airflow/example_dags/example_skip_dag.py
[2024-09-12T16:04:03.264+0000] {processor.py:914} INFO - Processing file /home/airflow/.local/lib/python3.12/site-packages/airflow/example_dags/example_skip_dag.py for tasks to queue
[2024-09-12T16:04:03.268+0000] {logging_mixin.py:190} INFO - [2024-09-12T16:04:03.267+0000] {dagbag.py:587} INFO - Filling up the DagBag from /home/airflow/.local/lib/python3.12/site-packages/airflow/example_dags/example_skip_dag.py
[2024-09-12T16:04:03.461+0000] {processor.py:925} INFO - DAG(s) 'example_skip_dag' retrieved from /home/airflow/.local/lib/python3.12/site-packages/airflow/example_dags/example_skip_dag.py
[2024-09-12T16:04:03.783+0000] {logging_mixin.py:190} INFO - [2024-09-12T16:04:03.782+0000] {dag.py:3211} INFO - Sync 1 DAGs
[2024-09-12T16:04:04.031+0000] {logging_mixin.py:190} INFO - [2024-09-12T16:04:04.030+0000] {dag.py:4138} INFO - Setting next_dagrun for example_skip_dag to 2024-09-11 00:00:00+00:00, run_after=2024-09-12 00:00:00+00:00
[2024-09-12T16:04:05.567+0000] {processor.py:208} INFO - Processing /home/airflow/.local/lib/python3.12/site-packages/airflow/example_dags/example_skip_dag.py took 2.447 seconds
[2024-09-12T16:05:48.472+0000] {processor.py:186} INFO - Started process (PID=3454) to work on /home/airflow/.local/lib/python3.12/site-packages/airflow/example_dags/example_skip_dag.py
[2024-09-12T16:05:48.487+0000] {processor.py:914} INFO - Processing file /home/airflow/.local/lib/python3.12/site-packages/airflow/example_dags/example_skip_dag.py for tasks to queue
[2024-09-12T16:05:48.499+0000] {logging_mixin.py:190} INFO - [2024-09-12T16:05:48.498+0000] {dagbag.py:587} INFO - Filling up the DagBag from /home/airflow/.local/lib/python3.12/site-packages/airflow/example_dags/example_skip_dag.py
[2024-09-12T16:05:48.571+0000] {processor.py:925} INFO - DAG(s) 'example_skip_dag' retrieved from /home/airflow/.local/lib/python3.12/site-packages/airflow/example_dags/example_skip_dag.py
[2024-09-12T16:05:50.002+0000] {logging_mixin.py:190} INFO - [2024-09-12T16:05:50.002+0000] {dag.py:3211} INFO - Sync 1 DAGs
[2024-09-12T16:05:50.384+0000] {logging_mixin.py:190} INFO - [2024-09-12T16:05:50.384+0000] {dag.py:4138} INFO - Setting next_dagrun for example_skip_dag to 2024-09-11 00:00:00+00:00, run_after=2024-09-12 00:00:00+00:00
[2024-09-12T16:05:50.595+0000] {processor.py:208} INFO - Processing /home/airflow/.local/lib/python3.12/site-packages/airflow/example_dags/example_skip_dag.py took 2.137 seconds
[2024-09-12T16:07:40.981+0000] {processor.py:186} INFO - Started process (PID=3541) to work on /home/airflow/.local/lib/python3.12/site-packages/airflow/example_dags/example_skip_dag.py
[2024-09-12T16:07:41.035+0000] {processor.py:914} INFO - Processing file /home/airflow/.local/lib/python3.12/site-packages/airflow/example_dags/example_skip_dag.py for tasks to queue
[2024-09-12T16:07:41.055+0000] {logging_mixin.py:190} INFO - [2024-09-12T16:07:41.054+0000] {dagbag.py:587} INFO - Filling up the DagBag from /home/airflow/.local/lib/python3.12/site-packages/airflow/example_dags/example_skip_dag.py
[2024-09-12T16:07:41.182+0000] {processor.py:925} INFO - DAG(s) 'example_skip_dag' retrieved from /home/airflow/.local/lib/python3.12/site-packages/airflow/example_dags/example_skip_dag.py
[2024-09-12T16:07:41.451+0000] {logging_mixin.py:190} INFO - [2024-09-12T16:07:41.450+0000] {dag.py:3211} INFO - Sync 1 DAGs
[2024-09-12T16:07:41.686+0000] {logging_mixin.py:190} INFO - [2024-09-12T16:07:41.686+0000] {dag.py:4138} INFO - Setting next_dagrun for example_skip_dag to 2024-09-11 00:00:00+00:00, run_after=2024-09-12 00:00:00+00:00
[2024-09-12T16:07:41.976+0000] {processor.py:208} INFO - Processing /home/airflow/.local/lib/python3.12/site-packages/airflow/example_dags/example_skip_dag.py took 1.066 seconds
[2024-09-12T16:08:35.071+0000] {processor.py:186} INFO - Started process (PID=3607) to work on /home/airflow/.local/lib/python3.12/site-packages/airflow/example_dags/example_skip_dag.py
[2024-09-12T16:08:35.083+0000] {processor.py:914} INFO - Processing file /home/airflow/.local/lib/python3.12/site-packages/airflow/example_dags/example_skip_dag.py for tasks to queue
[2024-09-12T16:08:35.092+0000] {logging_mixin.py:190} INFO - [2024-09-12T16:08:35.086+0000] {dagbag.py:587} INFO - Filling up the DagBag from /home/airflow/.local/lib/python3.12/site-packages/airflow/example_dags/example_skip_dag.py
[2024-09-12T16:08:35.293+0000] {processor.py:925} INFO - DAG(s) 'example_skip_dag' retrieved from /home/airflow/.local/lib/python3.12/site-packages/airflow/example_dags/example_skip_dag.py
[2024-09-12T16:08:38.035+0000] {logging_mixin.py:190} INFO - [2024-09-12T16:08:38.006+0000] {dag.py:3211} INFO - Sync 1 DAGs
[2024-09-12T16:08:38.500+0000] {logging_mixin.py:190} INFO - [2024-09-12T16:08:38.499+0000] {dag.py:4138} INFO - Setting next_dagrun for example_skip_dag to 2024-09-11 00:00:00+00:00, run_after=2024-09-12 00:00:00+00:00
[2024-09-12T16:08:38.840+0000] {processor.py:208} INFO - Processing /home/airflow/.local/lib/python3.12/site-packages/airflow/example_dags/example_skip_dag.py took 3.829 seconds
[2024-09-12T16:09:17.099+0000] {processor.py:186} INFO - Started process (PID=3681) to work on /home/airflow/.local/lib/python3.12/site-packages/airflow/example_dags/example_skip_dag.py
[2024-09-12T16:09:17.107+0000] {processor.py:914} INFO - Processing file /home/airflow/.local/lib/python3.12/site-packages/airflow/example_dags/example_skip_dag.py for tasks to queue
[2024-09-12T16:09:17.115+0000] {logging_mixin.py:190} INFO - [2024-09-12T16:09:17.114+0000] {dagbag.py:587} INFO - Filling up the DagBag from /home/airflow/.local/lib/python3.12/site-packages/airflow/example_dags/example_skip_dag.py
[2024-09-12T16:09:17.156+0000] {processor.py:925} INFO - DAG(s) 'example_skip_dag' retrieved from /home/airflow/.local/lib/python3.12/site-packages/airflow/example_dags/example_skip_dag.py
[2024-09-12T16:09:17.252+0000] {logging_mixin.py:190} INFO - [2024-09-12T16:09:17.251+0000] {dag.py:3211} INFO - Sync 1 DAGs
[2024-09-12T16:09:17.370+0000] {logging_mixin.py:190} INFO - [2024-09-12T16:09:17.370+0000] {dag.py:4138} INFO - Setting next_dagrun for example_skip_dag to 2024-09-11 00:00:00+00:00, run_after=2024-09-12 00:00:00+00:00
[2024-09-12T16:09:17.460+0000] {processor.py:208} INFO - Processing /home/airflow/.local/lib/python3.12/site-packages/airflow/example_dags/example_skip_dag.py took 0.386 seconds
[2024-09-12T16:10:29.559+0000] {processor.py:186} INFO - Started process (PID=3746) to work on /home/airflow/.local/lib/python3.12/site-packages/airflow/example_dags/example_skip_dag.py
[2024-09-12T16:10:29.563+0000] {processor.py:914} INFO - Processing file /home/airflow/.local/lib/python3.12/site-packages/airflow/example_dags/example_skip_dag.py for tasks to queue
[2024-09-12T16:10:29.576+0000] {logging_mixin.py:190} INFO - [2024-09-12T16:10:29.575+0000] {dagbag.py:587} INFO - Filling up the DagBag from /home/airflow/.local/lib/python3.12/site-packages/airflow/example_dags/example_skip_dag.py
[2024-09-12T16:10:29.653+0000] {processor.py:925} INFO - DAG(s) 'example_skip_dag' retrieved from /home/airflow/.local/lib/python3.12/site-packages/airflow/example_dags/example_skip_dag.py
[2024-09-12T16:10:29.792+0000] {logging_mixin.py:190} INFO - [2024-09-12T16:10:29.791+0000] {dag.py:3211} INFO - Sync 1 DAGs
[2024-09-12T16:10:30.088+0000] {logging_mixin.py:190} INFO - [2024-09-12T16:10:30.087+0000] {dag.py:4138} INFO - Setting next_dagrun for example_skip_dag to 2024-09-11 00:00:00+00:00, run_after=2024-09-12 00:00:00+00:00
[2024-09-12T16:10:30.269+0000] {processor.py:208} INFO - Processing /home/airflow/.local/lib/python3.12/site-packages/airflow/example_dags/example_skip_dag.py took 0.753 seconds
[2024-09-12T16:11:00.597+0000] {processor.py:186} INFO - Started process (PID=3812) to work on /home/airflow/.local/lib/python3.12/site-packages/airflow/example_dags/example_skip_dag.py
[2024-09-12T16:11:00.612+0000] {processor.py:914} INFO - Processing file /home/airflow/.local/lib/python3.12/site-packages/airflow/example_dags/example_skip_dag.py for tasks to queue
[2024-09-12T16:11:00.615+0000] {logging_mixin.py:190} INFO - [2024-09-12T16:11:00.614+0000] {dagbag.py:587} INFO - Filling up the DagBag from /home/airflow/.local/lib/python3.12/site-packages/airflow/example_dags/example_skip_dag.py
[2024-09-12T16:11:00.683+0000] {processor.py:925} INFO - DAG(s) 'example_skip_dag' retrieved from /home/airflow/.local/lib/python3.12/site-packages/airflow/example_dags/example_skip_dag.py
[2024-09-12T16:11:00.799+0000] {logging_mixin.py:190} INFO - [2024-09-12T16:11:00.797+0000] {dag.py:3211} INFO - Sync 1 DAGs
[2024-09-12T16:11:01.035+0000] {logging_mixin.py:190} INFO - [2024-09-12T16:11:01.035+0000] {dag.py:4138} INFO - Setting next_dagrun for example_skip_dag to 2024-09-11 00:00:00+00:00, run_after=2024-09-12 00:00:00+00:00
[2024-09-12T16:11:01.174+0000] {processor.py:208} INFO - Processing /home/airflow/.local/lib/python3.12/site-packages/airflow/example_dags/example_skip_dag.py took 0.613 seconds
[2024-09-12T16:11:40.348+0000] {processor.py:186} INFO - Started process (PID=3869) to work on /home/airflow/.local/lib/python3.12/site-packages/airflow/example_dags/example_skip_dag.py
[2024-09-12T16:11:40.390+0000] {processor.py:914} INFO - Processing file /home/airflow/.local/lib/python3.12/site-packages/airflow/example_dags/example_skip_dag.py for tasks to queue
[2024-09-12T16:11:40.400+0000] {logging_mixin.py:190} INFO - [2024-09-12T16:11:40.393+0000] {dagbag.py:587} INFO - Filling up the DagBag from /home/airflow/.local/lib/python3.12/site-packages/airflow/example_dags/example_skip_dag.py
[2024-09-12T16:11:40.444+0000] {processor.py:925} INFO - DAG(s) 'example_skip_dag' retrieved from /home/airflow/.local/lib/python3.12/site-packages/airflow/example_dags/example_skip_dag.py
[2024-09-12T16:11:40.537+0000] {logging_mixin.py:190} INFO - [2024-09-12T16:11:40.536+0000] {dag.py:3211} INFO - Sync 1 DAGs
[2024-09-12T16:11:40.652+0000] {logging_mixin.py:190} INFO - [2024-09-12T16:11:40.652+0000] {dag.py:4138} INFO - Setting next_dagrun for example_skip_dag to 2024-09-11 00:00:00+00:00, run_after=2024-09-12 00:00:00+00:00
[2024-09-12T16:11:40.736+0000] {processor.py:208} INFO - Processing /home/airflow/.local/lib/python3.12/site-packages/airflow/example_dags/example_skip_dag.py took 0.435 seconds
[2024-09-12T16:12:39.572+0000] {processor.py:186} INFO - Started process (PID=3931) to work on /home/airflow/.local/lib/python3.12/site-packages/airflow/example_dags/example_skip_dag.py
[2024-09-12T16:12:39.604+0000] {processor.py:914} INFO - Processing file /home/airflow/.local/lib/python3.12/site-packages/airflow/example_dags/example_skip_dag.py for tasks to queue
[2024-09-12T16:12:39.611+0000] {logging_mixin.py:190} INFO - [2024-09-12T16:12:39.610+0000] {dagbag.py:587} INFO - Filling up the DagBag from /home/airflow/.local/lib/python3.12/site-packages/airflow/example_dags/example_skip_dag.py
[2024-09-12T16:12:39.720+0000] {processor.py:925} INFO - DAG(s) 'example_skip_dag' retrieved from /home/airflow/.local/lib/python3.12/site-packages/airflow/example_dags/example_skip_dag.py
[2024-09-12T16:12:39.910+0000] {logging_mixin.py:190} INFO - [2024-09-12T16:12:39.910+0000] {dag.py:3211} INFO - Sync 1 DAGs
[2024-09-12T16:12:40.119+0000] {logging_mixin.py:190} INFO - [2024-09-12T16:12:40.118+0000] {dag.py:4138} INFO - Setting next_dagrun for example_skip_dag to 2024-09-11 00:00:00+00:00, run_after=2024-09-12 00:00:00+00:00
[2024-09-12T16:12:40.258+0000] {processor.py:208} INFO - Processing /home/airflow/.local/lib/python3.12/site-packages/airflow/example_dags/example_skip_dag.py took 0.767 seconds
[2024-09-12T16:13:11.625+0000] {processor.py:186} INFO - Started process (PID=3997) to work on /home/airflow/.local/lib/python3.12/site-packages/airflow/example_dags/example_skip_dag.py
[2024-09-12T16:13:11.641+0000] {processor.py:914} INFO - Processing file /home/airflow/.local/lib/python3.12/site-packages/airflow/example_dags/example_skip_dag.py for tasks to queue
[2024-09-12T16:13:11.645+0000] {logging_mixin.py:190} INFO - [2024-09-12T16:13:11.644+0000] {dagbag.py:587} INFO - Filling up the DagBag from /home/airflow/.local/lib/python3.12/site-packages/airflow/example_dags/example_skip_dag.py
[2024-09-12T16:13:11.678+0000] {processor.py:925} INFO - DAG(s) 'example_skip_dag' retrieved from /home/airflow/.local/lib/python3.12/site-packages/airflow/example_dags/example_skip_dag.py
[2024-09-12T16:13:11.822+0000] {logging_mixin.py:190} INFO - [2024-09-12T16:13:11.822+0000] {dag.py:3211} INFO - Sync 1 DAGs
[2024-09-12T16:13:12.093+0000] {logging_mixin.py:190} INFO - [2024-09-12T16:13:12.091+0000] {dag.py:4138} INFO - Setting next_dagrun for example_skip_dag to 2024-09-11 00:00:00+00:00, run_after=2024-09-12 00:00:00+00:00
[2024-09-12T16:13:12.283+0000] {processor.py:208} INFO - Processing /home/airflow/.local/lib/python3.12/site-packages/airflow/example_dags/example_skip_dag.py took 0.709 seconds
[2024-09-12T16:14:38.401+0000] {processor.py:186} INFO - Started process (PID=4080) to work on /home/airflow/.local/lib/python3.12/site-packages/airflow/example_dags/example_skip_dag.py
[2024-09-12T16:14:38.428+0000] {processor.py:914} INFO - Processing file /home/airflow/.local/lib/python3.12/site-packages/airflow/example_dags/example_skip_dag.py for tasks to queue
[2024-09-12T16:14:38.436+0000] {logging_mixin.py:190} INFO - [2024-09-12T16:14:38.435+0000] {dagbag.py:587} INFO - Filling up the DagBag from /home/airflow/.local/lib/python3.12/site-packages/airflow/example_dags/example_skip_dag.py
[2024-09-12T16:14:38.535+0000] {processor.py:925} INFO - DAG(s) 'example_skip_dag' retrieved from /home/airflow/.local/lib/python3.12/site-packages/airflow/example_dags/example_skip_dag.py
[2024-09-12T16:14:38.674+0000] {logging_mixin.py:190} INFO - [2024-09-12T16:14:38.673+0000] {dag.py:3211} INFO - Sync 1 DAGs
[2024-09-12T16:14:38.836+0000] {logging_mixin.py:190} INFO - [2024-09-12T16:14:38.835+0000] {dag.py:4138} INFO - Setting next_dagrun for example_skip_dag to 2024-09-11 00:00:00+00:00, run_after=2024-09-12 00:00:00+00:00
[2024-09-12T16:14:38.977+0000] {processor.py:208} INFO - Processing /home/airflow/.local/lib/python3.12/site-packages/airflow/example_dags/example_skip_dag.py took 0.615 seconds
[2024-09-12T16:15:10.740+0000] {processor.py:186} INFO - Started process (PID=4145) to work on /home/airflow/.local/lib/python3.12/site-packages/airflow/example_dags/example_skip_dag.py
[2024-09-12T16:15:10.747+0000] {processor.py:914} INFO - Processing file /home/airflow/.local/lib/python3.12/site-packages/airflow/example_dags/example_skip_dag.py for tasks to queue
[2024-09-12T16:15:10.759+0000] {logging_mixin.py:190} INFO - [2024-09-12T16:15:10.758+0000] {dagbag.py:587} INFO - Filling up the DagBag from /home/airflow/.local/lib/python3.12/site-packages/airflow/example_dags/example_skip_dag.py
[2024-09-12T16:15:10.793+0000] {processor.py:925} INFO - DAG(s) 'example_skip_dag' retrieved from /home/airflow/.local/lib/python3.12/site-packages/airflow/example_dags/example_skip_dag.py
[2024-09-12T16:15:10.909+0000] {logging_mixin.py:190} INFO - [2024-09-12T16:15:10.903+0000] {dag.py:3211} INFO - Sync 1 DAGs
[2024-09-12T16:15:11.069+0000] {logging_mixin.py:190} INFO - [2024-09-12T16:15:11.065+0000] {dag.py:4138} INFO - Setting next_dagrun for example_skip_dag to 2024-09-11 00:00:00+00:00, run_after=2024-09-12 00:00:00+00:00
[2024-09-12T16:15:11.192+0000] {processor.py:208} INFO - Processing /home/airflow/.local/lib/python3.12/site-packages/airflow/example_dags/example_skip_dag.py took 0.487 seconds
[2024-09-12T16:15:43.410+0000] {processor.py:186} INFO - Started process (PID=4215) to work on /home/airflow/.local/lib/python3.12/site-packages/airflow/example_dags/example_skip_dag.py
[2024-09-12T16:15:43.413+0000] {processor.py:914} INFO - Processing file /home/airflow/.local/lib/python3.12/site-packages/airflow/example_dags/example_skip_dag.py for tasks to queue
[2024-09-12T16:15:43.416+0000] {logging_mixin.py:190} INFO - [2024-09-12T16:15:43.415+0000] {dagbag.py:587} INFO - Filling up the DagBag from /home/airflow/.local/lib/python3.12/site-packages/airflow/example_dags/example_skip_dag.py
[2024-09-12T16:15:43.471+0000] {processor.py:925} INFO - DAG(s) 'example_skip_dag' retrieved from /home/airflow/.local/lib/python3.12/site-packages/airflow/example_dags/example_skip_dag.py
[2024-09-12T16:15:43.568+0000] {logging_mixin.py:190} INFO - [2024-09-12T16:15:43.567+0000] {dag.py:3211} INFO - Sync 1 DAGs
[2024-09-12T16:15:43.712+0000] {logging_mixin.py:190} INFO - [2024-09-12T16:15:43.712+0000] {dag.py:4138} INFO - Setting next_dagrun for example_skip_dag to 2024-09-11 00:00:00+00:00, run_after=2024-09-12 00:00:00+00:00
[2024-09-12T16:15:43.843+0000] {processor.py:208} INFO - Processing /home/airflow/.local/lib/python3.12/site-packages/airflow/example_dags/example_skip_dag.py took 0.464 seconds
[2024-09-12T16:16:31.986+0000] {processor.py:186} INFO - Started process (PID=4276) to work on /home/airflow/.local/lib/python3.12/site-packages/airflow/example_dags/example_skip_dag.py
[2024-09-12T16:16:31.996+0000] {processor.py:914} INFO - Processing file /home/airflow/.local/lib/python3.12/site-packages/airflow/example_dags/example_skip_dag.py for tasks to queue
[2024-09-12T16:16:32.000+0000] {logging_mixin.py:190} INFO - [2024-09-12T16:16:31.999+0000] {dagbag.py:587} INFO - Filling up the DagBag from /home/airflow/.local/lib/python3.12/site-packages/airflow/example_dags/example_skip_dag.py
[2024-09-12T16:16:32.087+0000] {processor.py:925} INFO - DAG(s) 'example_skip_dag' retrieved from /home/airflow/.local/lib/python3.12/site-packages/airflow/example_dags/example_skip_dag.py
[2024-09-12T16:16:32.225+0000] {logging_mixin.py:190} INFO - [2024-09-12T16:16:32.225+0000] {dag.py:3211} INFO - Sync 1 DAGs
[2024-09-12T16:16:32.436+0000] {logging_mixin.py:190} INFO - [2024-09-12T16:16:32.434+0000] {dag.py:4138} INFO - Setting next_dagrun for example_skip_dag to 2024-09-11 00:00:00+00:00, run_after=2024-09-12 00:00:00+00:00
[2024-09-12T16:16:32.570+0000] {processor.py:208} INFO - Processing /home/airflow/.local/lib/python3.12/site-packages/airflow/example_dags/example_skip_dag.py took 0.626 seconds
[2024-09-12T16:17:09.724+0000] {processor.py:186} INFO - Started process (PID=4343) to work on /home/airflow/.local/lib/python3.12/site-packages/airflow/example_dags/example_skip_dag.py
[2024-09-12T16:17:09.735+0000] {processor.py:914} INFO - Processing file /home/airflow/.local/lib/python3.12/site-packages/airflow/example_dags/example_skip_dag.py for tasks to queue
[2024-09-12T16:17:09.745+0000] {logging_mixin.py:190} INFO - [2024-09-12T16:17:09.744+0000] {dagbag.py:587} INFO - Filling up the DagBag from /home/airflow/.local/lib/python3.12/site-packages/airflow/example_dags/example_skip_dag.py
[2024-09-12T16:17:09.775+0000] {processor.py:925} INFO - DAG(s) 'example_skip_dag' retrieved from /home/airflow/.local/lib/python3.12/site-packages/airflow/example_dags/example_skip_dag.py
[2024-09-12T16:17:09.904+0000] {logging_mixin.py:190} INFO - [2024-09-12T16:17:09.904+0000] {dag.py:3211} INFO - Sync 1 DAGs
[2024-09-12T16:17:10.077+0000] {logging_mixin.py:190} INFO - [2024-09-12T16:17:10.076+0000] {dag.py:4138} INFO - Setting next_dagrun for example_skip_dag to 2024-09-11 00:00:00+00:00, run_after=2024-09-12 00:00:00+00:00
[2024-09-12T16:17:10.284+0000] {processor.py:208} INFO - Processing /home/airflow/.local/lib/python3.12/site-packages/airflow/example_dags/example_skip_dag.py took 0.598 seconds
[2024-09-12T16:17:52.373+0000] {processor.py:186} INFO - Started process (PID=4407) to work on /home/airflow/.local/lib/python3.12/site-packages/airflow/example_dags/example_skip_dag.py
[2024-09-12T16:17:52.380+0000] {processor.py:914} INFO - Processing file /home/airflow/.local/lib/python3.12/site-packages/airflow/example_dags/example_skip_dag.py for tasks to queue
[2024-09-12T16:17:52.386+0000] {logging_mixin.py:190} INFO - [2024-09-12T16:17:52.386+0000] {dagbag.py:587} INFO - Filling up the DagBag from /home/airflow/.local/lib/python3.12/site-packages/airflow/example_dags/example_skip_dag.py
[2024-09-12T16:17:52.427+0000] {processor.py:925} INFO - DAG(s) 'example_skip_dag' retrieved from /home/airflow/.local/lib/python3.12/site-packages/airflow/example_dags/example_skip_dag.py
[2024-09-12T16:17:52.571+0000] {logging_mixin.py:190} INFO - [2024-09-12T16:17:52.571+0000] {dag.py:3211} INFO - Sync 1 DAGs
[2024-09-12T16:17:52.686+0000] {logging_mixin.py:190} INFO - [2024-09-12T16:17:52.685+0000] {dag.py:4138} INFO - Setting next_dagrun for example_skip_dag to 2024-09-11 00:00:00+00:00, run_after=2024-09-12 00:00:00+00:00
[2024-09-12T16:17:52.794+0000] {processor.py:208} INFO - Processing /home/airflow/.local/lib/python3.12/site-packages/airflow/example_dags/example_skip_dag.py took 0.447 seconds
[2024-09-12T16:18:39.164+0000] {processor.py:186} INFO - Started process (PID=4462) to work on /home/airflow/.local/lib/python3.12/site-packages/airflow/example_dags/example_skip_dag.py
[2024-09-12T16:18:39.175+0000] {processor.py:914} INFO - Processing file /home/airflow/.local/lib/python3.12/site-packages/airflow/example_dags/example_skip_dag.py for tasks to queue
[2024-09-12T16:18:39.185+0000] {logging_mixin.py:190} INFO - [2024-09-12T16:18:39.184+0000] {dagbag.py:587} INFO - Filling up the DagBag from /home/airflow/.local/lib/python3.12/site-packages/airflow/example_dags/example_skip_dag.py
[2024-09-12T16:18:39.243+0000] {processor.py:925} INFO - DAG(s) 'example_skip_dag' retrieved from /home/airflow/.local/lib/python3.12/site-packages/airflow/example_dags/example_skip_dag.py
[2024-09-12T16:18:39.415+0000] {logging_mixin.py:190} INFO - [2024-09-12T16:18:39.415+0000] {dag.py:3211} INFO - Sync 1 DAGs
[2024-09-12T16:18:39.653+0000] {logging_mixin.py:190} INFO - [2024-09-12T16:18:39.653+0000] {dag.py:4138} INFO - Setting next_dagrun for example_skip_dag to 2024-09-11 00:00:00+00:00, run_after=2024-09-12 00:00:00+00:00
[2024-09-12T16:18:39.755+0000] {processor.py:208} INFO - Processing /home/airflow/.local/lib/python3.12/site-packages/airflow/example_dags/example_skip_dag.py took 0.622 seconds
[2024-09-12T16:19:17.195+0000] {processor.py:186} INFO - Started process (PID=4535) to work on /home/airflow/.local/lib/python3.12/site-packages/airflow/example_dags/example_skip_dag.py
[2024-09-12T16:19:17.201+0000] {processor.py:914} INFO - Processing file /home/airflow/.local/lib/python3.12/site-packages/airflow/example_dags/example_skip_dag.py for tasks to queue
[2024-09-12T16:19:17.209+0000] {logging_mixin.py:190} INFO - [2024-09-12T16:19:17.208+0000] {dagbag.py:587} INFO - Filling up the DagBag from /home/airflow/.local/lib/python3.12/site-packages/airflow/example_dags/example_skip_dag.py
[2024-09-12T16:19:17.285+0000] {processor.py:925} INFO - DAG(s) 'example_skip_dag' retrieved from /home/airflow/.local/lib/python3.12/site-packages/airflow/example_dags/example_skip_dag.py
[2024-09-12T16:19:17.455+0000] {logging_mixin.py:190} INFO - [2024-09-12T16:19:17.454+0000] {dag.py:3211} INFO - Sync 1 DAGs
[2024-09-12T16:19:17.612+0000] {logging_mixin.py:190} INFO - [2024-09-12T16:19:17.611+0000] {dag.py:4138} INFO - Setting next_dagrun for example_skip_dag to 2024-09-11 00:00:00+00:00, run_after=2024-09-12 00:00:00+00:00
[2024-09-12T16:19:17.808+0000] {processor.py:208} INFO - Processing /home/airflow/.local/lib/python3.12/site-packages/airflow/example_dags/example_skip_dag.py took 0.638 seconds
[2024-09-12T16:19:55.270+0000] {processor.py:186} INFO - Started process (PID=4604) to work on /home/airflow/.local/lib/python3.12/site-packages/airflow/example_dags/example_skip_dag.py
[2024-09-12T16:19:55.283+0000] {processor.py:914} INFO - Processing file /home/airflow/.local/lib/python3.12/site-packages/airflow/example_dags/example_skip_dag.py for tasks to queue
[2024-09-12T16:19:55.286+0000] {logging_mixin.py:190} INFO - [2024-09-12T16:19:55.285+0000] {dagbag.py:587} INFO - Filling up the DagBag from /home/airflow/.local/lib/python3.12/site-packages/airflow/example_dags/example_skip_dag.py
[2024-09-12T16:19:55.330+0000] {processor.py:925} INFO - DAG(s) 'example_skip_dag' retrieved from /home/airflow/.local/lib/python3.12/site-packages/airflow/example_dags/example_skip_dag.py
[2024-09-12T16:19:55.473+0000] {logging_mixin.py:190} INFO - [2024-09-12T16:19:55.472+0000] {dag.py:3211} INFO - Sync 1 DAGs
[2024-09-12T16:19:55.632+0000] {logging_mixin.py:190} INFO - [2024-09-12T16:19:55.631+0000] {dag.py:4138} INFO - Setting next_dagrun for example_skip_dag to 2024-09-11 00:00:00+00:00, run_after=2024-09-12 00:00:00+00:00
[2024-09-12T16:19:55.716+0000] {processor.py:208} INFO - Processing /home/airflow/.local/lib/python3.12/site-packages/airflow/example_dags/example_skip_dag.py took 0.488 seconds
[2024-09-12T16:20:49.472+0000] {processor.py:186} INFO - Started process (PID=4666) to work on /home/airflow/.local/lib/python3.12/site-packages/airflow/example_dags/example_skip_dag.py
[2024-09-12T16:20:49.490+0000] {processor.py:914} INFO - Processing file /home/airflow/.local/lib/python3.12/site-packages/airflow/example_dags/example_skip_dag.py for tasks to queue
[2024-09-12T16:20:49.493+0000] {logging_mixin.py:190} INFO - [2024-09-12T16:20:49.492+0000] {dagbag.py:587} INFO - Filling up the DagBag from /home/airflow/.local/lib/python3.12/site-packages/airflow/example_dags/example_skip_dag.py
[2024-09-12T16:20:49.555+0000] {processor.py:925} INFO - DAG(s) 'example_skip_dag' retrieved from /home/airflow/.local/lib/python3.12/site-packages/airflow/example_dags/example_skip_dag.py
[2024-09-12T16:20:49.640+0000] {logging_mixin.py:190} INFO - [2024-09-12T16:20:49.632+0000] {dag.py:3211} INFO - Sync 1 DAGs
[2024-09-12T16:20:49.733+0000] {logging_mixin.py:190} INFO - [2024-09-12T16:20:49.729+0000] {dag.py:4138} INFO - Setting next_dagrun for example_skip_dag to 2024-09-11 00:00:00+00:00, run_after=2024-09-12 00:00:00+00:00
[2024-09-12T16:20:49.887+0000] {processor.py:208} INFO - Processing /home/airflow/.local/lib/python3.12/site-packages/airflow/example_dags/example_skip_dag.py took 0.462 seconds
[2024-09-12T16:22:10.324+0000] {processor.py:186} INFO - Started process (PID=4750) to work on /home/airflow/.local/lib/python3.12/site-packages/airflow/example_dags/example_skip_dag.py
[2024-09-12T16:22:10.335+0000] {processor.py:914} INFO - Processing file /home/airflow/.local/lib/python3.12/site-packages/airflow/example_dags/example_skip_dag.py for tasks to queue
[2024-09-12T16:22:10.338+0000] {logging_mixin.py:190} INFO - [2024-09-12T16:22:10.337+0000] {dagbag.py:587} INFO - Filling up the DagBag from /home/airflow/.local/lib/python3.12/site-packages/airflow/example_dags/example_skip_dag.py
[2024-09-12T16:22:10.394+0000] {processor.py:925} INFO - DAG(s) 'example_skip_dag' retrieved from /home/airflow/.local/lib/python3.12/site-packages/airflow/example_dags/example_skip_dag.py
[2024-09-12T16:22:10.646+0000] {logging_mixin.py:190} INFO - [2024-09-12T16:22:10.644+0000] {dag.py:3211} INFO - Sync 1 DAGs
[2024-09-12T16:22:10.764+0000] {logging_mixin.py:190} INFO - [2024-09-12T16:22:10.763+0000] {dag.py:4138} INFO - Setting next_dagrun for example_skip_dag to 2024-09-11 00:00:00+00:00, run_after=2024-09-12 00:00:00+00:00
[2024-09-12T16:22:10.983+0000] {processor.py:208} INFO - Processing /home/airflow/.local/lib/python3.12/site-packages/airflow/example_dags/example_skip_dag.py took 0.704 seconds
[2024-09-12T16:22:49.129+0000] {processor.py:186} INFO - Started process (PID=4817) to work on /home/airflow/.local/lib/python3.12/site-packages/airflow/example_dags/example_skip_dag.py
[2024-09-12T16:22:49.140+0000] {processor.py:914} INFO - Processing file /home/airflow/.local/lib/python3.12/site-packages/airflow/example_dags/example_skip_dag.py for tasks to queue
[2024-09-12T16:22:49.146+0000] {logging_mixin.py:190} INFO - [2024-09-12T16:22:49.145+0000] {dagbag.py:587} INFO - Filling up the DagBag from /home/airflow/.local/lib/python3.12/site-packages/airflow/example_dags/example_skip_dag.py
[2024-09-12T16:22:49.234+0000] {processor.py:925} INFO - DAG(s) 'example_skip_dag' retrieved from /home/airflow/.local/lib/python3.12/site-packages/airflow/example_dags/example_skip_dag.py
[2024-09-12T16:22:49.375+0000] {logging_mixin.py:190} INFO - [2024-09-12T16:22:49.375+0000] {dag.py:3211} INFO - Sync 1 DAGs
[2024-09-12T16:22:49.572+0000] {logging_mixin.py:190} INFO - [2024-09-12T16:22:49.572+0000] {dag.py:4138} INFO - Setting next_dagrun for example_skip_dag to 2024-09-11 00:00:00+00:00, run_after=2024-09-12 00:00:00+00:00
[2024-09-12T16:22:49.844+0000] {processor.py:208} INFO - Processing /home/airflow/.local/lib/python3.12/site-packages/airflow/example_dags/example_skip_dag.py took 0.786 seconds
