[2024-09-12T14:58:53.949+0000] {processor.py:186} INFO - Started process (PID=110) to work on /home/airflow/.local/lib/python3.12/site-packages/airflow/example_dags/example_short_circuit_operator.py
[2024-09-12T14:58:53.956+0000] {processor.py:914} INFO - Processing file /home/airflow/.local/lib/python3.12/site-packages/airflow/example_dags/example_short_circuit_operator.py for tasks to queue
[2024-09-12T14:58:53.974+0000] {logging_mixin.py:190} INFO - [2024-09-12T14:58:53.974+0000] {dagbag.py:587} INFO - Filling up the DagBag from /home/airflow/.local/lib/python3.12/site-packages/airflow/example_dags/example_short_circuit_operator.py
[2024-09-12T14:58:54.101+0000] {processor.py:925} INFO - DAG(s) 'example_short_circuit_operator' retrieved from /home/airflow/.local/lib/python3.12/site-packages/airflow/example_dags/example_short_circuit_operator.py
[2024-09-12T14:58:54.344+0000] {logging_mixin.py:190} INFO - [2024-09-12T14:58:54.343+0000] {dag.py:3211} INFO - Sync 1 DAGs
[2024-09-12T14:58:54.489+0000] {logging_mixin.py:190} INFO - [2024-09-12T14:58:54.488+0000] {dag.py:4138} INFO - Setting next_dagrun for example_short_circuit_operator to 2024-09-11 00:00:00+00:00, run_after=2024-09-12 00:00:00+00:00
[2024-09-12T14:58:54.625+0000] {processor.py:208} INFO - Processing /home/airflow/.local/lib/python3.12/site-packages/airflow/example_dags/example_short_circuit_operator.py took 0.713 seconds
[2024-09-12T14:59:51.043+0000] {processor.py:186} INFO - Started process (PID=180) to work on /home/airflow/.local/lib/python3.12/site-packages/airflow/example_dags/example_short_circuit_operator.py
[2024-09-12T14:59:51.071+0000] {processor.py:914} INFO - Processing file /home/airflow/.local/lib/python3.12/site-packages/airflow/example_dags/example_short_circuit_operator.py for tasks to queue
[2024-09-12T14:59:51.120+0000] {logging_mixin.py:190} INFO - [2024-09-12T14:59:51.119+0000] {dagbag.py:587} INFO - Filling up the DagBag from /home/airflow/.local/lib/python3.12/site-packages/airflow/example_dags/example_short_circuit_operator.py
[2024-09-12T14:59:51.295+0000] {processor.py:925} INFO - DAG(s) 'example_short_circuit_operator' retrieved from /home/airflow/.local/lib/python3.12/site-packages/airflow/example_dags/example_short_circuit_operator.py
[2024-09-12T14:59:51.709+0000] {logging_mixin.py:190} INFO - [2024-09-12T14:59:51.708+0000] {dag.py:3211} INFO - Sync 1 DAGs
[2024-09-12T14:59:51.944+0000] {logging_mixin.py:190} INFO - [2024-09-12T14:59:51.944+0000] {dag.py:4138} INFO - Setting next_dagrun for example_short_circuit_operator to 2024-09-11 00:00:00+00:00, run_after=2024-09-12 00:00:00+00:00
[2024-09-12T14:59:52.108+0000] {processor.py:208} INFO - Processing /home/airflow/.local/lib/python3.12/site-packages/airflow/example_dags/example_short_circuit_operator.py took 1.148 seconds
[2024-09-12T15:00:55.991+0000] {processor.py:186} INFO - Started process (PID=262) to work on /home/airflow/.local/lib/python3.12/site-packages/airflow/example_dags/example_short_circuit_operator.py
[2024-09-12T15:00:56.006+0000] {processor.py:914} INFO - Processing file /home/airflow/.local/lib/python3.12/site-packages/airflow/example_dags/example_short_circuit_operator.py for tasks to queue
[2024-09-12T15:00:56.024+0000] {logging_mixin.py:190} INFO - [2024-09-12T15:00:56.023+0000] {dagbag.py:587} INFO - Filling up the DagBag from /home/airflow/.local/lib/python3.12/site-packages/airflow/example_dags/example_short_circuit_operator.py
[2024-09-12T15:00:56.103+0000] {processor.py:925} INFO - DAG(s) 'example_short_circuit_operator' retrieved from /home/airflow/.local/lib/python3.12/site-packages/airflow/example_dags/example_short_circuit_operator.py
[2024-09-12T15:00:56.387+0000] {logging_mixin.py:190} INFO - [2024-09-12T15:00:56.387+0000] {dag.py:3211} INFO - Sync 1 DAGs
[2024-09-12T15:00:56.656+0000] {logging_mixin.py:190} INFO - [2024-09-12T15:00:56.644+0000] {dag.py:4138} INFO - Setting next_dagrun for example_short_circuit_operator to 2024-09-11 00:00:00+00:00, run_after=2024-09-12 00:00:00+00:00
[2024-09-12T15:00:56.864+0000] {processor.py:208} INFO - Processing /home/airflow/.local/lib/python3.12/site-packages/airflow/example_dags/example_short_circuit_operator.py took 0.921 seconds
[2024-09-12T15:02:11.007+0000] {processor.py:186} INFO - Started process (PID=328) to work on /home/airflow/.local/lib/python3.12/site-packages/airflow/example_dags/example_short_circuit_operator.py
[2024-09-12T15:02:11.066+0000] {processor.py:914} INFO - Processing file /home/airflow/.local/lib/python3.12/site-packages/airflow/example_dags/example_short_circuit_operator.py for tasks to queue
[2024-09-12T15:02:11.100+0000] {logging_mixin.py:190} INFO - [2024-09-12T15:02:11.099+0000] {dagbag.py:587} INFO - Filling up the DagBag from /home/airflow/.local/lib/python3.12/site-packages/airflow/example_dags/example_short_circuit_operator.py
[2024-09-12T15:02:11.260+0000] {processor.py:925} INFO - DAG(s) 'example_short_circuit_operator' retrieved from /home/airflow/.local/lib/python3.12/site-packages/airflow/example_dags/example_short_circuit_operator.py
[2024-09-12T15:02:11.713+0000] {logging_mixin.py:190} INFO - [2024-09-12T15:02:11.713+0000] {dag.py:3211} INFO - Sync 1 DAGs
[2024-09-12T15:02:12.567+0000] {logging_mixin.py:190} INFO - [2024-09-12T15:02:12.506+0000] {dag.py:4138} INFO - Setting next_dagrun for example_short_circuit_operator to 2024-09-11 00:00:00+00:00, run_after=2024-09-12 00:00:00+00:00
[2024-09-12T15:02:12.932+0000] {processor.py:208} INFO - Processing /home/airflow/.local/lib/python3.12/site-packages/airflow/example_dags/example_short_circuit_operator.py took 2.007 seconds
[2024-09-12T15:04:14.218+0000] {processor.py:186} INFO - Started process (PID=425) to work on /home/airflow/.local/lib/python3.12/site-packages/airflow/example_dags/example_short_circuit_operator.py
[2024-09-12T15:04:14.236+0000] {processor.py:914} INFO - Processing file /home/airflow/.local/lib/python3.12/site-packages/airflow/example_dags/example_short_circuit_operator.py for tasks to queue
[2024-09-12T15:04:14.246+0000] {logging_mixin.py:190} INFO - [2024-09-12T15:04:14.246+0000] {dagbag.py:587} INFO - Filling up the DagBag from /home/airflow/.local/lib/python3.12/site-packages/airflow/example_dags/example_short_circuit_operator.py
[2024-09-12T15:04:14.389+0000] {processor.py:925} INFO - DAG(s) 'example_short_circuit_operator' retrieved from /home/airflow/.local/lib/python3.12/site-packages/airflow/example_dags/example_short_circuit_operator.py
[2024-09-12T15:04:14.608+0000] {logging_mixin.py:190} INFO - [2024-09-12T15:04:14.594+0000] {dag.py:3211} INFO - Sync 1 DAGs
[2024-09-12T15:04:14.774+0000] {logging_mixin.py:190} INFO - [2024-09-12T15:04:14.774+0000] {dag.py:4138} INFO - Setting next_dagrun for example_short_circuit_operator to 2024-09-11 00:00:00+00:00, run_after=2024-09-12 00:00:00+00:00
[2024-09-12T15:04:14.964+0000] {processor.py:208} INFO - Processing /home/airflow/.local/lib/python3.12/site-packages/airflow/example_dags/example_short_circuit_operator.py took 0.796 seconds
[2024-09-12T15:05:10.780+0000] {processor.py:186} INFO - Started process (PID=497) to work on /home/airflow/.local/lib/python3.12/site-packages/airflow/example_dags/example_short_circuit_operator.py
[2024-09-12T15:05:10.858+0000] {processor.py:914} INFO - Processing file /home/airflow/.local/lib/python3.12/site-packages/airflow/example_dags/example_short_circuit_operator.py for tasks to queue
[2024-09-12T15:05:10.875+0000] {logging_mixin.py:190} INFO - [2024-09-12T15:05:10.874+0000] {dagbag.py:587} INFO - Filling up the DagBag from /home/airflow/.local/lib/python3.12/site-packages/airflow/example_dags/example_short_circuit_operator.py
[2024-09-12T15:05:11.310+0000] {processor.py:925} INFO - DAG(s) 'example_short_circuit_operator' retrieved from /home/airflow/.local/lib/python3.12/site-packages/airflow/example_dags/example_short_circuit_operator.py
[2024-09-12T15:05:11.856+0000] {logging_mixin.py:190} INFO - [2024-09-12T15:05:11.856+0000] {dag.py:3211} INFO - Sync 1 DAGs
[2024-09-12T15:05:12.312+0000] {logging_mixin.py:190} INFO - [2024-09-12T15:05:12.311+0000] {dag.py:4138} INFO - Setting next_dagrun for example_short_circuit_operator to 2024-09-11 00:00:00+00:00, run_after=2024-09-12 00:00:00+00:00
[2024-09-12T15:05:12.740+0000] {processor.py:208} INFO - Processing /home/airflow/.local/lib/python3.12/site-packages/airflow/example_dags/example_short_circuit_operator.py took 2.173 seconds
[2024-09-12T15:06:20.505+0000] {processor.py:186} INFO - Started process (PID=571) to work on /home/airflow/.local/lib/python3.12/site-packages/airflow/example_dags/example_short_circuit_operator.py
[2024-09-12T15:06:20.521+0000] {processor.py:914} INFO - Processing file /home/airflow/.local/lib/python3.12/site-packages/airflow/example_dags/example_short_circuit_operator.py for tasks to queue
[2024-09-12T15:06:20.539+0000] {logging_mixin.py:190} INFO - [2024-09-12T15:06:20.538+0000] {dagbag.py:587} INFO - Filling up the DagBag from /home/airflow/.local/lib/python3.12/site-packages/airflow/example_dags/example_short_circuit_operator.py
[2024-09-12T15:06:20.694+0000] {processor.py:925} INFO - DAG(s) 'example_short_circuit_operator' retrieved from /home/airflow/.local/lib/python3.12/site-packages/airflow/example_dags/example_short_circuit_operator.py
[2024-09-12T15:06:20.890+0000] {logging_mixin.py:190} INFO - [2024-09-12T15:06:20.890+0000] {dag.py:3211} INFO - Sync 1 DAGs
[2024-09-12T15:06:21.047+0000] {logging_mixin.py:190} INFO - [2024-09-12T15:06:21.047+0000] {dag.py:4138} INFO - Setting next_dagrun for example_short_circuit_operator to 2024-09-11 00:00:00+00:00, run_after=2024-09-12 00:00:00+00:00
[2024-09-12T15:06:21.237+0000] {processor.py:208} INFO - Processing /home/airflow/.local/lib/python3.12/site-packages/airflow/example_dags/example_short_circuit_operator.py took 0.825 seconds
[2024-09-12T15:07:12.953+0000] {processor.py:186} INFO - Started process (PID=633) to work on /home/airflow/.local/lib/python3.12/site-packages/airflow/example_dags/example_short_circuit_operator.py
[2024-09-12T15:07:12.966+0000] {processor.py:914} INFO - Processing file /home/airflow/.local/lib/python3.12/site-packages/airflow/example_dags/example_short_circuit_operator.py for tasks to queue
[2024-09-12T15:07:12.984+0000] {logging_mixin.py:190} INFO - [2024-09-12T15:07:12.983+0000] {dagbag.py:587} INFO - Filling up the DagBag from /home/airflow/.local/lib/python3.12/site-packages/airflow/example_dags/example_short_circuit_operator.py
[2024-09-12T15:07:13.164+0000] {processor.py:925} INFO - DAG(s) 'example_short_circuit_operator' retrieved from /home/airflow/.local/lib/python3.12/site-packages/airflow/example_dags/example_short_circuit_operator.py
[2024-09-12T15:07:13.904+0000] {logging_mixin.py:190} INFO - [2024-09-12T15:07:13.903+0000] {dag.py:3211} INFO - Sync 1 DAGs
[2024-09-12T15:07:14.320+0000] {logging_mixin.py:190} INFO - [2024-09-12T15:07:14.319+0000] {dag.py:4138} INFO - Setting next_dagrun for example_short_circuit_operator to 2024-09-11 00:00:00+00:00, run_after=2024-09-12 00:00:00+00:00
[2024-09-12T15:07:15.162+0000] {processor.py:208} INFO - Processing /home/airflow/.local/lib/python3.12/site-packages/airflow/example_dags/example_short_circuit_operator.py took 2.268 seconds
[2024-09-12T15:08:37.374+0000] {processor.py:186} INFO - Started process (PID=722) to work on /home/airflow/.local/lib/python3.12/site-packages/airflow/example_dags/example_short_circuit_operator.py
[2024-09-12T15:08:37.389+0000] {processor.py:914} INFO - Processing file /home/airflow/.local/lib/python3.12/site-packages/airflow/example_dags/example_short_circuit_operator.py for tasks to queue
[2024-09-12T15:08:37.405+0000] {logging_mixin.py:190} INFO - [2024-09-12T15:08:37.392+0000] {dagbag.py:587} INFO - Filling up the DagBag from /home/airflow/.local/lib/python3.12/site-packages/airflow/example_dags/example_short_circuit_operator.py
[2024-09-12T15:08:37.530+0000] {processor.py:925} INFO - DAG(s) 'example_short_circuit_operator' retrieved from /home/airflow/.local/lib/python3.12/site-packages/airflow/example_dags/example_short_circuit_operator.py
[2024-09-12T15:08:38.113+0000] {logging_mixin.py:190} INFO - [2024-09-12T15:08:38.113+0000] {dag.py:3211} INFO - Sync 1 DAGs
[2024-09-12T15:08:38.848+0000] {logging_mixin.py:190} INFO - [2024-09-12T15:08:38.848+0000] {dag.py:4138} INFO - Setting next_dagrun for example_short_circuit_operator to 2024-09-11 00:00:00+00:00, run_after=2024-09-12 00:00:00+00:00
[2024-09-12T15:08:39.310+0000] {processor.py:208} INFO - Processing /home/airflow/.local/lib/python3.12/site-packages/airflow/example_dags/example_short_circuit_operator.py took 2.014 seconds
[2024-09-12T15:09:56.158+0000] {processor.py:186} INFO - Started process (PID=801) to work on /home/airflow/.local/lib/python3.12/site-packages/airflow/example_dags/example_short_circuit_operator.py
[2024-09-12T15:09:56.190+0000] {processor.py:914} INFO - Processing file /home/airflow/.local/lib/python3.12/site-packages/airflow/example_dags/example_short_circuit_operator.py for tasks to queue
[2024-09-12T15:09:56.193+0000] {logging_mixin.py:190} INFO - [2024-09-12T15:09:56.192+0000] {dagbag.py:587} INFO - Filling up the DagBag from /home/airflow/.local/lib/python3.12/site-packages/airflow/example_dags/example_short_circuit_operator.py
[2024-09-12T15:09:56.469+0000] {processor.py:925} INFO - DAG(s) 'example_short_circuit_operator' retrieved from /home/airflow/.local/lib/python3.12/site-packages/airflow/example_dags/example_short_circuit_operator.py
[2024-09-12T15:09:56.896+0000] {logging_mixin.py:190} INFO - [2024-09-12T15:09:56.893+0000] {dag.py:3211} INFO - Sync 1 DAGs
[2024-09-12T15:09:57.320+0000] {logging_mixin.py:190} INFO - [2024-09-12T15:09:57.319+0000] {dag.py:4138} INFO - Setting next_dagrun for example_short_circuit_operator to 2024-09-11 00:00:00+00:00, run_after=2024-09-12 00:00:00+00:00
[2024-09-12T15:09:57.510+0000] {processor.py:208} INFO - Processing /home/airflow/.local/lib/python3.12/site-packages/airflow/example_dags/example_short_circuit_operator.py took 1.601 seconds
[2024-09-12T15:10:53.260+0000] {processor.py:186} INFO - Started process (PID=867) to work on /home/airflow/.local/lib/python3.12/site-packages/airflow/example_dags/example_short_circuit_operator.py
[2024-09-12T15:10:53.272+0000] {processor.py:914} INFO - Processing file /home/airflow/.local/lib/python3.12/site-packages/airflow/example_dags/example_short_circuit_operator.py for tasks to queue
[2024-09-12T15:10:53.284+0000] {logging_mixin.py:190} INFO - [2024-09-12T15:10:53.283+0000] {dagbag.py:587} INFO - Filling up the DagBag from /home/airflow/.local/lib/python3.12/site-packages/airflow/example_dags/example_short_circuit_operator.py
[2024-09-12T15:10:53.325+0000] {processor.py:925} INFO - DAG(s) 'example_short_circuit_operator' retrieved from /home/airflow/.local/lib/python3.12/site-packages/airflow/example_dags/example_short_circuit_operator.py
[2024-09-12T15:10:53.453+0000] {logging_mixin.py:190} INFO - [2024-09-12T15:10:53.452+0000] {dag.py:3211} INFO - Sync 1 DAGs
[2024-09-12T15:10:53.781+0000] {logging_mixin.py:190} INFO - [2024-09-12T15:10:53.781+0000] {dag.py:4138} INFO - Setting next_dagrun for example_short_circuit_operator to 2024-09-11 00:00:00+00:00, run_after=2024-09-12 00:00:00+00:00
[2024-09-12T15:10:54.077+0000] {processor.py:208} INFO - Processing /home/airflow/.local/lib/python3.12/site-packages/airflow/example_dags/example_short_circuit_operator.py took 0.893 seconds
[2024-09-12T15:15:17.317+0000] {processor.py:186} INFO - Started process (PID=107) to work on /home/airflow/.local/lib/python3.12/site-packages/airflow/example_dags/example_short_circuit_operator.py
[2024-09-12T15:15:17.321+0000] {processor.py:914} INFO - Processing file /home/airflow/.local/lib/python3.12/site-packages/airflow/example_dags/example_short_circuit_operator.py for tasks to queue
[2024-09-12T15:15:17.325+0000] {logging_mixin.py:190} INFO - [2024-09-12T15:15:17.325+0000] {dagbag.py:587} INFO - Filling up the DagBag from /home/airflow/.local/lib/python3.12/site-packages/airflow/example_dags/example_short_circuit_operator.py
[2024-09-12T15:15:17.421+0000] {processor.py:925} INFO - DAG(s) 'example_short_circuit_operator' retrieved from /home/airflow/.local/lib/python3.12/site-packages/airflow/example_dags/example_short_circuit_operator.py
[2024-09-12T15:15:17.608+0000] {logging_mixin.py:190} INFO - [2024-09-12T15:15:17.597+0000] {dag.py:3211} INFO - Sync 1 DAGs
[2024-09-12T15:15:17.900+0000] {logging_mixin.py:190} INFO - [2024-09-12T15:15:17.900+0000] {dag.py:4138} INFO - Setting next_dagrun for example_short_circuit_operator to 2024-09-11 00:00:00+00:00, run_after=2024-09-12 00:00:00+00:00
[2024-09-12T15:15:18.072+0000] {processor.py:208} INFO - Processing /home/airflow/.local/lib/python3.12/site-packages/airflow/example_dags/example_short_circuit_operator.py took 0.779 seconds
[2024-09-12T15:16:16.728+0000] {processor.py:186} INFO - Started process (PID=178) to work on /home/airflow/.local/lib/python3.12/site-packages/airflow/example_dags/example_short_circuit_operator.py
[2024-09-12T15:16:16.793+0000] {processor.py:914} INFO - Processing file /home/airflow/.local/lib/python3.12/site-packages/airflow/example_dags/example_short_circuit_operator.py for tasks to queue
[2024-09-12T15:16:16.833+0000] {logging_mixin.py:190} INFO - [2024-09-12T15:16:16.813+0000] {dagbag.py:587} INFO - Filling up the DagBag from /home/airflow/.local/lib/python3.12/site-packages/airflow/example_dags/example_short_circuit_operator.py
[2024-09-12T15:16:16.962+0000] {processor.py:925} INFO - DAG(s) 'example_short_circuit_operator' retrieved from /home/airflow/.local/lib/python3.12/site-packages/airflow/example_dags/example_short_circuit_operator.py
[2024-09-12T15:16:17.390+0000] {logging_mixin.py:190} INFO - [2024-09-12T15:16:17.390+0000] {dag.py:3211} INFO - Sync 1 DAGs
[2024-09-12T15:16:18.240+0000] {logging_mixin.py:190} INFO - [2024-09-12T15:16:18.239+0000] {dag.py:4138} INFO - Setting next_dagrun for example_short_circuit_operator to 2024-09-11 00:00:00+00:00, run_after=2024-09-12 00:00:00+00:00
[2024-09-12T15:16:18.512+0000] {processor.py:208} INFO - Processing /home/airflow/.local/lib/python3.12/site-packages/airflow/example_dags/example_short_circuit_operator.py took 1.890 seconds
[2024-09-12T15:17:38.958+0000] {processor.py:186} INFO - Started process (PID=267) to work on /home/airflow/.local/lib/python3.12/site-packages/airflow/example_dags/example_short_circuit_operator.py
[2024-09-12T15:17:39.034+0000] {processor.py:914} INFO - Processing file /home/airflow/.local/lib/python3.12/site-packages/airflow/example_dags/example_short_circuit_operator.py for tasks to queue
[2024-09-12T15:17:39.068+0000] {logging_mixin.py:190} INFO - [2024-09-12T15:17:39.067+0000] {dagbag.py:587} INFO - Filling up the DagBag from /home/airflow/.local/lib/python3.12/site-packages/airflow/example_dags/example_short_circuit_operator.py
[2024-09-12T15:17:39.313+0000] {processor.py:925} INFO - DAG(s) 'example_short_circuit_operator' retrieved from /home/airflow/.local/lib/python3.12/site-packages/airflow/example_dags/example_short_circuit_operator.py
[2024-09-12T15:17:39.725+0000] {logging_mixin.py:190} INFO - [2024-09-12T15:17:39.724+0000] {dag.py:3211} INFO - Sync 1 DAGs
[2024-09-12T15:17:40.134+0000] {logging_mixin.py:190} INFO - [2024-09-12T15:17:40.133+0000] {dag.py:4138} INFO - Setting next_dagrun for example_short_circuit_operator to 2024-09-11 00:00:00+00:00, run_after=2024-09-12 00:00:00+00:00
[2024-09-12T15:17:40.537+0000] {processor.py:208} INFO - Processing /home/airflow/.local/lib/python3.12/site-packages/airflow/example_dags/example_short_circuit_operator.py took 1.659 seconds
[2024-09-12T15:18:28.109+0000] {processor.py:186} INFO - Started process (PID=332) to work on /home/airflow/.local/lib/python3.12/site-packages/airflow/example_dags/example_short_circuit_operator.py
[2024-09-12T15:18:28.115+0000] {processor.py:914} INFO - Processing file /home/airflow/.local/lib/python3.12/site-packages/airflow/example_dags/example_short_circuit_operator.py for tasks to queue
[2024-09-12T15:18:28.136+0000] {logging_mixin.py:190} INFO - [2024-09-12T15:18:28.135+0000] {dagbag.py:587} INFO - Filling up the DagBag from /home/airflow/.local/lib/python3.12/site-packages/airflow/example_dags/example_short_circuit_operator.py
[2024-09-12T15:18:28.189+0000] {processor.py:925} INFO - DAG(s) 'example_short_circuit_operator' retrieved from /home/airflow/.local/lib/python3.12/site-packages/airflow/example_dags/example_short_circuit_operator.py
[2024-09-12T15:18:28.354+0000] {logging_mixin.py:190} INFO - [2024-09-12T15:18:28.353+0000] {dag.py:3211} INFO - Sync 1 DAGs
[2024-09-12T15:18:28.593+0000] {logging_mixin.py:190} INFO - [2024-09-12T15:18:28.593+0000] {dag.py:4138} INFO - Setting next_dagrun for example_short_circuit_operator to 2024-09-11 00:00:00+00:00, run_after=2024-09-12 00:00:00+00:00
[2024-09-12T15:18:28.906+0000] {processor.py:208} INFO - Processing /home/airflow/.local/lib/python3.12/site-packages/airflow/example_dags/example_short_circuit_operator.py took 0.831 seconds
[2024-09-12T15:19:33.083+0000] {processor.py:186} INFO - Started process (PID=402) to work on /home/airflow/.local/lib/python3.12/site-packages/airflow/example_dags/example_short_circuit_operator.py
[2024-09-12T15:19:33.085+0000] {processor.py:914} INFO - Processing file /home/airflow/.local/lib/python3.12/site-packages/airflow/example_dags/example_short_circuit_operator.py for tasks to queue
[2024-09-12T15:19:33.124+0000] {logging_mixin.py:190} INFO - [2024-09-12T15:19:33.123+0000] {dagbag.py:587} INFO - Filling up the DagBag from /home/airflow/.local/lib/python3.12/site-packages/airflow/example_dags/example_short_circuit_operator.py
[2024-09-12T15:19:33.298+0000] {processor.py:925} INFO - DAG(s) 'example_short_circuit_operator' retrieved from /home/airflow/.local/lib/python3.12/site-packages/airflow/example_dags/example_short_circuit_operator.py
[2024-09-12T15:19:33.642+0000] {logging_mixin.py:190} INFO - [2024-09-12T15:19:33.641+0000] {dag.py:3211} INFO - Sync 1 DAGs
[2024-09-12T15:19:33.985+0000] {logging_mixin.py:190} INFO - [2024-09-12T15:19:33.985+0000] {dag.py:4138} INFO - Setting next_dagrun for example_short_circuit_operator to 2024-09-11 00:00:00+00:00, run_after=2024-09-12 00:00:00+00:00
[2024-09-12T15:19:34.306+0000] {processor.py:208} INFO - Processing /home/airflow/.local/lib/python3.12/site-packages/airflow/example_dags/example_short_circuit_operator.py took 1.362 seconds
[2024-09-12T15:20:31.789+0000] {processor.py:186} INFO - Started process (PID=487) to work on /home/airflow/.local/lib/python3.12/site-packages/airflow/example_dags/example_short_circuit_operator.py
[2024-09-12T15:20:31.805+0000] {processor.py:914} INFO - Processing file /home/airflow/.local/lib/python3.12/site-packages/airflow/example_dags/example_short_circuit_operator.py for tasks to queue
[2024-09-12T15:20:31.819+0000] {logging_mixin.py:190} INFO - [2024-09-12T15:20:31.818+0000] {dagbag.py:587} INFO - Filling up the DagBag from /home/airflow/.local/lib/python3.12/site-packages/airflow/example_dags/example_short_circuit_operator.py
[2024-09-12T15:20:31.943+0000] {processor.py:925} INFO - DAG(s) 'example_short_circuit_operator' retrieved from /home/airflow/.local/lib/python3.12/site-packages/airflow/example_dags/example_short_circuit_operator.py
[2024-09-12T15:20:32.509+0000] {logging_mixin.py:190} INFO - [2024-09-12T15:20:32.509+0000] {dag.py:3211} INFO - Sync 1 DAGs
[2024-09-12T15:20:33.243+0000] {logging_mixin.py:190} INFO - [2024-09-12T15:20:33.215+0000] {dag.py:4138} INFO - Setting next_dagrun for example_short_circuit_operator to 2024-09-11 00:00:00+00:00, run_after=2024-09-12 00:00:00+00:00
[2024-09-12T15:20:33.656+0000] {processor.py:208} INFO - Processing /home/airflow/.local/lib/python3.12/site-packages/airflow/example_dags/example_short_circuit_operator.py took 1.889 seconds
[2024-09-12T15:21:47.087+0000] {processor.py:186} INFO - Started process (PID=569) to work on /home/airflow/.local/lib/python3.12/site-packages/airflow/example_dags/example_short_circuit_operator.py
[2024-09-12T15:21:47.102+0000] {processor.py:914} INFO - Processing file /home/airflow/.local/lib/python3.12/site-packages/airflow/example_dags/example_short_circuit_operator.py for tasks to queue
[2024-09-12T15:21:47.124+0000] {logging_mixin.py:190} INFO - [2024-09-12T15:21:47.123+0000] {dagbag.py:587} INFO - Filling up the DagBag from /home/airflow/.local/lib/python3.12/site-packages/airflow/example_dags/example_short_circuit_operator.py
[2024-09-12T15:21:47.252+0000] {processor.py:925} INFO - DAG(s) 'example_short_circuit_operator' retrieved from /home/airflow/.local/lib/python3.12/site-packages/airflow/example_dags/example_short_circuit_operator.py
[2024-09-12T15:21:47.609+0000] {logging_mixin.py:190} INFO - [2024-09-12T15:21:47.608+0000] {dag.py:3211} INFO - Sync 1 DAGs
[2024-09-12T15:21:48.012+0000] {logging_mixin.py:190} INFO - [2024-09-12T15:21:48.000+0000] {dag.py:4138} INFO - Setting next_dagrun for example_short_circuit_operator to 2024-09-11 00:00:00+00:00, run_after=2024-09-12 00:00:00+00:00
[2024-09-12T15:21:48.193+0000] {processor.py:208} INFO - Processing /home/airflow/.local/lib/python3.12/site-packages/airflow/example_dags/example_short_circuit_operator.py took 1.208 seconds
[2024-09-12T15:22:53.613+0000] {processor.py:186} INFO - Started process (PID=644) to work on /home/airflow/.local/lib/python3.12/site-packages/airflow/example_dags/example_short_circuit_operator.py
[2024-09-12T15:22:53.629+0000] {processor.py:914} INFO - Processing file /home/airflow/.local/lib/python3.12/site-packages/airflow/example_dags/example_short_circuit_operator.py for tasks to queue
[2024-09-12T15:22:53.647+0000] {logging_mixin.py:190} INFO - [2024-09-12T15:22:53.646+0000] {dagbag.py:587} INFO - Filling up the DagBag from /home/airflow/.local/lib/python3.12/site-packages/airflow/example_dags/example_short_circuit_operator.py
[2024-09-12T15:22:53.886+0000] {processor.py:925} INFO - DAG(s) 'example_short_circuit_operator' retrieved from /home/airflow/.local/lib/python3.12/site-packages/airflow/example_dags/example_short_circuit_operator.py
[2024-09-12T15:22:54.100+0000] {logging_mixin.py:190} INFO - [2024-09-12T15:22:54.099+0000] {dag.py:3211} INFO - Sync 1 DAGs
[2024-09-12T15:22:54.525+0000] {logging_mixin.py:190} INFO - [2024-09-12T15:22:54.524+0000] {dag.py:4138} INFO - Setting next_dagrun for example_short_circuit_operator to 2024-09-11 00:00:00+00:00, run_after=2024-09-12 00:00:00+00:00
[2024-09-12T15:22:54.628+0000] {processor.py:208} INFO - Processing /home/airflow/.local/lib/python3.12/site-packages/airflow/example_dags/example_short_circuit_operator.py took 1.102 seconds
[2024-09-12T15:23:58.570+0000] {processor.py:186} INFO - Started process (PID=721) to work on /home/airflow/.local/lib/python3.12/site-packages/airflow/example_dags/example_short_circuit_operator.py
[2024-09-12T15:23:58.584+0000] {processor.py:914} INFO - Processing file /home/airflow/.local/lib/python3.12/site-packages/airflow/example_dags/example_short_circuit_operator.py for tasks to queue
[2024-09-12T15:23:58.604+0000] {logging_mixin.py:190} INFO - [2024-09-12T15:23:58.603+0000] {dagbag.py:587} INFO - Filling up the DagBag from /home/airflow/.local/lib/python3.12/site-packages/airflow/example_dags/example_short_circuit_operator.py
[2024-09-12T15:23:58.703+0000] {processor.py:925} INFO - DAG(s) 'example_short_circuit_operator' retrieved from /home/airflow/.local/lib/python3.12/site-packages/airflow/example_dags/example_short_circuit_operator.py
[2024-09-12T15:23:58.941+0000] {logging_mixin.py:190} INFO - [2024-09-12T15:23:58.941+0000] {dag.py:3211} INFO - Sync 1 DAGs
[2024-09-12T15:23:59.194+0000] {logging_mixin.py:190} INFO - [2024-09-12T15:23:59.194+0000] {dag.py:4138} INFO - Setting next_dagrun for example_short_circuit_operator to 2024-09-11 00:00:00+00:00, run_after=2024-09-12 00:00:00+00:00
[2024-09-12T15:23:59.412+0000] {processor.py:208} INFO - Processing /home/airflow/.local/lib/python3.12/site-packages/airflow/example_dags/example_short_circuit_operator.py took 0.878 seconds
[2024-09-12T15:25:16.271+0000] {processor.py:186} INFO - Started process (PID=803) to work on /home/airflow/.local/lib/python3.12/site-packages/airflow/example_dags/example_short_circuit_operator.py
[2024-09-12T15:25:16.389+0000] {processor.py:914} INFO - Processing file /home/airflow/.local/lib/python3.12/site-packages/airflow/example_dags/example_short_circuit_operator.py for tasks to queue
[2024-09-12T15:25:16.439+0000] {logging_mixin.py:190} INFO - [2024-09-12T15:25:16.438+0000] {dagbag.py:587} INFO - Filling up the DagBag from /home/airflow/.local/lib/python3.12/site-packages/airflow/example_dags/example_short_circuit_operator.py
[2024-09-12T15:25:16.597+0000] {processor.py:925} INFO - DAG(s) 'example_short_circuit_operator' retrieved from /home/airflow/.local/lib/python3.12/site-packages/airflow/example_dags/example_short_circuit_operator.py
[2024-09-12T15:25:16.989+0000] {logging_mixin.py:190} INFO - [2024-09-12T15:25:16.988+0000] {dag.py:3211} INFO - Sync 1 DAGs
[2024-09-12T15:25:17.411+0000] {logging_mixin.py:190} INFO - [2024-09-12T15:25:17.410+0000] {dag.py:4138} INFO - Setting next_dagrun for example_short_circuit_operator to 2024-09-11 00:00:00+00:00, run_after=2024-09-12 00:00:00+00:00
[2024-09-12T15:25:18.094+0000] {processor.py:208} INFO - Processing /home/airflow/.local/lib/python3.12/site-packages/airflow/example_dags/example_short_circuit_operator.py took 1.976 seconds
[2024-09-12T15:27:03.650+0000] {processor.py:186} INFO - Started process (PID=883) to work on /home/airflow/.local/lib/python3.12/site-packages/airflow/example_dags/example_short_circuit_operator.py
[2024-09-12T15:27:03.666+0000] {processor.py:914} INFO - Processing file /home/airflow/.local/lib/python3.12/site-packages/airflow/example_dags/example_short_circuit_operator.py for tasks to queue
[2024-09-12T15:27:03.713+0000] {logging_mixin.py:190} INFO - [2024-09-12T15:27:03.711+0000] {dagbag.py:587} INFO - Filling up the DagBag from /home/airflow/.local/lib/python3.12/site-packages/airflow/example_dags/example_short_circuit_operator.py
[2024-09-12T15:27:03.877+0000] {processor.py:925} INFO - DAG(s) 'example_short_circuit_operator' retrieved from /home/airflow/.local/lib/python3.12/site-packages/airflow/example_dags/example_short_circuit_operator.py
[2024-09-12T15:27:04.322+0000] {logging_mixin.py:190} INFO - [2024-09-12T15:27:04.309+0000] {dag.py:3211} INFO - Sync 1 DAGs
[2024-09-12T15:27:04.609+0000] {logging_mixin.py:190} INFO - [2024-09-12T15:27:04.609+0000] {dag.py:4138} INFO - Setting next_dagrun for example_short_circuit_operator to 2024-09-11 00:00:00+00:00, run_after=2024-09-12 00:00:00+00:00
[2024-09-12T15:27:04.711+0000] {processor.py:208} INFO - Processing /home/airflow/.local/lib/python3.12/site-packages/airflow/example_dags/example_short_circuit_operator.py took 1.101 seconds
[2024-09-12T15:28:02.502+0000] {processor.py:186} INFO - Started process (PID=955) to work on /home/airflow/.local/lib/python3.12/site-packages/airflow/example_dags/example_short_circuit_operator.py
[2024-09-12T15:28:02.504+0000] {processor.py:914} INFO - Processing file /home/airflow/.local/lib/python3.12/site-packages/airflow/example_dags/example_short_circuit_operator.py for tasks to queue
[2024-09-12T15:28:02.516+0000] {logging_mixin.py:190} INFO - [2024-09-12T15:28:02.514+0000] {dagbag.py:587} INFO - Filling up the DagBag from /home/airflow/.local/lib/python3.12/site-packages/airflow/example_dags/example_short_circuit_operator.py
[2024-09-12T15:28:02.603+0000] {processor.py:925} INFO - DAG(s) 'example_short_circuit_operator' retrieved from /home/airflow/.local/lib/python3.12/site-packages/airflow/example_dags/example_short_circuit_operator.py
[2024-09-12T15:28:02.888+0000] {logging_mixin.py:190} INFO - [2024-09-12T15:28:02.887+0000] {dag.py:3211} INFO - Sync 1 DAGs
[2024-09-12T15:28:03.202+0000] {logging_mixin.py:190} INFO - [2024-09-12T15:28:03.201+0000] {dag.py:4138} INFO - Setting next_dagrun for example_short_circuit_operator to 2024-09-11 00:00:00+00:00, run_after=2024-09-12 00:00:00+00:00
[2024-09-12T15:28:03.449+0000] {processor.py:208} INFO - Processing /home/airflow/.local/lib/python3.12/site-packages/airflow/example_dags/example_short_circuit_operator.py took 1.062 seconds
[2024-09-12T15:28:50.651+0000] {processor.py:186} INFO - Started process (PID=1028) to work on /home/airflow/.local/lib/python3.12/site-packages/airflow/example_dags/example_short_circuit_operator.py
[2024-09-12T15:28:50.662+0000] {processor.py:914} INFO - Processing file /home/airflow/.local/lib/python3.12/site-packages/airflow/example_dags/example_short_circuit_operator.py for tasks to queue
[2024-09-12T15:28:50.677+0000] {logging_mixin.py:190} INFO - [2024-09-12T15:28:50.676+0000] {dagbag.py:587} INFO - Filling up the DagBag from /home/airflow/.local/lib/python3.12/site-packages/airflow/example_dags/example_short_circuit_operator.py
[2024-09-12T15:28:50.754+0000] {processor.py:925} INFO - DAG(s) 'example_short_circuit_operator' retrieved from /home/airflow/.local/lib/python3.12/site-packages/airflow/example_dags/example_short_circuit_operator.py
[2024-09-12T15:28:50.881+0000] {logging_mixin.py:190} INFO - [2024-09-12T15:28:50.880+0000] {dag.py:3211} INFO - Sync 1 DAGs
[2024-09-12T15:28:51.056+0000] {logging_mixin.py:190} INFO - [2024-09-12T15:28:51.054+0000] {dag.py:4138} INFO - Setting next_dagrun for example_short_circuit_operator to 2024-09-11 00:00:00+00:00, run_after=2024-09-12 00:00:00+00:00
[2024-09-12T15:28:51.187+0000] {processor.py:208} INFO - Processing /home/airflow/.local/lib/python3.12/site-packages/airflow/example_dags/example_short_circuit_operator.py took 0.559 seconds
[2024-09-12T15:29:40.158+0000] {processor.py:186} INFO - Started process (PID=1099) to work on /home/airflow/.local/lib/python3.12/site-packages/airflow/example_dags/example_short_circuit_operator.py
[2024-09-12T15:29:40.327+0000] {processor.py:914} INFO - Processing file /home/airflow/.local/lib/python3.12/site-packages/airflow/example_dags/example_short_circuit_operator.py for tasks to queue
[2024-09-12T15:29:40.381+0000] {logging_mixin.py:190} INFO - [2024-09-12T15:29:40.380+0000] {dagbag.py:587} INFO - Filling up the DagBag from /home/airflow/.local/lib/python3.12/site-packages/airflow/example_dags/example_short_circuit_operator.py
[2024-09-12T15:29:40.663+0000] {processor.py:925} INFO - DAG(s) 'example_short_circuit_operator' retrieved from /home/airflow/.local/lib/python3.12/site-packages/airflow/example_dags/example_short_circuit_operator.py
[2024-09-12T15:29:41.138+0000] {logging_mixin.py:190} INFO - [2024-09-12T15:29:41.137+0000] {dag.py:3211} INFO - Sync 1 DAGs
[2024-09-12T15:29:42.041+0000] {logging_mixin.py:190} INFO - [2024-09-12T15:29:42.040+0000] {dag.py:4138} INFO - Setting next_dagrun for example_short_circuit_operator to 2024-09-11 00:00:00+00:00, run_after=2024-09-12 00:00:00+00:00
[2024-09-12T15:29:42.333+0000] {processor.py:208} INFO - Processing /home/airflow/.local/lib/python3.12/site-packages/airflow/example_dags/example_short_circuit_operator.py took 2.282 seconds
[2024-09-12T15:31:29.140+0000] {processor.py:186} INFO - Started process (PID=1165) to work on /home/airflow/.local/lib/python3.12/site-packages/airflow/example_dags/example_short_circuit_operator.py
[2024-09-12T15:31:29.148+0000] {processor.py:914} INFO - Processing file /home/airflow/.local/lib/python3.12/site-packages/airflow/example_dags/example_short_circuit_operator.py for tasks to queue
[2024-09-12T15:31:29.158+0000] {logging_mixin.py:190} INFO - [2024-09-12T15:31:29.158+0000] {dagbag.py:587} INFO - Filling up the DagBag from /home/airflow/.local/lib/python3.12/site-packages/airflow/example_dags/example_short_circuit_operator.py
[2024-09-12T15:31:29.224+0000] {processor.py:925} INFO - DAG(s) 'example_short_circuit_operator' retrieved from /home/airflow/.local/lib/python3.12/site-packages/airflow/example_dags/example_short_circuit_operator.py
[2024-09-12T15:31:29.476+0000] {logging_mixin.py:190} INFO - [2024-09-12T15:31:29.475+0000] {dag.py:3211} INFO - Sync 1 DAGs
[2024-09-12T15:31:29.626+0000] {logging_mixin.py:190} INFO - [2024-09-12T15:31:29.625+0000] {dag.py:4138} INFO - Setting next_dagrun for example_short_circuit_operator to 2024-09-11 00:00:00+00:00, run_after=2024-09-12 00:00:00+00:00
[2024-09-12T15:31:30.022+0000] {processor.py:208} INFO - Processing /home/airflow/.local/lib/python3.12/site-packages/airflow/example_dags/example_short_circuit_operator.py took 0.917 seconds
[2024-09-12T15:32:07.285+0000] {processor.py:186} INFO - Started process (PID=1231) to work on /home/airflow/.local/lib/python3.12/site-packages/airflow/example_dags/example_short_circuit_operator.py
[2024-09-12T15:32:07.289+0000] {processor.py:914} INFO - Processing file /home/airflow/.local/lib/python3.12/site-packages/airflow/example_dags/example_short_circuit_operator.py for tasks to queue
[2024-09-12T15:32:07.292+0000] {logging_mixin.py:190} INFO - [2024-09-12T15:32:07.291+0000] {dagbag.py:587} INFO - Filling up the DagBag from /home/airflow/.local/lib/python3.12/site-packages/airflow/example_dags/example_short_circuit_operator.py
[2024-09-12T15:32:07.345+0000] {processor.py:925} INFO - DAG(s) 'example_short_circuit_operator' retrieved from /home/airflow/.local/lib/python3.12/site-packages/airflow/example_dags/example_short_circuit_operator.py
[2024-09-12T15:32:07.548+0000] {logging_mixin.py:190} INFO - [2024-09-12T15:32:07.548+0000] {dag.py:3211} INFO - Sync 1 DAGs
[2024-09-12T15:32:07.724+0000] {logging_mixin.py:190} INFO - [2024-09-12T15:32:07.723+0000] {dag.py:4138} INFO - Setting next_dagrun for example_short_circuit_operator to 2024-09-11 00:00:00+00:00, run_after=2024-09-12 00:00:00+00:00
[2024-09-12T15:32:07.878+0000] {processor.py:208} INFO - Processing /home/airflow/.local/lib/python3.12/site-packages/airflow/example_dags/example_short_circuit_operator.py took 0.620 seconds
[2024-09-12T15:33:02.130+0000] {processor.py:186} INFO - Started process (PID=1296) to work on /home/airflow/.local/lib/python3.12/site-packages/airflow/example_dags/example_short_circuit_operator.py
[2024-09-12T15:33:02.147+0000] {processor.py:914} INFO - Processing file /home/airflow/.local/lib/python3.12/site-packages/airflow/example_dags/example_short_circuit_operator.py for tasks to queue
[2024-09-12T15:33:02.154+0000] {logging_mixin.py:190} INFO - [2024-09-12T15:33:02.153+0000] {dagbag.py:587} INFO - Filling up the DagBag from /home/airflow/.local/lib/python3.12/site-packages/airflow/example_dags/example_short_circuit_operator.py
[2024-09-12T15:33:02.291+0000] {processor.py:925} INFO - DAG(s) 'example_short_circuit_operator' retrieved from /home/airflow/.local/lib/python3.12/site-packages/airflow/example_dags/example_short_circuit_operator.py
[2024-09-12T15:33:02.493+0000] {logging_mixin.py:190} INFO - [2024-09-12T15:33:02.492+0000] {dag.py:3211} INFO - Sync 1 DAGs
[2024-09-12T15:33:02.633+0000] {logging_mixin.py:190} INFO - [2024-09-12T15:33:02.633+0000] {dag.py:4138} INFO - Setting next_dagrun for example_short_circuit_operator to 2024-09-11 00:00:00+00:00, run_after=2024-09-12 00:00:00+00:00
[2024-09-12T15:33:02.732+0000] {processor.py:208} INFO - Processing /home/airflow/.local/lib/python3.12/site-packages/airflow/example_dags/example_short_circuit_operator.py took 0.635 seconds
[2024-09-12T15:33:42.704+0000] {processor.py:186} INFO - Started process (PID=1360) to work on /home/airflow/.local/lib/python3.12/site-packages/airflow/example_dags/example_short_circuit_operator.py
[2024-09-12T15:33:42.707+0000] {processor.py:914} INFO - Processing file /home/airflow/.local/lib/python3.12/site-packages/airflow/example_dags/example_short_circuit_operator.py for tasks to queue
[2024-09-12T15:33:42.715+0000] {logging_mixin.py:190} INFO - [2024-09-12T15:33:42.714+0000] {dagbag.py:587} INFO - Filling up the DagBag from /home/airflow/.local/lib/python3.12/site-packages/airflow/example_dags/example_short_circuit_operator.py
[2024-09-12T15:33:42.784+0000] {processor.py:925} INFO - DAG(s) 'example_short_circuit_operator' retrieved from /home/airflow/.local/lib/python3.12/site-packages/airflow/example_dags/example_short_circuit_operator.py
[2024-09-12T15:33:43.095+0000] {logging_mixin.py:190} INFO - [2024-09-12T15:33:43.094+0000] {dag.py:3211} INFO - Sync 1 DAGs
[2024-09-12T15:33:43.302+0000] {logging_mixin.py:190} INFO - [2024-09-12T15:33:43.294+0000] {dag.py:4138} INFO - Setting next_dagrun for example_short_circuit_operator to 2024-09-11 00:00:00+00:00, run_after=2024-09-12 00:00:00+00:00
[2024-09-12T15:33:43.510+0000] {processor.py:208} INFO - Processing /home/airflow/.local/lib/python3.12/site-packages/airflow/example_dags/example_short_circuit_operator.py took 0.841 seconds
[2024-09-12T15:34:23.970+0000] {processor.py:186} INFO - Started process (PID=1426) to work on /home/airflow/.local/lib/python3.12/site-packages/airflow/example_dags/example_short_circuit_operator.py
[2024-09-12T15:34:23.983+0000] {processor.py:914} INFO - Processing file /home/airflow/.local/lib/python3.12/site-packages/airflow/example_dags/example_short_circuit_operator.py for tasks to queue
[2024-09-12T15:34:23.989+0000] {logging_mixin.py:190} INFO - [2024-09-12T15:34:23.988+0000] {dagbag.py:587} INFO - Filling up the DagBag from /home/airflow/.local/lib/python3.12/site-packages/airflow/example_dags/example_short_circuit_operator.py
[2024-09-12T15:34:24.087+0000] {processor.py:925} INFO - DAG(s) 'example_short_circuit_operator' retrieved from /home/airflow/.local/lib/python3.12/site-packages/airflow/example_dags/example_short_circuit_operator.py
[2024-09-12T15:34:24.222+0000] {logging_mixin.py:190} INFO - [2024-09-12T15:34:24.222+0000] {dag.py:3211} INFO - Sync 1 DAGs
[2024-09-12T15:34:24.459+0000] {logging_mixin.py:190} INFO - [2024-09-12T15:34:24.458+0000] {dag.py:4138} INFO - Setting next_dagrun for example_short_circuit_operator to 2024-09-11 00:00:00+00:00, run_after=2024-09-12 00:00:00+00:00
[2024-09-12T15:34:24.821+0000] {processor.py:208} INFO - Processing /home/airflow/.local/lib/python3.12/site-packages/airflow/example_dags/example_short_circuit_operator.py took 0.910 seconds
[2024-09-12T15:35:14.520+0000] {processor.py:186} INFO - Started process (PID=1499) to work on /home/airflow/.local/lib/python3.12/site-packages/airflow/example_dags/example_short_circuit_operator.py
[2024-09-12T15:35:14.537+0000] {processor.py:914} INFO - Processing file /home/airflow/.local/lib/python3.12/site-packages/airflow/example_dags/example_short_circuit_operator.py for tasks to queue
[2024-09-12T15:35:14.540+0000] {logging_mixin.py:190} INFO - [2024-09-12T15:35:14.539+0000] {dagbag.py:587} INFO - Filling up the DagBag from /home/airflow/.local/lib/python3.12/site-packages/airflow/example_dags/example_short_circuit_operator.py
[2024-09-12T15:35:14.773+0000] {processor.py:925} INFO - DAG(s) 'example_short_circuit_operator' retrieved from /home/airflow/.local/lib/python3.12/site-packages/airflow/example_dags/example_short_circuit_operator.py
[2024-09-12T15:35:15.311+0000] {logging_mixin.py:190} INFO - [2024-09-12T15:35:15.305+0000] {dag.py:3211} INFO - Sync 1 DAGs
[2024-09-12T15:35:15.648+0000] {logging_mixin.py:190} INFO - [2024-09-12T15:35:15.648+0000] {dag.py:4138} INFO - Setting next_dagrun for example_short_circuit_operator to 2024-09-11 00:00:00+00:00, run_after=2024-09-12 00:00:00+00:00
[2024-09-12T15:35:15.841+0000] {processor.py:208} INFO - Processing /home/airflow/.local/lib/python3.12/site-packages/airflow/example_dags/example_short_circuit_operator.py took 1.543 seconds
[2024-09-12T15:36:31.304+0000] {processor.py:186} INFO - Started process (PID=1568) to work on /home/airflow/.local/lib/python3.12/site-packages/airflow/example_dags/example_short_circuit_operator.py
[2024-09-12T15:36:31.341+0000] {processor.py:914} INFO - Processing file /home/airflow/.local/lib/python3.12/site-packages/airflow/example_dags/example_short_circuit_operator.py for tasks to queue
[2024-09-12T15:36:31.391+0000] {logging_mixin.py:190} INFO - [2024-09-12T15:36:31.390+0000] {dagbag.py:587} INFO - Filling up the DagBag from /home/airflow/.local/lib/python3.12/site-packages/airflow/example_dags/example_short_circuit_operator.py
[2024-09-12T15:36:31.568+0000] {processor.py:925} INFO - DAG(s) 'example_short_circuit_operator' retrieved from /home/airflow/.local/lib/python3.12/site-packages/airflow/example_dags/example_short_circuit_operator.py
[2024-09-12T15:36:31.893+0000] {logging_mixin.py:190} INFO - [2024-09-12T15:36:31.893+0000] {dag.py:3211} INFO - Sync 1 DAGs
[2024-09-12T15:36:32.450+0000] {logging_mixin.py:190} INFO - [2024-09-12T15:36:32.449+0000] {dag.py:4138} INFO - Setting next_dagrun for example_short_circuit_operator to 2024-09-11 00:00:00+00:00, run_after=2024-09-12 00:00:00+00:00
[2024-09-12T15:36:32.919+0000] {processor.py:208} INFO - Processing /home/airflow/.local/lib/python3.12/site-packages/airflow/example_dags/example_short_circuit_operator.py took 1.660 seconds
[2024-09-12T15:37:31.436+0000] {processor.py:186} INFO - Started process (PID=1648) to work on /home/airflow/.local/lib/python3.12/site-packages/airflow/example_dags/example_short_circuit_operator.py
[2024-09-12T15:37:31.451+0000] {processor.py:914} INFO - Processing file /home/airflow/.local/lib/python3.12/site-packages/airflow/example_dags/example_short_circuit_operator.py for tasks to queue
[2024-09-12T15:37:31.486+0000] {logging_mixin.py:190} INFO - [2024-09-12T15:37:31.485+0000] {dagbag.py:587} INFO - Filling up the DagBag from /home/airflow/.local/lib/python3.12/site-packages/airflow/example_dags/example_short_circuit_operator.py
[2024-09-12T15:37:31.709+0000] {processor.py:925} INFO - DAG(s) 'example_short_circuit_operator' retrieved from /home/airflow/.local/lib/python3.12/site-packages/airflow/example_dags/example_short_circuit_operator.py
[2024-09-12T15:37:32.237+0000] {logging_mixin.py:190} INFO - [2024-09-12T15:37:32.237+0000] {dag.py:3211} INFO - Sync 1 DAGs
[2024-09-12T15:37:32.711+0000] {logging_mixin.py:190} INFO - [2024-09-12T15:37:32.711+0000] {dag.py:4138} INFO - Setting next_dagrun for example_short_circuit_operator to 2024-09-11 00:00:00+00:00, run_after=2024-09-12 00:00:00+00:00
[2024-09-12T15:37:32.975+0000] {processor.py:208} INFO - Processing /home/airflow/.local/lib/python3.12/site-packages/airflow/example_dags/example_short_circuit_operator.py took 1.714 seconds
[2024-09-12T15:39:25.018+0000] {processor.py:186} INFO - Started process (PID=1753) to work on /home/airflow/.local/lib/python3.12/site-packages/airflow/example_dags/example_short_circuit_operator.py
[2024-09-12T15:39:25.034+0000] {processor.py:914} INFO - Processing file /home/airflow/.local/lib/python3.12/site-packages/airflow/example_dags/example_short_circuit_operator.py for tasks to queue
[2024-09-12T15:39:25.053+0000] {logging_mixin.py:190} INFO - [2024-09-12T15:39:25.052+0000] {dagbag.py:587} INFO - Filling up the DagBag from /home/airflow/.local/lib/python3.12/site-packages/airflow/example_dags/example_short_circuit_operator.py
[2024-09-12T15:39:25.208+0000] {processor.py:925} INFO - DAG(s) 'example_short_circuit_operator' retrieved from /home/airflow/.local/lib/python3.12/site-packages/airflow/example_dags/example_short_circuit_operator.py
[2024-09-12T15:39:25.547+0000] {logging_mixin.py:190} INFO - [2024-09-12T15:39:25.546+0000] {dag.py:3211} INFO - Sync 1 DAGs
[2024-09-12T15:39:25.841+0000] {logging_mixin.py:190} INFO - [2024-09-12T15:39:25.840+0000] {dag.py:4138} INFO - Setting next_dagrun for example_short_circuit_operator to 2024-09-11 00:00:00+00:00, run_after=2024-09-12 00:00:00+00:00
[2024-09-12T15:39:25.998+0000] {processor.py:208} INFO - Processing /home/airflow/.local/lib/python3.12/site-packages/airflow/example_dags/example_short_circuit_operator.py took 1.145 seconds
[2024-09-12T15:41:59.714+0000] {processor.py:186} INFO - Started process (PID=1856) to work on /home/airflow/.local/lib/python3.12/site-packages/airflow/example_dags/example_short_circuit_operator.py
[2024-09-12T15:41:59.732+0000] {processor.py:914} INFO - Processing file /home/airflow/.local/lib/python3.12/site-packages/airflow/example_dags/example_short_circuit_operator.py for tasks to queue
[2024-09-12T15:41:59.826+0000] {logging_mixin.py:190} INFO - [2024-09-12T15:41:59.825+0000] {dagbag.py:587} INFO - Filling up the DagBag from /home/airflow/.local/lib/python3.12/site-packages/airflow/example_dags/example_short_circuit_operator.py
[2024-09-12T15:42:00.235+0000] {processor.py:925} INFO - DAG(s) 'example_short_circuit_operator' retrieved from /home/airflow/.local/lib/python3.12/site-packages/airflow/example_dags/example_short_circuit_operator.py
[2024-09-12T15:42:00.694+0000] {logging_mixin.py:190} INFO - [2024-09-12T15:42:00.693+0000] {dag.py:3211} INFO - Sync 1 DAGs
[2024-09-12T15:42:01.220+0000] {logging_mixin.py:190} INFO - [2024-09-12T15:42:01.219+0000] {dag.py:4138} INFO - Setting next_dagrun for example_short_circuit_operator to 2024-09-11 00:00:00+00:00, run_after=2024-09-12 00:00:00+00:00
[2024-09-12T15:42:01.571+0000] {processor.py:208} INFO - Processing /home/airflow/.local/lib/python3.12/site-packages/airflow/example_dags/example_short_circuit_operator.py took 1.950 seconds
[2024-09-12T15:44:46.889+0000] {processor.py:186} INFO - Started process (PID=1911) to work on /home/airflow/.local/lib/python3.12/site-packages/airflow/example_dags/example_short_circuit_operator.py
[2024-09-12T15:44:46.905+0000] {processor.py:914} INFO - Processing file /home/airflow/.local/lib/python3.12/site-packages/airflow/example_dags/example_short_circuit_operator.py for tasks to queue
[2024-09-12T15:44:46.923+0000] {logging_mixin.py:190} INFO - [2024-09-12T15:44:46.922+0000] {dagbag.py:587} INFO - Filling up the DagBag from /home/airflow/.local/lib/python3.12/site-packages/airflow/example_dags/example_short_circuit_operator.py
[2024-09-12T15:44:47.157+0000] {processor.py:925} INFO - DAG(s) 'example_short_circuit_operator' retrieved from /home/airflow/.local/lib/python3.12/site-packages/airflow/example_dags/example_short_circuit_operator.py
[2024-09-12T15:44:47.706+0000] {logging_mixin.py:190} INFO - [2024-09-12T15:44:47.706+0000] {dag.py:3211} INFO - Sync 1 DAGs
[2024-09-12T15:44:48.045+0000] {logging_mixin.py:190} INFO - [2024-09-12T15:44:48.045+0000] {dag.py:4138} INFO - Setting next_dagrun for example_short_circuit_operator to 2024-09-11 00:00:00+00:00, run_after=2024-09-12 00:00:00+00:00
[2024-09-12T15:44:48.257+0000] {processor.py:208} INFO - Processing /home/airflow/.local/lib/python3.12/site-packages/airflow/example_dags/example_short_circuit_operator.py took 1.513 seconds
[2024-09-12T15:45:42.361+0000] {processor.py:186} INFO - Started process (PID=1986) to work on /home/airflow/.local/lib/python3.12/site-packages/airflow/example_dags/example_short_circuit_operator.py
[2024-09-12T15:45:42.408+0000] {processor.py:914} INFO - Processing file /home/airflow/.local/lib/python3.12/site-packages/airflow/example_dags/example_short_circuit_operator.py for tasks to queue
[2024-09-12T15:45:42.424+0000] {logging_mixin.py:190} INFO - [2024-09-12T15:45:42.422+0000] {dagbag.py:587} INFO - Filling up the DagBag from /home/airflow/.local/lib/python3.12/site-packages/airflow/example_dags/example_short_circuit_operator.py
[2024-09-12T15:45:42.508+0000] {processor.py:925} INFO - DAG(s) 'example_short_circuit_operator' retrieved from /home/airflow/.local/lib/python3.12/site-packages/airflow/example_dags/example_short_circuit_operator.py
[2024-09-12T15:45:42.703+0000] {logging_mixin.py:190} INFO - [2024-09-12T15:45:42.702+0000] {dag.py:3211} INFO - Sync 1 DAGs
[2024-09-12T15:45:42.931+0000] {logging_mixin.py:190} INFO - [2024-09-12T15:45:42.930+0000] {dag.py:4138} INFO - Setting next_dagrun for example_short_circuit_operator to 2024-09-11 00:00:00+00:00, run_after=2024-09-12 00:00:00+00:00
[2024-09-12T15:45:43.077+0000] {processor.py:208} INFO - Processing /home/airflow/.local/lib/python3.12/site-packages/airflow/example_dags/example_short_circuit_operator.py took 0.807 seconds
[2024-09-12T15:46:40.512+0000] {processor.py:186} INFO - Started process (PID=2056) to work on /home/airflow/.local/lib/python3.12/site-packages/airflow/example_dags/example_short_circuit_operator.py
[2024-09-12T15:46:40.514+0000] {processor.py:914} INFO - Processing file /home/airflow/.local/lib/python3.12/site-packages/airflow/example_dags/example_short_circuit_operator.py for tasks to queue
[2024-09-12T15:46:40.519+0000] {logging_mixin.py:190} INFO - [2024-09-12T15:46:40.517+0000] {dagbag.py:587} INFO - Filling up the DagBag from /home/airflow/.local/lib/python3.12/site-packages/airflow/example_dags/example_short_circuit_operator.py
[2024-09-12T15:46:40.646+0000] {processor.py:925} INFO - DAG(s) 'example_short_circuit_operator' retrieved from /home/airflow/.local/lib/python3.12/site-packages/airflow/example_dags/example_short_circuit_operator.py
[2024-09-12T15:46:40.866+0000] {logging_mixin.py:190} INFO - [2024-09-12T15:46:40.865+0000] {dag.py:3211} INFO - Sync 1 DAGs
[2024-09-12T15:46:41.064+0000] {logging_mixin.py:190} INFO - [2024-09-12T15:46:41.063+0000] {dag.py:4138} INFO - Setting next_dagrun for example_short_circuit_operator to 2024-09-11 00:00:00+00:00, run_after=2024-09-12 00:00:00+00:00
[2024-09-12T15:46:41.378+0000] {processor.py:208} INFO - Processing /home/airflow/.local/lib/python3.12/site-packages/airflow/example_dags/example_short_circuit_operator.py took 0.883 seconds
[2024-09-12T15:47:47.058+0000] {processor.py:186} INFO - Started process (PID=2140) to work on /home/airflow/.local/lib/python3.12/site-packages/airflow/example_dags/example_short_circuit_operator.py
[2024-09-12T15:47:47.097+0000] {processor.py:914} INFO - Processing file /home/airflow/.local/lib/python3.12/site-packages/airflow/example_dags/example_short_circuit_operator.py for tasks to queue
[2024-09-12T15:47:47.132+0000] {logging_mixin.py:190} INFO - [2024-09-12T15:47:47.103+0000] {dagbag.py:587} INFO - Filling up the DagBag from /home/airflow/.local/lib/python3.12/site-packages/airflow/example_dags/example_short_circuit_operator.py
[2024-09-12T15:47:47.274+0000] {processor.py:925} INFO - DAG(s) 'example_short_circuit_operator' retrieved from /home/airflow/.local/lib/python3.12/site-packages/airflow/example_dags/example_short_circuit_operator.py
[2024-09-12T15:47:47.483+0000] {logging_mixin.py:190} INFO - [2024-09-12T15:47:47.483+0000] {dag.py:3211} INFO - Sync 1 DAGs
[2024-09-12T15:47:47.734+0000] {logging_mixin.py:190} INFO - [2024-09-12T15:47:47.733+0000] {dag.py:4138} INFO - Setting next_dagrun for example_short_circuit_operator to 2024-09-11 00:00:00+00:00, run_after=2024-09-12 00:00:00+00:00
[2024-09-12T15:47:47.894+0000] {processor.py:208} INFO - Processing /home/airflow/.local/lib/python3.12/site-packages/airflow/example_dags/example_short_circuit_operator.py took 0.903 seconds
[2024-09-12T15:48:32.891+0000] {processor.py:186} INFO - Started process (PID=2208) to work on /home/airflow/.local/lib/python3.12/site-packages/airflow/example_dags/example_short_circuit_operator.py
[2024-09-12T15:48:32.914+0000] {processor.py:914} INFO - Processing file /home/airflow/.local/lib/python3.12/site-packages/airflow/example_dags/example_short_circuit_operator.py for tasks to queue
[2024-09-12T15:48:32.919+0000] {logging_mixin.py:190} INFO - [2024-09-12T15:48:32.918+0000] {dagbag.py:587} INFO - Filling up the DagBag from /home/airflow/.local/lib/python3.12/site-packages/airflow/example_dags/example_short_circuit_operator.py
[2024-09-12T15:48:33.026+0000] {processor.py:925} INFO - DAG(s) 'example_short_circuit_operator' retrieved from /home/airflow/.local/lib/python3.12/site-packages/airflow/example_dags/example_short_circuit_operator.py
[2024-09-12T15:48:33.213+0000] {logging_mixin.py:190} INFO - [2024-09-12T15:48:33.213+0000] {dag.py:3211} INFO - Sync 1 DAGs
[2024-09-12T15:48:33.369+0000] {logging_mixin.py:190} INFO - [2024-09-12T15:48:33.368+0000] {dag.py:4138} INFO - Setting next_dagrun for example_short_circuit_operator to 2024-09-11 00:00:00+00:00, run_after=2024-09-12 00:00:00+00:00
[2024-09-12T15:48:33.514+0000] {processor.py:208} INFO - Processing /home/airflow/.local/lib/python3.12/site-packages/airflow/example_dags/example_short_circuit_operator.py took 0.717 seconds
[2024-09-12T15:49:48.663+0000] {processor.py:186} INFO - Started process (PID=2286) to work on /home/airflow/.local/lib/python3.12/site-packages/airflow/example_dags/example_short_circuit_operator.py
[2024-09-12T15:49:48.669+0000] {processor.py:914} INFO - Processing file /home/airflow/.local/lib/python3.12/site-packages/airflow/example_dags/example_short_circuit_operator.py for tasks to queue
[2024-09-12T15:49:48.672+0000] {logging_mixin.py:190} INFO - [2024-09-12T15:49:48.671+0000] {dagbag.py:587} INFO - Filling up the DagBag from /home/airflow/.local/lib/python3.12/site-packages/airflow/example_dags/example_short_circuit_operator.py
[2024-09-12T15:49:48.723+0000] {processor.py:925} INFO - DAG(s) 'example_short_circuit_operator' retrieved from /home/airflow/.local/lib/python3.12/site-packages/airflow/example_dags/example_short_circuit_operator.py
[2024-09-12T15:49:48.946+0000] {logging_mixin.py:190} INFO - [2024-09-12T15:49:48.945+0000] {dag.py:3211} INFO - Sync 1 DAGs
[2024-09-12T15:49:49.166+0000] {logging_mixin.py:190} INFO - [2024-09-12T15:49:49.166+0000] {dag.py:4138} INFO - Setting next_dagrun for example_short_circuit_operator to 2024-09-11 00:00:00+00:00, run_after=2024-09-12 00:00:00+00:00
[2024-09-12T15:49:49.310+0000] {processor.py:208} INFO - Processing /home/airflow/.local/lib/python3.12/site-packages/airflow/example_dags/example_short_circuit_operator.py took 0.675 seconds
[2024-09-12T15:50:34.271+0000] {processor.py:186} INFO - Started process (PID=2357) to work on /home/airflow/.local/lib/python3.12/site-packages/airflow/example_dags/example_short_circuit_operator.py
[2024-09-12T15:50:34.282+0000] {processor.py:914} INFO - Processing file /home/airflow/.local/lib/python3.12/site-packages/airflow/example_dags/example_short_circuit_operator.py for tasks to queue
[2024-09-12T15:50:34.291+0000] {logging_mixin.py:190} INFO - [2024-09-12T15:50:34.290+0000] {dagbag.py:587} INFO - Filling up the DagBag from /home/airflow/.local/lib/python3.12/site-packages/airflow/example_dags/example_short_circuit_operator.py
[2024-09-12T15:50:34.388+0000] {processor.py:925} INFO - DAG(s) 'example_short_circuit_operator' retrieved from /home/airflow/.local/lib/python3.12/site-packages/airflow/example_dags/example_short_circuit_operator.py
[2024-09-12T15:50:34.539+0000] {logging_mixin.py:190} INFO - [2024-09-12T15:50:34.539+0000] {dag.py:3211} INFO - Sync 1 DAGs
[2024-09-12T15:50:34.777+0000] {logging_mixin.py:190} INFO - [2024-09-12T15:50:34.776+0000] {dag.py:4138} INFO - Setting next_dagrun for example_short_circuit_operator to 2024-09-11 00:00:00+00:00, run_after=2024-09-12 00:00:00+00:00
[2024-09-12T15:50:34.951+0000] {processor.py:208} INFO - Processing /home/airflow/.local/lib/python3.12/site-packages/airflow/example_dags/example_short_circuit_operator.py took 0.729 seconds
[2024-09-12T15:51:55.657+0000] {processor.py:186} INFO - Started process (PID=2440) to work on /home/airflow/.local/lib/python3.12/site-packages/airflow/example_dags/example_short_circuit_operator.py
[2024-09-12T15:51:55.672+0000] {processor.py:914} INFO - Processing file /home/airflow/.local/lib/python3.12/site-packages/airflow/example_dags/example_short_circuit_operator.py for tasks to queue
[2024-09-12T15:51:55.685+0000] {logging_mixin.py:190} INFO - [2024-09-12T15:51:55.684+0000] {dagbag.py:587} INFO - Filling up the DagBag from /home/airflow/.local/lib/python3.12/site-packages/airflow/example_dags/example_short_circuit_operator.py
[2024-09-12T15:51:55.731+0000] {processor.py:925} INFO - DAG(s) 'example_short_circuit_operator' retrieved from /home/airflow/.local/lib/python3.12/site-packages/airflow/example_dags/example_short_circuit_operator.py
[2024-09-12T15:51:55.814+0000] {logging_mixin.py:190} INFO - [2024-09-12T15:51:55.813+0000] {dag.py:3211} INFO - Sync 1 DAGs
[2024-09-12T15:51:55.895+0000] {logging_mixin.py:190} INFO - [2024-09-12T15:51:55.895+0000] {dag.py:4138} INFO - Setting next_dagrun for example_short_circuit_operator to 2024-09-11 00:00:00+00:00, run_after=2024-09-12 00:00:00+00:00
[2024-09-12T15:51:55.962+0000] {processor.py:208} INFO - Processing /home/airflow/.local/lib/python3.12/site-packages/airflow/example_dags/example_short_circuit_operator.py took 0.344 seconds
[2024-09-12T15:52:27.126+0000] {processor.py:186} INFO - Started process (PID=2504) to work on /home/airflow/.local/lib/python3.12/site-packages/airflow/example_dags/example_short_circuit_operator.py
[2024-09-12T15:52:27.165+0000] {processor.py:914} INFO - Processing file /home/airflow/.local/lib/python3.12/site-packages/airflow/example_dags/example_short_circuit_operator.py for tasks to queue
[2024-09-12T15:52:27.180+0000] {logging_mixin.py:190} INFO - [2024-09-12T15:52:27.177+0000] {dagbag.py:587} INFO - Filling up the DagBag from /home/airflow/.local/lib/python3.12/site-packages/airflow/example_dags/example_short_circuit_operator.py
[2024-09-12T15:52:27.270+0000] {processor.py:925} INFO - DAG(s) 'example_short_circuit_operator' retrieved from /home/airflow/.local/lib/python3.12/site-packages/airflow/example_dags/example_short_circuit_operator.py
[2024-09-12T15:52:27.463+0000] {logging_mixin.py:190} INFO - [2024-09-12T15:52:27.449+0000] {dag.py:3211} INFO - Sync 1 DAGs
[2024-09-12T15:52:27.660+0000] {logging_mixin.py:190} INFO - [2024-09-12T15:52:27.660+0000] {dag.py:4138} INFO - Setting next_dagrun for example_short_circuit_operator to 2024-09-11 00:00:00+00:00, run_after=2024-09-12 00:00:00+00:00
[2024-09-12T15:52:27.805+0000] {processor.py:208} INFO - Processing /home/airflow/.local/lib/python3.12/site-packages/airflow/example_dags/example_short_circuit_operator.py took 0.692 seconds
[2024-09-12T15:53:20.161+0000] {processor.py:186} INFO - Started process (PID=2583) to work on /home/airflow/.local/lib/python3.12/site-packages/airflow/example_dags/example_short_circuit_operator.py
[2024-09-12T15:53:20.177+0000] {processor.py:914} INFO - Processing file /home/airflow/.local/lib/python3.12/site-packages/airflow/example_dags/example_short_circuit_operator.py for tasks to queue
[2024-09-12T15:53:20.185+0000] {logging_mixin.py:190} INFO - [2024-09-12T15:53:20.183+0000] {dagbag.py:587} INFO - Filling up the DagBag from /home/airflow/.local/lib/python3.12/site-packages/airflow/example_dags/example_short_circuit_operator.py
[2024-09-12T15:53:20.371+0000] {processor.py:925} INFO - DAG(s) 'example_short_circuit_operator' retrieved from /home/airflow/.local/lib/python3.12/site-packages/airflow/example_dags/example_short_circuit_operator.py
[2024-09-12T15:53:20.623+0000] {logging_mixin.py:190} INFO - [2024-09-12T15:53:20.622+0000] {dag.py:3211} INFO - Sync 1 DAGs
[2024-09-12T15:53:20.801+0000] {logging_mixin.py:190} INFO - [2024-09-12T15:53:20.800+0000] {dag.py:4138} INFO - Setting next_dagrun for example_short_circuit_operator to 2024-09-11 00:00:00+00:00, run_after=2024-09-12 00:00:00+00:00
[2024-09-12T15:53:20.944+0000] {processor.py:208} INFO - Processing /home/airflow/.local/lib/python3.12/site-packages/airflow/example_dags/example_short_circuit_operator.py took 0.848 seconds
[2024-09-12T15:54:00.480+0000] {processor.py:186} INFO - Started process (PID=2655) to work on /home/airflow/.local/lib/python3.12/site-packages/airflow/example_dags/example_short_circuit_operator.py
[2024-09-12T15:54:00.491+0000] {processor.py:914} INFO - Processing file /home/airflow/.local/lib/python3.12/site-packages/airflow/example_dags/example_short_circuit_operator.py for tasks to queue
[2024-09-12T15:54:00.497+0000] {logging_mixin.py:190} INFO - [2024-09-12T15:54:00.496+0000] {dagbag.py:587} INFO - Filling up the DagBag from /home/airflow/.local/lib/python3.12/site-packages/airflow/example_dags/example_short_circuit_operator.py
[2024-09-12T15:54:00.577+0000] {processor.py:925} INFO - DAG(s) 'example_short_circuit_operator' retrieved from /home/airflow/.local/lib/python3.12/site-packages/airflow/example_dags/example_short_circuit_operator.py
[2024-09-12T15:54:00.731+0000] {logging_mixin.py:190} INFO - [2024-09-12T15:54:00.730+0000] {dag.py:3211} INFO - Sync 1 DAGs
[2024-09-12T15:54:00.944+0000] {logging_mixin.py:190} INFO - [2024-09-12T15:54:00.943+0000] {dag.py:4138} INFO - Setting next_dagrun for example_short_circuit_operator to 2024-09-11 00:00:00+00:00, run_after=2024-09-12 00:00:00+00:00
[2024-09-12T15:54:01.127+0000] {processor.py:208} INFO - Processing /home/airflow/.local/lib/python3.12/site-packages/airflow/example_dags/example_short_circuit_operator.py took 0.668 seconds
[2024-09-12T15:55:22.118+0000] {processor.py:186} INFO - Started process (PID=2716) to work on /home/airflow/.local/lib/python3.12/site-packages/airflow/example_dags/example_short_circuit_operator.py
[2024-09-12T15:55:22.143+0000] {processor.py:914} INFO - Processing file /home/airflow/.local/lib/python3.12/site-packages/airflow/example_dags/example_short_circuit_operator.py for tasks to queue
[2024-09-12T15:55:22.162+0000] {logging_mixin.py:190} INFO - [2024-09-12T15:55:22.161+0000] {dagbag.py:587} INFO - Filling up the DagBag from /home/airflow/.local/lib/python3.12/site-packages/airflow/example_dags/example_short_circuit_operator.py
[2024-09-12T15:55:22.235+0000] {processor.py:925} INFO - DAG(s) 'example_short_circuit_operator' retrieved from /home/airflow/.local/lib/python3.12/site-packages/airflow/example_dags/example_short_circuit_operator.py
[2024-09-12T15:55:22.411+0000] {logging_mixin.py:190} INFO - [2024-09-12T15:55:22.410+0000] {dag.py:3211} INFO - Sync 1 DAGs
[2024-09-12T15:55:22.588+0000] {logging_mixin.py:190} INFO - [2024-09-12T15:55:22.587+0000] {dag.py:4138} INFO - Setting next_dagrun for example_short_circuit_operator to 2024-09-11 00:00:00+00:00, run_after=2024-09-12 00:00:00+00:00
[2024-09-12T15:55:22.771+0000] {processor.py:208} INFO - Processing /home/airflow/.local/lib/python3.12/site-packages/airflow/example_dags/example_short_circuit_operator.py took 0.733 seconds
[2024-09-12T15:56:02.015+0000] {processor.py:186} INFO - Started process (PID=2782) to work on /home/airflow/.local/lib/python3.12/site-packages/airflow/example_dags/example_short_circuit_operator.py
[2024-09-12T15:56:02.032+0000] {processor.py:914} INFO - Processing file /home/airflow/.local/lib/python3.12/site-packages/airflow/example_dags/example_short_circuit_operator.py for tasks to queue
[2024-09-12T15:56:02.040+0000] {logging_mixin.py:190} INFO - [2024-09-12T15:56:02.039+0000] {dagbag.py:587} INFO - Filling up the DagBag from /home/airflow/.local/lib/python3.12/site-packages/airflow/example_dags/example_short_circuit_operator.py
[2024-09-12T15:56:02.086+0000] {processor.py:925} INFO - DAG(s) 'example_short_circuit_operator' retrieved from /home/airflow/.local/lib/python3.12/site-packages/airflow/example_dags/example_short_circuit_operator.py
[2024-09-12T15:56:02.181+0000] {logging_mixin.py:190} INFO - [2024-09-12T15:56:02.180+0000] {dag.py:3211} INFO - Sync 1 DAGs
[2024-09-12T15:56:02.307+0000] {logging_mixin.py:190} INFO - [2024-09-12T15:56:02.306+0000] {dag.py:4138} INFO - Setting next_dagrun for example_short_circuit_operator to 2024-09-11 00:00:00+00:00, run_after=2024-09-12 00:00:00+00:00
[2024-09-12T15:56:02.408+0000] {processor.py:208} INFO - Processing /home/airflow/.local/lib/python3.12/site-packages/airflow/example_dags/example_short_circuit_operator.py took 0.418 seconds
[2024-09-12T15:57:07.317+0000] {processor.py:186} INFO - Started process (PID=2865) to work on /home/airflow/.local/lib/python3.12/site-packages/airflow/example_dags/example_short_circuit_operator.py
[2024-09-12T15:57:07.328+0000] {processor.py:914} INFO - Processing file /home/airflow/.local/lib/python3.12/site-packages/airflow/example_dags/example_short_circuit_operator.py for tasks to queue
[2024-09-12T15:57:07.332+0000] {logging_mixin.py:190} INFO - [2024-09-12T15:57:07.331+0000] {dagbag.py:587} INFO - Filling up the DagBag from /home/airflow/.local/lib/python3.12/site-packages/airflow/example_dags/example_short_circuit_operator.py
[2024-09-12T15:57:07.402+0000] {processor.py:925} INFO - DAG(s) 'example_short_circuit_operator' retrieved from /home/airflow/.local/lib/python3.12/site-packages/airflow/example_dags/example_short_circuit_operator.py
[2024-09-12T15:57:07.695+0000] {logging_mixin.py:190} INFO - [2024-09-12T15:57:07.688+0000] {dag.py:3211} INFO - Sync 1 DAGs
[2024-09-12T15:57:07.840+0000] {logging_mixin.py:190} INFO - [2024-09-12T15:57:07.839+0000] {dag.py:4138} INFO - Setting next_dagrun for example_short_circuit_operator to 2024-09-11 00:00:00+00:00, run_after=2024-09-12 00:00:00+00:00
[2024-09-12T15:57:07.898+0000] {processor.py:208} INFO - Processing /home/airflow/.local/lib/python3.12/site-packages/airflow/example_dags/example_short_circuit_operator.py took 0.596 seconds
[2024-09-12T15:58:04.356+0000] {processor.py:186} INFO - Started process (PID=2951) to work on /home/airflow/.local/lib/python3.12/site-packages/airflow/example_dags/example_short_circuit_operator.py
[2024-09-12T15:58:04.366+0000] {processor.py:914} INFO - Processing file /home/airflow/.local/lib/python3.12/site-packages/airflow/example_dags/example_short_circuit_operator.py for tasks to queue
[2024-09-12T15:58:04.376+0000] {logging_mixin.py:190} INFO - [2024-09-12T15:58:04.375+0000] {dagbag.py:587} INFO - Filling up the DagBag from /home/airflow/.local/lib/python3.12/site-packages/airflow/example_dags/example_short_circuit_operator.py
[2024-09-12T15:58:04.453+0000] {processor.py:925} INFO - DAG(s) 'example_short_circuit_operator' retrieved from /home/airflow/.local/lib/python3.12/site-packages/airflow/example_dags/example_short_circuit_operator.py
[2024-09-12T15:58:04.642+0000] {logging_mixin.py:190} INFO - [2024-09-12T15:58:04.642+0000] {dag.py:3211} INFO - Sync 1 DAGs
[2024-09-12T15:58:04.934+0000] {logging_mixin.py:190} INFO - [2024-09-12T15:58:04.934+0000] {dag.py:4138} INFO - Setting next_dagrun for example_short_circuit_operator to 2024-09-11 00:00:00+00:00, run_after=2024-09-12 00:00:00+00:00
[2024-09-12T15:58:04.970+0000] {processor.py:208} INFO - Processing /home/airflow/.local/lib/python3.12/site-packages/airflow/example_dags/example_short_circuit_operator.py took 0.800 seconds
[2024-09-12T15:59:24.774+0000] {processor.py:186} INFO - Started process (PID=3022) to work on /home/airflow/.local/lib/python3.12/site-packages/airflow/example_dags/example_short_circuit_operator.py
[2024-09-12T15:59:24.790+0000] {processor.py:914} INFO - Processing file /home/airflow/.local/lib/python3.12/site-packages/airflow/example_dags/example_short_circuit_operator.py for tasks to queue
[2024-09-12T15:59:24.811+0000] {logging_mixin.py:190} INFO - [2024-09-12T15:59:24.810+0000] {dagbag.py:587} INFO - Filling up the DagBag from /home/airflow/.local/lib/python3.12/site-packages/airflow/example_dags/example_short_circuit_operator.py
[2024-09-12T15:59:24.891+0000] {processor.py:925} INFO - DAG(s) 'example_short_circuit_operator' retrieved from /home/airflow/.local/lib/python3.12/site-packages/airflow/example_dags/example_short_circuit_operator.py
[2024-09-12T15:59:25.128+0000] {logging_mixin.py:190} INFO - [2024-09-12T15:59:25.126+0000] {dag.py:3211} INFO - Sync 1 DAGs
[2024-09-12T15:59:25.423+0000] {logging_mixin.py:190} INFO - [2024-09-12T15:59:25.422+0000] {dag.py:4138} INFO - Setting next_dagrun for example_short_circuit_operator to 2024-09-11 00:00:00+00:00, run_after=2024-09-12 00:00:00+00:00
[2024-09-12T15:59:25.587+0000] {processor.py:208} INFO - Processing /home/airflow/.local/lib/python3.12/site-packages/airflow/example_dags/example_short_circuit_operator.py took 0.848 seconds
[2024-09-12T16:00:31.257+0000] {processor.py:186} INFO - Started process (PID=3098) to work on /home/airflow/.local/lib/python3.12/site-packages/airflow/example_dags/example_short_circuit_operator.py
[2024-09-12T16:00:31.297+0000] {processor.py:914} INFO - Processing file /home/airflow/.local/lib/python3.12/site-packages/airflow/example_dags/example_short_circuit_operator.py for tasks to queue
[2024-09-12T16:00:31.312+0000] {logging_mixin.py:190} INFO - [2024-09-12T16:00:31.311+0000] {dagbag.py:587} INFO - Filling up the DagBag from /home/airflow/.local/lib/python3.12/site-packages/airflow/example_dags/example_short_circuit_operator.py
[2024-09-12T16:00:31.456+0000] {processor.py:925} INFO - DAG(s) 'example_short_circuit_operator' retrieved from /home/airflow/.local/lib/python3.12/site-packages/airflow/example_dags/example_short_circuit_operator.py
[2024-09-12T16:00:31.676+0000] {logging_mixin.py:190} INFO - [2024-09-12T16:00:31.676+0000] {dag.py:3211} INFO - Sync 1 DAGs
[2024-09-12T16:00:31.849+0000] {logging_mixin.py:190} INFO - [2024-09-12T16:00:31.848+0000] {dag.py:4138} INFO - Setting next_dagrun for example_short_circuit_operator to 2024-09-11 00:00:00+00:00, run_after=2024-09-12 00:00:00+00:00
[2024-09-12T16:00:31.949+0000] {processor.py:208} INFO - Processing /home/airflow/.local/lib/python3.12/site-packages/airflow/example_dags/example_short_circuit_operator.py took 0.745 seconds
[2024-09-12T16:01:02.343+0000] {processor.py:186} INFO - Started process (PID=3160) to work on /home/airflow/.local/lib/python3.12/site-packages/airflow/example_dags/example_short_circuit_operator.py
[2024-09-12T16:01:02.378+0000] {processor.py:914} INFO - Processing file /home/airflow/.local/lib/python3.12/site-packages/airflow/example_dags/example_short_circuit_operator.py for tasks to queue
[2024-09-12T16:01:02.383+0000] {logging_mixin.py:190} INFO - [2024-09-12T16:01:02.382+0000] {dagbag.py:587} INFO - Filling up the DagBag from /home/airflow/.local/lib/python3.12/site-packages/airflow/example_dags/example_short_circuit_operator.py
[2024-09-12T16:01:02.509+0000] {processor.py:925} INFO - DAG(s) 'example_short_circuit_operator' retrieved from /home/airflow/.local/lib/python3.12/site-packages/airflow/example_dags/example_short_circuit_operator.py
[2024-09-12T16:01:02.693+0000] {logging_mixin.py:190} INFO - [2024-09-12T16:01:02.692+0000] {dag.py:3211} INFO - Sync 1 DAGs
[2024-09-12T16:01:03.029+0000] {logging_mixin.py:190} INFO - [2024-09-12T16:01:03.028+0000] {dag.py:4138} INFO - Setting next_dagrun for example_short_circuit_operator to 2024-09-11 00:00:00+00:00, run_after=2024-09-12 00:00:00+00:00
[2024-09-12T16:01:03.210+0000] {processor.py:208} INFO - Processing /home/airflow/.local/lib/python3.12/site-packages/airflow/example_dags/example_short_circuit_operator.py took 0.883 seconds
[2024-09-12T16:02:08.652+0000] {processor.py:186} INFO - Started process (PID=3227) to work on /home/airflow/.local/lib/python3.12/site-packages/airflow/example_dags/example_short_circuit_operator.py
[2024-09-12T16:02:08.655+0000] {processor.py:914} INFO - Processing file /home/airflow/.local/lib/python3.12/site-packages/airflow/example_dags/example_short_circuit_operator.py for tasks to queue
[2024-09-12T16:02:08.666+0000] {logging_mixin.py:190} INFO - [2024-09-12T16:02:08.658+0000] {dagbag.py:587} INFO - Filling up the DagBag from /home/airflow/.local/lib/python3.12/site-packages/airflow/example_dags/example_short_circuit_operator.py
[2024-09-12T16:02:08.902+0000] {processor.py:925} INFO - DAG(s) 'example_short_circuit_operator' retrieved from /home/airflow/.local/lib/python3.12/site-packages/airflow/example_dags/example_short_circuit_operator.py
[2024-09-12T16:02:09.350+0000] {logging_mixin.py:190} INFO - [2024-09-12T16:02:09.350+0000] {dag.py:3211} INFO - Sync 1 DAGs
[2024-09-12T16:02:14.564+0000] {logging_mixin.py:190} INFO - [2024-09-12T16:02:14.562+0000] {dag.py:4138} INFO - Setting next_dagrun for example_short_circuit_operator to 2024-09-11 00:00:00+00:00, run_after=2024-09-12 00:00:00+00:00
[2024-09-12T16:02:14.842+0000] {processor.py:208} INFO - Processing /home/airflow/.local/lib/python3.12/site-packages/airflow/example_dags/example_short_circuit_operator.py took 6.330 seconds
[2024-09-12T16:03:34.081+0000] {processor.py:186} INFO - Started process (PID=3323) to work on /home/airflow/.local/lib/python3.12/site-packages/airflow/example_dags/example_short_circuit_operator.py
[2024-09-12T16:03:34.108+0000] {processor.py:914} INFO - Processing file /home/airflow/.local/lib/python3.12/site-packages/airflow/example_dags/example_short_circuit_operator.py for tasks to queue
[2024-09-12T16:03:34.114+0000] {logging_mixin.py:190} INFO - [2024-09-12T16:03:34.113+0000] {dagbag.py:587} INFO - Filling up the DagBag from /home/airflow/.local/lib/python3.12/site-packages/airflow/example_dags/example_short_circuit_operator.py
[2024-09-12T16:03:34.172+0000] {processor.py:925} INFO - DAG(s) 'example_short_circuit_operator' retrieved from /home/airflow/.local/lib/python3.12/site-packages/airflow/example_dags/example_short_circuit_operator.py
[2024-09-12T16:03:34.247+0000] {logging_mixin.py:190} INFO - [2024-09-12T16:03:34.247+0000] {dag.py:3211} INFO - Sync 1 DAGs
[2024-09-12T16:03:34.332+0000] {logging_mixin.py:190} INFO - [2024-09-12T16:03:34.330+0000] {dag.py:4138} INFO - Setting next_dagrun for example_short_circuit_operator to 2024-09-11 00:00:00+00:00, run_after=2024-09-12 00:00:00+00:00
[2024-09-12T16:03:34.427+0000] {processor.py:208} INFO - Processing /home/airflow/.local/lib/python3.12/site-packages/airflow/example_dags/example_short_circuit_operator.py took 0.384 seconds
[2024-09-12T16:04:23.448+0000] {processor.py:186} INFO - Started process (PID=3393) to work on /home/airflow/.local/lib/python3.12/site-packages/airflow/example_dags/example_short_circuit_operator.py
[2024-09-12T16:04:23.452+0000] {processor.py:914} INFO - Processing file /home/airflow/.local/lib/python3.12/site-packages/airflow/example_dags/example_short_circuit_operator.py for tasks to queue
[2024-09-12T16:04:23.513+0000] {logging_mixin.py:190} INFO - [2024-09-12T16:04:23.468+0000] {dagbag.py:587} INFO - Filling up the DagBag from /home/airflow/.local/lib/python3.12/site-packages/airflow/example_dags/example_short_circuit_operator.py
[2024-09-12T16:04:23.862+0000] {processor.py:925} INFO - DAG(s) 'example_short_circuit_operator' retrieved from /home/airflow/.local/lib/python3.12/site-packages/airflow/example_dags/example_short_circuit_operator.py
[2024-09-12T16:04:24.117+0000] {logging_mixin.py:190} INFO - [2024-09-12T16:04:24.116+0000] {dag.py:3211} INFO - Sync 1 DAGs
[2024-09-12T16:04:26.115+0000] {logging_mixin.py:190} INFO - [2024-09-12T16:04:26.114+0000] {dag.py:4138} INFO - Setting next_dagrun for example_short_circuit_operator to 2024-09-11 00:00:00+00:00, run_after=2024-09-12 00:00:00+00:00
[2024-09-12T16:04:26.260+0000] {processor.py:208} INFO - Processing /home/airflow/.local/lib/python3.12/site-packages/airflow/example_dags/example_short_circuit_operator.py took 3.032 seconds
[2024-09-12T16:06:30.172+0000] {processor.py:186} INFO - Started process (PID=3485) to work on /home/airflow/.local/lib/python3.12/site-packages/airflow/example_dags/example_short_circuit_operator.py
[2024-09-12T16:06:30.174+0000] {processor.py:914} INFO - Processing file /home/airflow/.local/lib/python3.12/site-packages/airflow/example_dags/example_short_circuit_operator.py for tasks to queue
[2024-09-12T16:06:30.181+0000] {logging_mixin.py:190} INFO - [2024-09-12T16:06:30.180+0000] {dagbag.py:587} INFO - Filling up the DagBag from /home/airflow/.local/lib/python3.12/site-packages/airflow/example_dags/example_short_circuit_operator.py
[2024-09-12T16:06:30.251+0000] {processor.py:925} INFO - DAG(s) 'example_short_circuit_operator' retrieved from /home/airflow/.local/lib/python3.12/site-packages/airflow/example_dags/example_short_circuit_operator.py
[2024-09-12T16:06:30.440+0000] {logging_mixin.py:190} INFO - [2024-09-12T16:06:30.440+0000] {dag.py:3211} INFO - Sync 1 DAGs
[2024-09-12T16:06:30.631+0000] {logging_mixin.py:190} INFO - [2024-09-12T16:06:30.631+0000] {dag.py:4138} INFO - Setting next_dagrun for example_short_circuit_operator to 2024-09-11 00:00:00+00:00, run_after=2024-09-12 00:00:00+00:00
[2024-09-12T16:06:30.800+0000] {processor.py:208} INFO - Processing /home/airflow/.local/lib/python3.12/site-packages/airflow/example_dags/example_short_circuit_operator.py took 0.655 seconds
[2024-09-12T16:07:51.533+0000] {processor.py:186} INFO - Started process (PID=3555) to work on /home/airflow/.local/lib/python3.12/site-packages/airflow/example_dags/example_short_circuit_operator.py
[2024-09-12T16:07:51.548+0000] {processor.py:914} INFO - Processing file /home/airflow/.local/lib/python3.12/site-packages/airflow/example_dags/example_short_circuit_operator.py for tasks to queue
[2024-09-12T16:07:51.562+0000] {logging_mixin.py:190} INFO - [2024-09-12T16:07:51.559+0000] {dagbag.py:587} INFO - Filling up the DagBag from /home/airflow/.local/lib/python3.12/site-packages/airflow/example_dags/example_short_circuit_operator.py
[2024-09-12T16:07:51.687+0000] {processor.py:925} INFO - DAG(s) 'example_short_circuit_operator' retrieved from /home/airflow/.local/lib/python3.12/site-packages/airflow/example_dags/example_short_circuit_operator.py
[2024-09-12T16:07:51.840+0000] {logging_mixin.py:190} INFO - [2024-09-12T16:07:51.839+0000] {dag.py:3211} INFO - Sync 1 DAGs
[2024-09-12T16:07:52.042+0000] {logging_mixin.py:190} INFO - [2024-09-12T16:07:52.042+0000] {dag.py:4138} INFO - Setting next_dagrun for example_short_circuit_operator to 2024-09-11 00:00:00+00:00, run_after=2024-09-12 00:00:00+00:00
[2024-09-12T16:07:52.200+0000] {processor.py:208} INFO - Processing /home/airflow/.local/lib/python3.12/site-packages/airflow/example_dags/example_short_circuit_operator.py took 0.697 seconds
[2024-09-12T16:08:53.666+0000] {processor.py:186} INFO - Started process (PID=3632) to work on /home/airflow/.local/lib/python3.12/site-packages/airflow/example_dags/example_short_circuit_operator.py
[2024-09-12T16:08:53.672+0000] {processor.py:914} INFO - Processing file /home/airflow/.local/lib/python3.12/site-packages/airflow/example_dags/example_short_circuit_operator.py for tasks to queue
[2024-09-12T16:08:53.707+0000] {logging_mixin.py:190} INFO - [2024-09-12T16:08:53.706+0000] {dagbag.py:587} INFO - Filling up the DagBag from /home/airflow/.local/lib/python3.12/site-packages/airflow/example_dags/example_short_circuit_operator.py
[2024-09-12T16:08:53.795+0000] {processor.py:925} INFO - DAG(s) 'example_short_circuit_operator' retrieved from /home/airflow/.local/lib/python3.12/site-packages/airflow/example_dags/example_short_circuit_operator.py
[2024-09-12T16:08:54.733+0000] {logging_mixin.py:190} INFO - [2024-09-12T16:08:54.732+0000] {dag.py:3211} INFO - Sync 1 DAGs
[2024-09-12T16:08:54.914+0000] {logging_mixin.py:190} INFO - [2024-09-12T16:08:54.913+0000] {dag.py:4138} INFO - Setting next_dagrun for example_short_circuit_operator to 2024-09-11 00:00:00+00:00, run_after=2024-09-12 00:00:00+00:00
[2024-09-12T16:08:55.160+0000] {processor.py:208} INFO - Processing /home/airflow/.local/lib/python3.12/site-packages/airflow/example_dags/example_short_circuit_operator.py took 1.549 seconds
[2024-09-12T16:09:25.472+0000] {processor.py:186} INFO - Started process (PID=3697) to work on /home/airflow/.local/lib/python3.12/site-packages/airflow/example_dags/example_short_circuit_operator.py
[2024-09-12T16:09:25.487+0000] {processor.py:914} INFO - Processing file /home/airflow/.local/lib/python3.12/site-packages/airflow/example_dags/example_short_circuit_operator.py for tasks to queue
[2024-09-12T16:09:25.491+0000] {logging_mixin.py:190} INFO - [2024-09-12T16:09:25.490+0000] {dagbag.py:587} INFO - Filling up the DagBag from /home/airflow/.local/lib/python3.12/site-packages/airflow/example_dags/example_short_circuit_operator.py
[2024-09-12T16:09:25.522+0000] {processor.py:925} INFO - DAG(s) 'example_short_circuit_operator' retrieved from /home/airflow/.local/lib/python3.12/site-packages/airflow/example_dags/example_short_circuit_operator.py
[2024-09-12T16:09:25.615+0000] {logging_mixin.py:190} INFO - [2024-09-12T16:09:25.614+0000] {dag.py:3211} INFO - Sync 1 DAGs
[2024-09-12T16:09:25.702+0000] {logging_mixin.py:190} INFO - [2024-09-12T16:09:25.702+0000] {dag.py:4138} INFO - Setting next_dagrun for example_short_circuit_operator to 2024-09-11 00:00:00+00:00, run_after=2024-09-12 00:00:00+00:00
[2024-09-12T16:09:25.771+0000] {processor.py:208} INFO - Processing /home/airflow/.local/lib/python3.12/site-packages/airflow/example_dags/example_short_circuit_operator.py took 0.336 seconds
[2024-09-12T16:10:38.328+0000] {processor.py:186} INFO - Started process (PID=3763) to work on /home/airflow/.local/lib/python3.12/site-packages/airflow/example_dags/example_short_circuit_operator.py
[2024-09-12T16:10:38.335+0000] {processor.py:914} INFO - Processing file /home/airflow/.local/lib/python3.12/site-packages/airflow/example_dags/example_short_circuit_operator.py for tasks to queue
[2024-09-12T16:10:38.345+0000] {logging_mixin.py:190} INFO - [2024-09-12T16:10:38.345+0000] {dagbag.py:587} INFO - Filling up the DagBag from /home/airflow/.local/lib/python3.12/site-packages/airflow/example_dags/example_short_circuit_operator.py
[2024-09-12T16:10:38.408+0000] {processor.py:925} INFO - DAG(s) 'example_short_circuit_operator' retrieved from /home/airflow/.local/lib/python3.12/site-packages/airflow/example_dags/example_short_circuit_operator.py
[2024-09-12T16:10:38.594+0000] {logging_mixin.py:190} INFO - [2024-09-12T16:10:38.593+0000] {dag.py:3211} INFO - Sync 1 DAGs
[2024-09-12T16:10:38.763+0000] {logging_mixin.py:190} INFO - [2024-09-12T16:10:38.763+0000] {dag.py:4138} INFO - Setting next_dagrun for example_short_circuit_operator to 2024-09-11 00:00:00+00:00, run_after=2024-09-12 00:00:00+00:00
[2024-09-12T16:10:38.896+0000] {processor.py:208} INFO - Processing /home/airflow/.local/lib/python3.12/site-packages/airflow/example_dags/example_short_circuit_operator.py took 0.616 seconds
[2024-09-12T16:11:21.711+0000] {processor.py:186} INFO - Started process (PID=3829) to work on /home/airflow/.local/lib/python3.12/site-packages/airflow/example_dags/example_short_circuit_operator.py
[2024-09-12T16:11:21.714+0000] {processor.py:914} INFO - Processing file /home/airflow/.local/lib/python3.12/site-packages/airflow/example_dags/example_short_circuit_operator.py for tasks to queue
[2024-09-12T16:11:21.718+0000] {logging_mixin.py:190} INFO - [2024-09-12T16:11:21.717+0000] {dagbag.py:587} INFO - Filling up the DagBag from /home/airflow/.local/lib/python3.12/site-packages/airflow/example_dags/example_short_circuit_operator.py
[2024-09-12T16:11:21.754+0000] {processor.py:925} INFO - DAG(s) 'example_short_circuit_operator' retrieved from /home/airflow/.local/lib/python3.12/site-packages/airflow/example_dags/example_short_circuit_operator.py
[2024-09-12T16:11:21.842+0000] {logging_mixin.py:190} INFO - [2024-09-12T16:11:21.840+0000] {dag.py:3211} INFO - Sync 1 DAGs
[2024-09-12T16:11:22.077+0000] {logging_mixin.py:190} INFO - [2024-09-12T16:11:22.076+0000] {dag.py:4138} INFO - Setting next_dagrun for example_short_circuit_operator to 2024-09-11 00:00:00+00:00, run_after=2024-09-12 00:00:00+00:00
[2024-09-12T16:11:22.203+0000] {processor.py:208} INFO - Processing /home/airflow/.local/lib/python3.12/site-packages/airflow/example_dags/example_short_circuit_operator.py took 0.513 seconds
[2024-09-12T16:12:21.698+0000] {processor.py:186} INFO - Started process (PID=3904) to work on /home/airflow/.local/lib/python3.12/site-packages/airflow/example_dags/example_short_circuit_operator.py
[2024-09-12T16:12:21.705+0000] {processor.py:914} INFO - Processing file /home/airflow/.local/lib/python3.12/site-packages/airflow/example_dags/example_short_circuit_operator.py for tasks to queue
[2024-09-12T16:12:21.712+0000] {logging_mixin.py:190} INFO - [2024-09-12T16:12:21.710+0000] {dagbag.py:587} INFO - Filling up the DagBag from /home/airflow/.local/lib/python3.12/site-packages/airflow/example_dags/example_short_circuit_operator.py
[2024-09-12T16:12:21.775+0000] {processor.py:925} INFO - DAG(s) 'example_short_circuit_operator' retrieved from /home/airflow/.local/lib/python3.12/site-packages/airflow/example_dags/example_short_circuit_operator.py
[2024-09-12T16:12:21.842+0000] {logging_mixin.py:190} INFO - [2024-09-12T16:12:21.841+0000] {dag.py:3211} INFO - Sync 1 DAGs
[2024-09-12T16:12:21.902+0000] {logging_mixin.py:190} INFO - [2024-09-12T16:12:21.901+0000] {dag.py:4138} INFO - Setting next_dagrun for example_short_circuit_operator to 2024-09-11 00:00:00+00:00, run_after=2024-09-12 00:00:00+00:00
[2024-09-12T16:12:21.953+0000] {processor.py:208} INFO - Processing /home/airflow/.local/lib/python3.12/site-packages/airflow/example_dags/example_short_circuit_operator.py took 0.278 seconds
[2024-09-12T16:12:56.631+0000] {processor.py:186} INFO - Started process (PID=3970) to work on /home/airflow/.local/lib/python3.12/site-packages/airflow/example_dags/example_short_circuit_operator.py
[2024-09-12T16:12:56.633+0000] {processor.py:914} INFO - Processing file /home/airflow/.local/lib/python3.12/site-packages/airflow/example_dags/example_short_circuit_operator.py for tasks to queue
[2024-09-12T16:12:56.639+0000] {logging_mixin.py:190} INFO - [2024-09-12T16:12:56.638+0000] {dagbag.py:587} INFO - Filling up the DagBag from /home/airflow/.local/lib/python3.12/site-packages/airflow/example_dags/example_short_circuit_operator.py
[2024-09-12T16:12:56.687+0000] {processor.py:925} INFO - DAG(s) 'example_short_circuit_operator' retrieved from /home/airflow/.local/lib/python3.12/site-packages/airflow/example_dags/example_short_circuit_operator.py
[2024-09-12T16:12:56.748+0000] {logging_mixin.py:190} INFO - [2024-09-12T16:12:56.747+0000] {dag.py:3211} INFO - Sync 1 DAGs
[2024-09-12T16:12:56.845+0000] {logging_mixin.py:190} INFO - [2024-09-12T16:12:56.845+0000] {dag.py:4138} INFO - Setting next_dagrun for example_short_circuit_operator to 2024-09-11 00:00:00+00:00, run_after=2024-09-12 00:00:00+00:00
[2024-09-12T16:12:56.913+0000] {processor.py:208} INFO - Processing /home/airflow/.local/lib/python3.12/site-packages/airflow/example_dags/example_short_circuit_operator.py took 0.317 seconds
[2024-09-12T16:13:56.325+0000] {processor.py:186} INFO - Started process (PID=4033) to work on /home/airflow/.local/lib/python3.12/site-packages/airflow/example_dags/example_short_circuit_operator.py
[2024-09-12T16:13:56.340+0000] {processor.py:914} INFO - Processing file /home/airflow/.local/lib/python3.12/site-packages/airflow/example_dags/example_short_circuit_operator.py for tasks to queue
[2024-09-12T16:13:56.345+0000] {logging_mixin.py:190} INFO - [2024-09-12T16:13:56.344+0000] {dagbag.py:587} INFO - Filling up the DagBag from /home/airflow/.local/lib/python3.12/site-packages/airflow/example_dags/example_short_circuit_operator.py
[2024-09-12T16:13:56.411+0000] {processor.py:925} INFO - DAG(s) 'example_short_circuit_operator' retrieved from /home/airflow/.local/lib/python3.12/site-packages/airflow/example_dags/example_short_circuit_operator.py
[2024-09-12T16:13:56.585+0000] {logging_mixin.py:190} INFO - [2024-09-12T16:13:56.584+0000] {dag.py:3211} INFO - Sync 1 DAGs
[2024-09-12T16:13:56.683+0000] {logging_mixin.py:190} INFO - [2024-09-12T16:13:56.683+0000] {dag.py:4138} INFO - Setting next_dagrun for example_short_circuit_operator to 2024-09-11 00:00:00+00:00, run_after=2024-09-12 00:00:00+00:00
[2024-09-12T16:13:56.752+0000] {processor.py:208} INFO - Processing /home/airflow/.local/lib/python3.12/site-packages/airflow/example_dags/example_short_circuit_operator.py took 0.450 seconds
[2024-09-12T16:14:49.239+0000] {processor.py:186} INFO - Started process (PID=4098) to work on /home/airflow/.local/lib/python3.12/site-packages/airflow/example_dags/example_short_circuit_operator.py
[2024-09-12T16:14:49.263+0000] {processor.py:914} INFO - Processing file /home/airflow/.local/lib/python3.12/site-packages/airflow/example_dags/example_short_circuit_operator.py for tasks to queue
[2024-09-12T16:14:49.268+0000] {logging_mixin.py:190} INFO - [2024-09-12T16:14:49.267+0000] {dagbag.py:587} INFO - Filling up the DagBag from /home/airflow/.local/lib/python3.12/site-packages/airflow/example_dags/example_short_circuit_operator.py
[2024-09-12T16:14:49.385+0000] {processor.py:925} INFO - DAG(s) 'example_short_circuit_operator' retrieved from /home/airflow/.local/lib/python3.12/site-packages/airflow/example_dags/example_short_circuit_operator.py
[2024-09-12T16:14:49.536+0000] {logging_mixin.py:190} INFO - [2024-09-12T16:14:49.535+0000] {dag.py:3211} INFO - Sync 1 DAGs
[2024-09-12T16:14:49.717+0000] {logging_mixin.py:190} INFO - [2024-09-12T16:14:49.717+0000] {dag.py:4138} INFO - Setting next_dagrun for example_short_circuit_operator to 2024-09-11 00:00:00+00:00, run_after=2024-09-12 00:00:00+00:00
[2024-09-12T16:14:49.808+0000] {processor.py:208} INFO - Processing /home/airflow/.local/lib/python3.12/site-packages/airflow/example_dags/example_short_circuit_operator.py took 0.541 seconds
[2024-09-12T16:15:20.525+0000] {processor.py:186} INFO - Started process (PID=4159) to work on /home/airflow/.local/lib/python3.12/site-packages/airflow/example_dags/example_short_circuit_operator.py
[2024-09-12T16:15:20.527+0000] {processor.py:914} INFO - Processing file /home/airflow/.local/lib/python3.12/site-packages/airflow/example_dags/example_short_circuit_operator.py for tasks to queue
[2024-09-12T16:15:20.530+0000] {logging_mixin.py:190} INFO - [2024-09-12T16:15:20.530+0000] {dagbag.py:587} INFO - Filling up the DagBag from /home/airflow/.local/lib/python3.12/site-packages/airflow/example_dags/example_short_circuit_operator.py
[2024-09-12T16:15:20.596+0000] {processor.py:925} INFO - DAG(s) 'example_short_circuit_operator' retrieved from /home/airflow/.local/lib/python3.12/site-packages/airflow/example_dags/example_short_circuit_operator.py
[2024-09-12T16:15:20.713+0000] {logging_mixin.py:190} INFO - [2024-09-12T16:15:20.712+0000] {dag.py:3211} INFO - Sync 1 DAGs
[2024-09-12T16:15:20.817+0000] {logging_mixin.py:190} INFO - [2024-09-12T16:15:20.816+0000] {dag.py:4138} INFO - Setting next_dagrun for example_short_circuit_operator to 2024-09-11 00:00:00+00:00, run_after=2024-09-12 00:00:00+00:00
[2024-09-12T16:15:20.912+0000] {processor.py:208} INFO - Processing /home/airflow/.local/lib/python3.12/site-packages/airflow/example_dags/example_short_circuit_operator.py took 0.411 seconds
[2024-09-12T16:15:51.790+0000] {processor.py:186} INFO - Started process (PID=4229) to work on /home/airflow/.local/lib/python3.12/site-packages/airflow/example_dags/example_short_circuit_operator.py
[2024-09-12T16:15:51.804+0000] {processor.py:914} INFO - Processing file /home/airflow/.local/lib/python3.12/site-packages/airflow/example_dags/example_short_circuit_operator.py for tasks to queue
[2024-09-12T16:15:51.808+0000] {logging_mixin.py:190} INFO - [2024-09-12T16:15:51.806+0000] {dagbag.py:587} INFO - Filling up the DagBag from /home/airflow/.local/lib/python3.12/site-packages/airflow/example_dags/example_short_circuit_operator.py
[2024-09-12T16:15:51.939+0000] {processor.py:925} INFO - DAG(s) 'example_short_circuit_operator' retrieved from /home/airflow/.local/lib/python3.12/site-packages/airflow/example_dags/example_short_circuit_operator.py
[2024-09-12T16:15:52.145+0000] {logging_mixin.py:190} INFO - [2024-09-12T16:15:52.145+0000] {dag.py:3211} INFO - Sync 1 DAGs
[2024-09-12T16:15:52.339+0000] {logging_mixin.py:190} INFO - [2024-09-12T16:15:52.338+0000] {dag.py:4138} INFO - Setting next_dagrun for example_short_circuit_operator to 2024-09-11 00:00:00+00:00, run_after=2024-09-12 00:00:00+00:00
[2024-09-12T16:15:52.513+0000] {processor.py:208} INFO - Processing /home/airflow/.local/lib/python3.12/site-packages/airflow/example_dags/example_short_circuit_operator.py took 0.759 seconds
[2024-09-12T16:16:43.009+0000] {processor.py:186} INFO - Started process (PID=4299) to work on /home/airflow/.local/lib/python3.12/site-packages/airflow/example_dags/example_short_circuit_operator.py
[2024-09-12T16:16:43.012+0000] {processor.py:914} INFO - Processing file /home/airflow/.local/lib/python3.12/site-packages/airflow/example_dags/example_short_circuit_operator.py for tasks to queue
[2024-09-12T16:16:43.015+0000] {logging_mixin.py:190} INFO - [2024-09-12T16:16:43.014+0000] {dagbag.py:587} INFO - Filling up the DagBag from /home/airflow/.local/lib/python3.12/site-packages/airflow/example_dags/example_short_circuit_operator.py
[2024-09-12T16:16:43.067+0000] {processor.py:925} INFO - DAG(s) 'example_short_circuit_operator' retrieved from /home/airflow/.local/lib/python3.12/site-packages/airflow/example_dags/example_short_circuit_operator.py
[2024-09-12T16:16:43.193+0000] {logging_mixin.py:190} INFO - [2024-09-12T16:16:43.192+0000] {dag.py:3211} INFO - Sync 1 DAGs
[2024-09-12T16:16:43.397+0000] {logging_mixin.py:190} INFO - [2024-09-12T16:16:43.396+0000] {dag.py:4138} INFO - Setting next_dagrun for example_short_circuit_operator to 2024-09-11 00:00:00+00:00, run_after=2024-09-12 00:00:00+00:00
[2024-09-12T16:16:43.575+0000] {processor.py:208} INFO - Processing /home/airflow/.local/lib/python3.12/site-packages/airflow/example_dags/example_short_circuit_operator.py took 0.594 seconds
[2024-09-12T16:17:33.997+0000] {processor.py:186} INFO - Started process (PID=4363) to work on /home/airflow/.local/lib/python3.12/site-packages/airflow/example_dags/example_short_circuit_operator.py
[2024-09-12T16:17:34.000+0000] {processor.py:914} INFO - Processing file /home/airflow/.local/lib/python3.12/site-packages/airflow/example_dags/example_short_circuit_operator.py for tasks to queue
[2024-09-12T16:17:34.007+0000] {logging_mixin.py:190} INFO - [2024-09-12T16:17:34.004+0000] {dagbag.py:587} INFO - Filling up the DagBag from /home/airflow/.local/lib/python3.12/site-packages/airflow/example_dags/example_short_circuit_operator.py
[2024-09-12T16:17:34.076+0000] {processor.py:925} INFO - DAG(s) 'example_short_circuit_operator' retrieved from /home/airflow/.local/lib/python3.12/site-packages/airflow/example_dags/example_short_circuit_operator.py
[2024-09-12T16:17:34.251+0000] {logging_mixin.py:190} INFO - [2024-09-12T16:17:34.250+0000] {dag.py:3211} INFO - Sync 1 DAGs
[2024-09-12T16:17:34.446+0000] {logging_mixin.py:190} INFO - [2024-09-12T16:17:34.440+0000] {dag.py:4138} INFO - Setting next_dagrun for example_short_circuit_operator to 2024-09-11 00:00:00+00:00, run_after=2024-09-12 00:00:00+00:00
[2024-09-12T16:17:34.541+0000] {processor.py:208} INFO - Processing /home/airflow/.local/lib/python3.12/site-packages/airflow/example_dags/example_short_circuit_operator.py took 0.580 seconds
[2024-09-12T16:18:05.822+0000] {processor.py:186} INFO - Started process (PID=4428) to work on /home/airflow/.local/lib/python3.12/site-packages/airflow/example_dags/example_short_circuit_operator.py
[2024-09-12T16:18:05.828+0000] {processor.py:914} INFO - Processing file /home/airflow/.local/lib/python3.12/site-packages/airflow/example_dags/example_short_circuit_operator.py for tasks to queue
[2024-09-12T16:18:05.851+0000] {logging_mixin.py:190} INFO - [2024-09-12T16:18:05.830+0000] {dagbag.py:587} INFO - Filling up the DagBag from /home/airflow/.local/lib/python3.12/site-packages/airflow/example_dags/example_short_circuit_operator.py
[2024-09-12T16:18:05.934+0000] {processor.py:925} INFO - DAG(s) 'example_short_circuit_operator' retrieved from /home/airflow/.local/lib/python3.12/site-packages/airflow/example_dags/example_short_circuit_operator.py
[2024-09-12T16:18:06.014+0000] {logging_mixin.py:190} INFO - [2024-09-12T16:18:06.014+0000] {dag.py:3211} INFO - Sync 1 DAGs
[2024-09-12T16:18:06.170+0000] {logging_mixin.py:190} INFO - [2024-09-12T16:18:06.169+0000] {dag.py:4138} INFO - Setting next_dagrun for example_short_circuit_operator to 2024-09-11 00:00:00+00:00, run_after=2024-09-12 00:00:00+00:00
[2024-09-12T16:18:06.451+0000] {processor.py:208} INFO - Processing /home/airflow/.local/lib/python3.12/site-packages/airflow/example_dags/example_short_circuit_operator.py took 0.650 seconds
[2024-09-12T16:18:56.397+0000] {processor.py:186} INFO - Started process (PID=4501) to work on /home/airflow/.local/lib/python3.12/site-packages/airflow/example_dags/example_short_circuit_operator.py
[2024-09-12T16:18:56.400+0000] {processor.py:914} INFO - Processing file /home/airflow/.local/lib/python3.12/site-packages/airflow/example_dags/example_short_circuit_operator.py for tasks to queue
[2024-09-12T16:18:56.404+0000] {logging_mixin.py:190} INFO - [2024-09-12T16:18:56.403+0000] {dagbag.py:587} INFO - Filling up the DagBag from /home/airflow/.local/lib/python3.12/site-packages/airflow/example_dags/example_short_circuit_operator.py
[2024-09-12T16:18:56.442+0000] {processor.py:925} INFO - DAG(s) 'example_short_circuit_operator' retrieved from /home/airflow/.local/lib/python3.12/site-packages/airflow/example_dags/example_short_circuit_operator.py
[2024-09-12T16:18:56.534+0000] {logging_mixin.py:190} INFO - [2024-09-12T16:18:56.532+0000] {dag.py:3211} INFO - Sync 1 DAGs
[2024-09-12T16:18:56.669+0000] {logging_mixin.py:190} INFO - [2024-09-12T16:18:56.669+0000] {dag.py:4138} INFO - Setting next_dagrun for example_short_circuit_operator to 2024-09-11 00:00:00+00:00, run_after=2024-09-12 00:00:00+00:00
[2024-09-12T16:18:56.793+0000] {processor.py:208} INFO - Processing /home/airflow/.local/lib/python3.12/site-packages/airflow/example_dags/example_short_circuit_operator.py took 0.430 seconds
[2024-09-12T16:19:32.012+0000] {processor.py:186} INFO - Started process (PID=4564) to work on /home/airflow/.local/lib/python3.12/site-packages/airflow/example_dags/example_short_circuit_operator.py
[2024-09-12T16:19:32.015+0000] {processor.py:914} INFO - Processing file /home/airflow/.local/lib/python3.12/site-packages/airflow/example_dags/example_short_circuit_operator.py for tasks to queue
[2024-09-12T16:19:32.024+0000] {logging_mixin.py:190} INFO - [2024-09-12T16:19:32.022+0000] {dagbag.py:587} INFO - Filling up the DagBag from /home/airflow/.local/lib/python3.12/site-packages/airflow/example_dags/example_short_circuit_operator.py
[2024-09-12T16:19:32.070+0000] {processor.py:925} INFO - DAG(s) 'example_short_circuit_operator' retrieved from /home/airflow/.local/lib/python3.12/site-packages/airflow/example_dags/example_short_circuit_operator.py
[2024-09-12T16:19:32.214+0000] {logging_mixin.py:190} INFO - [2024-09-12T16:19:32.214+0000] {dag.py:3211} INFO - Sync 1 DAGs
[2024-09-12T16:19:32.315+0000] {logging_mixin.py:190} INFO - [2024-09-12T16:19:32.315+0000] {dag.py:4138} INFO - Setting next_dagrun for example_short_circuit_operator to 2024-09-11 00:00:00+00:00, run_after=2024-09-12 00:00:00+00:00
[2024-09-12T16:19:32.390+0000] {processor.py:208} INFO - Processing /home/airflow/.local/lib/python3.12/site-packages/airflow/example_dags/example_short_circuit_operator.py took 0.432 seconds
[2024-09-12T16:20:08.797+0000] {processor.py:186} INFO - Started process (PID=4626) to work on /home/airflow/.local/lib/python3.12/site-packages/airflow/example_dags/example_short_circuit_operator.py
[2024-09-12T16:20:08.800+0000] {processor.py:914} INFO - Processing file /home/airflow/.local/lib/python3.12/site-packages/airflow/example_dags/example_short_circuit_operator.py for tasks to queue
[2024-09-12T16:20:08.803+0000] {logging_mixin.py:190} INFO - [2024-09-12T16:20:08.802+0000] {dagbag.py:587} INFO - Filling up the DagBag from /home/airflow/.local/lib/python3.12/site-packages/airflow/example_dags/example_short_circuit_operator.py
[2024-09-12T16:20:08.883+0000] {processor.py:925} INFO - DAG(s) 'example_short_circuit_operator' retrieved from /home/airflow/.local/lib/python3.12/site-packages/airflow/example_dags/example_short_circuit_operator.py
[2024-09-12T16:20:09.027+0000] {logging_mixin.py:190} INFO - [2024-09-12T16:20:09.027+0000] {dag.py:3211} INFO - Sync 1 DAGs
[2024-09-12T16:20:09.267+0000] {logging_mixin.py:190} INFO - [2024-09-12T16:20:09.267+0000] {dag.py:4138} INFO - Setting next_dagrun for example_short_circuit_operator to 2024-09-11 00:00:00+00:00, run_after=2024-09-12 00:00:00+00:00
[2024-09-12T16:20:09.390+0000] {processor.py:208} INFO - Processing /home/airflow/.local/lib/python3.12/site-packages/airflow/example_dags/example_short_circuit_operator.py took 0.637 seconds
[2024-09-12T16:21:02.006+0000] {processor.py:186} INFO - Started process (PID=4690) to work on /home/airflow/.local/lib/python3.12/site-packages/airflow/example_dags/example_short_circuit_operator.py
[2024-09-12T16:21:02.010+0000] {processor.py:914} INFO - Processing file /home/airflow/.local/lib/python3.12/site-packages/airflow/example_dags/example_short_circuit_operator.py for tasks to queue
[2024-09-12T16:21:02.013+0000] {logging_mixin.py:190} INFO - [2024-09-12T16:21:02.012+0000] {dagbag.py:587} INFO - Filling up the DagBag from /home/airflow/.local/lib/python3.12/site-packages/airflow/example_dags/example_short_circuit_operator.py
[2024-09-12T16:21:02.110+0000] {processor.py:925} INFO - DAG(s) 'example_short_circuit_operator' retrieved from /home/airflow/.local/lib/python3.12/site-packages/airflow/example_dags/example_short_circuit_operator.py
[2024-09-12T16:21:02.270+0000] {logging_mixin.py:190} INFO - [2024-09-12T16:21:02.268+0000] {dag.py:3211} INFO - Sync 1 DAGs
[2024-09-12T16:21:02.532+0000] {logging_mixin.py:190} INFO - [2024-09-12T16:21:02.531+0000] {dag.py:4138} INFO - Setting next_dagrun for example_short_circuit_operator to 2024-09-11 00:00:00+00:00, run_after=2024-09-12 00:00:00+00:00
[2024-09-12T16:21:02.695+0000] {processor.py:208} INFO - Processing /home/airflow/.local/lib/python3.12/site-packages/airflow/example_dags/example_short_circuit_operator.py took 0.753 seconds
[2024-09-12T16:22:20.482+0000] {processor.py:186} INFO - Started process (PID=4768) to work on /home/airflow/.local/lib/python3.12/site-packages/airflow/example_dags/example_short_circuit_operator.py
[2024-09-12T16:22:20.495+0000] {processor.py:914} INFO - Processing file /home/airflow/.local/lib/python3.12/site-packages/airflow/example_dags/example_short_circuit_operator.py for tasks to queue
[2024-09-12T16:22:20.502+0000] {logging_mixin.py:190} INFO - [2024-09-12T16:22:20.499+0000] {dagbag.py:587} INFO - Filling up the DagBag from /home/airflow/.local/lib/python3.12/site-packages/airflow/example_dags/example_short_circuit_operator.py
[2024-09-12T16:22:20.563+0000] {processor.py:925} INFO - DAG(s) 'example_short_circuit_operator' retrieved from /home/airflow/.local/lib/python3.12/site-packages/airflow/example_dags/example_short_circuit_operator.py
[2024-09-12T16:22:20.711+0000] {logging_mixin.py:190} INFO - [2024-09-12T16:22:20.711+0000] {dag.py:3211} INFO - Sync 1 DAGs
[2024-09-12T16:22:20.852+0000] {logging_mixin.py:190} INFO - [2024-09-12T16:22:20.851+0000] {dag.py:4138} INFO - Setting next_dagrun for example_short_circuit_operator to 2024-09-11 00:00:00+00:00, run_after=2024-09-12 00:00:00+00:00
[2024-09-12T16:22:20.966+0000] {processor.py:208} INFO - Processing /home/airflow/.local/lib/python3.12/site-packages/airflow/example_dags/example_short_circuit_operator.py took 0.511 seconds
[2024-09-12T16:23:02.528+0000] {processor.py:186} INFO - Started process (PID=4841) to work on /home/airflow/.local/lib/python3.12/site-packages/airflow/example_dags/example_short_circuit_operator.py
[2024-09-12T16:23:02.548+0000] {processor.py:914} INFO - Processing file /home/airflow/.local/lib/python3.12/site-packages/airflow/example_dags/example_short_circuit_operator.py for tasks to queue
[2024-09-12T16:23:02.553+0000] {logging_mixin.py:190} INFO - [2024-09-12T16:23:02.552+0000] {dagbag.py:587} INFO - Filling up the DagBag from /home/airflow/.local/lib/python3.12/site-packages/airflow/example_dags/example_short_circuit_operator.py
[2024-09-12T16:23:02.627+0000] {processor.py:925} INFO - DAG(s) 'example_short_circuit_operator' retrieved from /home/airflow/.local/lib/python3.12/site-packages/airflow/example_dags/example_short_circuit_operator.py
[2024-09-12T16:23:02.837+0000] {logging_mixin.py:190} INFO - [2024-09-12T16:23:02.836+0000] {dag.py:3211} INFO - Sync 1 DAGs
[2024-09-12T16:23:02.987+0000] {logging_mixin.py:190} INFO - [2024-09-12T16:23:02.986+0000] {dag.py:4138} INFO - Setting next_dagrun for example_short_circuit_operator to 2024-09-11 00:00:00+00:00, run_after=2024-09-12 00:00:00+00:00
[2024-09-12T16:23:03.141+0000] {processor.py:208} INFO - Processing /home/airflow/.local/lib/python3.12/site-packages/airflow/example_dags/example_short_circuit_operator.py took 0.631 seconds
