[2024-09-12T14:58:51.318+0000] {processor.py:186} INFO - Started process (PID=106) to work on /home/airflow/.local/lib/python3.12/site-packages/airflow/example_dags/example_setup_teardown_taskflow.py
[2024-09-12T14:58:51.329+0000] {processor.py:914} INFO - Processing file /home/airflow/.local/lib/python3.12/site-packages/airflow/example_dags/example_setup_teardown_taskflow.py for tasks to queue
[2024-09-12T14:58:51.338+0000] {logging_mixin.py:190} INFO - [2024-09-12T14:58:51.337+0000] {dagbag.py:587} INFO - Filling up the DagBag from /home/airflow/.local/lib/python3.12/site-packages/airflow/example_dags/example_setup_teardown_taskflow.py
[2024-09-12T14:58:51.420+0000] {processor.py:925} INFO - DAG(s) 'example_setup_teardown_taskflow' retrieved from /home/airflow/.local/lib/python3.12/site-packages/airflow/example_dags/example_setup_teardown_taskflow.py
[2024-09-12T14:58:51.627+0000] {logging_mixin.py:190} INFO - [2024-09-12T14:58:51.622+0000] {dag.py:3211} INFO - Sync 1 DAGs
[2024-09-12T14:58:51.787+0000] {logging_mixin.py:190} INFO - [2024-09-12T14:58:51.786+0000] {dag.py:4138} INFO - Setting next_dagrun for example_setup_teardown_taskflow to 2024-09-11 00:00:00+00:00, run_after=2024-09-12 00:00:00+00:00
[2024-09-12T14:58:51.894+0000] {processor.py:208} INFO - Processing /home/airflow/.local/lib/python3.12/site-packages/airflow/example_dags/example_setup_teardown_taskflow.py took 0.606 seconds
[2024-09-12T14:59:46.887+0000] {processor.py:186} INFO - Started process (PID=171) to work on /home/airflow/.local/lib/python3.12/site-packages/airflow/example_dags/example_setup_teardown_taskflow.py
[2024-09-12T14:59:46.918+0000] {processor.py:914} INFO - Processing file /home/airflow/.local/lib/python3.12/site-packages/airflow/example_dags/example_setup_teardown_taskflow.py for tasks to queue
[2024-09-12T14:59:46.948+0000] {logging_mixin.py:190} INFO - [2024-09-12T14:59:46.947+0000] {dagbag.py:587} INFO - Filling up the DagBag from /home/airflow/.local/lib/python3.12/site-packages/airflow/example_dags/example_setup_teardown_taskflow.py
[2024-09-12T14:59:47.059+0000] {processor.py:925} INFO - DAG(s) 'example_setup_teardown_taskflow' retrieved from /home/airflow/.local/lib/python3.12/site-packages/airflow/example_dags/example_setup_teardown_taskflow.py
[2024-09-12T14:59:47.310+0000] {logging_mixin.py:190} INFO - [2024-09-12T14:59:47.309+0000] {dag.py:3211} INFO - Sync 1 DAGs
[2024-09-12T14:59:47.564+0000] {logging_mixin.py:190} INFO - [2024-09-12T14:59:47.563+0000] {dag.py:4138} INFO - Setting next_dagrun for example_setup_teardown_taskflow to 2024-09-11 00:00:00+00:00, run_after=2024-09-12 00:00:00+00:00
[2024-09-12T14:59:47.934+0000] {processor.py:208} INFO - Processing /home/airflow/.local/lib/python3.12/site-packages/airflow/example_dags/example_setup_teardown_taskflow.py took 1.082 seconds
[2024-09-12T15:00:49.682+0000] {processor.py:186} INFO - Started process (PID=252) to work on /home/airflow/.local/lib/python3.12/site-packages/airflow/example_dags/example_setup_teardown_taskflow.py
[2024-09-12T15:00:49.712+0000] {processor.py:914} INFO - Processing file /home/airflow/.local/lib/python3.12/site-packages/airflow/example_dags/example_setup_teardown_taskflow.py for tasks to queue
[2024-09-12T15:00:49.777+0000] {logging_mixin.py:190} INFO - [2024-09-12T15:00:49.777+0000] {dagbag.py:587} INFO - Filling up the DagBag from /home/airflow/.local/lib/python3.12/site-packages/airflow/example_dags/example_setup_teardown_taskflow.py
[2024-09-12T15:00:49.891+0000] {processor.py:925} INFO - DAG(s) 'example_setup_teardown_taskflow' retrieved from /home/airflow/.local/lib/python3.12/site-packages/airflow/example_dags/example_setup_teardown_taskflow.py
[2024-09-12T15:00:50.214+0000] {logging_mixin.py:190} INFO - [2024-09-12T15:00:50.213+0000] {dag.py:3211} INFO - Sync 1 DAGs
[2024-09-12T15:00:50.445+0000] {logging_mixin.py:190} INFO - [2024-09-12T15:00:50.445+0000] {dag.py:4138} INFO - Setting next_dagrun for example_setup_teardown_taskflow to 2024-09-11 00:00:00+00:00, run_after=2024-09-12 00:00:00+00:00
[2024-09-12T15:00:50.664+0000] {processor.py:208} INFO - Processing /home/airflow/.local/lib/python3.12/site-packages/airflow/example_dags/example_setup_teardown_taskflow.py took 1.059 seconds
[2024-09-12T15:02:04.548+0000] {processor.py:186} INFO - Started process (PID=324) to work on /home/airflow/.local/lib/python3.12/site-packages/airflow/example_dags/example_setup_teardown_taskflow.py
[2024-09-12T15:02:04.612+0000] {processor.py:914} INFO - Processing file /home/airflow/.local/lib/python3.12/site-packages/airflow/example_dags/example_setup_teardown_taskflow.py for tasks to queue
[2024-09-12T15:02:04.646+0000] {logging_mixin.py:190} INFO - [2024-09-12T15:02:04.645+0000] {dagbag.py:587} INFO - Filling up the DagBag from /home/airflow/.local/lib/python3.12/site-packages/airflow/example_dags/example_setup_teardown_taskflow.py
[2024-09-12T15:02:04.760+0000] {processor.py:925} INFO - DAG(s) 'example_setup_teardown_taskflow' retrieved from /home/airflow/.local/lib/python3.12/site-packages/airflow/example_dags/example_setup_teardown_taskflow.py
[2024-09-12T15:02:05.196+0000] {logging_mixin.py:190} INFO - [2024-09-12T15:02:05.196+0000] {dag.py:3211} INFO - Sync 1 DAGs
[2024-09-12T15:02:05.513+0000] {logging_mixin.py:190} INFO - [2024-09-12T15:02:05.501+0000] {dag.py:4138} INFO - Setting next_dagrun for example_setup_teardown_taskflow to 2024-09-11 00:00:00+00:00, run_after=2024-09-12 00:00:00+00:00
[2024-09-12T15:02:05.738+0000] {processor.py:208} INFO - Processing /home/airflow/.local/lib/python3.12/site-packages/airflow/example_dags/example_setup_teardown_taskflow.py took 1.265 seconds
[2024-09-12T15:04:11.088+0000] {processor.py:186} INFO - Started process (PID=421) to work on /home/airflow/.local/lib/python3.12/site-packages/airflow/example_dags/example_setup_teardown_taskflow.py
[2024-09-12T15:04:11.100+0000] {processor.py:914} INFO - Processing file /home/airflow/.local/lib/python3.12/site-packages/airflow/example_dags/example_setup_teardown_taskflow.py for tasks to queue
[2024-09-12T15:04:11.108+0000] {logging_mixin.py:190} INFO - [2024-09-12T15:04:11.107+0000] {dagbag.py:587} INFO - Filling up the DagBag from /home/airflow/.local/lib/python3.12/site-packages/airflow/example_dags/example_setup_teardown_taskflow.py
[2024-09-12T15:04:11.247+0000] {processor.py:925} INFO - DAG(s) 'example_setup_teardown_taskflow' retrieved from /home/airflow/.local/lib/python3.12/site-packages/airflow/example_dags/example_setup_teardown_taskflow.py
[2024-09-12T15:04:11.432+0000] {logging_mixin.py:190} INFO - [2024-09-12T15:04:11.427+0000] {dag.py:3211} INFO - Sync 1 DAGs
[2024-09-12T15:04:11.688+0000] {logging_mixin.py:190} INFO - [2024-09-12T15:04:11.687+0000] {dag.py:4138} INFO - Setting next_dagrun for example_setup_teardown_taskflow to 2024-09-11 00:00:00+00:00, run_after=2024-09-12 00:00:00+00:00
[2024-09-12T15:04:11.872+0000] {processor.py:208} INFO - Processing /home/airflow/.local/lib/python3.12/site-packages/airflow/example_dags/example_setup_teardown_taskflow.py took 0.844 seconds
[2024-09-12T15:05:06.745+0000] {processor.py:186} INFO - Started process (PID=493) to work on /home/airflow/.local/lib/python3.12/site-packages/airflow/example_dags/example_setup_teardown_taskflow.py
[2024-09-12T15:05:06.750+0000] {processor.py:914} INFO - Processing file /home/airflow/.local/lib/python3.12/site-packages/airflow/example_dags/example_setup_teardown_taskflow.py for tasks to queue
[2024-09-12T15:05:06.753+0000] {logging_mixin.py:190} INFO - [2024-09-12T15:05:06.752+0000] {dagbag.py:587} INFO - Filling up the DagBag from /home/airflow/.local/lib/python3.12/site-packages/airflow/example_dags/example_setup_teardown_taskflow.py
[2024-09-12T15:05:06.847+0000] {processor.py:925} INFO - DAG(s) 'example_setup_teardown_taskflow' retrieved from /home/airflow/.local/lib/python3.12/site-packages/airflow/example_dags/example_setup_teardown_taskflow.py
[2024-09-12T15:05:07.020+0000] {logging_mixin.py:190} INFO - [2024-09-12T15:05:07.020+0000] {dag.py:3211} INFO - Sync 1 DAGs
[2024-09-12T15:05:07.263+0000] {logging_mixin.py:190} INFO - [2024-09-12T15:05:07.263+0000] {dag.py:4138} INFO - Setting next_dagrun for example_setup_teardown_taskflow to 2024-09-11 00:00:00+00:00, run_after=2024-09-12 00:00:00+00:00
[2024-09-12T15:05:07.643+0000] {processor.py:208} INFO - Processing /home/airflow/.local/lib/python3.12/site-packages/airflow/example_dags/example_setup_teardown_taskflow.py took 1.017 seconds
[2024-09-12T15:06:16.561+0000] {processor.py:186} INFO - Started process (PID=567) to work on /home/airflow/.local/lib/python3.12/site-packages/airflow/example_dags/example_setup_teardown_taskflow.py
[2024-09-12T15:06:16.585+0000] {processor.py:914} INFO - Processing file /home/airflow/.local/lib/python3.12/site-packages/airflow/example_dags/example_setup_teardown_taskflow.py for tasks to queue
[2024-09-12T15:06:16.602+0000] {logging_mixin.py:190} INFO - [2024-09-12T15:06:16.601+0000] {dagbag.py:587} INFO - Filling up the DagBag from /home/airflow/.local/lib/python3.12/site-packages/airflow/example_dags/example_setup_teardown_taskflow.py
[2024-09-12T15:06:16.835+0000] {processor.py:925} INFO - DAG(s) 'example_setup_teardown_taskflow' retrieved from /home/airflow/.local/lib/python3.12/site-packages/airflow/example_dags/example_setup_teardown_taskflow.py
[2024-09-12T15:06:17.134+0000] {logging_mixin.py:190} INFO - [2024-09-12T15:06:17.133+0000] {dag.py:3211} INFO - Sync 1 DAGs
[2024-09-12T15:06:17.470+0000] {logging_mixin.py:190} INFO - [2024-09-12T15:06:17.470+0000] {dag.py:4138} INFO - Setting next_dagrun for example_setup_teardown_taskflow to 2024-09-11 00:00:00+00:00, run_after=2024-09-12 00:00:00+00:00
[2024-09-12T15:06:17.621+0000] {processor.py:208} INFO - Processing /home/airflow/.local/lib/python3.12/site-packages/airflow/example_dags/example_setup_teardown_taskflow.py took 1.122 seconds
[2024-09-12T15:07:05.326+0000] {processor.py:186} INFO - Started process (PID=629) to work on /home/airflow/.local/lib/python3.12/site-packages/airflow/example_dags/example_setup_teardown_taskflow.py
[2024-09-12T15:07:05.340+0000] {processor.py:914} INFO - Processing file /home/airflow/.local/lib/python3.12/site-packages/airflow/example_dags/example_setup_teardown_taskflow.py for tasks to queue
[2024-09-12T15:07:05.404+0000] {logging_mixin.py:190} INFO - [2024-09-12T15:07:05.403+0000] {dagbag.py:587} INFO - Filling up the DagBag from /home/airflow/.local/lib/python3.12/site-packages/airflow/example_dags/example_setup_teardown_taskflow.py
[2024-09-12T15:07:05.677+0000] {processor.py:925} INFO - DAG(s) 'example_setup_teardown_taskflow' retrieved from /home/airflow/.local/lib/python3.12/site-packages/airflow/example_dags/example_setup_teardown_taskflow.py
[2024-09-12T15:07:06.010+0000] {logging_mixin.py:190} INFO - [2024-09-12T15:07:06.010+0000] {dag.py:3211} INFO - Sync 1 DAGs
[2024-09-12T15:07:06.306+0000] {logging_mixin.py:190} INFO - [2024-09-12T15:07:06.295+0000] {dag.py:4138} INFO - Setting next_dagrun for example_setup_teardown_taskflow to 2024-09-11 00:00:00+00:00, run_after=2024-09-12 00:00:00+00:00
[2024-09-12T15:07:06.484+0000] {processor.py:208} INFO - Processing /home/airflow/.local/lib/python3.12/site-packages/airflow/example_dags/example_setup_teardown_taskflow.py took 1.306 seconds
[2024-09-12T15:08:31.019+0000] {processor.py:186} INFO - Started process (PID=713) to work on /home/airflow/.local/lib/python3.12/site-packages/airflow/example_dags/example_setup_teardown_taskflow.py
[2024-09-12T15:08:31.065+0000] {processor.py:914} INFO - Processing file /home/airflow/.local/lib/python3.12/site-packages/airflow/example_dags/example_setup_teardown_taskflow.py for tasks to queue
[2024-09-12T15:08:31.158+0000] {logging_mixin.py:190} INFO - [2024-09-12T15:08:31.068+0000] {dagbag.py:587} INFO - Filling up the DagBag from /home/airflow/.local/lib/python3.12/site-packages/airflow/example_dags/example_setup_teardown_taskflow.py
[2024-09-12T15:08:31.445+0000] {processor.py:925} INFO - DAG(s) 'example_setup_teardown_taskflow' retrieved from /home/airflow/.local/lib/python3.12/site-packages/airflow/example_dags/example_setup_teardown_taskflow.py
[2024-09-12T15:08:31.925+0000] {logging_mixin.py:190} INFO - [2024-09-12T15:08:31.925+0000] {dag.py:3211} INFO - Sync 1 DAGs
[2024-09-12T15:08:32.674+0000] {logging_mixin.py:190} INFO - [2024-09-12T15:08:32.646+0000] {dag.py:4138} INFO - Setting next_dagrun for example_setup_teardown_taskflow to 2024-09-11 00:00:00+00:00, run_after=2024-09-12 00:00:00+00:00
[2024-09-12T15:08:33.364+0000] {processor.py:208} INFO - Processing /home/airflow/.local/lib/python3.12/site-packages/airflow/example_dags/example_setup_teardown_taskflow.py took 2.446 seconds
[2024-09-12T15:09:53.426+0000] {processor.py:186} INFO - Started process (PID=798) to work on /home/airflow/.local/lib/python3.12/site-packages/airflow/example_dags/example_setup_teardown_taskflow.py
[2024-09-12T15:09:53.436+0000] {processor.py:914} INFO - Processing file /home/airflow/.local/lib/python3.12/site-packages/airflow/example_dags/example_setup_teardown_taskflow.py for tasks to queue
[2024-09-12T15:09:53.439+0000] {logging_mixin.py:190} INFO - [2024-09-12T15:09:53.438+0000] {dagbag.py:587} INFO - Filling up the DagBag from /home/airflow/.local/lib/python3.12/site-packages/airflow/example_dags/example_setup_teardown_taskflow.py
[2024-09-12T15:09:53.611+0000] {processor.py:925} INFO - DAG(s) 'example_setup_teardown_taskflow' retrieved from /home/airflow/.local/lib/python3.12/site-packages/airflow/example_dags/example_setup_teardown_taskflow.py
[2024-09-12T15:09:53.943+0000] {logging_mixin.py:190} INFO - [2024-09-12T15:09:53.942+0000] {dag.py:3211} INFO - Sync 1 DAGs
[2024-09-12T15:09:54.221+0000] {logging_mixin.py:190} INFO - [2024-09-12T15:09:54.221+0000] {dag.py:4138} INFO - Setting next_dagrun for example_setup_teardown_taskflow to 2024-09-11 00:00:00+00:00, run_after=2024-09-12 00:00:00+00:00
[2024-09-12T15:09:54.396+0000] {processor.py:208} INFO - Processing /home/airflow/.local/lib/python3.12/site-packages/airflow/example_dags/example_setup_teardown_taskflow.py took 1.064 seconds
[2024-09-12T15:10:50.584+0000] {processor.py:186} INFO - Started process (PID=864) to work on /home/airflow/.local/lib/python3.12/site-packages/airflow/example_dags/example_setup_teardown_taskflow.py
[2024-09-12T15:10:50.585+0000] {processor.py:914} INFO - Processing file /home/airflow/.local/lib/python3.12/site-packages/airflow/example_dags/example_setup_teardown_taskflow.py for tasks to queue
[2024-09-12T15:10:50.599+0000] {logging_mixin.py:190} INFO - [2024-09-12T15:10:50.599+0000] {dagbag.py:587} INFO - Filling up the DagBag from /home/airflow/.local/lib/python3.12/site-packages/airflow/example_dags/example_setup_teardown_taskflow.py
[2024-09-12T15:10:50.705+0000] {processor.py:925} INFO - DAG(s) 'example_setup_teardown_taskflow' retrieved from /home/airflow/.local/lib/python3.12/site-packages/airflow/example_dags/example_setup_teardown_taskflow.py
[2024-09-12T15:10:50.964+0000] {logging_mixin.py:190} INFO - [2024-09-12T15:10:50.964+0000] {dag.py:3211} INFO - Sync 1 DAGs
[2024-09-12T15:10:51.318+0000] {logging_mixin.py:190} INFO - [2024-09-12T15:10:51.318+0000] {dag.py:4138} INFO - Setting next_dagrun for example_setup_teardown_taskflow to 2024-09-11 00:00:00+00:00, run_after=2024-09-12 00:00:00+00:00
[2024-09-12T15:10:51.507+0000] {processor.py:208} INFO - Processing /home/airflow/.local/lib/python3.12/site-packages/airflow/example_dags/example_setup_teardown_taskflow.py took 0.958 seconds
[2024-09-12T15:11:40.550+0000] {processor.py:186} INFO - Started process (PID=937) to work on /home/airflow/.local/lib/python3.12/site-packages/airflow/example_dags/example_setup_teardown_taskflow.py
[2024-09-12T15:11:40.602+0000] {processor.py:914} INFO - Processing file /home/airflow/.local/lib/python3.12/site-packages/airflow/example_dags/example_setup_teardown_taskflow.py for tasks to queue
[2024-09-12T15:11:40.622+0000] {logging_mixin.py:190} INFO - [2024-09-12T15:11:40.621+0000] {dagbag.py:587} INFO - Filling up the DagBag from /home/airflow/.local/lib/python3.12/site-packages/airflow/example_dags/example_setup_teardown_taskflow.py
[2024-09-12T15:11:40.816+0000] {processor.py:925} INFO - DAG(s) 'example_setup_teardown_taskflow' retrieved from /home/airflow/.local/lib/python3.12/site-packages/airflow/example_dags/example_setup_teardown_taskflow.py
[2024-09-12T15:11:41.172+0000] {logging_mixin.py:190} INFO - [2024-09-12T15:11:41.170+0000] {dag.py:3211} INFO - Sync 1 DAGs
[2024-09-12T15:11:41.476+0000] {logging_mixin.py:190} INFO - [2024-09-12T15:11:41.475+0000] {dag.py:4138} INFO - Setting next_dagrun for example_setup_teardown_taskflow to 2024-09-11 00:00:00+00:00, run_after=2024-09-12 00:00:00+00:00
[2024-09-12T15:11:41.692+0000] {processor.py:208} INFO - Processing /home/airflow/.local/lib/python3.12/site-packages/airflow/example_dags/example_setup_teardown_taskflow.py took 1.248 seconds
[2024-09-12T15:15:14.724+0000] {processor.py:186} INFO - Started process (PID=103) to work on /home/airflow/.local/lib/python3.12/site-packages/airflow/example_dags/example_setup_teardown_taskflow.py
[2024-09-12T15:15:14.726+0000] {processor.py:914} INFO - Processing file /home/airflow/.local/lib/python3.12/site-packages/airflow/example_dags/example_setup_teardown_taskflow.py for tasks to queue
[2024-09-12T15:15:14.771+0000] {logging_mixin.py:190} INFO - [2024-09-12T15:15:14.771+0000] {dagbag.py:587} INFO - Filling up the DagBag from /home/airflow/.local/lib/python3.12/site-packages/airflow/example_dags/example_setup_teardown_taskflow.py
[2024-09-12T15:15:14.825+0000] {processor.py:925} INFO - DAG(s) 'example_setup_teardown_taskflow' retrieved from /home/airflow/.local/lib/python3.12/site-packages/airflow/example_dags/example_setup_teardown_taskflow.py
[2024-09-12T15:15:14.972+0000] {logging_mixin.py:190} INFO - [2024-09-12T15:15:14.972+0000] {dag.py:3211} INFO - Sync 1 DAGs
[2024-09-12T15:15:15.211+0000] {logging_mixin.py:190} INFO - [2024-09-12T15:15:15.211+0000] {dag.py:4138} INFO - Setting next_dagrun for example_setup_teardown_taskflow to 2024-09-11 00:00:00+00:00, run_after=2024-09-12 00:00:00+00:00
[2024-09-12T15:15:15.363+0000] {processor.py:208} INFO - Processing /home/airflow/.local/lib/python3.12/site-packages/airflow/example_dags/example_setup_teardown_taskflow.py took 0.700 seconds
[2024-09-12T15:16:12.356+0000] {processor.py:186} INFO - Started process (PID=174) to work on /home/airflow/.local/lib/python3.12/site-packages/airflow/example_dags/example_setup_teardown_taskflow.py
[2024-09-12T15:16:12.358+0000] {processor.py:914} INFO - Processing file /home/airflow/.local/lib/python3.12/site-packages/airflow/example_dags/example_setup_teardown_taskflow.py for tasks to queue
[2024-09-12T15:16:12.370+0000] {logging_mixin.py:190} INFO - [2024-09-12T15:16:12.369+0000] {dagbag.py:587} INFO - Filling up the DagBag from /home/airflow/.local/lib/python3.12/site-packages/airflow/example_dags/example_setup_teardown_taskflow.py
[2024-09-12T15:16:12.432+0000] {processor.py:925} INFO - DAG(s) 'example_setup_teardown_taskflow' retrieved from /home/airflow/.local/lib/python3.12/site-packages/airflow/example_dags/example_setup_teardown_taskflow.py
[2024-09-12T15:16:12.669+0000] {logging_mixin.py:190} INFO - [2024-09-12T15:16:12.669+0000] {dag.py:3211} INFO - Sync 1 DAGs
[2024-09-12T15:16:12.858+0000] {logging_mixin.py:190} INFO - [2024-09-12T15:16:12.857+0000] {dag.py:4138} INFO - Setting next_dagrun for example_setup_teardown_taskflow to 2024-09-11 00:00:00+00:00, run_after=2024-09-12 00:00:00+00:00
[2024-09-12T15:16:13.047+0000] {processor.py:208} INFO - Processing /home/airflow/.local/lib/python3.12/site-packages/airflow/example_dags/example_setup_teardown_taskflow.py took 0.769 seconds
[2024-09-12T15:17:23.790+0000] {processor.py:186} INFO - Started process (PID=239) to work on /home/airflow/.local/lib/python3.12/site-packages/airflow/example_dags/example_setup_teardown_taskflow.py
[2024-09-12T15:17:23.794+0000] {processor.py:914} INFO - Processing file /home/airflow/.local/lib/python3.12/site-packages/airflow/example_dags/example_setup_teardown_taskflow.py for tasks to queue
[2024-09-12T15:17:23.831+0000] {logging_mixin.py:190} INFO - [2024-09-12T15:17:23.815+0000] {dagbag.py:587} INFO - Filling up the DagBag from /home/airflow/.local/lib/python3.12/site-packages/airflow/example_dags/example_setup_teardown_taskflow.py
[2024-09-12T15:17:23.914+0000] {processor.py:925} INFO - DAG(s) 'example_setup_teardown_taskflow' retrieved from /home/airflow/.local/lib/python3.12/site-packages/airflow/example_dags/example_setup_teardown_taskflow.py
[2024-09-12T15:17:24.170+0000] {logging_mixin.py:190} INFO - [2024-09-12T15:17:24.170+0000] {dag.py:3211} INFO - Sync 1 DAGs
[2024-09-12T15:17:24.532+0000] {logging_mixin.py:190} INFO - [2024-09-12T15:17:24.531+0000] {dag.py:4138} INFO - Setting next_dagrun for example_setup_teardown_taskflow to 2024-09-11 00:00:00+00:00, run_after=2024-09-12 00:00:00+00:00
[2024-09-12T15:17:24.690+0000] {processor.py:208} INFO - Processing /home/airflow/.local/lib/python3.12/site-packages/airflow/example_dags/example_setup_teardown_taskflow.py took 0.939 seconds
[2024-09-12T15:18:17.831+0000] {processor.py:186} INFO - Started process (PID=310) to work on /home/airflow/.local/lib/python3.12/site-packages/airflow/example_dags/example_setup_teardown_taskflow.py
[2024-09-12T15:18:17.834+0000] {processor.py:914} INFO - Processing file /home/airflow/.local/lib/python3.12/site-packages/airflow/example_dags/example_setup_teardown_taskflow.py for tasks to queue
[2024-09-12T15:18:17.850+0000] {logging_mixin.py:190} INFO - [2024-09-12T15:18:17.849+0000] {dagbag.py:587} INFO - Filling up the DagBag from /home/airflow/.local/lib/python3.12/site-packages/airflow/example_dags/example_setup_teardown_taskflow.py
[2024-09-12T15:18:18.000+0000] {processor.py:925} INFO - DAG(s) 'example_setup_teardown_taskflow' retrieved from /home/airflow/.local/lib/python3.12/site-packages/airflow/example_dags/example_setup_teardown_taskflow.py
[2024-09-12T15:18:18.179+0000] {logging_mixin.py:190} INFO - [2024-09-12T15:18:18.179+0000] {dag.py:3211} INFO - Sync 1 DAGs
[2024-09-12T15:18:18.372+0000] {logging_mixin.py:190} INFO - [2024-09-12T15:18:18.372+0000] {dag.py:4138} INFO - Setting next_dagrun for example_setup_teardown_taskflow to 2024-09-11 00:00:00+00:00, run_after=2024-09-12 00:00:00+00:00
[2024-09-12T15:18:18.544+0000] {processor.py:208} INFO - Processing /home/airflow/.local/lib/python3.12/site-packages/airflow/example_dags/example_setup_teardown_taskflow.py took 0.738 seconds
[2024-09-12T15:19:30.680+0000] {processor.py:186} INFO - Started process (PID=398) to work on /home/airflow/.local/lib/python3.12/site-packages/airflow/example_dags/example_setup_teardown_taskflow.py
[2024-09-12T15:19:30.690+0000] {processor.py:914} INFO - Processing file /home/airflow/.local/lib/python3.12/site-packages/airflow/example_dags/example_setup_teardown_taskflow.py for tasks to queue
[2024-09-12T15:19:30.707+0000] {logging_mixin.py:190} INFO - [2024-09-12T15:19:30.707+0000] {dagbag.py:587} INFO - Filling up the DagBag from /home/airflow/.local/lib/python3.12/site-packages/airflow/example_dags/example_setup_teardown_taskflow.py
[2024-09-12T15:19:30.782+0000] {processor.py:925} INFO - DAG(s) 'example_setup_teardown_taskflow' retrieved from /home/airflow/.local/lib/python3.12/site-packages/airflow/example_dags/example_setup_teardown_taskflow.py
[2024-09-12T15:19:30.934+0000] {logging_mixin.py:190} INFO - [2024-09-12T15:19:30.927+0000] {dag.py:3211} INFO - Sync 1 DAGs
[2024-09-12T15:19:31.085+0000] {logging_mixin.py:190} INFO - [2024-09-12T15:19:31.085+0000] {dag.py:4138} INFO - Setting next_dagrun for example_setup_teardown_taskflow to 2024-09-11 00:00:00+00:00, run_after=2024-09-12 00:00:00+00:00
[2024-09-12T15:19:31.401+0000] {processor.py:208} INFO - Processing /home/airflow/.local/lib/python3.12/site-packages/airflow/example_dags/example_setup_teardown_taskflow.py took 0.754 seconds
[2024-09-12T15:20:24.266+0000] {processor.py:186} INFO - Started process (PID=472) to work on /home/airflow/.local/lib/python3.12/site-packages/airflow/example_dags/example_setup_teardown_taskflow.py
[2024-09-12T15:20:24.301+0000] {processor.py:914} INFO - Processing file /home/airflow/.local/lib/python3.12/site-packages/airflow/example_dags/example_setup_teardown_taskflow.py for tasks to queue
[2024-09-12T15:20:24.408+0000] {logging_mixin.py:190} INFO - [2024-09-12T15:20:24.407+0000] {dagbag.py:587} INFO - Filling up the DagBag from /home/airflow/.local/lib/python3.12/site-packages/airflow/example_dags/example_setup_teardown_taskflow.py
[2024-09-12T15:20:24.640+0000] {processor.py:925} INFO - DAG(s) 'example_setup_teardown_taskflow' retrieved from /home/airflow/.local/lib/python3.12/site-packages/airflow/example_dags/example_setup_teardown_taskflow.py
[2024-09-12T15:20:24.792+0000] {logging_mixin.py:190} INFO - [2024-09-12T15:20:24.791+0000] {dag.py:3211} INFO - Sync 1 DAGs
[2024-09-12T15:20:25.640+0000] {logging_mixin.py:190} INFO - [2024-09-12T15:20:25.640+0000] {dag.py:4138} INFO - Setting next_dagrun for example_setup_teardown_taskflow to 2024-09-11 00:00:00+00:00, run_after=2024-09-12 00:00:00+00:00
[2024-09-12T15:20:26.626+0000] {processor.py:208} INFO - Processing /home/airflow/.local/lib/python3.12/site-packages/airflow/example_dags/example_setup_teardown_taskflow.py took 2.441 seconds
[2024-09-12T15:21:31.894+0000] {processor.py:186} INFO - Started process (PID=555) to work on /home/airflow/.local/lib/python3.12/site-packages/airflow/example_dags/example_setup_teardown_taskflow.py
[2024-09-12T15:21:31.910+0000] {processor.py:914} INFO - Processing file /home/airflow/.local/lib/python3.12/site-packages/airflow/example_dags/example_setup_teardown_taskflow.py for tasks to queue
[2024-09-12T15:21:31.945+0000] {logging_mixin.py:190} INFO - [2024-09-12T15:21:31.945+0000] {dagbag.py:587} INFO - Filling up the DagBag from /home/airflow/.local/lib/python3.12/site-packages/airflow/example_dags/example_setup_teardown_taskflow.py
[2024-09-12T15:21:32.262+0000] {processor.py:925} INFO - DAG(s) 'example_setup_teardown_taskflow' retrieved from /home/airflow/.local/lib/python3.12/site-packages/airflow/example_dags/example_setup_teardown_taskflow.py
[2024-09-12T15:21:32.628+0000] {logging_mixin.py:190} INFO - [2024-09-12T15:21:32.627+0000] {dag.py:3211} INFO - Sync 1 DAGs
[2024-09-12T15:21:33.011+0000] {logging_mixin.py:190} INFO - [2024-09-12T15:21:33.011+0000] {dag.py:4138} INFO - Setting next_dagrun for example_setup_teardown_taskflow to 2024-09-11 00:00:00+00:00, run_after=2024-09-12 00:00:00+00:00
[2024-09-12T15:21:33.235+0000] {processor.py:208} INFO - Processing /home/airflow/.local/lib/python3.12/site-packages/airflow/example_dags/example_setup_teardown_taskflow.py took 1.434 seconds
[2024-09-12T15:22:48.319+0000] {processor.py:186} INFO - Started process (PID=640) to work on /home/airflow/.local/lib/python3.12/site-packages/airflow/example_dags/example_setup_teardown_taskflow.py
[2024-09-12T15:22:48.341+0000] {processor.py:914} INFO - Processing file /home/airflow/.local/lib/python3.12/site-packages/airflow/example_dags/example_setup_teardown_taskflow.py for tasks to queue
[2024-09-12T15:22:48.422+0000] {logging_mixin.py:190} INFO - [2024-09-12T15:22:48.422+0000] {dagbag.py:587} INFO - Filling up the DagBag from /home/airflow/.local/lib/python3.12/site-packages/airflow/example_dags/example_setup_teardown_taskflow.py
[2024-09-12T15:22:48.682+0000] {processor.py:925} INFO - DAG(s) 'example_setup_teardown_taskflow' retrieved from /home/airflow/.local/lib/python3.12/site-packages/airflow/example_dags/example_setup_teardown_taskflow.py
[2024-09-12T15:22:49.141+0000] {logging_mixin.py:190} INFO - [2024-09-12T15:22:49.140+0000] {dag.py:3211} INFO - Sync 1 DAGs
[2024-09-12T15:22:49.612+0000] {logging_mixin.py:190} INFO - [2024-09-12T15:22:49.610+0000] {dag.py:4138} INFO - Setting next_dagrun for example_setup_teardown_taskflow to 2024-09-11 00:00:00+00:00, run_after=2024-09-12 00:00:00+00:00
[2024-09-12T15:22:50.173+0000] {processor.py:208} INFO - Processing /home/airflow/.local/lib/python3.12/site-packages/airflow/example_dags/example_setup_teardown_taskflow.py took 1.922 seconds
[2024-09-12T15:23:53.830+0000] {processor.py:186} INFO - Started process (PID=716) to work on /home/airflow/.local/lib/python3.12/site-packages/airflow/example_dags/example_setup_teardown_taskflow.py
[2024-09-12T15:23:53.854+0000] {processor.py:914} INFO - Processing file /home/airflow/.local/lib/python3.12/site-packages/airflow/example_dags/example_setup_teardown_taskflow.py for tasks to queue
[2024-09-12T15:23:53.872+0000] {logging_mixin.py:190} INFO - [2024-09-12T15:23:53.872+0000] {dagbag.py:587} INFO - Filling up the DagBag from /home/airflow/.local/lib/python3.12/site-packages/airflow/example_dags/example_setup_teardown_taskflow.py
[2024-09-12T15:23:54.177+0000] {processor.py:925} INFO - DAG(s) 'example_setup_teardown_taskflow' retrieved from /home/airflow/.local/lib/python3.12/site-packages/airflow/example_dags/example_setup_teardown_taskflow.py
[2024-09-12T15:23:54.502+0000] {logging_mixin.py:190} INFO - [2024-09-12T15:23:54.502+0000] {dag.py:3211} INFO - Sync 1 DAGs
[2024-09-12T15:23:54.816+0000] {logging_mixin.py:190} INFO - [2024-09-12T15:23:54.816+0000] {dag.py:4138} INFO - Setting next_dagrun for example_setup_teardown_taskflow to 2024-09-11 00:00:00+00:00, run_after=2024-09-12 00:00:00+00:00
[2024-09-12T15:23:54.989+0000] {processor.py:208} INFO - Processing /home/airflow/.local/lib/python3.12/site-packages/airflow/example_dags/example_setup_teardown_taskflow.py took 1.291 seconds
[2024-09-12T15:25:07.434+0000] {processor.py:186} INFO - Started process (PID=799) to work on /home/airflow/.local/lib/python3.12/site-packages/airflow/example_dags/example_setup_teardown_taskflow.py
[2024-09-12T15:25:07.449+0000] {processor.py:914} INFO - Processing file /home/airflow/.local/lib/python3.12/site-packages/airflow/example_dags/example_setup_teardown_taskflow.py for tasks to queue
[2024-09-12T15:25:07.469+0000] {logging_mixin.py:190} INFO - [2024-09-12T15:25:07.468+0000] {dagbag.py:587} INFO - Filling up the DagBag from /home/airflow/.local/lib/python3.12/site-packages/airflow/example_dags/example_setup_teardown_taskflow.py
[2024-09-12T15:25:07.622+0000] {processor.py:925} INFO - DAG(s) 'example_setup_teardown_taskflow' retrieved from /home/airflow/.local/lib/python3.12/site-packages/airflow/example_dags/example_setup_teardown_taskflow.py
[2024-09-12T15:25:08.167+0000] {logging_mixin.py:190} INFO - [2024-09-12T15:25:08.167+0000] {dag.py:3211} INFO - Sync 1 DAGs
[2024-09-12T15:25:08.439+0000] {logging_mixin.py:190} INFO - [2024-09-12T15:25:08.438+0000] {dag.py:4138} INFO - Setting next_dagrun for example_setup_teardown_taskflow to 2024-09-11 00:00:00+00:00, run_after=2024-09-12 00:00:00+00:00
[2024-09-12T15:25:08.905+0000] {processor.py:208} INFO - Processing /home/airflow/.local/lib/python3.12/site-packages/airflow/example_dags/example_setup_teardown_taskflow.py took 1.535 seconds
[2024-09-12T15:26:59.901+0000] {processor.py:186} INFO - Started process (PID=879) to work on /home/airflow/.local/lib/python3.12/site-packages/airflow/example_dags/example_setup_teardown_taskflow.py
[2024-09-12T15:26:59.914+0000] {processor.py:914} INFO - Processing file /home/airflow/.local/lib/python3.12/site-packages/airflow/example_dags/example_setup_teardown_taskflow.py for tasks to queue
[2024-09-12T15:26:59.970+0000] {logging_mixin.py:190} INFO - [2024-09-12T15:26:59.943+0000] {dagbag.py:587} INFO - Filling up the DagBag from /home/airflow/.local/lib/python3.12/site-packages/airflow/example_dags/example_setup_teardown_taskflow.py
[2024-09-12T15:27:00.177+0000] {processor.py:925} INFO - DAG(s) 'example_setup_teardown_taskflow' retrieved from /home/airflow/.local/lib/python3.12/site-packages/airflow/example_dags/example_setup_teardown_taskflow.py
[2024-09-12T15:27:00.467+0000] {logging_mixin.py:190} INFO - [2024-09-12T15:27:00.457+0000] {dag.py:3211} INFO - Sync 1 DAGs
[2024-09-12T15:27:00.652+0000] {logging_mixin.py:190} INFO - [2024-09-12T15:27:00.651+0000] {dag.py:4138} INFO - Setting next_dagrun for example_setup_teardown_taskflow to 2024-09-11 00:00:00+00:00, run_after=2024-09-12 00:00:00+00:00
[2024-09-12T15:27:00.893+0000] {processor.py:208} INFO - Processing /home/airflow/.local/lib/python3.12/site-packages/airflow/example_dags/example_setup_teardown_taskflow.py took 1.037 seconds
[2024-09-12T15:27:59.240+0000] {processor.py:186} INFO - Started process (PID=951) to work on /home/airflow/.local/lib/python3.12/site-packages/airflow/example_dags/example_setup_teardown_taskflow.py
[2024-09-12T15:27:59.276+0000] {processor.py:914} INFO - Processing file /home/airflow/.local/lib/python3.12/site-packages/airflow/example_dags/example_setup_teardown_taskflow.py for tasks to queue
[2024-09-12T15:27:59.294+0000] {logging_mixin.py:190} INFO - [2024-09-12T15:27:59.293+0000] {dagbag.py:587} INFO - Filling up the DagBag from /home/airflow/.local/lib/python3.12/site-packages/airflow/example_dags/example_setup_teardown_taskflow.py
[2024-09-12T15:27:59.531+0000] {processor.py:925} INFO - DAG(s) 'example_setup_teardown_taskflow' retrieved from /home/airflow/.local/lib/python3.12/site-packages/airflow/example_dags/example_setup_teardown_taskflow.py
[2024-09-12T15:27:59.863+0000] {logging_mixin.py:190} INFO - [2024-09-12T15:27:59.863+0000] {dag.py:3211} INFO - Sync 1 DAGs
[2024-09-12T15:28:00.094+0000] {logging_mixin.py:190} INFO - [2024-09-12T15:28:00.094+0000] {dag.py:4138} INFO - Setting next_dagrun for example_setup_teardown_taskflow to 2024-09-11 00:00:00+00:00, run_after=2024-09-12 00:00:00+00:00
[2024-09-12T15:28:00.319+0000] {processor.py:208} INFO - Processing /home/airflow/.local/lib/python3.12/site-packages/airflow/example_dags/example_setup_teardown_taskflow.py took 1.170 seconds
[2024-09-12T15:28:45.510+0000] {processor.py:186} INFO - Started process (PID=1024) to work on /home/airflow/.local/lib/python3.12/site-packages/airflow/example_dags/example_setup_teardown_taskflow.py
[2024-09-12T15:28:45.529+0000] {processor.py:914} INFO - Processing file /home/airflow/.local/lib/python3.12/site-packages/airflow/example_dags/example_setup_teardown_taskflow.py for tasks to queue
[2024-09-12T15:28:45.592+0000] {logging_mixin.py:190} INFO - [2024-09-12T15:28:45.573+0000] {dagbag.py:587} INFO - Filling up the DagBag from /home/airflow/.local/lib/python3.12/site-packages/airflow/example_dags/example_setup_teardown_taskflow.py
[2024-09-12T15:28:45.678+0000] {processor.py:925} INFO - DAG(s) 'example_setup_teardown_taskflow' retrieved from /home/airflow/.local/lib/python3.12/site-packages/airflow/example_dags/example_setup_teardown_taskflow.py
[2024-09-12T15:28:45.816+0000] {logging_mixin.py:190} INFO - [2024-09-12T15:28:45.816+0000] {dag.py:3211} INFO - Sync 1 DAGs
[2024-09-12T15:28:45.949+0000] {logging_mixin.py:190} INFO - [2024-09-12T15:28:45.949+0000] {dag.py:4138} INFO - Setting next_dagrun for example_setup_teardown_taskflow to 2024-09-11 00:00:00+00:00, run_after=2024-09-12 00:00:00+00:00
[2024-09-12T15:28:46.171+0000] {processor.py:208} INFO - Processing /home/airflow/.local/lib/python3.12/site-packages/airflow/example_dags/example_setup_teardown_taskflow.py took 0.694 seconds
[2024-09-12T15:29:36.476+0000] {processor.py:186} INFO - Started process (PID=1089) to work on /home/airflow/.local/lib/python3.12/site-packages/airflow/example_dags/example_setup_teardown_taskflow.py
[2024-09-12T15:29:36.493+0000] {processor.py:914} INFO - Processing file /home/airflow/.local/lib/python3.12/site-packages/airflow/example_dags/example_setup_teardown_taskflow.py for tasks to queue
[2024-09-12T15:29:36.501+0000] {logging_mixin.py:190} INFO - [2024-09-12T15:29:36.501+0000] {dagbag.py:587} INFO - Filling up the DagBag from /home/airflow/.local/lib/python3.12/site-packages/airflow/example_dags/example_setup_teardown_taskflow.py
[2024-09-12T15:29:36.655+0000] {processor.py:925} INFO - DAG(s) 'example_setup_teardown_taskflow' retrieved from /home/airflow/.local/lib/python3.12/site-packages/airflow/example_dags/example_setup_teardown_taskflow.py
[2024-09-12T15:29:37.045+0000] {logging_mixin.py:190} INFO - [2024-09-12T15:29:37.044+0000] {dag.py:3211} INFO - Sync 1 DAGs
[2024-09-12T15:29:37.379+0000] {logging_mixin.py:190} INFO - [2024-09-12T15:29:37.378+0000] {dag.py:4138} INFO - Setting next_dagrun for example_setup_teardown_taskflow to 2024-09-11 00:00:00+00:00, run_after=2024-09-12 00:00:00+00:00
[2024-09-12T15:29:37.618+0000] {processor.py:208} INFO - Processing /home/airflow/.local/lib/python3.12/site-packages/airflow/example_dags/example_setup_teardown_taskflow.py took 1.372 seconds
[2024-09-12T15:31:24.462+0000] {processor.py:186} INFO - Started process (PID=1161) to work on /home/airflow/.local/lib/python3.12/site-packages/airflow/example_dags/example_setup_teardown_taskflow.py
[2024-09-12T15:31:24.471+0000] {processor.py:914} INFO - Processing file /home/airflow/.local/lib/python3.12/site-packages/airflow/example_dags/example_setup_teardown_taskflow.py for tasks to queue
[2024-09-12T15:31:24.494+0000] {logging_mixin.py:190} INFO - [2024-09-12T15:31:24.493+0000] {dagbag.py:587} INFO - Filling up the DagBag from /home/airflow/.local/lib/python3.12/site-packages/airflow/example_dags/example_setup_teardown_taskflow.py
[2024-09-12T15:31:24.609+0000] {processor.py:925} INFO - DAG(s) 'example_setup_teardown_taskflow' retrieved from /home/airflow/.local/lib/python3.12/site-packages/airflow/example_dags/example_setup_teardown_taskflow.py
[2024-09-12T15:31:24.745+0000] {logging_mixin.py:190} INFO - [2024-09-12T15:31:24.745+0000] {dag.py:3211} INFO - Sync 1 DAGs
[2024-09-12T15:31:24.883+0000] {logging_mixin.py:190} INFO - [2024-09-12T15:31:24.882+0000] {dag.py:4138} INFO - Setting next_dagrun for example_setup_teardown_taskflow to 2024-09-11 00:00:00+00:00, run_after=2024-09-12 00:00:00+00:00
[2024-09-12T15:31:25.209+0000] {processor.py:208} INFO - Processing /home/airflow/.local/lib/python3.12/site-packages/airflow/example_dags/example_setup_teardown_taskflow.py took 0.781 seconds
[2024-09-12T15:32:01.890+0000] {processor.py:186} INFO - Started process (PID=1223) to work on /home/airflow/.local/lib/python3.12/site-packages/airflow/example_dags/example_setup_teardown_taskflow.py
[2024-09-12T15:32:01.901+0000] {processor.py:914} INFO - Processing file /home/airflow/.local/lib/python3.12/site-packages/airflow/example_dags/example_setup_teardown_taskflow.py for tasks to queue
[2024-09-12T15:32:01.905+0000] {logging_mixin.py:190} INFO - [2024-09-12T15:32:01.904+0000] {dagbag.py:587} INFO - Filling up the DagBag from /home/airflow/.local/lib/python3.12/site-packages/airflow/example_dags/example_setup_teardown_taskflow.py
[2024-09-12T15:32:01.981+0000] {processor.py:925} INFO - DAG(s) 'example_setup_teardown_taskflow' retrieved from /home/airflow/.local/lib/python3.12/site-packages/airflow/example_dags/example_setup_teardown_taskflow.py
[2024-09-12T15:32:02.215+0000] {logging_mixin.py:190} INFO - [2024-09-12T15:32:02.215+0000] {dag.py:3211} INFO - Sync 1 DAGs
[2024-09-12T15:32:02.438+0000] {logging_mixin.py:190} INFO - [2024-09-12T15:32:02.437+0000] {dag.py:4138} INFO - Setting next_dagrun for example_setup_teardown_taskflow to 2024-09-11 00:00:00+00:00, run_after=2024-09-12 00:00:00+00:00
[2024-09-12T15:32:02.645+0000] {processor.py:208} INFO - Processing /home/airflow/.local/lib/python3.12/site-packages/airflow/example_dags/example_setup_teardown_taskflow.py took 0.783 seconds
[2024-09-12T15:33:00.495+0000] {processor.py:186} INFO - Started process (PID=1292) to work on /home/airflow/.local/lib/python3.12/site-packages/airflow/example_dags/example_setup_teardown_taskflow.py
[2024-09-12T15:33:00.499+0000] {processor.py:914} INFO - Processing file /home/airflow/.local/lib/python3.12/site-packages/airflow/example_dags/example_setup_teardown_taskflow.py for tasks to queue
[2024-09-12T15:33:00.513+0000] {logging_mixin.py:190} INFO - [2024-09-12T15:33:00.513+0000] {dagbag.py:587} INFO - Filling up the DagBag from /home/airflow/.local/lib/python3.12/site-packages/airflow/example_dags/example_setup_teardown_taskflow.py
[2024-09-12T15:33:00.628+0000] {processor.py:925} INFO - DAG(s) 'example_setup_teardown_taskflow' retrieved from /home/airflow/.local/lib/python3.12/site-packages/airflow/example_dags/example_setup_teardown_taskflow.py
[2024-09-12T15:33:00.755+0000] {logging_mixin.py:190} INFO - [2024-09-12T15:33:00.755+0000] {dag.py:3211} INFO - Sync 1 DAGs
[2024-09-12T15:33:00.866+0000] {logging_mixin.py:190} INFO - [2024-09-12T15:33:00.865+0000] {dag.py:4138} INFO - Setting next_dagrun for example_setup_teardown_taskflow to 2024-09-11 00:00:00+00:00, run_after=2024-09-12 00:00:00+00:00
[2024-09-12T15:33:00.957+0000] {processor.py:208} INFO - Processing /home/airflow/.local/lib/python3.12/site-packages/airflow/example_dags/example_setup_teardown_taskflow.py took 0.496 seconds
[2024-09-12T15:33:40.595+0000] {processor.py:186} INFO - Started process (PID=1356) to work on /home/airflow/.local/lib/python3.12/site-packages/airflow/example_dags/example_setup_teardown_taskflow.py
[2024-09-12T15:33:40.604+0000] {processor.py:914} INFO - Processing file /home/airflow/.local/lib/python3.12/site-packages/airflow/example_dags/example_setup_teardown_taskflow.py for tasks to queue
[2024-09-12T15:33:40.615+0000] {logging_mixin.py:190} INFO - [2024-09-12T15:33:40.615+0000] {dagbag.py:587} INFO - Filling up the DagBag from /home/airflow/.local/lib/python3.12/site-packages/airflow/example_dags/example_setup_teardown_taskflow.py
[2024-09-12T15:33:40.692+0000] {processor.py:925} INFO - DAG(s) 'example_setup_teardown_taskflow' retrieved from /home/airflow/.local/lib/python3.12/site-packages/airflow/example_dags/example_setup_teardown_taskflow.py
[2024-09-12T15:33:40.898+0000] {logging_mixin.py:190} INFO - [2024-09-12T15:33:40.897+0000] {dag.py:3211} INFO - Sync 1 DAGs
[2024-09-12T15:33:41.258+0000] {logging_mixin.py:190} INFO - [2024-09-12T15:33:41.257+0000] {dag.py:4138} INFO - Setting next_dagrun for example_setup_teardown_taskflow to 2024-09-11 00:00:00+00:00, run_after=2024-09-12 00:00:00+00:00
[2024-09-12T15:33:41.439+0000] {processor.py:208} INFO - Processing /home/airflow/.local/lib/python3.12/site-packages/airflow/example_dags/example_setup_teardown_taskflow.py took 0.876 seconds
[2024-09-12T15:34:21.990+0000] {processor.py:186} INFO - Started process (PID=1422) to work on /home/airflow/.local/lib/python3.12/site-packages/airflow/example_dags/example_setup_teardown_taskflow.py
[2024-09-12T15:34:22.009+0000] {processor.py:914} INFO - Processing file /home/airflow/.local/lib/python3.12/site-packages/airflow/example_dags/example_setup_teardown_taskflow.py for tasks to queue
[2024-09-12T15:34:22.012+0000] {logging_mixin.py:190} INFO - [2024-09-12T15:34:22.011+0000] {dagbag.py:587} INFO - Filling up the DagBag from /home/airflow/.local/lib/python3.12/site-packages/airflow/example_dags/example_setup_teardown_taskflow.py
[2024-09-12T15:34:22.115+0000] {processor.py:925} INFO - DAG(s) 'example_setup_teardown_taskflow' retrieved from /home/airflow/.local/lib/python3.12/site-packages/airflow/example_dags/example_setup_teardown_taskflow.py
[2024-09-12T15:34:22.366+0000] {logging_mixin.py:190} INFO - [2024-09-12T15:34:22.366+0000] {dag.py:3211} INFO - Sync 1 DAGs
[2024-09-12T15:34:22.652+0000] {logging_mixin.py:190} INFO - [2024-09-12T15:34:22.652+0000] {dag.py:4138} INFO - Setting next_dagrun for example_setup_teardown_taskflow to 2024-09-11 00:00:00+00:00, run_after=2024-09-12 00:00:00+00:00
[2024-09-12T15:34:22.798+0000] {processor.py:208} INFO - Processing /home/airflow/.local/lib/python3.12/site-packages/airflow/example_dags/example_setup_teardown_taskflow.py took 0.859 seconds
[2024-09-12T15:35:09.708+0000] {processor.py:186} INFO - Started process (PID=1495) to work on /home/airflow/.local/lib/python3.12/site-packages/airflow/example_dags/example_setup_teardown_taskflow.py
[2024-09-12T15:35:09.753+0000] {processor.py:914} INFO - Processing file /home/airflow/.local/lib/python3.12/site-packages/airflow/example_dags/example_setup_teardown_taskflow.py for tasks to queue
[2024-09-12T15:35:09.756+0000] {logging_mixin.py:190} INFO - [2024-09-12T15:35:09.755+0000] {dagbag.py:587} INFO - Filling up the DagBag from /home/airflow/.local/lib/python3.12/site-packages/airflow/example_dags/example_setup_teardown_taskflow.py
[2024-09-12T15:35:09.943+0000] {processor.py:925} INFO - DAG(s) 'example_setup_teardown_taskflow' retrieved from /home/airflow/.local/lib/python3.12/site-packages/airflow/example_dags/example_setup_teardown_taskflow.py
[2024-09-12T15:35:10.267+0000] {logging_mixin.py:190} INFO - [2024-09-12T15:35:10.266+0000] {dag.py:3211} INFO - Sync 1 DAGs
[2024-09-12T15:35:10.704+0000] {logging_mixin.py:190} INFO - [2024-09-12T15:35:10.704+0000] {dag.py:4138} INFO - Setting next_dagrun for example_setup_teardown_taskflow to 2024-09-11 00:00:00+00:00, run_after=2024-09-12 00:00:00+00:00
[2024-09-12T15:35:10.857+0000] {processor.py:208} INFO - Processing /home/airflow/.local/lib/python3.12/site-packages/airflow/example_dags/example_setup_teardown_taskflow.py took 1.186 seconds
[2024-09-12T15:36:26.705+0000] {processor.py:186} INFO - Started process (PID=1564) to work on /home/airflow/.local/lib/python3.12/site-packages/airflow/example_dags/example_setup_teardown_taskflow.py
[2024-09-12T15:36:26.752+0000] {processor.py:914} INFO - Processing file /home/airflow/.local/lib/python3.12/site-packages/airflow/example_dags/example_setup_teardown_taskflow.py for tasks to queue
[2024-09-12T15:36:26.759+0000] {logging_mixin.py:190} INFO - [2024-09-12T15:36:26.758+0000] {dagbag.py:587} INFO - Filling up the DagBag from /home/airflow/.local/lib/python3.12/site-packages/airflow/example_dags/example_setup_teardown_taskflow.py
[2024-09-12T15:36:26.929+0000] {processor.py:925} INFO - DAG(s) 'example_setup_teardown_taskflow' retrieved from /home/airflow/.local/lib/python3.12/site-packages/airflow/example_dags/example_setup_teardown_taskflow.py
[2024-09-12T15:36:27.155+0000] {logging_mixin.py:190} INFO - [2024-09-12T15:36:27.155+0000] {dag.py:3211} INFO - Sync 1 DAGs
[2024-09-12T15:36:27.490+0000] {logging_mixin.py:190} INFO - [2024-09-12T15:36:27.489+0000] {dag.py:4138} INFO - Setting next_dagrun for example_setup_teardown_taskflow to 2024-09-11 00:00:00+00:00, run_after=2024-09-12 00:00:00+00:00
[2024-09-12T15:36:27.957+0000] {processor.py:208} INFO - Processing /home/airflow/.local/lib/python3.12/site-packages/airflow/example_dags/example_setup_teardown_taskflow.py took 1.335 seconds
[2024-09-12T15:37:27.137+0000] {processor.py:186} INFO - Started process (PID=1640) to work on /home/airflow/.local/lib/python3.12/site-packages/airflow/example_dags/example_setup_teardown_taskflow.py
[2024-09-12T15:37:27.154+0000] {processor.py:914} INFO - Processing file /home/airflow/.local/lib/python3.12/site-packages/airflow/example_dags/example_setup_teardown_taskflow.py for tasks to queue
[2024-09-12T15:37:27.210+0000] {logging_mixin.py:190} INFO - [2024-09-12T15:37:27.205+0000] {dagbag.py:587} INFO - Filling up the DagBag from /home/airflow/.local/lib/python3.12/site-packages/airflow/example_dags/example_setup_teardown_taskflow.py
[2024-09-12T15:37:27.455+0000] {processor.py:925} INFO - DAG(s) 'example_setup_teardown_taskflow' retrieved from /home/airflow/.local/lib/python3.12/site-packages/airflow/example_dags/example_setup_teardown_taskflow.py
[2024-09-12T15:37:27.797+0000] {logging_mixin.py:190} INFO - [2024-09-12T15:37:27.797+0000] {dag.py:3211} INFO - Sync 1 DAGs
[2024-09-12T15:37:28.157+0000] {logging_mixin.py:190} INFO - [2024-09-12T15:37:28.156+0000] {dag.py:4138} INFO - Setting next_dagrun for example_setup_teardown_taskflow to 2024-09-11 00:00:00+00:00, run_after=2024-09-12 00:00:00+00:00
[2024-09-12T15:37:28.402+0000] {processor.py:208} INFO - Processing /home/airflow/.local/lib/python3.12/site-packages/airflow/example_dags/example_setup_teardown_taskflow.py took 1.370 seconds
[2024-09-12T15:39:16.948+0000] {processor.py:186} INFO - Started process (PID=1743) to work on /home/airflow/.local/lib/python3.12/site-packages/airflow/example_dags/example_setup_teardown_taskflow.py
[2024-09-12T15:39:16.962+0000] {processor.py:914} INFO - Processing file /home/airflow/.local/lib/python3.12/site-packages/airflow/example_dags/example_setup_teardown_taskflow.py for tasks to queue
[2024-09-12T15:39:16.965+0000] {logging_mixin.py:190} INFO - [2024-09-12T15:39:16.964+0000] {dagbag.py:587} INFO - Filling up the DagBag from /home/airflow/.local/lib/python3.12/site-packages/airflow/example_dags/example_setup_teardown_taskflow.py
[2024-09-12T15:39:17.165+0000] {processor.py:925} INFO - DAG(s) 'example_setup_teardown_taskflow' retrieved from /home/airflow/.local/lib/python3.12/site-packages/airflow/example_dags/example_setup_teardown_taskflow.py
[2024-09-12T15:39:17.514+0000] {logging_mixin.py:190} INFO - [2024-09-12T15:39:17.513+0000] {dag.py:3211} INFO - Sync 1 DAGs
[2024-09-12T15:39:18.316+0000] {logging_mixin.py:190} INFO - [2024-09-12T15:39:18.315+0000] {dag.py:4138} INFO - Setting next_dagrun for example_setup_teardown_taskflow to 2024-09-11 00:00:00+00:00, run_after=2024-09-12 00:00:00+00:00
[2024-09-12T15:39:18.731+0000] {processor.py:208} INFO - Processing /home/airflow/.local/lib/python3.12/site-packages/airflow/example_dags/example_setup_teardown_taskflow.py took 1.865 seconds
[2024-09-12T15:41:41.024+0000] {processor.py:186} INFO - Started process (PID=1848) to work on /home/airflow/.local/lib/python3.12/site-packages/airflow/example_dags/example_setup_teardown_taskflow.py
[2024-09-12T15:41:41.039+0000] {processor.py:914} INFO - Processing file /home/airflow/.local/lib/python3.12/site-packages/airflow/example_dags/example_setup_teardown_taskflow.py for tasks to queue
[2024-09-12T15:41:41.056+0000] {logging_mixin.py:190} INFO - [2024-09-12T15:41:41.041+0000] {dagbag.py:587} INFO - Filling up the DagBag from /home/airflow/.local/lib/python3.12/site-packages/airflow/example_dags/example_setup_teardown_taskflow.py
[2024-09-12T15:41:41.565+0000] {processor.py:925} INFO - DAG(s) 'example_setup_teardown_taskflow' retrieved from /home/airflow/.local/lib/python3.12/site-packages/airflow/example_dags/example_setup_teardown_taskflow.py
[2024-09-12T15:41:42.102+0000] {logging_mixin.py:190} INFO - [2024-09-12T15:41:42.102+0000] {dag.py:3211} INFO - Sync 1 DAGs
[2024-09-12T15:41:42.685+0000] {logging_mixin.py:190} INFO - [2024-09-12T15:41:42.684+0000] {dag.py:4138} INFO - Setting next_dagrun for example_setup_teardown_taskflow to 2024-09-11 00:00:00+00:00, run_after=2024-09-12 00:00:00+00:00
[2024-09-12T15:41:43.246+0000] {processor.py:208} INFO - Processing /home/airflow/.local/lib/python3.12/site-packages/airflow/example_dags/example_setup_teardown_taskflow.py took 2.347 seconds
[2024-09-12T15:44:43.028+0000] {processor.py:186} INFO - Started process (PID=1907) to work on /home/airflow/.local/lib/python3.12/site-packages/airflow/example_dags/example_setup_teardown_taskflow.py
[2024-09-12T15:44:43.047+0000] {processor.py:914} INFO - Processing file /home/airflow/.local/lib/python3.12/site-packages/airflow/example_dags/example_setup_teardown_taskflow.py for tasks to queue
[2024-09-12T15:44:43.063+0000] {logging_mixin.py:190} INFO - [2024-09-12T15:44:43.062+0000] {dagbag.py:587} INFO - Filling up the DagBag from /home/airflow/.local/lib/python3.12/site-packages/airflow/example_dags/example_setup_teardown_taskflow.py
[2024-09-12T15:44:43.241+0000] {processor.py:925} INFO - DAG(s) 'example_setup_teardown_taskflow' retrieved from /home/airflow/.local/lib/python3.12/site-packages/airflow/example_dags/example_setup_teardown_taskflow.py
[2024-09-12T15:44:43.495+0000] {logging_mixin.py:190} INFO - [2024-09-12T15:44:43.494+0000] {dag.py:3211} INFO - Sync 1 DAGs
[2024-09-12T15:44:43.669+0000] {logging_mixin.py:190} INFO - [2024-09-12T15:44:43.669+0000] {dag.py:4138} INFO - Setting next_dagrun for example_setup_teardown_taskflow to 2024-09-11 00:00:00+00:00, run_after=2024-09-12 00:00:00+00:00
[2024-09-12T15:44:43.899+0000] {processor.py:208} INFO - Processing /home/airflow/.local/lib/python3.12/site-packages/airflow/example_dags/example_setup_teardown_taskflow.py took 0.942 seconds
[2024-09-12T15:45:35.637+0000] {processor.py:186} INFO - Started process (PID=1979) to work on /home/airflow/.local/lib/python3.12/site-packages/airflow/example_dags/example_setup_teardown_taskflow.py
[2024-09-12T15:45:35.691+0000] {processor.py:914} INFO - Processing file /home/airflow/.local/lib/python3.12/site-packages/airflow/example_dags/example_setup_teardown_taskflow.py for tasks to queue
[2024-09-12T15:45:35.694+0000] {logging_mixin.py:190} INFO - [2024-09-12T15:45:35.693+0000] {dagbag.py:587} INFO - Filling up the DagBag from /home/airflow/.local/lib/python3.12/site-packages/airflow/example_dags/example_setup_teardown_taskflow.py
[2024-09-12T15:45:35.785+0000] {processor.py:925} INFO - DAG(s) 'example_setup_teardown_taskflow' retrieved from /home/airflow/.local/lib/python3.12/site-packages/airflow/example_dags/example_setup_teardown_taskflow.py
[2024-09-12T15:45:36.176+0000] {logging_mixin.py:190} INFO - [2024-09-12T15:45:36.174+0000] {dag.py:3211} INFO - Sync 1 DAGs
[2024-09-12T15:45:36.391+0000] {logging_mixin.py:190} INFO - [2024-09-12T15:45:36.390+0000] {dag.py:4138} INFO - Setting next_dagrun for example_setup_teardown_taskflow to 2024-09-11 00:00:00+00:00, run_after=2024-09-12 00:00:00+00:00
[2024-09-12T15:45:36.557+0000] {processor.py:208} INFO - Processing /home/airflow/.local/lib/python3.12/site-packages/airflow/example_dags/example_setup_teardown_taskflow.py took 0.995 seconds
[2024-09-12T15:46:37.146+0000] {processor.py:186} INFO - Started process (PID=2052) to work on /home/airflow/.local/lib/python3.12/site-packages/airflow/example_dags/example_setup_teardown_taskflow.py
[2024-09-12T15:46:37.165+0000] {processor.py:914} INFO - Processing file /home/airflow/.local/lib/python3.12/site-packages/airflow/example_dags/example_setup_teardown_taskflow.py for tasks to queue
[2024-09-12T15:46:37.197+0000] {logging_mixin.py:190} INFO - [2024-09-12T15:46:37.197+0000] {dagbag.py:587} INFO - Filling up the DagBag from /home/airflow/.local/lib/python3.12/site-packages/airflow/example_dags/example_setup_teardown_taskflow.py
[2024-09-12T15:46:37.474+0000] {processor.py:925} INFO - DAG(s) 'example_setup_teardown_taskflow' retrieved from /home/airflow/.local/lib/python3.12/site-packages/airflow/example_dags/example_setup_teardown_taskflow.py
[2024-09-12T15:46:37.685+0000] {logging_mixin.py:190} INFO - [2024-09-12T15:46:37.685+0000] {dag.py:3211} INFO - Sync 1 DAGs
[2024-09-12T15:46:37.918+0000] {logging_mixin.py:190} INFO - [2024-09-12T15:46:37.918+0000] {dag.py:4138} INFO - Setting next_dagrun for example_setup_teardown_taskflow to 2024-09-11 00:00:00+00:00, run_after=2024-09-12 00:00:00+00:00
[2024-09-12T15:46:38.027+0000] {processor.py:208} INFO - Processing /home/airflow/.local/lib/python3.12/site-packages/airflow/example_dags/example_setup_teardown_taskflow.py took 0.906 seconds
[2024-09-12T15:47:34.611+0000] {processor.py:186} INFO - Started process (PID=2125) to work on /home/airflow/.local/lib/python3.12/site-packages/airflow/example_dags/example_setup_teardown_taskflow.py
[2024-09-12T15:47:34.692+0000] {processor.py:914} INFO - Processing file /home/airflow/.local/lib/python3.12/site-packages/airflow/example_dags/example_setup_teardown_taskflow.py for tasks to queue
[2024-09-12T15:47:34.710+0000] {logging_mixin.py:190} INFO - [2024-09-12T15:47:34.709+0000] {dagbag.py:587} INFO - Filling up the DagBag from /home/airflow/.local/lib/python3.12/site-packages/airflow/example_dags/example_setup_teardown_taskflow.py
[2024-09-12T15:47:35.175+0000] {processor.py:925} INFO - DAG(s) 'example_setup_teardown_taskflow' retrieved from /home/airflow/.local/lib/python3.12/site-packages/airflow/example_dags/example_setup_teardown_taskflow.py
[2024-09-12T15:47:35.583+0000] {logging_mixin.py:190} INFO - [2024-09-12T15:47:35.582+0000] {dag.py:3211} INFO - Sync 1 DAGs
[2024-09-12T15:47:35.946+0000] {logging_mixin.py:190} INFO - [2024-09-12T15:47:35.945+0000] {dag.py:4138} INFO - Setting next_dagrun for example_setup_teardown_taskflow to 2024-09-11 00:00:00+00:00, run_after=2024-09-12 00:00:00+00:00
[2024-09-12T15:47:36.215+0000] {processor.py:208} INFO - Processing /home/airflow/.local/lib/python3.12/site-packages/airflow/example_dags/example_setup_teardown_taskflow.py took 1.729 seconds
[2024-09-12T15:48:23.650+0000] {processor.py:186} INFO - Started process (PID=2189) to work on /home/airflow/.local/lib/python3.12/site-packages/airflow/example_dags/example_setup_teardown_taskflow.py
[2024-09-12T15:48:23.665+0000] {processor.py:914} INFO - Processing file /home/airflow/.local/lib/python3.12/site-packages/airflow/example_dags/example_setup_teardown_taskflow.py for tasks to queue
[2024-09-12T15:48:23.667+0000] {logging_mixin.py:190} INFO - [2024-09-12T15:48:23.667+0000] {dagbag.py:587} INFO - Filling up the DagBag from /home/airflow/.local/lib/python3.12/site-packages/airflow/example_dags/example_setup_teardown_taskflow.py
[2024-09-12T15:48:23.801+0000] {processor.py:925} INFO - DAG(s) 'example_setup_teardown_taskflow' retrieved from /home/airflow/.local/lib/python3.12/site-packages/airflow/example_dags/example_setup_teardown_taskflow.py
[2024-09-12T15:48:24.098+0000] {logging_mixin.py:190} INFO - [2024-09-12T15:48:24.098+0000] {dag.py:3211} INFO - Sync 1 DAGs
[2024-09-12T15:48:24.342+0000] {logging_mixin.py:190} INFO - [2024-09-12T15:48:24.342+0000] {dag.py:4138} INFO - Setting next_dagrun for example_setup_teardown_taskflow to 2024-09-11 00:00:00+00:00, run_after=2024-09-12 00:00:00+00:00
[2024-09-12T15:48:24.480+0000] {processor.py:208} INFO - Processing /home/airflow/.local/lib/python3.12/site-packages/airflow/example_dags/example_setup_teardown_taskflow.py took 0.869 seconds
[2024-09-12T15:49:35.425+0000] {processor.py:186} INFO - Started process (PID=2272) to work on /home/airflow/.local/lib/python3.12/site-packages/airflow/example_dags/example_setup_teardown_taskflow.py
[2024-09-12T15:49:35.443+0000] {processor.py:914} INFO - Processing file /home/airflow/.local/lib/python3.12/site-packages/airflow/example_dags/example_setup_teardown_taskflow.py for tasks to queue
[2024-09-12T15:49:35.465+0000] {logging_mixin.py:190} INFO - [2024-09-12T15:49:35.464+0000] {dagbag.py:587} INFO - Filling up the DagBag from /home/airflow/.local/lib/python3.12/site-packages/airflow/example_dags/example_setup_teardown_taskflow.py
[2024-09-12T15:49:35.603+0000] {processor.py:925} INFO - DAG(s) 'example_setup_teardown_taskflow' retrieved from /home/airflow/.local/lib/python3.12/site-packages/airflow/example_dags/example_setup_teardown_taskflow.py
[2024-09-12T15:49:35.927+0000] {logging_mixin.py:190} INFO - [2024-09-12T15:49:35.926+0000] {dag.py:3211} INFO - Sync 1 DAGs
[2024-09-12T15:49:36.188+0000] {logging_mixin.py:190} INFO - [2024-09-12T15:49:36.187+0000] {dag.py:4138} INFO - Setting next_dagrun for example_setup_teardown_taskflow to 2024-09-11 00:00:00+00:00, run_after=2024-09-12 00:00:00+00:00
[2024-09-12T15:49:36.498+0000] {processor.py:208} INFO - Processing /home/airflow/.local/lib/python3.12/site-packages/airflow/example_dags/example_setup_teardown_taskflow.py took 1.113 seconds
[2024-09-12T15:50:19.438+0000] {processor.py:186} INFO - Started process (PID=2339) to work on /home/airflow/.local/lib/python3.12/site-packages/airflow/example_dags/example_setup_teardown_taskflow.py
[2024-09-12T15:50:19.459+0000] {processor.py:914} INFO - Processing file /home/airflow/.local/lib/python3.12/site-packages/airflow/example_dags/example_setup_teardown_taskflow.py for tasks to queue
[2024-09-12T15:50:19.472+0000] {logging_mixin.py:190} INFO - [2024-09-12T15:50:19.471+0000] {dagbag.py:587} INFO - Filling up the DagBag from /home/airflow/.local/lib/python3.12/site-packages/airflow/example_dags/example_setup_teardown_taskflow.py
[2024-09-12T15:50:19.562+0000] {processor.py:925} INFO - DAG(s) 'example_setup_teardown_taskflow' retrieved from /home/airflow/.local/lib/python3.12/site-packages/airflow/example_dags/example_setup_teardown_taskflow.py
[2024-09-12T15:50:19.699+0000] {logging_mixin.py:190} INFO - [2024-09-12T15:50:19.698+0000] {dag.py:3211} INFO - Sync 1 DAGs
[2024-09-12T15:50:19.932+0000] {logging_mixin.py:190} INFO - [2024-09-12T15:50:19.931+0000] {dag.py:4138} INFO - Setting next_dagrun for example_setup_teardown_taskflow to 2024-09-11 00:00:00+00:00, run_after=2024-09-12 00:00:00+00:00
[2024-09-12T15:50:20.018+0000] {processor.py:208} INFO - Processing /home/airflow/.local/lib/python3.12/site-packages/airflow/example_dags/example_setup_teardown_taskflow.py took 0.602 seconds
[2024-09-12T15:51:31.532+0000] {processor.py:186} INFO - Started process (PID=2404) to work on /home/airflow/.local/lib/python3.12/site-packages/airflow/example_dags/example_setup_teardown_taskflow.py
[2024-09-12T15:51:31.549+0000] {processor.py:914} INFO - Processing file /home/airflow/.local/lib/python3.12/site-packages/airflow/example_dags/example_setup_teardown_taskflow.py for tasks to queue
[2024-09-12T15:51:31.562+0000] {logging_mixin.py:190} INFO - [2024-09-12T15:51:31.561+0000] {dagbag.py:587} INFO - Filling up the DagBag from /home/airflow/.local/lib/python3.12/site-packages/airflow/example_dags/example_setup_teardown_taskflow.py
[2024-09-12T15:51:31.686+0000] {processor.py:925} INFO - DAG(s) 'example_setup_teardown_taskflow' retrieved from /home/airflow/.local/lib/python3.12/site-packages/airflow/example_dags/example_setup_teardown_taskflow.py
[2024-09-12T15:51:31.808+0000] {logging_mixin.py:190} INFO - [2024-09-12T15:51:31.807+0000] {dag.py:3211} INFO - Sync 1 DAGs
[2024-09-12T15:51:31.946+0000] {logging_mixin.py:190} INFO - [2024-09-12T15:51:31.945+0000] {dag.py:4138} INFO - Setting next_dagrun for example_setup_teardown_taskflow to 2024-09-11 00:00:00+00:00, run_after=2024-09-12 00:00:00+00:00
[2024-09-12T15:51:32.044+0000] {processor.py:208} INFO - Processing /home/airflow/.local/lib/python3.12/site-packages/airflow/example_dags/example_setup_teardown_taskflow.py took 0.550 seconds
[2024-09-12T15:52:13.998+0000] {processor.py:186} INFO - Started process (PID=2470) to work on /home/airflow/.local/lib/python3.12/site-packages/airflow/example_dags/example_setup_teardown_taskflow.py
[2024-09-12T15:52:14.003+0000] {processor.py:914} INFO - Processing file /home/airflow/.local/lib/python3.12/site-packages/airflow/example_dags/example_setup_teardown_taskflow.py for tasks to queue
[2024-09-12T15:52:14.020+0000] {logging_mixin.py:190} INFO - [2024-09-12T15:52:14.019+0000] {dagbag.py:587} INFO - Filling up the DagBag from /home/airflow/.local/lib/python3.12/site-packages/airflow/example_dags/example_setup_teardown_taskflow.py
[2024-09-12T15:52:14.087+0000] {processor.py:925} INFO - DAG(s) 'example_setup_teardown_taskflow' retrieved from /home/airflow/.local/lib/python3.12/site-packages/airflow/example_dags/example_setup_teardown_taskflow.py
[2024-09-12T15:52:14.202+0000] {logging_mixin.py:190} INFO - [2024-09-12T15:52:14.201+0000] {dag.py:3211} INFO - Sync 1 DAGs
[2024-09-12T15:52:14.344+0000] {logging_mixin.py:190} INFO - [2024-09-12T15:52:14.344+0000] {dag.py:4138} INFO - Setting next_dagrun for example_setup_teardown_taskflow to 2024-09-11 00:00:00+00:00, run_after=2024-09-12 00:00:00+00:00
[2024-09-12T15:52:14.445+0000] {processor.py:208} INFO - Processing /home/airflow/.local/lib/python3.12/site-packages/airflow/example_dags/example_setup_teardown_taskflow.py took 0.485 seconds
[2024-09-12T15:52:55.066+0000] {processor.py:186} INFO - Started process (PID=2545) to work on /home/airflow/.local/lib/python3.12/site-packages/airflow/example_dags/example_setup_teardown_taskflow.py
[2024-09-12T15:52:55.085+0000] {processor.py:914} INFO - Processing file /home/airflow/.local/lib/python3.12/site-packages/airflow/example_dags/example_setup_teardown_taskflow.py for tasks to queue
[2024-09-12T15:52:55.107+0000] {logging_mixin.py:190} INFO - [2024-09-12T15:52:55.105+0000] {dagbag.py:587} INFO - Filling up the DagBag from /home/airflow/.local/lib/python3.12/site-packages/airflow/example_dags/example_setup_teardown_taskflow.py
[2024-09-12T15:52:55.249+0000] {processor.py:925} INFO - DAG(s) 'example_setup_teardown_taskflow' retrieved from /home/airflow/.local/lib/python3.12/site-packages/airflow/example_dags/example_setup_teardown_taskflow.py
[2024-09-12T15:52:55.469+0000] {logging_mixin.py:190} INFO - [2024-09-12T15:52:55.468+0000] {dag.py:3211} INFO - Sync 1 DAGs
[2024-09-12T15:52:55.553+0000] {logging_mixin.py:190} INFO - [2024-09-12T15:52:55.552+0000] {dag.py:4138} INFO - Setting next_dagrun for example_setup_teardown_taskflow to 2024-09-11 00:00:00+00:00, run_after=2024-09-12 00:00:00+00:00
[2024-09-12T15:52:55.650+0000] {processor.py:208} INFO - Processing /home/airflow/.local/lib/python3.12/site-packages/airflow/example_dags/example_setup_teardown_taskflow.py took 0.617 seconds
[2024-09-12T15:53:31.587+0000] {processor.py:186} INFO - Started process (PID=2612) to work on /home/airflow/.local/lib/python3.12/site-packages/airflow/example_dags/example_setup_teardown_taskflow.py
[2024-09-12T15:53:31.599+0000] {processor.py:914} INFO - Processing file /home/airflow/.local/lib/python3.12/site-packages/airflow/example_dags/example_setup_teardown_taskflow.py for tasks to queue
[2024-09-12T15:53:31.605+0000] {logging_mixin.py:190} INFO - [2024-09-12T15:53:31.605+0000] {dagbag.py:587} INFO - Filling up the DagBag from /home/airflow/.local/lib/python3.12/site-packages/airflow/example_dags/example_setup_teardown_taskflow.py
[2024-09-12T15:53:31.705+0000] {processor.py:925} INFO - DAG(s) 'example_setup_teardown_taskflow' retrieved from /home/airflow/.local/lib/python3.12/site-packages/airflow/example_dags/example_setup_teardown_taskflow.py
[2024-09-12T15:53:31.824+0000] {logging_mixin.py:190} INFO - [2024-09-12T15:53:31.823+0000] {dag.py:3211} INFO - Sync 1 DAGs
[2024-09-12T15:53:32.019+0000] {logging_mixin.py:190} INFO - [2024-09-12T15:53:32.018+0000] {dag.py:4138} INFO - Setting next_dagrun for example_setup_teardown_taskflow to 2024-09-11 00:00:00+00:00, run_after=2024-09-12 00:00:00+00:00
[2024-09-12T15:53:32.150+0000] {processor.py:208} INFO - Processing /home/airflow/.local/lib/python3.12/site-packages/airflow/example_dags/example_setup_teardown_taskflow.py took 0.592 seconds
[2024-09-12T15:54:15.799+0000] {processor.py:186} INFO - Started process (PID=2670) to work on /home/airflow/.local/lib/python3.12/site-packages/airflow/example_dags/example_setup_teardown_taskflow.py
[2024-09-12T15:54:15.833+0000] {processor.py:914} INFO - Processing file /home/airflow/.local/lib/python3.12/site-packages/airflow/example_dags/example_setup_teardown_taskflow.py for tasks to queue
[2024-09-12T15:54:15.850+0000] {logging_mixin.py:190} INFO - [2024-09-12T15:54:15.849+0000] {dagbag.py:587} INFO - Filling up the DagBag from /home/airflow/.local/lib/python3.12/site-packages/airflow/example_dags/example_setup_teardown_taskflow.py
[2024-09-12T15:54:16.036+0000] {processor.py:925} INFO - DAG(s) 'example_setup_teardown_taskflow' retrieved from /home/airflow/.local/lib/python3.12/site-packages/airflow/example_dags/example_setup_teardown_taskflow.py
[2024-09-12T15:54:16.251+0000] {logging_mixin.py:190} INFO - [2024-09-12T15:54:16.250+0000] {dag.py:3211} INFO - Sync 1 DAGs
[2024-09-12T15:54:16.466+0000] {logging_mixin.py:190} INFO - [2024-09-12T15:54:16.466+0000] {dag.py:4138} INFO - Setting next_dagrun for example_setup_teardown_taskflow to 2024-09-11 00:00:00+00:00, run_after=2024-09-12 00:00:00+00:00
[2024-09-12T15:54:16.651+0000] {processor.py:208} INFO - Processing /home/airflow/.local/lib/python3.12/site-packages/airflow/example_dags/example_setup_teardown_taskflow.py took 0.906 seconds
[2024-09-12T15:55:49.167+0000] {processor.py:186} INFO - Started process (PID=2762) to work on /home/airflow/.local/lib/python3.12/site-packages/airflow/example_dags/example_setup_teardown_taskflow.py
[2024-09-12T15:55:49.197+0000] {processor.py:914} INFO - Processing file /home/airflow/.local/lib/python3.12/site-packages/airflow/example_dags/example_setup_teardown_taskflow.py for tasks to queue
[2024-09-12T15:55:49.201+0000] {logging_mixin.py:190} INFO - [2024-09-12T15:55:49.199+0000] {dagbag.py:587} INFO - Filling up the DagBag from /home/airflow/.local/lib/python3.12/site-packages/airflow/example_dags/example_setup_teardown_taskflow.py
[2024-09-12T15:55:49.413+0000] {processor.py:925} INFO - DAG(s) 'example_setup_teardown_taskflow' retrieved from /home/airflow/.local/lib/python3.12/site-packages/airflow/example_dags/example_setup_teardown_taskflow.py
[2024-09-12T15:55:49.516+0000] {logging_mixin.py:190} INFO - [2024-09-12T15:55:49.516+0000] {dag.py:3211} INFO - Sync 1 DAGs
[2024-09-12T15:55:49.648+0000] {logging_mixin.py:190} INFO - [2024-09-12T15:55:49.648+0000] {dag.py:4138} INFO - Setting next_dagrun for example_setup_teardown_taskflow to 2024-09-11 00:00:00+00:00, run_after=2024-09-12 00:00:00+00:00
[2024-09-12T15:55:49.741+0000] {processor.py:208} INFO - Processing /home/airflow/.local/lib/python3.12/site-packages/airflow/example_dags/example_setup_teardown_taskflow.py took 0.622 seconds
[2024-09-12T15:56:50.318+0000] {processor.py:186} INFO - Started process (PID=2826) to work on /home/airflow/.local/lib/python3.12/site-packages/airflow/example_dags/example_setup_teardown_taskflow.py
[2024-09-12T15:56:50.329+0000] {processor.py:914} INFO - Processing file /home/airflow/.local/lib/python3.12/site-packages/airflow/example_dags/example_setup_teardown_taskflow.py for tasks to queue
[2024-09-12T15:56:50.332+0000] {logging_mixin.py:190} INFO - [2024-09-12T15:56:50.332+0000] {dagbag.py:587} INFO - Filling up the DagBag from /home/airflow/.local/lib/python3.12/site-packages/airflow/example_dags/example_setup_teardown_taskflow.py
[2024-09-12T15:56:50.377+0000] {processor.py:925} INFO - DAG(s) 'example_setup_teardown_taskflow' retrieved from /home/airflow/.local/lib/python3.12/site-packages/airflow/example_dags/example_setup_teardown_taskflow.py
[2024-09-12T15:56:50.454+0000] {logging_mixin.py:190} INFO - [2024-09-12T15:56:50.454+0000] {dag.py:3211} INFO - Sync 1 DAGs
[2024-09-12T15:56:50.563+0000] {logging_mixin.py:190} INFO - [2024-09-12T15:56:50.563+0000] {dag.py:4138} INFO - Setting next_dagrun for example_setup_teardown_taskflow to 2024-09-11 00:00:00+00:00, run_after=2024-09-12 00:00:00+00:00
[2024-09-12T15:56:50.669+0000] {processor.py:208} INFO - Processing /home/airflow/.local/lib/python3.12/site-packages/airflow/example_dags/example_setup_teardown_taskflow.py took 0.371 seconds
[2024-09-12T15:57:21.470+0000] {processor.py:186} INFO - Started process (PID=2890) to work on /home/airflow/.local/lib/python3.12/site-packages/airflow/example_dags/example_setup_teardown_taskflow.py
[2024-09-12T15:57:21.473+0000] {processor.py:914} INFO - Processing file /home/airflow/.local/lib/python3.12/site-packages/airflow/example_dags/example_setup_teardown_taskflow.py for tasks to queue
[2024-09-12T15:57:21.476+0000] {logging_mixin.py:190} INFO - [2024-09-12T15:57:21.475+0000] {dagbag.py:587} INFO - Filling up the DagBag from /home/airflow/.local/lib/python3.12/site-packages/airflow/example_dags/example_setup_teardown_taskflow.py
[2024-09-12T15:57:21.603+0000] {processor.py:925} INFO - DAG(s) 'example_setup_teardown_taskflow' retrieved from /home/airflow/.local/lib/python3.12/site-packages/airflow/example_dags/example_setup_teardown_taskflow.py
[2024-09-12T15:57:21.746+0000] {logging_mixin.py:190} INFO - [2024-09-12T15:57:21.745+0000] {dag.py:3211} INFO - Sync 1 DAGs
[2024-09-12T15:57:21.922+0000] {logging_mixin.py:190} INFO - [2024-09-12T15:57:21.922+0000] {dag.py:4138} INFO - Setting next_dagrun for example_setup_teardown_taskflow to 2024-09-11 00:00:00+00:00, run_after=2024-09-12 00:00:00+00:00
[2024-09-12T15:57:21.999+0000] {processor.py:208} INFO - Processing /home/airflow/.local/lib/python3.12/site-packages/airflow/example_dags/example_setup_teardown_taskflow.py took 0.562 seconds
[2024-09-12T15:58:02.939+0000] {processor.py:186} INFO - Started process (PID=2948) to work on /home/airflow/.local/lib/python3.12/site-packages/airflow/example_dags/example_setup_teardown_taskflow.py
[2024-09-12T15:58:02.962+0000] {processor.py:914} INFO - Processing file /home/airflow/.local/lib/python3.12/site-packages/airflow/example_dags/example_setup_teardown_taskflow.py for tasks to queue
[2024-09-12T15:58:02.971+0000] {logging_mixin.py:190} INFO - [2024-09-12T15:58:02.970+0000] {dagbag.py:587} INFO - Filling up the DagBag from /home/airflow/.local/lib/python3.12/site-packages/airflow/example_dags/example_setup_teardown_taskflow.py
[2024-09-12T15:58:03.094+0000] {processor.py:925} INFO - DAG(s) 'example_setup_teardown_taskflow' retrieved from /home/airflow/.local/lib/python3.12/site-packages/airflow/example_dags/example_setup_teardown_taskflow.py
[2024-09-12T15:58:03.277+0000] {logging_mixin.py:190} INFO - [2024-09-12T15:58:03.276+0000] {dag.py:3211} INFO - Sync 1 DAGs
[2024-09-12T15:58:03.469+0000] {logging_mixin.py:190} INFO - [2024-09-12T15:58:03.463+0000] {dag.py:4138} INFO - Setting next_dagrun for example_setup_teardown_taskflow to 2024-09-11 00:00:00+00:00, run_after=2024-09-12 00:00:00+00:00
[2024-09-12T15:58:03.676+0000] {processor.py:208} INFO - Processing /home/airflow/.local/lib/python3.12/site-packages/airflow/example_dags/example_setup_teardown_taskflow.py took 0.772 seconds
[2024-09-12T15:59:23.382+0000] {processor.py:186} INFO - Started process (PID=3019) to work on /home/airflow/.local/lib/python3.12/site-packages/airflow/example_dags/example_setup_teardown_taskflow.py
[2024-09-12T15:59:23.385+0000] {processor.py:914} INFO - Processing file /home/airflow/.local/lib/python3.12/site-packages/airflow/example_dags/example_setup_teardown_taskflow.py for tasks to queue
[2024-09-12T15:59:23.402+0000] {logging_mixin.py:190} INFO - [2024-09-12T15:59:23.401+0000] {dagbag.py:587} INFO - Filling up the DagBag from /home/airflow/.local/lib/python3.12/site-packages/airflow/example_dags/example_setup_teardown_taskflow.py
[2024-09-12T15:59:23.492+0000] {processor.py:925} INFO - DAG(s) 'example_setup_teardown_taskflow' retrieved from /home/airflow/.local/lib/python3.12/site-packages/airflow/example_dags/example_setup_teardown_taskflow.py
[2024-09-12T15:59:23.608+0000] {logging_mixin.py:190} INFO - [2024-09-12T15:59:23.607+0000] {dag.py:3211} INFO - Sync 1 DAGs
[2024-09-12T15:59:23.770+0000] {logging_mixin.py:190} INFO - [2024-09-12T15:59:23.769+0000] {dag.py:4138} INFO - Setting next_dagrun for example_setup_teardown_taskflow to 2024-09-11 00:00:00+00:00, run_after=2024-09-12 00:00:00+00:00
[2024-09-12T15:59:23.865+0000] {processor.py:208} INFO - Processing /home/airflow/.local/lib/python3.12/site-packages/airflow/example_dags/example_setup_teardown_taskflow.py took 0.528 seconds
[2024-09-12T16:00:23.453+0000] {processor.py:186} INFO - Started process (PID=3095) to work on /home/airflow/.local/lib/python3.12/site-packages/airflow/example_dags/example_setup_teardown_taskflow.py
[2024-09-12T16:00:23.459+0000] {processor.py:914} INFO - Processing file /home/airflow/.local/lib/python3.12/site-packages/airflow/example_dags/example_setup_teardown_taskflow.py for tasks to queue
[2024-09-12T16:00:23.463+0000] {logging_mixin.py:190} INFO - [2024-09-12T16:00:23.462+0000] {dagbag.py:587} INFO - Filling up the DagBag from /home/airflow/.local/lib/python3.12/site-packages/airflow/example_dags/example_setup_teardown_taskflow.py
[2024-09-12T16:00:23.552+0000] {processor.py:925} INFO - DAG(s) 'example_setup_teardown_taskflow' retrieved from /home/airflow/.local/lib/python3.12/site-packages/airflow/example_dags/example_setup_teardown_taskflow.py
[2024-09-12T16:00:23.707+0000] {logging_mixin.py:190} INFO - [2024-09-12T16:00:23.706+0000] {dag.py:3211} INFO - Sync 1 DAGs
[2024-09-12T16:00:23.862+0000] {logging_mixin.py:190} INFO - [2024-09-12T16:00:23.861+0000] {dag.py:4138} INFO - Setting next_dagrun for example_setup_teardown_taskflow to 2024-09-11 00:00:00+00:00, run_after=2024-09-12 00:00:00+00:00
[2024-09-12T16:00:23.963+0000] {processor.py:208} INFO - Processing /home/airflow/.local/lib/python3.12/site-packages/airflow/example_dags/example_setup_teardown_taskflow.py took 0.593 seconds
[2024-09-12T16:01:00.048+0000] {processor.py:186} INFO - Started process (PID=3157) to work on /home/airflow/.local/lib/python3.12/site-packages/airflow/example_dags/example_setup_teardown_taskflow.py
[2024-09-12T16:01:00.054+0000] {processor.py:914} INFO - Processing file /home/airflow/.local/lib/python3.12/site-packages/airflow/example_dags/example_setup_teardown_taskflow.py for tasks to queue
[2024-09-12T16:01:00.061+0000] {logging_mixin.py:190} INFO - [2024-09-12T16:01:00.060+0000] {dagbag.py:587} INFO - Filling up the DagBag from /home/airflow/.local/lib/python3.12/site-packages/airflow/example_dags/example_setup_teardown_taskflow.py
[2024-09-12T16:01:00.116+0000] {processor.py:925} INFO - DAG(s) 'example_setup_teardown_taskflow' retrieved from /home/airflow/.local/lib/python3.12/site-packages/airflow/example_dags/example_setup_teardown_taskflow.py
[2024-09-12T16:01:00.225+0000] {logging_mixin.py:190} INFO - [2024-09-12T16:01:00.225+0000] {dag.py:3211} INFO - Sync 1 DAGs
[2024-09-12T16:01:00.477+0000] {logging_mixin.py:190} INFO - [2024-09-12T16:01:00.476+0000] {dag.py:4138} INFO - Setting next_dagrun for example_setup_teardown_taskflow to 2024-09-11 00:00:00+00:00, run_after=2024-09-12 00:00:00+00:00
[2024-09-12T16:01:00.631+0000] {processor.py:208} INFO - Processing /home/airflow/.local/lib/python3.12/site-packages/airflow/example_dags/example_setup_teardown_taskflow.py took 0.596 seconds
[2024-09-12T16:02:03.792+0000] {processor.py:186} INFO - Started process (PID=3224) to work on /home/airflow/.local/lib/python3.12/site-packages/airflow/example_dags/example_setup_teardown_taskflow.py
[2024-09-12T16:02:03.797+0000] {processor.py:914} INFO - Processing file /home/airflow/.local/lib/python3.12/site-packages/airflow/example_dags/example_setup_teardown_taskflow.py for tasks to queue
[2024-09-12T16:02:03.821+0000] {logging_mixin.py:190} INFO - [2024-09-12T16:02:03.820+0000] {dagbag.py:587} INFO - Filling up the DagBag from /home/airflow/.local/lib/python3.12/site-packages/airflow/example_dags/example_setup_teardown_taskflow.py
[2024-09-12T16:02:03.976+0000] {processor.py:925} INFO - DAG(s) 'example_setup_teardown_taskflow' retrieved from /home/airflow/.local/lib/python3.12/site-packages/airflow/example_dags/example_setup_teardown_taskflow.py
[2024-09-12T16:02:04.286+0000] {logging_mixin.py:190} INFO - [2024-09-12T16:02:04.285+0000] {dag.py:3211} INFO - Sync 1 DAGs
[2024-09-12T16:02:06.140+0000] {logging_mixin.py:190} INFO - [2024-09-12T16:02:06.136+0000] {dag.py:4138} INFO - Setting next_dagrun for example_setup_teardown_taskflow to 2024-09-11 00:00:00+00:00, run_after=2024-09-12 00:00:00+00:00
[2024-09-12T16:02:06.531+0000] {processor.py:208} INFO - Processing /home/airflow/.local/lib/python3.12/site-packages/airflow/example_dags/example_setup_teardown_taskflow.py took 2.803 seconds
[2024-09-12T16:03:32.153+0000] {processor.py:186} INFO - Started process (PID=3319) to work on /home/airflow/.local/lib/python3.12/site-packages/airflow/example_dags/example_setup_teardown_taskflow.py
[2024-09-12T16:03:32.155+0000] {processor.py:914} INFO - Processing file /home/airflow/.local/lib/python3.12/site-packages/airflow/example_dags/example_setup_teardown_taskflow.py for tasks to queue
[2024-09-12T16:03:32.159+0000] {logging_mixin.py:190} INFO - [2024-09-12T16:03:32.158+0000] {dagbag.py:587} INFO - Filling up the DagBag from /home/airflow/.local/lib/python3.12/site-packages/airflow/example_dags/example_setup_teardown_taskflow.py
[2024-09-12T16:03:32.210+0000] {processor.py:925} INFO - DAG(s) 'example_setup_teardown_taskflow' retrieved from /home/airflow/.local/lib/python3.12/site-packages/airflow/example_dags/example_setup_teardown_taskflow.py
[2024-09-12T16:03:32.302+0000] {logging_mixin.py:190} INFO - [2024-09-12T16:03:32.301+0000] {dag.py:3211} INFO - Sync 1 DAGs
[2024-09-12T16:03:32.454+0000] {logging_mixin.py:190} INFO - [2024-09-12T16:03:32.453+0000] {dag.py:4138} INFO - Setting next_dagrun for example_setup_teardown_taskflow to 2024-09-11 00:00:00+00:00, run_after=2024-09-12 00:00:00+00:00
[2024-09-12T16:03:32.550+0000] {processor.py:208} INFO - Processing /home/airflow/.local/lib/python3.12/site-packages/airflow/example_dags/example_setup_teardown_taskflow.py took 0.426 seconds
[2024-09-12T16:04:16.979+0000] {processor.py:186} INFO - Started process (PID=3389) to work on /home/airflow/.local/lib/python3.12/site-packages/airflow/example_dags/example_setup_teardown_taskflow.py
[2024-09-12T16:04:16.989+0000] {processor.py:914} INFO - Processing file /home/airflow/.local/lib/python3.12/site-packages/airflow/example_dags/example_setup_teardown_taskflow.py for tasks to queue
[2024-09-12T16:04:16.999+0000] {logging_mixin.py:190} INFO - [2024-09-12T16:04:16.998+0000] {dagbag.py:587} INFO - Filling up the DagBag from /home/airflow/.local/lib/python3.12/site-packages/airflow/example_dags/example_setup_teardown_taskflow.py
[2024-09-12T16:04:17.072+0000] {processor.py:925} INFO - DAG(s) 'example_setup_teardown_taskflow' retrieved from /home/airflow/.local/lib/python3.12/site-packages/airflow/example_dags/example_setup_teardown_taskflow.py
[2024-09-12T16:04:17.504+0000] {logging_mixin.py:190} INFO - [2024-09-12T16:04:17.504+0000] {dag.py:3211} INFO - Sync 1 DAGs
[2024-09-12T16:04:19.287+0000] {logging_mixin.py:190} INFO - [2024-09-12T16:04:19.286+0000] {dag.py:4138} INFO - Setting next_dagrun for example_setup_teardown_taskflow to 2024-09-11 00:00:00+00:00, run_after=2024-09-12 00:00:00+00:00
[2024-09-12T16:04:19.476+0000] {processor.py:208} INFO - Processing /home/airflow/.local/lib/python3.12/site-packages/airflow/example_dags/example_setup_teardown_taskflow.py took 2.554 seconds
[2024-09-12T16:06:05.247+0000] {processor.py:186} INFO - Started process (PID=3468) to work on /home/airflow/.local/lib/python3.12/site-packages/airflow/example_dags/example_setup_teardown_taskflow.py
[2024-09-12T16:06:05.255+0000] {processor.py:914} INFO - Processing file /home/airflow/.local/lib/python3.12/site-packages/airflow/example_dags/example_setup_teardown_taskflow.py for tasks to queue
[2024-09-12T16:06:05.261+0000] {logging_mixin.py:190} INFO - [2024-09-12T16:06:05.260+0000] {dagbag.py:587} INFO - Filling up the DagBag from /home/airflow/.local/lib/python3.12/site-packages/airflow/example_dags/example_setup_teardown_taskflow.py
[2024-09-12T16:06:05.324+0000] {processor.py:925} INFO - DAG(s) 'example_setup_teardown_taskflow' retrieved from /home/airflow/.local/lib/python3.12/site-packages/airflow/example_dags/example_setup_teardown_taskflow.py
[2024-09-12T16:06:05.411+0000] {logging_mixin.py:190} INFO - [2024-09-12T16:06:05.411+0000] {dag.py:3211} INFO - Sync 1 DAGs
[2024-09-12T16:06:05.508+0000] {logging_mixin.py:190} INFO - [2024-09-12T16:06:05.504+0000] {dag.py:4138} INFO - Setting next_dagrun for example_setup_teardown_taskflow to 2024-09-11 00:00:00+00:00, run_after=2024-09-12 00:00:00+00:00
[2024-09-12T16:06:05.616+0000] {processor.py:208} INFO - Processing /home/airflow/.local/lib/python3.12/site-packages/airflow/example_dags/example_setup_teardown_taskflow.py took 0.408 seconds
[2024-09-12T16:07:49.202+0000] {processor.py:186} INFO - Started process (PID=3551) to work on /home/airflow/.local/lib/python3.12/site-packages/airflow/example_dags/example_setup_teardown_taskflow.py
[2024-09-12T16:07:49.204+0000] {processor.py:914} INFO - Processing file /home/airflow/.local/lib/python3.12/site-packages/airflow/example_dags/example_setup_teardown_taskflow.py for tasks to queue
[2024-09-12T16:07:49.214+0000] {logging_mixin.py:190} INFO - [2024-09-12T16:07:49.213+0000] {dagbag.py:587} INFO - Filling up the DagBag from /home/airflow/.local/lib/python3.12/site-packages/airflow/example_dags/example_setup_teardown_taskflow.py
[2024-09-12T16:07:49.279+0000] {processor.py:925} INFO - DAG(s) 'example_setup_teardown_taskflow' retrieved from /home/airflow/.local/lib/python3.12/site-packages/airflow/example_dags/example_setup_teardown_taskflow.py
[2024-09-12T16:07:49.471+0000] {logging_mixin.py:190} INFO - [2024-09-12T16:07:49.470+0000] {dag.py:3211} INFO - Sync 1 DAGs
[2024-09-12T16:07:49.707+0000] {logging_mixin.py:190} INFO - [2024-09-12T16:07:49.706+0000] {dag.py:4138} INFO - Setting next_dagrun for example_setup_teardown_taskflow to 2024-09-11 00:00:00+00:00, run_after=2024-09-12 00:00:00+00:00
[2024-09-12T16:07:49.860+0000] {processor.py:208} INFO - Processing /home/airflow/.local/lib/python3.12/site-packages/airflow/example_dags/example_setup_teardown_taskflow.py took 0.713 seconds
[2024-09-12T16:08:51.478+0000] {processor.py:186} INFO - Started process (PID=3628) to work on /home/airflow/.local/lib/python3.12/site-packages/airflow/example_dags/example_setup_teardown_taskflow.py
[2024-09-12T16:08:51.503+0000] {processor.py:914} INFO - Processing file /home/airflow/.local/lib/python3.12/site-packages/airflow/example_dags/example_setup_teardown_taskflow.py for tasks to queue
[2024-09-12T16:08:51.512+0000] {logging_mixin.py:190} INFO - [2024-09-12T16:08:51.511+0000] {dagbag.py:587} INFO - Filling up the DagBag from /home/airflow/.local/lib/python3.12/site-packages/airflow/example_dags/example_setup_teardown_taskflow.py
[2024-09-12T16:08:51.584+0000] {processor.py:925} INFO - DAG(s) 'example_setup_teardown_taskflow' retrieved from /home/airflow/.local/lib/python3.12/site-packages/airflow/example_dags/example_setup_teardown_taskflow.py
[2024-09-12T16:08:51.774+0000] {logging_mixin.py:190} INFO - [2024-09-12T16:08:51.774+0000] {dag.py:3211} INFO - Sync 1 DAGs
[2024-09-12T16:08:51.928+0000] {logging_mixin.py:190} INFO - [2024-09-12T16:08:51.928+0000] {dag.py:4138} INFO - Setting next_dagrun for example_setup_teardown_taskflow to 2024-09-11 00:00:00+00:00, run_after=2024-09-12 00:00:00+00:00
[2024-09-12T16:08:52.062+0000] {processor.py:208} INFO - Processing /home/airflow/.local/lib/python3.12/site-packages/airflow/example_dags/example_setup_teardown_taskflow.py took 0.669 seconds
[2024-09-12T16:09:23.150+0000] {processor.py:186} INFO - Started process (PID=3694) to work on /home/airflow/.local/lib/python3.12/site-packages/airflow/example_dags/example_setup_teardown_taskflow.py
[2024-09-12T16:09:23.166+0000] {processor.py:914} INFO - Processing file /home/airflow/.local/lib/python3.12/site-packages/airflow/example_dags/example_setup_teardown_taskflow.py for tasks to queue
[2024-09-12T16:09:23.204+0000] {logging_mixin.py:190} INFO - [2024-09-12T16:09:23.203+0000] {dagbag.py:587} INFO - Filling up the DagBag from /home/airflow/.local/lib/python3.12/site-packages/airflow/example_dags/example_setup_teardown_taskflow.py
[2024-09-12T16:09:23.273+0000] {processor.py:925} INFO - DAG(s) 'example_setup_teardown_taskflow' retrieved from /home/airflow/.local/lib/python3.12/site-packages/airflow/example_dags/example_setup_teardown_taskflow.py
[2024-09-12T16:09:23.435+0000] {logging_mixin.py:190} INFO - [2024-09-12T16:09:23.434+0000] {dag.py:3211} INFO - Sync 1 DAGs
[2024-09-12T16:09:23.570+0000] {logging_mixin.py:190} INFO - [2024-09-12T16:09:23.570+0000] {dag.py:4138} INFO - Setting next_dagrun for example_setup_teardown_taskflow to 2024-09-11 00:00:00+00:00, run_after=2024-09-12 00:00:00+00:00
[2024-09-12T16:09:23.708+0000] {processor.py:208} INFO - Processing /home/airflow/.local/lib/python3.12/site-packages/airflow/example_dags/example_setup_teardown_taskflow.py took 0.582 seconds
[2024-09-12T16:10:36.857+0000] {processor.py:186} INFO - Started process (PID=3759) to work on /home/airflow/.local/lib/python3.12/site-packages/airflow/example_dags/example_setup_teardown_taskflow.py
[2024-09-12T16:10:36.866+0000] {processor.py:914} INFO - Processing file /home/airflow/.local/lib/python3.12/site-packages/airflow/example_dags/example_setup_teardown_taskflow.py for tasks to queue
[2024-09-12T16:10:36.875+0000] {logging_mixin.py:190} INFO - [2024-09-12T16:10:36.874+0000] {dagbag.py:587} INFO - Filling up the DagBag from /home/airflow/.local/lib/python3.12/site-packages/airflow/example_dags/example_setup_teardown_taskflow.py
[2024-09-12T16:10:36.949+0000] {processor.py:925} INFO - DAG(s) 'example_setup_teardown_taskflow' retrieved from /home/airflow/.local/lib/python3.12/site-packages/airflow/example_dags/example_setup_teardown_taskflow.py
[2024-09-12T16:10:37.094+0000] {logging_mixin.py:190} INFO - [2024-09-12T16:10:37.094+0000] {dag.py:3211} INFO - Sync 1 DAGs
[2024-09-12T16:10:37.208+0000] {logging_mixin.py:190} INFO - [2024-09-12T16:10:37.205+0000] {dag.py:4138} INFO - Setting next_dagrun for example_setup_teardown_taskflow to 2024-09-11 00:00:00+00:00, run_after=2024-09-12 00:00:00+00:00
[2024-09-12T16:10:37.340+0000] {processor.py:208} INFO - Processing /home/airflow/.local/lib/python3.12/site-packages/airflow/example_dags/example_setup_teardown_taskflow.py took 0.507 seconds
[2024-09-12T16:11:17.977+0000] {processor.py:186} INFO - Started process (PID=3825) to work on /home/airflow/.local/lib/python3.12/site-packages/airflow/example_dags/example_setup_teardown_taskflow.py
[2024-09-12T16:11:17.983+0000] {processor.py:914} INFO - Processing file /home/airflow/.local/lib/python3.12/site-packages/airflow/example_dags/example_setup_teardown_taskflow.py for tasks to queue
[2024-09-12T16:11:17.989+0000] {logging_mixin.py:190} INFO - [2024-09-12T16:11:17.986+0000] {dagbag.py:587} INFO - Filling up the DagBag from /home/airflow/.local/lib/python3.12/site-packages/airflow/example_dags/example_setup_teardown_taskflow.py
[2024-09-12T16:11:18.127+0000] {processor.py:925} INFO - DAG(s) 'example_setup_teardown_taskflow' retrieved from /home/airflow/.local/lib/python3.12/site-packages/airflow/example_dags/example_setup_teardown_taskflow.py
[2024-09-12T16:11:18.340+0000] {logging_mixin.py:190} INFO - [2024-09-12T16:11:18.339+0000] {dag.py:3211} INFO - Sync 1 DAGs
[2024-09-12T16:11:18.496+0000] {logging_mixin.py:190} INFO - [2024-09-12T16:11:18.495+0000] {dag.py:4138} INFO - Setting next_dagrun for example_setup_teardown_taskflow to 2024-09-11 00:00:00+00:00, run_after=2024-09-12 00:00:00+00:00
[2024-09-12T16:11:18.618+0000] {processor.py:208} INFO - Processing /home/airflow/.local/lib/python3.12/site-packages/airflow/example_dags/example_setup_teardown_taskflow.py took 0.678 seconds
[2024-09-12T16:12:20.003+0000] {processor.py:186} INFO - Started process (PID=3900) to work on /home/airflow/.local/lib/python3.12/site-packages/airflow/example_dags/example_setup_teardown_taskflow.py
[2024-09-12T16:12:20.019+0000] {processor.py:914} INFO - Processing file /home/airflow/.local/lib/python3.12/site-packages/airflow/example_dags/example_setup_teardown_taskflow.py for tasks to queue
[2024-09-12T16:12:20.076+0000] {logging_mixin.py:190} INFO - [2024-09-12T16:12:20.075+0000] {dagbag.py:587} INFO - Filling up the DagBag from /home/airflow/.local/lib/python3.12/site-packages/airflow/example_dags/example_setup_teardown_taskflow.py
[2024-09-12T16:12:20.207+0000] {processor.py:925} INFO - DAG(s) 'example_setup_teardown_taskflow' retrieved from /home/airflow/.local/lib/python3.12/site-packages/airflow/example_dags/example_setup_teardown_taskflow.py
[2024-09-12T16:12:20.320+0000] {logging_mixin.py:190} INFO - [2024-09-12T16:12:20.320+0000] {dag.py:3211} INFO - Sync 1 DAGs
[2024-09-12T16:12:20.422+0000] {logging_mixin.py:190} INFO - [2024-09-12T16:12:20.422+0000] {dag.py:4138} INFO - Setting next_dagrun for example_setup_teardown_taskflow to 2024-09-11 00:00:00+00:00, run_after=2024-09-12 00:00:00+00:00
[2024-09-12T16:12:20.528+0000] {processor.py:208} INFO - Processing /home/airflow/.local/lib/python3.12/site-packages/airflow/example_dags/example_setup_teardown_taskflow.py took 0.586 seconds
[2024-09-12T16:12:54.099+0000] {processor.py:186} INFO - Started process (PID=3963) to work on /home/airflow/.local/lib/python3.12/site-packages/airflow/example_dags/example_setup_teardown_taskflow.py
[2024-09-12T16:12:54.109+0000] {processor.py:914} INFO - Processing file /home/airflow/.local/lib/python3.12/site-packages/airflow/example_dags/example_setup_teardown_taskflow.py for tasks to queue
[2024-09-12T16:12:54.115+0000] {logging_mixin.py:190} INFO - [2024-09-12T16:12:54.114+0000] {dagbag.py:587} INFO - Filling up the DagBag from /home/airflow/.local/lib/python3.12/site-packages/airflow/example_dags/example_setup_teardown_taskflow.py
[2024-09-12T16:12:54.174+0000] {processor.py:925} INFO - DAG(s) 'example_setup_teardown_taskflow' retrieved from /home/airflow/.local/lib/python3.12/site-packages/airflow/example_dags/example_setup_teardown_taskflow.py
[2024-09-12T16:12:54.275+0000] {logging_mixin.py:190} INFO - [2024-09-12T16:12:54.274+0000] {dag.py:3211} INFO - Sync 1 DAGs
[2024-09-12T16:12:54.431+0000] {logging_mixin.py:190} INFO - [2024-09-12T16:12:54.430+0000] {dag.py:4138} INFO - Setting next_dagrun for example_setup_teardown_taskflow to 2024-09-11 00:00:00+00:00, run_after=2024-09-12 00:00:00+00:00
[2024-09-12T16:12:54.621+0000] {processor.py:208} INFO - Processing /home/airflow/.local/lib/python3.12/site-packages/airflow/example_dags/example_setup_teardown_taskflow.py took 0.593 seconds
[2024-09-12T16:13:52.740+0000] {processor.py:186} INFO - Started process (PID=4025) to work on /home/airflow/.local/lib/python3.12/site-packages/airflow/example_dags/example_setup_teardown_taskflow.py
[2024-09-12T16:13:52.753+0000] {processor.py:914} INFO - Processing file /home/airflow/.local/lib/python3.12/site-packages/airflow/example_dags/example_setup_teardown_taskflow.py for tasks to queue
[2024-09-12T16:13:52.772+0000] {logging_mixin.py:190} INFO - [2024-09-12T16:13:52.771+0000] {dagbag.py:587} INFO - Filling up the DagBag from /home/airflow/.local/lib/python3.12/site-packages/airflow/example_dags/example_setup_teardown_taskflow.py
[2024-09-12T16:13:52.910+0000] {processor.py:925} INFO - DAG(s) 'example_setup_teardown_taskflow' retrieved from /home/airflow/.local/lib/python3.12/site-packages/airflow/example_dags/example_setup_teardown_taskflow.py
[2024-09-12T16:13:53.129+0000] {logging_mixin.py:190} INFO - [2024-09-12T16:13:53.127+0000] {dag.py:3211} INFO - Sync 1 DAGs
[2024-09-12T16:13:53.348+0000] {logging_mixin.py:190} INFO - [2024-09-12T16:13:53.347+0000] {dag.py:4138} INFO - Setting next_dagrun for example_setup_teardown_taskflow to 2024-09-11 00:00:00+00:00, run_after=2024-09-12 00:00:00+00:00
[2024-09-12T16:13:53.489+0000] {processor.py:208} INFO - Processing /home/airflow/.local/lib/python3.12/site-packages/airflow/example_dags/example_setup_teardown_taskflow.py took 0.920 seconds
[2024-09-12T16:14:45.366+0000] {processor.py:186} INFO - Started process (PID=4094) to work on /home/airflow/.local/lib/python3.12/site-packages/airflow/example_dags/example_setup_teardown_taskflow.py
[2024-09-12T16:14:45.375+0000] {processor.py:914} INFO - Processing file /home/airflow/.local/lib/python3.12/site-packages/airflow/example_dags/example_setup_teardown_taskflow.py for tasks to queue
[2024-09-12T16:14:45.399+0000] {logging_mixin.py:190} INFO - [2024-09-12T16:14:45.382+0000] {dagbag.py:587} INFO - Filling up the DagBag from /home/airflow/.local/lib/python3.12/site-packages/airflow/example_dags/example_setup_teardown_taskflow.py
[2024-09-12T16:14:45.577+0000] {processor.py:925} INFO - DAG(s) 'example_setup_teardown_taskflow' retrieved from /home/airflow/.local/lib/python3.12/site-packages/airflow/example_dags/example_setup_teardown_taskflow.py
[2024-09-12T16:14:45.866+0000] {logging_mixin.py:190} INFO - [2024-09-12T16:14:45.866+0000] {dag.py:3211} INFO - Sync 1 DAGs
[2024-09-12T16:14:46.108+0000] {logging_mixin.py:190} INFO - [2024-09-12T16:14:46.106+0000] {dag.py:4138} INFO - Setting next_dagrun for example_setup_teardown_taskflow to 2024-09-11 00:00:00+00:00, run_after=2024-09-12 00:00:00+00:00
[2024-09-12T16:14:46.309+0000] {processor.py:208} INFO - Processing /home/airflow/.local/lib/python3.12/site-packages/airflow/example_dags/example_setup_teardown_taskflow.py took 1.004 seconds
[2024-09-12T16:15:16.924+0000] {processor.py:186} INFO - Started process (PID=4155) to work on /home/airflow/.local/lib/python3.12/site-packages/airflow/example_dags/example_setup_teardown_taskflow.py
[2024-09-12T16:15:16.928+0000] {processor.py:914} INFO - Processing file /home/airflow/.local/lib/python3.12/site-packages/airflow/example_dags/example_setup_teardown_taskflow.py for tasks to queue
[2024-09-12T16:15:16.938+0000] {logging_mixin.py:190} INFO - [2024-09-12T16:15:16.936+0000] {dagbag.py:587} INFO - Filling up the DagBag from /home/airflow/.local/lib/python3.12/site-packages/airflow/example_dags/example_setup_teardown_taskflow.py
[2024-09-12T16:15:16.990+0000] {processor.py:925} INFO - DAG(s) 'example_setup_teardown_taskflow' retrieved from /home/airflow/.local/lib/python3.12/site-packages/airflow/example_dags/example_setup_teardown_taskflow.py
[2024-09-12T16:15:17.132+0000] {logging_mixin.py:190} INFO - [2024-09-12T16:15:17.131+0000] {dag.py:3211} INFO - Sync 1 DAGs
[2024-09-12T16:15:17.253+0000] {logging_mixin.py:190} INFO - [2024-09-12T16:15:17.253+0000] {dag.py:4138} INFO - Setting next_dagrun for example_setup_teardown_taskflow to 2024-09-11 00:00:00+00:00, run_after=2024-09-12 00:00:00+00:00
[2024-09-12T16:15:17.349+0000] {processor.py:208} INFO - Processing /home/airflow/.local/lib/python3.12/site-packages/airflow/example_dags/example_setup_teardown_taskflow.py took 0.449 seconds
[2024-09-12T16:15:48.101+0000] {processor.py:186} INFO - Started process (PID=4225) to work on /home/airflow/.local/lib/python3.12/site-packages/airflow/example_dags/example_setup_teardown_taskflow.py
[2024-09-12T16:15:48.104+0000] {processor.py:914} INFO - Processing file /home/airflow/.local/lib/python3.12/site-packages/airflow/example_dags/example_setup_teardown_taskflow.py for tasks to queue
[2024-09-12T16:15:48.107+0000] {logging_mixin.py:190} INFO - [2024-09-12T16:15:48.106+0000] {dagbag.py:587} INFO - Filling up the DagBag from /home/airflow/.local/lib/python3.12/site-packages/airflow/example_dags/example_setup_teardown_taskflow.py
[2024-09-12T16:15:48.166+0000] {processor.py:925} INFO - DAG(s) 'example_setup_teardown_taskflow' retrieved from /home/airflow/.local/lib/python3.12/site-packages/airflow/example_dags/example_setup_teardown_taskflow.py
[2024-09-12T16:15:48.258+0000] {logging_mixin.py:190} INFO - [2024-09-12T16:15:48.257+0000] {dag.py:3211} INFO - Sync 1 DAGs
[2024-09-12T16:15:48.393+0000] {logging_mixin.py:190} INFO - [2024-09-12T16:15:48.393+0000] {dag.py:4138} INFO - Setting next_dagrun for example_setup_teardown_taskflow to 2024-09-11 00:00:00+00:00, run_after=2024-09-12 00:00:00+00:00
[2024-09-12T16:15:48.549+0000] {processor.py:208} INFO - Processing /home/airflow/.local/lib/python3.12/site-packages/airflow/example_dags/example_setup_teardown_taskflow.py took 0.465 seconds
[2024-09-12T16:16:39.469+0000] {processor.py:186} INFO - Started process (PID=4295) to work on /home/airflow/.local/lib/python3.12/site-packages/airflow/example_dags/example_setup_teardown_taskflow.py
[2024-09-12T16:16:39.476+0000] {processor.py:914} INFO - Processing file /home/airflow/.local/lib/python3.12/site-packages/airflow/example_dags/example_setup_teardown_taskflow.py for tasks to queue
[2024-09-12T16:16:39.497+0000] {logging_mixin.py:190} INFO - [2024-09-12T16:16:39.491+0000] {dagbag.py:587} INFO - Filling up the DagBag from /home/airflow/.local/lib/python3.12/site-packages/airflow/example_dags/example_setup_teardown_taskflow.py
[2024-09-12T16:16:39.593+0000] {processor.py:925} INFO - DAG(s) 'example_setup_teardown_taskflow' retrieved from /home/airflow/.local/lib/python3.12/site-packages/airflow/example_dags/example_setup_teardown_taskflow.py
[2024-09-12T16:16:39.724+0000] {logging_mixin.py:190} INFO - [2024-09-12T16:16:39.722+0000] {dag.py:3211} INFO - Sync 1 DAGs
[2024-09-12T16:16:39.904+0000] {logging_mixin.py:190} INFO - [2024-09-12T16:16:39.903+0000] {dag.py:4138} INFO - Setting next_dagrun for example_setup_teardown_taskflow to 2024-09-11 00:00:00+00:00, run_after=2024-09-12 00:00:00+00:00
[2024-09-12T16:16:40.122+0000] {processor.py:208} INFO - Processing /home/airflow/.local/lib/python3.12/site-packages/airflow/example_dags/example_setup_teardown_taskflow.py took 0.722 seconds
[2024-09-12T16:17:32.159+0000] {processor.py:186} INFO - Started process (PID=4360) to work on /home/airflow/.local/lib/python3.12/site-packages/airflow/example_dags/example_setup_teardown_taskflow.py
[2024-09-12T16:17:32.161+0000] {processor.py:914} INFO - Processing file /home/airflow/.local/lib/python3.12/site-packages/airflow/example_dags/example_setup_teardown_taskflow.py for tasks to queue
[2024-09-12T16:17:32.169+0000] {logging_mixin.py:190} INFO - [2024-09-12T16:17:32.167+0000] {dagbag.py:587} INFO - Filling up the DagBag from /home/airflow/.local/lib/python3.12/site-packages/airflow/example_dags/example_setup_teardown_taskflow.py
[2024-09-12T16:17:32.254+0000] {processor.py:925} INFO - DAG(s) 'example_setup_teardown_taskflow' retrieved from /home/airflow/.local/lib/python3.12/site-packages/airflow/example_dags/example_setup_teardown_taskflow.py
[2024-09-12T16:17:32.356+0000] {logging_mixin.py:190} INFO - [2024-09-12T16:17:32.355+0000] {dag.py:3211} INFO - Sync 1 DAGs
[2024-09-12T16:17:32.497+0000] {logging_mixin.py:190} INFO - [2024-09-12T16:17:32.493+0000] {dag.py:4138} INFO - Setting next_dagrun for example_setup_teardown_taskflow to 2024-09-11 00:00:00+00:00, run_after=2024-09-12 00:00:00+00:00
[2024-09-12T16:17:32.597+0000] {processor.py:208} INFO - Processing /home/airflow/.local/lib/python3.12/site-packages/airflow/example_dags/example_setup_teardown_taskflow.py took 0.469 seconds
[2024-09-12T16:18:03.487+0000] {processor.py:186} INFO - Started process (PID=4421) to work on /home/airflow/.local/lib/python3.12/site-packages/airflow/example_dags/example_setup_teardown_taskflow.py
[2024-09-12T16:18:03.496+0000] {processor.py:914} INFO - Processing file /home/airflow/.local/lib/python3.12/site-packages/airflow/example_dags/example_setup_teardown_taskflow.py for tasks to queue
[2024-09-12T16:18:03.500+0000] {logging_mixin.py:190} INFO - [2024-09-12T16:18:03.499+0000] {dagbag.py:587} INFO - Filling up the DagBag from /home/airflow/.local/lib/python3.12/site-packages/airflow/example_dags/example_setup_teardown_taskflow.py
[2024-09-12T16:18:03.550+0000] {processor.py:925} INFO - DAG(s) 'example_setup_teardown_taskflow' retrieved from /home/airflow/.local/lib/python3.12/site-packages/airflow/example_dags/example_setup_teardown_taskflow.py
[2024-09-12T16:18:03.661+0000] {logging_mixin.py:190} INFO - [2024-09-12T16:18:03.660+0000] {dag.py:3211} INFO - Sync 1 DAGs
[2024-09-12T16:18:03.831+0000] {logging_mixin.py:190} INFO - [2024-09-12T16:18:03.831+0000] {dag.py:4138} INFO - Setting next_dagrun for example_setup_teardown_taskflow to 2024-09-11 00:00:00+00:00, run_after=2024-09-12 00:00:00+00:00
[2024-09-12T16:18:04.086+0000] {processor.py:208} INFO - Processing /home/airflow/.local/lib/python3.12/site-packages/airflow/example_dags/example_setup_teardown_taskflow.py took 0.623 seconds
[2024-09-12T16:18:51.881+0000] {processor.py:186} INFO - Started process (PID=4497) to work on /home/airflow/.local/lib/python3.12/site-packages/airflow/example_dags/example_setup_teardown_taskflow.py
[2024-09-12T16:18:51.896+0000] {processor.py:914} INFO - Processing file /home/airflow/.local/lib/python3.12/site-packages/airflow/example_dags/example_setup_teardown_taskflow.py for tasks to queue
[2024-09-12T16:18:51.912+0000] {logging_mixin.py:190} INFO - [2024-09-12T16:18:51.911+0000] {dagbag.py:587} INFO - Filling up the DagBag from /home/airflow/.local/lib/python3.12/site-packages/airflow/example_dags/example_setup_teardown_taskflow.py
[2024-09-12T16:18:52.054+0000] {processor.py:925} INFO - DAG(s) 'example_setup_teardown_taskflow' retrieved from /home/airflow/.local/lib/python3.12/site-packages/airflow/example_dags/example_setup_teardown_taskflow.py
[2024-09-12T16:18:52.278+0000] {logging_mixin.py:190} INFO - [2024-09-12T16:18:52.277+0000] {dag.py:3211} INFO - Sync 1 DAGs
[2024-09-12T16:18:52.499+0000] {logging_mixin.py:190} INFO - [2024-09-12T16:18:52.499+0000] {dag.py:4138} INFO - Setting next_dagrun for example_setup_teardown_taskflow to 2024-09-11 00:00:00+00:00, run_after=2024-09-12 00:00:00+00:00
[2024-09-12T16:18:52.656+0000] {processor.py:208} INFO - Processing /home/airflow/.local/lib/python3.12/site-packages/airflow/example_dags/example_setup_teardown_taskflow.py took 0.828 seconds
[2024-09-12T16:19:30.456+0000] {processor.py:186} INFO - Started process (PID=4560) to work on /home/airflow/.local/lib/python3.12/site-packages/airflow/example_dags/example_setup_teardown_taskflow.py
[2024-09-12T16:19:30.472+0000] {processor.py:914} INFO - Processing file /home/airflow/.local/lib/python3.12/site-packages/airflow/example_dags/example_setup_teardown_taskflow.py for tasks to queue
[2024-09-12T16:19:30.482+0000] {logging_mixin.py:190} INFO - [2024-09-12T16:19:30.478+0000] {dagbag.py:587} INFO - Filling up the DagBag from /home/airflow/.local/lib/python3.12/site-packages/airflow/example_dags/example_setup_teardown_taskflow.py
[2024-09-12T16:19:30.586+0000] {processor.py:925} INFO - DAG(s) 'example_setup_teardown_taskflow' retrieved from /home/airflow/.local/lib/python3.12/site-packages/airflow/example_dags/example_setup_teardown_taskflow.py
[2024-09-12T16:19:30.780+0000] {logging_mixin.py:190} INFO - [2024-09-12T16:19:30.779+0000] {dag.py:3211} INFO - Sync 1 DAGs
[2024-09-12T16:19:30.933+0000] {logging_mixin.py:190} INFO - [2024-09-12T16:19:30.933+0000] {dag.py:4138} INFO - Setting next_dagrun for example_setup_teardown_taskflow to 2024-09-11 00:00:00+00:00, run_after=2024-09-12 00:00:00+00:00
[2024-09-12T16:19:31.043+0000] {processor.py:208} INFO - Processing /home/airflow/.local/lib/python3.12/site-packages/airflow/example_dags/example_setup_teardown_taskflow.py took 0.635 seconds
[2024-09-12T16:20:06.569+0000] {processor.py:186} INFO - Started process (PID=4622) to work on /home/airflow/.local/lib/python3.12/site-packages/airflow/example_dags/example_setup_teardown_taskflow.py
[2024-09-12T16:20:06.581+0000] {processor.py:914} INFO - Processing file /home/airflow/.local/lib/python3.12/site-packages/airflow/example_dags/example_setup_teardown_taskflow.py for tasks to queue
[2024-09-12T16:20:06.587+0000] {logging_mixin.py:190} INFO - [2024-09-12T16:20:06.586+0000] {dagbag.py:587} INFO - Filling up the DagBag from /home/airflow/.local/lib/python3.12/site-packages/airflow/example_dags/example_setup_teardown_taskflow.py
[2024-09-12T16:20:06.665+0000] {processor.py:925} INFO - DAG(s) 'example_setup_teardown_taskflow' retrieved from /home/airflow/.local/lib/python3.12/site-packages/airflow/example_dags/example_setup_teardown_taskflow.py
[2024-09-12T16:20:06.844+0000] {logging_mixin.py:190} INFO - [2024-09-12T16:20:06.842+0000] {dag.py:3211} INFO - Sync 1 DAGs
[2024-09-12T16:20:07.040+0000] {logging_mixin.py:190} INFO - [2024-09-12T16:20:07.040+0000] {dag.py:4138} INFO - Setting next_dagrun for example_setup_teardown_taskflow to 2024-09-11 00:00:00+00:00, run_after=2024-09-12 00:00:00+00:00
[2024-09-12T16:20:07.161+0000] {processor.py:208} INFO - Processing /home/airflow/.local/lib/python3.12/site-packages/airflow/example_dags/example_setup_teardown_taskflow.py took 0.634 seconds
[2024-09-12T16:20:59.744+0000] {processor.py:186} INFO - Started process (PID=4686) to work on /home/airflow/.local/lib/python3.12/site-packages/airflow/example_dags/example_setup_teardown_taskflow.py
[2024-09-12T16:20:59.754+0000] {processor.py:914} INFO - Processing file /home/airflow/.local/lib/python3.12/site-packages/airflow/example_dags/example_setup_teardown_taskflow.py for tasks to queue
[2024-09-12T16:20:59.772+0000] {logging_mixin.py:190} INFO - [2024-09-12T16:20:59.772+0000] {dagbag.py:587} INFO - Filling up the DagBag from /home/airflow/.local/lib/python3.12/site-packages/airflow/example_dags/example_setup_teardown_taskflow.py
[2024-09-12T16:20:59.923+0000] {processor.py:925} INFO - DAG(s) 'example_setup_teardown_taskflow' retrieved from /home/airflow/.local/lib/python3.12/site-packages/airflow/example_dags/example_setup_teardown_taskflow.py
[2024-09-12T16:21:00.010+0000] {logging_mixin.py:190} INFO - [2024-09-12T16:21:00.002+0000] {dag.py:3211} INFO - Sync 1 DAGs
[2024-09-12T16:21:00.157+0000] {logging_mixin.py:190} INFO - [2024-09-12T16:21:00.157+0000] {dag.py:4138} INFO - Setting next_dagrun for example_setup_teardown_taskflow to 2024-09-11 00:00:00+00:00, run_after=2024-09-12 00:00:00+00:00
[2024-09-12T16:21:00.327+0000] {processor.py:208} INFO - Processing /home/airflow/.local/lib/python3.12/site-packages/airflow/example_dags/example_setup_teardown_taskflow.py took 0.631 seconds
[2024-09-12T16:22:16.458+0000] {processor.py:186} INFO - Started process (PID=4764) to work on /home/airflow/.local/lib/python3.12/site-packages/airflow/example_dags/example_setup_teardown_taskflow.py
[2024-09-12T16:22:16.468+0000] {processor.py:914} INFO - Processing file /home/airflow/.local/lib/python3.12/site-packages/airflow/example_dags/example_setup_teardown_taskflow.py for tasks to queue
[2024-09-12T16:22:16.481+0000] {logging_mixin.py:190} INFO - [2024-09-12T16:22:16.479+0000] {dagbag.py:587} INFO - Filling up the DagBag from /home/airflow/.local/lib/python3.12/site-packages/airflow/example_dags/example_setup_teardown_taskflow.py
[2024-09-12T16:22:16.565+0000] {processor.py:925} INFO - DAG(s) 'example_setup_teardown_taskflow' retrieved from /home/airflow/.local/lib/python3.12/site-packages/airflow/example_dags/example_setup_teardown_taskflow.py
[2024-09-12T16:22:16.729+0000] {logging_mixin.py:190} INFO - [2024-09-12T16:22:16.728+0000] {dag.py:3211} INFO - Sync 1 DAGs
[2024-09-12T16:22:16.884+0000] {logging_mixin.py:190} INFO - [2024-09-12T16:22:16.883+0000] {dag.py:4138} INFO - Setting next_dagrun for example_setup_teardown_taskflow to 2024-09-11 00:00:00+00:00, run_after=2024-09-12 00:00:00+00:00
[2024-09-12T16:22:17.091+0000] {processor.py:208} INFO - Processing /home/airflow/.local/lib/python3.12/site-packages/airflow/example_dags/example_setup_teardown_taskflow.py took 0.663 seconds
[2024-09-12T16:22:59.942+0000] {processor.py:186} INFO - Started process (PID=4837) to work on /home/airflow/.local/lib/python3.12/site-packages/airflow/example_dags/example_setup_teardown_taskflow.py
[2024-09-12T16:22:59.948+0000] {processor.py:914} INFO - Processing file /home/airflow/.local/lib/python3.12/site-packages/airflow/example_dags/example_setup_teardown_taskflow.py for tasks to queue
[2024-09-12T16:22:59.961+0000] {logging_mixin.py:190} INFO - [2024-09-12T16:22:59.960+0000] {dagbag.py:587} INFO - Filling up the DagBag from /home/airflow/.local/lib/python3.12/site-packages/airflow/example_dags/example_setup_teardown_taskflow.py
[2024-09-12T16:23:00.053+0000] {processor.py:925} INFO - DAG(s) 'example_setup_teardown_taskflow' retrieved from /home/airflow/.local/lib/python3.12/site-packages/airflow/example_dags/example_setup_teardown_taskflow.py
[2024-09-12T16:23:00.160+0000] {logging_mixin.py:190} INFO - [2024-09-12T16:23:00.160+0000] {dag.py:3211} INFO - Sync 1 DAGs
[2024-09-12T16:23:00.243+0000] {logging_mixin.py:190} INFO - [2024-09-12T16:23:00.242+0000] {dag.py:4138} INFO - Setting next_dagrun for example_setup_teardown_taskflow to 2024-09-11 00:00:00+00:00, run_after=2024-09-12 00:00:00+00:00
[2024-09-12T16:23:00.317+0000] {processor.py:208} INFO - Processing /home/airflow/.local/lib/python3.12/site-packages/airflow/example_dags/example_setup_teardown_taskflow.py took 0.413 seconds
