[2024-09-12T14:58:31.856+0000] {processor.py:186} INFO - Started process (PID=76) to work on /home/airflow/.local/lib/python3.12/site-packages/airflow/example_dags/example_params_ui_tutorial.py
[2024-09-12T14:58:31.859+0000] {processor.py:914} INFO - Processing file /home/airflow/.local/lib/python3.12/site-packages/airflow/example_dags/example_params_ui_tutorial.py for tasks to queue
[2024-09-12T14:58:31.892+0000] {logging_mixin.py:190} INFO - [2024-09-12T14:58:31.892+0000] {dagbag.py:587} INFO - Filling up the DagBag from /home/airflow/.local/lib/python3.12/site-packages/airflow/example_dags/example_params_ui_tutorial.py
[2024-09-12T14:58:31.996+0000] {processor.py:925} INFO - DAG(s) 'example_params_ui_tutorial' retrieved from /home/airflow/.local/lib/python3.12/site-packages/airflow/example_dags/example_params_ui_tutorial.py
[2024-09-12T14:58:33.959+0000] {logging_mixin.py:190} INFO - [2024-09-12T14:58:33.958+0000] {dag.py:3211} INFO - Sync 1 DAGs
[2024-09-12T14:58:34.053+0000] {logging_mixin.py:190} INFO - [2024-09-12T14:58:34.053+0000] {dag.py:4138} INFO - Setting next_dagrun for example_params_ui_tutorial to None, run_after=None
[2024-09-12T14:58:34.263+0000] {processor.py:208} INFO - Processing /home/airflow/.local/lib/python3.12/site-packages/airflow/example_dags/example_params_ui_tutorial.py took 2.498 seconds
[2024-09-12T14:59:29.297+0000] {processor.py:186} INFO - Started process (PID=151) to work on /home/airflow/.local/lib/python3.12/site-packages/airflow/example_dags/example_params_ui_tutorial.py
[2024-09-12T14:59:29.312+0000] {processor.py:914} INFO - Processing file /home/airflow/.local/lib/python3.12/site-packages/airflow/example_dags/example_params_ui_tutorial.py for tasks to queue
[2024-09-12T14:59:29.330+0000] {logging_mixin.py:190} INFO - [2024-09-12T14:59:29.330+0000] {dagbag.py:587} INFO - Filling up the DagBag from /home/airflow/.local/lib/python3.12/site-packages/airflow/example_dags/example_params_ui_tutorial.py
[2024-09-12T14:59:29.396+0000] {processor.py:925} INFO - DAG(s) 'example_params_ui_tutorial' retrieved from /home/airflow/.local/lib/python3.12/site-packages/airflow/example_dags/example_params_ui_tutorial.py
[2024-09-12T14:59:29.830+0000] {logging_mixin.py:190} INFO - [2024-09-12T14:59:29.830+0000] {dag.py:3211} INFO - Sync 1 DAGs
[2024-09-12T14:59:29.925+0000] {logging_mixin.py:190} INFO - [2024-09-12T14:59:29.925+0000] {dag.py:4138} INFO - Setting next_dagrun for example_params_ui_tutorial to None, run_after=None
[2024-09-12T14:59:30.053+0000] {processor.py:208} INFO - Processing /home/airflow/.local/lib/python3.12/site-packages/airflow/example_dags/example_params_ui_tutorial.py took 0.788 seconds
[2024-09-12T15:00:21.774+0000] {processor.py:186} INFO - Started process (PID=217) to work on /home/airflow/.local/lib/python3.12/site-packages/airflow/example_dags/example_params_ui_tutorial.py
[2024-09-12T15:00:21.811+0000] {processor.py:914} INFO - Processing file /home/airflow/.local/lib/python3.12/site-packages/airflow/example_dags/example_params_ui_tutorial.py for tasks to queue
[2024-09-12T15:00:21.823+0000] {logging_mixin.py:190} INFO - [2024-09-12T15:00:21.822+0000] {dagbag.py:587} INFO - Filling up the DagBag from /home/airflow/.local/lib/python3.12/site-packages/airflow/example_dags/example_params_ui_tutorial.py
[2024-09-12T15:00:21.999+0000] {processor.py:925} INFO - DAG(s) 'example_params_ui_tutorial' retrieved from /home/airflow/.local/lib/python3.12/site-packages/airflow/example_dags/example_params_ui_tutorial.py
[2024-09-12T15:00:22.709+0000] {logging_mixin.py:190} INFO - [2024-09-12T15:00:22.709+0000] {dag.py:3211} INFO - Sync 1 DAGs
[2024-09-12T15:00:22.834+0000] {logging_mixin.py:190} INFO - [2024-09-12T15:00:22.833+0000] {dag.py:4138} INFO - Setting next_dagrun for example_params_ui_tutorial to None, run_after=None
[2024-09-12T15:00:23.228+0000] {processor.py:208} INFO - Processing /home/airflow/.local/lib/python3.12/site-packages/airflow/example_dags/example_params_ui_tutorial.py took 1.553 seconds
[2024-09-12T15:01:35.714+0000] {processor.py:186} INFO - Started process (PID=299) to work on /home/airflow/.local/lib/python3.12/site-packages/airflow/example_dags/example_params_ui_tutorial.py
[2024-09-12T15:01:35.774+0000] {processor.py:914} INFO - Processing file /home/airflow/.local/lib/python3.12/site-packages/airflow/example_dags/example_params_ui_tutorial.py for tasks to queue
[2024-09-12T15:01:35.791+0000] {logging_mixin.py:190} INFO - [2024-09-12T15:01:35.790+0000] {dagbag.py:587} INFO - Filling up the DagBag from /home/airflow/.local/lib/python3.12/site-packages/airflow/example_dags/example_params_ui_tutorial.py
[2024-09-12T15:01:35.915+0000] {processor.py:925} INFO - DAG(s) 'example_params_ui_tutorial' retrieved from /home/airflow/.local/lib/python3.12/site-packages/airflow/example_dags/example_params_ui_tutorial.py
[2024-09-12T15:01:36.375+0000] {logging_mixin.py:190} INFO - [2024-09-12T15:01:36.375+0000] {dag.py:3211} INFO - Sync 1 DAGs
[2024-09-12T15:01:36.568+0000] {logging_mixin.py:190} INFO - [2024-09-12T15:01:36.565+0000] {dag.py:4138} INFO - Setting next_dagrun for example_params_ui_tutorial to None, run_after=None
[2024-09-12T15:01:36.758+0000] {processor.py:208} INFO - Processing /home/airflow/.local/lib/python3.12/site-packages/airflow/example_dags/example_params_ui_tutorial.py took 1.149 seconds
[2024-09-12T15:02:27.017+0000] {processor.py:186} INFO - Started process (PID=348) to work on /home/airflow/.local/lib/python3.12/site-packages/airflow/example_dags/example_params_ui_tutorial.py
[2024-09-12T15:02:27.048+0000] {processor.py:914} INFO - Processing file /home/airflow/.local/lib/python3.12/site-packages/airflow/example_dags/example_params_ui_tutorial.py for tasks to queue
[2024-09-12T15:02:27.080+0000] {logging_mixin.py:190} INFO - [2024-09-12T15:02:27.080+0000] {dagbag.py:587} INFO - Filling up the DagBag from /home/airflow/.local/lib/python3.12/site-packages/airflow/example_dags/example_params_ui_tutorial.py
[2024-09-12T15:02:27.297+0000] {processor.py:925} INFO - DAG(s) 'example_params_ui_tutorial' retrieved from /home/airflow/.local/lib/python3.12/site-packages/airflow/example_dags/example_params_ui_tutorial.py
[2024-09-12T15:02:29.031+0000] {logging_mixin.py:190} INFO - [2024-09-12T15:02:29.030+0000] {dag.py:3211} INFO - Sync 1 DAGs
[2024-09-12T15:02:29.317+0000] {logging_mixin.py:190} INFO - [2024-09-12T15:02:29.305+0000] {dag.py:4138} INFO - Setting next_dagrun for example_params_ui_tutorial to None, run_after=None
[2024-09-12T15:02:29.573+0000] {processor.py:208} INFO - Processing /home/airflow/.local/lib/python3.12/site-packages/airflow/example_dags/example_params_ui_tutorial.py took 2.718 seconds
[2024-09-12T15:03:51.190+0000] {processor.py:186} INFO - Started process (PID=396) to work on /home/airflow/.local/lib/python3.12/site-packages/airflow/example_dags/example_params_ui_tutorial.py
[2024-09-12T15:03:51.219+0000] {processor.py:914} INFO - Processing file /home/airflow/.local/lib/python3.12/site-packages/airflow/example_dags/example_params_ui_tutorial.py for tasks to queue
[2024-09-12T15:03:51.222+0000] {logging_mixin.py:190} INFO - [2024-09-12T15:03:51.221+0000] {dagbag.py:587} INFO - Filling up the DagBag from /home/airflow/.local/lib/python3.12/site-packages/airflow/example_dags/example_params_ui_tutorial.py
[2024-09-12T15:03:51.380+0000] {processor.py:925} INFO - DAG(s) 'example_params_ui_tutorial' retrieved from /home/airflow/.local/lib/python3.12/site-packages/airflow/example_dags/example_params_ui_tutorial.py
[2024-09-12T15:03:52.299+0000] {logging_mixin.py:190} INFO - [2024-09-12T15:03:52.298+0000] {dag.py:3211} INFO - Sync 1 DAGs
[2024-09-12T15:03:52.517+0000] {logging_mixin.py:190} INFO - [2024-09-12T15:03:52.517+0000] {dag.py:4138} INFO - Setting next_dagrun for example_params_ui_tutorial to None, run_after=None
[2024-09-12T15:03:52.753+0000] {processor.py:208} INFO - Processing /home/airflow/.local/lib/python3.12/site-packages/airflow/example_dags/example_params_ui_tutorial.py took 1.645 seconds
[2024-09-12T15:04:42.608+0000] {processor.py:186} INFO - Started process (PID=464) to work on /home/airflow/.local/lib/python3.12/site-packages/airflow/example_dags/example_params_ui_tutorial.py
[2024-09-12T15:04:42.621+0000] {processor.py:914} INFO - Processing file /home/airflow/.local/lib/python3.12/site-packages/airflow/example_dags/example_params_ui_tutorial.py for tasks to queue
[2024-09-12T15:04:42.631+0000] {logging_mixin.py:190} INFO - [2024-09-12T15:04:42.624+0000] {dagbag.py:587} INFO - Filling up the DagBag from /home/airflow/.local/lib/python3.12/site-packages/airflow/example_dags/example_params_ui_tutorial.py
[2024-09-12T15:04:42.722+0000] {processor.py:925} INFO - DAG(s) 'example_params_ui_tutorial' retrieved from /home/airflow/.local/lib/python3.12/site-packages/airflow/example_dags/example_params_ui_tutorial.py
[2024-09-12T15:04:43.502+0000] {logging_mixin.py:190} INFO - [2024-09-12T15:04:43.501+0000] {dag.py:3211} INFO - Sync 1 DAGs
[2024-09-12T15:04:43.883+0000] {logging_mixin.py:190} INFO - [2024-09-12T15:04:43.882+0000] {dag.py:4138} INFO - Setting next_dagrun for example_params_ui_tutorial to None, run_after=None
[2024-09-12T15:04:44.132+0000] {processor.py:208} INFO - Processing /home/airflow/.local/lib/python3.12/site-packages/airflow/example_dags/example_params_ui_tutorial.py took 1.562 seconds
[2024-09-12T15:05:37.311+0000] {processor.py:186} INFO - Started process (PID=525) to work on /home/airflow/.local/lib/python3.12/site-packages/airflow/example_dags/example_params_ui_tutorial.py
[2024-09-12T15:05:37.342+0000] {processor.py:914} INFO - Processing file /home/airflow/.local/lib/python3.12/site-packages/airflow/example_dags/example_params_ui_tutorial.py for tasks to queue
[2024-09-12T15:05:37.358+0000] {logging_mixin.py:190} INFO - [2024-09-12T15:05:37.357+0000] {dagbag.py:587} INFO - Filling up the DagBag from /home/airflow/.local/lib/python3.12/site-packages/airflow/example_dags/example_params_ui_tutorial.py
[2024-09-12T15:05:37.440+0000] {processor.py:925} INFO - DAG(s) 'example_params_ui_tutorial' retrieved from /home/airflow/.local/lib/python3.12/site-packages/airflow/example_dags/example_params_ui_tutorial.py
[2024-09-12T15:05:38.954+0000] {logging_mixin.py:190} INFO - [2024-09-12T15:05:38.954+0000] {dag.py:3211} INFO - Sync 1 DAGs
[2024-09-12T15:05:39.481+0000] {logging_mixin.py:190} INFO - [2024-09-12T15:05:39.418+0000] {dag.py:4138} INFO - Setting next_dagrun for example_params_ui_tutorial to None, run_after=None
[2024-09-12T15:05:39.795+0000] {processor.py:208} INFO - Processing /home/airflow/.local/lib/python3.12/site-packages/airflow/example_dags/example_params_ui_tutorial.py took 2.595 seconds
[2024-09-12T15:06:14.208+0000] {processor.py:186} INFO - Started process (PID=564) to work on /home/airflow/.local/lib/python3.12/site-packages/airflow/example_dags/example_params_ui_tutorial.py
[2024-09-12T15:06:14.270+0000] {processor.py:914} INFO - Processing file /home/airflow/.local/lib/python3.12/site-packages/airflow/example_dags/example_params_ui_tutorial.py for tasks to queue
[2024-09-12T15:06:14.273+0000] {logging_mixin.py:190} INFO - [2024-09-12T15:06:14.273+0000] {dagbag.py:587} INFO - Filling up the DagBag from /home/airflow/.local/lib/python3.12/site-packages/airflow/example_dags/example_params_ui_tutorial.py
[2024-09-12T15:06:14.375+0000] {processor.py:925} INFO - DAG(s) 'example_params_ui_tutorial' retrieved from /home/airflow/.local/lib/python3.12/site-packages/airflow/example_dags/example_params_ui_tutorial.py
[2024-09-12T15:06:14.968+0000] {logging_mixin.py:190} INFO - [2024-09-12T15:06:14.968+0000] {dag.py:3211} INFO - Sync 1 DAGs
[2024-09-12T15:06:15.076+0000] {logging_mixin.py:190} INFO - [2024-09-12T15:06:15.076+0000] {dag.py:4138} INFO - Setting next_dagrun for example_params_ui_tutorial to None, run_after=None
[2024-09-12T15:06:15.291+0000] {processor.py:208} INFO - Processing /home/airflow/.local/lib/python3.12/site-packages/airflow/example_dags/example_params_ui_tutorial.py took 1.138 seconds
[2024-09-12T15:06:59.125+0000] {processor.py:186} INFO - Started process (PID=617) to work on /home/airflow/.local/lib/python3.12/site-packages/airflow/example_dags/example_params_ui_tutorial.py
[2024-09-12T15:06:59.138+0000] {processor.py:914} INFO - Processing file /home/airflow/.local/lib/python3.12/site-packages/airflow/example_dags/example_params_ui_tutorial.py for tasks to queue
[2024-09-12T15:06:59.155+0000] {logging_mixin.py:190} INFO - [2024-09-12T15:06:59.155+0000] {dagbag.py:587} INFO - Filling up the DagBag from /home/airflow/.local/lib/python3.12/site-packages/airflow/example_dags/example_params_ui_tutorial.py
[2024-09-12T15:06:59.267+0000] {processor.py:925} INFO - DAG(s) 'example_params_ui_tutorial' retrieved from /home/airflow/.local/lib/python3.12/site-packages/airflow/example_dags/example_params_ui_tutorial.py
[2024-09-12T15:07:00.084+0000] {logging_mixin.py:190} INFO - [2024-09-12T15:07:00.083+0000] {dag.py:3211} INFO - Sync 1 DAGs
[2024-09-12T15:07:00.288+0000] {logging_mixin.py:190} INFO - [2024-09-12T15:07:00.287+0000] {dag.py:4138} INFO - Setting next_dagrun for example_params_ui_tutorial to None, run_after=None
[2024-09-12T15:07:00.467+0000] {processor.py:208} INFO - Processing /home/airflow/.local/lib/python3.12/site-packages/airflow/example_dags/example_params_ui_tutorial.py took 1.407 seconds
[2024-09-12T15:07:38.161+0000] {processor.py:186} INFO - Started process (PID=661) to work on /home/airflow/.local/lib/python3.12/site-packages/airflow/example_dags/example_params_ui_tutorial.py
[2024-09-12T15:07:38.164+0000] {processor.py:914} INFO - Processing file /home/airflow/.local/lib/python3.12/site-packages/airflow/example_dags/example_params_ui_tutorial.py for tasks to queue
[2024-09-12T15:07:38.181+0000] {logging_mixin.py:190} INFO - [2024-09-12T15:07:38.181+0000] {dagbag.py:587} INFO - Filling up the DagBag from /home/airflow/.local/lib/python3.12/site-packages/airflow/example_dags/example_params_ui_tutorial.py
[2024-09-12T15:07:38.366+0000] {processor.py:925} INFO - DAG(s) 'example_params_ui_tutorial' retrieved from /home/airflow/.local/lib/python3.12/site-packages/airflow/example_dags/example_params_ui_tutorial.py
[2024-09-12T15:07:38.883+0000] {logging_mixin.py:190} INFO - [2024-09-12T15:07:38.882+0000] {dag.py:3211} INFO - Sync 1 DAGs
[2024-09-12T15:07:38.997+0000] {logging_mixin.py:190} INFO - [2024-09-12T15:07:38.996+0000] {dag.py:4138} INFO - Setting next_dagrun for example_params_ui_tutorial to None, run_after=None
[2024-09-12T15:07:39.213+0000] {processor.py:208} INFO - Processing /home/airflow/.local/lib/python3.12/site-packages/airflow/example_dags/example_params_ui_tutorial.py took 1.098 seconds
[2024-09-12T15:08:18.114+0000] {processor.py:186} INFO - Started process (PID=704) to work on /home/airflow/.local/lib/python3.12/site-packages/airflow/example_dags/example_params_ui_tutorial.py
[2024-09-12T15:08:18.123+0000] {processor.py:914} INFO - Processing file /home/airflow/.local/lib/python3.12/site-packages/airflow/example_dags/example_params_ui_tutorial.py for tasks to queue
[2024-09-12T15:08:18.213+0000] {logging_mixin.py:190} INFO - [2024-09-12T15:08:18.213+0000] {dagbag.py:587} INFO - Filling up the DagBag from /home/airflow/.local/lib/python3.12/site-packages/airflow/example_dags/example_params_ui_tutorial.py
[2024-09-12T15:08:18.346+0000] {processor.py:925} INFO - DAG(s) 'example_params_ui_tutorial' retrieved from /home/airflow/.local/lib/python3.12/site-packages/airflow/example_dags/example_params_ui_tutorial.py
[2024-09-12T15:08:19.126+0000] {logging_mixin.py:190} INFO - [2024-09-12T15:08:19.126+0000] {dag.py:3211} INFO - Sync 1 DAGs
[2024-09-12T15:08:19.462+0000] {logging_mixin.py:190} INFO - [2024-09-12T15:08:19.461+0000] {dag.py:4138} INFO - Setting next_dagrun for example_params_ui_tutorial to None, run_after=None
[2024-09-12T15:08:19.893+0000] {processor.py:208} INFO - Processing /home/airflow/.local/lib/python3.12/site-packages/airflow/example_dags/example_params_ui_tutorial.py took 1.828 seconds
[2024-09-12T15:09:07.596+0000] {processor.py:186} INFO - Started process (PID=753) to work on /home/airflow/.local/lib/python3.12/site-packages/airflow/example_dags/example_params_ui_tutorial.py
[2024-09-12T15:09:07.629+0000] {processor.py:914} INFO - Processing file /home/airflow/.local/lib/python3.12/site-packages/airflow/example_dags/example_params_ui_tutorial.py for tasks to queue
[2024-09-12T15:09:07.643+0000] {logging_mixin.py:190} INFO - [2024-09-12T15:09:07.642+0000] {dagbag.py:587} INFO - Filling up the DagBag from /home/airflow/.local/lib/python3.12/site-packages/airflow/example_dags/example_params_ui_tutorial.py
[2024-09-12T15:09:07.766+0000] {processor.py:925} INFO - DAG(s) 'example_params_ui_tutorial' retrieved from /home/airflow/.local/lib/python3.12/site-packages/airflow/example_dags/example_params_ui_tutorial.py
[2024-09-12T15:09:08.496+0000] {logging_mixin.py:190} INFO - [2024-09-12T15:09:08.495+0000] {dag.py:3211} INFO - Sync 1 DAGs
[2024-09-12T15:09:08.633+0000] {logging_mixin.py:190} INFO - [2024-09-12T15:09:08.632+0000] {dag.py:4138} INFO - Setting next_dagrun for example_params_ui_tutorial to None, run_after=None
[2024-09-12T15:09:08.811+0000] {processor.py:208} INFO - Processing /home/airflow/.local/lib/python3.12/site-packages/airflow/example_dags/example_params_ui_tutorial.py took 1.286 seconds
[2024-09-12T15:09:48.892+0000] {processor.py:186} INFO - Started process (PID=793) to work on /home/airflow/.local/lib/python3.12/site-packages/airflow/example_dags/example_params_ui_tutorial.py
[2024-09-12T15:09:48.894+0000] {processor.py:914} INFO - Processing file /home/airflow/.local/lib/python3.12/site-packages/airflow/example_dags/example_params_ui_tutorial.py for tasks to queue
[2024-09-12T15:09:48.899+0000] {logging_mixin.py:190} INFO - [2024-09-12T15:09:48.898+0000] {dagbag.py:587} INFO - Filling up the DagBag from /home/airflow/.local/lib/python3.12/site-packages/airflow/example_dags/example_params_ui_tutorial.py
[2024-09-12T15:09:48.973+0000] {processor.py:925} INFO - DAG(s) 'example_params_ui_tutorial' retrieved from /home/airflow/.local/lib/python3.12/site-packages/airflow/example_dags/example_params_ui_tutorial.py
[2024-09-12T15:09:49.456+0000] {logging_mixin.py:190} INFO - [2024-09-12T15:09:49.455+0000] {dag.py:3211} INFO - Sync 1 DAGs
[2024-09-12T15:09:49.548+0000] {logging_mixin.py:190} INFO - [2024-09-12T15:09:49.547+0000] {dag.py:4138} INFO - Setting next_dagrun for example_params_ui_tutorial to None, run_after=None
[2024-09-12T15:09:49.785+0000] {processor.py:208} INFO - Processing /home/airflow/.local/lib/python3.12/site-packages/airflow/example_dags/example_params_ui_tutorial.py took 0.998 seconds
[2024-09-12T15:10:46.889+0000] {processor.py:186} INFO - Started process (PID=859) to work on /home/airflow/.local/lib/python3.12/site-packages/airflow/example_dags/example_params_ui_tutorial.py
[2024-09-12T15:10:46.901+0000] {processor.py:914} INFO - Processing file /home/airflow/.local/lib/python3.12/site-packages/airflow/example_dags/example_params_ui_tutorial.py for tasks to queue
[2024-09-12T15:10:46.908+0000] {logging_mixin.py:190} INFO - [2024-09-12T15:10:46.907+0000] {dagbag.py:587} INFO - Filling up the DagBag from /home/airflow/.local/lib/python3.12/site-packages/airflow/example_dags/example_params_ui_tutorial.py
[2024-09-12T15:10:47.063+0000] {processor.py:925} INFO - DAG(s) 'example_params_ui_tutorial' retrieved from /home/airflow/.local/lib/python3.12/site-packages/airflow/example_dags/example_params_ui_tutorial.py
[2024-09-12T15:10:47.585+0000] {logging_mixin.py:190} INFO - [2024-09-12T15:10:47.585+0000] {dag.py:3211} INFO - Sync 1 DAGs
[2024-09-12T15:10:47.733+0000] {logging_mixin.py:190} INFO - [2024-09-12T15:10:47.733+0000] {dag.py:4138} INFO - Setting next_dagrun for example_params_ui_tutorial to None, run_after=None
[2024-09-12T15:10:48.075+0000] {processor.py:208} INFO - Processing /home/airflow/.local/lib/python3.12/site-packages/airflow/example_dags/example_params_ui_tutorial.py took 1.269 seconds
[2024-09-12T15:11:37.020+0000] {processor.py:186} INFO - Started process (PID=932) to work on /home/airflow/.local/lib/python3.12/site-packages/airflow/example_dags/example_params_ui_tutorial.py
[2024-09-12T15:11:37.037+0000] {processor.py:914} INFO - Processing file /home/airflow/.local/lib/python3.12/site-packages/airflow/example_dags/example_params_ui_tutorial.py for tasks to queue
[2024-09-12T15:11:37.055+0000] {logging_mixin.py:190} INFO - [2024-09-12T15:11:37.054+0000] {dagbag.py:587} INFO - Filling up the DagBag from /home/airflow/.local/lib/python3.12/site-packages/airflow/example_dags/example_params_ui_tutorial.py
[2024-09-12T15:11:37.158+0000] {processor.py:925} INFO - DAG(s) 'example_params_ui_tutorial' retrieved from /home/airflow/.local/lib/python3.12/site-packages/airflow/example_dags/example_params_ui_tutorial.py
[2024-09-12T15:11:37.644+0000] {logging_mixin.py:190} INFO - [2024-09-12T15:11:37.643+0000] {dag.py:3211} INFO - Sync 1 DAGs
[2024-09-12T15:11:37.803+0000] {logging_mixin.py:190} INFO - [2024-09-12T15:11:37.802+0000] {dag.py:4138} INFO - Setting next_dagrun for example_params_ui_tutorial to None, run_after=None
[2024-09-12T15:11:38.014+0000] {processor.py:208} INFO - Processing /home/airflow/.local/lib/python3.12/site-packages/airflow/example_dags/example_params_ui_tutorial.py took 1.048 seconds
[2024-09-12T15:14:55.209+0000] {processor.py:186} INFO - Started process (PID=83) to work on /home/airflow/.local/lib/python3.12/site-packages/airflow/example_dags/example_params_ui_tutorial.py
[2024-09-12T15:14:55.210+0000] {processor.py:914} INFO - Processing file /home/airflow/.local/lib/python3.12/site-packages/airflow/example_dags/example_params_ui_tutorial.py for tasks to queue
[2024-09-12T15:14:55.239+0000] {logging_mixin.py:190} INFO - [2024-09-12T15:14:55.238+0000] {dagbag.py:587} INFO - Filling up the DagBag from /home/airflow/.local/lib/python3.12/site-packages/airflow/example_dags/example_params_ui_tutorial.py
[2024-09-12T15:14:55.311+0000] {processor.py:925} INFO - DAG(s) 'example_params_ui_tutorial' retrieved from /home/airflow/.local/lib/python3.12/site-packages/airflow/example_dags/example_params_ui_tutorial.py
[2024-09-12T15:14:55.736+0000] {logging_mixin.py:190} INFO - [2024-09-12T15:14:55.735+0000] {dag.py:3211} INFO - Sync 1 DAGs
[2024-09-12T15:14:55.846+0000] {logging_mixin.py:190} INFO - [2024-09-12T15:14:55.845+0000] {dag.py:4138} INFO - Setting next_dagrun for example_params_ui_tutorial to None, run_after=None
[2024-09-12T15:14:55.981+0000] {processor.py:208} INFO - Processing /home/airflow/.local/lib/python3.12/site-packages/airflow/example_dags/example_params_ui_tutorial.py took 0.826 seconds
[2024-09-12T15:15:46.757+0000] {processor.py:186} INFO - Started process (PID=148) to work on /home/airflow/.local/lib/python3.12/site-packages/airflow/example_dags/example_params_ui_tutorial.py
[2024-09-12T15:15:46.805+0000] {processor.py:914} INFO - Processing file /home/airflow/.local/lib/python3.12/site-packages/airflow/example_dags/example_params_ui_tutorial.py for tasks to queue
[2024-09-12T15:15:46.810+0000] {logging_mixin.py:190} INFO - [2024-09-12T15:15:46.809+0000] {dagbag.py:587} INFO - Filling up the DagBag from /home/airflow/.local/lib/python3.12/site-packages/airflow/example_dags/example_params_ui_tutorial.py
[2024-09-12T15:15:46.951+0000] {processor.py:925} INFO - DAG(s) 'example_params_ui_tutorial' retrieved from /home/airflow/.local/lib/python3.12/site-packages/airflow/example_dags/example_params_ui_tutorial.py
[2024-09-12T15:15:47.739+0000] {logging_mixin.py:190} INFO - [2024-09-12T15:15:47.738+0000] {dag.py:3211} INFO - Sync 1 DAGs
[2024-09-12T15:15:47.889+0000] {logging_mixin.py:190} INFO - [2024-09-12T15:15:47.888+0000] {dag.py:4138} INFO - Setting next_dagrun for example_params_ui_tutorial to None, run_after=None
[2024-09-12T15:15:48.346+0000] {processor.py:208} INFO - Processing /home/airflow/.local/lib/python3.12/site-packages/airflow/example_dags/example_params_ui_tutorial.py took 1.640 seconds
[2024-09-12T15:16:50.686+0000] {processor.py:186} INFO - Started process (PID=209) to work on /home/airflow/.local/lib/python3.12/site-packages/airflow/example_dags/example_params_ui_tutorial.py
[2024-09-12T15:16:50.700+0000] {processor.py:914} INFO - Processing file /home/airflow/.local/lib/python3.12/site-packages/airflow/example_dags/example_params_ui_tutorial.py for tasks to queue
[2024-09-12T15:16:50.718+0000] {logging_mixin.py:190} INFO - [2024-09-12T15:16:50.717+0000] {dagbag.py:587} INFO - Filling up the DagBag from /home/airflow/.local/lib/python3.12/site-packages/airflow/example_dags/example_params_ui_tutorial.py
[2024-09-12T15:16:50.920+0000] {processor.py:925} INFO - DAG(s) 'example_params_ui_tutorial' retrieved from /home/airflow/.local/lib/python3.12/site-packages/airflow/example_dags/example_params_ui_tutorial.py
[2024-09-12T15:16:51.788+0000] {logging_mixin.py:190} INFO - [2024-09-12T15:16:51.788+0000] {dag.py:3211} INFO - Sync 1 DAGs
[2024-09-12T15:16:52.087+0000] {logging_mixin.py:190} INFO - [2024-09-12T15:16:52.087+0000] {dag.py:4138} INFO - Setting next_dagrun for example_params_ui_tutorial to None, run_after=None
[2024-09-12T15:16:52.338+0000] {processor.py:208} INFO - Processing /home/airflow/.local/lib/python3.12/site-packages/airflow/example_dags/example_params_ui_tutorial.py took 1.705 seconds
[2024-09-12T15:17:33.334+0000] {processor.py:186} INFO - Started process (PID=259) to work on /home/airflow/.local/lib/python3.12/site-packages/airflow/example_dags/example_params_ui_tutorial.py
[2024-09-12T15:17:33.350+0000] {processor.py:914} INFO - Processing file /home/airflow/.local/lib/python3.12/site-packages/airflow/example_dags/example_params_ui_tutorial.py for tasks to queue
[2024-09-12T15:17:33.367+0000] {logging_mixin.py:190} INFO - [2024-09-12T15:17:33.367+0000] {dagbag.py:587} INFO - Filling up the DagBag from /home/airflow/.local/lib/python3.12/site-packages/airflow/example_dags/example_params_ui_tutorial.py
[2024-09-12T15:17:33.459+0000] {processor.py:925} INFO - DAG(s) 'example_params_ui_tutorial' retrieved from /home/airflow/.local/lib/python3.12/site-packages/airflow/example_dags/example_params_ui_tutorial.py
[2024-09-12T15:17:33.779+0000] {logging_mixin.py:190} INFO - [2024-09-12T15:17:33.778+0000] {dag.py:3211} INFO - Sync 1 DAGs
[2024-09-12T15:17:33.900+0000] {logging_mixin.py:190} INFO - [2024-09-12T15:17:33.899+0000] {dag.py:4138} INFO - Setting next_dagrun for example_params_ui_tutorial to None, run_after=None
[2024-09-12T15:17:34.026+0000] {processor.py:208} INFO - Processing /home/airflow/.local/lib/python3.12/site-packages/airflow/example_dags/example_params_ui_tutorial.py took 0.771 seconds
[2024-09-12T15:18:21.133+0000] {processor.py:186} INFO - Started process (PID=319) to work on /home/airflow/.local/lib/python3.12/site-packages/airflow/example_dags/example_params_ui_tutorial.py
[2024-09-12T15:18:21.134+0000] {processor.py:914} INFO - Processing file /home/airflow/.local/lib/python3.12/site-packages/airflow/example_dags/example_params_ui_tutorial.py for tasks to queue
[2024-09-12T15:18:21.183+0000] {logging_mixin.py:190} INFO - [2024-09-12T15:18:21.183+0000] {dagbag.py:587} INFO - Filling up the DagBag from /home/airflow/.local/lib/python3.12/site-packages/airflow/example_dags/example_params_ui_tutorial.py
[2024-09-12T15:18:21.298+0000] {processor.py:925} INFO - DAG(s) 'example_params_ui_tutorial' retrieved from /home/airflow/.local/lib/python3.12/site-packages/airflow/example_dags/example_params_ui_tutorial.py
[2024-09-12T15:18:21.809+0000] {logging_mixin.py:190} INFO - [2024-09-12T15:18:21.808+0000] {dag.py:3211} INFO - Sync 1 DAGs
[2024-09-12T15:18:22.024+0000] {logging_mixin.py:190} INFO - [2024-09-12T15:18:22.024+0000] {dag.py:4138} INFO - Setting next_dagrun for example_params_ui_tutorial to None, run_after=None
[2024-09-12T15:18:22.211+0000] {processor.py:208} INFO - Processing /home/airflow/.local/lib/python3.12/site-packages/airflow/example_dags/example_params_ui_tutorial.py took 1.188 seconds
[2024-09-12T15:19:09.152+0000] {processor.py:186} INFO - Started process (PID=379) to work on /home/airflow/.local/lib/python3.12/site-packages/airflow/example_dags/example_params_ui_tutorial.py
[2024-09-12T15:19:09.173+0000] {processor.py:914} INFO - Processing file /home/airflow/.local/lib/python3.12/site-packages/airflow/example_dags/example_params_ui_tutorial.py for tasks to queue
[2024-09-12T15:19:09.194+0000] {logging_mixin.py:190} INFO - [2024-09-12T15:19:09.190+0000] {dagbag.py:587} INFO - Filling up the DagBag from /home/airflow/.local/lib/python3.12/site-packages/airflow/example_dags/example_params_ui_tutorial.py
[2024-09-12T15:19:09.351+0000] {processor.py:925} INFO - DAG(s) 'example_params_ui_tutorial' retrieved from /home/airflow/.local/lib/python3.12/site-packages/airflow/example_dags/example_params_ui_tutorial.py
[2024-09-12T15:19:10.471+0000] {logging_mixin.py:190} INFO - [2024-09-12T15:19:10.471+0000] {dag.py:3211} INFO - Sync 1 DAGs
[2024-09-12T15:19:10.791+0000] {logging_mixin.py:190} INFO - [2024-09-12T15:19:10.790+0000] {dag.py:4138} INFO - Setting next_dagrun for example_params_ui_tutorial to None, run_after=None
[2024-09-12T15:19:11.214+0000] {processor.py:208} INFO - Processing /home/airflow/.local/lib/python3.12/site-packages/airflow/example_dags/example_params_ui_tutorial.py took 2.093 seconds
[2024-09-12T15:19:59.245+0000] {processor.py:186} INFO - Started process (PID=447) to work on /home/airflow/.local/lib/python3.12/site-packages/airflow/example_dags/example_params_ui_tutorial.py
[2024-09-12T15:19:59.308+0000] {processor.py:914} INFO - Processing file /home/airflow/.local/lib/python3.12/site-packages/airflow/example_dags/example_params_ui_tutorial.py for tasks to queue
[2024-09-12T15:19:59.405+0000] {logging_mixin.py:190} INFO - [2024-09-12T15:19:59.404+0000] {dagbag.py:587} INFO - Filling up the DagBag from /home/airflow/.local/lib/python3.12/site-packages/airflow/example_dags/example_params_ui_tutorial.py
[2024-09-12T15:19:59.633+0000] {processor.py:925} INFO - DAG(s) 'example_params_ui_tutorial' retrieved from /home/airflow/.local/lib/python3.12/site-packages/airflow/example_dags/example_params_ui_tutorial.py
[2024-09-12T15:20:00.861+0000] {logging_mixin.py:190} INFO - [2024-09-12T15:20:00.861+0000] {dag.py:3211} INFO - Sync 1 DAGs
[2024-09-12T15:20:01.145+0000] {logging_mixin.py:190} INFO - [2024-09-12T15:20:01.144+0000] {dag.py:4138} INFO - Setting next_dagrun for example_params_ui_tutorial to None, run_after=None
[2024-09-12T15:20:01.573+0000] {processor.py:208} INFO - Processing /home/airflow/.local/lib/python3.12/site-packages/airflow/example_dags/example_params_ui_tutorial.py took 2.471 seconds
[2024-09-12T15:20:38.818+0000] {processor.py:186} INFO - Started process (PID=495) to work on /home/airflow/.local/lib/python3.12/site-packages/airflow/example_dags/example_params_ui_tutorial.py
[2024-09-12T15:20:38.820+0000] {processor.py:914} INFO - Processing file /home/airflow/.local/lib/python3.12/site-packages/airflow/example_dags/example_params_ui_tutorial.py for tasks to queue
[2024-09-12T15:20:38.850+0000] {logging_mixin.py:190} INFO - [2024-09-12T15:20:38.834+0000] {dagbag.py:587} INFO - Filling up the DagBag from /home/airflow/.local/lib/python3.12/site-packages/airflow/example_dags/example_params_ui_tutorial.py
[2024-09-12T15:20:38.946+0000] {processor.py:925} INFO - DAG(s) 'example_params_ui_tutorial' retrieved from /home/airflow/.local/lib/python3.12/site-packages/airflow/example_dags/example_params_ui_tutorial.py
[2024-09-12T15:20:39.337+0000] {logging_mixin.py:190} INFO - [2024-09-12T15:20:39.336+0000] {dag.py:3211} INFO - Sync 1 DAGs
[2024-09-12T15:20:39.432+0000] {logging_mixin.py:190} INFO - [2024-09-12T15:20:39.431+0000] {dag.py:4138} INFO - Setting next_dagrun for example_params_ui_tutorial to None, run_after=None
[2024-09-12T15:20:39.674+0000] {processor.py:208} INFO - Processing /home/airflow/.local/lib/python3.12/site-packages/airflow/example_dags/example_params_ui_tutorial.py took 0.976 seconds
[2024-09-12T15:21:36.929+0000] {processor.py:186} INFO - Started process (PID=559) to work on /home/airflow/.local/lib/python3.12/site-packages/airflow/example_dags/example_params_ui_tutorial.py
[2024-09-12T15:21:36.961+0000] {processor.py:914} INFO - Processing file /home/airflow/.local/lib/python3.12/site-packages/airflow/example_dags/example_params_ui_tutorial.py for tasks to queue
[2024-09-12T15:21:36.968+0000] {logging_mixin.py:190} INFO - [2024-09-12T15:21:36.967+0000] {dagbag.py:587} INFO - Filling up the DagBag from /home/airflow/.local/lib/python3.12/site-packages/airflow/example_dags/example_params_ui_tutorial.py
[2024-09-12T15:21:37.238+0000] {processor.py:925} INFO - DAG(s) 'example_params_ui_tutorial' retrieved from /home/airflow/.local/lib/python3.12/site-packages/airflow/example_dags/example_params_ui_tutorial.py
[2024-09-12T15:21:37.985+0000] {logging_mixin.py:190} INFO - [2024-09-12T15:21:37.985+0000] {dag.py:3211} INFO - Sync 1 DAGs
[2024-09-12T15:21:38.174+0000] {logging_mixin.py:190} INFO - [2024-09-12T15:21:38.173+0000] {dag.py:4138} INFO - Setting next_dagrun for example_params_ui_tutorial to None, run_after=None
[2024-09-12T15:21:38.439+0000] {processor.py:208} INFO - Processing /home/airflow/.local/lib/python3.12/site-packages/airflow/example_dags/example_params_ui_tutorial.py took 1.564 seconds
[2024-09-12T15:22:26.077+0000] {processor.py:186} INFO - Started process (PID=610) to work on /home/airflow/.local/lib/python3.12/site-packages/airflow/example_dags/example_params_ui_tutorial.py
[2024-09-12T15:22:26.080+0000] {processor.py:914} INFO - Processing file /home/airflow/.local/lib/python3.12/site-packages/airflow/example_dags/example_params_ui_tutorial.py for tasks to queue
[2024-09-12T15:22:26.108+0000] {logging_mixin.py:190} INFO - [2024-09-12T15:22:26.097+0000] {dagbag.py:587} INFO - Filling up the DagBag from /home/airflow/.local/lib/python3.12/site-packages/airflow/example_dags/example_params_ui_tutorial.py
[2024-09-12T15:22:26.254+0000] {processor.py:925} INFO - DAG(s) 'example_params_ui_tutorial' retrieved from /home/airflow/.local/lib/python3.12/site-packages/airflow/example_dags/example_params_ui_tutorial.py
[2024-09-12T15:22:27.343+0000] {logging_mixin.py:190} INFO - [2024-09-12T15:22:27.317+0000] {dag.py:3211} INFO - Sync 1 DAGs
[2024-09-12T15:22:27.585+0000] {logging_mixin.py:190} INFO - [2024-09-12T15:22:27.584+0000] {dag.py:4138} INFO - Setting next_dagrun for example_params_ui_tutorial to None, run_after=None
[2024-09-12T15:22:27.898+0000] {processor.py:208} INFO - Processing /home/airflow/.local/lib/python3.12/site-packages/airflow/example_dags/example_params_ui_tutorial.py took 1.869 seconds
[2024-09-12T15:23:24.518+0000] {processor.py:186} INFO - Started process (PID=683) to work on /home/airflow/.local/lib/python3.12/site-packages/airflow/example_dags/example_params_ui_tutorial.py
[2024-09-12T15:23:24.535+0000] {processor.py:914} INFO - Processing file /home/airflow/.local/lib/python3.12/site-packages/airflow/example_dags/example_params_ui_tutorial.py for tasks to queue
[2024-09-12T15:23:24.556+0000] {logging_mixin.py:190} INFO - [2024-09-12T15:23:24.549+0000] {dagbag.py:587} INFO - Filling up the DagBag from /home/airflow/.local/lib/python3.12/site-packages/airflow/example_dags/example_params_ui_tutorial.py
[2024-09-12T15:23:24.677+0000] {processor.py:925} INFO - DAG(s) 'example_params_ui_tutorial' retrieved from /home/airflow/.local/lib/python3.12/site-packages/airflow/example_dags/example_params_ui_tutorial.py
[2024-09-12T15:23:25.416+0000] {logging_mixin.py:190} INFO - [2024-09-12T15:23:25.414+0000] {dag.py:3211} INFO - Sync 1 DAGs
[2024-09-12T15:23:25.640+0000] {logging_mixin.py:190} INFO - [2024-09-12T15:23:25.639+0000] {dag.py:4138} INFO - Setting next_dagrun for example_params_ui_tutorial to None, run_after=None
[2024-09-12T15:23:25.874+0000] {processor.py:208} INFO - Processing /home/airflow/.local/lib/python3.12/site-packages/airflow/example_dags/example_params_ui_tutorial.py took 1.412 seconds
[2024-09-12T15:24:34.250+0000] {processor.py:186} INFO - Started process (PID=773) to work on /home/airflow/.local/lib/python3.12/site-packages/airflow/example_dags/example_params_ui_tutorial.py
[2024-09-12T15:24:34.276+0000] {processor.py:914} INFO - Processing file /home/airflow/.local/lib/python3.12/site-packages/airflow/example_dags/example_params_ui_tutorial.py for tasks to queue
[2024-09-12T15:24:34.370+0000] {logging_mixin.py:190} INFO - [2024-09-12T15:24:34.343+0000] {dagbag.py:587} INFO - Filling up the DagBag from /home/airflow/.local/lib/python3.12/site-packages/airflow/example_dags/example_params_ui_tutorial.py
[2024-09-12T15:24:34.850+0000] {processor.py:925} INFO - DAG(s) 'example_params_ui_tutorial' retrieved from /home/airflow/.local/lib/python3.12/site-packages/airflow/example_dags/example_params_ui_tutorial.py
[2024-09-12T15:24:35.571+0000] {logging_mixin.py:190} INFO - [2024-09-12T15:24:35.571+0000] {dag.py:3211} INFO - Sync 1 DAGs
[2024-09-12T15:24:36.033+0000] {logging_mixin.py:190} INFO - [2024-09-12T15:24:35.980+0000] {dag.py:4138} INFO - Setting next_dagrun for example_params_ui_tutorial to None, run_after=None
[2024-09-12T15:24:36.539+0000] {processor.py:208} INFO - Processing /home/airflow/.local/lib/python3.12/site-packages/airflow/example_dags/example_params_ui_tutorial.py took 2.404 seconds
[2024-09-12T15:25:20.978+0000] {processor.py:186} INFO - Started process (PID=805) to work on /home/airflow/.local/lib/python3.12/site-packages/airflow/example_dags/example_params_ui_tutorial.py
[2024-09-12T15:25:20.992+0000] {processor.py:914} INFO - Processing file /home/airflow/.local/lib/python3.12/site-packages/airflow/example_dags/example_params_ui_tutorial.py for tasks to queue
[2024-09-12T15:25:21.010+0000] {logging_mixin.py:190} INFO - [2024-09-12T15:25:21.009+0000] {dagbag.py:587} INFO - Filling up the DagBag from /home/airflow/.local/lib/python3.12/site-packages/airflow/example_dags/example_params_ui_tutorial.py
[2024-09-12T15:25:21.122+0000] {processor.py:925} INFO - DAG(s) 'example_params_ui_tutorial' retrieved from /home/airflow/.local/lib/python3.12/site-packages/airflow/example_dags/example_params_ui_tutorial.py
[2024-09-12T15:25:22.694+0000] {logging_mixin.py:190} INFO - [2024-09-12T15:25:22.693+0000] {dag.py:3211} INFO - Sync 1 DAGs
[2024-09-12T15:25:22.871+0000] {logging_mixin.py:190} INFO - [2024-09-12T15:25:22.870+0000] {dag.py:4138} INFO - Setting next_dagrun for example_params_ui_tutorial to None, run_after=None
[2024-09-12T15:25:23.123+0000] {processor.py:208} INFO - Processing /home/airflow/.local/lib/python3.12/site-packages/airflow/example_dags/example_params_ui_tutorial.py took 2.421 seconds
[2024-09-12T15:26:37.383+0000] {processor.py:186} INFO - Started process (PID=856) to work on /home/airflow/.local/lib/python3.12/site-packages/airflow/example_dags/example_params_ui_tutorial.py
[2024-09-12T15:26:37.397+0000] {processor.py:914} INFO - Processing file /home/airflow/.local/lib/python3.12/site-packages/airflow/example_dags/example_params_ui_tutorial.py for tasks to queue
[2024-09-12T15:26:37.414+0000] {logging_mixin.py:190} INFO - [2024-09-12T15:26:37.413+0000] {dagbag.py:587} INFO - Filling up the DagBag from /home/airflow/.local/lib/python3.12/site-packages/airflow/example_dags/example_params_ui_tutorial.py
[2024-09-12T15:26:37.573+0000] {processor.py:925} INFO - DAG(s) 'example_params_ui_tutorial' retrieved from /home/airflow/.local/lib/python3.12/site-packages/airflow/example_dags/example_params_ui_tutorial.py
[2024-09-12T15:26:38.538+0000] {logging_mixin.py:190} INFO - [2024-09-12T15:26:38.537+0000] {dag.py:3211} INFO - Sync 1 DAGs
[2024-09-12T15:26:38.760+0000] {logging_mixin.py:190} INFO - [2024-09-12T15:26:38.759+0000] {dag.py:4138} INFO - Setting next_dagrun for example_params_ui_tutorial to None, run_after=None
[2024-09-12T15:26:39.114+0000] {processor.py:208} INFO - Processing /home/airflow/.local/lib/python3.12/site-packages/airflow/example_dags/example_params_ui_tutorial.py took 1.795 seconds
[2024-09-12T15:27:14.412+0000] {processor.py:186} INFO - Started process (PID=900) to work on /home/airflow/.local/lib/python3.12/site-packages/airflow/example_dags/example_params_ui_tutorial.py
[2024-09-12T15:27:14.428+0000] {processor.py:914} INFO - Processing file /home/airflow/.local/lib/python3.12/site-packages/airflow/example_dags/example_params_ui_tutorial.py for tasks to queue
[2024-09-12T15:27:14.444+0000] {logging_mixin.py:190} INFO - [2024-09-12T15:27:14.444+0000] {dagbag.py:587} INFO - Filling up the DagBag from /home/airflow/.local/lib/python3.12/site-packages/airflow/example_dags/example_params_ui_tutorial.py
[2024-09-12T15:27:14.758+0000] {processor.py:925} INFO - DAG(s) 'example_params_ui_tutorial' retrieved from /home/airflow/.local/lib/python3.12/site-packages/airflow/example_dags/example_params_ui_tutorial.py
[2024-09-12T15:27:15.551+0000] {logging_mixin.py:190} INFO - [2024-09-12T15:27:15.550+0000] {dag.py:3211} INFO - Sync 1 DAGs
[2024-09-12T15:27:15.744+0000] {logging_mixin.py:190} INFO - [2024-09-12T15:27:15.744+0000] {dag.py:4138} INFO - Setting next_dagrun for example_params_ui_tutorial to None, run_after=None
[2024-09-12T15:27:15.937+0000] {processor.py:208} INFO - Processing /home/airflow/.local/lib/python3.12/site-packages/airflow/example_dags/example_params_ui_tutorial.py took 1.622 seconds
[2024-09-12T15:28:05.222+0000] {processor.py:186} INFO - Started process (PID=959) to work on /home/airflow/.local/lib/python3.12/site-packages/airflow/example_dags/example_params_ui_tutorial.py
[2024-09-12T15:28:05.260+0000] {processor.py:914} INFO - Processing file /home/airflow/.local/lib/python3.12/site-packages/airflow/example_dags/example_params_ui_tutorial.py for tasks to queue
[2024-09-12T15:28:05.266+0000] {logging_mixin.py:190} INFO - [2024-09-12T15:28:05.265+0000] {dagbag.py:587} INFO - Filling up the DagBag from /home/airflow/.local/lib/python3.12/site-packages/airflow/example_dags/example_params_ui_tutorial.py
[2024-09-12T15:28:05.452+0000] {processor.py:925} INFO - DAG(s) 'example_params_ui_tutorial' retrieved from /home/airflow/.local/lib/python3.12/site-packages/airflow/example_dags/example_params_ui_tutorial.py
[2024-09-12T15:28:05.967+0000] {logging_mixin.py:190} INFO - [2024-09-12T15:28:05.967+0000] {dag.py:3211} INFO - Sync 1 DAGs
[2024-09-12T15:28:06.149+0000] {logging_mixin.py:190} INFO - [2024-09-12T15:28:06.149+0000] {dag.py:4138} INFO - Setting next_dagrun for example_params_ui_tutorial to None, run_after=None
[2024-09-12T15:28:06.408+0000] {processor.py:208} INFO - Processing /home/airflow/.local/lib/python3.12/site-packages/airflow/example_dags/example_params_ui_tutorial.py took 1.234 seconds
[2024-09-12T15:28:54.843+0000] {processor.py:186} INFO - Started process (PID=1032) to work on /home/airflow/.local/lib/python3.12/site-packages/airflow/example_dags/example_params_ui_tutorial.py
[2024-09-12T15:28:54.846+0000] {processor.py:914} INFO - Processing file /home/airflow/.local/lib/python3.12/site-packages/airflow/example_dags/example_params_ui_tutorial.py for tasks to queue
[2024-09-12T15:28:54.895+0000] {logging_mixin.py:190} INFO - [2024-09-12T15:28:54.892+0000] {dagbag.py:587} INFO - Filling up the DagBag from /home/airflow/.local/lib/python3.12/site-packages/airflow/example_dags/example_params_ui_tutorial.py
[2024-09-12T15:28:55.007+0000] {processor.py:925} INFO - DAG(s) 'example_params_ui_tutorial' retrieved from /home/airflow/.local/lib/python3.12/site-packages/airflow/example_dags/example_params_ui_tutorial.py
[2024-09-12T15:28:55.634+0000] {logging_mixin.py:190} INFO - [2024-09-12T15:28:55.634+0000] {dag.py:3211} INFO - Sync 1 DAGs
[2024-09-12T15:28:55.773+0000] {logging_mixin.py:190} INFO - [2024-09-12T15:28:55.773+0000] {dag.py:4138} INFO - Setting next_dagrun for example_params_ui_tutorial to None, run_after=None
[2024-09-12T15:28:55.843+0000] {processor.py:208} INFO - Processing /home/airflow/.local/lib/python3.12/site-packages/airflow/example_dags/example_params_ui_tutorial.py took 1.041 seconds
[2024-09-12T15:29:33.152+0000] {processor.py:186} INFO - Started process (PID=1085) to work on /home/airflow/.local/lib/python3.12/site-packages/airflow/example_dags/example_params_ui_tutorial.py
[2024-09-12T15:29:33.169+0000] {processor.py:914} INFO - Processing file /home/airflow/.local/lib/python3.12/site-packages/airflow/example_dags/example_params_ui_tutorial.py for tasks to queue
[2024-09-12T15:29:33.213+0000] {logging_mixin.py:190} INFO - [2024-09-12T15:29:33.197+0000] {dagbag.py:587} INFO - Filling up the DagBag from /home/airflow/.local/lib/python3.12/site-packages/airflow/example_dags/example_params_ui_tutorial.py
[2024-09-12T15:29:33.515+0000] {processor.py:925} INFO - DAG(s) 'example_params_ui_tutorial' retrieved from /home/airflow/.local/lib/python3.12/site-packages/airflow/example_dags/example_params_ui_tutorial.py
[2024-09-12T15:29:34.371+0000] {logging_mixin.py:190} INFO - [2024-09-12T15:29:34.343+0000] {dag.py:3211} INFO - Sync 1 DAGs
[2024-09-12T15:29:34.539+0000] {logging_mixin.py:190} INFO - [2024-09-12T15:29:34.538+0000] {dag.py:4138} INFO - Setting next_dagrun for example_params_ui_tutorial to None, run_after=None
[2024-09-12T15:29:34.805+0000] {processor.py:208} INFO - Processing /home/airflow/.local/lib/python3.12/site-packages/airflow/example_dags/example_params_ui_tutorial.py took 1.700 seconds
[2024-09-12T15:30:53.449+0000] {processor.py:186} INFO - Started process (PID=1133) to work on /home/airflow/.local/lib/python3.12/site-packages/airflow/example_dags/example_params_ui_tutorial.py
[2024-09-12T15:30:53.465+0000] {processor.py:914} INFO - Processing file /home/airflow/.local/lib/python3.12/site-packages/airflow/example_dags/example_params_ui_tutorial.py for tasks to queue
[2024-09-12T15:30:53.484+0000] {logging_mixin.py:190} INFO - [2024-09-12T15:30:53.483+0000] {dagbag.py:587} INFO - Filling up the DagBag from /home/airflow/.local/lib/python3.12/site-packages/airflow/example_dags/example_params_ui_tutorial.py
[2024-09-12T15:30:53.617+0000] {processor.py:925} INFO - DAG(s) 'example_params_ui_tutorial' retrieved from /home/airflow/.local/lib/python3.12/site-packages/airflow/example_dags/example_params_ui_tutorial.py
[2024-09-12T15:30:54.200+0000] {logging_mixin.py:190} INFO - [2024-09-12T15:30:54.199+0000] {dag.py:3211} INFO - Sync 1 DAGs
[2024-09-12T15:30:54.424+0000] {logging_mixin.py:190} INFO - [2024-09-12T15:30:54.423+0000] {dag.py:4138} INFO - Setting next_dagrun for example_params_ui_tutorial to None, run_after=None
[2024-09-12T15:30:54.668+0000] {processor.py:208} INFO - Processing /home/airflow/.local/lib/python3.12/site-packages/airflow/example_dags/example_params_ui_tutorial.py took 1.264 seconds
[2024-09-12T15:31:44.091+0000] {processor.py:186} INFO - Started process (PID=1190) to work on /home/airflow/.local/lib/python3.12/site-packages/airflow/example_dags/example_params_ui_tutorial.py
[2024-09-12T15:31:44.125+0000] {processor.py:914} INFO - Processing file /home/airflow/.local/lib/python3.12/site-packages/airflow/example_dags/example_params_ui_tutorial.py for tasks to queue
[2024-09-12T15:31:44.139+0000] {logging_mixin.py:190} INFO - [2024-09-12T15:31:44.138+0000] {dagbag.py:587} INFO - Filling up the DagBag from /home/airflow/.local/lib/python3.12/site-packages/airflow/example_dags/example_params_ui_tutorial.py
[2024-09-12T15:31:44.246+0000] {processor.py:925} INFO - DAG(s) 'example_params_ui_tutorial' retrieved from /home/airflow/.local/lib/python3.12/site-packages/airflow/example_dags/example_params_ui_tutorial.py
[2024-09-12T15:31:44.812+0000] {logging_mixin.py:190} INFO - [2024-09-12T15:31:44.811+0000] {dag.py:3211} INFO - Sync 1 DAGs
[2024-09-12T15:31:44.953+0000] {logging_mixin.py:190} INFO - [2024-09-12T15:31:44.953+0000] {dag.py:4138} INFO - Setting next_dagrun for example_params_ui_tutorial to None, run_after=None
[2024-09-12T15:31:45.093+0000] {processor.py:208} INFO - Processing /home/airflow/.local/lib/python3.12/site-packages/airflow/example_dags/example_params_ui_tutorial.py took 1.181 seconds
[2024-09-12T15:32:27.466+0000] {processor.py:186} INFO - Started process (PID=1261) to work on /home/airflow/.local/lib/python3.12/site-packages/airflow/example_dags/example_params_ui_tutorial.py
[2024-09-12T15:32:27.474+0000] {processor.py:914} INFO - Processing file /home/airflow/.local/lib/python3.12/site-packages/airflow/example_dags/example_params_ui_tutorial.py for tasks to queue
[2024-09-12T15:32:27.492+0000] {logging_mixin.py:190} INFO - [2024-09-12T15:32:27.491+0000] {dagbag.py:587} INFO - Filling up the DagBag from /home/airflow/.local/lib/python3.12/site-packages/airflow/example_dags/example_params_ui_tutorial.py
[2024-09-12T15:32:27.576+0000] {processor.py:925} INFO - DAG(s) 'example_params_ui_tutorial' retrieved from /home/airflow/.local/lib/python3.12/site-packages/airflow/example_dags/example_params_ui_tutorial.py
[2024-09-12T15:32:28.007+0000] {logging_mixin.py:190} INFO - [2024-09-12T15:32:28.006+0000] {dag.py:3211} INFO - Sync 1 DAGs
[2024-09-12T15:32:28.284+0000] {logging_mixin.py:190} INFO - [2024-09-12T15:32:28.283+0000] {dag.py:4138} INFO - Setting next_dagrun for example_params_ui_tutorial to None, run_after=None
[2024-09-12T15:32:28.566+0000] {processor.py:208} INFO - Processing /home/airflow/.local/lib/python3.12/site-packages/airflow/example_dags/example_params_ui_tutorial.py took 1.191 seconds
[2024-09-12T15:33:06.213+0000] {processor.py:186} INFO - Started process (PID=1301) to work on /home/airflow/.local/lib/python3.12/site-packages/airflow/example_dags/example_params_ui_tutorial.py
[2024-09-12T15:33:06.246+0000] {processor.py:914} INFO - Processing file /home/airflow/.local/lib/python3.12/site-packages/airflow/example_dags/example_params_ui_tutorial.py for tasks to queue
[2024-09-12T15:33:06.284+0000] {logging_mixin.py:190} INFO - [2024-09-12T15:33:06.283+0000] {dagbag.py:587} INFO - Filling up the DagBag from /home/airflow/.local/lib/python3.12/site-packages/airflow/example_dags/example_params_ui_tutorial.py
[2024-09-12T15:33:06.374+0000] {processor.py:925} INFO - DAG(s) 'example_params_ui_tutorial' retrieved from /home/airflow/.local/lib/python3.12/site-packages/airflow/example_dags/example_params_ui_tutorial.py
[2024-09-12T15:33:07.135+0000] {logging_mixin.py:190} INFO - [2024-09-12T15:33:07.132+0000] {dag.py:3211} INFO - Sync 1 DAGs
[2024-09-12T15:33:07.240+0000] {logging_mixin.py:190} INFO - [2024-09-12T15:33:07.225+0000] {dag.py:4138} INFO - Setting next_dagrun for example_params_ui_tutorial to None, run_after=None
[2024-09-12T15:33:07.367+0000] {processor.py:208} INFO - Processing /home/airflow/.local/lib/python3.12/site-packages/airflow/example_dags/example_params_ui_tutorial.py took 1.171 seconds
[2024-09-12T15:33:50.384+0000] {processor.py:186} INFO - Started process (PID=1369) to work on /home/airflow/.local/lib/python3.12/site-packages/airflow/example_dags/example_params_ui_tutorial.py
[2024-09-12T15:33:50.399+0000] {processor.py:914} INFO - Processing file /home/airflow/.local/lib/python3.12/site-packages/airflow/example_dags/example_params_ui_tutorial.py for tasks to queue
[2024-09-12T15:33:50.402+0000] {logging_mixin.py:190} INFO - [2024-09-12T15:33:50.401+0000] {dagbag.py:587} INFO - Filling up the DagBag from /home/airflow/.local/lib/python3.12/site-packages/airflow/example_dags/example_params_ui_tutorial.py
[2024-09-12T15:33:50.482+0000] {processor.py:925} INFO - DAG(s) 'example_params_ui_tutorial' retrieved from /home/airflow/.local/lib/python3.12/site-packages/airflow/example_dags/example_params_ui_tutorial.py
[2024-09-12T15:33:51.070+0000] {logging_mixin.py:190} INFO - [2024-09-12T15:33:51.069+0000] {dag.py:3211} INFO - Sync 1 DAGs
[2024-09-12T15:33:51.248+0000] {logging_mixin.py:190} INFO - [2024-09-12T15:33:51.248+0000] {dag.py:4138} INFO - Setting next_dagrun for example_params_ui_tutorial to None, run_after=None
[2024-09-12T15:33:51.410+0000] {processor.py:208} INFO - Processing /home/airflow/.local/lib/python3.12/site-packages/airflow/example_dags/example_params_ui_tutorial.py took 1.079 seconds
[2024-09-12T15:34:26.809+0000] {processor.py:186} INFO - Started process (PID=1430) to work on /home/airflow/.local/lib/python3.12/site-packages/airflow/example_dags/example_params_ui_tutorial.py
[2024-09-12T15:34:26.818+0000] {processor.py:914} INFO - Processing file /home/airflow/.local/lib/python3.12/site-packages/airflow/example_dags/example_params_ui_tutorial.py for tasks to queue
[2024-09-12T15:34:26.823+0000] {logging_mixin.py:190} INFO - [2024-09-12T15:34:26.822+0000] {dagbag.py:587} INFO - Filling up the DagBag from /home/airflow/.local/lib/python3.12/site-packages/airflow/example_dags/example_params_ui_tutorial.py
[2024-09-12T15:34:26.884+0000] {processor.py:925} INFO - DAG(s) 'example_params_ui_tutorial' retrieved from /home/airflow/.local/lib/python3.12/site-packages/airflow/example_dags/example_params_ui_tutorial.py
[2024-09-12T15:34:27.319+0000] {logging_mixin.py:190} INFO - [2024-09-12T15:34:27.319+0000] {dag.py:3211} INFO - Sync 1 DAGs
[2024-09-12T15:34:27.543+0000] {logging_mixin.py:190} INFO - [2024-09-12T15:34:27.543+0000] {dag.py:4138} INFO - Setting next_dagrun for example_params_ui_tutorial to None, run_after=None
[2024-09-12T15:34:27.848+0000] {processor.py:208} INFO - Processing /home/airflow/.local/lib/python3.12/site-packages/airflow/example_dags/example_params_ui_tutorial.py took 1.064 seconds
[2024-09-12T15:35:20.185+0000] {processor.py:186} INFO - Started process (PID=1503) to work on /home/airflow/.local/lib/python3.12/site-packages/airflow/example_dags/example_params_ui_tutorial.py
[2024-09-12T15:35:20.217+0000] {processor.py:914} INFO - Processing file /home/airflow/.local/lib/python3.12/site-packages/airflow/example_dags/example_params_ui_tutorial.py for tasks to queue
[2024-09-12T15:35:20.229+0000] {logging_mixin.py:190} INFO - [2024-09-12T15:35:20.228+0000] {dagbag.py:587} INFO - Filling up the DagBag from /home/airflow/.local/lib/python3.12/site-packages/airflow/example_dags/example_params_ui_tutorial.py
[2024-09-12T15:35:20.339+0000] {processor.py:925} INFO - DAG(s) 'example_params_ui_tutorial' retrieved from /home/airflow/.local/lib/python3.12/site-packages/airflow/example_dags/example_params_ui_tutorial.py
[2024-09-12T15:35:21.368+0000] {logging_mixin.py:190} INFO - [2024-09-12T15:35:21.366+0000] {dag.py:3211} INFO - Sync 1 DAGs
[2024-09-12T15:35:21.568+0000] {logging_mixin.py:190} INFO - [2024-09-12T15:35:21.567+0000] {dag.py:4138} INFO - Setting next_dagrun for example_params_ui_tutorial to None, run_after=None
[2024-09-12T15:35:21.937+0000] {processor.py:208} INFO - Processing /home/airflow/.local/lib/python3.12/site-packages/airflow/example_dags/example_params_ui_tutorial.py took 1.861 seconds
[2024-09-12T15:36:02.978+0000] {processor.py:186} INFO - Started process (PID=1553) to work on /home/airflow/.local/lib/python3.12/site-packages/airflow/example_dags/example_params_ui_tutorial.py
[2024-09-12T15:36:03.008+0000] {processor.py:914} INFO - Processing file /home/airflow/.local/lib/python3.12/site-packages/airflow/example_dags/example_params_ui_tutorial.py for tasks to queue
[2024-09-12T15:36:03.011+0000] {logging_mixin.py:190} INFO - [2024-09-12T15:36:03.010+0000] {dagbag.py:587} INFO - Filling up the DagBag from /home/airflow/.local/lib/python3.12/site-packages/airflow/example_dags/example_params_ui_tutorial.py
[2024-09-12T15:36:03.177+0000] {processor.py:925} INFO - DAG(s) 'example_params_ui_tutorial' retrieved from /home/airflow/.local/lib/python3.12/site-packages/airflow/example_dags/example_params_ui_tutorial.py
[2024-09-12T15:36:03.597+0000] {logging_mixin.py:190} INFO - [2024-09-12T15:36:03.596+0000] {dag.py:3211} INFO - Sync 1 DAGs
[2024-09-12T15:36:03.675+0000] {logging_mixin.py:190} INFO - [2024-09-12T15:36:03.674+0000] {dag.py:4138} INFO - Setting next_dagrun for example_params_ui_tutorial to None, run_after=None
[2024-09-12T15:36:03.748+0000] {processor.py:208} INFO - Processing /home/airflow/.local/lib/python3.12/site-packages/airflow/example_dags/example_params_ui_tutorial.py took 0.843 seconds
[2024-09-12T15:36:38.225+0000] {processor.py:186} INFO - Started process (PID=1586) to work on /home/airflow/.local/lib/python3.12/site-packages/airflow/example_dags/example_params_ui_tutorial.py
[2024-09-12T15:36:38.235+0000] {processor.py:914} INFO - Processing file /home/airflow/.local/lib/python3.12/site-packages/airflow/example_dags/example_params_ui_tutorial.py for tasks to queue
[2024-09-12T15:36:38.238+0000] {logging_mixin.py:190} INFO - [2024-09-12T15:36:38.237+0000] {dagbag.py:587} INFO - Filling up the DagBag from /home/airflow/.local/lib/python3.12/site-packages/airflow/example_dags/example_params_ui_tutorial.py
[2024-09-12T15:36:38.280+0000] {processor.py:925} INFO - DAG(s) 'example_params_ui_tutorial' retrieved from /home/airflow/.local/lib/python3.12/site-packages/airflow/example_dags/example_params_ui_tutorial.py
[2024-09-12T15:36:39.020+0000] {logging_mixin.py:190} INFO - [2024-09-12T15:36:39.008+0000] {dag.py:3211} INFO - Sync 1 DAGs
[2024-09-12T15:36:39.157+0000] {logging_mixin.py:190} INFO - [2024-09-12T15:36:39.156+0000] {dag.py:4138} INFO - Setting next_dagrun for example_params_ui_tutorial to None, run_after=None
[2024-09-12T15:36:39.337+0000] {processor.py:208} INFO - Processing /home/airflow/.local/lib/python3.12/site-packages/airflow/example_dags/example_params_ui_tutorial.py took 1.136 seconds
[2024-09-12T15:37:43.122+0000] {processor.py:186} INFO - Started process (PID=1666) to work on /home/airflow/.local/lib/python3.12/site-packages/airflow/example_dags/example_params_ui_tutorial.py
[2024-09-12T15:37:43.149+0000] {processor.py:914} INFO - Processing file /home/airflow/.local/lib/python3.12/site-packages/airflow/example_dags/example_params_ui_tutorial.py for tasks to queue
[2024-09-12T15:37:43.163+0000] {logging_mixin.py:190} INFO - [2024-09-12T15:37:43.163+0000] {dagbag.py:587} INFO - Filling up the DagBag from /home/airflow/.local/lib/python3.12/site-packages/airflow/example_dags/example_params_ui_tutorial.py
[2024-09-12T15:37:43.237+0000] {processor.py:925} INFO - DAG(s) 'example_params_ui_tutorial' retrieved from /home/airflow/.local/lib/python3.12/site-packages/airflow/example_dags/example_params_ui_tutorial.py
[2024-09-12T15:37:43.661+0000] {logging_mixin.py:190} INFO - [2024-09-12T15:37:43.632+0000] {dag.py:3211} INFO - Sync 1 DAGs
[2024-09-12T15:37:43.783+0000] {logging_mixin.py:190} INFO - [2024-09-12T15:37:43.783+0000] {dag.py:4138} INFO - Setting next_dagrun for example_params_ui_tutorial to None, run_after=None
[2024-09-12T15:37:43.894+0000] {processor.py:208} INFO - Processing /home/airflow/.local/lib/python3.12/site-packages/airflow/example_dags/example_params_ui_tutorial.py took 0.796 seconds
[2024-09-12T15:38:34.123+0000] {processor.py:186} INFO - Started process (PID=1712) to work on /home/airflow/.local/lib/python3.12/site-packages/airflow/example_dags/example_params_ui_tutorial.py
[2024-09-12T15:38:34.182+0000] {processor.py:914} INFO - Processing file /home/airflow/.local/lib/python3.12/site-packages/airflow/example_dags/example_params_ui_tutorial.py for tasks to queue
[2024-09-12T15:38:34.199+0000] {logging_mixin.py:190} INFO - [2024-09-12T15:38:34.198+0000] {dagbag.py:587} INFO - Filling up the DagBag from /home/airflow/.local/lib/python3.12/site-packages/airflow/example_dags/example_params_ui_tutorial.py
[2024-09-12T15:38:34.419+0000] {processor.py:925} INFO - DAG(s) 'example_params_ui_tutorial' retrieved from /home/airflow/.local/lib/python3.12/site-packages/airflow/example_dags/example_params_ui_tutorial.py
[2024-09-12T15:38:38.159+0000] {logging_mixin.py:190} INFO - [2024-09-12T15:38:38.146+0000] {dag.py:3211} INFO - Sync 1 DAGs
[2024-09-12T15:38:38.412+0000] {logging_mixin.py:190} INFO - [2024-09-12T15:38:38.411+0000] {dag.py:4138} INFO - Setting next_dagrun for example_params_ui_tutorial to None, run_after=None
[2024-09-12T15:38:38.730+0000] {processor.py:208} INFO - Processing /home/airflow/.local/lib/python3.12/site-packages/airflow/example_dags/example_params_ui_tutorial.py took 4.750 seconds
[2024-09-12T15:39:35.507+0000] {processor.py:186} INFO - Started process (PID=1765) to work on /home/airflow/.local/lib/python3.12/site-packages/airflow/example_dags/example_params_ui_tutorial.py
[2024-09-12T15:39:35.522+0000] {processor.py:914} INFO - Processing file /home/airflow/.local/lib/python3.12/site-packages/airflow/example_dags/example_params_ui_tutorial.py for tasks to queue
[2024-09-12T15:39:35.540+0000] {logging_mixin.py:190} INFO - [2024-09-12T15:39:35.539+0000] {dagbag.py:587} INFO - Filling up the DagBag from /home/airflow/.local/lib/python3.12/site-packages/airflow/example_dags/example_params_ui_tutorial.py
[2024-09-12T15:39:35.781+0000] {processor.py:925} INFO - DAG(s) 'example_params_ui_tutorial' retrieved from /home/airflow/.local/lib/python3.12/site-packages/airflow/example_dags/example_params_ui_tutorial.py
[2024-09-12T15:39:36.484+0000] {logging_mixin.py:190} INFO - [2024-09-12T15:39:36.483+0000] {dag.py:3211} INFO - Sync 1 DAGs
[2024-09-12T15:39:36.614+0000] {logging_mixin.py:190} INFO - [2024-09-12T15:39:36.614+0000] {dag.py:4138} INFO - Setting next_dagrun for example_params_ui_tutorial to None, run_after=None
[2024-09-12T15:39:36.744+0000] {processor.py:208} INFO - Processing /home/airflow/.local/lib/python3.12/site-packages/airflow/example_dags/example_params_ui_tutorial.py took 1.350 seconds
[2024-09-12T15:40:20.547+0000] {processor.py:186} INFO - Started process (PID=1810) to work on /home/airflow/.local/lib/python3.12/site-packages/airflow/example_dags/example_params_ui_tutorial.py
[2024-09-12T15:40:20.576+0000] {processor.py:914} INFO - Processing file /home/airflow/.local/lib/python3.12/site-packages/airflow/example_dags/example_params_ui_tutorial.py for tasks to queue
[2024-09-12T15:40:20.594+0000] {logging_mixin.py:190} INFO - [2024-09-12T15:40:20.592+0000] {dagbag.py:587} INFO - Filling up the DagBag from /home/airflow/.local/lib/python3.12/site-packages/airflow/example_dags/example_params_ui_tutorial.py
[2024-09-12T15:40:20.799+0000] {processor.py:925} INFO - DAG(s) 'example_params_ui_tutorial' retrieved from /home/airflow/.local/lib/python3.12/site-packages/airflow/example_dags/example_params_ui_tutorial.py
[2024-09-12T15:40:21.850+0000] {logging_mixin.py:190} INFO - [2024-09-12T15:40:21.829+0000] {dag.py:3211} INFO - Sync 1 DAGs
[2024-09-12T15:40:21.970+0000] {logging_mixin.py:190} INFO - [2024-09-12T15:40:21.969+0000] {dag.py:4138} INFO - Setting next_dagrun for example_params_ui_tutorial to None, run_after=None
[2024-09-12T15:40:22.348+0000] {processor.py:208} INFO - Processing /home/airflow/.local/lib/python3.12/site-packages/airflow/example_dags/example_params_ui_tutorial.py took 1.977 seconds
[2024-09-12T15:44:17.157+0000] {processor.py:186} INFO - Started process (PID=1878) to work on /home/airflow/.local/lib/python3.12/site-packages/airflow/example_dags/example_params_ui_tutorial.py
[2024-09-12T15:44:17.196+0000] {processor.py:914} INFO - Processing file /home/airflow/.local/lib/python3.12/site-packages/airflow/example_dags/example_params_ui_tutorial.py for tasks to queue
[2024-09-12T15:44:17.212+0000] {logging_mixin.py:190} INFO - [2024-09-12T15:44:17.211+0000] {dagbag.py:587} INFO - Filling up the DagBag from /home/airflow/.local/lib/python3.12/site-packages/airflow/example_dags/example_params_ui_tutorial.py
[2024-09-12T15:44:17.478+0000] {processor.py:925} INFO - DAG(s) 'example_params_ui_tutorial' retrieved from /home/airflow/.local/lib/python3.12/site-packages/airflow/example_dags/example_params_ui_tutorial.py
[2024-09-12T15:44:18.729+0000] {logging_mixin.py:190} INFO - [2024-09-12T15:44:18.729+0000] {dag.py:3211} INFO - Sync 1 DAGs
[2024-09-12T15:44:18.983+0000] {logging_mixin.py:190} INFO - [2024-09-12T15:44:18.941+0000] {dag.py:4138} INFO - Setting next_dagrun for example_params_ui_tutorial to None, run_after=None
[2024-09-12T15:44:19.328+0000] {processor.py:208} INFO - Processing /home/airflow/.local/lib/python3.12/site-packages/airflow/example_dags/example_params_ui_tutorial.py took 2.358 seconds
[2024-09-12T15:45:14.665+0000] {processor.py:186} INFO - Started process (PID=1951) to work on /home/airflow/.local/lib/python3.12/site-packages/airflow/example_dags/example_params_ui_tutorial.py
[2024-09-12T15:45:14.681+0000] {processor.py:914} INFO - Processing file /home/airflow/.local/lib/python3.12/site-packages/airflow/example_dags/example_params_ui_tutorial.py for tasks to queue
[2024-09-12T15:45:14.686+0000] {logging_mixin.py:190} INFO - [2024-09-12T15:45:14.685+0000] {dagbag.py:587} INFO - Filling up the DagBag from /home/airflow/.local/lib/python3.12/site-packages/airflow/example_dags/example_params_ui_tutorial.py
[2024-09-12T15:45:14.798+0000] {processor.py:925} INFO - DAG(s) 'example_params_ui_tutorial' retrieved from /home/airflow/.local/lib/python3.12/site-packages/airflow/example_dags/example_params_ui_tutorial.py
[2024-09-12T15:45:15.106+0000] {logging_mixin.py:190} INFO - [2024-09-12T15:45:15.105+0000] {dag.py:3211} INFO - Sync 1 DAGs
[2024-09-12T15:45:15.166+0000] {logging_mixin.py:190} INFO - [2024-09-12T15:45:15.165+0000] {dag.py:4138} INFO - Setting next_dagrun for example_params_ui_tutorial to None, run_after=None
[2024-09-12T15:45:15.253+0000] {processor.py:208} INFO - Processing /home/airflow/.local/lib/python3.12/site-packages/airflow/example_dags/example_params_ui_tutorial.py took 0.686 seconds
[2024-09-12T15:45:53.727+0000] {processor.py:186} INFO - Started process (PID=2003) to work on /home/airflow/.local/lib/python3.12/site-packages/airflow/example_dags/example_params_ui_tutorial.py
[2024-09-12T15:45:53.744+0000] {processor.py:914} INFO - Processing file /home/airflow/.local/lib/python3.12/site-packages/airflow/example_dags/example_params_ui_tutorial.py for tasks to queue
[2024-09-12T15:45:53.767+0000] {logging_mixin.py:190} INFO - [2024-09-12T15:45:53.766+0000] {dagbag.py:587} INFO - Filling up the DagBag from /home/airflow/.local/lib/python3.12/site-packages/airflow/example_dags/example_params_ui_tutorial.py
[2024-09-12T15:45:53.962+0000] {processor.py:925} INFO - DAG(s) 'example_params_ui_tutorial' retrieved from /home/airflow/.local/lib/python3.12/site-packages/airflow/example_dags/example_params_ui_tutorial.py
[2024-09-12T15:45:54.334+0000] {logging_mixin.py:190} INFO - [2024-09-12T15:45:54.334+0000] {dag.py:3211} INFO - Sync 1 DAGs
[2024-09-12T15:45:54.418+0000] {logging_mixin.py:190} INFO - [2024-09-12T15:45:54.416+0000] {dag.py:4138} INFO - Setting next_dagrun for example_params_ui_tutorial to None, run_after=None
[2024-09-12T15:45:54.505+0000] {processor.py:208} INFO - Processing /home/airflow/.local/lib/python3.12/site-packages/airflow/example_dags/example_params_ui_tutorial.py took 0.832 seconds
[2024-09-12T15:46:50.566+0000] {processor.py:186} INFO - Started process (PID=2068) to work on /home/airflow/.local/lib/python3.12/site-packages/airflow/example_dags/example_params_ui_tutorial.py
[2024-09-12T15:46:50.584+0000] {processor.py:914} INFO - Processing file /home/airflow/.local/lib/python3.12/site-packages/airflow/example_dags/example_params_ui_tutorial.py for tasks to queue
[2024-09-12T15:46:50.601+0000] {logging_mixin.py:190} INFO - [2024-09-12T15:46:50.600+0000] {dagbag.py:587} INFO - Filling up the DagBag from /home/airflow/.local/lib/python3.12/site-packages/airflow/example_dags/example_params_ui_tutorial.py
[2024-09-12T15:46:50.668+0000] {processor.py:925} INFO - DAG(s) 'example_params_ui_tutorial' retrieved from /home/airflow/.local/lib/python3.12/site-packages/airflow/example_dags/example_params_ui_tutorial.py
[2024-09-12T15:46:51.116+0000] {logging_mixin.py:190} INFO - [2024-09-12T15:46:51.116+0000] {dag.py:3211} INFO - Sync 1 DAGs
[2024-09-12T15:46:51.272+0000] {logging_mixin.py:190} INFO - [2024-09-12T15:46:51.271+0000] {dag.py:4138} INFO - Setting next_dagrun for example_params_ui_tutorial to None, run_after=None
[2024-09-12T15:46:51.371+0000] {processor.py:208} INFO - Processing /home/airflow/.local/lib/python3.12/site-packages/airflow/example_dags/example_params_ui_tutorial.py took 0.881 seconds
[2024-09-12T15:47:41.244+0000] {processor.py:186} INFO - Started process (PID=2133) to work on /home/airflow/.local/lib/python3.12/site-packages/airflow/example_dags/example_params_ui_tutorial.py
[2024-09-12T15:47:41.277+0000] {processor.py:914} INFO - Processing file /home/airflow/.local/lib/python3.12/site-packages/airflow/example_dags/example_params_ui_tutorial.py for tasks to queue
[2024-09-12T15:47:41.310+0000] {logging_mixin.py:190} INFO - [2024-09-12T15:47:41.309+0000] {dagbag.py:587} INFO - Filling up the DagBag from /home/airflow/.local/lib/python3.12/site-packages/airflow/example_dags/example_params_ui_tutorial.py
[2024-09-12T15:47:41.408+0000] {processor.py:925} INFO - DAG(s) 'example_params_ui_tutorial' retrieved from /home/airflow/.local/lib/python3.12/site-packages/airflow/example_dags/example_params_ui_tutorial.py
[2024-09-12T15:47:42.058+0000] {logging_mixin.py:190} INFO - [2024-09-12T15:47:42.056+0000] {dag.py:3211} INFO - Sync 1 DAGs
[2024-09-12T15:47:42.269+0000] {logging_mixin.py:190} INFO - [2024-09-12T15:47:42.268+0000] {dag.py:4138} INFO - Setting next_dagrun for example_params_ui_tutorial to None, run_after=None
[2024-09-12T15:47:42.541+0000] {processor.py:208} INFO - Processing /home/airflow/.local/lib/python3.12/site-packages/airflow/example_dags/example_params_ui_tutorial.py took 1.378 seconds
[2024-09-12T15:48:26.613+0000] {processor.py:186} INFO - Started process (PID=2194) to work on /home/airflow/.local/lib/python3.12/site-packages/airflow/example_dags/example_params_ui_tutorial.py
[2024-09-12T15:48:26.631+0000] {processor.py:914} INFO - Processing file /home/airflow/.local/lib/python3.12/site-packages/airflow/example_dags/example_params_ui_tutorial.py for tasks to queue
[2024-09-12T15:48:26.640+0000] {logging_mixin.py:190} INFO - [2024-09-12T15:48:26.639+0000] {dagbag.py:587} INFO - Filling up the DagBag from /home/airflow/.local/lib/python3.12/site-packages/airflow/example_dags/example_params_ui_tutorial.py
[2024-09-12T15:48:26.807+0000] {processor.py:925} INFO - DAG(s) 'example_params_ui_tutorial' retrieved from /home/airflow/.local/lib/python3.12/site-packages/airflow/example_dags/example_params_ui_tutorial.py
[2024-09-12T15:48:27.582+0000] {logging_mixin.py:190} INFO - [2024-09-12T15:48:27.581+0000] {dag.py:3211} INFO - Sync 1 DAGs
[2024-09-12T15:48:27.906+0000] {logging_mixin.py:190} INFO - [2024-09-12T15:48:27.893+0000] {dag.py:4138} INFO - Setting next_dagrun for example_params_ui_tutorial to None, run_after=None
[2024-09-12T15:48:28.068+0000] {processor.py:208} INFO - Processing /home/airflow/.local/lib/python3.12/site-packages/airflow/example_dags/example_params_ui_tutorial.py took 1.589 seconds
[2024-09-12T15:49:06.506+0000] {processor.py:186} INFO - Started process (PID=2242) to work on /home/airflow/.local/lib/python3.12/site-packages/airflow/example_dags/example_params_ui_tutorial.py
[2024-09-12T15:49:06.509+0000] {processor.py:914} INFO - Processing file /home/airflow/.local/lib/python3.12/site-packages/airflow/example_dags/example_params_ui_tutorial.py for tasks to queue
[2024-09-12T15:49:06.519+0000] {logging_mixin.py:190} INFO - [2024-09-12T15:49:06.518+0000] {dagbag.py:587} INFO - Filling up the DagBag from /home/airflow/.local/lib/python3.12/site-packages/airflow/example_dags/example_params_ui_tutorial.py
[2024-09-12T15:49:06.637+0000] {processor.py:925} INFO - DAG(s) 'example_params_ui_tutorial' retrieved from /home/airflow/.local/lib/python3.12/site-packages/airflow/example_dags/example_params_ui_tutorial.py
[2024-09-12T15:49:11.825+0000] {logging_mixin.py:190} INFO - [2024-09-12T15:49:11.824+0000] {dag.py:3211} INFO - Sync 1 DAGs
[2024-09-12T15:49:11.996+0000] {logging_mixin.py:190} INFO - [2024-09-12T15:49:11.985+0000] {dag.py:4138} INFO - Setting next_dagrun for example_params_ui_tutorial to None, run_after=None
[2024-09-12T15:49:12.184+0000] {processor.py:208} INFO - Processing /home/airflow/.local/lib/python3.12/site-packages/airflow/example_dags/example_params_ui_tutorial.py took 5.728 seconds
[2024-09-12T15:50:11.285+0000] {processor.py:186} INFO - Started process (PID=2322) to work on /home/airflow/.local/lib/python3.12/site-packages/airflow/example_dags/example_params_ui_tutorial.py
[2024-09-12T15:50:11.295+0000] {processor.py:914} INFO - Processing file /home/airflow/.local/lib/python3.12/site-packages/airflow/example_dags/example_params_ui_tutorial.py for tasks to queue
[2024-09-12T15:50:11.302+0000] {logging_mixin.py:190} INFO - [2024-09-12T15:50:11.301+0000] {dagbag.py:587} INFO - Filling up the DagBag from /home/airflow/.local/lib/python3.12/site-packages/airflow/example_dags/example_params_ui_tutorial.py
[2024-09-12T15:50:11.377+0000] {processor.py:925} INFO - DAG(s) 'example_params_ui_tutorial' retrieved from /home/airflow/.local/lib/python3.12/site-packages/airflow/example_dags/example_params_ui_tutorial.py
[2024-09-12T15:50:11.697+0000] {logging_mixin.py:190} INFO - [2024-09-12T15:50:11.696+0000] {dag.py:3211} INFO - Sync 1 DAGs
[2024-09-12T15:50:11.855+0000] {logging_mixin.py:190} INFO - [2024-09-12T15:50:11.854+0000] {dag.py:4138} INFO - Setting next_dagrun for example_params_ui_tutorial to None, run_after=None
[2024-09-12T15:50:12.043+0000] {processor.py:208} INFO - Processing /home/airflow/.local/lib/python3.12/site-packages/airflow/example_dags/example_params_ui_tutorial.py took 0.778 seconds
[2024-09-12T15:50:52.865+0000] {processor.py:186} INFO - Started process (PID=2377) to work on /home/airflow/.local/lib/python3.12/site-packages/airflow/example_dags/example_params_ui_tutorial.py
[2024-09-12T15:50:52.867+0000] {processor.py:914} INFO - Processing file /home/airflow/.local/lib/python3.12/site-packages/airflow/example_dags/example_params_ui_tutorial.py for tasks to queue
[2024-09-12T15:50:52.870+0000] {logging_mixin.py:190} INFO - [2024-09-12T15:50:52.870+0000] {dagbag.py:587} INFO - Filling up the DagBag from /home/airflow/.local/lib/python3.12/site-packages/airflow/example_dags/example_params_ui_tutorial.py
[2024-09-12T15:50:52.943+0000] {processor.py:925} INFO - DAG(s) 'example_params_ui_tutorial' retrieved from /home/airflow/.local/lib/python3.12/site-packages/airflow/example_dags/example_params_ui_tutorial.py
[2024-09-12T15:51:02.854+0000] {logging_mixin.py:190} INFO - [2024-09-12T15:51:02.853+0000] {dag.py:3211} INFO - Sync 1 DAGs
[2024-09-12T15:51:02.974+0000] {logging_mixin.py:190} INFO - [2024-09-12T15:51:02.973+0000] {dag.py:4138} INFO - Setting next_dagrun for example_params_ui_tutorial to None, run_after=None
[2024-09-12T15:51:03.116+0000] {processor.py:208} INFO - Processing /home/airflow/.local/lib/python3.12/site-packages/airflow/example_dags/example_params_ui_tutorial.py took 10.292 seconds
[2024-09-12T15:51:48.429+0000] {processor.py:186} INFO - Started process (PID=2428) to work on /home/airflow/.local/lib/python3.12/site-packages/airflow/example_dags/example_params_ui_tutorial.py
[2024-09-12T15:51:48.433+0000] {processor.py:914} INFO - Processing file /home/airflow/.local/lib/python3.12/site-packages/airflow/example_dags/example_params_ui_tutorial.py for tasks to queue
[2024-09-12T15:51:48.436+0000] {logging_mixin.py:190} INFO - [2024-09-12T15:51:48.435+0000] {dagbag.py:587} INFO - Filling up the DagBag from /home/airflow/.local/lib/python3.12/site-packages/airflow/example_dags/example_params_ui_tutorial.py
[2024-09-12T15:51:48.477+0000] {processor.py:925} INFO - DAG(s) 'example_params_ui_tutorial' retrieved from /home/airflow/.local/lib/python3.12/site-packages/airflow/example_dags/example_params_ui_tutorial.py
[2024-09-12T15:51:48.999+0000] {logging_mixin.py:190} INFO - [2024-09-12T15:51:48.998+0000] {dag.py:3211} INFO - Sync 1 DAGs
[2024-09-12T15:51:49.318+0000] {logging_mixin.py:190} INFO - [2024-09-12T15:51:49.317+0000] {dag.py:4138} INFO - Setting next_dagrun for example_params_ui_tutorial to None, run_after=None
[2024-09-12T15:51:49.524+0000] {processor.py:208} INFO - Processing /home/airflow/.local/lib/python3.12/site-packages/airflow/example_dags/example_params_ui_tutorial.py took 1.142 seconds
[2024-09-12T15:52:22.841+0000] {processor.py:186} INFO - Started process (PID=2493) to work on /home/airflow/.local/lib/python3.12/site-packages/airflow/example_dags/example_params_ui_tutorial.py
[2024-09-12T15:52:22.850+0000] {processor.py:914} INFO - Processing file /home/airflow/.local/lib/python3.12/site-packages/airflow/example_dags/example_params_ui_tutorial.py for tasks to queue
[2024-09-12T15:52:22.855+0000] {logging_mixin.py:190} INFO - [2024-09-12T15:52:22.854+0000] {dagbag.py:587} INFO - Filling up the DagBag from /home/airflow/.local/lib/python3.12/site-packages/airflow/example_dags/example_params_ui_tutorial.py
[2024-09-12T15:52:22.946+0000] {processor.py:925} INFO - DAG(s) 'example_params_ui_tutorial' retrieved from /home/airflow/.local/lib/python3.12/site-packages/airflow/example_dags/example_params_ui_tutorial.py
[2024-09-12T15:52:23.220+0000] {logging_mixin.py:190} INFO - [2024-09-12T15:52:23.219+0000] {dag.py:3211} INFO - Sync 1 DAGs
[2024-09-12T15:52:23.345+0000] {logging_mixin.py:190} INFO - [2024-09-12T15:52:23.345+0000] {dag.py:4138} INFO - Setting next_dagrun for example_params_ui_tutorial to None, run_after=None
[2024-09-12T15:52:23.485+0000] {processor.py:208} INFO - Processing /home/airflow/.local/lib/python3.12/site-packages/airflow/example_dags/example_params_ui_tutorial.py took 0.670 seconds
[2024-09-12T15:52:57.089+0000] {processor.py:186} INFO - Started process (PID=2548) to work on /home/airflow/.local/lib/python3.12/site-packages/airflow/example_dags/example_params_ui_tutorial.py
[2024-09-12T15:52:57.101+0000] {processor.py:914} INFO - Processing file /home/airflow/.local/lib/python3.12/site-packages/airflow/example_dags/example_params_ui_tutorial.py for tasks to queue
[2024-09-12T15:52:57.120+0000] {logging_mixin.py:190} INFO - [2024-09-12T15:52:57.117+0000] {dagbag.py:587} INFO - Filling up the DagBag from /home/airflow/.local/lib/python3.12/site-packages/airflow/example_dags/example_params_ui_tutorial.py
[2024-09-12T15:52:57.235+0000] {processor.py:925} INFO - DAG(s) 'example_params_ui_tutorial' retrieved from /home/airflow/.local/lib/python3.12/site-packages/airflow/example_dags/example_params_ui_tutorial.py
[2024-09-12T15:52:57.571+0000] {logging_mixin.py:190} INFO - [2024-09-12T15:52:57.571+0000] {dag.py:3211} INFO - Sync 1 DAGs
[2024-09-12T15:52:57.670+0000] {logging_mixin.py:190} INFO - [2024-09-12T15:52:57.670+0000] {dag.py:4138} INFO - Setting next_dagrun for example_params_ui_tutorial to None, run_after=None
[2024-09-12T15:52:57.842+0000] {processor.py:208} INFO - Processing /home/airflow/.local/lib/python3.12/site-packages/airflow/example_dags/example_params_ui_tutorial.py took 0.846 seconds
[2024-09-12T15:53:28.647+0000] {processor.py:186} INFO - Started process (PID=2605) to work on /home/airflow/.local/lib/python3.12/site-packages/airflow/example_dags/example_params_ui_tutorial.py
[2024-09-12T15:53:28.693+0000] {processor.py:914} INFO - Processing file /home/airflow/.local/lib/python3.12/site-packages/airflow/example_dags/example_params_ui_tutorial.py for tasks to queue
[2024-09-12T15:53:28.711+0000] {logging_mixin.py:190} INFO - [2024-09-12T15:53:28.710+0000] {dagbag.py:587} INFO - Filling up the DagBag from /home/airflow/.local/lib/python3.12/site-packages/airflow/example_dags/example_params_ui_tutorial.py
[2024-09-12T15:53:28.783+0000] {processor.py:925} INFO - DAG(s) 'example_params_ui_tutorial' retrieved from /home/airflow/.local/lib/python3.12/site-packages/airflow/example_dags/example_params_ui_tutorial.py
[2024-09-12T15:53:28.960+0000] {logging_mixin.py:190} INFO - [2024-09-12T15:53:28.959+0000] {dag.py:3211} INFO - Sync 1 DAGs
[2024-09-12T15:53:29.022+0000] {logging_mixin.py:190} INFO - [2024-09-12T15:53:29.022+0000] {dag.py:4138} INFO - Setting next_dagrun for example_params_ui_tutorial to None, run_after=None
[2024-09-12T15:53:29.107+0000] {processor.py:208} INFO - Processing /home/airflow/.local/lib/python3.12/site-packages/airflow/example_dags/example_params_ui_tutorial.py took 0.548 seconds
[2024-09-12T15:54:04.245+0000] {processor.py:186} INFO - Started process (PID=2662) to work on /home/airflow/.local/lib/python3.12/site-packages/airflow/example_dags/example_params_ui_tutorial.py
[2024-09-12T15:54:04.259+0000] {processor.py:914} INFO - Processing file /home/airflow/.local/lib/python3.12/site-packages/airflow/example_dags/example_params_ui_tutorial.py for tasks to queue
[2024-09-12T15:54:04.263+0000] {logging_mixin.py:190} INFO - [2024-09-12T15:54:04.262+0000] {dagbag.py:587} INFO - Filling up the DagBag from /home/airflow/.local/lib/python3.12/site-packages/airflow/example_dags/example_params_ui_tutorial.py
[2024-09-12T15:54:04.309+0000] {processor.py:925} INFO - DAG(s) 'example_params_ui_tutorial' retrieved from /home/airflow/.local/lib/python3.12/site-packages/airflow/example_dags/example_params_ui_tutorial.py
[2024-09-12T15:54:04.611+0000] {logging_mixin.py:190} INFO - [2024-09-12T15:54:04.607+0000] {dag.py:3211} INFO - Sync 1 DAGs
[2024-09-12T15:54:04.694+0000] {logging_mixin.py:190} INFO - [2024-09-12T15:54:04.694+0000] {dag.py:4138} INFO - Setting next_dagrun for example_params_ui_tutorial to None, run_after=None
[2024-09-12T15:54:04.876+0000] {processor.py:208} INFO - Processing /home/airflow/.local/lib/python3.12/site-packages/airflow/example_dags/example_params_ui_tutorial.py took 0.676 seconds
[2024-09-12T15:55:41.120+0000] {processor.py:186} INFO - Started process (PID=2743) to work on /home/airflow/.local/lib/python3.12/site-packages/airflow/example_dags/example_params_ui_tutorial.py
[2024-09-12T15:55:41.150+0000] {processor.py:914} INFO - Processing file /home/airflow/.local/lib/python3.12/site-packages/airflow/example_dags/example_params_ui_tutorial.py for tasks to queue
[2024-09-12T15:55:41.159+0000] {logging_mixin.py:190} INFO - [2024-09-12T15:55:41.158+0000] {dagbag.py:587} INFO - Filling up the DagBag from /home/airflow/.local/lib/python3.12/site-packages/airflow/example_dags/example_params_ui_tutorial.py
[2024-09-12T15:55:41.256+0000] {processor.py:925} INFO - DAG(s) 'example_params_ui_tutorial' retrieved from /home/airflow/.local/lib/python3.12/site-packages/airflow/example_dags/example_params_ui_tutorial.py
[2024-09-12T15:55:41.479+0000] {logging_mixin.py:190} INFO - [2024-09-12T15:55:41.478+0000] {dag.py:3211} INFO - Sync 1 DAGs
[2024-09-12T15:55:41.560+0000] {logging_mixin.py:190} INFO - [2024-09-12T15:55:41.560+0000] {dag.py:4138} INFO - Setting next_dagrun for example_params_ui_tutorial to None, run_after=None
[2024-09-12T15:55:41.650+0000] {processor.py:208} INFO - Processing /home/airflow/.local/lib/python3.12/site-packages/airflow/example_dags/example_params_ui_tutorial.py took 0.583 seconds
[2024-09-12T15:56:36.061+0000] {processor.py:186} INFO - Started process (PID=2802) to work on /home/airflow/.local/lib/python3.12/site-packages/airflow/example_dags/example_params_ui_tutorial.py
[2024-09-12T15:56:36.077+0000] {processor.py:914} INFO - Processing file /home/airflow/.local/lib/python3.12/site-packages/airflow/example_dags/example_params_ui_tutorial.py for tasks to queue
[2024-09-12T15:56:36.083+0000] {logging_mixin.py:190} INFO - [2024-09-12T15:56:36.082+0000] {dagbag.py:587} INFO - Filling up the DagBag from /home/airflow/.local/lib/python3.12/site-packages/airflow/example_dags/example_params_ui_tutorial.py
[2024-09-12T15:56:36.165+0000] {processor.py:925} INFO - DAG(s) 'example_params_ui_tutorial' retrieved from /home/airflow/.local/lib/python3.12/site-packages/airflow/example_dags/example_params_ui_tutorial.py
[2024-09-12T15:56:36.631+0000] {logging_mixin.py:190} INFO - [2024-09-12T15:56:36.630+0000] {dag.py:3211} INFO - Sync 1 DAGs
[2024-09-12T15:56:36.735+0000] {logging_mixin.py:190} INFO - [2024-09-12T15:56:36.734+0000] {dag.py:4138} INFO - Setting next_dagrun for example_params_ui_tutorial to None, run_after=None
[2024-09-12T15:56:36.899+0000] {processor.py:208} INFO - Processing /home/airflow/.local/lib/python3.12/site-packages/airflow/example_dags/example_params_ui_tutorial.py took 0.904 seconds
[2024-09-12T15:57:12.822+0000] {processor.py:186} INFO - Started process (PID=2871) to work on /home/airflow/.local/lib/python3.12/site-packages/airflow/example_dags/example_params_ui_tutorial.py
[2024-09-12T15:57:12.838+0000] {processor.py:914} INFO - Processing file /home/airflow/.local/lib/python3.12/site-packages/airflow/example_dags/example_params_ui_tutorial.py for tasks to queue
[2024-09-12T15:57:12.846+0000] {logging_mixin.py:190} INFO - [2024-09-12T15:57:12.845+0000] {dagbag.py:587} INFO - Filling up the DagBag from /home/airflow/.local/lib/python3.12/site-packages/airflow/example_dags/example_params_ui_tutorial.py
[2024-09-12T15:57:12.908+0000] {processor.py:925} INFO - DAG(s) 'example_params_ui_tutorial' retrieved from /home/airflow/.local/lib/python3.12/site-packages/airflow/example_dags/example_params_ui_tutorial.py
[2024-09-12T15:57:13.143+0000] {logging_mixin.py:190} INFO - [2024-09-12T15:57:13.142+0000] {dag.py:3211} INFO - Sync 1 DAGs
[2024-09-12T15:57:13.207+0000] {logging_mixin.py:190} INFO - [2024-09-12T15:57:13.207+0000] {dag.py:4138} INFO - Setting next_dagrun for example_params_ui_tutorial to None, run_after=None
[2024-09-12T15:57:13.320+0000] {processor.py:208} INFO - Processing /home/airflow/.local/lib/python3.12/site-packages/airflow/example_dags/example_params_ui_tutorial.py took 0.533 seconds
[2024-09-12T15:57:53.036+0000] {processor.py:186} INFO - Started process (PID=2929) to work on /home/airflow/.local/lib/python3.12/site-packages/airflow/example_dags/example_params_ui_tutorial.py
[2024-09-12T15:57:53.038+0000] {processor.py:914} INFO - Processing file /home/airflow/.local/lib/python3.12/site-packages/airflow/example_dags/example_params_ui_tutorial.py for tasks to queue
[2024-09-12T15:57:53.048+0000] {logging_mixin.py:190} INFO - [2024-09-12T15:57:53.046+0000] {dagbag.py:587} INFO - Filling up the DagBag from /home/airflow/.local/lib/python3.12/site-packages/airflow/example_dags/example_params_ui_tutorial.py
[2024-09-12T15:57:53.119+0000] {processor.py:925} INFO - DAG(s) 'example_params_ui_tutorial' retrieved from /home/airflow/.local/lib/python3.12/site-packages/airflow/example_dags/example_params_ui_tutorial.py
[2024-09-12T15:57:53.424+0000] {logging_mixin.py:190} INFO - [2024-09-12T15:57:53.423+0000] {dag.py:3211} INFO - Sync 1 DAGs
[2024-09-12T15:57:53.533+0000] {logging_mixin.py:190} INFO - [2024-09-12T15:57:53.533+0000] {dag.py:4138} INFO - Setting next_dagrun for example_params_ui_tutorial to None, run_after=None
[2024-09-12T15:57:53.709+0000] {processor.py:208} INFO - Processing /home/airflow/.local/lib/python3.12/site-packages/airflow/example_dags/example_params_ui_tutorial.py took 0.705 seconds
[2024-09-12T15:59:11.636+0000] {processor.py:186} INFO - Started process (PID=2994) to work on /home/airflow/.local/lib/python3.12/site-packages/airflow/example_dags/example_params_ui_tutorial.py
[2024-09-12T15:59:11.683+0000] {processor.py:914} INFO - Processing file /home/airflow/.local/lib/python3.12/site-packages/airflow/example_dags/example_params_ui_tutorial.py for tasks to queue
[2024-09-12T15:59:11.702+0000] {logging_mixin.py:190} INFO - [2024-09-12T15:59:11.692+0000] {dagbag.py:587} INFO - Filling up the DagBag from /home/airflow/.local/lib/python3.12/site-packages/airflow/example_dags/example_params_ui_tutorial.py
[2024-09-12T15:59:11.842+0000] {processor.py:925} INFO - DAG(s) 'example_params_ui_tutorial' retrieved from /home/airflow/.local/lib/python3.12/site-packages/airflow/example_dags/example_params_ui_tutorial.py
[2024-09-12T15:59:12.573+0000] {logging_mixin.py:190} INFO - [2024-09-12T15:59:12.573+0000] {dag.py:3211} INFO - Sync 1 DAGs
[2024-09-12T15:59:12.726+0000] {logging_mixin.py:190} INFO - [2024-09-12T15:59:12.725+0000] {dag.py:4138} INFO - Setting next_dagrun for example_params_ui_tutorial to None, run_after=None
[2024-09-12T15:59:12.937+0000] {processor.py:208} INFO - Processing /home/airflow/.local/lib/python3.12/site-packages/airflow/example_dags/example_params_ui_tutorial.py took 1.395 seconds
[2024-09-12T16:00:10.081+0000] {processor.py:186} INFO - Started process (PID=3070) to work on /home/airflow/.local/lib/python3.12/site-packages/airflow/example_dags/example_params_ui_tutorial.py
[2024-09-12T16:00:10.097+0000] {processor.py:914} INFO - Processing file /home/airflow/.local/lib/python3.12/site-packages/airflow/example_dags/example_params_ui_tutorial.py for tasks to queue
[2024-09-12T16:00:10.113+0000] {logging_mixin.py:190} INFO - [2024-09-12T16:00:10.112+0000] {dagbag.py:587} INFO - Filling up the DagBag from /home/airflow/.local/lib/python3.12/site-packages/airflow/example_dags/example_params_ui_tutorial.py
[2024-09-12T16:00:10.203+0000] {processor.py:925} INFO - DAG(s) 'example_params_ui_tutorial' retrieved from /home/airflow/.local/lib/python3.12/site-packages/airflow/example_dags/example_params_ui_tutorial.py
[2024-09-12T16:00:10.512+0000] {logging_mixin.py:190} INFO - [2024-09-12T16:00:10.512+0000] {dag.py:3211} INFO - Sync 1 DAGs
[2024-09-12T16:00:10.595+0000] {logging_mixin.py:190} INFO - [2024-09-12T16:00:10.595+0000] {dag.py:4138} INFO - Setting next_dagrun for example_params_ui_tutorial to None, run_after=None
[2024-09-12T16:00:10.697+0000] {processor.py:208} INFO - Processing /home/airflow/.local/lib/python3.12/site-packages/airflow/example_dags/example_params_ui_tutorial.py took 0.639 seconds
[2024-09-12T16:00:52.691+0000] {processor.py:186} INFO - Started process (PID=3135) to work on /home/airflow/.local/lib/python3.12/site-packages/airflow/example_dags/example_params_ui_tutorial.py
[2024-09-12T16:00:52.693+0000] {processor.py:914} INFO - Processing file /home/airflow/.local/lib/python3.12/site-packages/airflow/example_dags/example_params_ui_tutorial.py for tasks to queue
[2024-09-12T16:00:52.708+0000] {logging_mixin.py:190} INFO - [2024-09-12T16:00:52.707+0000] {dagbag.py:587} INFO - Filling up the DagBag from /home/airflow/.local/lib/python3.12/site-packages/airflow/example_dags/example_params_ui_tutorial.py
[2024-09-12T16:00:52.766+0000] {processor.py:925} INFO - DAG(s) 'example_params_ui_tutorial' retrieved from /home/airflow/.local/lib/python3.12/site-packages/airflow/example_dags/example_params_ui_tutorial.py
[2024-09-12T16:00:53.065+0000] {logging_mixin.py:190} INFO - [2024-09-12T16:00:53.064+0000] {dag.py:3211} INFO - Sync 1 DAGs
[2024-09-12T16:00:53.137+0000] {logging_mixin.py:190} INFO - [2024-09-12T16:00:53.132+0000] {dag.py:4138} INFO - Setting next_dagrun for example_params_ui_tutorial to None, run_after=None
[2024-09-12T16:00:53.231+0000] {processor.py:208} INFO - Processing /home/airflow/.local/lib/python3.12/site-packages/airflow/example_dags/example_params_ui_tutorial.py took 0.585 seconds
[2024-09-12T16:01:42.233+0000] {processor.py:186} INFO - Started process (PID=3199) to work on /home/airflow/.local/lib/python3.12/site-packages/airflow/example_dags/example_params_ui_tutorial.py
[2024-09-12T16:01:42.254+0000] {processor.py:914} INFO - Processing file /home/airflow/.local/lib/python3.12/site-packages/airflow/example_dags/example_params_ui_tutorial.py for tasks to queue
[2024-09-12T16:01:42.276+0000] {logging_mixin.py:190} INFO - [2024-09-12T16:01:42.275+0000] {dagbag.py:587} INFO - Filling up the DagBag from /home/airflow/.local/lib/python3.12/site-packages/airflow/example_dags/example_params_ui_tutorial.py
[2024-09-12T16:01:42.472+0000] {processor.py:925} INFO - DAG(s) 'example_params_ui_tutorial' retrieved from /home/airflow/.local/lib/python3.12/site-packages/airflow/example_dags/example_params_ui_tutorial.py
[2024-09-12T16:01:43.055+0000] {logging_mixin.py:190} INFO - [2024-09-12T16:01:43.042+0000] {dag.py:3211} INFO - Sync 1 DAGs
[2024-09-12T16:01:43.373+0000] {logging_mixin.py:190} INFO - [2024-09-12T16:01:43.361+0000] {dag.py:4138} INFO - Setting next_dagrun for example_params_ui_tutorial to None, run_after=None
[2024-09-12T16:01:43.668+0000] {processor.py:208} INFO - Processing /home/airflow/.local/lib/python3.12/site-packages/airflow/example_dags/example_params_ui_tutorial.py took 1.507 seconds
[2024-09-12T16:02:20.840+0000] {processor.py:186} INFO - Started process (PID=3241) to work on /home/airflow/.local/lib/python3.12/site-packages/airflow/example_dags/example_params_ui_tutorial.py
[2024-09-12T16:02:20.844+0000] {processor.py:914} INFO - Processing file /home/airflow/.local/lib/python3.12/site-packages/airflow/example_dags/example_params_ui_tutorial.py for tasks to queue
[2024-09-12T16:02:20.850+0000] {logging_mixin.py:190} INFO - [2024-09-12T16:02:20.848+0000] {dagbag.py:587} INFO - Filling up the DagBag from /home/airflow/.local/lib/python3.12/site-packages/airflow/example_dags/example_params_ui_tutorial.py
[2024-09-12T16:02:20.935+0000] {processor.py:925} INFO - DAG(s) 'example_params_ui_tutorial' retrieved from /home/airflow/.local/lib/python3.12/site-packages/airflow/example_dags/example_params_ui_tutorial.py
[2024-09-12T16:02:21.312+0000] {logging_mixin.py:190} INFO - [2024-09-12T16:02:21.311+0000] {dag.py:3211} INFO - Sync 1 DAGs
[2024-09-12T16:02:21.394+0000] {logging_mixin.py:190} INFO - [2024-09-12T16:02:21.393+0000] {dag.py:4138} INFO - Setting next_dagrun for example_params_ui_tutorial to None, run_after=None
[2024-09-12T16:02:21.672+0000] {processor.py:208} INFO - Processing /home/airflow/.local/lib/python3.12/site-packages/airflow/example_dags/example_params_ui_tutorial.py took 0.861 seconds
[2024-09-12T16:03:17.398+0000] {processor.py:186} INFO - Started process (PID=3294) to work on /home/airflow/.local/lib/python3.12/site-packages/airflow/example_dags/example_params_ui_tutorial.py
[2024-09-12T16:03:17.422+0000] {processor.py:914} INFO - Processing file /home/airflow/.local/lib/python3.12/site-packages/airflow/example_dags/example_params_ui_tutorial.py for tasks to queue
[2024-09-12T16:03:17.428+0000] {logging_mixin.py:190} INFO - [2024-09-12T16:03:17.427+0000] {dagbag.py:587} INFO - Filling up the DagBag from /home/airflow/.local/lib/python3.12/site-packages/airflow/example_dags/example_params_ui_tutorial.py
[2024-09-12T16:03:17.498+0000] {processor.py:925} INFO - DAG(s) 'example_params_ui_tutorial' retrieved from /home/airflow/.local/lib/python3.12/site-packages/airflow/example_dags/example_params_ui_tutorial.py
[2024-09-12T16:03:18.017+0000] {logging_mixin.py:190} INFO - [2024-09-12T16:03:18.016+0000] {dag.py:3211} INFO - Sync 1 DAGs
[2024-09-12T16:03:18.080+0000] {logging_mixin.py:190} INFO - [2024-09-12T16:03:18.079+0000] {dag.py:4138} INFO - Setting next_dagrun for example_params_ui_tutorial to None, run_after=None
[2024-09-12T16:03:19.273+0000] {processor.py:208} INFO - Processing /home/airflow/.local/lib/python3.12/site-packages/airflow/example_dags/example_params_ui_tutorial.py took 1.907 seconds
[2024-09-12T16:03:51.404+0000] {processor.py:186} INFO - Started process (PID=3356) to work on /home/airflow/.local/lib/python3.12/site-packages/airflow/example_dags/example_params_ui_tutorial.py
[2024-09-12T16:03:51.422+0000] {processor.py:914} INFO - Processing file /home/airflow/.local/lib/python3.12/site-packages/airflow/example_dags/example_params_ui_tutorial.py for tasks to queue
[2024-09-12T16:03:51.426+0000] {logging_mixin.py:190} INFO - [2024-09-12T16:03:51.425+0000] {dagbag.py:587} INFO - Filling up the DagBag from /home/airflow/.local/lib/python3.12/site-packages/airflow/example_dags/example_params_ui_tutorial.py
[2024-09-12T16:03:51.467+0000] {processor.py:925} INFO - DAG(s) 'example_params_ui_tutorial' retrieved from /home/airflow/.local/lib/python3.12/site-packages/airflow/example_dags/example_params_ui_tutorial.py
[2024-09-12T16:03:51.667+0000] {logging_mixin.py:190} INFO - [2024-09-12T16:03:51.657+0000] {dag.py:3211} INFO - Sync 1 DAGs
[2024-09-12T16:03:51.757+0000] {logging_mixin.py:190} INFO - [2024-09-12T16:03:51.756+0000] {dag.py:4138} INFO - Setting next_dagrun for example_params_ui_tutorial to None, run_after=None
[2024-09-12T16:03:51.884+0000] {processor.py:208} INFO - Processing /home/airflow/.local/lib/python3.12/site-packages/airflow/example_dags/example_params_ui_tutorial.py took 0.521 seconds
[2024-09-12T16:05:05.016+0000] {processor.py:186} INFO - Started process (PID=3429) to work on /home/airflow/.local/lib/python3.12/site-packages/airflow/example_dags/example_params_ui_tutorial.py
[2024-09-12T16:05:05.021+0000] {processor.py:914} INFO - Processing file /home/airflow/.local/lib/python3.12/site-packages/airflow/example_dags/example_params_ui_tutorial.py for tasks to queue
[2024-09-12T16:05:05.027+0000] {logging_mixin.py:190} INFO - [2024-09-12T16:05:05.026+0000] {dagbag.py:587} INFO - Filling up the DagBag from /home/airflow/.local/lib/python3.12/site-packages/airflow/example_dags/example_params_ui_tutorial.py
[2024-09-12T16:05:05.194+0000] {processor.py:925} INFO - DAG(s) 'example_params_ui_tutorial' retrieved from /home/airflow/.local/lib/python3.12/site-packages/airflow/example_dags/example_params_ui_tutorial.py
[2024-09-12T16:05:05.585+0000] {logging_mixin.py:190} INFO - [2024-09-12T16:05:05.585+0000] {dag.py:3211} INFO - Sync 1 DAGs
[2024-09-12T16:05:05.859+0000] {logging_mixin.py:190} INFO - [2024-09-12T16:05:05.856+0000] {dag.py:4138} INFO - Setting next_dagrun for example_params_ui_tutorial to None, run_after=None
[2024-09-12T16:05:06.091+0000] {processor.py:208} INFO - Processing /home/airflow/.local/lib/python3.12/site-packages/airflow/example_dags/example_params_ui_tutorial.py took 1.160 seconds
[2024-09-12T16:06:10.666+0000] {processor.py:186} INFO - Started process (PID=3475) to work on /home/airflow/.local/lib/python3.12/site-packages/airflow/example_dags/example_params_ui_tutorial.py
[2024-09-12T16:06:10.677+0000] {processor.py:914} INFO - Processing file /home/airflow/.local/lib/python3.12/site-packages/airflow/example_dags/example_params_ui_tutorial.py for tasks to queue
[2024-09-12T16:06:10.680+0000] {logging_mixin.py:190} INFO - [2024-09-12T16:06:10.679+0000] {dagbag.py:587} INFO - Filling up the DagBag from /home/airflow/.local/lib/python3.12/site-packages/airflow/example_dags/example_params_ui_tutorial.py
[2024-09-12T16:06:10.820+0000] {processor.py:925} INFO - DAG(s) 'example_params_ui_tutorial' retrieved from /home/airflow/.local/lib/python3.12/site-packages/airflow/example_dags/example_params_ui_tutorial.py
[2024-09-12T16:06:11.550+0000] {logging_mixin.py:190} INFO - [2024-09-12T16:06:11.549+0000] {dag.py:3211} INFO - Sync 1 DAGs
[2024-09-12T16:06:11.990+0000] {logging_mixin.py:190} INFO - [2024-09-12T16:06:11.989+0000] {dag.py:4138} INFO - Setting next_dagrun for example_params_ui_tutorial to None, run_after=None
[2024-09-12T16:06:12.437+0000] {processor.py:208} INFO - Processing /home/airflow/.local/lib/python3.12/site-packages/airflow/example_dags/example_params_ui_tutorial.py took 1.795 seconds
[2024-09-12T16:07:26.100+0000] {processor.py:186} INFO - Started process (PID=3525) to work on /home/airflow/.local/lib/python3.12/site-packages/airflow/example_dags/example_params_ui_tutorial.py
[2024-09-12T16:07:26.106+0000] {processor.py:914} INFO - Processing file /home/airflow/.local/lib/python3.12/site-packages/airflow/example_dags/example_params_ui_tutorial.py for tasks to queue
[2024-09-12T16:07:26.109+0000] {logging_mixin.py:190} INFO - [2024-09-12T16:07:26.108+0000] {dagbag.py:587} INFO - Filling up the DagBag from /home/airflow/.local/lib/python3.12/site-packages/airflow/example_dags/example_params_ui_tutorial.py
[2024-09-12T16:07:26.154+0000] {processor.py:925} INFO - DAG(s) 'example_params_ui_tutorial' retrieved from /home/airflow/.local/lib/python3.12/site-packages/airflow/example_dags/example_params_ui_tutorial.py
[2024-09-12T16:07:27.414+0000] {logging_mixin.py:190} INFO - [2024-09-12T16:07:27.413+0000] {dag.py:3211} INFO - Sync 1 DAGs
[2024-09-12T16:07:27.480+0000] {logging_mixin.py:190} INFO - [2024-09-12T16:07:27.480+0000] {dag.py:4138} INFO - Setting next_dagrun for example_params_ui_tutorial to None, run_after=None
[2024-09-12T16:07:27.582+0000] {processor.py:208} INFO - Processing /home/airflow/.local/lib/python3.12/site-packages/airflow/example_dags/example_params_ui_tutorial.py took 1.514 seconds
[2024-09-12T16:08:00.206+0000] {processor.py:186} INFO - Started process (PID=3574) to work on /home/airflow/.local/lib/python3.12/site-packages/airflow/example_dags/example_params_ui_tutorial.py
[2024-09-12T16:08:00.219+0000] {processor.py:914} INFO - Processing file /home/airflow/.local/lib/python3.12/site-packages/airflow/example_dags/example_params_ui_tutorial.py for tasks to queue
[2024-09-12T16:08:00.223+0000] {logging_mixin.py:190} INFO - [2024-09-12T16:08:00.221+0000] {dagbag.py:587} INFO - Filling up the DagBag from /home/airflow/.local/lib/python3.12/site-packages/airflow/example_dags/example_params_ui_tutorial.py
[2024-09-12T16:08:00.314+0000] {processor.py:925} INFO - DAG(s) 'example_params_ui_tutorial' retrieved from /home/airflow/.local/lib/python3.12/site-packages/airflow/example_dags/example_params_ui_tutorial.py
[2024-09-12T16:08:00.783+0000] {logging_mixin.py:190} INFO - [2024-09-12T16:08:00.782+0000] {dag.py:3211} INFO - Sync 1 DAGs
[2024-09-12T16:08:00.888+0000] {logging_mixin.py:190} INFO - [2024-09-12T16:08:00.887+0000] {dag.py:4138} INFO - Setting next_dagrun for example_params_ui_tutorial to None, run_after=None
[2024-09-12T16:08:01.026+0000] {processor.py:208} INFO - Processing /home/airflow/.local/lib/python3.12/site-packages/airflow/example_dags/example_params_ui_tutorial.py took 0.872 seconds
[2024-09-12T16:08:45.363+0000] {processor.py:186} INFO - Started process (PID=3623) to work on /home/airflow/.local/lib/python3.12/site-packages/airflow/example_dags/example_params_ui_tutorial.py
[2024-09-12T16:08:45.379+0000] {processor.py:914} INFO - Processing file /home/airflow/.local/lib/python3.12/site-packages/airflow/example_dags/example_params_ui_tutorial.py for tasks to queue
[2024-09-12T16:08:45.385+0000] {logging_mixin.py:190} INFO - [2024-09-12T16:08:45.383+0000] {dagbag.py:587} INFO - Filling up the DagBag from /home/airflow/.local/lib/python3.12/site-packages/airflow/example_dags/example_params_ui_tutorial.py
[2024-09-12T16:08:45.432+0000] {processor.py:925} INFO - DAG(s) 'example_params_ui_tutorial' retrieved from /home/airflow/.local/lib/python3.12/site-packages/airflow/example_dags/example_params_ui_tutorial.py
[2024-09-12T16:08:45.834+0000] {logging_mixin.py:190} INFO - [2024-09-12T16:08:45.834+0000] {dag.py:3211} INFO - Sync 1 DAGs
[2024-09-12T16:08:45.996+0000] {logging_mixin.py:190} INFO - [2024-09-12T16:08:45.995+0000] {dag.py:4138} INFO - Setting next_dagrun for example_params_ui_tutorial to None, run_after=None
[2024-09-12T16:08:46.110+0000] {processor.py:208} INFO - Processing /home/airflow/.local/lib/python3.12/site-packages/airflow/example_dags/example_params_ui_tutorial.py took 0.776 seconds
[2024-09-12T16:09:16.519+0000] {processor.py:186} INFO - Started process (PID=3680) to work on /home/airflow/.local/lib/python3.12/site-packages/airflow/example_dags/example_params_ui_tutorial.py
[2024-09-12T16:09:16.521+0000] {processor.py:914} INFO - Processing file /home/airflow/.local/lib/python3.12/site-packages/airflow/example_dags/example_params_ui_tutorial.py for tasks to queue
[2024-09-12T16:09:16.525+0000] {logging_mixin.py:190} INFO - [2024-09-12T16:09:16.524+0000] {dagbag.py:587} INFO - Filling up the DagBag from /home/airflow/.local/lib/python3.12/site-packages/airflow/example_dags/example_params_ui_tutorial.py
[2024-09-12T16:09:16.563+0000] {processor.py:925} INFO - DAG(s) 'example_params_ui_tutorial' retrieved from /home/airflow/.local/lib/python3.12/site-packages/airflow/example_dags/example_params_ui_tutorial.py
[2024-09-12T16:09:16.790+0000] {logging_mixin.py:190} INFO - [2024-09-12T16:09:16.783+0000] {dag.py:3211} INFO - Sync 1 DAGs
[2024-09-12T16:09:16.842+0000] {logging_mixin.py:190} INFO - [2024-09-12T16:09:16.842+0000] {dag.py:4138} INFO - Setting next_dagrun for example_params_ui_tutorial to None, run_after=None
[2024-09-12T16:09:16.950+0000] {processor.py:208} INFO - Processing /home/airflow/.local/lib/python3.12/site-packages/airflow/example_dags/example_params_ui_tutorial.py took 0.456 seconds
[2024-09-12T16:10:23.568+0000] {processor.py:186} INFO - Started process (PID=3737) to work on /home/airflow/.local/lib/python3.12/site-packages/airflow/example_dags/example_params_ui_tutorial.py
[2024-09-12T16:10:23.574+0000] {processor.py:914} INFO - Processing file /home/airflow/.local/lib/python3.12/site-packages/airflow/example_dags/example_params_ui_tutorial.py for tasks to queue
[2024-09-12T16:10:23.605+0000] {logging_mixin.py:190} INFO - [2024-09-12T16:10:23.604+0000] {dagbag.py:587} INFO - Filling up the DagBag from /home/airflow/.local/lib/python3.12/site-packages/airflow/example_dags/example_params_ui_tutorial.py
[2024-09-12T16:10:23.711+0000] {processor.py:925} INFO - DAG(s) 'example_params_ui_tutorial' retrieved from /home/airflow/.local/lib/python3.12/site-packages/airflow/example_dags/example_params_ui_tutorial.py
[2024-09-12T16:10:24.167+0000] {logging_mixin.py:190} INFO - [2024-09-12T16:10:24.166+0000] {dag.py:3211} INFO - Sync 1 DAGs
[2024-09-12T16:10:24.257+0000] {logging_mixin.py:190} INFO - [2024-09-12T16:10:24.256+0000] {dag.py:4138} INFO - Setting next_dagrun for example_params_ui_tutorial to None, run_after=None
[2024-09-12T16:10:24.553+0000] {processor.py:208} INFO - Processing /home/airflow/.local/lib/python3.12/site-packages/airflow/example_dags/example_params_ui_tutorial.py took 1.034 seconds
[2024-09-12T16:10:55.123+0000] {processor.py:186} INFO - Started process (PID=3806) to work on /home/airflow/.local/lib/python3.12/site-packages/airflow/example_dags/example_params_ui_tutorial.py
[2024-09-12T16:10:55.127+0000] {processor.py:914} INFO - Processing file /home/airflow/.local/lib/python3.12/site-packages/airflow/example_dags/example_params_ui_tutorial.py for tasks to queue
[2024-09-12T16:10:55.132+0000] {logging_mixin.py:190} INFO - [2024-09-12T16:10:55.131+0000] {dagbag.py:587} INFO - Filling up the DagBag from /home/airflow/.local/lib/python3.12/site-packages/airflow/example_dags/example_params_ui_tutorial.py
[2024-09-12T16:10:55.187+0000] {processor.py:925} INFO - DAG(s) 'example_params_ui_tutorial' retrieved from /home/airflow/.local/lib/python3.12/site-packages/airflow/example_dags/example_params_ui_tutorial.py
[2024-09-12T16:10:55.482+0000] {logging_mixin.py:190} INFO - [2024-09-12T16:10:55.481+0000] {dag.py:3211} INFO - Sync 1 DAGs
[2024-09-12T16:10:55.545+0000] {logging_mixin.py:190} INFO - [2024-09-12T16:10:55.545+0000] {dag.py:4138} INFO - Setting next_dagrun for example_params_ui_tutorial to None, run_after=None
[2024-09-12T16:10:55.650+0000] {processor.py:208} INFO - Processing /home/airflow/.local/lib/python3.12/site-packages/airflow/example_dags/example_params_ui_tutorial.py took 0.584 seconds
[2024-09-12T16:11:35.489+0000] {processor.py:186} INFO - Started process (PID=3855) to work on /home/airflow/.local/lib/python3.12/site-packages/airflow/example_dags/example_params_ui_tutorial.py
[2024-09-12T16:11:35.496+0000] {processor.py:914} INFO - Processing file /home/airflow/.local/lib/python3.12/site-packages/airflow/example_dags/example_params_ui_tutorial.py for tasks to queue
[2024-09-12T16:11:35.504+0000] {logging_mixin.py:190} INFO - [2024-09-12T16:11:35.504+0000] {dagbag.py:587} INFO - Filling up the DagBag from /home/airflow/.local/lib/python3.12/site-packages/airflow/example_dags/example_params_ui_tutorial.py
[2024-09-12T16:11:35.583+0000] {processor.py:925} INFO - DAG(s) 'example_params_ui_tutorial' retrieved from /home/airflow/.local/lib/python3.12/site-packages/airflow/example_dags/example_params_ui_tutorial.py
[2024-09-12T16:11:35.943+0000] {logging_mixin.py:190} INFO - [2024-09-12T16:11:35.941+0000] {dag.py:3211} INFO - Sync 1 DAGs
[2024-09-12T16:11:36.085+0000] {logging_mixin.py:190} INFO - [2024-09-12T16:11:36.084+0000] {dag.py:4138} INFO - Setting next_dagrun for example_params_ui_tutorial to None, run_after=None
[2024-09-12T16:11:36.243+0000] {processor.py:208} INFO - Processing /home/airflow/.local/lib/python3.12/site-packages/airflow/example_dags/example_params_ui_tutorial.py took 0.788 seconds
[2024-09-12T16:12:30.693+0000] {processor.py:186} INFO - Started process (PID=3921) to work on /home/airflow/.local/lib/python3.12/site-packages/airflow/example_dags/example_params_ui_tutorial.py
[2024-09-12T16:12:30.716+0000] {processor.py:914} INFO - Processing file /home/airflow/.local/lib/python3.12/site-packages/airflow/example_dags/example_params_ui_tutorial.py for tasks to queue
[2024-09-12T16:12:30.725+0000] {logging_mixin.py:190} INFO - [2024-09-12T16:12:30.722+0000] {dagbag.py:587} INFO - Filling up the DagBag from /home/airflow/.local/lib/python3.12/site-packages/airflow/example_dags/example_params_ui_tutorial.py
[2024-09-12T16:12:30.796+0000] {processor.py:925} INFO - DAG(s) 'example_params_ui_tutorial' retrieved from /home/airflow/.local/lib/python3.12/site-packages/airflow/example_dags/example_params_ui_tutorial.py
[2024-09-12T16:12:31.070+0000] {logging_mixin.py:190} INFO - [2024-09-12T16:12:31.069+0000] {dag.py:3211} INFO - Sync 1 DAGs
[2024-09-12T16:12:31.145+0000] {logging_mixin.py:190} INFO - [2024-09-12T16:12:31.144+0000] {dag.py:4138} INFO - Setting next_dagrun for example_params_ui_tutorial to None, run_after=None
[2024-09-12T16:12:31.289+0000] {processor.py:208} INFO - Processing /home/airflow/.local/lib/python3.12/site-packages/airflow/example_dags/example_params_ui_tutorial.py took 0.613 seconds
[2024-09-12T16:13:02.467+0000] {processor.py:186} INFO - Started process (PID=3983) to work on /home/airflow/.local/lib/python3.12/site-packages/airflow/example_dags/example_params_ui_tutorial.py
[2024-09-12T16:13:02.479+0000] {processor.py:914} INFO - Processing file /home/airflow/.local/lib/python3.12/site-packages/airflow/example_dags/example_params_ui_tutorial.py for tasks to queue
[2024-09-12T16:13:02.487+0000] {logging_mixin.py:190} INFO - [2024-09-12T16:13:02.486+0000] {dagbag.py:587} INFO - Filling up the DagBag from /home/airflow/.local/lib/python3.12/site-packages/airflow/example_dags/example_params_ui_tutorial.py
[2024-09-12T16:13:02.528+0000] {processor.py:925} INFO - DAG(s) 'example_params_ui_tutorial' retrieved from /home/airflow/.local/lib/python3.12/site-packages/airflow/example_dags/example_params_ui_tutorial.py
[2024-09-12T16:13:02.742+0000] {logging_mixin.py:190} INFO - [2024-09-12T16:13:02.740+0000] {dag.py:3211} INFO - Sync 1 DAGs
[2024-09-12T16:13:02.853+0000] {logging_mixin.py:190} INFO - [2024-09-12T16:13:02.852+0000] {dag.py:4138} INFO - Setting next_dagrun for example_params_ui_tutorial to None, run_after=None
[2024-09-12T16:13:02.997+0000] {processor.py:208} INFO - Processing /home/airflow/.local/lib/python3.12/site-packages/airflow/example_dags/example_params_ui_tutorial.py took 0.560 seconds
[2024-09-12T16:13:43.452+0000] {processor.py:186} INFO - Started process (PID=4010) to work on /home/airflow/.local/lib/python3.12/site-packages/airflow/example_dags/example_params_ui_tutorial.py
[2024-09-12T16:13:43.454+0000] {processor.py:914} INFO - Processing file /home/airflow/.local/lib/python3.12/site-packages/airflow/example_dags/example_params_ui_tutorial.py for tasks to queue
[2024-09-12T16:13:43.457+0000] {logging_mixin.py:190} INFO - [2024-09-12T16:13:43.456+0000] {dagbag.py:587} INFO - Filling up the DagBag from /home/airflow/.local/lib/python3.12/site-packages/airflow/example_dags/example_params_ui_tutorial.py
[2024-09-12T16:13:43.505+0000] {processor.py:925} INFO - DAG(s) 'example_params_ui_tutorial' retrieved from /home/airflow/.local/lib/python3.12/site-packages/airflow/example_dags/example_params_ui_tutorial.py
[2024-09-12T16:13:43.762+0000] {logging_mixin.py:190} INFO - [2024-09-12T16:13:43.761+0000] {dag.py:3211} INFO - Sync 1 DAGs
[2024-09-12T16:13:43.833+0000] {logging_mixin.py:190} INFO - [2024-09-12T16:13:43.832+0000] {dag.py:4138} INFO - Setting next_dagrun for example_params_ui_tutorial to None, run_after=None
[2024-09-12T16:13:43.920+0000] {processor.py:208} INFO - Processing /home/airflow/.local/lib/python3.12/site-packages/airflow/example_dags/example_params_ui_tutorial.py took 0.521 seconds
[2024-09-12T16:14:34.961+0000] {processor.py:186} INFO - Started process (PID=4070) to work on /home/airflow/.local/lib/python3.12/site-packages/airflow/example_dags/example_params_ui_tutorial.py
[2024-09-12T16:14:34.974+0000] {processor.py:914} INFO - Processing file /home/airflow/.local/lib/python3.12/site-packages/airflow/example_dags/example_params_ui_tutorial.py for tasks to queue
[2024-09-12T16:14:34.985+0000] {logging_mixin.py:190} INFO - [2024-09-12T16:14:34.984+0000] {dagbag.py:587} INFO - Filling up the DagBag from /home/airflow/.local/lib/python3.12/site-packages/airflow/example_dags/example_params_ui_tutorial.py
[2024-09-12T16:14:35.016+0000] {processor.py:925} INFO - DAG(s) 'example_params_ui_tutorial' retrieved from /home/airflow/.local/lib/python3.12/site-packages/airflow/example_dags/example_params_ui_tutorial.py
[2024-09-12T16:14:35.189+0000] {logging_mixin.py:190} INFO - [2024-09-12T16:14:35.188+0000] {dag.py:3211} INFO - Sync 1 DAGs
[2024-09-12T16:14:35.244+0000] {logging_mixin.py:190} INFO - [2024-09-12T16:14:35.244+0000] {dag.py:4138} INFO - Setting next_dagrun for example_params_ui_tutorial to None, run_after=None
[2024-09-12T16:14:35.323+0000] {processor.py:208} INFO - Processing /home/airflow/.local/lib/python3.12/site-packages/airflow/example_dags/example_params_ui_tutorial.py took 0.394 seconds
[2024-09-12T16:15:07.122+0000] {processor.py:186} INFO - Started process (PID=4135) to work on /home/airflow/.local/lib/python3.12/site-packages/airflow/example_dags/example_params_ui_tutorial.py
[2024-09-12T16:15:07.137+0000] {processor.py:914} INFO - Processing file /home/airflow/.local/lib/python3.12/site-packages/airflow/example_dags/example_params_ui_tutorial.py for tasks to queue
[2024-09-12T16:15:07.140+0000] {logging_mixin.py:190} INFO - [2024-09-12T16:15:07.139+0000] {dagbag.py:587} INFO - Filling up the DagBag from /home/airflow/.local/lib/python3.12/site-packages/airflow/example_dags/example_params_ui_tutorial.py
[2024-09-12T16:15:07.238+0000] {processor.py:925} INFO - DAG(s) 'example_params_ui_tutorial' retrieved from /home/airflow/.local/lib/python3.12/site-packages/airflow/example_dags/example_params_ui_tutorial.py
[2024-09-12T16:15:07.472+0000] {logging_mixin.py:190} INFO - [2024-09-12T16:15:07.472+0000] {dag.py:3211} INFO - Sync 1 DAGs
[2024-09-12T16:15:07.533+0000] {logging_mixin.py:190} INFO - [2024-09-12T16:15:07.533+0000] {dag.py:4138} INFO - Setting next_dagrun for example_params_ui_tutorial to None, run_after=None
[2024-09-12T16:15:07.641+0000] {processor.py:208} INFO - Processing /home/airflow/.local/lib/python3.12/site-packages/airflow/example_dags/example_params_ui_tutorial.py took 0.568 seconds
[2024-09-12T16:15:38.127+0000] {processor.py:186} INFO - Started process (PID=4199) to work on /home/airflow/.local/lib/python3.12/site-packages/airflow/example_dags/example_params_ui_tutorial.py
[2024-09-12T16:15:38.140+0000] {processor.py:914} INFO - Processing file /home/airflow/.local/lib/python3.12/site-packages/airflow/example_dags/example_params_ui_tutorial.py for tasks to queue
[2024-09-12T16:15:38.146+0000] {logging_mixin.py:190} INFO - [2024-09-12T16:15:38.145+0000] {dagbag.py:587} INFO - Filling up the DagBag from /home/airflow/.local/lib/python3.12/site-packages/airflow/example_dags/example_params_ui_tutorial.py
[2024-09-12T16:15:38.180+0000] {processor.py:925} INFO - DAG(s) 'example_params_ui_tutorial' retrieved from /home/airflow/.local/lib/python3.12/site-packages/airflow/example_dags/example_params_ui_tutorial.py
[2024-09-12T16:15:38.363+0000] {logging_mixin.py:190} INFO - [2024-09-12T16:15:38.363+0000] {dag.py:3211} INFO - Sync 1 DAGs
[2024-09-12T16:15:38.442+0000] {logging_mixin.py:190} INFO - [2024-09-12T16:15:38.441+0000] {dag.py:4138} INFO - Setting next_dagrun for example_params_ui_tutorial to None, run_after=None
[2024-09-12T16:15:38.536+0000] {processor.py:208} INFO - Processing /home/airflow/.local/lib/python3.12/site-packages/airflow/example_dags/example_params_ui_tutorial.py took 0.422 seconds
[2024-09-12T16:16:26.271+0000] {processor.py:186} INFO - Started process (PID=4266) to work on /home/airflow/.local/lib/python3.12/site-packages/airflow/example_dags/example_params_ui_tutorial.py
[2024-09-12T16:16:26.273+0000] {processor.py:914} INFO - Processing file /home/airflow/.local/lib/python3.12/site-packages/airflow/example_dags/example_params_ui_tutorial.py for tasks to queue
[2024-09-12T16:16:26.277+0000] {logging_mixin.py:190} INFO - [2024-09-12T16:16:26.276+0000] {dagbag.py:587} INFO - Filling up the DagBag from /home/airflow/.local/lib/python3.12/site-packages/airflow/example_dags/example_params_ui_tutorial.py
[2024-09-12T16:16:26.320+0000] {processor.py:925} INFO - DAG(s) 'example_params_ui_tutorial' retrieved from /home/airflow/.local/lib/python3.12/site-packages/airflow/example_dags/example_params_ui_tutorial.py
[2024-09-12T16:16:26.666+0000] {logging_mixin.py:190} INFO - [2024-09-12T16:16:26.665+0000] {dag.py:3211} INFO - Sync 1 DAGs
[2024-09-12T16:16:26.759+0000] {logging_mixin.py:190} INFO - [2024-09-12T16:16:26.758+0000] {dag.py:4138} INFO - Setting next_dagrun for example_params_ui_tutorial to None, run_after=None
[2024-09-12T16:16:26.911+0000] {processor.py:208} INFO - Processing /home/airflow/.local/lib/python3.12/site-packages/airflow/example_dags/example_params_ui_tutorial.py took 0.664 seconds
[2024-09-12T16:17:05.240+0000] {processor.py:186} INFO - Started process (PID=4328) to work on /home/airflow/.local/lib/python3.12/site-packages/airflow/example_dags/example_params_ui_tutorial.py
[2024-09-12T16:17:05.253+0000] {processor.py:914} INFO - Processing file /home/airflow/.local/lib/python3.12/site-packages/airflow/example_dags/example_params_ui_tutorial.py for tasks to queue
[2024-09-12T16:17:05.257+0000] {logging_mixin.py:190} INFO - [2024-09-12T16:17:05.256+0000] {dagbag.py:587} INFO - Filling up the DagBag from /home/airflow/.local/lib/python3.12/site-packages/airflow/example_dags/example_params_ui_tutorial.py
[2024-09-12T16:17:05.294+0000] {processor.py:925} INFO - DAG(s) 'example_params_ui_tutorial' retrieved from /home/airflow/.local/lib/python3.12/site-packages/airflow/example_dags/example_params_ui_tutorial.py
[2024-09-12T16:17:05.486+0000] {logging_mixin.py:190} INFO - [2024-09-12T16:17:05.485+0000] {dag.py:3211} INFO - Sync 1 DAGs
[2024-09-12T16:17:05.554+0000] {logging_mixin.py:190} INFO - [2024-09-12T16:17:05.553+0000] {dag.py:4138} INFO - Setting next_dagrun for example_params_ui_tutorial to None, run_after=None
[2024-09-12T16:17:05.625+0000] {processor.py:208} INFO - Processing /home/airflow/.local/lib/python3.12/site-packages/airflow/example_dags/example_params_ui_tutorial.py took 0.400 seconds
[2024-09-12T16:17:48.528+0000] {processor.py:186} INFO - Started process (PID=4397) to work on /home/airflow/.local/lib/python3.12/site-packages/airflow/example_dags/example_params_ui_tutorial.py
[2024-09-12T16:17:48.537+0000] {processor.py:914} INFO - Processing file /home/airflow/.local/lib/python3.12/site-packages/airflow/example_dags/example_params_ui_tutorial.py for tasks to queue
[2024-09-12T16:17:48.540+0000] {logging_mixin.py:190} INFO - [2024-09-12T16:17:48.539+0000] {dagbag.py:587} INFO - Filling up the DagBag from /home/airflow/.local/lib/python3.12/site-packages/airflow/example_dags/example_params_ui_tutorial.py
[2024-09-12T16:17:48.589+0000] {processor.py:925} INFO - DAG(s) 'example_params_ui_tutorial' retrieved from /home/airflow/.local/lib/python3.12/site-packages/airflow/example_dags/example_params_ui_tutorial.py
[2024-09-12T16:17:48.857+0000] {logging_mixin.py:190} INFO - [2024-09-12T16:17:48.856+0000] {dag.py:3211} INFO - Sync 1 DAGs
[2024-09-12T16:17:48.939+0000] {logging_mixin.py:190} INFO - [2024-09-12T16:17:48.939+0000] {dag.py:4138} INFO - Setting next_dagrun for example_params_ui_tutorial to None, run_after=None
[2024-09-12T16:17:49.031+0000] {processor.py:208} INFO - Processing /home/airflow/.local/lib/python3.12/site-packages/airflow/example_dags/example_params_ui_tutorial.py took 0.551 seconds
[2024-09-12T16:18:33.509+0000] {processor.py:186} INFO - Started process (PID=4452) to work on /home/airflow/.local/lib/python3.12/site-packages/airflow/example_dags/example_params_ui_tutorial.py
[2024-09-12T16:18:33.521+0000] {processor.py:914} INFO - Processing file /home/airflow/.local/lib/python3.12/site-packages/airflow/example_dags/example_params_ui_tutorial.py for tasks to queue
[2024-09-12T16:18:33.549+0000] {logging_mixin.py:190} INFO - [2024-09-12T16:18:33.547+0000] {dagbag.py:587} INFO - Filling up the DagBag from /home/airflow/.local/lib/python3.12/site-packages/airflow/example_dags/example_params_ui_tutorial.py
[2024-09-12T16:18:33.641+0000] {processor.py:925} INFO - DAG(s) 'example_params_ui_tutorial' retrieved from /home/airflow/.local/lib/python3.12/site-packages/airflow/example_dags/example_params_ui_tutorial.py
[2024-09-12T16:18:33.838+0000] {logging_mixin.py:190} INFO - [2024-09-12T16:18:33.837+0000] {dag.py:3211} INFO - Sync 1 DAGs
[2024-09-12T16:18:33.901+0000] {logging_mixin.py:190} INFO - [2024-09-12T16:18:33.900+0000] {dag.py:4138} INFO - Setting next_dagrun for example_params_ui_tutorial to None, run_after=None
[2024-09-12T16:18:33.977+0000] {processor.py:208} INFO - Processing /home/airflow/.local/lib/python3.12/site-packages/airflow/example_dags/example_params_ui_tutorial.py took 0.503 seconds
[2024-09-12T16:19:08.075+0000] {processor.py:186} INFO - Started process (PID=4514) to work on /home/airflow/.local/lib/python3.12/site-packages/airflow/example_dags/example_params_ui_tutorial.py
[2024-09-12T16:19:08.081+0000] {processor.py:914} INFO - Processing file /home/airflow/.local/lib/python3.12/site-packages/airflow/example_dags/example_params_ui_tutorial.py for tasks to queue
[2024-09-12T16:19:08.091+0000] {logging_mixin.py:190} INFO - [2024-09-12T16:19:08.090+0000] {dagbag.py:587} INFO - Filling up the DagBag from /home/airflow/.local/lib/python3.12/site-packages/airflow/example_dags/example_params_ui_tutorial.py
[2024-09-12T16:19:08.150+0000] {processor.py:925} INFO - DAG(s) 'example_params_ui_tutorial' retrieved from /home/airflow/.local/lib/python3.12/site-packages/airflow/example_dags/example_params_ui_tutorial.py
[2024-09-12T16:19:08.398+0000] {logging_mixin.py:190} INFO - [2024-09-12T16:19:08.397+0000] {dag.py:3211} INFO - Sync 1 DAGs
[2024-09-12T16:19:08.542+0000] {logging_mixin.py:190} INFO - [2024-09-12T16:19:08.542+0000] {dag.py:4138} INFO - Setting next_dagrun for example_params_ui_tutorial to None, run_after=None
[2024-09-12T16:19:08.667+0000] {processor.py:208} INFO - Processing /home/airflow/.local/lib/python3.12/site-packages/airflow/example_dags/example_params_ui_tutorial.py took 0.637 seconds
[2024-09-12T16:19:40.412+0000] {processor.py:186} INFO - Started process (PID=4582) to work on /home/airflow/.local/lib/python3.12/site-packages/airflow/example_dags/example_params_ui_tutorial.py
[2024-09-12T16:19:40.417+0000] {processor.py:914} INFO - Processing file /home/airflow/.local/lib/python3.12/site-packages/airflow/example_dags/example_params_ui_tutorial.py for tasks to queue
[2024-09-12T16:19:40.430+0000] {logging_mixin.py:190} INFO - [2024-09-12T16:19:40.429+0000] {dagbag.py:587} INFO - Filling up the DagBag from /home/airflow/.local/lib/python3.12/site-packages/airflow/example_dags/example_params_ui_tutorial.py
[2024-09-12T16:19:40.539+0000] {processor.py:925} INFO - DAG(s) 'example_params_ui_tutorial' retrieved from /home/airflow/.local/lib/python3.12/site-packages/airflow/example_dags/example_params_ui_tutorial.py
[2024-09-12T16:19:40.901+0000] {logging_mixin.py:190} INFO - [2024-09-12T16:19:40.901+0000] {dag.py:3211} INFO - Sync 1 DAGs
[2024-09-12T16:19:41.037+0000] {logging_mixin.py:190} INFO - [2024-09-12T16:19:41.024+0000] {dag.py:4138} INFO - Setting next_dagrun for example_params_ui_tutorial to None, run_after=None
[2024-09-12T16:19:41.202+0000] {processor.py:208} INFO - Processing /home/airflow/.local/lib/python3.12/site-packages/airflow/example_dags/example_params_ui_tutorial.py took 0.839 seconds
[2024-09-12T16:20:22.883+0000] {processor.py:186} INFO - Started process (PID=4650) to work on /home/airflow/.local/lib/python3.12/site-packages/airflow/example_dags/example_params_ui_tutorial.py
[2024-09-12T16:20:22.885+0000] {processor.py:914} INFO - Processing file /home/airflow/.local/lib/python3.12/site-packages/airflow/example_dags/example_params_ui_tutorial.py for tasks to queue
[2024-09-12T16:20:22.896+0000] {logging_mixin.py:190} INFO - [2024-09-12T16:20:22.894+0000] {dagbag.py:587} INFO - Filling up the DagBag from /home/airflow/.local/lib/python3.12/site-packages/airflow/example_dags/example_params_ui_tutorial.py
[2024-09-12T16:20:22.996+0000] {processor.py:925} INFO - DAG(s) 'example_params_ui_tutorial' retrieved from /home/airflow/.local/lib/python3.12/site-packages/airflow/example_dags/example_params_ui_tutorial.py
[2024-09-12T16:20:23.730+0000] {logging_mixin.py:190} INFO - [2024-09-12T16:20:23.692+0000] {dag.py:3211} INFO - Sync 1 DAGs
[2024-09-12T16:20:23.877+0000] {logging_mixin.py:190} INFO - [2024-09-12T16:20:23.865+0000] {dag.py:4138} INFO - Setting next_dagrun for example_params_ui_tutorial to None, run_after=None
[2024-09-12T16:20:24.161+0000] {processor.py:208} INFO - Processing /home/airflow/.local/lib/python3.12/site-packages/airflow/example_dags/example_params_ui_tutorial.py took 1.348 seconds
[2024-09-12T16:21:13.968+0000] {processor.py:186} INFO - Started process (PID=4711) to work on /home/airflow/.local/lib/python3.12/site-packages/airflow/example_dags/example_params_ui_tutorial.py
[2024-09-12T16:21:13.985+0000] {processor.py:914} INFO - Processing file /home/airflow/.local/lib/python3.12/site-packages/airflow/example_dags/example_params_ui_tutorial.py for tasks to queue
[2024-09-12T16:21:13.988+0000] {logging_mixin.py:190} INFO - [2024-09-12T16:21:13.987+0000] {dagbag.py:587} INFO - Filling up the DagBag from /home/airflow/.local/lib/python3.12/site-packages/airflow/example_dags/example_params_ui_tutorial.py
[2024-09-12T16:21:14.159+0000] {processor.py:925} INFO - DAG(s) 'example_params_ui_tutorial' retrieved from /home/airflow/.local/lib/python3.12/site-packages/airflow/example_dags/example_params_ui_tutorial.py
[2024-09-12T16:21:14.487+0000] {logging_mixin.py:190} INFO - [2024-09-12T16:21:14.487+0000] {dag.py:3211} INFO - Sync 1 DAGs
[2024-09-12T16:21:14.583+0000] {logging_mixin.py:190} INFO - [2024-09-12T16:21:14.582+0000] {dag.py:4138} INFO - Setting next_dagrun for example_params_ui_tutorial to None, run_after=None
[2024-09-12T16:21:14.693+0000] {processor.py:208} INFO - Processing /home/airflow/.local/lib/python3.12/site-packages/airflow/example_dags/example_params_ui_tutorial.py took 0.818 seconds
[2024-09-12T16:21:59.288+0000] {processor.py:186} INFO - Started process (PID=4737) to work on /home/airflow/.local/lib/python3.12/site-packages/airflow/example_dags/example_params_ui_tutorial.py
[2024-09-12T16:21:59.295+0000] {processor.py:914} INFO - Processing file /home/airflow/.local/lib/python3.12/site-packages/airflow/example_dags/example_params_ui_tutorial.py for tasks to queue
[2024-09-12T16:21:59.310+0000] {logging_mixin.py:190} INFO - [2024-09-12T16:21:59.307+0000] {dagbag.py:587} INFO - Filling up the DagBag from /home/airflow/.local/lib/python3.12/site-packages/airflow/example_dags/example_params_ui_tutorial.py
[2024-09-12T16:21:59.384+0000] {processor.py:925} INFO - DAG(s) 'example_params_ui_tutorial' retrieved from /home/airflow/.local/lib/python3.12/site-packages/airflow/example_dags/example_params_ui_tutorial.py
[2024-09-12T16:22:00.068+0000] {logging_mixin.py:190} INFO - [2024-09-12T16:22:00.067+0000] {dag.py:3211} INFO - Sync 1 DAGs
[2024-09-12T16:22:00.190+0000] {logging_mixin.py:190} INFO - [2024-09-12T16:22:00.174+0000] {dag.py:4138} INFO - Setting next_dagrun for example_params_ui_tutorial to None, run_after=None
[2024-09-12T16:22:00.493+0000] {processor.py:208} INFO - Processing /home/airflow/.local/lib/python3.12/site-packages/airflow/example_dags/example_params_ui_tutorial.py took 1.269 seconds
[2024-09-12T16:22:35.160+0000] {processor.py:186} INFO - Started process (PID=4802) to work on /home/airflow/.local/lib/python3.12/site-packages/airflow/example_dags/example_params_ui_tutorial.py
[2024-09-12T16:22:35.166+0000] {processor.py:914} INFO - Processing file /home/airflow/.local/lib/python3.12/site-packages/airflow/example_dags/example_params_ui_tutorial.py for tasks to queue
[2024-09-12T16:22:35.184+0000] {logging_mixin.py:190} INFO - [2024-09-12T16:22:35.178+0000] {dagbag.py:587} INFO - Filling up the DagBag from /home/airflow/.local/lib/python3.12/site-packages/airflow/example_dags/example_params_ui_tutorial.py
[2024-09-12T16:22:35.394+0000] {processor.py:925} INFO - DAG(s) 'example_params_ui_tutorial' retrieved from /home/airflow/.local/lib/python3.12/site-packages/airflow/example_dags/example_params_ui_tutorial.py
[2024-09-12T16:22:36.052+0000] {logging_mixin.py:190} INFO - [2024-09-12T16:22:36.052+0000] {dag.py:3211} INFO - Sync 1 DAGs
[2024-09-12T16:22:36.137+0000] {logging_mixin.py:190} INFO - [2024-09-12T16:22:36.136+0000] {dag.py:4138} INFO - Setting next_dagrun for example_params_ui_tutorial to None, run_after=None
[2024-09-12T16:22:36.326+0000] {processor.py:208} INFO - Processing /home/airflow/.local/lib/python3.12/site-packages/airflow/example_dags/example_params_ui_tutorial.py took 1.238 seconds
[2024-09-12T16:23:15.495+0000] {processor.py:186} INFO - Started process (PID=4863) to work on /home/airflow/.local/lib/python3.12/site-packages/airflow/example_dags/example_params_ui_tutorial.py
[2024-09-12T16:23:15.653+0000] {processor.py:914} INFO - Processing file /home/airflow/.local/lib/python3.12/site-packages/airflow/example_dags/example_params_ui_tutorial.py for tasks to queue
[2024-09-12T16:23:15.685+0000] {logging_mixin.py:190} INFO - [2024-09-12T16:23:15.684+0000] {dagbag.py:587} INFO - Filling up the DagBag from /home/airflow/.local/lib/python3.12/site-packages/airflow/example_dags/example_params_ui_tutorial.py
[2024-09-12T16:23:15.862+0000] {processor.py:925} INFO - DAG(s) 'example_params_ui_tutorial' retrieved from /home/airflow/.local/lib/python3.12/site-packages/airflow/example_dags/example_params_ui_tutorial.py
[2024-09-12T16:23:16.571+0000] {logging_mixin.py:190} INFO - [2024-09-12T16:23:16.560+0000] {dag.py:3211} INFO - Sync 1 DAGs
[2024-09-12T16:23:16.762+0000] {logging_mixin.py:190} INFO - [2024-09-12T16:23:16.762+0000] {dag.py:4138} INFO - Setting next_dagrun for example_params_ui_tutorial to None, run_after=None
[2024-09-12T16:23:17.205+0000] {processor.py:208} INFO - Processing /home/airflow/.local/lib/python3.12/site-packages/airflow/example_dags/example_params_ui_tutorial.py took 1.920 seconds
