[2024-09-12T14:58:52.153+0000] {processor.py:186} INFO - Started process (PID=108) to work on /home/airflow/.local/lib/python3.12/site-packages/airflow/example_dags/example_inlet_event_extra.py
[2024-09-12T14:58:52.169+0000] {processor.py:914} INFO - Processing file /home/airflow/.local/lib/python3.12/site-packages/airflow/example_dags/example_inlet_event_extra.py for tasks to queue
[2024-09-12T14:58:52.218+0000] {logging_mixin.py:190} INFO - [2024-09-12T14:58:52.217+0000] {dagbag.py:587} INFO - Filling up the DagBag from /home/airflow/.local/lib/python3.12/site-packages/airflow/example_dags/example_inlet_event_extra.py
[2024-09-12T14:58:54.012+0000] {processor.py:925} INFO - DAG(s) 'read_dataset_event_from_classic', 'read_dataset_event' retrieved from /home/airflow/.local/lib/python3.12/site-packages/airflow/example_dags/example_inlet_event_extra.py
[2024-09-12T14:58:54.222+0000] {logging_mixin.py:190} INFO - [2024-09-12T14:58:54.222+0000] {dag.py:3211} INFO - Sync 2 DAGs
[2024-09-12T14:58:54.438+0000] {logging_mixin.py:190} INFO - [2024-09-12T14:58:54.438+0000] {dag.py:4138} INFO - Setting next_dagrun for read_dataset_event to 2024-09-11 00:00:00+00:00, run_after=2024-09-12 00:00:00+00:00
[2024-09-12T14:58:54.463+0000] {logging_mixin.py:190} INFO - [2024-09-12T14:58:54.463+0000] {dag.py:4138} INFO - Setting next_dagrun for read_dataset_event_from_classic to 2024-09-11 00:00:00+00:00, run_after=2024-09-12 00:00:00+00:00
[2024-09-12T14:58:54.596+0000] {processor.py:208} INFO - Processing /home/airflow/.local/lib/python3.12/site-packages/airflow/example_dags/example_inlet_event_extra.py took 2.494 seconds
[2024-09-12T14:59:48.837+0000] {processor.py:186} INFO - Started process (PID=178) to work on /home/airflow/.local/lib/python3.12/site-packages/airflow/example_dags/example_inlet_event_extra.py
[2024-09-12T14:59:48.852+0000] {processor.py:914} INFO - Processing file /home/airflow/.local/lib/python3.12/site-packages/airflow/example_dags/example_inlet_event_extra.py for tasks to queue
[2024-09-12T14:59:48.869+0000] {logging_mixin.py:190} INFO - [2024-09-12T14:59:48.868+0000] {dagbag.py:587} INFO - Filling up the DagBag from /home/airflow/.local/lib/python3.12/site-packages/airflow/example_dags/example_inlet_event_extra.py
[2024-09-12T14:59:50.709+0000] {processor.py:925} INFO - DAG(s) 'read_dataset_event_from_classic', 'read_dataset_event' retrieved from /home/airflow/.local/lib/python3.12/site-packages/airflow/example_dags/example_inlet_event_extra.py
[2024-09-12T14:59:51.155+0000] {logging_mixin.py:190} INFO - [2024-09-12T14:59:51.154+0000] {dag.py:3211} INFO - Sync 2 DAGs
[2024-09-12T14:59:51.485+0000] {logging_mixin.py:190} INFO - [2024-09-12T14:59:51.485+0000] {dag.py:4138} INFO - Setting next_dagrun for read_dataset_event to 2024-09-11 00:00:00+00:00, run_after=2024-09-12 00:00:00+00:00
[2024-09-12T14:59:51.548+0000] {logging_mixin.py:190} INFO - [2024-09-12T14:59:51.548+0000] {dag.py:4138} INFO - Setting next_dagrun for read_dataset_event_from_classic to 2024-09-11 00:00:00+00:00, run_after=2024-09-12 00:00:00+00:00
[2024-09-12T14:59:51.842+0000] {processor.py:208} INFO - Processing /home/airflow/.local/lib/python3.12/site-packages/airflow/example_dags/example_inlet_event_extra.py took 3.069 seconds
[2024-09-12T15:00:51.580+0000] {processor.py:186} INFO - Started process (PID=254) to work on /home/airflow/.local/lib/python3.12/site-packages/airflow/example_dags/example_inlet_event_extra.py
[2024-09-12T15:00:51.603+0000] {processor.py:914} INFO - Processing file /home/airflow/.local/lib/python3.12/site-packages/airflow/example_dags/example_inlet_event_extra.py for tasks to queue
[2024-09-12T15:00:51.616+0000] {logging_mixin.py:190} INFO - [2024-09-12T15:00:51.615+0000] {dagbag.py:587} INFO - Filling up the DagBag from /home/airflow/.local/lib/python3.12/site-packages/airflow/example_dags/example_inlet_event_extra.py
[2024-09-12T15:00:54.221+0000] {processor.py:925} INFO - DAG(s) 'read_dataset_event_from_classic', 'read_dataset_event' retrieved from /home/airflow/.local/lib/python3.12/site-packages/airflow/example_dags/example_inlet_event_extra.py
[2024-09-12T15:00:54.672+0000] {logging_mixin.py:190} INFO - [2024-09-12T15:00:54.672+0000] {dag.py:3211} INFO - Sync 2 DAGs
[2024-09-12T15:00:54.973+0000] {logging_mixin.py:190} INFO - [2024-09-12T15:00:54.973+0000] {dag.py:4138} INFO - Setting next_dagrun for read_dataset_event to 2024-09-11 00:00:00+00:00, run_after=2024-09-12 00:00:00+00:00
[2024-09-12T15:00:55.118+0000] {logging_mixin.py:190} INFO - [2024-09-12T15:00:55.118+0000] {dag.py:4138} INFO - Setting next_dagrun for read_dataset_event_from_classic to 2024-09-11 00:00:00+00:00, run_after=2024-09-12 00:00:00+00:00
[2024-09-12T15:00:55.429+0000] {processor.py:208} INFO - Processing /home/airflow/.local/lib/python3.12/site-packages/airflow/example_dags/example_inlet_event_extra.py took 3.974 seconds
[2024-09-12T15:02:06.690+0000] {processor.py:186} INFO - Started process (PID=326) to work on /home/airflow/.local/lib/python3.12/site-packages/airflow/example_dags/example_inlet_event_extra.py
[2024-09-12T15:02:06.706+0000] {processor.py:914} INFO - Processing file /home/airflow/.local/lib/python3.12/site-packages/airflow/example_dags/example_inlet_event_extra.py for tasks to queue
[2024-09-12T15:02:06.756+0000] {logging_mixin.py:190} INFO - [2024-09-12T15:02:06.755+0000] {dagbag.py:587} INFO - Filling up the DagBag from /home/airflow/.local/lib/python3.12/site-packages/airflow/example_dags/example_inlet_event_extra.py
[2024-09-12T15:02:09.944+0000] {processor.py:925} INFO - DAG(s) 'read_dataset_event_from_classic', 'read_dataset_event' retrieved from /home/airflow/.local/lib/python3.12/site-packages/airflow/example_dags/example_inlet_event_extra.py
[2024-09-12T15:02:10.230+0000] {logging_mixin.py:190} INFO - [2024-09-12T15:02:10.230+0000] {dag.py:3211} INFO - Sync 2 DAGs
[2024-09-12T15:02:10.842+0000] {logging_mixin.py:190} INFO - [2024-09-12T15:02:10.814+0000] {dag.py:4138} INFO - Setting next_dagrun for read_dataset_event to 2024-09-11 00:00:00+00:00, run_after=2024-09-12 00:00:00+00:00
[2024-09-12T15:02:10.940+0000] {logging_mixin.py:190} INFO - [2024-09-12T15:02:10.940+0000] {dag.py:4138} INFO - Setting next_dagrun for read_dataset_event_from_classic to 2024-09-11 00:00:00+00:00, run_after=2024-09-12 00:00:00+00:00
[2024-09-12T15:02:11.381+0000] {processor.py:208} INFO - Processing /home/airflow/.local/lib/python3.12/site-packages/airflow/example_dags/example_inlet_event_extra.py took 4.755 seconds
[2024-09-12T15:04:12.621+0000] {processor.py:186} INFO - Started process (PID=423) to work on /home/airflow/.local/lib/python3.12/site-packages/airflow/example_dags/example_inlet_event_extra.py
[2024-09-12T15:04:12.627+0000] {processor.py:914} INFO - Processing file /home/airflow/.local/lib/python3.12/site-packages/airflow/example_dags/example_inlet_event_extra.py for tasks to queue
[2024-09-12T15:04:12.664+0000] {logging_mixin.py:190} INFO - [2024-09-12T15:04:12.661+0000] {dagbag.py:587} INFO - Filling up the DagBag from /home/airflow/.local/lib/python3.12/site-packages/airflow/example_dags/example_inlet_event_extra.py
[2024-09-12T15:04:14.432+0000] {processor.py:925} INFO - DAG(s) 'read_dataset_event_from_classic', 'read_dataset_event' retrieved from /home/airflow/.local/lib/python3.12/site-packages/airflow/example_dags/example_inlet_event_extra.py
[2024-09-12T15:04:14.610+0000] {logging_mixin.py:190} INFO - [2024-09-12T15:04:14.609+0000] {dag.py:3211} INFO - Sync 2 DAGs
[2024-09-12T15:04:14.896+0000] {logging_mixin.py:190} INFO - [2024-09-12T15:04:14.895+0000] {dag.py:4138} INFO - Setting next_dagrun for read_dataset_event to 2024-09-11 00:00:00+00:00, run_after=2024-09-12 00:00:00+00:00
[2024-09-12T15:04:14.942+0000] {logging_mixin.py:190} INFO - [2024-09-12T15:04:14.932+0000] {dag.py:4138} INFO - Setting next_dagrun for read_dataset_event_from_classic to 2024-09-11 00:00:00+00:00, run_after=2024-09-12 00:00:00+00:00
[2024-09-12T15:04:15.149+0000] {processor.py:208} INFO - Processing /home/airflow/.local/lib/python3.12/site-packages/airflow/example_dags/example_inlet_event_extra.py took 2.567 seconds
[2024-09-12T15:05:08.177+0000] {processor.py:186} INFO - Started process (PID=495) to work on /home/airflow/.local/lib/python3.12/site-packages/airflow/example_dags/example_inlet_event_extra.py
[2024-09-12T15:05:08.193+0000] {processor.py:914} INFO - Processing file /home/airflow/.local/lib/python3.12/site-packages/airflow/example_dags/example_inlet_event_extra.py for tasks to queue
[2024-09-12T15:05:08.242+0000] {logging_mixin.py:190} INFO - [2024-09-12T15:05:08.214+0000] {dagbag.py:587} INFO - Filling up the DagBag from /home/airflow/.local/lib/python3.12/site-packages/airflow/example_dags/example_inlet_event_extra.py
[2024-09-12T15:05:10.226+0000] {processor.py:925} INFO - DAG(s) 'read_dataset_event', 'read_dataset_event_from_classic' retrieved from /home/airflow/.local/lib/python3.12/site-packages/airflow/example_dags/example_inlet_event_extra.py
[2024-09-12T15:05:10.593+0000] {logging_mixin.py:190} INFO - [2024-09-12T15:05:10.578+0000] {dag.py:3211} INFO - Sync 2 DAGs
[2024-09-12T15:05:11.456+0000] {logging_mixin.py:190} INFO - [2024-09-12T15:05:11.433+0000] {dag.py:4138} INFO - Setting next_dagrun for read_dataset_event to 2024-09-11 00:00:00+00:00, run_after=2024-09-12 00:00:00+00:00
[2024-09-12T15:05:11.595+0000] {logging_mixin.py:190} INFO - [2024-09-12T15:05:11.594+0000] {dag.py:4138} INFO - Setting next_dagrun for read_dataset_event_from_classic to 2024-09-11 00:00:00+00:00, run_after=2024-09-12 00:00:00+00:00
[2024-09-12T15:05:11.910+0000] {processor.py:208} INFO - Processing /home/airflow/.local/lib/python3.12/site-packages/airflow/example_dags/example_inlet_event_extra.py took 3.783 seconds
[2024-09-12T15:06:18.156+0000] {processor.py:186} INFO - Started process (PID=569) to work on /home/airflow/.local/lib/python3.12/site-packages/airflow/example_dags/example_inlet_event_extra.py
[2024-09-12T15:06:18.212+0000] {processor.py:914} INFO - Processing file /home/airflow/.local/lib/python3.12/site-packages/airflow/example_dags/example_inlet_event_extra.py for tasks to queue
[2024-09-12T15:06:18.229+0000] {logging_mixin.py:190} INFO - [2024-09-12T15:06:18.228+0000] {dagbag.py:587} INFO - Filling up the DagBag from /home/airflow/.local/lib/python3.12/site-packages/airflow/example_dags/example_inlet_event_extra.py
[2024-09-12T15:06:19.646+0000] {processor.py:925} INFO - DAG(s) 'read_dataset_event_from_classic', 'read_dataset_event' retrieved from /home/airflow/.local/lib/python3.12/site-packages/airflow/example_dags/example_inlet_event_extra.py
[2024-09-12T15:06:19.909+0000] {logging_mixin.py:190} INFO - [2024-09-12T15:06:19.909+0000] {dag.py:3211} INFO - Sync 2 DAGs
[2024-09-12T15:06:20.138+0000] {logging_mixin.py:190} INFO - [2024-09-12T15:06:20.137+0000] {dag.py:4138} INFO - Setting next_dagrun for read_dataset_event to 2024-09-11 00:00:00+00:00, run_after=2024-09-12 00:00:00+00:00
[2024-09-12T15:06:20.168+0000] {logging_mixin.py:190} INFO - [2024-09-12T15:06:20.168+0000] {dag.py:4138} INFO - Setting next_dagrun for read_dataset_event_from_classic to 2024-09-11 00:00:00+00:00, run_after=2024-09-12 00:00:00+00:00
[2024-09-12T15:06:20.324+0000] {processor.py:208} INFO - Processing /home/airflow/.local/lib/python3.12/site-packages/airflow/example_dags/example_inlet_event_extra.py took 2.256 seconds
[2024-09-12T15:07:08.005+0000] {processor.py:186} INFO - Started process (PID=631) to work on /home/airflow/.local/lib/python3.12/site-packages/airflow/example_dags/example_inlet_event_extra.py
[2024-09-12T15:07:08.103+0000] {processor.py:914} INFO - Processing file /home/airflow/.local/lib/python3.12/site-packages/airflow/example_dags/example_inlet_event_extra.py for tasks to queue
[2024-09-12T15:07:08.162+0000] {logging_mixin.py:190} INFO - [2024-09-12T15:07:08.129+0000] {dagbag.py:587} INFO - Filling up the DagBag from /home/airflow/.local/lib/python3.12/site-packages/airflow/example_dags/example_inlet_event_extra.py
[2024-09-12T15:07:11.219+0000] {processor.py:925} INFO - DAG(s) 'read_dataset_event', 'read_dataset_event_from_classic' retrieved from /home/airflow/.local/lib/python3.12/site-packages/airflow/example_dags/example_inlet_event_extra.py
[2024-09-12T15:07:11.520+0000] {logging_mixin.py:190} INFO - [2024-09-12T15:07:11.520+0000] {dag.py:3211} INFO - Sync 2 DAGs
[2024-09-12T15:07:12.035+0000] {logging_mixin.py:190} INFO - [2024-09-12T15:07:12.035+0000] {dag.py:4138} INFO - Setting next_dagrun for read_dataset_event to 2024-09-11 00:00:00+00:00, run_after=2024-09-12 00:00:00+00:00
[2024-09-12T15:07:12.098+0000] {logging_mixin.py:190} INFO - [2024-09-12T15:07:12.098+0000] {dag.py:4138} INFO - Setting next_dagrun for read_dataset_event_from_classic to 2024-09-11 00:00:00+00:00, run_after=2024-09-12 00:00:00+00:00
[2024-09-12T15:07:12.521+0000] {processor.py:208} INFO - Processing /home/airflow/.local/lib/python3.12/site-packages/airflow/example_dags/example_inlet_event_extra.py took 4.853 seconds
[2024-09-12T15:08:33.255+0000] {processor.py:186} INFO - Started process (PID=720) to work on /home/airflow/.local/lib/python3.12/site-packages/airflow/example_dags/example_inlet_event_extra.py
[2024-09-12T15:08:33.301+0000] {processor.py:914} INFO - Processing file /home/airflow/.local/lib/python3.12/site-packages/airflow/example_dags/example_inlet_event_extra.py for tasks to queue
[2024-09-12T15:08:33.319+0000] {logging_mixin.py:190} INFO - [2024-09-12T15:08:33.318+0000] {dagbag.py:587} INFO - Filling up the DagBag from /home/airflow/.local/lib/python3.12/site-packages/airflow/example_dags/example_inlet_event_extra.py
[2024-09-12T15:08:37.282+0000] {processor.py:925} INFO - DAG(s) 'read_dataset_event', 'read_dataset_event_from_classic' retrieved from /home/airflow/.local/lib/python3.12/site-packages/airflow/example_dags/example_inlet_event_extra.py
[2024-09-12T15:08:37.912+0000] {logging_mixin.py:190} INFO - [2024-09-12T15:08:37.911+0000] {dag.py:3211} INFO - Sync 2 DAGs
[2024-09-12T15:08:38.456+0000] {logging_mixin.py:190} INFO - [2024-09-12T15:08:38.456+0000] {dag.py:4138} INFO - Setting next_dagrun for read_dataset_event to 2024-09-11 00:00:00+00:00, run_after=2024-09-12 00:00:00+00:00
[2024-09-12T15:08:38.567+0000] {logging_mixin.py:190} INFO - [2024-09-12T15:08:38.567+0000] {dag.py:4138} INFO - Setting next_dagrun for read_dataset_event_from_classic to 2024-09-11 00:00:00+00:00, run_after=2024-09-12 00:00:00+00:00
[2024-09-12T15:08:38.868+0000] {processor.py:208} INFO - Processing /home/airflow/.local/lib/python3.12/site-packages/airflow/example_dags/example_inlet_event_extra.py took 5.726 seconds
[2024-09-12T15:09:53.599+0000] {processor.py:186} INFO - Started process (PID=799) to work on /home/airflow/.local/lib/python3.12/site-packages/airflow/example_dags/example_inlet_event_extra.py
[2024-09-12T15:09:53.603+0000] {processor.py:914} INFO - Processing file /home/airflow/.local/lib/python3.12/site-packages/airflow/example_dags/example_inlet_event_extra.py for tasks to queue
[2024-09-12T15:09:53.689+0000] {logging_mixin.py:190} INFO - [2024-09-12T15:09:53.688+0000] {dagbag.py:587} INFO - Filling up the DagBag from /home/airflow/.local/lib/python3.12/site-packages/airflow/example_dags/example_inlet_event_extra.py
[2024-09-12T15:09:56.759+0000] {processor.py:925} INFO - DAG(s) 'read_dataset_event', 'read_dataset_event_from_classic' retrieved from /home/airflow/.local/lib/python3.12/site-packages/airflow/example_dags/example_inlet_event_extra.py
[2024-09-12T15:09:56.979+0000] {logging_mixin.py:190} INFO - [2024-09-12T15:09:56.978+0000] {dag.py:3211} INFO - Sync 2 DAGs
[2024-09-12T15:09:57.314+0000] {logging_mixin.py:190} INFO - [2024-09-12T15:09:57.313+0000] {dag.py:4138} INFO - Setting next_dagrun for read_dataset_event to 2024-09-11 00:00:00+00:00, run_after=2024-09-12 00:00:00+00:00
[2024-09-12T15:09:57.384+0000] {logging_mixin.py:190} INFO - [2024-09-12T15:09:57.384+0000] {dag.py:4138} INFO - Setting next_dagrun for read_dataset_event_from_classic to 2024-09-11 00:00:00+00:00, run_after=2024-09-12 00:00:00+00:00
[2024-09-12T15:09:57.645+0000] {processor.py:208} INFO - Processing /home/airflow/.local/lib/python3.12/site-packages/airflow/example_dags/example_inlet_event_extra.py took 4.136 seconds
[2024-09-12T15:10:51.383+0000] {processor.py:186} INFO - Started process (PID=865) to work on /home/airflow/.local/lib/python3.12/site-packages/airflow/example_dags/example_inlet_event_extra.py
[2024-09-12T15:10:51.400+0000] {processor.py:914} INFO - Processing file /home/airflow/.local/lib/python3.12/site-packages/airflow/example_dags/example_inlet_event_extra.py for tasks to queue
[2024-09-12T15:10:51.407+0000] {logging_mixin.py:190} INFO - [2024-09-12T15:10:51.405+0000] {dagbag.py:587} INFO - Filling up the DagBag from /home/airflow/.local/lib/python3.12/site-packages/airflow/example_dags/example_inlet_event_extra.py
[2024-09-12T15:10:53.218+0000] {processor.py:925} INFO - DAG(s) 'read_dataset_event_from_classic', 'read_dataset_event' retrieved from /home/airflow/.local/lib/python3.12/site-packages/airflow/example_dags/example_inlet_event_extra.py
[2024-09-12T15:10:53.373+0000] {logging_mixin.py:190} INFO - [2024-09-12T15:10:53.373+0000] {dag.py:3211} INFO - Sync 2 DAGs
[2024-09-12T15:10:53.492+0000] {logging_mixin.py:190} INFO - [2024-09-12T15:10:53.491+0000] {dag.py:4138} INFO - Setting next_dagrun for read_dataset_event to 2024-09-11 00:00:00+00:00, run_after=2024-09-12 00:00:00+00:00
[2024-09-12T15:10:53.546+0000] {logging_mixin.py:190} INFO - [2024-09-12T15:10:53.546+0000] {dag.py:4138} INFO - Setting next_dagrun for read_dataset_event_from_classic to 2024-09-11 00:00:00+00:00, run_after=2024-09-12 00:00:00+00:00
[2024-09-12T15:10:53.832+0000] {processor.py:208} INFO - Processing /home/airflow/.local/lib/python3.12/site-packages/airflow/example_dags/example_inlet_event_extra.py took 2.497 seconds
[2024-09-12T15:11:41.126+0000] {processor.py:186} INFO - Started process (PID=938) to work on /home/airflow/.local/lib/python3.12/site-packages/airflow/example_dags/example_inlet_event_extra.py
[2024-09-12T15:11:41.153+0000] {processor.py:914} INFO - Processing file /home/airflow/.local/lib/python3.12/site-packages/airflow/example_dags/example_inlet_event_extra.py for tasks to queue
[2024-09-12T15:11:41.160+0000] {logging_mixin.py:190} INFO - [2024-09-12T15:11:41.159+0000] {dagbag.py:587} INFO - Filling up the DagBag from /home/airflow/.local/lib/python3.12/site-packages/airflow/example_dags/example_inlet_event_extra.py
[2024-09-12T15:11:47.784+0000] {logging_mixin.py:190} INFO - [2024-09-12T15:11:47.784+0000] {process_utils.py:266} INFO - Waiting up to 5 seconds for processes to exit...
[2024-09-12T15:15:16.012+0000] {processor.py:186} INFO - Started process (PID=105) to work on /home/airflow/.local/lib/python3.12/site-packages/airflow/example_dags/example_inlet_event_extra.py
[2024-09-12T15:15:16.044+0000] {processor.py:914} INFO - Processing file /home/airflow/.local/lib/python3.12/site-packages/airflow/example_dags/example_inlet_event_extra.py for tasks to queue
[2024-09-12T15:15:16.083+0000] {logging_mixin.py:190} INFO - [2024-09-12T15:15:16.082+0000] {dagbag.py:587} INFO - Filling up the DagBag from /home/airflow/.local/lib/python3.12/site-packages/airflow/example_dags/example_inlet_event_extra.py
[2024-09-12T15:15:17.983+0000] {processor.py:925} INFO - DAG(s) 'read_dataset_event_from_classic', 'read_dataset_event' retrieved from /home/airflow/.local/lib/python3.12/site-packages/airflow/example_dags/example_inlet_event_extra.py
[2024-09-12T15:15:18.270+0000] {logging_mixin.py:190} INFO - [2024-09-12T15:15:18.270+0000] {dag.py:3211} INFO - Sync 2 DAGs
[2024-09-12T15:15:18.727+0000] {logging_mixin.py:190} INFO - [2024-09-12T15:15:18.727+0000] {dag.py:4138} INFO - Setting next_dagrun for read_dataset_event to 2024-09-11 00:00:00+00:00, run_after=2024-09-12 00:00:00+00:00
[2024-09-12T15:15:18.826+0000] {logging_mixin.py:190} INFO - [2024-09-12T15:15:18.826+0000] {dag.py:4138} INFO - Setting next_dagrun for read_dataset_event_from_classic to 2024-09-11 00:00:00+00:00, run_after=2024-09-12 00:00:00+00:00
[2024-09-12T15:15:19.212+0000] {processor.py:208} INFO - Processing /home/airflow/.local/lib/python3.12/site-packages/airflow/example_dags/example_inlet_event_extra.py took 3.293 seconds
[2024-09-12T15:16:14.300+0000] {processor.py:186} INFO - Started process (PID=176) to work on /home/airflow/.local/lib/python3.12/site-packages/airflow/example_dags/example_inlet_event_extra.py
[2024-09-12T15:16:14.308+0000] {processor.py:914} INFO - Processing file /home/airflow/.local/lib/python3.12/site-packages/airflow/example_dags/example_inlet_event_extra.py for tasks to queue
[2024-09-12T15:16:14.358+0000] {logging_mixin.py:190} INFO - [2024-09-12T15:16:14.357+0000] {dagbag.py:587} INFO - Filling up the DagBag from /home/airflow/.local/lib/python3.12/site-packages/airflow/example_dags/example_inlet_event_extra.py
[2024-09-12T15:16:16.050+0000] {processor.py:925} INFO - DAG(s) 'read_dataset_event', 'read_dataset_event_from_classic' retrieved from /home/airflow/.local/lib/python3.12/site-packages/airflow/example_dags/example_inlet_event_extra.py
[2024-09-12T15:16:16.370+0000] {logging_mixin.py:190} INFO - [2024-09-12T15:16:16.370+0000] {dag.py:3211} INFO - Sync 2 DAGs
[2024-09-12T15:16:16.788+0000] {logging_mixin.py:190} INFO - [2024-09-12T15:16:16.788+0000] {dag.py:4138} INFO - Setting next_dagrun for read_dataset_event to 2024-09-11 00:00:00+00:00, run_after=2024-09-12 00:00:00+00:00
[2024-09-12T15:16:16.945+0000] {logging_mixin.py:190} INFO - [2024-09-12T15:16:16.945+0000] {dag.py:4138} INFO - Setting next_dagrun for read_dataset_event_from_classic to 2024-09-11 00:00:00+00:00, run_after=2024-09-12 00:00:00+00:00
[2024-09-12T15:16:17.229+0000] {processor.py:208} INFO - Processing /home/airflow/.local/lib/python3.12/site-packages/airflow/example_dags/example_inlet_event_extra.py took 2.979 seconds
[2024-09-12T15:17:37.296+0000] {processor.py:186} INFO - Started process (PID=265) to work on /home/airflow/.local/lib/python3.12/site-packages/airflow/example_dags/example_inlet_event_extra.py
[2024-09-12T15:17:37.315+0000] {processor.py:914} INFO - Processing file /home/airflow/.local/lib/python3.12/site-packages/airflow/example_dags/example_inlet_event_extra.py for tasks to queue
[2024-09-12T15:17:37.349+0000] {logging_mixin.py:190} INFO - [2024-09-12T15:17:37.348+0000] {dagbag.py:587} INFO - Filling up the DagBag from /home/airflow/.local/lib/python3.12/site-packages/airflow/example_dags/example_inlet_event_extra.py
[2024-09-12T15:17:38.980+0000] {processor.py:925} INFO - DAG(s) 'read_dataset_event', 'read_dataset_event_from_classic' retrieved from /home/airflow/.local/lib/python3.12/site-packages/airflow/example_dags/example_inlet_event_extra.py
[2024-09-12T15:17:39.423+0000] {logging_mixin.py:190} INFO - [2024-09-12T15:17:39.423+0000] {dag.py:3211} INFO - Sync 2 DAGs
[2024-09-12T15:17:39.805+0000] {logging_mixin.py:190} INFO - [2024-09-12T15:17:39.797+0000] {dag.py:4138} INFO - Setting next_dagrun for read_dataset_event to 2024-09-11 00:00:00+00:00, run_after=2024-09-12 00:00:00+00:00
[2024-09-12T15:17:39.899+0000] {logging_mixin.py:190} INFO - [2024-09-12T15:17:39.898+0000] {dag.py:4138} INFO - Setting next_dagrun for read_dataset_event_from_classic to 2024-09-11 00:00:00+00:00, run_after=2024-09-12 00:00:00+00:00
[2024-09-12T15:17:40.134+0000] {processor.py:208} INFO - Processing /home/airflow/.local/lib/python3.12/site-packages/airflow/example_dags/example_inlet_event_extra.py took 3.009 seconds
[2024-09-12T15:18:26.013+0000] {processor.py:186} INFO - Started process (PID=330) to work on /home/airflow/.local/lib/python3.12/site-packages/airflow/example_dags/example_inlet_event_extra.py
[2024-09-12T15:18:26.015+0000] {processor.py:914} INFO - Processing file /home/airflow/.local/lib/python3.12/site-packages/airflow/example_dags/example_inlet_event_extra.py for tasks to queue
[2024-09-12T15:18:26.024+0000] {logging_mixin.py:190} INFO - [2024-09-12T15:18:26.023+0000] {dagbag.py:587} INFO - Filling up the DagBag from /home/airflow/.local/lib/python3.12/site-packages/airflow/example_dags/example_inlet_event_extra.py
[2024-09-12T15:18:27.729+0000] {processor.py:925} INFO - DAG(s) 'read_dataset_event_from_classic', 'read_dataset_event' retrieved from /home/airflow/.local/lib/python3.12/site-packages/airflow/example_dags/example_inlet_event_extra.py
[2024-09-12T15:18:27.924+0000] {logging_mixin.py:190} INFO - [2024-09-12T15:18:27.923+0000] {dag.py:3211} INFO - Sync 2 DAGs
[2024-09-12T15:18:28.220+0000] {logging_mixin.py:190} INFO - [2024-09-12T15:18:28.219+0000] {dag.py:4138} INFO - Setting next_dagrun for read_dataset_event to 2024-09-11 00:00:00+00:00, run_after=2024-09-12 00:00:00+00:00
[2024-09-12T15:18:28.296+0000] {logging_mixin.py:190} INFO - [2024-09-12T15:18:28.296+0000] {dag.py:4138} INFO - Setting next_dagrun for read_dataset_event_from_classic to 2024-09-11 00:00:00+00:00, run_after=2024-09-12 00:00:00+00:00
[2024-09-12T15:18:28.475+0000] {processor.py:208} INFO - Processing /home/airflow/.local/lib/python3.12/site-packages/airflow/example_dags/example_inlet_event_extra.py took 2.487 seconds
[2024-09-12T15:19:31.642+0000] {processor.py:186} INFO - Started process (PID=400) to work on /home/airflow/.local/lib/python3.12/site-packages/airflow/example_dags/example_inlet_event_extra.py
[2024-09-12T15:19:31.648+0000] {processor.py:914} INFO - Processing file /home/airflow/.local/lib/python3.12/site-packages/airflow/example_dags/example_inlet_event_extra.py for tasks to queue
[2024-09-12T15:19:31.664+0000] {logging_mixin.py:190} INFO - [2024-09-12T15:19:31.664+0000] {dagbag.py:587} INFO - Filling up the DagBag from /home/airflow/.local/lib/python3.12/site-packages/airflow/example_dags/example_inlet_event_extra.py
[2024-09-12T15:19:32.974+0000] {processor.py:925} INFO - DAG(s) 'read_dataset_event_from_classic', 'read_dataset_event' retrieved from /home/airflow/.local/lib/python3.12/site-packages/airflow/example_dags/example_inlet_event_extra.py
[2024-09-12T15:19:33.286+0000] {logging_mixin.py:190} INFO - [2024-09-12T15:19:33.286+0000] {dag.py:3211} INFO - Sync 2 DAGs
[2024-09-12T15:19:33.538+0000] {logging_mixin.py:190} INFO - [2024-09-12T15:19:33.538+0000] {dag.py:4138} INFO - Setting next_dagrun for read_dataset_event to 2024-09-11 00:00:00+00:00, run_after=2024-09-12 00:00:00+00:00
[2024-09-12T15:19:33.618+0000] {logging_mixin.py:190} INFO - [2024-09-12T15:19:33.618+0000] {dag.py:4138} INFO - Setting next_dagrun for read_dataset_event_from_classic to 2024-09-11 00:00:00+00:00, run_after=2024-09-12 00:00:00+00:00
[2024-09-12T15:19:33.801+0000] {processor.py:208} INFO - Processing /home/airflow/.local/lib/python3.12/site-packages/airflow/example_dags/example_inlet_event_extra.py took 2.194 seconds
[2024-09-12T15:20:28.586+0000] {processor.py:186} INFO - Started process (PID=480) to work on /home/airflow/.local/lib/python3.12/site-packages/airflow/example_dags/example_inlet_event_extra.py
[2024-09-12T15:20:28.634+0000] {processor.py:914} INFO - Processing file /home/airflow/.local/lib/python3.12/site-packages/airflow/example_dags/example_inlet_event_extra.py for tasks to queue
[2024-09-12T15:20:28.730+0000] {logging_mixin.py:190} INFO - [2024-09-12T15:20:28.729+0000] {dagbag.py:587} INFO - Filling up the DagBag from /home/airflow/.local/lib/python3.12/site-packages/airflow/example_dags/example_inlet_event_extra.py
[2024-09-12T15:20:33.403+0000] {processor.py:925} INFO - DAG(s) 'read_dataset_event_from_classic', 'read_dataset_event' retrieved from /home/airflow/.local/lib/python3.12/site-packages/airflow/example_dags/example_inlet_event_extra.py
[2024-09-12T15:20:33.682+0000] {logging_mixin.py:190} INFO - [2024-09-12T15:20:33.670+0000] {dag.py:3211} INFO - Sync 2 DAGs
[2024-09-12T15:20:33.876+0000] {logging_mixin.py:190} INFO - [2024-09-12T15:20:33.876+0000] {dag.py:4138} INFO - Setting next_dagrun for read_dataset_event to 2024-09-11 00:00:00+00:00, run_after=2024-09-12 00:00:00+00:00
[2024-09-12T15:20:33.913+0000] {logging_mixin.py:190} INFO - [2024-09-12T15:20:33.912+0000] {dag.py:4138} INFO - Setting next_dagrun for read_dataset_event_from_classic to 2024-09-11 00:00:00+00:00, run_after=2024-09-12 00:00:00+00:00
[2024-09-12T15:20:34.051+0000] {processor.py:208} INFO - Processing /home/airflow/.local/lib/python3.12/site-packages/airflow/example_dags/example_inlet_event_extra.py took 5.680 seconds
[2024-09-12T15:21:45.209+0000] {processor.py:186} INFO - Started process (PID=568) to work on /home/airflow/.local/lib/python3.12/site-packages/airflow/example_dags/example_inlet_event_extra.py
[2024-09-12T15:21:45.256+0000] {processor.py:914} INFO - Processing file /home/airflow/.local/lib/python3.12/site-packages/airflow/example_dags/example_inlet_event_extra.py for tasks to queue
[2024-09-12T15:21:45.273+0000] {logging_mixin.py:190} INFO - [2024-09-12T15:21:45.272+0000] {dagbag.py:587} INFO - Filling up the DagBag from /home/airflow/.local/lib/python3.12/site-packages/airflow/example_dags/example_inlet_event_extra.py
[2024-09-12T15:21:47.517+0000] {processor.py:925} INFO - DAG(s) 'read_dataset_event', 'read_dataset_event_from_classic' retrieved from /home/airflow/.local/lib/python3.12/site-packages/airflow/example_dags/example_inlet_event_extra.py
[2024-09-12T15:21:47.841+0000] {logging_mixin.py:190} INFO - [2024-09-12T15:21:47.840+0000] {dag.py:3211} INFO - Sync 2 DAGs
[2024-09-12T15:21:48.172+0000] {logging_mixin.py:190} INFO - [2024-09-12T15:21:48.171+0000] {dag.py:4138} INFO - Setting next_dagrun for read_dataset_event to 2024-09-11 00:00:00+00:00, run_after=2024-09-12 00:00:00+00:00
[2024-09-12T15:21:48.297+0000] {logging_mixin.py:190} INFO - [2024-09-12T15:21:48.296+0000] {dag.py:4138} INFO - Setting next_dagrun for read_dataset_event_from_classic to 2024-09-11 00:00:00+00:00, run_after=2024-09-12 00:00:00+00:00
[2024-09-12T15:21:48.487+0000] {processor.py:208} INFO - Processing /home/airflow/.local/lib/python3.12/site-packages/airflow/example_dags/example_inlet_event_extra.py took 3.421 seconds
[2024-09-12T15:22:51.076+0000] {processor.py:186} INFO - Started process (PID=642) to work on /home/airflow/.local/lib/python3.12/site-packages/airflow/example_dags/example_inlet_event_extra.py
[2024-09-12T15:22:51.120+0000] {processor.py:914} INFO - Processing file /home/airflow/.local/lib/python3.12/site-packages/airflow/example_dags/example_inlet_event_extra.py for tasks to queue
[2024-09-12T15:22:51.138+0000] {logging_mixin.py:190} INFO - [2024-09-12T15:22:51.137+0000] {dagbag.py:587} INFO - Filling up the DagBag from /home/airflow/.local/lib/python3.12/site-packages/airflow/example_dags/example_inlet_event_extra.py
[2024-09-12T15:22:53.731+0000] {processor.py:925} INFO - DAG(s) 'read_dataset_event', 'read_dataset_event_from_classic' retrieved from /home/airflow/.local/lib/python3.12/site-packages/airflow/example_dags/example_inlet_event_extra.py
[2024-09-12T15:22:53.907+0000] {logging_mixin.py:190} INFO - [2024-09-12T15:22:53.907+0000] {dag.py:3211} INFO - Sync 2 DAGs
[2024-09-12T15:22:54.100+0000] {logging_mixin.py:190} INFO - [2024-09-12T15:22:54.099+0000] {dag.py:4138} INFO - Setting next_dagrun for read_dataset_event to 2024-09-11 00:00:00+00:00, run_after=2024-09-12 00:00:00+00:00
[2024-09-12T15:22:54.156+0000] {logging_mixin.py:190} INFO - [2024-09-12T15:22:54.156+0000] {dag.py:4138} INFO - Setting next_dagrun for read_dataset_event_from_classic to 2024-09-11 00:00:00+00:00, run_after=2024-09-12 00:00:00+00:00
[2024-09-12T15:22:54.339+0000] {processor.py:208} INFO - Processing /home/airflow/.local/lib/python3.12/site-packages/airflow/example_dags/example_inlet_event_extra.py took 3.445 seconds
[2024-09-12T15:23:56.639+0000] {processor.py:186} INFO - Started process (PID=720) to work on /home/airflow/.local/lib/python3.12/site-packages/airflow/example_dags/example_inlet_event_extra.py
[2024-09-12T15:23:56.655+0000] {processor.py:914} INFO - Processing file /home/airflow/.local/lib/python3.12/site-packages/airflow/example_dags/example_inlet_event_extra.py for tasks to queue
[2024-09-12T15:23:56.723+0000] {logging_mixin.py:190} INFO - [2024-09-12T15:23:56.722+0000] {dagbag.py:587} INFO - Filling up the DagBag from /home/airflow/.local/lib/python3.12/site-packages/airflow/example_dags/example_inlet_event_extra.py
[2024-09-12T15:23:58.856+0000] {processor.py:925} INFO - DAG(s) 'read_dataset_event_from_classic', 'read_dataset_event' retrieved from /home/airflow/.local/lib/python3.12/site-packages/airflow/example_dags/example_inlet_event_extra.py
[2024-09-12T15:23:58.980+0000] {logging_mixin.py:190} INFO - [2024-09-12T15:23:58.979+0000] {dag.py:3211} INFO - Sync 2 DAGs
[2024-09-12T15:23:59.197+0000] {logging_mixin.py:190} INFO - [2024-09-12T15:23:59.197+0000] {dag.py:4138} INFO - Setting next_dagrun for read_dataset_event to 2024-09-11 00:00:00+00:00, run_after=2024-09-12 00:00:00+00:00
[2024-09-12T15:23:59.279+0000] {logging_mixin.py:190} INFO - [2024-09-12T15:23:59.279+0000] {dag.py:4138} INFO - Setting next_dagrun for read_dataset_event_from_classic to 2024-09-11 00:00:00+00:00, run_after=2024-09-12 00:00:00+00:00
[2024-09-12T15:23:59.497+0000] {processor.py:208} INFO - Processing /home/airflow/.local/lib/python3.12/site-packages/airflow/example_dags/example_inlet_event_extra.py took 2.912 seconds
[2024-09-12T15:25:12.511+0000] {processor.py:186} INFO - Started process (PID=801) to work on /home/airflow/.local/lib/python3.12/site-packages/airflow/example_dags/example_inlet_event_extra.py
[2024-09-12T15:25:12.527+0000] {processor.py:914} INFO - Processing file /home/airflow/.local/lib/python3.12/site-packages/airflow/example_dags/example_inlet_event_extra.py for tasks to queue
[2024-09-12T15:25:12.943+0000] {logging_mixin.py:190} INFO - [2024-09-12T15:25:12.942+0000] {dagbag.py:587} INFO - Filling up the DagBag from /home/airflow/.local/lib/python3.12/site-packages/airflow/example_dags/example_inlet_event_extra.py
[2024-09-12T15:25:16.371+0000] {processor.py:925} INFO - DAG(s) 'read_dataset_event', 'read_dataset_event_from_classic' retrieved from /home/airflow/.local/lib/python3.12/site-packages/airflow/example_dags/example_inlet_event_extra.py
[2024-09-12T15:25:16.820+0000] {logging_mixin.py:190} INFO - [2024-09-12T15:25:16.820+0000] {dag.py:3211} INFO - Sync 2 DAGs
[2024-09-12T15:25:17.251+0000] {logging_mixin.py:190} INFO - [2024-09-12T15:25:17.250+0000] {dag.py:4138} INFO - Setting next_dagrun for read_dataset_event to 2024-09-11 00:00:00+00:00, run_after=2024-09-12 00:00:00+00:00
[2024-09-12T15:25:17.410+0000] {logging_mixin.py:190} INFO - [2024-09-12T15:25:17.398+0000] {dag.py:4138} INFO - Setting next_dagrun for read_dataset_event_from_classic to 2024-09-11 00:00:00+00:00, run_after=2024-09-12 00:00:00+00:00
[2024-09-12T15:25:18.863+0000] {processor.py:208} INFO - Processing /home/airflow/.local/lib/python3.12/site-packages/airflow/example_dags/example_inlet_event_extra.py took 6.399 seconds
[2024-09-12T15:27:01.452+0000] {processor.py:186} INFO - Started process (PID=881) to work on /home/airflow/.local/lib/python3.12/site-packages/airflow/example_dags/example_inlet_event_extra.py
[2024-09-12T15:27:01.467+0000] {processor.py:914} INFO - Processing file /home/airflow/.local/lib/python3.12/site-packages/airflow/example_dags/example_inlet_event_extra.py for tasks to queue
[2024-09-12T15:27:01.484+0000] {logging_mixin.py:190} INFO - [2024-09-12T15:27:01.484+0000] {dagbag.py:587} INFO - Filling up the DagBag from /home/airflow/.local/lib/python3.12/site-packages/airflow/example_dags/example_inlet_event_extra.py
[2024-09-12T15:27:04.371+0000] {processor.py:925} INFO - DAG(s) 'read_dataset_event_from_classic', 'read_dataset_event' retrieved from /home/airflow/.local/lib/python3.12/site-packages/airflow/example_dags/example_inlet_event_extra.py
[2024-09-12T15:27:04.695+0000] {logging_mixin.py:190} INFO - [2024-09-12T15:27:04.695+0000] {dag.py:3211} INFO - Sync 2 DAGs
[2024-09-12T15:27:05.055+0000] {logging_mixin.py:190} INFO - [2024-09-12T15:27:05.055+0000] {dag.py:4138} INFO - Setting next_dagrun for read_dataset_event to 2024-09-11 00:00:00+00:00, run_after=2024-09-12 00:00:00+00:00
[2024-09-12T15:27:05.097+0000] {logging_mixin.py:190} INFO - [2024-09-12T15:27:05.096+0000] {dag.py:4138} INFO - Setting next_dagrun for read_dataset_event_from_classic to 2024-09-11 00:00:00+00:00, run_after=2024-09-12 00:00:00+00:00
[2024-09-12T15:27:05.335+0000] {processor.py:208} INFO - Processing /home/airflow/.local/lib/python3.12/site-packages/airflow/example_dags/example_inlet_event_extra.py took 3.925 seconds
[2024-09-12T15:28:00.777+0000] {processor.py:186} INFO - Started process (PID=953) to work on /home/airflow/.local/lib/python3.12/site-packages/airflow/example_dags/example_inlet_event_extra.py
[2024-09-12T15:28:00.791+0000] {processor.py:914} INFO - Processing file /home/airflow/.local/lib/python3.12/site-packages/airflow/example_dags/example_inlet_event_extra.py for tasks to queue
[2024-09-12T15:28:00.797+0000] {logging_mixin.py:190} INFO - [2024-09-12T15:28:00.796+0000] {dagbag.py:587} INFO - Filling up the DagBag from /home/airflow/.local/lib/python3.12/site-packages/airflow/example_dags/example_inlet_event_extra.py
[2024-09-12T15:28:02.108+0000] {processor.py:925} INFO - DAG(s) 'read_dataset_event', 'read_dataset_event_from_classic' retrieved from /home/airflow/.local/lib/python3.12/site-packages/airflow/example_dags/example_inlet_event_extra.py
[2024-09-12T15:28:02.309+0000] {logging_mixin.py:190} INFO - [2024-09-12T15:28:02.309+0000] {dag.py:3211} INFO - Sync 2 DAGs
[2024-09-12T15:28:02.560+0000] {logging_mixin.py:190} INFO - [2024-09-12T15:28:02.560+0000] {dag.py:4138} INFO - Setting next_dagrun for read_dataset_event to 2024-09-11 00:00:00+00:00, run_after=2024-09-12 00:00:00+00:00
[2024-09-12T15:28:02.594+0000] {logging_mixin.py:190} INFO - [2024-09-12T15:28:02.593+0000] {dag.py:4138} INFO - Setting next_dagrun for read_dataset_event_from_classic to 2024-09-11 00:00:00+00:00, run_after=2024-09-12 00:00:00+00:00
[2024-09-12T15:28:02.884+0000] {processor.py:208} INFO - Processing /home/airflow/.local/lib/python3.12/site-packages/airflow/example_dags/example_inlet_event_extra.py took 2.234 seconds
[2024-09-12T15:28:47.534+0000] {processor.py:186} INFO - Started process (PID=1026) to work on /home/airflow/.local/lib/python3.12/site-packages/airflow/example_dags/example_inlet_event_extra.py
[2024-09-12T15:28:47.552+0000] {processor.py:914} INFO - Processing file /home/airflow/.local/lib/python3.12/site-packages/airflow/example_dags/example_inlet_event_extra.py for tasks to queue
[2024-09-12T15:28:47.558+0000] {logging_mixin.py:190} INFO - [2024-09-12T15:28:47.557+0000] {dagbag.py:587} INFO - Filling up the DagBag from /home/airflow/.local/lib/python3.12/site-packages/airflow/example_dags/example_inlet_event_extra.py
[2024-09-12T15:28:48.968+0000] {processor.py:925} INFO - DAG(s) 'read_dataset_event_from_classic', 'read_dataset_event' retrieved from /home/airflow/.local/lib/python3.12/site-packages/airflow/example_dags/example_inlet_event_extra.py
[2024-09-12T15:28:49.220+0000] {logging_mixin.py:190} INFO - [2024-09-12T15:28:49.220+0000] {dag.py:3211} INFO - Sync 2 DAGs
[2024-09-12T15:28:49.412+0000] {logging_mixin.py:190} INFO - [2024-09-12T15:28:49.411+0000] {dag.py:4138} INFO - Setting next_dagrun for read_dataset_event to 2024-09-11 00:00:00+00:00, run_after=2024-09-12 00:00:00+00:00
[2024-09-12T15:28:49.439+0000] {logging_mixin.py:190} INFO - [2024-09-12T15:28:49.439+0000] {dag.py:4138} INFO - Setting next_dagrun for read_dataset_event_from_classic to 2024-09-11 00:00:00+00:00, run_after=2024-09-12 00:00:00+00:00
[2024-09-12T15:28:49.586+0000] {processor.py:208} INFO - Processing /home/airflow/.local/lib/python3.12/site-packages/airflow/example_dags/example_inlet_event_extra.py took 2.103 seconds
[2024-09-12T15:29:38.010+0000] {processor.py:186} INFO - Started process (PID=1091) to work on /home/airflow/.local/lib/python3.12/site-packages/airflow/example_dags/example_inlet_event_extra.py
[2024-09-12T15:29:38.031+0000] {processor.py:914} INFO - Processing file /home/airflow/.local/lib/python3.12/site-packages/airflow/example_dags/example_inlet_event_extra.py for tasks to queue
[2024-09-12T15:29:38.044+0000] {logging_mixin.py:190} INFO - [2024-09-12T15:29:38.043+0000] {dagbag.py:587} INFO - Filling up the DagBag from /home/airflow/.local/lib/python3.12/site-packages/airflow/example_dags/example_inlet_event_extra.py
[2024-09-12T15:29:42.778+0000] {processor.py:925} INFO - DAG(s) 'read_dataset_event_from_classic', 'read_dataset_event' retrieved from /home/airflow/.local/lib/python3.12/site-packages/airflow/example_dags/example_inlet_event_extra.py
[2024-09-12T15:29:43.175+0000] {logging_mixin.py:190} INFO - [2024-09-12T15:29:43.173+0000] {dag.py:3211} INFO - Sync 2 DAGs
[2024-09-12T15:29:43.528+0000] {logging_mixin.py:190} INFO - [2024-09-12T15:29:43.527+0000] {dag.py:4138} INFO - Setting next_dagrun for read_dataset_event to 2024-09-11 00:00:00+00:00, run_after=2024-09-12 00:00:00+00:00
[2024-09-12T15:29:43.602+0000] {logging_mixin.py:190} INFO - [2024-09-12T15:29:43.601+0000] {dag.py:4138} INFO - Setting next_dagrun for read_dataset_event_from_classic to 2024-09-11 00:00:00+00:00, run_after=2024-09-12 00:00:00+00:00
[2024-09-12T15:29:43.872+0000] {processor.py:208} INFO - Processing /home/airflow/.local/lib/python3.12/site-packages/airflow/example_dags/example_inlet_event_extra.py took 6.007 seconds
[2024-09-12T15:31:26.591+0000] {processor.py:186} INFO - Started process (PID=1163) to work on /home/airflow/.local/lib/python3.12/site-packages/airflow/example_dags/example_inlet_event_extra.py
[2024-09-12T15:31:26.601+0000] {processor.py:914} INFO - Processing file /home/airflow/.local/lib/python3.12/site-packages/airflow/example_dags/example_inlet_event_extra.py for tasks to queue
[2024-09-12T15:31:26.606+0000] {logging_mixin.py:190} INFO - [2024-09-12T15:31:26.605+0000] {dagbag.py:587} INFO - Filling up the DagBag from /home/airflow/.local/lib/python3.12/site-packages/airflow/example_dags/example_inlet_event_extra.py
[2024-09-12T15:31:28.235+0000] {processor.py:925} INFO - DAG(s) 'read_dataset_event_from_classic', 'read_dataset_event' retrieved from /home/airflow/.local/lib/python3.12/site-packages/airflow/example_dags/example_inlet_event_extra.py
[2024-09-12T15:31:28.535+0000] {logging_mixin.py:190} INFO - [2024-09-12T15:31:28.535+0000] {dag.py:3211} INFO - Sync 2 DAGs
[2024-09-12T15:31:28.764+0000] {logging_mixin.py:190} INFO - [2024-09-12T15:31:28.763+0000] {dag.py:4138} INFO - Setting next_dagrun for read_dataset_event to 2024-09-11 00:00:00+00:00, run_after=2024-09-12 00:00:00+00:00
[2024-09-12T15:31:28.789+0000] {logging_mixin.py:190} INFO - [2024-09-12T15:31:28.786+0000] {dag.py:4138} INFO - Setting next_dagrun for read_dataset_event_from_classic to 2024-09-11 00:00:00+00:00, run_after=2024-09-12 00:00:00+00:00
[2024-09-12T15:31:28.892+0000] {processor.py:208} INFO - Processing /home/airflow/.local/lib/python3.12/site-packages/airflow/example_dags/example_inlet_event_extra.py took 2.335 seconds
[2024-09-12T15:32:04.225+0000] {processor.py:186} INFO - Started process (PID=1229) to work on /home/airflow/.local/lib/python3.12/site-packages/airflow/example_dags/example_inlet_event_extra.py
[2024-09-12T15:32:04.234+0000] {processor.py:914} INFO - Processing file /home/airflow/.local/lib/python3.12/site-packages/airflow/example_dags/example_inlet_event_extra.py for tasks to queue
[2024-09-12T15:32:04.264+0000] {logging_mixin.py:190} INFO - [2024-09-12T15:32:04.263+0000] {dagbag.py:587} INFO - Filling up the DagBag from /home/airflow/.local/lib/python3.12/site-packages/airflow/example_dags/example_inlet_event_extra.py
[2024-09-12T15:32:05.451+0000] {processor.py:925} INFO - DAG(s) 'read_dataset_event', 'read_dataset_event_from_classic' retrieved from /home/airflow/.local/lib/python3.12/site-packages/airflow/example_dags/example_inlet_event_extra.py
[2024-09-12T15:32:05.709+0000] {logging_mixin.py:190} INFO - [2024-09-12T15:32:05.708+0000] {dag.py:3211} INFO - Sync 2 DAGs
[2024-09-12T15:32:05.897+0000] {logging_mixin.py:190} INFO - [2024-09-12T15:32:05.897+0000] {dag.py:4138} INFO - Setting next_dagrun for read_dataset_event to 2024-09-11 00:00:00+00:00, run_after=2024-09-12 00:00:00+00:00
[2024-09-12T15:32:05.920+0000] {logging_mixin.py:190} INFO - [2024-09-12T15:32:05.916+0000] {dag.py:4138} INFO - Setting next_dagrun for read_dataset_event_from_classic to 2024-09-11 00:00:00+00:00, run_after=2024-09-12 00:00:00+00:00
[2024-09-12T15:32:06.047+0000] {processor.py:208} INFO - Processing /home/airflow/.local/lib/python3.12/site-packages/airflow/example_dags/example_inlet_event_extra.py took 1.867 seconds
[2024-09-12T15:33:01.176+0000] {processor.py:186} INFO - Started process (PID=1294) to work on /home/airflow/.local/lib/python3.12/site-packages/airflow/example_dags/example_inlet_event_extra.py
[2024-09-12T15:33:01.183+0000] {processor.py:914} INFO - Processing file /home/airflow/.local/lib/python3.12/site-packages/airflow/example_dags/example_inlet_event_extra.py for tasks to queue
[2024-09-12T15:33:01.197+0000] {logging_mixin.py:190} INFO - [2024-09-12T15:33:01.196+0000] {dagbag.py:587} INFO - Filling up the DagBag from /home/airflow/.local/lib/python3.12/site-packages/airflow/example_dags/example_inlet_event_extra.py
[2024-09-12T15:33:02.393+0000] {processor.py:925} INFO - DAG(s) 'read_dataset_event_from_classic', 'read_dataset_event' retrieved from /home/airflow/.local/lib/python3.12/site-packages/airflow/example_dags/example_inlet_event_extra.py
[2024-09-12T15:33:02.524+0000] {logging_mixin.py:190} INFO - [2024-09-12T15:33:02.524+0000] {dag.py:3211} INFO - Sync 2 DAGs
[2024-09-12T15:33:02.663+0000] {logging_mixin.py:190} INFO - [2024-09-12T15:33:02.663+0000] {dag.py:4138} INFO - Setting next_dagrun for read_dataset_event to 2024-09-11 00:00:00+00:00, run_after=2024-09-12 00:00:00+00:00
[2024-09-12T15:33:02.684+0000] {logging_mixin.py:190} INFO - [2024-09-12T15:33:02.683+0000] {dag.py:4138} INFO - Setting next_dagrun for read_dataset_event_from_classic to 2024-09-11 00:00:00+00:00, run_after=2024-09-12 00:00:00+00:00
[2024-09-12T15:33:02.786+0000] {processor.py:208} INFO - Processing /home/airflow/.local/lib/python3.12/site-packages/airflow/example_dags/example_inlet_event_extra.py took 1.642 seconds
[2024-09-12T15:33:41.905+0000] {processor.py:186} INFO - Started process (PID=1358) to work on /home/airflow/.local/lib/python3.12/site-packages/airflow/example_dags/example_inlet_event_extra.py
[2024-09-12T15:33:41.918+0000] {processor.py:914} INFO - Processing file /home/airflow/.local/lib/python3.12/site-packages/airflow/example_dags/example_inlet_event_extra.py for tasks to queue
[2024-09-12T15:33:41.930+0000] {logging_mixin.py:190} INFO - [2024-09-12T15:33:41.927+0000] {dagbag.py:587} INFO - Filling up the DagBag from /home/airflow/.local/lib/python3.12/site-packages/airflow/example_dags/example_inlet_event_extra.py
[2024-09-12T15:33:43.133+0000] {processor.py:925} INFO - DAG(s) 'read_dataset_event', 'read_dataset_event_from_classic' retrieved from /home/airflow/.local/lib/python3.12/site-packages/airflow/example_dags/example_inlet_event_extra.py
[2024-09-12T15:33:43.420+0000] {logging_mixin.py:190} INFO - [2024-09-12T15:33:43.413+0000] {dag.py:3211} INFO - Sync 2 DAGs
[2024-09-12T15:33:43.803+0000] {logging_mixin.py:190} INFO - [2024-09-12T15:33:43.802+0000] {dag.py:4138} INFO - Setting next_dagrun for read_dataset_event to 2024-09-11 00:00:00+00:00, run_after=2024-09-12 00:00:00+00:00
[2024-09-12T15:33:43.871+0000] {logging_mixin.py:190} INFO - [2024-09-12T15:33:43.855+0000] {dag.py:4138} INFO - Setting next_dagrun for read_dataset_event_from_classic to 2024-09-11 00:00:00+00:00, run_after=2024-09-12 00:00:00+00:00
[2024-09-12T15:33:44.077+0000] {processor.py:208} INFO - Processing /home/airflow/.local/lib/python3.12/site-packages/airflow/example_dags/example_inlet_event_extra.py took 2.227 seconds
[2024-09-12T15:34:23.180+0000] {processor.py:186} INFO - Started process (PID=1424) to work on /home/airflow/.local/lib/python3.12/site-packages/airflow/example_dags/example_inlet_event_extra.py
[2024-09-12T15:34:23.185+0000] {processor.py:914} INFO - Processing file /home/airflow/.local/lib/python3.12/site-packages/airflow/example_dags/example_inlet_event_extra.py for tasks to queue
[2024-09-12T15:34:23.215+0000] {logging_mixin.py:190} INFO - [2024-09-12T15:34:23.215+0000] {dagbag.py:587} INFO - Filling up the DagBag from /home/airflow/.local/lib/python3.12/site-packages/airflow/example_dags/example_inlet_event_extra.py
[2024-09-12T15:34:24.741+0000] {processor.py:925} INFO - DAG(s) 'read_dataset_event_from_classic', 'read_dataset_event' retrieved from /home/airflow/.local/lib/python3.12/site-packages/airflow/example_dags/example_inlet_event_extra.py
[2024-09-12T15:34:25.164+0000] {logging_mixin.py:190} INFO - [2024-09-12T15:34:25.163+0000] {dag.py:3211} INFO - Sync 2 DAGs
[2024-09-12T15:34:25.552+0000] {logging_mixin.py:190} INFO - [2024-09-12T15:34:25.551+0000] {dag.py:4138} INFO - Setting next_dagrun for read_dataset_event to 2024-09-11 00:00:00+00:00, run_after=2024-09-12 00:00:00+00:00
[2024-09-12T15:34:25.586+0000] {logging_mixin.py:190} INFO - [2024-09-12T15:34:25.585+0000] {dag.py:4138} INFO - Setting next_dagrun for read_dataset_event_from_classic to 2024-09-11 00:00:00+00:00, run_after=2024-09-12 00:00:00+00:00
[2024-09-12T15:34:25.740+0000] {processor.py:208} INFO - Processing /home/airflow/.local/lib/python3.12/site-packages/airflow/example_dags/example_inlet_event_extra.py took 2.647 seconds
[2024-09-12T15:35:12.810+0000] {processor.py:186} INFO - Started process (PID=1497) to work on /home/airflow/.local/lib/python3.12/site-packages/airflow/example_dags/example_inlet_event_extra.py
[2024-09-12T15:35:12.824+0000] {processor.py:914} INFO - Processing file /home/airflow/.local/lib/python3.12/site-packages/airflow/example_dags/example_inlet_event_extra.py for tasks to queue
[2024-09-12T15:35:12.827+0000] {logging_mixin.py:190} INFO - [2024-09-12T15:35:12.826+0000] {dagbag.py:587} INFO - Filling up the DagBag from /home/airflow/.local/lib/python3.12/site-packages/airflow/example_dags/example_inlet_event_extra.py
[2024-09-12T15:35:16.433+0000] {processor.py:925} INFO - DAG(s) 'read_dataset_event_from_classic', 'read_dataset_event' retrieved from /home/airflow/.local/lib/python3.12/site-packages/airflow/example_dags/example_inlet_event_extra.py
[2024-09-12T15:35:16.769+0000] {logging_mixin.py:190} INFO - [2024-09-12T15:35:16.768+0000] {dag.py:3211} INFO - Sync 2 DAGs
[2024-09-12T15:35:17.023+0000] {logging_mixin.py:190} INFO - [2024-09-12T15:35:17.022+0000] {dag.py:4138} INFO - Setting next_dagrun for read_dataset_event to 2024-09-11 00:00:00+00:00, run_after=2024-09-12 00:00:00+00:00
[2024-09-12T15:35:17.072+0000] {logging_mixin.py:190} INFO - [2024-09-12T15:35:17.071+0000] {dag.py:4138} INFO - Setting next_dagrun for read_dataset_event_from_classic to 2024-09-11 00:00:00+00:00, run_after=2024-09-12 00:00:00+00:00
[2024-09-12T15:35:17.263+0000] {processor.py:208} INFO - Processing /home/airflow/.local/lib/python3.12/site-packages/airflow/example_dags/example_inlet_event_extra.py took 4.541 seconds
[2024-09-12T15:36:28.737+0000] {processor.py:186} INFO - Started process (PID=1566) to work on /home/airflow/.local/lib/python3.12/site-packages/airflow/example_dags/example_inlet_event_extra.py
[2024-09-12T15:36:28.755+0000] {processor.py:914} INFO - Processing file /home/airflow/.local/lib/python3.12/site-packages/airflow/example_dags/example_inlet_event_extra.py for tasks to queue
[2024-09-12T15:36:28.772+0000] {logging_mixin.py:190} INFO - [2024-09-12T15:36:28.771+0000] {dagbag.py:587} INFO - Filling up the DagBag from /home/airflow/.local/lib/python3.12/site-packages/airflow/example_dags/example_inlet_event_extra.py
[2024-09-12T15:36:30.957+0000] {processor.py:925} INFO - DAG(s) 'read_dataset_event', 'read_dataset_event_from_classic' retrieved from /home/airflow/.local/lib/python3.12/site-packages/airflow/example_dags/example_inlet_event_extra.py
[2024-09-12T15:36:31.459+0000] {logging_mixin.py:190} INFO - [2024-09-12T15:36:31.458+0000] {dag.py:3211} INFO - Sync 2 DAGs
[2024-09-12T15:36:31.793+0000] {logging_mixin.py:190} INFO - [2024-09-12T15:36:31.793+0000] {dag.py:4138} INFO - Setting next_dagrun for read_dataset_event to 2024-09-11 00:00:00+00:00, run_after=2024-09-12 00:00:00+00:00
[2024-09-12T15:36:31.863+0000] {logging_mixin.py:190} INFO - [2024-09-12T15:36:31.862+0000] {dag.py:4138} INFO - Setting next_dagrun for read_dataset_event_from_classic to 2024-09-11 00:00:00+00:00, run_after=2024-09-12 00:00:00+00:00
[2024-09-12T15:36:32.123+0000] {processor.py:208} INFO - Processing /home/airflow/.local/lib/python3.12/site-packages/airflow/example_dags/example_inlet_event_extra.py took 3.452 seconds
[2024-09-12T15:37:28.871+0000] {processor.py:186} INFO - Started process (PID=1643) to work on /home/airflow/.local/lib/python3.12/site-packages/airflow/example_dags/example_inlet_event_extra.py
[2024-09-12T15:37:28.875+0000] {processor.py:914} INFO - Processing file /home/airflow/.local/lib/python3.12/site-packages/airflow/example_dags/example_inlet_event_extra.py for tasks to queue
[2024-09-12T15:37:28.888+0000] {logging_mixin.py:190} INFO - [2024-09-12T15:37:28.887+0000] {dagbag.py:587} INFO - Filling up the DagBag from /home/airflow/.local/lib/python3.12/site-packages/airflow/example_dags/example_inlet_event_extra.py
[2024-09-12T15:37:33.991+0000] {processor.py:925} INFO - DAG(s) 'read_dataset_event_from_classic', 'read_dataset_event' retrieved from /home/airflow/.local/lib/python3.12/site-packages/airflow/example_dags/example_inlet_event_extra.py
[2024-09-12T15:37:34.535+0000] {logging_mixin.py:190} INFO - [2024-09-12T15:37:34.534+0000] {dag.py:3211} INFO - Sync 2 DAGs
[2024-09-12T15:37:34.774+0000] {logging_mixin.py:190} INFO - [2024-09-12T15:37:34.774+0000] {dag.py:4138} INFO - Setting next_dagrun for read_dataset_event to 2024-09-11 00:00:00+00:00, run_after=2024-09-12 00:00:00+00:00
[2024-09-12T15:37:34.841+0000] {logging_mixin.py:190} INFO - [2024-09-12T15:37:34.841+0000] {dag.py:4138} INFO - Setting next_dagrun for read_dataset_event_from_classic to 2024-09-11 00:00:00+00:00, run_after=2024-09-12 00:00:00+00:00
[2024-09-12T15:37:35.164+0000] {processor.py:208} INFO - Processing /home/airflow/.local/lib/python3.12/site-packages/airflow/example_dags/example_inlet_event_extra.py took 6.331 seconds
[2024-09-12T15:39:20.574+0000] {processor.py:186} INFO - Started process (PID=1751) to work on /home/airflow/.local/lib/python3.12/site-packages/airflow/example_dags/example_inlet_event_extra.py
[2024-09-12T15:39:20.608+0000] {processor.py:914} INFO - Processing file /home/airflow/.local/lib/python3.12/site-packages/airflow/example_dags/example_inlet_event_extra.py for tasks to queue
[2024-09-12T15:39:20.643+0000] {logging_mixin.py:190} INFO - [2024-09-12T15:39:20.641+0000] {dagbag.py:587} INFO - Filling up the DagBag from /home/airflow/.local/lib/python3.12/site-packages/airflow/example_dags/example_inlet_event_extra.py
[2024-09-12T15:39:22.963+0000] {processor.py:925} INFO - DAG(s) 'read_dataset_event_from_classic', 'read_dataset_event' retrieved from /home/airflow/.local/lib/python3.12/site-packages/airflow/example_dags/example_inlet_event_extra.py
[2024-09-12T15:39:23.402+0000] {logging_mixin.py:190} INFO - [2024-09-12T15:39:23.402+0000] {dag.py:3211} INFO - Sync 2 DAGs
[2024-09-12T15:39:23.988+0000] {logging_mixin.py:190} INFO - [2024-09-12T15:39:23.988+0000] {dag.py:4138} INFO - Setting next_dagrun for read_dataset_event to 2024-09-11 00:00:00+00:00, run_after=2024-09-12 00:00:00+00:00
[2024-09-12T15:39:24.088+0000] {logging_mixin.py:190} INFO - [2024-09-12T15:39:24.087+0000] {dag.py:4138} INFO - Setting next_dagrun for read_dataset_event_from_classic to 2024-09-11 00:00:00+00:00, run_after=2024-09-12 00:00:00+00:00
[2024-09-12T15:39:24.254+0000] {processor.py:208} INFO - Processing /home/airflow/.local/lib/python3.12/site-packages/airflow/example_dags/example_inlet_event_extra.py took 3.781 seconds
[2024-09-12T15:41:48.734+0000] {processor.py:186} INFO - Started process (PID=1854) to work on /home/airflow/.local/lib/python3.12/site-packages/airflow/example_dags/example_inlet_event_extra.py
[2024-09-12T15:41:48.737+0000] {processor.py:914} INFO - Processing file /home/airflow/.local/lib/python3.12/site-packages/airflow/example_dags/example_inlet_event_extra.py for tasks to queue
[2024-09-12T15:41:48.751+0000] {logging_mixin.py:190} INFO - [2024-09-12T15:41:48.750+0000] {dagbag.py:587} INFO - Filling up the DagBag from /home/airflow/.local/lib/python3.12/site-packages/airflow/example_dags/example_inlet_event_extra.py
[2024-09-12T15:41:53.760+0000] {processor.py:925} INFO - DAG(s) 'read_dataset_event', 'read_dataset_event_from_classic' retrieved from /home/airflow/.local/lib/python3.12/site-packages/airflow/example_dags/example_inlet_event_extra.py
[2024-09-12T15:41:54.500+0000] {logging_mixin.py:190} INFO - [2024-09-12T15:41:54.499+0000] {dag.py:3211} INFO - Sync 2 DAGs
[2024-09-12T15:41:55.108+0000] {logging_mixin.py:190} INFO - [2024-09-12T15:41:55.108+0000] {dag.py:4138} INFO - Setting next_dagrun for read_dataset_event to 2024-09-11 00:00:00+00:00, run_after=2024-09-12 00:00:00+00:00
[2024-09-12T15:41:55.203+0000] {logging_mixin.py:190} INFO - [2024-09-12T15:41:55.203+0000] {dag.py:4138} INFO - Setting next_dagrun for read_dataset_event_from_classic to 2024-09-11 00:00:00+00:00, run_after=2024-09-12 00:00:00+00:00
[2024-09-12T15:41:56.171+0000] {processor.py:208} INFO - Processing /home/airflow/.local/lib/python3.12/site-packages/airflow/example_dags/example_inlet_event_extra.py took 7.535 seconds
[2024-09-12T15:44:44.139+0000] {processor.py:186} INFO - Started process (PID=1909) to work on /home/airflow/.local/lib/python3.12/site-packages/airflow/example_dags/example_inlet_event_extra.py
[2024-09-12T15:44:44.144+0000] {processor.py:914} INFO - Processing file /home/airflow/.local/lib/python3.12/site-packages/airflow/example_dags/example_inlet_event_extra.py for tasks to queue
[2024-09-12T15:44:44.146+0000] {logging_mixin.py:190} INFO - [2024-09-12T15:44:44.146+0000] {dagbag.py:587} INFO - Filling up the DagBag from /home/airflow/.local/lib/python3.12/site-packages/airflow/example_dags/example_inlet_event_extra.py
[2024-09-12T15:44:46.667+0000] {processor.py:925} INFO - DAG(s) 'read_dataset_event', 'read_dataset_event_from_classic' retrieved from /home/airflow/.local/lib/python3.12/site-packages/airflow/example_dags/example_inlet_event_extra.py
[2024-09-12T15:44:47.279+0000] {logging_mixin.py:190} INFO - [2024-09-12T15:44:47.278+0000] {dag.py:3211} INFO - Sync 2 DAGs
[2024-09-12T15:44:47.832+0000] {logging_mixin.py:190} INFO - [2024-09-12T15:44:47.832+0000] {dag.py:4138} INFO - Setting next_dagrun for read_dataset_event to 2024-09-11 00:00:00+00:00, run_after=2024-09-12 00:00:00+00:00
[2024-09-12T15:44:47.882+0000] {logging_mixin.py:190} INFO - [2024-09-12T15:44:47.881+0000] {dag.py:4138} INFO - Setting next_dagrun for read_dataset_event_from_classic to 2024-09-11 00:00:00+00:00, run_after=2024-09-12 00:00:00+00:00
[2024-09-12T15:44:48.266+0000] {processor.py:208} INFO - Processing /home/airflow/.local/lib/python3.12/site-packages/airflow/example_dags/example_inlet_event_extra.py took 4.166 seconds
[2024-09-12T15:45:37.892+0000] {processor.py:186} INFO - Started process (PID=1984) to work on /home/airflow/.local/lib/python3.12/site-packages/airflow/example_dags/example_inlet_event_extra.py
[2024-09-12T15:45:37.899+0000] {processor.py:914} INFO - Processing file /home/airflow/.local/lib/python3.12/site-packages/airflow/example_dags/example_inlet_event_extra.py for tasks to queue
[2024-09-12T15:45:37.910+0000] {logging_mixin.py:190} INFO - [2024-09-12T15:45:37.909+0000] {dagbag.py:587} INFO - Filling up the DagBag from /home/airflow/.local/lib/python3.12/site-packages/airflow/example_dags/example_inlet_event_extra.py
[2024-09-12T15:45:39.359+0000] {processor.py:925} INFO - DAG(s) 'read_dataset_event_from_classic', 'read_dataset_event' retrieved from /home/airflow/.local/lib/python3.12/site-packages/airflow/example_dags/example_inlet_event_extra.py
[2024-09-12T15:45:39.723+0000] {logging_mixin.py:190} INFO - [2024-09-12T15:45:39.722+0000] {dag.py:3211} INFO - Sync 2 DAGs
[2024-09-12T15:45:40.152+0000] {logging_mixin.py:190} INFO - [2024-09-12T15:45:40.151+0000] {dag.py:4138} INFO - Setting next_dagrun for read_dataset_event to 2024-09-11 00:00:00+00:00, run_after=2024-09-12 00:00:00+00:00
[2024-09-12T15:45:40.206+0000] {logging_mixin.py:190} INFO - [2024-09-12T15:45:40.206+0000] {dag.py:4138} INFO - Setting next_dagrun for read_dataset_event_from_classic to 2024-09-11 00:00:00+00:00, run_after=2024-09-12 00:00:00+00:00
[2024-09-12T15:45:40.453+0000] {processor.py:208} INFO - Processing /home/airflow/.local/lib/python3.12/site-packages/airflow/example_dags/example_inlet_event_extra.py took 2.599 seconds
[2024-09-12T15:46:38.507+0000] {processor.py:186} INFO - Started process (PID=2054) to work on /home/airflow/.local/lib/python3.12/site-packages/airflow/example_dags/example_inlet_event_extra.py
[2024-09-12T15:46:38.522+0000] {processor.py:914} INFO - Processing file /home/airflow/.local/lib/python3.12/site-packages/airflow/example_dags/example_inlet_event_extra.py for tasks to queue
[2024-09-12T15:46:38.542+0000] {logging_mixin.py:190} INFO - [2024-09-12T15:46:38.541+0000] {dagbag.py:587} INFO - Filling up the DagBag from /home/airflow/.local/lib/python3.12/site-packages/airflow/example_dags/example_inlet_event_extra.py
[2024-09-12T15:46:39.939+0000] {processor.py:925} INFO - DAG(s) 'read_dataset_event_from_classic', 'read_dataset_event' retrieved from /home/airflow/.local/lib/python3.12/site-packages/airflow/example_dags/example_inlet_event_extra.py
[2024-09-12T15:46:40.304+0000] {logging_mixin.py:190} INFO - [2024-09-12T15:46:40.303+0000] {dag.py:3211} INFO - Sync 2 DAGs
[2024-09-12T15:46:40.555+0000] {logging_mixin.py:190} INFO - [2024-09-12T15:46:40.555+0000] {dag.py:4138} INFO - Setting next_dagrun for read_dataset_event to 2024-09-11 00:00:00+00:00, run_after=2024-09-12 00:00:00+00:00
[2024-09-12T15:46:40.603+0000] {logging_mixin.py:190} INFO - [2024-09-12T15:46:40.602+0000] {dag.py:4138} INFO - Setting next_dagrun for read_dataset_event_from_classic to 2024-09-11 00:00:00+00:00, run_after=2024-09-12 00:00:00+00:00
[2024-09-12T15:46:40.802+0000] {processor.py:208} INFO - Processing /home/airflow/.local/lib/python3.12/site-packages/airflow/example_dags/example_inlet_event_extra.py took 2.350 seconds
[2024-09-12T15:47:36.833+0000] {processor.py:186} INFO - Started process (PID=2127) to work on /home/airflow/.local/lib/python3.12/site-packages/airflow/example_dags/example_inlet_event_extra.py
[2024-09-12T15:47:36.848+0000] {processor.py:914} INFO - Processing file /home/airflow/.local/lib/python3.12/site-packages/airflow/example_dags/example_inlet_event_extra.py for tasks to queue
[2024-09-12T15:47:36.914+0000] {logging_mixin.py:190} INFO - [2024-09-12T15:47:36.913+0000] {dagbag.py:587} INFO - Filling up the DagBag from /home/airflow/.local/lib/python3.12/site-packages/airflow/example_dags/example_inlet_event_extra.py
[2024-09-12T15:47:38.910+0000] {processor.py:925} INFO - DAG(s) 'read_dataset_event', 'read_dataset_event_from_classic' retrieved from /home/airflow/.local/lib/python3.12/site-packages/airflow/example_dags/example_inlet_event_extra.py
[2024-09-12T15:47:39.135+0000] {logging_mixin.py:190} INFO - [2024-09-12T15:47:39.134+0000] {dag.py:3211} INFO - Sync 2 DAGs
[2024-09-12T15:47:39.457+0000] {logging_mixin.py:190} INFO - [2024-09-12T15:47:39.456+0000] {dag.py:4138} INFO - Setting next_dagrun for read_dataset_event to 2024-09-11 00:00:00+00:00, run_after=2024-09-12 00:00:00+00:00
[2024-09-12T15:47:39.486+0000] {logging_mixin.py:190} INFO - [2024-09-12T15:47:39.486+0000] {dag.py:4138} INFO - Setting next_dagrun for read_dataset_event_from_classic to 2024-09-11 00:00:00+00:00, run_after=2024-09-12 00:00:00+00:00
[2024-09-12T15:47:39.656+0000] {processor.py:208} INFO - Processing /home/airflow/.local/lib/python3.12/site-packages/airflow/example_dags/example_inlet_event_extra.py took 2.961 seconds
[2024-09-12T15:48:31.842+0000] {processor.py:186} INFO - Started process (PID=2206) to work on /home/airflow/.local/lib/python3.12/site-packages/airflow/example_dags/example_inlet_event_extra.py
[2024-09-12T15:48:31.850+0000] {processor.py:914} INFO - Processing file /home/airflow/.local/lib/python3.12/site-packages/airflow/example_dags/example_inlet_event_extra.py for tasks to queue
[2024-09-12T15:48:31.859+0000] {logging_mixin.py:190} INFO - [2024-09-12T15:48:31.859+0000] {dagbag.py:587} INFO - Filling up the DagBag from /home/airflow/.local/lib/python3.12/site-packages/airflow/example_dags/example_inlet_event_extra.py
[2024-09-12T15:48:34.637+0000] {processor.py:925} INFO - DAG(s) 'read_dataset_event_from_classic', 'read_dataset_event' retrieved from /home/airflow/.local/lib/python3.12/site-packages/airflow/example_dags/example_inlet_event_extra.py
[2024-09-12T15:48:34.773+0000] {logging_mixin.py:190} INFO - [2024-09-12T15:48:34.771+0000] {dag.py:3211} INFO - Sync 2 DAGs
[2024-09-12T15:48:35.067+0000] {logging_mixin.py:190} INFO - [2024-09-12T15:48:35.067+0000] {dag.py:4138} INFO - Setting next_dagrun for read_dataset_event to 2024-09-11 00:00:00+00:00, run_after=2024-09-12 00:00:00+00:00
[2024-09-12T15:48:35.098+0000] {logging_mixin.py:190} INFO - [2024-09-12T15:48:35.098+0000] {dag.py:4138} INFO - Setting next_dagrun for read_dataset_event_from_classic to 2024-09-11 00:00:00+00:00, run_after=2024-09-12 00:00:00+00:00
[2024-09-12T15:48:35.241+0000] {processor.py:208} INFO - Processing /home/airflow/.local/lib/python3.12/site-packages/airflow/example_dags/example_inlet_event_extra.py took 3.435 seconds
[2024-09-12T15:49:44.426+0000] {processor.py:186} INFO - Started process (PID=2284) to work on /home/airflow/.local/lib/python3.12/site-packages/airflow/example_dags/example_inlet_event_extra.py
[2024-09-12T15:49:44.435+0000] {processor.py:914} INFO - Processing file /home/airflow/.local/lib/python3.12/site-packages/airflow/example_dags/example_inlet_event_extra.py for tasks to queue
[2024-09-12T15:49:44.449+0000] {logging_mixin.py:190} INFO - [2024-09-12T15:49:44.440+0000] {dagbag.py:587} INFO - Filling up the DagBag from /home/airflow/.local/lib/python3.12/site-packages/airflow/example_dags/example_inlet_event_extra.py
[2024-09-12T15:49:45.434+0000] {processor.py:925} INFO - DAG(s) 'read_dataset_event_from_classic', 'read_dataset_event' retrieved from /home/airflow/.local/lib/python3.12/site-packages/airflow/example_dags/example_inlet_event_extra.py
[2024-09-12T15:49:45.752+0000] {logging_mixin.py:190} INFO - [2024-09-12T15:49:45.752+0000] {dag.py:3211} INFO - Sync 2 DAGs
[2024-09-12T15:49:46.909+0000] {logging_mixin.py:190} INFO - [2024-09-12T15:49:46.909+0000] {dag.py:4138} INFO - Setting next_dagrun for read_dataset_event to 2024-09-11 00:00:00+00:00, run_after=2024-09-12 00:00:00+00:00
[2024-09-12T15:49:46.925+0000] {logging_mixin.py:190} INFO - [2024-09-12T15:49:46.925+0000] {dag.py:4138} INFO - Setting next_dagrun for read_dataset_event_from_classic to 2024-09-11 00:00:00+00:00, run_after=2024-09-12 00:00:00+00:00
[2024-09-12T15:49:47.080+0000] {processor.py:208} INFO - Processing /home/airflow/.local/lib/python3.12/site-packages/airflow/example_dags/example_inlet_event_extra.py took 2.739 seconds
[2024-09-12T15:50:23.727+0000] {processor.py:186} INFO - Started process (PID=2350) to work on /home/airflow/.local/lib/python3.12/site-packages/airflow/example_dags/example_inlet_event_extra.py
[2024-09-12T15:50:23.741+0000] {processor.py:914} INFO - Processing file /home/airflow/.local/lib/python3.12/site-packages/airflow/example_dags/example_inlet_event_extra.py for tasks to queue
[2024-09-12T15:50:23.747+0000] {logging_mixin.py:190} INFO - [2024-09-12T15:50:23.746+0000] {dagbag.py:587} INFO - Filling up the DagBag from /home/airflow/.local/lib/python3.12/site-packages/airflow/example_dags/example_inlet_event_extra.py
[2024-09-12T15:50:25.840+0000] {processor.py:925} INFO - DAG(s) 'read_dataset_event_from_classic', 'read_dataset_event' retrieved from /home/airflow/.local/lib/python3.12/site-packages/airflow/example_dags/example_inlet_event_extra.py
[2024-09-12T15:50:33.362+0000] {logging_mixin.py:190} INFO - [2024-09-12T15:50:33.359+0000] {dag.py:3211} INFO - Sync 2 DAGs
[2024-09-12T15:50:33.575+0000] {logging_mixin.py:190} INFO - [2024-09-12T15:50:33.575+0000] {dag.py:4138} INFO - Setting next_dagrun for read_dataset_event to 2024-09-11 00:00:00+00:00, run_after=2024-09-12 00:00:00+00:00
[2024-09-12T15:50:33.607+0000] {logging_mixin.py:190} INFO - [2024-09-12T15:50:33.607+0000] {dag.py:4138} INFO - Setting next_dagrun for read_dataset_event_from_classic to 2024-09-11 00:00:00+00:00, run_after=2024-09-12 00:00:00+00:00
[2024-09-12T15:50:33.727+0000] {processor.py:208} INFO - Processing /home/airflow/.local/lib/python3.12/site-packages/airflow/example_dags/example_inlet_event_extra.py took 10.085 seconds
[2024-09-12T15:51:54.921+0000] {processor.py:186} INFO - Started process (PID=2438) to work on /home/airflow/.local/lib/python3.12/site-packages/airflow/example_dags/example_inlet_event_extra.py
[2024-09-12T15:51:54.940+0000] {processor.py:914} INFO - Processing file /home/airflow/.local/lib/python3.12/site-packages/airflow/example_dags/example_inlet_event_extra.py for tasks to queue
[2024-09-12T15:51:54.946+0000] {logging_mixin.py:190} INFO - [2024-09-12T15:51:54.943+0000] {dagbag.py:587} INFO - Filling up the DagBag from /home/airflow/.local/lib/python3.12/site-packages/airflow/example_dags/example_inlet_event_extra.py
[2024-09-12T15:51:56.863+0000] {processor.py:925} INFO - DAG(s) 'read_dataset_event', 'read_dataset_event_from_classic' retrieved from /home/airflow/.local/lib/python3.12/site-packages/airflow/example_dags/example_inlet_event_extra.py
[2024-09-12T15:51:57.019+0000] {logging_mixin.py:190} INFO - [2024-09-12T15:51:57.019+0000] {dag.py:3211} INFO - Sync 2 DAGs
[2024-09-12T15:51:58.852+0000] {logging_mixin.py:190} INFO - [2024-09-12T15:51:58.851+0000] {dag.py:4138} INFO - Setting next_dagrun for read_dataset_event to 2024-09-11 00:00:00+00:00, run_after=2024-09-12 00:00:00+00:00
[2024-09-12T15:51:58.882+0000] {logging_mixin.py:190} INFO - [2024-09-12T15:51:58.881+0000] {dag.py:4138} INFO - Setting next_dagrun for read_dataset_event_from_classic to 2024-09-11 00:00:00+00:00, run_after=2024-09-12 00:00:00+00:00
[2024-09-12T15:51:58.971+0000] {processor.py:208} INFO - Processing /home/airflow/.local/lib/python3.12/site-packages/airflow/example_dags/example_inlet_event_extra.py took 4.111 seconds
[2024-09-12T15:52:29.862+0000] {processor.py:186} INFO - Started process (PID=2508) to work on /home/airflow/.local/lib/python3.12/site-packages/airflow/example_dags/example_inlet_event_extra.py
[2024-09-12T15:52:29.865+0000] {processor.py:914} INFO - Processing file /home/airflow/.local/lib/python3.12/site-packages/airflow/example_dags/example_inlet_event_extra.py for tasks to queue
[2024-09-12T15:52:29.891+0000] {logging_mixin.py:190} INFO - [2024-09-12T15:52:29.890+0000] {dagbag.py:587} INFO - Filling up the DagBag from /home/airflow/.local/lib/python3.12/site-packages/airflow/example_dags/example_inlet_event_extra.py
[2024-09-12T15:52:31.881+0000] {processor.py:925} INFO - DAG(s) 'read_dataset_event_from_classic', 'read_dataset_event' retrieved from /home/airflow/.local/lib/python3.12/site-packages/airflow/example_dags/example_inlet_event_extra.py
[2024-09-12T15:52:32.116+0000] {logging_mixin.py:190} INFO - [2024-09-12T15:52:32.116+0000] {dag.py:3211} INFO - Sync 2 DAGs
[2024-09-12T15:52:33.196+0000] {logging_mixin.py:190} INFO - [2024-09-12T15:52:33.195+0000] {dag.py:4138} INFO - Setting next_dagrun for read_dataset_event to 2024-09-11 00:00:00+00:00, run_after=2024-09-12 00:00:00+00:00
[2024-09-12T15:52:33.216+0000] {logging_mixin.py:190} INFO - [2024-09-12T15:52:33.214+0000] {dag.py:4138} INFO - Setting next_dagrun for read_dataset_event_from_classic to 2024-09-11 00:00:00+00:00, run_after=2024-09-12 00:00:00+00:00
[2024-09-12T15:52:33.307+0000] {processor.py:208} INFO - Processing /home/airflow/.local/lib/python3.12/site-packages/airflow/example_dags/example_inlet_event_extra.py took 3.543 seconds
[2024-09-12T15:53:18.686+0000] {processor.py:186} INFO - Started process (PID=2581) to work on /home/airflow/.local/lib/python3.12/site-packages/airflow/example_dags/example_inlet_event_extra.py
[2024-09-12T15:53:18.690+0000] {processor.py:914} INFO - Processing file /home/airflow/.local/lib/python3.12/site-packages/airflow/example_dags/example_inlet_event_extra.py for tasks to queue
[2024-09-12T15:53:18.694+0000] {logging_mixin.py:190} INFO - [2024-09-12T15:53:18.693+0000] {dagbag.py:587} INFO - Filling up the DagBag from /home/airflow/.local/lib/python3.12/site-packages/airflow/example_dags/example_inlet_event_extra.py
[2024-09-12T15:53:20.937+0000] {processor.py:925} INFO - DAG(s) 'read_dataset_event_from_classic', 'read_dataset_event' retrieved from /home/airflow/.local/lib/python3.12/site-packages/airflow/example_dags/example_inlet_event_extra.py
[2024-09-12T15:53:21.069+0000] {logging_mixin.py:190} INFO - [2024-09-12T15:53:21.069+0000] {dag.py:3211} INFO - Sync 2 DAGs
[2024-09-12T15:53:22.690+0000] {logging_mixin.py:190} INFO - [2024-09-12T15:53:22.690+0000] {dag.py:4138} INFO - Setting next_dagrun for read_dataset_event to 2024-09-11 00:00:00+00:00, run_after=2024-09-12 00:00:00+00:00
[2024-09-12T15:53:22.716+0000] {logging_mixin.py:190} INFO - [2024-09-12T15:53:22.716+0000] {dag.py:4138} INFO - Setting next_dagrun for read_dataset_event_from_classic to 2024-09-11 00:00:00+00:00, run_after=2024-09-12 00:00:00+00:00
[2024-09-12T15:53:22.819+0000] {processor.py:208} INFO - Processing /home/airflow/.local/lib/python3.12/site-packages/airflow/example_dags/example_inlet_event_extra.py took 4.182 seconds
[2024-09-12T15:53:55.049+0000] {processor.py:186} INFO - Started process (PID=2648) to work on /home/airflow/.local/lib/python3.12/site-packages/airflow/example_dags/example_inlet_event_extra.py
[2024-09-12T15:53:55.059+0000] {processor.py:914} INFO - Processing file /home/airflow/.local/lib/python3.12/site-packages/airflow/example_dags/example_inlet_event_extra.py for tasks to queue
[2024-09-12T15:53:55.067+0000] {logging_mixin.py:190} INFO - [2024-09-12T15:53:55.066+0000] {dagbag.py:587} INFO - Filling up the DagBag from /home/airflow/.local/lib/python3.12/site-packages/airflow/example_dags/example_inlet_event_extra.py
[2024-09-12T15:53:59.592+0000] {processor.py:925} INFO - DAG(s) 'read_dataset_event', 'read_dataset_event_from_classic' retrieved from /home/airflow/.local/lib/python3.12/site-packages/airflow/example_dags/example_inlet_event_extra.py
[2024-09-12T15:53:59.810+0000] {logging_mixin.py:190} INFO - [2024-09-12T15:53:59.809+0000] {dag.py:3211} INFO - Sync 2 DAGs
[2024-09-12T15:54:00.039+0000] {logging_mixin.py:190} INFO - [2024-09-12T15:54:00.039+0000] {dag.py:4138} INFO - Setting next_dagrun for read_dataset_event to 2024-09-11 00:00:00+00:00, run_after=2024-09-12 00:00:00+00:00
[2024-09-12T15:54:00.101+0000] {logging_mixin.py:190} INFO - [2024-09-12T15:54:00.100+0000] {dag.py:4138} INFO - Setting next_dagrun for read_dataset_event_from_classic to 2024-09-11 00:00:00+00:00, run_after=2024-09-12 00:00:00+00:00
[2024-09-12T15:54:00.218+0000] {processor.py:208} INFO - Processing /home/airflow/.local/lib/python3.12/site-packages/airflow/example_dags/example_inlet_event_extra.py took 5.205 seconds
[2024-09-12T15:55:11.465+0000] {processor.py:186} INFO - Started process (PID=2714) to work on /home/airflow/.local/lib/python3.12/site-packages/airflow/example_dags/example_inlet_event_extra.py
[2024-09-12T15:55:11.481+0000] {processor.py:914} INFO - Processing file /home/airflow/.local/lib/python3.12/site-packages/airflow/example_dags/example_inlet_event_extra.py for tasks to queue
[2024-09-12T15:55:11.484+0000] {logging_mixin.py:190} INFO - [2024-09-12T15:55:11.483+0000] {dagbag.py:587} INFO - Filling up the DagBag from /home/airflow/.local/lib/python3.12/site-packages/airflow/example_dags/example_inlet_event_extra.py
[2024-09-12T15:55:19.847+0000] {processor.py:925} INFO - DAG(s) 'read_dataset_event_from_classic', 'read_dataset_event' retrieved from /home/airflow/.local/lib/python3.12/site-packages/airflow/example_dags/example_inlet_event_extra.py
[2024-09-12T15:55:20.046+0000] {logging_mixin.py:190} INFO - [2024-09-12T15:55:20.045+0000] {dag.py:3211} INFO - Sync 2 DAGs
[2024-09-12T15:55:20.282+0000] {logging_mixin.py:190} INFO - [2024-09-12T15:55:20.282+0000] {dag.py:4138} INFO - Setting next_dagrun for read_dataset_event to 2024-09-11 00:00:00+00:00, run_after=2024-09-12 00:00:00+00:00
[2024-09-12T15:55:20.308+0000] {logging_mixin.py:190} INFO - [2024-09-12T15:55:20.305+0000] {dag.py:4138} INFO - Setting next_dagrun for read_dataset_event_from_classic to 2024-09-11 00:00:00+00:00, run_after=2024-09-12 00:00:00+00:00
[2024-09-12T15:55:20.430+0000] {processor.py:208} INFO - Processing /home/airflow/.local/lib/python3.12/site-packages/airflow/example_dags/example_inlet_event_extra.py took 8.999 seconds
[2024-09-12T15:56:00.929+0000] {processor.py:186} INFO - Started process (PID=2780) to work on /home/airflow/.local/lib/python3.12/site-packages/airflow/example_dags/example_inlet_event_extra.py
[2024-09-12T15:56:00.934+0000] {processor.py:914} INFO - Processing file /home/airflow/.local/lib/python3.12/site-packages/airflow/example_dags/example_inlet_event_extra.py for tasks to queue
[2024-09-12T15:56:00.943+0000] {logging_mixin.py:190} INFO - [2024-09-12T15:56:00.938+0000] {dagbag.py:587} INFO - Filling up the DagBag from /home/airflow/.local/lib/python3.12/site-packages/airflow/example_dags/example_inlet_event_extra.py
[2024-09-12T15:56:04.138+0000] {processor.py:925} INFO - DAG(s) 'read_dataset_event', 'read_dataset_event_from_classic' retrieved from /home/airflow/.local/lib/python3.12/site-packages/airflow/example_dags/example_inlet_event_extra.py
[2024-09-12T15:56:04.578+0000] {logging_mixin.py:190} INFO - [2024-09-12T15:56:04.564+0000] {dag.py:3211} INFO - Sync 2 DAGs
[2024-09-12T15:56:04.963+0000] {logging_mixin.py:190} INFO - [2024-09-12T15:56:04.940+0000] {dag.py:4138} INFO - Setting next_dagrun for read_dataset_event to 2024-09-11 00:00:00+00:00, run_after=2024-09-12 00:00:00+00:00
[2024-09-12T15:56:05.079+0000] {logging_mixin.py:190} INFO - [2024-09-12T15:56:05.037+0000] {dag.py:4138} INFO - Setting next_dagrun for read_dataset_event_from_classic to 2024-09-11 00:00:00+00:00, run_after=2024-09-12 00:00:00+00:00
[2024-09-12T15:56:05.625+0000] {processor.py:208} INFO - Processing /home/airflow/.local/lib/python3.12/site-packages/airflow/example_dags/example_inlet_event_extra.py took 4.732 seconds
[2024-09-12T15:57:05.019+0000] {processor.py:186} INFO - Started process (PID=2859) to work on /home/airflow/.local/lib/python3.12/site-packages/airflow/example_dags/example_inlet_event_extra.py
[2024-09-12T15:57:05.022+0000] {processor.py:914} INFO - Processing file /home/airflow/.local/lib/python3.12/site-packages/airflow/example_dags/example_inlet_event_extra.py for tasks to queue
[2024-09-12T15:57:05.025+0000] {logging_mixin.py:190} INFO - [2024-09-12T15:57:05.024+0000] {dagbag.py:587} INFO - Filling up the DagBag from /home/airflow/.local/lib/python3.12/site-packages/airflow/example_dags/example_inlet_event_extra.py
[2024-09-12T15:57:06.687+0000] {processor.py:925} INFO - DAG(s) 'read_dataset_event_from_classic', 'read_dataset_event' retrieved from /home/airflow/.local/lib/python3.12/site-packages/airflow/example_dags/example_inlet_event_extra.py
[2024-09-12T15:57:06.898+0000] {logging_mixin.py:190} INFO - [2024-09-12T15:57:06.897+0000] {dag.py:3211} INFO - Sync 2 DAGs
[2024-09-12T15:57:06.990+0000] {logging_mixin.py:190} INFO - [2024-09-12T15:57:06.990+0000] {dag.py:4138} INFO - Setting next_dagrun for read_dataset_event to 2024-09-11 00:00:00+00:00, run_after=2024-09-12 00:00:00+00:00
[2024-09-12T15:57:07.013+0000] {logging_mixin.py:190} INFO - [2024-09-12T15:57:07.012+0000] {dag.py:4138} INFO - Setting next_dagrun for read_dataset_event_from_classic to 2024-09-11 00:00:00+00:00, run_after=2024-09-12 00:00:00+00:00
[2024-09-12T15:57:07.168+0000] {processor.py:208} INFO - Processing /home/airflow/.local/lib/python3.12/site-packages/airflow/example_dags/example_inlet_event_extra.py took 2.187 seconds
[2024-09-12T15:58:03.941+0000] {processor.py:186} INFO - Started process (PID=2950) to work on /home/airflow/.local/lib/python3.12/site-packages/airflow/example_dags/example_inlet_event_extra.py
[2024-09-12T15:58:03.946+0000] {processor.py:914} INFO - Processing file /home/airflow/.local/lib/python3.12/site-packages/airflow/example_dags/example_inlet_event_extra.py for tasks to queue
[2024-09-12T15:58:03.952+0000] {logging_mixin.py:190} INFO - [2024-09-12T15:58:03.950+0000] {dagbag.py:587} INFO - Filling up the DagBag from /home/airflow/.local/lib/python3.12/site-packages/airflow/example_dags/example_inlet_event_extra.py
[2024-09-12T15:58:12.374+0000] {processor.py:925} INFO - DAG(s) 'read_dataset_event', 'read_dataset_event_from_classic' retrieved from /home/airflow/.local/lib/python3.12/site-packages/airflow/example_dags/example_inlet_event_extra.py
[2024-09-12T15:58:14.045+0000] {logging_mixin.py:190} INFO - [2024-09-12T15:58:14.036+0000] {dag.py:3211} INFO - Sync 2 DAGs
[2024-09-12T15:58:14.325+0000] {logging_mixin.py:190} INFO - [2024-09-12T15:58:14.324+0000] {dag.py:4138} INFO - Setting next_dagrun for read_dataset_event to 2024-09-11 00:00:00+00:00, run_after=2024-09-12 00:00:00+00:00
[2024-09-12T15:58:14.401+0000] {logging_mixin.py:190} INFO - [2024-09-12T15:58:14.401+0000] {dag.py:4138} INFO - Setting next_dagrun for read_dataset_event_from_classic to 2024-09-11 00:00:00+00:00, run_after=2024-09-12 00:00:00+00:00
[2024-09-12T15:58:14.637+0000] {processor.py:208} INFO - Processing /home/airflow/.local/lib/python3.12/site-packages/airflow/example_dags/example_inlet_event_extra.py took 10.842 seconds
[2024-09-12T15:59:24.033+0000] {processor.py:186} INFO - Started process (PID=3021) to work on /home/airflow/.local/lib/python3.12/site-packages/airflow/example_dags/example_inlet_event_extra.py
[2024-09-12T15:59:24.037+0000] {processor.py:914} INFO - Processing file /home/airflow/.local/lib/python3.12/site-packages/airflow/example_dags/example_inlet_event_extra.py for tasks to queue
[2024-09-12T15:59:24.040+0000] {logging_mixin.py:190} INFO - [2024-09-12T15:59:24.039+0000] {dagbag.py:587} INFO - Filling up the DagBag from /home/airflow/.local/lib/python3.12/site-packages/airflow/example_dags/example_inlet_event_extra.py
[2024-09-12T15:59:35.115+0000] {processor.py:925} INFO - DAG(s) 'read_dataset_event_from_classic', 'read_dataset_event' retrieved from /home/airflow/.local/lib/python3.12/site-packages/airflow/example_dags/example_inlet_event_extra.py
[2024-09-12T15:59:35.971+0000] {logging_mixin.py:190} INFO - [2024-09-12T15:59:35.970+0000] {dag.py:3211} INFO - Sync 2 DAGs
[2024-09-12T15:59:36.239+0000] {logging_mixin.py:190} INFO - [2024-09-12T15:59:36.238+0000] {dag.py:4138} INFO - Setting next_dagrun for read_dataset_event to 2024-09-11 00:00:00+00:00, run_after=2024-09-12 00:00:00+00:00
[2024-09-12T15:59:36.283+0000] {logging_mixin.py:190} INFO - [2024-09-12T15:59:36.282+0000] {dag.py:4138} INFO - Setting next_dagrun for read_dataset_event_from_classic to 2024-09-11 00:00:00+00:00, run_after=2024-09-12 00:00:00+00:00
[2024-09-12T15:59:36.492+0000] {processor.py:208} INFO - Processing /home/airflow/.local/lib/python3.12/site-packages/airflow/example_dags/example_inlet_event_extra.py took 12.481 seconds
[2024-09-12T16:00:24.392+0000] {processor.py:186} INFO - Started process (PID=3097) to work on /home/airflow/.local/lib/python3.12/site-packages/airflow/example_dags/example_inlet_event_extra.py
[2024-09-12T16:00:24.397+0000] {processor.py:914} INFO - Processing file /home/airflow/.local/lib/python3.12/site-packages/airflow/example_dags/example_inlet_event_extra.py for tasks to queue
[2024-09-12T16:00:24.402+0000] {logging_mixin.py:190} INFO - [2024-09-12T16:00:24.402+0000] {dagbag.py:587} INFO - Filling up the DagBag from /home/airflow/.local/lib/python3.12/site-packages/airflow/example_dags/example_inlet_event_extra.py
[2024-09-12T16:00:27.952+0000] {processor.py:925} INFO - DAG(s) 'read_dataset_event', 'read_dataset_event_from_classic' retrieved from /home/airflow/.local/lib/python3.12/site-packages/airflow/example_dags/example_inlet_event_extra.py
[2024-09-12T16:00:30.439+0000] {logging_mixin.py:190} INFO - [2024-09-12T16:00:30.386+0000] {dag.py:3211} INFO - Sync 2 DAGs
[2024-09-12T16:00:30.653+0000] {logging_mixin.py:190} INFO - [2024-09-12T16:00:30.652+0000] {dag.py:4138} INFO - Setting next_dagrun for read_dataset_event to 2024-09-11 00:00:00+00:00, run_after=2024-09-12 00:00:00+00:00
[2024-09-12T16:00:30.689+0000] {logging_mixin.py:190} INFO - [2024-09-12T16:00:30.688+0000] {dag.py:4138} INFO - Setting next_dagrun for read_dataset_event_from_classic to 2024-09-11 00:00:00+00:00, run_after=2024-09-12 00:00:00+00:00
[2024-09-12T16:00:30.872+0000] {processor.py:208} INFO - Processing /home/airflow/.local/lib/python3.12/site-packages/airflow/example_dags/example_inlet_event_extra.py took 6.508 seconds
[2024-09-12T16:01:01.325+0000] {processor.py:186} INFO - Started process (PID=3159) to work on /home/airflow/.local/lib/python3.12/site-packages/airflow/example_dags/example_inlet_event_extra.py
[2024-09-12T16:01:01.327+0000] {processor.py:914} INFO - Processing file /home/airflow/.local/lib/python3.12/site-packages/airflow/example_dags/example_inlet_event_extra.py for tasks to queue
[2024-09-12T16:01:01.347+0000] {logging_mixin.py:190} INFO - [2024-09-12T16:01:01.346+0000] {dagbag.py:587} INFO - Filling up the DagBag from /home/airflow/.local/lib/python3.12/site-packages/airflow/example_dags/example_inlet_event_extra.py
[2024-09-12T16:01:03.536+0000] {processor.py:925} INFO - DAG(s) 'read_dataset_event_from_classic', 'read_dataset_event' retrieved from /home/airflow/.local/lib/python3.12/site-packages/airflow/example_dags/example_inlet_event_extra.py
[2024-09-12T16:01:03.878+0000] {logging_mixin.py:190} INFO - [2024-09-12T16:01:03.878+0000] {dag.py:3211} INFO - Sync 2 DAGs
[2024-09-12T16:01:04.089+0000] {logging_mixin.py:190} INFO - [2024-09-12T16:01:04.088+0000] {dag.py:4138} INFO - Setting next_dagrun for read_dataset_event to 2024-09-11 00:00:00+00:00, run_after=2024-09-12 00:00:00+00:00
[2024-09-12T16:01:04.127+0000] {logging_mixin.py:190} INFO - [2024-09-12T16:01:04.127+0000] {dag.py:4138} INFO - Setting next_dagrun for read_dataset_event_from_classic to 2024-09-11 00:00:00+00:00, run_after=2024-09-12 00:00:00+00:00
[2024-09-12T16:01:04.219+0000] {processor.py:208} INFO - Processing /home/airflow/.local/lib/python3.12/site-packages/airflow/example_dags/example_inlet_event_extra.py took 2.957 seconds
[2024-09-12T16:02:08.220+0000] {processor.py:186} INFO - Started process (PID=3226) to work on /home/airflow/.local/lib/python3.12/site-packages/airflow/example_dags/example_inlet_event_extra.py
[2024-09-12T16:02:08.250+0000] {processor.py:914} INFO - Processing file /home/airflow/.local/lib/python3.12/site-packages/airflow/example_dags/example_inlet_event_extra.py for tasks to queue
[2024-09-12T16:02:08.381+0000] {logging_mixin.py:190} INFO - [2024-09-12T16:02:08.285+0000] {dagbag.py:587} INFO - Filling up the DagBag from /home/airflow/.local/lib/python3.12/site-packages/airflow/example_dags/example_inlet_event_extra.py
[2024-09-12T16:02:15.774+0000] {processor.py:925} INFO - DAG(s) 'read_dataset_event', 'read_dataset_event_from_classic' retrieved from /home/airflow/.local/lib/python3.12/site-packages/airflow/example_dags/example_inlet_event_extra.py
[2024-09-12T16:02:15.955+0000] {logging_mixin.py:190} INFO - [2024-09-12T16:02:15.955+0000] {dag.py:3211} INFO - Sync 2 DAGs
[2024-09-12T16:02:16.174+0000] {logging_mixin.py:190} INFO - [2024-09-12T16:02:16.173+0000] {dag.py:4138} INFO - Setting next_dagrun for read_dataset_event to 2024-09-11 00:00:00+00:00, run_after=2024-09-12 00:00:00+00:00
[2024-09-12T16:02:16.199+0000] {logging_mixin.py:190} INFO - [2024-09-12T16:02:16.198+0000] {dag.py:4138} INFO - Setting next_dagrun for read_dataset_event_from_classic to 2024-09-11 00:00:00+00:00, run_after=2024-09-12 00:00:00+00:00
[2024-09-12T16:02:16.280+0000] {processor.py:208} INFO - Processing /home/airflow/.local/lib/python3.12/site-packages/airflow/example_dags/example_inlet_event_extra.py took 8.181 seconds
[2024-09-12T16:03:32.806+0000] {processor.py:186} INFO - Started process (PID=3321) to work on /home/airflow/.local/lib/python3.12/site-packages/airflow/example_dags/example_inlet_event_extra.py
[2024-09-12T16:03:32.821+0000] {processor.py:914} INFO - Processing file /home/airflow/.local/lib/python3.12/site-packages/airflow/example_dags/example_inlet_event_extra.py for tasks to queue
[2024-09-12T16:03:32.824+0000] {logging_mixin.py:190} INFO - [2024-09-12T16:03:32.823+0000] {dagbag.py:587} INFO - Filling up the DagBag from /home/airflow/.local/lib/python3.12/site-packages/airflow/example_dags/example_inlet_event_extra.py
[2024-09-12T16:03:34.581+0000] {processor.py:925} INFO - DAG(s) 'read_dataset_event_from_classic', 'read_dataset_event' retrieved from /home/airflow/.local/lib/python3.12/site-packages/airflow/example_dags/example_inlet_event_extra.py
[2024-09-12T16:03:34.709+0000] {logging_mixin.py:190} INFO - [2024-09-12T16:03:34.708+0000] {dag.py:3211} INFO - Sync 2 DAGs
[2024-09-12T16:03:34.898+0000] {logging_mixin.py:190} INFO - [2024-09-12T16:03:34.897+0000] {dag.py:4138} INFO - Setting next_dagrun for read_dataset_event to 2024-09-11 00:00:00+00:00, run_after=2024-09-12 00:00:00+00:00
[2024-09-12T16:03:34.938+0000] {logging_mixin.py:190} INFO - [2024-09-12T16:03:34.937+0000] {dag.py:4138} INFO - Setting next_dagrun for read_dataset_event_from_classic to 2024-09-11 00:00:00+00:00, run_after=2024-09-12 00:00:00+00:00
[2024-09-12T16:03:35.106+0000] {processor.py:208} INFO - Processing /home/airflow/.local/lib/python3.12/site-packages/airflow/example_dags/example_inlet_event_extra.py took 2.386 seconds
[2024-09-12T16:04:19.953+0000] {processor.py:186} INFO - Started process (PID=3392) to work on /home/airflow/.local/lib/python3.12/site-packages/airflow/example_dags/example_inlet_event_extra.py
[2024-09-12T16:04:19.986+0000] {processor.py:914} INFO - Processing file /home/airflow/.local/lib/python3.12/site-packages/airflow/example_dags/example_inlet_event_extra.py for tasks to queue
[2024-09-12T16:04:20.005+0000] {logging_mixin.py:190} INFO - [2024-09-12T16:04:20.004+0000] {dagbag.py:587} INFO - Filling up the DagBag from /home/airflow/.local/lib/python3.12/site-packages/airflow/example_dags/example_inlet_event_extra.py
[2024-09-12T16:04:25.535+0000] {processor.py:925} INFO - DAG(s) 'read_dataset_event_from_classic', 'read_dataset_event' retrieved from /home/airflow/.local/lib/python3.12/site-packages/airflow/example_dags/example_inlet_event_extra.py
[2024-09-12T16:04:25.769+0000] {logging_mixin.py:190} INFO - [2024-09-12T16:04:25.758+0000] {dag.py:3211} INFO - Sync 2 DAGs
[2024-09-12T16:04:25.997+0000] {logging_mixin.py:190} INFO - [2024-09-12T16:04:25.995+0000] {dag.py:4138} INFO - Setting next_dagrun for read_dataset_event to 2024-09-11 00:00:00+00:00, run_after=2024-09-12 00:00:00+00:00
[2024-09-12T16:04:26.036+0000] {logging_mixin.py:190} INFO - [2024-09-12T16:04:26.035+0000] {dag.py:4138} INFO - Setting next_dagrun for read_dataset_event_from_classic to 2024-09-11 00:00:00+00:00, run_after=2024-09-12 00:00:00+00:00
[2024-09-12T16:04:26.226+0000] {processor.py:208} INFO - Processing /home/airflow/.local/lib/python3.12/site-packages/airflow/example_dags/example_inlet_event_extra.py took 6.369 seconds
[2024-09-12T16:06:16.703+0000] {processor.py:186} INFO - Started process (PID=3484) to work on /home/airflow/.local/lib/python3.12/site-packages/airflow/example_dags/example_inlet_event_extra.py
[2024-09-12T16:06:16.716+0000] {processor.py:914} INFO - Processing file /home/airflow/.local/lib/python3.12/site-packages/airflow/example_dags/example_inlet_event_extra.py for tasks to queue
[2024-09-12T16:06:16.721+0000] {logging_mixin.py:190} INFO - [2024-09-12T16:06:16.719+0000] {dagbag.py:587} INFO - Filling up the DagBag from /home/airflow/.local/lib/python3.12/site-packages/airflow/example_dags/example_inlet_event_extra.py
[2024-09-12T16:06:36.446+0000] {processor.py:925} INFO - DAG(s) 'read_dataset_event_from_classic', 'read_dataset_event' retrieved from /home/airflow/.local/lib/python3.12/site-packages/airflow/example_dags/example_inlet_event_extra.py
[2024-09-12T16:06:36.577+0000] {logging_mixin.py:190} INFO - [2024-09-12T16:06:36.576+0000] {dag.py:3211} INFO - Sync 2 DAGs
[2024-09-12T16:06:36.761+0000] {logging_mixin.py:190} INFO - [2024-09-12T16:06:36.744+0000] {dag.py:4138} INFO - Setting next_dagrun for read_dataset_event to 2024-09-11 00:00:00+00:00, run_after=2024-09-12 00:00:00+00:00
[2024-09-12T16:06:36.844+0000] {logging_mixin.py:190} INFO - [2024-09-12T16:06:36.844+0000] {dag.py:4138} INFO - Setting next_dagrun for read_dataset_event_from_classic to 2024-09-11 00:00:00+00:00, run_after=2024-09-12 00:00:00+00:00
[2024-09-12T16:06:37.138+0000] {processor.py:208} INFO - Processing /home/airflow/.local/lib/python3.12/site-packages/airflow/example_dags/example_inlet_event_extra.py took 20.471 seconds
[2024-09-12T16:07:50.091+0000] {processor.py:186} INFO - Started process (PID=3553) to work on /home/airflow/.local/lib/python3.12/site-packages/airflow/example_dags/example_inlet_event_extra.py
[2024-09-12T16:07:50.101+0000] {processor.py:914} INFO - Processing file /home/airflow/.local/lib/python3.12/site-packages/airflow/example_dags/example_inlet_event_extra.py for tasks to queue
[2024-09-12T16:07:50.114+0000] {logging_mixin.py:190} INFO - [2024-09-12T16:07:50.113+0000] {dagbag.py:587} INFO - Filling up the DagBag from /home/airflow/.local/lib/python3.12/site-packages/airflow/example_dags/example_inlet_event_extra.py
[2024-09-12T16:07:51.203+0000] {processor.py:925} INFO - DAG(s) 'read_dataset_event', 'read_dataset_event_from_classic' retrieved from /home/airflow/.local/lib/python3.12/site-packages/airflow/example_dags/example_inlet_event_extra.py
[2024-09-12T16:07:51.330+0000] {logging_mixin.py:190} INFO - [2024-09-12T16:07:51.329+0000] {dag.py:3211} INFO - Sync 2 DAGs
[2024-09-12T16:07:51.482+0000] {logging_mixin.py:190} INFO - [2024-09-12T16:07:51.482+0000] {dag.py:4138} INFO - Setting next_dagrun for read_dataset_event to 2024-09-11 00:00:00+00:00, run_after=2024-09-12 00:00:00+00:00
[2024-09-12T16:07:51.521+0000] {logging_mixin.py:190} INFO - [2024-09-12T16:07:51.521+0000] {dag.py:4138} INFO - Setting next_dagrun for read_dataset_event_from_classic to 2024-09-11 00:00:00+00:00, run_after=2024-09-12 00:00:00+00:00
[2024-09-12T16:07:51.660+0000] {processor.py:208} INFO - Processing /home/airflow/.local/lib/python3.12/site-packages/airflow/example_dags/example_inlet_event_extra.py took 1.622 seconds
[2024-09-12T16:08:52.322+0000] {processor.py:186} INFO - Started process (PID=3630) to work on /home/airflow/.local/lib/python3.12/site-packages/airflow/example_dags/example_inlet_event_extra.py
[2024-09-12T16:08:52.333+0000] {processor.py:914} INFO - Processing file /home/airflow/.local/lib/python3.12/site-packages/airflow/example_dags/example_inlet_event_extra.py for tasks to queue
[2024-09-12T16:08:52.343+0000] {logging_mixin.py:190} INFO - [2024-09-12T16:08:52.342+0000] {dagbag.py:587} INFO - Filling up the DagBag from /home/airflow/.local/lib/python3.12/site-packages/airflow/example_dags/example_inlet_event_extra.py
[2024-09-12T16:08:54.788+0000] {processor.py:925} INFO - DAG(s) 'read_dataset_event_from_classic', 'read_dataset_event' retrieved from /home/airflow/.local/lib/python3.12/site-packages/airflow/example_dags/example_inlet_event_extra.py
[2024-09-12T16:08:55.306+0000] {logging_mixin.py:190} INFO - [2024-09-12T16:08:55.305+0000] {dag.py:3211} INFO - Sync 2 DAGs
[2024-09-12T16:08:55.560+0000] {logging_mixin.py:190} INFO - [2024-09-12T16:08:55.559+0000] {dag.py:4138} INFO - Setting next_dagrun for read_dataset_event to 2024-09-11 00:00:00+00:00, run_after=2024-09-12 00:00:00+00:00
[2024-09-12T16:08:55.621+0000] {logging_mixin.py:190} INFO - [2024-09-12T16:08:55.621+0000] {dag.py:4138} INFO - Setting next_dagrun for read_dataset_event_from_classic to 2024-09-11 00:00:00+00:00, run_after=2024-09-12 00:00:00+00:00
[2024-09-12T16:08:55.751+0000] {processor.py:208} INFO - Processing /home/airflow/.local/lib/python3.12/site-packages/airflow/example_dags/example_inlet_event_extra.py took 3.483 seconds
[2024-09-12T16:09:26.472+0000] {processor.py:186} INFO - Started process (PID=3698) to work on /home/airflow/.local/lib/python3.12/site-packages/airflow/example_dags/example_inlet_event_extra.py
[2024-09-12T16:09:26.477+0000] {processor.py:914} INFO - Processing file /home/airflow/.local/lib/python3.12/site-packages/airflow/example_dags/example_inlet_event_extra.py for tasks to queue
[2024-09-12T16:09:26.482+0000] {logging_mixin.py:190} INFO - [2024-09-12T16:09:26.480+0000] {dagbag.py:587} INFO - Filling up the DagBag from /home/airflow/.local/lib/python3.12/site-packages/airflow/example_dags/example_inlet_event_extra.py
[2024-09-12T16:09:27.273+0000] {processor.py:925} INFO - DAG(s) 'read_dataset_event_from_classic', 'read_dataset_event' retrieved from /home/airflow/.local/lib/python3.12/site-packages/airflow/example_dags/example_inlet_event_extra.py
[2024-09-12T16:09:27.488+0000] {logging_mixin.py:190} INFO - [2024-09-12T16:09:27.487+0000] {dag.py:3211} INFO - Sync 2 DAGs
[2024-09-12T16:09:27.684+0000] {logging_mixin.py:190} INFO - [2024-09-12T16:09:27.684+0000] {dag.py:4138} INFO - Setting next_dagrun for read_dataset_event to 2024-09-11 00:00:00+00:00, run_after=2024-09-12 00:00:00+00:00
[2024-09-12T16:09:27.722+0000] {logging_mixin.py:190} INFO - [2024-09-12T16:09:27.722+0000] {dag.py:4138} INFO - Setting next_dagrun for read_dataset_event_from_classic to 2024-09-11 00:00:00+00:00, run_after=2024-09-12 00:00:00+00:00
[2024-09-12T16:09:27.857+0000] {processor.py:208} INFO - Processing /home/airflow/.local/lib/python3.12/site-packages/airflow/example_dags/example_inlet_event_extra.py took 1.402 seconds
[2024-09-12T16:10:37.522+0000] {processor.py:186} INFO - Started process (PID=3761) to work on /home/airflow/.local/lib/python3.12/site-packages/airflow/example_dags/example_inlet_event_extra.py
[2024-09-12T16:10:37.524+0000] {processor.py:914} INFO - Processing file /home/airflow/.local/lib/python3.12/site-packages/airflow/example_dags/example_inlet_event_extra.py for tasks to queue
[2024-09-12T16:10:37.528+0000] {logging_mixin.py:190} INFO - [2024-09-12T16:10:37.527+0000] {dagbag.py:587} INFO - Filling up the DagBag from /home/airflow/.local/lib/python3.12/site-packages/airflow/example_dags/example_inlet_event_extra.py
[2024-09-12T16:10:38.405+0000] {processor.py:925} INFO - DAG(s) 'read_dataset_event', 'read_dataset_event_from_classic' retrieved from /home/airflow/.local/lib/python3.12/site-packages/airflow/example_dags/example_inlet_event_extra.py
[2024-09-12T16:10:38.574+0000] {logging_mixin.py:190} INFO - [2024-09-12T16:10:38.574+0000] {dag.py:3211} INFO - Sync 2 DAGs
[2024-09-12T16:10:38.717+0000] {logging_mixin.py:190} INFO - [2024-09-12T16:10:38.716+0000] {dag.py:4138} INFO - Setting next_dagrun for read_dataset_event to 2024-09-11 00:00:00+00:00, run_after=2024-09-12 00:00:00+00:00
[2024-09-12T16:10:38.737+0000] {logging_mixin.py:190} INFO - [2024-09-12T16:10:38.736+0000] {dag.py:4138} INFO - Setting next_dagrun for read_dataset_event_from_classic to 2024-09-11 00:00:00+00:00, run_after=2024-09-12 00:00:00+00:00
[2024-09-12T16:10:38.814+0000] {processor.py:208} INFO - Processing /home/airflow/.local/lib/python3.12/site-packages/airflow/example_dags/example_inlet_event_extra.py took 1.326 seconds
[2024-09-12T16:11:19.733+0000] {processor.py:186} INFO - Started process (PID=3827) to work on /home/airflow/.local/lib/python3.12/site-packages/airflow/example_dags/example_inlet_event_extra.py
[2024-09-12T16:11:19.735+0000] {processor.py:914} INFO - Processing file /home/airflow/.local/lib/python3.12/site-packages/airflow/example_dags/example_inlet_event_extra.py for tasks to queue
[2024-09-12T16:11:19.739+0000] {logging_mixin.py:190} INFO - [2024-09-12T16:11:19.738+0000] {dagbag.py:587} INFO - Filling up the DagBag from /home/airflow/.local/lib/python3.12/site-packages/airflow/example_dags/example_inlet_event_extra.py
[2024-09-12T16:11:21.932+0000] {processor.py:925} INFO - DAG(s) 'read_dataset_event', 'read_dataset_event_from_classic' retrieved from /home/airflow/.local/lib/python3.12/site-packages/airflow/example_dags/example_inlet_event_extra.py
[2024-09-12T16:11:22.236+0000] {logging_mixin.py:190} INFO - [2024-09-12T16:11:22.236+0000] {dag.py:3211} INFO - Sync 2 DAGs
[2024-09-12T16:11:22.437+0000] {logging_mixin.py:190} INFO - [2024-09-12T16:11:22.437+0000] {dag.py:4138} INFO - Setting next_dagrun for read_dataset_event to 2024-09-11 00:00:00+00:00, run_after=2024-09-12 00:00:00+00:00
[2024-09-12T16:11:22.497+0000] {logging_mixin.py:190} INFO - [2024-09-12T16:11:22.497+0000] {dag.py:4138} INFO - Setting next_dagrun for read_dataset_event_from_classic to 2024-09-11 00:00:00+00:00, run_after=2024-09-12 00:00:00+00:00
[2024-09-12T16:11:22.753+0000] {processor.py:208} INFO - Processing /home/airflow/.local/lib/python3.12/site-packages/airflow/example_dags/example_inlet_event_extra.py took 3.044 seconds
[2024-09-12T16:12:20.737+0000] {processor.py:186} INFO - Started process (PID=3902) to work on /home/airflow/.local/lib/python3.12/site-packages/airflow/example_dags/example_inlet_event_extra.py
[2024-09-12T16:12:20.748+0000] {processor.py:914} INFO - Processing file /home/airflow/.local/lib/python3.12/site-packages/airflow/example_dags/example_inlet_event_extra.py for tasks to queue
[2024-09-12T16:12:20.773+0000] {logging_mixin.py:190} INFO - [2024-09-12T16:12:20.765+0000] {dagbag.py:587} INFO - Filling up the DagBag from /home/airflow/.local/lib/python3.12/site-packages/airflow/example_dags/example_inlet_event_extra.py
[2024-09-12T16:12:22.549+0000] {processor.py:925} INFO - DAG(s) 'read_dataset_event', 'read_dataset_event_from_classic' retrieved from /home/airflow/.local/lib/python3.12/site-packages/airflow/example_dags/example_inlet_event_extra.py
[2024-09-12T16:12:22.798+0000] {logging_mixin.py:190} INFO - [2024-09-12T16:12:22.796+0000] {dag.py:3211} INFO - Sync 2 DAGs
[2024-09-12T16:12:23.014+0000] {logging_mixin.py:190} INFO - [2024-09-12T16:12:23.013+0000] {dag.py:4138} INFO - Setting next_dagrun for read_dataset_event to 2024-09-11 00:00:00+00:00, run_after=2024-09-12 00:00:00+00:00
[2024-09-12T16:12:23.043+0000] {logging_mixin.py:190} INFO - [2024-09-12T16:12:23.043+0000] {dag.py:4138} INFO - Setting next_dagrun for read_dataset_event_from_classic to 2024-09-11 00:00:00+00:00, run_after=2024-09-12 00:00:00+00:00
[2024-09-12T16:12:23.136+0000] {processor.py:208} INFO - Processing /home/airflow/.local/lib/python3.12/site-packages/airflow/example_dags/example_inlet_event_extra.py took 2.476 seconds
[2024-09-12T16:12:55.323+0000] {processor.py:186} INFO - Started process (PID=3968) to work on /home/airflow/.local/lib/python3.12/site-packages/airflow/example_dags/example_inlet_event_extra.py
[2024-09-12T16:12:55.326+0000] {processor.py:914} INFO - Processing file /home/airflow/.local/lib/python3.12/site-packages/airflow/example_dags/example_inlet_event_extra.py for tasks to queue
[2024-09-12T16:12:55.335+0000] {logging_mixin.py:190} INFO - [2024-09-12T16:12:55.333+0000] {dagbag.py:587} INFO - Filling up the DagBag from /home/airflow/.local/lib/python3.12/site-packages/airflow/example_dags/example_inlet_event_extra.py
[2024-09-12T16:12:55.991+0000] {processor.py:925} INFO - DAG(s) 'read_dataset_event_from_classic', 'read_dataset_event' retrieved from /home/airflow/.local/lib/python3.12/site-packages/airflow/example_dags/example_inlet_event_extra.py
[2024-09-12T16:12:56.190+0000] {logging_mixin.py:190} INFO - [2024-09-12T16:12:56.190+0000] {dag.py:3211} INFO - Sync 2 DAGs
[2024-09-12T16:12:56.363+0000] {logging_mixin.py:190} INFO - [2024-09-12T16:12:56.363+0000] {dag.py:4138} INFO - Setting next_dagrun for read_dataset_event to 2024-09-11 00:00:00+00:00, run_after=2024-09-12 00:00:00+00:00
[2024-09-12T16:12:56.395+0000] {logging_mixin.py:190} INFO - [2024-09-12T16:12:56.394+0000] {dag.py:4138} INFO - Setting next_dagrun for read_dataset_event_from_classic to 2024-09-11 00:00:00+00:00, run_after=2024-09-12 00:00:00+00:00
[2024-09-12T16:12:56.490+0000] {processor.py:208} INFO - Processing /home/airflow/.local/lib/python3.12/site-packages/airflow/example_dags/example_inlet_event_extra.py took 1.193 seconds
[2024-09-12T16:13:54.184+0000] {processor.py:186} INFO - Started process (PID=4028) to work on /home/airflow/.local/lib/python3.12/site-packages/airflow/example_dags/example_inlet_event_extra.py
[2024-09-12T16:13:54.190+0000] {processor.py:914} INFO - Processing file /home/airflow/.local/lib/python3.12/site-packages/airflow/example_dags/example_inlet_event_extra.py for tasks to queue
[2024-09-12T16:13:54.204+0000] {logging_mixin.py:190} INFO - [2024-09-12T16:13:54.203+0000] {dagbag.py:587} INFO - Filling up the DagBag from /home/airflow/.local/lib/python3.12/site-packages/airflow/example_dags/example_inlet_event_extra.py
[2024-09-12T16:13:55.431+0000] {processor.py:925} INFO - DAG(s) 'read_dataset_event_from_classic', 'read_dataset_event' retrieved from /home/airflow/.local/lib/python3.12/site-packages/airflow/example_dags/example_inlet_event_extra.py
[2024-09-12T16:13:55.498+0000] {logging_mixin.py:190} INFO - [2024-09-12T16:13:55.498+0000] {dag.py:3211} INFO - Sync 2 DAGs
[2024-09-12T16:13:55.565+0000] {logging_mixin.py:190} INFO - [2024-09-12T16:13:55.564+0000] {dag.py:4138} INFO - Setting next_dagrun for read_dataset_event to 2024-09-11 00:00:00+00:00, run_after=2024-09-12 00:00:00+00:00
[2024-09-12T16:13:55.578+0000] {logging_mixin.py:190} INFO - [2024-09-12T16:13:55.578+0000] {dag.py:4138} INFO - Setting next_dagrun for read_dataset_event_from_classic to 2024-09-11 00:00:00+00:00, run_after=2024-09-12 00:00:00+00:00
[2024-09-12T16:13:55.636+0000] {processor.py:208} INFO - Processing /home/airflow/.local/lib/python3.12/site-packages/airflow/example_dags/example_inlet_event_extra.py took 1.480 seconds
[2024-09-12T16:14:47.046+0000] {processor.py:186} INFO - Started process (PID=4096) to work on /home/airflow/.local/lib/python3.12/site-packages/airflow/example_dags/example_inlet_event_extra.py
[2024-09-12T16:14:47.063+0000] {processor.py:914} INFO - Processing file /home/airflow/.local/lib/python3.12/site-packages/airflow/example_dags/example_inlet_event_extra.py for tasks to queue
[2024-09-12T16:14:47.067+0000] {logging_mixin.py:190} INFO - [2024-09-12T16:14:47.066+0000] {dagbag.py:587} INFO - Filling up the DagBag from /home/airflow/.local/lib/python3.12/site-packages/airflow/example_dags/example_inlet_event_extra.py
[2024-09-12T16:14:47.917+0000] {processor.py:925} INFO - DAG(s) 'read_dataset_event', 'read_dataset_event_from_classic' retrieved from /home/airflow/.local/lib/python3.12/site-packages/airflow/example_dags/example_inlet_event_extra.py
[2024-09-12T16:14:48.120+0000] {logging_mixin.py:190} INFO - [2024-09-12T16:14:48.120+0000] {dag.py:3211} INFO - Sync 2 DAGs
[2024-09-12T16:14:48.325+0000] {logging_mixin.py:190} INFO - [2024-09-12T16:14:48.324+0000] {dag.py:4138} INFO - Setting next_dagrun for read_dataset_event to 2024-09-11 00:00:00+00:00, run_after=2024-09-12 00:00:00+00:00
[2024-09-12T16:14:48.365+0000] {logging_mixin.py:190} INFO - [2024-09-12T16:14:48.360+0000] {dag.py:4138} INFO - Setting next_dagrun for read_dataset_event_from_classic to 2024-09-11 00:00:00+00:00, run_after=2024-09-12 00:00:00+00:00
[2024-09-12T16:14:48.505+0000] {processor.py:208} INFO - Processing /home/airflow/.local/lib/python3.12/site-packages/airflow/example_dags/example_inlet_event_extra.py took 1.532 seconds
[2024-09-12T16:15:19.006+0000] {processor.py:186} INFO - Started process (PID=4157) to work on /home/airflow/.local/lib/python3.12/site-packages/airflow/example_dags/example_inlet_event_extra.py
[2024-09-12T16:15:19.020+0000] {processor.py:914} INFO - Processing file /home/airflow/.local/lib/python3.12/site-packages/airflow/example_dags/example_inlet_event_extra.py for tasks to queue
[2024-09-12T16:15:19.029+0000] {logging_mixin.py:190} INFO - [2024-09-12T16:15:19.028+0000] {dagbag.py:587} INFO - Filling up the DagBag from /home/airflow/.local/lib/python3.12/site-packages/airflow/example_dags/example_inlet_event_extra.py
[2024-09-12T16:15:19.847+0000] {processor.py:925} INFO - DAG(s) 'read_dataset_event', 'read_dataset_event_from_classic' retrieved from /home/airflow/.local/lib/python3.12/site-packages/airflow/example_dags/example_inlet_event_extra.py
[2024-09-12T16:15:20.002+0000] {logging_mixin.py:190} INFO - [2024-09-12T16:15:20.001+0000] {dag.py:3211} INFO - Sync 2 DAGs
[2024-09-12T16:15:20.100+0000] {logging_mixin.py:190} INFO - [2024-09-12T16:15:20.100+0000] {dag.py:4138} INFO - Setting next_dagrun for read_dataset_event to 2024-09-11 00:00:00+00:00, run_after=2024-09-12 00:00:00+00:00
[2024-09-12T16:15:20.123+0000] {logging_mixin.py:190} INFO - [2024-09-12T16:15:20.122+0000] {dag.py:4138} INFO - Setting next_dagrun for read_dataset_event_from_classic to 2024-09-11 00:00:00+00:00, run_after=2024-09-12 00:00:00+00:00
[2024-09-12T16:15:20.254+0000] {processor.py:208} INFO - Processing /home/airflow/.local/lib/python3.12/site-packages/airflow/example_dags/example_inlet_event_extra.py took 1.277 seconds
[2024-09-12T16:15:50.790+0000] {processor.py:186} INFO - Started process (PID=4227) to work on /home/airflow/.local/lib/python3.12/site-packages/airflow/example_dags/example_inlet_event_extra.py
[2024-09-12T16:15:50.797+0000] {processor.py:914} INFO - Processing file /home/airflow/.local/lib/python3.12/site-packages/airflow/example_dags/example_inlet_event_extra.py for tasks to queue
[2024-09-12T16:15:50.803+0000] {logging_mixin.py:190} INFO - [2024-09-12T16:15:50.802+0000] {dagbag.py:587} INFO - Filling up the DagBag from /home/airflow/.local/lib/python3.12/site-packages/airflow/example_dags/example_inlet_event_extra.py
[2024-09-12T16:15:51.998+0000] {processor.py:925} INFO - DAG(s) 'read_dataset_event', 'read_dataset_event_from_classic' retrieved from /home/airflow/.local/lib/python3.12/site-packages/airflow/example_dags/example_inlet_event_extra.py
[2024-09-12T16:15:52.138+0000] {logging_mixin.py:190} INFO - [2024-09-12T16:15:52.137+0000] {dag.py:3211} INFO - Sync 2 DAGs
[2024-09-12T16:15:52.342+0000] {logging_mixin.py:190} INFO - [2024-09-12T16:15:52.342+0000] {dag.py:4138} INFO - Setting next_dagrun for read_dataset_event to 2024-09-11 00:00:00+00:00, run_after=2024-09-12 00:00:00+00:00
[2024-09-12T16:15:52.381+0000] {logging_mixin.py:190} INFO - [2024-09-12T16:15:52.381+0000] {dag.py:4138} INFO - Setting next_dagrun for read_dataset_event_from_classic to 2024-09-11 00:00:00+00:00, run_after=2024-09-12 00:00:00+00:00
[2024-09-12T16:15:52.531+0000] {processor.py:208} INFO - Processing /home/airflow/.local/lib/python3.12/site-packages/airflow/example_dags/example_inlet_event_extra.py took 1.789 seconds
[2024-09-12T16:16:41.265+0000] {processor.py:186} INFO - Started process (PID=4297) to work on /home/airflow/.local/lib/python3.12/site-packages/airflow/example_dags/example_inlet_event_extra.py
[2024-09-12T16:16:41.271+0000] {processor.py:914} INFO - Processing file /home/airflow/.local/lib/python3.12/site-packages/airflow/example_dags/example_inlet_event_extra.py for tasks to queue
[2024-09-12T16:16:41.275+0000] {logging_mixin.py:190} INFO - [2024-09-12T16:16:41.274+0000] {dagbag.py:587} INFO - Filling up the DagBag from /home/airflow/.local/lib/python3.12/site-packages/airflow/example_dags/example_inlet_event_extra.py
[2024-09-12T16:16:43.822+0000] {processor.py:925} INFO - DAG(s) 'read_dataset_event', 'read_dataset_event_from_classic' retrieved from /home/airflow/.local/lib/python3.12/site-packages/airflow/example_dags/example_inlet_event_extra.py
[2024-09-12T16:16:46.226+0000] {logging_mixin.py:190} INFO - [2024-09-12T16:16:46.225+0000] {dag.py:3211} INFO - Sync 2 DAGs
[2024-09-12T16:16:46.580+0000] {logging_mixin.py:190} INFO - [2024-09-12T16:16:46.578+0000] {dag.py:4138} INFO - Setting next_dagrun for read_dataset_event to 2024-09-11 00:00:00+00:00, run_after=2024-09-12 00:00:00+00:00
[2024-09-12T16:16:46.600+0000] {logging_mixin.py:190} INFO - [2024-09-12T16:16:46.600+0000] {dag.py:4138} INFO - Setting next_dagrun for read_dataset_event_from_classic to 2024-09-11 00:00:00+00:00, run_after=2024-09-12 00:00:00+00:00
[2024-09-12T16:16:46.685+0000] {processor.py:208} INFO - Processing /home/airflow/.local/lib/python3.12/site-packages/airflow/example_dags/example_inlet_event_extra.py took 5.449 seconds
[2024-09-12T16:17:34.544+0000] {processor.py:186} INFO - Started process (PID=4364) to work on /home/airflow/.local/lib/python3.12/site-packages/airflow/example_dags/example_inlet_event_extra.py
[2024-09-12T16:17:34.551+0000] {processor.py:914} INFO - Processing file /home/airflow/.local/lib/python3.12/site-packages/airflow/example_dags/example_inlet_event_extra.py for tasks to queue
[2024-09-12T16:17:34.565+0000] {logging_mixin.py:190} INFO - [2024-09-12T16:17:34.564+0000] {dagbag.py:587} INFO - Filling up the DagBag from /home/airflow/.local/lib/python3.12/site-packages/airflow/example_dags/example_inlet_event_extra.py
[2024-09-12T16:17:36.631+0000] {processor.py:925} INFO - DAG(s) 'read_dataset_event', 'read_dataset_event_from_classic' retrieved from /home/airflow/.local/lib/python3.12/site-packages/airflow/example_dags/example_inlet_event_extra.py
[2024-09-12T16:17:36.776+0000] {logging_mixin.py:190} INFO - [2024-09-12T16:17:36.776+0000] {dag.py:3211} INFO - Sync 2 DAGs
[2024-09-12T16:17:36.953+0000] {logging_mixin.py:190} INFO - [2024-09-12T16:17:36.953+0000] {dag.py:4138} INFO - Setting next_dagrun for read_dataset_event to 2024-09-11 00:00:00+00:00, run_after=2024-09-12 00:00:00+00:00
[2024-09-12T16:17:36.990+0000] {logging_mixin.py:190} INFO - [2024-09-12T16:17:36.989+0000] {dag.py:4138} INFO - Setting next_dagrun for read_dataset_event_from_classic to 2024-09-11 00:00:00+00:00, run_after=2024-09-12 00:00:00+00:00
[2024-09-12T16:17:37.177+0000] {processor.py:208} INFO - Processing /home/airflow/.local/lib/python3.12/site-packages/airflow/example_dags/example_inlet_event_extra.py took 2.664 seconds
[2024-09-12T16:18:08.659+0000] {processor.py:186} INFO - Started process (PID=4431) to work on /home/airflow/.local/lib/python3.12/site-packages/airflow/example_dags/example_inlet_event_extra.py
[2024-09-12T16:18:08.672+0000] {processor.py:914} INFO - Processing file /home/airflow/.local/lib/python3.12/site-packages/airflow/example_dags/example_inlet_event_extra.py for tasks to queue
[2024-09-12T16:18:08.679+0000] {logging_mixin.py:190} INFO - [2024-09-12T16:18:08.678+0000] {dagbag.py:587} INFO - Filling up the DagBag from /home/airflow/.local/lib/python3.12/site-packages/airflow/example_dags/example_inlet_event_extra.py
[2024-09-12T16:18:11.403+0000] {processor.py:925} INFO - DAG(s) 'read_dataset_event', 'read_dataset_event_from_classic' retrieved from /home/airflow/.local/lib/python3.12/site-packages/airflow/example_dags/example_inlet_event_extra.py
[2024-09-12T16:18:12.994+0000] {logging_mixin.py:190} INFO - [2024-09-12T16:18:12.983+0000] {dag.py:3211} INFO - Sync 2 DAGs
[2024-09-12T16:18:13.208+0000] {logging_mixin.py:190} INFO - [2024-09-12T16:18:13.207+0000] {dag.py:4138} INFO - Setting next_dagrun for read_dataset_event to 2024-09-11 00:00:00+00:00, run_after=2024-09-12 00:00:00+00:00
[2024-09-12T16:18:13.230+0000] {logging_mixin.py:190} INFO - [2024-09-12T16:18:13.229+0000] {dag.py:4138} INFO - Setting next_dagrun for read_dataset_event_from_classic to 2024-09-11 00:00:00+00:00, run_after=2024-09-12 00:00:00+00:00
[2024-09-12T16:18:13.486+0000] {processor.py:208} INFO - Processing /home/airflow/.local/lib/python3.12/site-packages/airflow/example_dags/example_inlet_event_extra.py took 4.910 seconds
[2024-09-12T16:18:54.519+0000] {processor.py:186} INFO - Started process (PID=4499) to work on /home/airflow/.local/lib/python3.12/site-packages/airflow/example_dags/example_inlet_event_extra.py
[2024-09-12T16:18:54.532+0000] {processor.py:914} INFO - Processing file /home/airflow/.local/lib/python3.12/site-packages/airflow/example_dags/example_inlet_event_extra.py for tasks to queue
[2024-09-12T16:18:54.553+0000] {logging_mixin.py:190} INFO - [2024-09-12T16:18:54.552+0000] {dagbag.py:587} INFO - Filling up the DagBag from /home/airflow/.local/lib/python3.12/site-packages/airflow/example_dags/example_inlet_event_extra.py
[2024-09-12T16:18:55.357+0000] {processor.py:925} INFO - DAG(s) 'read_dataset_event', 'read_dataset_event_from_classic' retrieved from /home/airflow/.local/lib/python3.12/site-packages/airflow/example_dags/example_inlet_event_extra.py
[2024-09-12T16:18:55.533+0000] {logging_mixin.py:190} INFO - [2024-09-12T16:18:55.532+0000] {dag.py:3211} INFO - Sync 2 DAGs
[2024-09-12T16:18:55.638+0000] {logging_mixin.py:190} INFO - [2024-09-12T16:18:55.637+0000] {dag.py:4138} INFO - Setting next_dagrun for read_dataset_event to 2024-09-11 00:00:00+00:00, run_after=2024-09-12 00:00:00+00:00
[2024-09-12T16:18:55.664+0000] {logging_mixin.py:190} INFO - [2024-09-12T16:18:55.663+0000] {dag.py:4138} INFO - Setting next_dagrun for read_dataset_event_from_classic to 2024-09-11 00:00:00+00:00, run_after=2024-09-12 00:00:00+00:00
[2024-09-12T16:18:55.743+0000] {processor.py:208} INFO - Processing /home/airflow/.local/lib/python3.12/site-packages/airflow/example_dags/example_inlet_event_extra.py took 1.288 seconds
[2024-09-12T16:19:31.303+0000] {processor.py:186} INFO - Started process (PID=4562) to work on /home/airflow/.local/lib/python3.12/site-packages/airflow/example_dags/example_inlet_event_extra.py
[2024-09-12T16:19:31.320+0000] {processor.py:914} INFO - Processing file /home/airflow/.local/lib/python3.12/site-packages/airflow/example_dags/example_inlet_event_extra.py for tasks to queue
[2024-09-12T16:19:31.332+0000] {logging_mixin.py:190} INFO - [2024-09-12T16:19:31.331+0000] {dagbag.py:587} INFO - Filling up the DagBag from /home/airflow/.local/lib/python3.12/site-packages/airflow/example_dags/example_inlet_event_extra.py
[2024-09-12T16:19:32.306+0000] {processor.py:925} INFO - DAG(s) 'read_dataset_event', 'read_dataset_event_from_classic' retrieved from /home/airflow/.local/lib/python3.12/site-packages/airflow/example_dags/example_inlet_event_extra.py
[2024-09-12T16:19:32.474+0000] {logging_mixin.py:190} INFO - [2024-09-12T16:19:32.473+0000] {dag.py:3211} INFO - Sync 2 DAGs
[2024-09-12T16:19:32.664+0000] {logging_mixin.py:190} INFO - [2024-09-12T16:19:32.663+0000] {dag.py:4138} INFO - Setting next_dagrun for read_dataset_event to 2024-09-11 00:00:00+00:00, run_after=2024-09-12 00:00:00+00:00
[2024-09-12T16:19:32.719+0000] {logging_mixin.py:190} INFO - [2024-09-12T16:19:32.703+0000] {dag.py:4138} INFO - Setting next_dagrun for read_dataset_event_from_classic to 2024-09-11 00:00:00+00:00, run_after=2024-09-12 00:00:00+00:00
[2024-09-12T16:19:32.915+0000] {processor.py:208} INFO - Processing /home/airflow/.local/lib/python3.12/site-packages/airflow/example_dags/example_inlet_event_extra.py took 1.651 seconds
[2024-09-12T16:20:07.325+0000] {processor.py:186} INFO - Started process (PID=4624) to work on /home/airflow/.local/lib/python3.12/site-packages/airflow/example_dags/example_inlet_event_extra.py
[2024-09-12T16:20:07.328+0000] {processor.py:914} INFO - Processing file /home/airflow/.local/lib/python3.12/site-packages/airflow/example_dags/example_inlet_event_extra.py for tasks to queue
[2024-09-12T16:20:07.331+0000] {logging_mixin.py:190} INFO - [2024-09-12T16:20:07.330+0000] {dagbag.py:587} INFO - Filling up the DagBag from /home/airflow/.local/lib/python3.12/site-packages/airflow/example_dags/example_inlet_event_extra.py
[2024-09-12T16:20:08.675+0000] {processor.py:925} INFO - DAG(s) 'read_dataset_event_from_classic', 'read_dataset_event' retrieved from /home/airflow/.local/lib/python3.12/site-packages/airflow/example_dags/example_inlet_event_extra.py
[2024-09-12T16:20:08.913+0000] {logging_mixin.py:190} INFO - [2024-09-12T16:20:08.913+0000] {dag.py:3211} INFO - Sync 2 DAGs
[2024-09-12T16:20:09.085+0000] {logging_mixin.py:190} INFO - [2024-09-12T16:20:09.085+0000] {dag.py:4138} INFO - Setting next_dagrun for read_dataset_event to 2024-09-11 00:00:00+00:00, run_after=2024-09-12 00:00:00+00:00
[2024-09-12T16:20:09.123+0000] {logging_mixin.py:190} INFO - [2024-09-12T16:20:09.123+0000] {dag.py:4138} INFO - Setting next_dagrun for read_dataset_event_from_classic to 2024-09-11 00:00:00+00:00, run_after=2024-09-12 00:00:00+00:00
[2024-09-12T16:20:09.238+0000] {processor.py:208} INFO - Processing /home/airflow/.local/lib/python3.12/site-packages/airflow/example_dags/example_inlet_event_extra.py took 1.951 seconds
[2024-09-12T16:21:00.546+0000] {processor.py:186} INFO - Started process (PID=4688) to work on /home/airflow/.local/lib/python3.12/site-packages/airflow/example_dags/example_inlet_event_extra.py
[2024-09-12T16:21:00.568+0000] {processor.py:914} INFO - Processing file /home/airflow/.local/lib/python3.12/site-packages/airflow/example_dags/example_inlet_event_extra.py for tasks to queue
[2024-09-12T16:21:00.572+0000] {logging_mixin.py:190} INFO - [2024-09-12T16:21:00.571+0000] {dagbag.py:587} INFO - Filling up the DagBag from /home/airflow/.local/lib/python3.12/site-packages/airflow/example_dags/example_inlet_event_extra.py
[2024-09-12T16:21:02.180+0000] {processor.py:925} INFO - DAG(s) 'read_dataset_event_from_classic', 'read_dataset_event' retrieved from /home/airflow/.local/lib/python3.12/site-packages/airflow/example_dags/example_inlet_event_extra.py
[2024-09-12T16:21:02.457+0000] {logging_mixin.py:190} INFO - [2024-09-12T16:21:02.456+0000] {dag.py:3211} INFO - Sync 2 DAGs
[2024-09-12T16:21:02.692+0000] {logging_mixin.py:190} INFO - [2024-09-12T16:21:02.691+0000] {dag.py:4138} INFO - Setting next_dagrun for read_dataset_event to 2024-09-11 00:00:00+00:00, run_after=2024-09-12 00:00:00+00:00
[2024-09-12T16:21:02.723+0000] {logging_mixin.py:190} INFO - [2024-09-12T16:21:02.722+0000] {dag.py:4138} INFO - Setting next_dagrun for read_dataset_event_from_classic to 2024-09-11 00:00:00+00:00, run_after=2024-09-12 00:00:00+00:00
[2024-09-12T16:21:02.828+0000] {processor.py:208} INFO - Processing /home/airflow/.local/lib/python3.12/site-packages/airflow/example_dags/example_inlet_event_extra.py took 2.315 seconds
[2024-09-12T16:22:18.762+0000] {processor.py:186} INFO - Started process (PID=4766) to work on /home/airflow/.local/lib/python3.12/site-packages/airflow/example_dags/example_inlet_event_extra.py
[2024-09-12T16:22:18.778+0000] {processor.py:914} INFO - Processing file /home/airflow/.local/lib/python3.12/site-packages/airflow/example_dags/example_inlet_event_extra.py for tasks to queue
[2024-09-12T16:22:18.793+0000] {logging_mixin.py:190} INFO - [2024-09-12T16:22:18.792+0000] {dagbag.py:587} INFO - Filling up the DagBag from /home/airflow/.local/lib/python3.12/site-packages/airflow/example_dags/example_inlet_event_extra.py
[2024-09-12T16:22:19.779+0000] {processor.py:925} INFO - DAG(s) 'read_dataset_event_from_classic', 'read_dataset_event' retrieved from /home/airflow/.local/lib/python3.12/site-packages/airflow/example_dags/example_inlet_event_extra.py
[2024-09-12T16:22:19.927+0000] {logging_mixin.py:190} INFO - [2024-09-12T16:22:19.926+0000] {dag.py:3211} INFO - Sync 2 DAGs
[2024-09-12T16:22:20.179+0000] {logging_mixin.py:190} INFO - [2024-09-12T16:22:20.179+0000] {dag.py:4138} INFO - Setting next_dagrun for read_dataset_event to 2024-09-11 00:00:00+00:00, run_after=2024-09-12 00:00:00+00:00
[2024-09-12T16:22:20.205+0000] {logging_mixin.py:190} INFO - [2024-09-12T16:22:20.204+0000] {dag.py:4138} INFO - Setting next_dagrun for read_dataset_event_from_classic to 2024-09-11 00:00:00+00:00, run_after=2024-09-12 00:00:00+00:00
[2024-09-12T16:22:20.292+0000] {processor.py:208} INFO - Processing /home/airflow/.local/lib/python3.12/site-packages/airflow/example_dags/example_inlet_event_extra.py took 1.583 seconds
[2024-09-12T16:23:01.226+0000] {processor.py:186} INFO - Started process (PID=4839) to work on /home/airflow/.local/lib/python3.12/site-packages/airflow/example_dags/example_inlet_event_extra.py
[2024-09-12T16:23:01.237+0000] {processor.py:914} INFO - Processing file /home/airflow/.local/lib/python3.12/site-packages/airflow/example_dags/example_inlet_event_extra.py for tasks to queue
[2024-09-12T16:23:01.245+0000] {logging_mixin.py:190} INFO - [2024-09-12T16:23:01.244+0000] {dagbag.py:587} INFO - Filling up the DagBag from /home/airflow/.local/lib/python3.12/site-packages/airflow/example_dags/example_inlet_event_extra.py
[2024-09-12T16:23:02.531+0000] {processor.py:925} INFO - DAG(s) 'read_dataset_event_from_classic', 'read_dataset_event' retrieved from /home/airflow/.local/lib/python3.12/site-packages/airflow/example_dags/example_inlet_event_extra.py
[2024-09-12T16:23:02.729+0000] {logging_mixin.py:190} INFO - [2024-09-12T16:23:02.728+0000] {dag.py:3211} INFO - Sync 2 DAGs
[2024-09-12T16:23:02.900+0000] {logging_mixin.py:190} INFO - [2024-09-12T16:23:02.899+0000] {dag.py:4138} INFO - Setting next_dagrun for read_dataset_event to 2024-09-11 00:00:00+00:00, run_after=2024-09-12 00:00:00+00:00
[2024-09-12T16:23:02.924+0000] {logging_mixin.py:190} INFO - [2024-09-12T16:23:02.923+0000] {dag.py:4138} INFO - Setting next_dagrun for read_dataset_event_from_classic to 2024-09-11 00:00:00+00:00, run_after=2024-09-12 00:00:00+00:00
[2024-09-12T16:23:02.995+0000] {processor.py:208} INFO - Processing /home/airflow/.local/lib/python3.12/site-packages/airflow/example_dags/example_inlet_event_extra.py took 1.794 seconds
