[2024-09-12T14:59:20.299+0000] {processor.py:186} INFO - Started process (PID=135) to work on /home/airflow/.local/lib/python3.12/site-packages/airflow/example_dags/example_dynamic_task_mapping_with_no_taskflow_operators.py
[2024-09-12T14:59:20.361+0000] {processor.py:914} INFO - Processing file /home/airflow/.local/lib/python3.12/site-packages/airflow/example_dags/example_dynamic_task_mapping_with_no_taskflow_operators.py for tasks to queue
[2024-09-12T14:59:20.511+0000] {logging_mixin.py:190} INFO - [2024-09-12T14:59:20.511+0000] {dagbag.py:587} INFO - Filling up the DagBag from /home/airflow/.local/lib/python3.12/site-packages/airflow/example_dags/example_dynamic_task_mapping_with_no_taskflow_operators.py
[2024-09-12T14:59:21.020+0000] {processor.py:925} INFO - DAG(s) 'example_dynamic_task_mapping_with_no_taskflow_operators' retrieved from /home/airflow/.local/lib/python3.12/site-packages/airflow/example_dags/example_dynamic_task_mapping_with_no_taskflow_operators.py
[2024-09-12T14:59:21.499+0000] {logging_mixin.py:190} INFO - [2024-09-12T14:59:21.499+0000] {dag.py:3211} INFO - Sync 1 DAGs
[2024-09-12T14:59:22.373+0000] {logging_mixin.py:190} INFO - [2024-09-12T14:59:22.372+0000] {dag.py:4138} INFO - Setting next_dagrun for example_dynamic_task_mapping_with_no_taskflow_operators to 2024-09-11 00:00:00+00:00, run_after=2024-09-12 00:00:00+00:00
[2024-09-12T14:59:22.871+0000] {processor.py:208} INFO - Processing /home/airflow/.local/lib/python3.12/site-packages/airflow/example_dags/example_dynamic_task_mapping_with_no_taskflow_operators.py took 2.811 seconds
[2024-09-12T15:00:15.551+0000] {processor.py:186} INFO - Started process (PID=211) to work on /home/airflow/.local/lib/python3.12/site-packages/airflow/example_dags/example_dynamic_task_mapping_with_no_taskflow_operators.py
[2024-09-12T15:00:15.587+0000] {processor.py:914} INFO - Processing file /home/airflow/.local/lib/python3.12/site-packages/airflow/example_dags/example_dynamic_task_mapping_with_no_taskflow_operators.py for tasks to queue
[2024-09-12T15:00:15.603+0000] {logging_mixin.py:190} INFO - [2024-09-12T15:00:15.603+0000] {dagbag.py:587} INFO - Filling up the DagBag from /home/airflow/.local/lib/python3.12/site-packages/airflow/example_dags/example_dynamic_task_mapping_with_no_taskflow_operators.py
[2024-09-12T15:00:15.669+0000] {processor.py:925} INFO - DAG(s) 'example_dynamic_task_mapping_with_no_taskflow_operators' retrieved from /home/airflow/.local/lib/python3.12/site-packages/airflow/example_dags/example_dynamic_task_mapping_with_no_taskflow_operators.py
[2024-09-12T15:00:15.932+0000] {logging_mixin.py:190} INFO - [2024-09-12T15:00:15.931+0000] {dag.py:3211} INFO - Sync 1 DAGs
[2024-09-12T15:00:16.186+0000] {logging_mixin.py:190} INFO - [2024-09-12T15:00:16.185+0000] {dag.py:4138} INFO - Setting next_dagrun for example_dynamic_task_mapping_with_no_taskflow_operators to 2024-09-11 00:00:00+00:00, run_after=2024-09-12 00:00:00+00:00
[2024-09-12T15:00:16.449+0000] {processor.py:208} INFO - Processing /home/airflow/.local/lib/python3.12/site-packages/airflow/example_dags/example_dynamic_task_mapping_with_no_taskflow_operators.py took 0.979 seconds
[2024-09-12T15:01:30.455+0000] {processor.py:186} INFO - Started process (PID=293) to work on /home/airflow/.local/lib/python3.12/site-packages/airflow/example_dags/example_dynamic_task_mapping_with_no_taskflow_operators.py
[2024-09-12T15:01:30.472+0000] {processor.py:914} INFO - Processing file /home/airflow/.local/lib/python3.12/site-packages/airflow/example_dags/example_dynamic_task_mapping_with_no_taskflow_operators.py for tasks to queue
[2024-09-12T15:01:30.502+0000] {logging_mixin.py:190} INFO - [2024-09-12T15:01:30.502+0000] {dagbag.py:587} INFO - Filling up the DagBag from /home/airflow/.local/lib/python3.12/site-packages/airflow/example_dags/example_dynamic_task_mapping_with_no_taskflow_operators.py
[2024-09-12T15:01:30.632+0000] {processor.py:925} INFO - DAG(s) 'example_dynamic_task_mapping_with_no_taskflow_operators' retrieved from /home/airflow/.local/lib/python3.12/site-packages/airflow/example_dags/example_dynamic_task_mapping_with_no_taskflow_operators.py
[2024-09-12T15:01:31.234+0000] {logging_mixin.py:190} INFO - [2024-09-12T15:01:31.189+0000] {dag.py:3211} INFO - Sync 1 DAGs
[2024-09-12T15:01:31.586+0000] {logging_mixin.py:190} INFO - [2024-09-12T15:01:31.585+0000] {dag.py:4138} INFO - Setting next_dagrun for example_dynamic_task_mapping_with_no_taskflow_operators to 2024-09-11 00:00:00+00:00, run_after=2024-09-12 00:00:00+00:00
[2024-09-12T15:01:31.901+0000] {processor.py:208} INFO - Processing /home/airflow/.local/lib/python3.12/site-packages/airflow/example_dags/example_dynamic_task_mapping_with_no_taskflow_operators.py took 1.559 seconds
[2024-09-12T15:03:46.416+0000] {processor.py:186} INFO - Started process (PID=390) to work on /home/airflow/.local/lib/python3.12/site-packages/airflow/example_dags/example_dynamic_task_mapping_with_no_taskflow_operators.py
[2024-09-12T15:03:46.430+0000] {processor.py:914} INFO - Processing file /home/airflow/.local/lib/python3.12/site-packages/airflow/example_dags/example_dynamic_task_mapping_with_no_taskflow_operators.py for tasks to queue
[2024-09-12T15:03:46.447+0000] {logging_mixin.py:190} INFO - [2024-09-12T15:03:46.446+0000] {dagbag.py:587} INFO - Filling up the DagBag from /home/airflow/.local/lib/python3.12/site-packages/airflow/example_dags/example_dynamic_task_mapping_with_no_taskflow_operators.py
[2024-09-12T15:03:46.542+0000] {processor.py:925} INFO - DAG(s) 'example_dynamic_task_mapping_with_no_taskflow_operators' retrieved from /home/airflow/.local/lib/python3.12/site-packages/airflow/example_dags/example_dynamic_task_mapping_with_no_taskflow_operators.py
[2024-09-12T15:03:46.835+0000] {logging_mixin.py:190} INFO - [2024-09-12T15:03:46.834+0000] {dag.py:3211} INFO - Sync 1 DAGs
[2024-09-12T15:03:47.253+0000] {logging_mixin.py:190} INFO - [2024-09-12T15:03:47.252+0000] {dag.py:4138} INFO - Setting next_dagrun for example_dynamic_task_mapping_with_no_taskflow_operators to 2024-09-11 00:00:00+00:00, run_after=2024-09-12 00:00:00+00:00
[2024-09-12T15:03:47.457+0000] {processor.py:208} INFO - Processing /home/airflow/.local/lib/python3.12/site-packages/airflow/example_dags/example_dynamic_task_mapping_with_no_taskflow_operators.py took 1.091 seconds
[2024-09-12T15:04:41.165+0000] {processor.py:186} INFO - Started process (PID=462) to work on /home/airflow/.local/lib/python3.12/site-packages/airflow/example_dags/example_dynamic_task_mapping_with_no_taskflow_operators.py
[2024-09-12T15:04:41.185+0000] {processor.py:914} INFO - Processing file /home/airflow/.local/lib/python3.12/site-packages/airflow/example_dags/example_dynamic_task_mapping_with_no_taskflow_operators.py for tasks to queue
[2024-09-12T15:04:41.187+0000] {logging_mixin.py:190} INFO - [2024-09-12T15:04:41.186+0000] {dagbag.py:587} INFO - Filling up the DagBag from /home/airflow/.local/lib/python3.12/site-packages/airflow/example_dags/example_dynamic_task_mapping_with_no_taskflow_operators.py
[2024-09-12T15:04:41.314+0000] {processor.py:925} INFO - DAG(s) 'example_dynamic_task_mapping_with_no_taskflow_operators' retrieved from /home/airflow/.local/lib/python3.12/site-packages/airflow/example_dags/example_dynamic_task_mapping_with_no_taskflow_operators.py
[2024-09-12T15:04:41.437+0000] {logging_mixin.py:190} INFO - [2024-09-12T15:04:41.434+0000] {dag.py:3211} INFO - Sync 1 DAGs
[2024-09-12T15:04:41.635+0000] {logging_mixin.py:190} INFO - [2024-09-12T15:04:41.624+0000] {dag.py:4138} INFO - Setting next_dagrun for example_dynamic_task_mapping_with_no_taskflow_operators to 2024-09-11 00:00:00+00:00, run_after=2024-09-12 00:00:00+00:00
[2024-09-12T15:04:41.834+0000] {processor.py:208} INFO - Processing /home/airflow/.local/lib/python3.12/site-packages/airflow/example_dags/example_dynamic_task_mapping_with_no_taskflow_operators.py took 0.800 seconds
[2024-09-12T15:06:13.179+0000] {processor.py:186} INFO - Started process (PID=562) to work on /home/airflow/.local/lib/python3.12/site-packages/airflow/example_dags/example_dynamic_task_mapping_with_no_taskflow_operators.py
[2024-09-12T15:06:13.182+0000] {processor.py:914} INFO - Processing file /home/airflow/.local/lib/python3.12/site-packages/airflow/example_dags/example_dynamic_task_mapping_with_no_taskflow_operators.py for tasks to queue
[2024-09-12T15:06:13.198+0000] {logging_mixin.py:190} INFO - [2024-09-12T15:06:13.197+0000] {dagbag.py:587} INFO - Filling up the DagBag from /home/airflow/.local/lib/python3.12/site-packages/airflow/example_dags/example_dynamic_task_mapping_with_no_taskflow_operators.py
[2024-09-12T15:06:13.315+0000] {processor.py:925} INFO - DAG(s) 'example_dynamic_task_mapping_with_no_taskflow_operators' retrieved from /home/airflow/.local/lib/python3.12/site-packages/airflow/example_dags/example_dynamic_task_mapping_with_no_taskflow_operators.py
[2024-09-12T15:06:13.656+0000] {logging_mixin.py:190} INFO - [2024-09-12T15:06:13.656+0000] {dag.py:3211} INFO - Sync 1 DAGs
[2024-09-12T15:06:13.803+0000] {logging_mixin.py:190} INFO - [2024-09-12T15:06:13.802+0000] {dag.py:4138} INFO - Setting next_dagrun for example_dynamic_task_mapping_with_no_taskflow_operators to 2024-09-11 00:00:00+00:00, run_after=2024-09-12 00:00:00+00:00
[2024-09-12T15:06:13.866+0000] {processor.py:208} INFO - Processing /home/airflow/.local/lib/python3.12/site-packages/airflow/example_dags/example_dynamic_task_mapping_with_no_taskflow_operators.py took 0.801 seconds
[2024-09-12T15:07:34.173+0000] {processor.py:186} INFO - Started process (PID=658) to work on /home/airflow/.local/lib/python3.12/site-packages/airflow/example_dags/example_dynamic_task_mapping_with_no_taskflow_operators.py
[2024-09-12T15:07:34.177+0000] {processor.py:914} INFO - Processing file /home/airflow/.local/lib/python3.12/site-packages/airflow/example_dags/example_dynamic_task_mapping_with_no_taskflow_operators.py for tasks to queue
[2024-09-12T15:07:34.185+0000] {logging_mixin.py:190} INFO - [2024-09-12T15:07:34.182+0000] {dagbag.py:587} INFO - Filling up the DagBag from /home/airflow/.local/lib/python3.12/site-packages/airflow/example_dags/example_dynamic_task_mapping_with_no_taskflow_operators.py
[2024-09-12T15:07:34.480+0000] {processor.py:925} INFO - DAG(s) 'example_dynamic_task_mapping_with_no_taskflow_operators' retrieved from /home/airflow/.local/lib/python3.12/site-packages/airflow/example_dags/example_dynamic_task_mapping_with_no_taskflow_operators.py
[2024-09-12T15:07:34.764+0000] {logging_mixin.py:190} INFO - [2024-09-12T15:07:34.764+0000] {dag.py:3211} INFO - Sync 1 DAGs
[2024-09-12T15:07:35.208+0000] {logging_mixin.py:190} INFO - [2024-09-12T15:07:35.207+0000] {dag.py:4138} INFO - Setting next_dagrun for example_dynamic_task_mapping_with_no_taskflow_operators to 2024-09-11 00:00:00+00:00, run_after=2024-09-12 00:00:00+00:00
[2024-09-12T15:07:35.477+0000] {processor.py:208} INFO - Processing /home/airflow/.local/lib/python3.12/site-packages/airflow/example_dags/example_dynamic_task_mapping_with_no_taskflow_operators.py took 1.316 seconds
[2024-09-12T15:09:03.662+0000] {processor.py:186} INFO - Started process (PID=747) to work on /home/airflow/.local/lib/python3.12/site-packages/airflow/example_dags/example_dynamic_task_mapping_with_no_taskflow_operators.py
[2024-09-12T15:09:03.678+0000] {processor.py:914} INFO - Processing file /home/airflow/.local/lib/python3.12/site-packages/airflow/example_dags/example_dynamic_task_mapping_with_no_taskflow_operators.py for tasks to queue
[2024-09-12T15:09:03.698+0000] {logging_mixin.py:190} INFO - [2024-09-12T15:09:03.685+0000] {dagbag.py:587} INFO - Filling up the DagBag from /home/airflow/.local/lib/python3.12/site-packages/airflow/example_dags/example_dynamic_task_mapping_with_no_taskflow_operators.py
[2024-09-12T15:09:03.973+0000] {processor.py:925} INFO - DAG(s) 'example_dynamic_task_mapping_with_no_taskflow_operators' retrieved from /home/airflow/.local/lib/python3.12/site-packages/airflow/example_dags/example_dynamic_task_mapping_with_no_taskflow_operators.py
[2024-09-12T15:09:04.198+0000] {logging_mixin.py:190} INFO - [2024-09-12T15:09:04.198+0000] {dag.py:3211} INFO - Sync 1 DAGs
[2024-09-12T15:09:04.364+0000] {logging_mixin.py:190} INFO - [2024-09-12T15:09:04.363+0000] {dag.py:4138} INFO - Setting next_dagrun for example_dynamic_task_mapping_with_no_taskflow_operators to 2024-09-11 00:00:00+00:00, run_after=2024-09-12 00:00:00+00:00
[2024-09-12T15:09:04.556+0000] {processor.py:208} INFO - Processing /home/airflow/.local/lib/python3.12/site-packages/airflow/example_dags/example_dynamic_task_mapping_with_no_taskflow_operators.py took 1.139 seconds
[2024-09-12T15:10:14.496+0000] {processor.py:186} INFO - Started process (PID=826) to work on /home/airflow/.local/lib/python3.12/site-packages/airflow/example_dags/example_dynamic_task_mapping_with_no_taskflow_operators.py
[2024-09-12T15:10:14.503+0000] {processor.py:914} INFO - Processing file /home/airflow/.local/lib/python3.12/site-packages/airflow/example_dags/example_dynamic_task_mapping_with_no_taskflow_operators.py for tasks to queue
[2024-09-12T15:10:14.532+0000] {logging_mixin.py:190} INFO - [2024-09-12T15:10:14.531+0000] {dagbag.py:587} INFO - Filling up the DagBag from /home/airflow/.local/lib/python3.12/site-packages/airflow/example_dags/example_dynamic_task_mapping_with_no_taskflow_operators.py
[2024-09-12T15:10:14.629+0000] {processor.py:925} INFO - DAG(s) 'example_dynamic_task_mapping_with_no_taskflow_operators' retrieved from /home/airflow/.local/lib/python3.12/site-packages/airflow/example_dags/example_dynamic_task_mapping_with_no_taskflow_operators.py
[2024-09-12T15:10:14.860+0000] {logging_mixin.py:190} INFO - [2024-09-12T15:10:14.859+0000] {dag.py:3211} INFO - Sync 1 DAGs
[2024-09-12T15:10:15.213+0000] {logging_mixin.py:190} INFO - [2024-09-12T15:10:15.212+0000] {dag.py:4138} INFO - Setting next_dagrun for example_dynamic_task_mapping_with_no_taskflow_operators to 2024-09-11 00:00:00+00:00, run_after=2024-09-12 00:00:00+00:00
[2024-09-12T15:10:15.442+0000] {processor.py:208} INFO - Processing /home/airflow/.local/lib/python3.12/site-packages/airflow/example_dags/example_dynamic_task_mapping_with_no_taskflow_operators.py took 1.027 seconds
[2024-09-12T15:11:34.681+0000] {processor.py:186} INFO - Started process (PID=930) to work on /home/airflow/.local/lib/python3.12/site-packages/airflow/example_dags/example_dynamic_task_mapping_with_no_taskflow_operators.py
[2024-09-12T15:11:34.683+0000] {processor.py:914} INFO - Processing file /home/airflow/.local/lib/python3.12/site-packages/airflow/example_dags/example_dynamic_task_mapping_with_no_taskflow_operators.py for tasks to queue
[2024-09-12T15:11:34.699+0000] {logging_mixin.py:190} INFO - [2024-09-12T15:11:34.698+0000] {dagbag.py:587} INFO - Filling up the DagBag from /home/airflow/.local/lib/python3.12/site-packages/airflow/example_dags/example_dynamic_task_mapping_with_no_taskflow_operators.py
[2024-09-12T15:11:34.786+0000] {processor.py:925} INFO - DAG(s) 'example_dynamic_task_mapping_with_no_taskflow_operators' retrieved from /home/airflow/.local/lib/python3.12/site-packages/airflow/example_dags/example_dynamic_task_mapping_with_no_taskflow_operators.py
[2024-09-12T15:11:35.003+0000] {logging_mixin.py:190} INFO - [2024-09-12T15:11:35.002+0000] {dag.py:3211} INFO - Sync 1 DAGs
[2024-09-12T15:11:35.215+0000] {logging_mixin.py:190} INFO - [2024-09-12T15:11:35.214+0000] {dag.py:4138} INFO - Setting next_dagrun for example_dynamic_task_mapping_with_no_taskflow_operators to 2024-09-11 00:00:00+00:00, run_after=2024-09-12 00:00:00+00:00
[2024-09-12T15:11:35.318+0000] {processor.py:208} INFO - Processing /home/airflow/.local/lib/python3.12/site-packages/airflow/example_dags/example_dynamic_task_mapping_with_no_taskflow_operators.py took 0.670 seconds
[2024-09-12T15:15:41.501+0000] {processor.py:186} INFO - Started process (PID=137) to work on /home/airflow/.local/lib/python3.12/site-packages/airflow/example_dags/example_dynamic_task_mapping_with_no_taskflow_operators.py
[2024-09-12T15:15:41.530+0000] {processor.py:914} INFO - Processing file /home/airflow/.local/lib/python3.12/site-packages/airflow/example_dags/example_dynamic_task_mapping_with_no_taskflow_operators.py for tasks to queue
[2024-09-12T15:15:41.536+0000] {logging_mixin.py:190} INFO - [2024-09-12T15:15:41.535+0000] {dagbag.py:587} INFO - Filling up the DagBag from /home/airflow/.local/lib/python3.12/site-packages/airflow/example_dags/example_dynamic_task_mapping_with_no_taskflow_operators.py
[2024-09-12T15:15:41.606+0000] {processor.py:925} INFO - DAG(s) 'example_dynamic_task_mapping_with_no_taskflow_operators' retrieved from /home/airflow/.local/lib/python3.12/site-packages/airflow/example_dags/example_dynamic_task_mapping_with_no_taskflow_operators.py
[2024-09-12T15:15:41.742+0000] {logging_mixin.py:190} INFO - [2024-09-12T15:15:41.741+0000] {dag.py:3211} INFO - Sync 1 DAGs
[2024-09-12T15:15:41.959+0000] {logging_mixin.py:190} INFO - [2024-09-12T15:15:41.959+0000] {dag.py:4138} INFO - Setting next_dagrun for example_dynamic_task_mapping_with_no_taskflow_operators to 2024-09-11 00:00:00+00:00, run_after=2024-09-12 00:00:00+00:00
[2024-09-12T15:15:42.200+0000] {processor.py:208} INFO - Processing /home/airflow/.local/lib/python3.12/site-packages/airflow/example_dags/example_dynamic_task_mapping_with_no_taskflow_operators.py took 0.727 seconds
[2024-09-12T15:17:30.713+0000] {processor.py:186} INFO - Started process (PID=252) to work on /home/airflow/.local/lib/python3.12/site-packages/airflow/example_dags/example_dynamic_task_mapping_with_no_taskflow_operators.py
[2024-09-12T15:17:30.727+0000] {processor.py:914} INFO - Processing file /home/airflow/.local/lib/python3.12/site-packages/airflow/example_dags/example_dynamic_task_mapping_with_no_taskflow_operators.py for tasks to queue
[2024-09-12T15:17:30.745+0000] {logging_mixin.py:190} INFO - [2024-09-12T15:17:30.745+0000] {dagbag.py:587} INFO - Filling up the DagBag from /home/airflow/.local/lib/python3.12/site-packages/airflow/example_dags/example_dynamic_task_mapping_with_no_taskflow_operators.py
[2024-09-12T15:17:30.818+0000] {processor.py:925} INFO - DAG(s) 'example_dynamic_task_mapping_with_no_taskflow_operators' retrieved from /home/airflow/.local/lib/python3.12/site-packages/airflow/example_dags/example_dynamic_task_mapping_with_no_taskflow_operators.py
[2024-09-12T15:17:30.961+0000] {logging_mixin.py:190} INFO - [2024-09-12T15:17:30.960+0000] {dag.py:3211} INFO - Sync 1 DAGs
[2024-09-12T15:17:31.164+0000] {logging_mixin.py:190} INFO - [2024-09-12T15:17:31.164+0000] {dag.py:4138} INFO - Setting next_dagrun for example_dynamic_task_mapping_with_no_taskflow_operators to 2024-09-11 00:00:00+00:00, run_after=2024-09-12 00:00:00+00:00
[2024-09-12T15:17:31.380+0000] {processor.py:208} INFO - Processing /home/airflow/.local/lib/python3.12/site-packages/airflow/example_dags/example_dynamic_task_mapping_with_no_taskflow_operators.py took 0.757 seconds
[2024-09-12T15:18:39.613+0000] {processor.py:186} INFO - Started process (PID=345) to work on /home/airflow/.local/lib/python3.12/site-packages/airflow/example_dags/example_dynamic_task_mapping_with_no_taskflow_operators.py
[2024-09-12T15:18:39.683+0000] {processor.py:914} INFO - Processing file /home/airflow/.local/lib/python3.12/site-packages/airflow/example_dags/example_dynamic_task_mapping_with_no_taskflow_operators.py for tasks to queue
[2024-09-12T15:18:39.718+0000] {logging_mixin.py:190} INFO - [2024-09-12T15:18:39.717+0000] {dagbag.py:587} INFO - Filling up the DagBag from /home/airflow/.local/lib/python3.12/site-packages/airflow/example_dags/example_dynamic_task_mapping_with_no_taskflow_operators.py
[2024-09-12T15:18:39.820+0000] {processor.py:925} INFO - DAG(s) 'example_dynamic_task_mapping_with_no_taskflow_operators' retrieved from /home/airflow/.local/lib/python3.12/site-packages/airflow/example_dags/example_dynamic_task_mapping_with_no_taskflow_operators.py
[2024-09-12T15:18:39.958+0000] {logging_mixin.py:190} INFO - [2024-09-12T15:18:39.958+0000] {dag.py:3211} INFO - Sync 1 DAGs
[2024-09-12T15:18:40.220+0000] {logging_mixin.py:190} INFO - [2024-09-12T15:18:40.219+0000] {dag.py:4138} INFO - Setting next_dagrun for example_dynamic_task_mapping_with_no_taskflow_operators to 2024-09-11 00:00:00+00:00, run_after=2024-09-12 00:00:00+00:00
[2024-09-12T15:18:40.371+0000] {processor.py:208} INFO - Processing /home/airflow/.local/lib/python3.12/site-packages/airflow/example_dags/example_dynamic_task_mapping_with_no_taskflow_operators.py took 0.921 seconds
[2024-09-12T15:19:55.372+0000] {processor.py:186} INFO - Started process (PID=434) to work on /home/airflow/.local/lib/python3.12/site-packages/airflow/example_dags/example_dynamic_task_mapping_with_no_taskflow_operators.py
[2024-09-12T15:19:55.391+0000] {processor.py:914} INFO - Processing file /home/airflow/.local/lib/python3.12/site-packages/airflow/example_dags/example_dynamic_task_mapping_with_no_taskflow_operators.py for tasks to queue
[2024-09-12T15:19:55.408+0000] {logging_mixin.py:190} INFO - [2024-09-12T15:19:55.407+0000] {dagbag.py:587} INFO - Filling up the DagBag from /home/airflow/.local/lib/python3.12/site-packages/airflow/example_dags/example_dynamic_task_mapping_with_no_taskflow_operators.py
[2024-09-12T15:19:55.492+0000] {processor.py:925} INFO - DAG(s) 'example_dynamic_task_mapping_with_no_taskflow_operators' retrieved from /home/airflow/.local/lib/python3.12/site-packages/airflow/example_dags/example_dynamic_task_mapping_with_no_taskflow_operators.py
[2024-09-12T15:19:55.574+0000] {logging_mixin.py:190} INFO - [2024-09-12T15:19:55.572+0000] {dag.py:3211} INFO - Sync 1 DAGs
[2024-09-12T15:19:55.695+0000] {logging_mixin.py:190} INFO - [2024-09-12T15:19:55.695+0000] {dag.py:4138} INFO - Setting next_dagrun for example_dynamic_task_mapping_with_no_taskflow_operators to 2024-09-11 00:00:00+00:00, run_after=2024-09-12 00:00:00+00:00
[2024-09-12T15:19:55.857+0000] {processor.py:208} INFO - Processing /home/airflow/.local/lib/python3.12/site-packages/airflow/example_dags/example_dynamic_task_mapping_with_no_taskflow_operators.py took 0.544 seconds
[2024-09-12T15:21:00.970+0000] {processor.py:186} INFO - Started process (PID=528) to work on /home/airflow/.local/lib/python3.12/site-packages/airflow/example_dags/example_dynamic_task_mapping_with_no_taskflow_operators.py
[2024-09-12T15:21:00.985+0000] {processor.py:914} INFO - Processing file /home/airflow/.local/lib/python3.12/site-packages/airflow/example_dags/example_dynamic_task_mapping_with_no_taskflow_operators.py for tasks to queue
[2024-09-12T15:21:01.020+0000] {logging_mixin.py:190} INFO - [2024-09-12T15:21:01.020+0000] {dagbag.py:587} INFO - Filling up the DagBag from /home/airflow/.local/lib/python3.12/site-packages/airflow/example_dags/example_dynamic_task_mapping_with_no_taskflow_operators.py
[2024-09-12T15:21:01.161+0000] {processor.py:925} INFO - DAG(s) 'example_dynamic_task_mapping_with_no_taskflow_operators' retrieved from /home/airflow/.local/lib/python3.12/site-packages/airflow/example_dags/example_dynamic_task_mapping_with_no_taskflow_operators.py
[2024-09-12T15:21:01.328+0000] {logging_mixin.py:190} INFO - [2024-09-12T15:21:01.327+0000] {dag.py:3211} INFO - Sync 1 DAGs
[2024-09-12T15:21:01.453+0000] {logging_mixin.py:190} INFO - [2024-09-12T15:21:01.452+0000] {dag.py:4138} INFO - Setting next_dagrun for example_dynamic_task_mapping_with_no_taskflow_operators to 2024-09-11 00:00:00+00:00, run_after=2024-09-12 00:00:00+00:00
[2024-09-12T15:21:01.567+0000] {processor.py:208} INFO - Processing /home/airflow/.local/lib/python3.12/site-packages/airflow/example_dags/example_dynamic_task_mapping_with_no_taskflow_operators.py took 0.708 seconds
[2024-09-12T15:22:18.855+0000] {processor.py:186} INFO - Started process (PID=599) to work on /home/airflow/.local/lib/python3.12/site-packages/airflow/example_dags/example_dynamic_task_mapping_with_no_taskflow_operators.py
[2024-09-12T15:22:18.870+0000] {processor.py:914} INFO - Processing file /home/airflow/.local/lib/python3.12/site-packages/airflow/example_dags/example_dynamic_task_mapping_with_no_taskflow_operators.py for tasks to queue
[2024-09-12T15:22:18.888+0000] {logging_mixin.py:190} INFO - [2024-09-12T15:22:18.887+0000] {dagbag.py:587} INFO - Filling up the DagBag from /home/airflow/.local/lib/python3.12/site-packages/airflow/example_dags/example_dynamic_task_mapping_with_no_taskflow_operators.py
[2024-09-12T15:22:19.161+0000] {processor.py:925} INFO - DAG(s) 'example_dynamic_task_mapping_with_no_taskflow_operators' retrieved from /home/airflow/.local/lib/python3.12/site-packages/airflow/example_dags/example_dynamic_task_mapping_with_no_taskflow_operators.py
[2024-09-12T15:22:19.709+0000] {logging_mixin.py:190} INFO - [2024-09-12T15:22:19.708+0000] {dag.py:3211} INFO - Sync 1 DAGs
[2024-09-12T15:22:20.328+0000] {logging_mixin.py:190} INFO - [2024-09-12T15:22:20.315+0000] {dag.py:4138} INFO - Setting next_dagrun for example_dynamic_task_mapping_with_no_taskflow_operators to 2024-09-11 00:00:00+00:00, run_after=2024-09-12 00:00:00+00:00
[2024-09-12T15:22:20.554+0000] {processor.py:208} INFO - Processing /home/airflow/.local/lib/python3.12/site-packages/airflow/example_dags/example_dynamic_task_mapping_with_no_taskflow_operators.py took 1.747 seconds
[2024-09-12T15:23:21.442+0000] {processor.py:186} INFO - Started process (PID=676) to work on /home/airflow/.local/lib/python3.12/site-packages/airflow/example_dags/example_dynamic_task_mapping_with_no_taskflow_operators.py
[2024-09-12T15:23:21.449+0000] {processor.py:914} INFO - Processing file /home/airflow/.local/lib/python3.12/site-packages/airflow/example_dags/example_dynamic_task_mapping_with_no_taskflow_operators.py for tasks to queue
[2024-09-12T15:23:21.477+0000] {logging_mixin.py:190} INFO - [2024-09-12T15:23:21.475+0000] {dagbag.py:587} INFO - Filling up the DagBag from /home/airflow/.local/lib/python3.12/site-packages/airflow/example_dags/example_dynamic_task_mapping_with_no_taskflow_operators.py
[2024-09-12T15:23:21.593+0000] {processor.py:925} INFO - DAG(s) 'example_dynamic_task_mapping_with_no_taskflow_operators' retrieved from /home/airflow/.local/lib/python3.12/site-packages/airflow/example_dags/example_dynamic_task_mapping_with_no_taskflow_operators.py
[2024-09-12T15:23:21.772+0000] {logging_mixin.py:190} INFO - [2024-09-12T15:23:21.772+0000] {dag.py:3211} INFO - Sync 1 DAGs
[2024-09-12T15:23:22.162+0000] {logging_mixin.py:190} INFO - [2024-09-12T15:23:22.161+0000] {dag.py:4138} INFO - Setting next_dagrun for example_dynamic_task_mapping_with_no_taskflow_operators to 2024-09-11 00:00:00+00:00, run_after=2024-09-12 00:00:00+00:00
[2024-09-12T15:23:22.408+0000] {processor.py:208} INFO - Processing /home/airflow/.local/lib/python3.12/site-packages/airflow/example_dags/example_dynamic_task_mapping_with_no_taskflow_operators.py took 1.035 seconds
[2024-09-12T15:24:26.497+0000] {processor.py:186} INFO - Started process (PID=752) to work on /home/airflow/.local/lib/python3.12/site-packages/airflow/example_dags/example_dynamic_task_mapping_with_no_taskflow_operators.py
[2024-09-12T15:24:26.515+0000] {processor.py:914} INFO - Processing file /home/airflow/.local/lib/python3.12/site-packages/airflow/example_dags/example_dynamic_task_mapping_with_no_taskflow_operators.py for tasks to queue
[2024-09-12T15:24:26.532+0000] {logging_mixin.py:190} INFO - [2024-09-12T15:24:26.532+0000] {dagbag.py:587} INFO - Filling up the DagBag from /home/airflow/.local/lib/python3.12/site-packages/airflow/example_dags/example_dynamic_task_mapping_with_no_taskflow_operators.py
[2024-09-12T15:24:26.683+0000] {processor.py:925} INFO - DAG(s) 'example_dynamic_task_mapping_with_no_taskflow_operators' retrieved from /home/airflow/.local/lib/python3.12/site-packages/airflow/example_dags/example_dynamic_task_mapping_with_no_taskflow_operators.py
[2024-09-12T15:24:27.048+0000] {logging_mixin.py:190} INFO - [2024-09-12T15:24:27.036+0000] {dag.py:3211} INFO - Sync 1 DAGs
[2024-09-12T15:24:27.288+0000] {logging_mixin.py:190} INFO - [2024-09-12T15:24:27.285+0000] {dag.py:4138} INFO - Setting next_dagrun for example_dynamic_task_mapping_with_no_taskflow_operators to 2024-09-11 00:00:00+00:00, run_after=2024-09-12 00:00:00+00:00
[2024-09-12T15:24:27.563+0000] {processor.py:208} INFO - Processing /home/airflow/.local/lib/python3.12/site-packages/airflow/example_dags/example_dynamic_task_mapping_with_no_taskflow_operators.py took 1.133 seconds
[2024-09-12T15:26:29.642+0000] {processor.py:186} INFO - Started process (PID=842) to work on /home/airflow/.local/lib/python3.12/site-packages/airflow/example_dags/example_dynamic_task_mapping_with_no_taskflow_operators.py
[2024-09-12T15:26:29.688+0000] {processor.py:914} INFO - Processing file /home/airflow/.local/lib/python3.12/site-packages/airflow/example_dags/example_dynamic_task_mapping_with_no_taskflow_operators.py for tasks to queue
[2024-09-12T15:26:29.703+0000] {logging_mixin.py:190} INFO - [2024-09-12T15:26:29.703+0000] {dagbag.py:587} INFO - Filling up the DagBag from /home/airflow/.local/lib/python3.12/site-packages/airflow/example_dags/example_dynamic_task_mapping_with_no_taskflow_operators.py
[2024-09-12T15:26:29.930+0000] {processor.py:925} INFO - DAG(s) 'example_dynamic_task_mapping_with_no_taskflow_operators' retrieved from /home/airflow/.local/lib/python3.12/site-packages/airflow/example_dags/example_dynamic_task_mapping_with_no_taskflow_operators.py
[2024-09-12T15:26:30.539+0000] {logging_mixin.py:190} INFO - [2024-09-12T15:26:30.538+0000] {dag.py:3211} INFO - Sync 1 DAGs
[2024-09-12T15:26:30.970+0000] {logging_mixin.py:190} INFO - [2024-09-12T15:26:30.970+0000] {dag.py:4138} INFO - Setting next_dagrun for example_dynamic_task_mapping_with_no_taskflow_operators to 2024-09-11 00:00:00+00:00, run_after=2024-09-12 00:00:00+00:00
[2024-09-12T15:26:31.323+0000] {processor.py:208} INFO - Processing /home/airflow/.local/lib/python3.12/site-packages/airflow/example_dags/example_dynamic_task_mapping_with_no_taskflow_operators.py took 1.904 seconds
[2024-09-12T15:27:35.561+0000] {processor.py:186} INFO - Started process (PID=917) to work on /home/airflow/.local/lib/python3.12/site-packages/airflow/example_dags/example_dynamic_task_mapping_with_no_taskflow_operators.py
[2024-09-12T15:27:35.573+0000] {processor.py:914} INFO - Processing file /home/airflow/.local/lib/python3.12/site-packages/airflow/example_dags/example_dynamic_task_mapping_with_no_taskflow_operators.py for tasks to queue
[2024-09-12T15:27:35.643+0000] {logging_mixin.py:190} INFO - [2024-09-12T15:27:35.642+0000] {dagbag.py:587} INFO - Filling up the DagBag from /home/airflow/.local/lib/python3.12/site-packages/airflow/example_dags/example_dynamic_task_mapping_with_no_taskflow_operators.py
[2024-09-12T15:27:35.877+0000] {processor.py:925} INFO - DAG(s) 'example_dynamic_task_mapping_with_no_taskflow_operators' retrieved from /home/airflow/.local/lib/python3.12/site-packages/airflow/example_dags/example_dynamic_task_mapping_with_no_taskflow_operators.py
[2024-09-12T15:27:36.185+0000] {logging_mixin.py:190} INFO - [2024-09-12T15:27:36.184+0000] {dag.py:3211} INFO - Sync 1 DAGs
[2024-09-12T15:27:36.534+0000] {logging_mixin.py:190} INFO - [2024-09-12T15:27:36.533+0000] {dag.py:4138} INFO - Setting next_dagrun for example_dynamic_task_mapping_with_no_taskflow_operators to 2024-09-11 00:00:00+00:00, run_after=2024-09-12 00:00:00+00:00
[2024-09-12T15:27:36.866+0000] {processor.py:208} INFO - Processing /home/airflow/.local/lib/python3.12/site-packages/airflow/example_dags/example_dynamic_task_mapping_with_no_taskflow_operators.py took 1.421 seconds
[2024-09-12T15:28:33.100+0000] {processor.py:186} INFO - Started process (PID=1000) to work on /home/airflow/.local/lib/python3.12/site-packages/airflow/example_dags/example_dynamic_task_mapping_with_no_taskflow_operators.py
[2024-09-12T15:28:33.129+0000] {processor.py:914} INFO - Processing file /home/airflow/.local/lib/python3.12/site-packages/airflow/example_dags/example_dynamic_task_mapping_with_no_taskflow_operators.py for tasks to queue
[2024-09-12T15:28:33.146+0000] {logging_mixin.py:190} INFO - [2024-09-12T15:28:33.146+0000] {dagbag.py:587} INFO - Filling up the DagBag from /home/airflow/.local/lib/python3.12/site-packages/airflow/example_dags/example_dynamic_task_mapping_with_no_taskflow_operators.py
[2024-09-12T15:28:33.240+0000] {processor.py:925} INFO - DAG(s) 'example_dynamic_task_mapping_with_no_taskflow_operators' retrieved from /home/airflow/.local/lib/python3.12/site-packages/airflow/example_dags/example_dynamic_task_mapping_with_no_taskflow_operators.py
[2024-09-12T15:28:33.531+0000] {logging_mixin.py:190} INFO - [2024-09-12T15:28:33.530+0000] {dag.py:3211} INFO - Sync 1 DAGs
[2024-09-12T15:28:33.798+0000] {logging_mixin.py:190} INFO - [2024-09-12T15:28:33.797+0000] {dag.py:4138} INFO - Setting next_dagrun for example_dynamic_task_mapping_with_no_taskflow_operators to 2024-09-11 00:00:00+00:00, run_after=2024-09-12 00:00:00+00:00
[2024-09-12T15:28:33.956+0000] {processor.py:208} INFO - Processing /home/airflow/.local/lib/python3.12/site-packages/airflow/example_dags/example_dynamic_task_mapping_with_no_taskflow_operators.py took 0.922 seconds
[2024-09-12T15:29:28.886+0000] {processor.py:186} INFO - Started process (PID=1078) to work on /home/airflow/.local/lib/python3.12/site-packages/airflow/example_dags/example_dynamic_task_mapping_with_no_taskflow_operators.py
[2024-09-12T15:29:28.902+0000] {processor.py:914} INFO - Processing file /home/airflow/.local/lib/python3.12/site-packages/airflow/example_dags/example_dynamic_task_mapping_with_no_taskflow_operators.py for tasks to queue
[2024-09-12T15:29:28.919+0000] {logging_mixin.py:190} INFO - [2024-09-12T15:29:28.918+0000] {dagbag.py:587} INFO - Filling up the DagBag from /home/airflow/.local/lib/python3.12/site-packages/airflow/example_dags/example_dynamic_task_mapping_with_no_taskflow_operators.py
[2024-09-12T15:29:29.059+0000] {processor.py:925} INFO - DAG(s) 'example_dynamic_task_mapping_with_no_taskflow_operators' retrieved from /home/airflow/.local/lib/python3.12/site-packages/airflow/example_dags/example_dynamic_task_mapping_with_no_taskflow_operators.py
[2024-09-12T15:29:29.277+0000] {logging_mixin.py:190} INFO - [2024-09-12T15:29:29.276+0000] {dag.py:3211} INFO - Sync 1 DAGs
[2024-09-12T15:29:29.680+0000] {logging_mixin.py:190} INFO - [2024-09-12T15:29:29.679+0000] {dag.py:4138} INFO - Setting next_dagrun for example_dynamic_task_mapping_with_no_taskflow_operators to 2024-09-11 00:00:00+00:00, run_after=2024-09-12 00:00:00+00:00
[2024-09-12T15:29:30.220+0000] {processor.py:208} INFO - Processing /home/airflow/.local/lib/python3.12/site-packages/airflow/example_dags/example_dynamic_task_mapping_with_no_taskflow_operators.py took 1.409 seconds
[2024-09-12T15:31:41.407+0000] {processor.py:186} INFO - Started process (PID=1183) to work on /home/airflow/.local/lib/python3.12/site-packages/airflow/example_dags/example_dynamic_task_mapping_with_no_taskflow_operators.py
[2024-09-12T15:31:41.441+0000] {processor.py:914} INFO - Processing file /home/airflow/.local/lib/python3.12/site-packages/airflow/example_dags/example_dynamic_task_mapping_with_no_taskflow_operators.py for tasks to queue
[2024-09-12T15:31:41.457+0000] {logging_mixin.py:190} INFO - [2024-09-12T15:31:41.456+0000] {dagbag.py:587} INFO - Filling up the DagBag from /home/airflow/.local/lib/python3.12/site-packages/airflow/example_dags/example_dynamic_task_mapping_with_no_taskflow_operators.py
[2024-09-12T15:31:41.529+0000] {processor.py:925} INFO - DAG(s) 'example_dynamic_task_mapping_with_no_taskflow_operators' retrieved from /home/airflow/.local/lib/python3.12/site-packages/airflow/example_dags/example_dynamic_task_mapping_with_no_taskflow_operators.py
[2024-09-12T15:31:41.684+0000] {logging_mixin.py:190} INFO - [2024-09-12T15:31:41.683+0000] {dag.py:3211} INFO - Sync 1 DAGs
[2024-09-12T15:31:41.808+0000] {logging_mixin.py:190} INFO - [2024-09-12T15:31:41.807+0000] {dag.py:4138} INFO - Setting next_dagrun for example_dynamic_task_mapping_with_no_taskflow_operators to 2024-09-11 00:00:00+00:00, run_after=2024-09-12 00:00:00+00:00
[2024-09-12T15:31:41.917+0000] {processor.py:208} INFO - Processing /home/airflow/.local/lib/python3.12/site-packages/airflow/example_dags/example_dynamic_task_mapping_with_no_taskflow_operators.py took 0.545 seconds
[2024-09-12T15:32:25.489+0000] {processor.py:186} INFO - Started process (PID=1254) to work on /home/airflow/.local/lib/python3.12/site-packages/airflow/example_dags/example_dynamic_task_mapping_with_no_taskflow_operators.py
[2024-09-12T15:32:25.492+0000] {processor.py:914} INFO - Processing file /home/airflow/.local/lib/python3.12/site-packages/airflow/example_dags/example_dynamic_task_mapping_with_no_taskflow_operators.py for tasks to queue
[2024-09-12T15:32:25.502+0000] {logging_mixin.py:190} INFO - [2024-09-12T15:32:25.498+0000] {dagbag.py:587} INFO - Filling up the DagBag from /home/airflow/.local/lib/python3.12/site-packages/airflow/example_dags/example_dynamic_task_mapping_with_no_taskflow_operators.py
[2024-09-12T15:32:25.574+0000] {processor.py:925} INFO - DAG(s) 'example_dynamic_task_mapping_with_no_taskflow_operators' retrieved from /home/airflow/.local/lib/python3.12/site-packages/airflow/example_dags/example_dynamic_task_mapping_with_no_taskflow_operators.py
[2024-09-12T15:32:25.725+0000] {logging_mixin.py:190} INFO - [2024-09-12T15:32:25.721+0000] {dag.py:3211} INFO - Sync 1 DAGs
[2024-09-12T15:32:25.940+0000] {logging_mixin.py:190} INFO - [2024-09-12T15:32:25.939+0000] {dag.py:4138} INFO - Setting next_dagrun for example_dynamic_task_mapping_with_no_taskflow_operators to 2024-09-11 00:00:00+00:00, run_after=2024-09-12 00:00:00+00:00
[2024-09-12T15:32:26.115+0000] {processor.py:208} INFO - Processing /home/airflow/.local/lib/python3.12/site-packages/airflow/example_dags/example_dynamic_task_mapping_with_no_taskflow_operators.py took 0.761 seconds
[2024-09-12T15:33:29.915+0000] {processor.py:186} INFO - Started process (PID=1340) to work on /home/airflow/.local/lib/python3.12/site-packages/airflow/example_dags/example_dynamic_task_mapping_with_no_taskflow_operators.py
[2024-09-12T15:33:29.931+0000] {processor.py:914} INFO - Processing file /home/airflow/.local/lib/python3.12/site-packages/airflow/example_dags/example_dynamic_task_mapping_with_no_taskflow_operators.py for tasks to queue
[2024-09-12T15:33:29.942+0000] {logging_mixin.py:190} INFO - [2024-09-12T15:33:29.941+0000] {dagbag.py:587} INFO - Filling up the DagBag from /home/airflow/.local/lib/python3.12/site-packages/airflow/example_dags/example_dynamic_task_mapping_with_no_taskflow_operators.py
[2024-09-12T15:33:30.028+0000] {processor.py:925} INFO - DAG(s) 'example_dynamic_task_mapping_with_no_taskflow_operators' retrieved from /home/airflow/.local/lib/python3.12/site-packages/airflow/example_dags/example_dynamic_task_mapping_with_no_taskflow_operators.py
[2024-09-12T15:33:30.162+0000] {logging_mixin.py:190} INFO - [2024-09-12T15:33:30.161+0000] {dag.py:3211} INFO - Sync 1 DAGs
[2024-09-12T15:33:30.419+0000] {logging_mixin.py:190} INFO - [2024-09-12T15:33:30.418+0000] {dag.py:4138} INFO - Setting next_dagrun for example_dynamic_task_mapping_with_no_taskflow_operators to 2024-09-11 00:00:00+00:00, run_after=2024-09-12 00:00:00+00:00
[2024-09-12T15:33:30.589+0000] {processor.py:208} INFO - Processing /home/airflow/.local/lib/python3.12/site-packages/airflow/example_dags/example_dynamic_task_mapping_with_no_taskflow_operators.py took 0.710 seconds
[2024-09-12T15:34:07.075+0000] {processor.py:186} INFO - Started process (PID=1402) to work on /home/airflow/.local/lib/python3.12/site-packages/airflow/example_dags/example_dynamic_task_mapping_with_no_taskflow_operators.py
[2024-09-12T15:34:07.108+0000] {processor.py:914} INFO - Processing file /home/airflow/.local/lib/python3.12/site-packages/airflow/example_dags/example_dynamic_task_mapping_with_no_taskflow_operators.py for tasks to queue
[2024-09-12T15:34:07.112+0000] {logging_mixin.py:190} INFO - [2024-09-12T15:34:07.111+0000] {dagbag.py:587} INFO - Filling up the DagBag from /home/airflow/.local/lib/python3.12/site-packages/airflow/example_dags/example_dynamic_task_mapping_with_no_taskflow_operators.py
[2024-09-12T15:34:07.267+0000] {processor.py:925} INFO - DAG(s) 'example_dynamic_task_mapping_with_no_taskflow_operators' retrieved from /home/airflow/.local/lib/python3.12/site-packages/airflow/example_dags/example_dynamic_task_mapping_with_no_taskflow_operators.py
[2024-09-12T15:34:07.379+0000] {logging_mixin.py:190} INFO - [2024-09-12T15:34:07.379+0000] {dag.py:3211} INFO - Sync 1 DAGs
[2024-09-12T15:34:07.616+0000] {logging_mixin.py:190} INFO - [2024-09-12T15:34:07.616+0000] {dag.py:4138} INFO - Setting next_dagrun for example_dynamic_task_mapping_with_no_taskflow_operators to 2024-09-11 00:00:00+00:00, run_after=2024-09-12 00:00:00+00:00
[2024-09-12T15:34:07.773+0000] {processor.py:208} INFO - Processing /home/airflow/.local/lib/python3.12/site-packages/airflow/example_dags/example_dynamic_task_mapping_with_no_taskflow_operators.py took 0.857 seconds
[2024-09-12T15:34:49.089+0000] {processor.py:186} INFO - Started process (PID=1472) to work on /home/airflow/.local/lib/python3.12/site-packages/airflow/example_dags/example_dynamic_task_mapping_with_no_taskflow_operators.py
[2024-09-12T15:34:49.134+0000] {processor.py:914} INFO - Processing file /home/airflow/.local/lib/python3.12/site-packages/airflow/example_dags/example_dynamic_task_mapping_with_no_taskflow_operators.py for tasks to queue
[2024-09-12T15:34:49.151+0000] {logging_mixin.py:190} INFO - [2024-09-12T15:34:49.150+0000] {dagbag.py:587} INFO - Filling up the DagBag from /home/airflow/.local/lib/python3.12/site-packages/airflow/example_dags/example_dynamic_task_mapping_with_no_taskflow_operators.py
[2024-09-12T15:34:49.284+0000] {processor.py:925} INFO - DAG(s) 'example_dynamic_task_mapping_with_no_taskflow_operators' retrieved from /home/airflow/.local/lib/python3.12/site-packages/airflow/example_dags/example_dynamic_task_mapping_with_no_taskflow_operators.py
[2024-09-12T15:34:49.744+0000] {logging_mixin.py:190} INFO - [2024-09-12T15:34:49.744+0000] {dag.py:3211} INFO - Sync 1 DAGs
[2024-09-12T15:34:49.962+0000] {logging_mixin.py:190} INFO - [2024-09-12T15:34:49.962+0000] {dag.py:4138} INFO - Setting next_dagrun for example_dynamic_task_mapping_with_no_taskflow_operators to 2024-09-11 00:00:00+00:00, run_after=2024-09-12 00:00:00+00:00
[2024-09-12T15:34:50.296+0000] {processor.py:208} INFO - Processing /home/airflow/.local/lib/python3.12/site-packages/airflow/example_dags/example_dynamic_task_mapping_with_no_taskflow_operators.py took 1.345 seconds
[2024-09-12T15:36:35.878+0000] {processor.py:186} INFO - Started process (PID=1579) to work on /home/airflow/.local/lib/python3.12/site-packages/airflow/example_dags/example_dynamic_task_mapping_with_no_taskflow_operators.py
[2024-09-12T15:36:35.899+0000] {processor.py:914} INFO - Processing file /home/airflow/.local/lib/python3.12/site-packages/airflow/example_dags/example_dynamic_task_mapping_with_no_taskflow_operators.py for tasks to queue
[2024-09-12T15:36:35.909+0000] {logging_mixin.py:190} INFO - [2024-09-12T15:36:35.904+0000] {dagbag.py:587} INFO - Filling up the DagBag from /home/airflow/.local/lib/python3.12/site-packages/airflow/example_dags/example_dynamic_task_mapping_with_no_taskflow_operators.py
[2024-09-12T15:36:36.054+0000] {processor.py:925} INFO - DAG(s) 'example_dynamic_task_mapping_with_no_taskflow_operators' retrieved from /home/airflow/.local/lib/python3.12/site-packages/airflow/example_dags/example_dynamic_task_mapping_with_no_taskflow_operators.py
[2024-09-12T15:36:36.276+0000] {logging_mixin.py:190} INFO - [2024-09-12T15:36:36.272+0000] {dag.py:3211} INFO - Sync 1 DAGs
[2024-09-12T15:36:36.638+0000] {logging_mixin.py:190} INFO - [2024-09-12T15:36:36.638+0000] {dag.py:4138} INFO - Setting next_dagrun for example_dynamic_task_mapping_with_no_taskflow_operators to 2024-09-11 00:00:00+00:00, run_after=2024-09-12 00:00:00+00:00
[2024-09-12T15:36:36.946+0000] {processor.py:208} INFO - Processing /home/airflow/.local/lib/python3.12/site-packages/airflow/example_dags/example_dynamic_task_mapping_with_no_taskflow_operators.py took 1.154 seconds
[2024-09-12T15:37:38.952+0000] {processor.py:186} INFO - Started process (PID=1659) to work on /home/airflow/.local/lib/python3.12/site-packages/airflow/example_dags/example_dynamic_task_mapping_with_no_taskflow_operators.py
[2024-09-12T15:37:38.967+0000] {processor.py:914} INFO - Processing file /home/airflow/.local/lib/python3.12/site-packages/airflow/example_dags/example_dynamic_task_mapping_with_no_taskflow_operators.py for tasks to queue
[2024-09-12T15:37:38.983+0000] {logging_mixin.py:190} INFO - [2024-09-12T15:37:38.969+0000] {dagbag.py:587} INFO - Filling up the DagBag from /home/airflow/.local/lib/python3.12/site-packages/airflow/example_dags/example_dynamic_task_mapping_with_no_taskflow_operators.py
[2024-09-12T15:37:39.138+0000] {processor.py:925} INFO - DAG(s) 'example_dynamic_task_mapping_with_no_taskflow_operators' retrieved from /home/airflow/.local/lib/python3.12/site-packages/airflow/example_dags/example_dynamic_task_mapping_with_no_taskflow_operators.py
[2024-09-12T15:37:39.586+0000] {logging_mixin.py:190} INFO - [2024-09-12T15:37:39.585+0000] {dag.py:3211} INFO - Sync 1 DAGs
[2024-09-12T15:37:40.064+0000] {logging_mixin.py:190} INFO - [2024-09-12T15:37:40.063+0000] {dag.py:4138} INFO - Setting next_dagrun for example_dynamic_task_mapping_with_no_taskflow_operators to 2024-09-11 00:00:00+00:00, run_after=2024-09-12 00:00:00+00:00
[2024-09-12T15:37:40.205+0000] {processor.py:208} INFO - Processing /home/airflow/.local/lib/python3.12/site-packages/airflow/example_dags/example_dynamic_task_mapping_with_no_taskflow_operators.py took 1.303 seconds
[2024-09-12T15:39:28.927+0000] {processor.py:186} INFO - Started process (PID=1758) to work on /home/airflow/.local/lib/python3.12/site-packages/airflow/example_dags/example_dynamic_task_mapping_with_no_taskflow_operators.py
[2024-09-12T15:39:28.942+0000] {processor.py:914} INFO - Processing file /home/airflow/.local/lib/python3.12/site-packages/airflow/example_dags/example_dynamic_task_mapping_with_no_taskflow_operators.py for tasks to queue
[2024-09-12T15:39:28.961+0000] {logging_mixin.py:190} INFO - [2024-09-12T15:39:28.959+0000] {dagbag.py:587} INFO - Filling up the DagBag from /home/airflow/.local/lib/python3.12/site-packages/airflow/example_dags/example_dynamic_task_mapping_with_no_taskflow_operators.py
[2024-09-12T15:39:29.361+0000] {processor.py:925} INFO - DAG(s) 'example_dynamic_task_mapping_with_no_taskflow_operators' retrieved from /home/airflow/.local/lib/python3.12/site-packages/airflow/example_dags/example_dynamic_task_mapping_with_no_taskflow_operators.py
[2024-09-12T15:39:29.570+0000] {logging_mixin.py:190} INFO - [2024-09-12T15:39:29.569+0000] {dag.py:3211} INFO - Sync 1 DAGs
[2024-09-12T15:39:29.790+0000] {logging_mixin.py:190} INFO - [2024-09-12T15:39:29.789+0000] {dag.py:4138} INFO - Setting next_dagrun for example_dynamic_task_mapping_with_no_taskflow_operators to 2024-09-11 00:00:00+00:00, run_after=2024-09-12 00:00:00+00:00
[2024-09-12T15:39:30.020+0000] {processor.py:208} INFO - Processing /home/airflow/.local/lib/python3.12/site-packages/airflow/example_dags/example_dynamic_task_mapping_with_no_taskflow_operators.py took 1.215 seconds
[2024-09-12T15:42:12.757+0000] {processor.py:186} INFO - Started process (PID=1871) to work on /home/airflow/.local/lib/python3.12/site-packages/airflow/example_dags/example_dynamic_task_mapping_with_no_taskflow_operators.py
[2024-09-12T15:42:12.771+0000] {processor.py:914} INFO - Processing file /home/airflow/.local/lib/python3.12/site-packages/airflow/example_dags/example_dynamic_task_mapping_with_no_taskflow_operators.py for tasks to queue
[2024-09-12T15:42:12.790+0000] {logging_mixin.py:190} INFO - [2024-09-12T15:42:12.789+0000] {dagbag.py:587} INFO - Filling up the DagBag from /home/airflow/.local/lib/python3.12/site-packages/airflow/example_dags/example_dynamic_task_mapping_with_no_taskflow_operators.py
[2024-09-12T15:42:13.274+0000] {processor.py:925} INFO - DAG(s) 'example_dynamic_task_mapping_with_no_taskflow_operators' retrieved from /home/airflow/.local/lib/python3.12/site-packages/airflow/example_dags/example_dynamic_task_mapping_with_no_taskflow_operators.py
[2024-09-12T15:42:13.795+0000] {logging_mixin.py:190} INFO - [2024-09-12T15:42:13.795+0000] {dag.py:3211} INFO - Sync 1 DAGs
[2024-09-12T15:42:14.216+0000] {logging_mixin.py:190} INFO - [2024-09-12T15:42:14.216+0000] {dag.py:4138} INFO - Setting next_dagrun for example_dynamic_task_mapping_with_no_taskflow_operators to 2024-09-11 00:00:00+00:00, run_after=2024-09-12 00:00:00+00:00
[2024-09-12T15:42:14.538+0000] {processor.py:208} INFO - Processing /home/airflow/.local/lib/python3.12/site-packages/airflow/example_dags/example_dynamic_task_mapping_with_no_taskflow_operators.py took 1.912 seconds
[2024-09-12T15:45:12.132+0000] {processor.py:186} INFO - Started process (PID=1946) to work on /home/airflow/.local/lib/python3.12/site-packages/airflow/example_dags/example_dynamic_task_mapping_with_no_taskflow_operators.py
[2024-09-12T15:45:12.135+0000] {processor.py:914} INFO - Processing file /home/airflow/.local/lib/python3.12/site-packages/airflow/example_dags/example_dynamic_task_mapping_with_no_taskflow_operators.py for tasks to queue
[2024-09-12T15:45:12.139+0000] {logging_mixin.py:190} INFO - [2024-09-12T15:45:12.138+0000] {dagbag.py:587} INFO - Filling up the DagBag from /home/airflow/.local/lib/python3.12/site-packages/airflow/example_dags/example_dynamic_task_mapping_with_no_taskflow_operators.py
[2024-09-12T15:45:12.225+0000] {processor.py:925} INFO - DAG(s) 'example_dynamic_task_mapping_with_no_taskflow_operators' retrieved from /home/airflow/.local/lib/python3.12/site-packages/airflow/example_dags/example_dynamic_task_mapping_with_no_taskflow_operators.py
[2024-09-12T15:45:12.387+0000] {logging_mixin.py:190} INFO - [2024-09-12T15:45:12.386+0000] {dag.py:3211} INFO - Sync 1 DAGs
[2024-09-12T15:45:12.536+0000] {logging_mixin.py:190} INFO - [2024-09-12T15:45:12.536+0000] {dag.py:4138} INFO - Setting next_dagrun for example_dynamic_task_mapping_with_no_taskflow_operators to 2024-09-11 00:00:00+00:00, run_after=2024-09-12 00:00:00+00:00
[2024-09-12T15:45:13.091+0000] {processor.py:208} INFO - Processing /home/airflow/.local/lib/python3.12/site-packages/airflow/example_dags/example_dynamic_task_mapping_with_no_taskflow_operators.py took 1.042 seconds
[2024-09-12T15:46:17.451+0000] {processor.py:186} INFO - Started process (PID=2024) to work on /home/airflow/.local/lib/python3.12/site-packages/airflow/example_dags/example_dynamic_task_mapping_with_no_taskflow_operators.py
[2024-09-12T15:46:17.465+0000] {processor.py:914} INFO - Processing file /home/airflow/.local/lib/python3.12/site-packages/airflow/example_dags/example_dynamic_task_mapping_with_no_taskflow_operators.py for tasks to queue
[2024-09-12T15:46:17.528+0000] {logging_mixin.py:190} INFO - [2024-09-12T15:46:17.482+0000] {dagbag.py:587} INFO - Filling up the DagBag from /home/airflow/.local/lib/python3.12/site-packages/airflow/example_dags/example_dynamic_task_mapping_with_no_taskflow_operators.py
[2024-09-12T15:46:17.686+0000] {processor.py:925} INFO - DAG(s) 'example_dynamic_task_mapping_with_no_taskflow_operators' retrieved from /home/airflow/.local/lib/python3.12/site-packages/airflow/example_dags/example_dynamic_task_mapping_with_no_taskflow_operators.py
[2024-09-12T15:46:18.195+0000] {logging_mixin.py:190} INFO - [2024-09-12T15:46:18.195+0000] {dag.py:3211} INFO - Sync 1 DAGs
[2024-09-12T15:46:18.730+0000] {logging_mixin.py:190} INFO - [2024-09-12T15:46:18.728+0000] {dag.py:4138} INFO - Setting next_dagrun for example_dynamic_task_mapping_with_no_taskflow_operators to 2024-09-11 00:00:00+00:00, run_after=2024-09-12 00:00:00+00:00
[2024-09-12T15:46:19.046+0000] {processor.py:208} INFO - Processing /home/airflow/.local/lib/python3.12/site-packages/airflow/example_dags/example_dynamic_task_mapping_with_no_taskflow_operators.py took 1.708 seconds
[2024-09-12T15:47:10.488+0000] {processor.py:186} INFO - Started process (PID=2097) to work on /home/airflow/.local/lib/python3.12/site-packages/airflow/example_dags/example_dynamic_task_mapping_with_no_taskflow_operators.py
[2024-09-12T15:47:10.500+0000] {processor.py:914} INFO - Processing file /home/airflow/.local/lib/python3.12/site-packages/airflow/example_dags/example_dynamic_task_mapping_with_no_taskflow_operators.py for tasks to queue
[2024-09-12T15:47:10.503+0000] {logging_mixin.py:190} INFO - [2024-09-12T15:47:10.502+0000] {dagbag.py:587} INFO - Filling up the DagBag from /home/airflow/.local/lib/python3.12/site-packages/airflow/example_dags/example_dynamic_task_mapping_with_no_taskflow_operators.py
[2024-09-12T15:47:10.573+0000] {processor.py:925} INFO - DAG(s) 'example_dynamic_task_mapping_with_no_taskflow_operators' retrieved from /home/airflow/.local/lib/python3.12/site-packages/airflow/example_dags/example_dynamic_task_mapping_with_no_taskflow_operators.py
[2024-09-12T15:47:10.893+0000] {logging_mixin.py:190} INFO - [2024-09-12T15:47:10.849+0000] {dag.py:3211} INFO - Sync 1 DAGs
[2024-09-12T15:47:11.133+0000] {logging_mixin.py:190} INFO - [2024-09-12T15:47:11.133+0000] {dag.py:4138} INFO - Setting next_dagrun for example_dynamic_task_mapping_with_no_taskflow_operators to 2024-09-11 00:00:00+00:00, run_after=2024-09-12 00:00:00+00:00
[2024-09-12T15:47:11.228+0000] {processor.py:208} INFO - Processing /home/airflow/.local/lib/python3.12/site-packages/airflow/example_dags/example_dynamic_task_mapping_with_no_taskflow_operators.py took 0.815 seconds
[2024-09-12T15:48:25.370+0000] {processor.py:186} INFO - Started process (PID=2192) to work on /home/airflow/.local/lib/python3.12/site-packages/airflow/example_dags/example_dynamic_task_mapping_with_no_taskflow_operators.py
[2024-09-12T15:48:25.373+0000] {processor.py:914} INFO - Processing file /home/airflow/.local/lib/python3.12/site-packages/airflow/example_dags/example_dynamic_task_mapping_with_no_taskflow_operators.py for tasks to queue
[2024-09-12T15:48:25.385+0000] {logging_mixin.py:190} INFO - [2024-09-12T15:48:25.384+0000] {dagbag.py:587} INFO - Filling up the DagBag from /home/airflow/.local/lib/python3.12/site-packages/airflow/example_dags/example_dynamic_task_mapping_with_no_taskflow_operators.py
[2024-09-12T15:48:25.465+0000] {processor.py:925} INFO - DAG(s) 'example_dynamic_task_mapping_with_no_taskflow_operators' retrieved from /home/airflow/.local/lib/python3.12/site-packages/airflow/example_dags/example_dynamic_task_mapping_with_no_taskflow_operators.py
[2024-09-12T15:48:25.615+0000] {logging_mixin.py:190} INFO - [2024-09-12T15:48:25.614+0000] {dag.py:3211} INFO - Sync 1 DAGs
[2024-09-12T15:48:25.777+0000] {logging_mixin.py:190} INFO - [2024-09-12T15:48:25.777+0000] {dag.py:4138} INFO - Setting next_dagrun for example_dynamic_task_mapping_with_no_taskflow_operators to 2024-09-11 00:00:00+00:00, run_after=2024-09-12 00:00:00+00:00
[2024-09-12T15:48:26.053+0000] {processor.py:208} INFO - Processing /home/airflow/.local/lib/python3.12/site-packages/airflow/example_dags/example_dynamic_task_mapping_with_no_taskflow_operators.py took 0.803 seconds
[2024-09-12T15:49:38.532+0000] {processor.py:186} INFO - Started process (PID=2276) to work on /home/airflow/.local/lib/python3.12/site-packages/airflow/example_dags/example_dynamic_task_mapping_with_no_taskflow_operators.py
[2024-09-12T15:49:38.541+0000] {processor.py:914} INFO - Processing file /home/airflow/.local/lib/python3.12/site-packages/airflow/example_dags/example_dynamic_task_mapping_with_no_taskflow_operators.py for tasks to queue
[2024-09-12T15:49:38.549+0000] {logging_mixin.py:190} INFO - [2024-09-12T15:49:38.548+0000] {dagbag.py:587} INFO - Filling up the DagBag from /home/airflow/.local/lib/python3.12/site-packages/airflow/example_dags/example_dynamic_task_mapping_with_no_taskflow_operators.py
[2024-09-12T15:49:38.661+0000] {processor.py:925} INFO - DAG(s) 'example_dynamic_task_mapping_with_no_taskflow_operators' retrieved from /home/airflow/.local/lib/python3.12/site-packages/airflow/example_dags/example_dynamic_task_mapping_with_no_taskflow_operators.py
[2024-09-12T15:49:38.858+0000] {logging_mixin.py:190} INFO - [2024-09-12T15:49:38.857+0000] {dag.py:3211} INFO - Sync 1 DAGs
[2024-09-12T15:49:39.020+0000] {logging_mixin.py:190} INFO - [2024-09-12T15:49:39.019+0000] {dag.py:4138} INFO - Setting next_dagrun for example_dynamic_task_mapping_with_no_taskflow_operators to 2024-09-11 00:00:00+00:00, run_after=2024-09-12 00:00:00+00:00
[2024-09-12T15:49:39.174+0000] {processor.py:208} INFO - Processing /home/airflow/.local/lib/python3.12/site-packages/airflow/example_dags/example_dynamic_task_mapping_with_no_taskflow_operators.py took 0.725 seconds
[2024-09-12T15:50:20.585+0000] {processor.py:186} INFO - Started process (PID=2342) to work on /home/airflow/.local/lib/python3.12/site-packages/airflow/example_dags/example_dynamic_task_mapping_with_no_taskflow_operators.py
[2024-09-12T15:50:20.608+0000] {processor.py:914} INFO - Processing file /home/airflow/.local/lib/python3.12/site-packages/airflow/example_dags/example_dynamic_task_mapping_with_no_taskflow_operators.py for tasks to queue
[2024-09-12T15:50:20.619+0000] {logging_mixin.py:190} INFO - [2024-09-12T15:50:20.618+0000] {dagbag.py:587} INFO - Filling up the DagBag from /home/airflow/.local/lib/python3.12/site-packages/airflow/example_dags/example_dynamic_task_mapping_with_no_taskflow_operators.py
[2024-09-12T15:50:20.683+0000] {processor.py:925} INFO - DAG(s) 'example_dynamic_task_mapping_with_no_taskflow_operators' retrieved from /home/airflow/.local/lib/python3.12/site-packages/airflow/example_dags/example_dynamic_task_mapping_with_no_taskflow_operators.py
[2024-09-12T15:50:20.815+0000] {logging_mixin.py:190} INFO - [2024-09-12T15:50:20.814+0000] {dag.py:3211} INFO - Sync 1 DAGs
[2024-09-12T15:50:20.953+0000] {logging_mixin.py:190} INFO - [2024-09-12T15:50:20.953+0000] {dag.py:4138} INFO - Setting next_dagrun for example_dynamic_task_mapping_with_no_taskflow_operators to 2024-09-11 00:00:00+00:00, run_after=2024-09-12 00:00:00+00:00
[2024-09-12T15:50:21.070+0000] {processor.py:208} INFO - Processing /home/airflow/.local/lib/python3.12/site-packages/airflow/example_dags/example_dynamic_task_mapping_with_no_taskflow_operators.py took 0.512 seconds
[2024-09-12T15:52:09.489+0000] {processor.py:186} INFO - Started process (PID=2459) to work on /home/airflow/.local/lib/python3.12/site-packages/airflow/example_dags/example_dynamic_task_mapping_with_no_taskflow_operators.py
[2024-09-12T15:52:09.494+0000] {processor.py:914} INFO - Processing file /home/airflow/.local/lib/python3.12/site-packages/airflow/example_dags/example_dynamic_task_mapping_with_no_taskflow_operators.py for tasks to queue
[2024-09-12T15:52:09.508+0000] {logging_mixin.py:190} INFO - [2024-09-12T15:52:09.506+0000] {dagbag.py:587} INFO - Filling up the DagBag from /home/airflow/.local/lib/python3.12/site-packages/airflow/example_dags/example_dynamic_task_mapping_with_no_taskflow_operators.py
[2024-09-12T15:52:09.581+0000] {processor.py:925} INFO - DAG(s) 'example_dynamic_task_mapping_with_no_taskflow_operators' retrieved from /home/airflow/.local/lib/python3.12/site-packages/airflow/example_dags/example_dynamic_task_mapping_with_no_taskflow_operators.py
[2024-09-12T15:52:09.715+0000] {logging_mixin.py:190} INFO - [2024-09-12T15:52:09.715+0000] {dag.py:3211} INFO - Sync 1 DAGs
[2024-09-12T15:52:09.859+0000] {logging_mixin.py:190} INFO - [2024-09-12T15:52:09.858+0000] {dag.py:4138} INFO - Setting next_dagrun for example_dynamic_task_mapping_with_no_taskflow_operators to 2024-09-11 00:00:00+00:00, run_after=2024-09-12 00:00:00+00:00
[2024-09-12T15:52:09.995+0000] {processor.py:208} INFO - Processing /home/airflow/.local/lib/python3.12/site-packages/airflow/example_dags/example_dynamic_task_mapping_with_no_taskflow_operators.py took 0.537 seconds
[2024-09-12T15:52:45.849+0000] {processor.py:186} INFO - Started process (PID=2528) to work on /home/airflow/.local/lib/python3.12/site-packages/airflow/example_dags/example_dynamic_task_mapping_with_no_taskflow_operators.py
[2024-09-12T15:52:45.868+0000] {processor.py:914} INFO - Processing file /home/airflow/.local/lib/python3.12/site-packages/airflow/example_dags/example_dynamic_task_mapping_with_no_taskflow_operators.py for tasks to queue
[2024-09-12T15:52:45.898+0000] {logging_mixin.py:190} INFO - [2024-09-12T15:52:45.889+0000] {dagbag.py:587} INFO - Filling up the DagBag from /home/airflow/.local/lib/python3.12/site-packages/airflow/example_dags/example_dynamic_task_mapping_with_no_taskflow_operators.py
[2024-09-12T15:52:46.014+0000] {processor.py:925} INFO - DAG(s) 'example_dynamic_task_mapping_with_no_taskflow_operators' retrieved from /home/airflow/.local/lib/python3.12/site-packages/airflow/example_dags/example_dynamic_task_mapping_with_no_taskflow_operators.py
[2024-09-12T15:52:46.553+0000] {logging_mixin.py:190} INFO - [2024-09-12T15:52:46.552+0000] {dag.py:3211} INFO - Sync 1 DAGs
[2024-09-12T15:52:46.719+0000] {logging_mixin.py:190} INFO - [2024-09-12T15:52:46.718+0000] {dag.py:4138} INFO - Setting next_dagrun for example_dynamic_task_mapping_with_no_taskflow_operators to 2024-09-11 00:00:00+00:00, run_after=2024-09-12 00:00:00+00:00
[2024-09-12T15:52:46.824+0000] {processor.py:208} INFO - Processing /home/airflow/.local/lib/python3.12/site-packages/airflow/example_dags/example_dynamic_task_mapping_with_no_taskflow_operators.py took 1.022 seconds
[2024-09-12T15:53:32.324+0000] {processor.py:186} INFO - Started process (PID=2614) to work on /home/airflow/.local/lib/python3.12/site-packages/airflow/example_dags/example_dynamic_task_mapping_with_no_taskflow_operators.py
[2024-09-12T15:53:32.330+0000] {processor.py:914} INFO - Processing file /home/airflow/.local/lib/python3.12/site-packages/airflow/example_dags/example_dynamic_task_mapping_with_no_taskflow_operators.py for tasks to queue
[2024-09-12T15:53:32.338+0000] {logging_mixin.py:190} INFO - [2024-09-12T15:53:32.337+0000] {dagbag.py:587} INFO - Filling up the DagBag from /home/airflow/.local/lib/python3.12/site-packages/airflow/example_dags/example_dynamic_task_mapping_with_no_taskflow_operators.py
[2024-09-12T15:53:32.374+0000] {processor.py:925} INFO - DAG(s) 'example_dynamic_task_mapping_with_no_taskflow_operators' retrieved from /home/airflow/.local/lib/python3.12/site-packages/airflow/example_dags/example_dynamic_task_mapping_with_no_taskflow_operators.py
[2024-09-12T15:53:32.472+0000] {logging_mixin.py:190} INFO - [2024-09-12T15:53:32.472+0000] {dag.py:3211} INFO - Sync 1 DAGs
[2024-09-12T15:53:32.592+0000] {logging_mixin.py:190} INFO - [2024-09-12T15:53:32.587+0000] {dag.py:4138} INFO - Setting next_dagrun for example_dynamic_task_mapping_with_no_taskflow_operators to 2024-09-11 00:00:00+00:00, run_after=2024-09-12 00:00:00+00:00
[2024-09-12T15:53:32.688+0000] {processor.py:208} INFO - Processing /home/airflow/.local/lib/python3.12/site-packages/airflow/example_dags/example_dynamic_task_mapping_with_no_taskflow_operators.py took 0.378 seconds
[2024-09-12T15:54:30.767+0000] {processor.py:186} INFO - Started process (PID=2691) to work on /home/airflow/.local/lib/python3.12/site-packages/airflow/example_dags/example_dynamic_task_mapping_with_no_taskflow_operators.py
[2024-09-12T15:54:30.773+0000] {processor.py:914} INFO - Processing file /home/airflow/.local/lib/python3.12/site-packages/airflow/example_dags/example_dynamic_task_mapping_with_no_taskflow_operators.py for tasks to queue
[2024-09-12T15:54:30.780+0000] {logging_mixin.py:190} INFO - [2024-09-12T15:54:30.779+0000] {dagbag.py:587} INFO - Filling up the DagBag from /home/airflow/.local/lib/python3.12/site-packages/airflow/example_dags/example_dynamic_task_mapping_with_no_taskflow_operators.py
[2024-09-12T15:54:30.844+0000] {processor.py:925} INFO - DAG(s) 'example_dynamic_task_mapping_with_no_taskflow_operators' retrieved from /home/airflow/.local/lib/python3.12/site-packages/airflow/example_dags/example_dynamic_task_mapping_with_no_taskflow_operators.py
[2024-09-12T15:54:30.980+0000] {logging_mixin.py:190} INFO - [2024-09-12T15:54:30.978+0000] {dag.py:3211} INFO - Sync 1 DAGs
[2024-09-12T15:54:31.140+0000] {logging_mixin.py:190} INFO - [2024-09-12T15:54:31.139+0000] {dag.py:4138} INFO - Setting next_dagrun for example_dynamic_task_mapping_with_no_taskflow_operators to 2024-09-11 00:00:00+00:00, run_after=2024-09-12 00:00:00+00:00
[2024-09-12T15:54:31.297+0000] {processor.py:208} INFO - Processing /home/airflow/.local/lib/python3.12/site-packages/airflow/example_dags/example_dynamic_task_mapping_with_no_taskflow_operators.py took 0.567 seconds
[2024-09-12T15:56:00.013+0000] {processor.py:186} INFO - Started process (PID=2778) to work on /home/airflow/.local/lib/python3.12/site-packages/airflow/example_dags/example_dynamic_task_mapping_with_no_taskflow_operators.py
[2024-09-12T15:56:00.022+0000] {processor.py:914} INFO - Processing file /home/airflow/.local/lib/python3.12/site-packages/airflow/example_dags/example_dynamic_task_mapping_with_no_taskflow_operators.py for tasks to queue
[2024-09-12T15:56:00.063+0000] {logging_mixin.py:190} INFO - [2024-09-12T15:56:00.050+0000] {dagbag.py:587} INFO - Filling up the DagBag from /home/airflow/.local/lib/python3.12/site-packages/airflow/example_dags/example_dynamic_task_mapping_with_no_taskflow_operators.py
[2024-09-12T15:56:00.319+0000] {processor.py:925} INFO - DAG(s) 'example_dynamic_task_mapping_with_no_taskflow_operators' retrieved from /home/airflow/.local/lib/python3.12/site-packages/airflow/example_dags/example_dynamic_task_mapping_with_no_taskflow_operators.py
[2024-09-12T15:56:00.490+0000] {logging_mixin.py:190} INFO - [2024-09-12T15:56:00.490+0000] {dag.py:3211} INFO - Sync 1 DAGs
[2024-09-12T15:56:00.679+0000] {logging_mixin.py:190} INFO - [2024-09-12T15:56:00.678+0000] {dag.py:4138} INFO - Setting next_dagrun for example_dynamic_task_mapping_with_no_taskflow_operators to 2024-09-11 00:00:00+00:00, run_after=2024-09-12 00:00:00+00:00
[2024-09-12T15:56:00.775+0000] {processor.py:208} INFO - Processing /home/airflow/.local/lib/python3.12/site-packages/airflow/example_dags/example_dynamic_task_mapping_with_no_taskflow_operators.py took 0.789 seconds
[2024-09-12T15:57:03.171+0000] {processor.py:186} INFO - Started process (PID=2849) to work on /home/airflow/.local/lib/python3.12/site-packages/airflow/example_dags/example_dynamic_task_mapping_with_no_taskflow_operators.py
[2024-09-12T15:57:03.185+0000] {processor.py:914} INFO - Processing file /home/airflow/.local/lib/python3.12/site-packages/airflow/example_dags/example_dynamic_task_mapping_with_no_taskflow_operators.py for tasks to queue
[2024-09-12T15:57:03.191+0000] {logging_mixin.py:190} INFO - [2024-09-12T15:57:03.190+0000] {dagbag.py:587} INFO - Filling up the DagBag from /home/airflow/.local/lib/python3.12/site-packages/airflow/example_dags/example_dynamic_task_mapping_with_no_taskflow_operators.py
[2024-09-12T15:57:03.242+0000] {processor.py:925} INFO - DAG(s) 'example_dynamic_task_mapping_with_no_taskflow_operators' retrieved from /home/airflow/.local/lib/python3.12/site-packages/airflow/example_dags/example_dynamic_task_mapping_with_no_taskflow_operators.py
[2024-09-12T15:57:03.387+0000] {logging_mixin.py:190} INFO - [2024-09-12T15:57:03.384+0000] {dag.py:3211} INFO - Sync 1 DAGs
[2024-09-12T15:57:03.580+0000] {logging_mixin.py:190} INFO - [2024-09-12T15:57:03.580+0000] {dag.py:4138} INFO - Setting next_dagrun for example_dynamic_task_mapping_with_no_taskflow_operators to 2024-09-11 00:00:00+00:00, run_after=2024-09-12 00:00:00+00:00
[2024-09-12T15:57:03.770+0000] {processor.py:208} INFO - Processing /home/airflow/.local/lib/python3.12/site-packages/airflow/example_dags/example_dynamic_task_mapping_with_no_taskflow_operators.py took 0.630 seconds
[2024-09-12T15:57:50.082+0000] {processor.py:186} INFO - Started process (PID=2924) to work on /home/airflow/.local/lib/python3.12/site-packages/airflow/example_dags/example_dynamic_task_mapping_with_no_taskflow_operators.py
[2024-09-12T15:57:50.121+0000] {processor.py:914} INFO - Processing file /home/airflow/.local/lib/python3.12/site-packages/airflow/example_dags/example_dynamic_task_mapping_with_no_taskflow_operators.py for tasks to queue
[2024-09-12T15:57:50.128+0000] {logging_mixin.py:190} INFO - [2024-09-12T15:57:50.126+0000] {dagbag.py:587} INFO - Filling up the DagBag from /home/airflow/.local/lib/python3.12/site-packages/airflow/example_dags/example_dynamic_task_mapping_with_no_taskflow_operators.py
[2024-09-12T15:57:50.276+0000] {processor.py:925} INFO - DAG(s) 'example_dynamic_task_mapping_with_no_taskflow_operators' retrieved from /home/airflow/.local/lib/python3.12/site-packages/airflow/example_dags/example_dynamic_task_mapping_with_no_taskflow_operators.py
[2024-09-12T15:57:50.553+0000] {logging_mixin.py:190} INFO - [2024-09-12T15:57:50.552+0000] {dag.py:3211} INFO - Sync 1 DAGs
[2024-09-12T15:57:50.925+0000] {logging_mixin.py:190} INFO - [2024-09-12T15:57:50.925+0000] {dag.py:4138} INFO - Setting next_dagrun for example_dynamic_task_mapping_with_no_taskflow_operators to 2024-09-11 00:00:00+00:00, run_after=2024-09-12 00:00:00+00:00
[2024-09-12T15:57:51.103+0000] {processor.py:208} INFO - Processing /home/airflow/.local/lib/python3.12/site-packages/airflow/example_dags/example_dynamic_task_mapping_with_no_taskflow_operators.py took 1.286 seconds
[2024-09-12T15:59:39.492+0000] {processor.py:186} INFO - Started process (PID=3029) to work on /home/airflow/.local/lib/python3.12/site-packages/airflow/example_dags/example_dynamic_task_mapping_with_no_taskflow_operators.py
[2024-09-12T15:59:39.494+0000] {processor.py:914} INFO - Processing file /home/airflow/.local/lib/python3.12/site-packages/airflow/example_dags/example_dynamic_task_mapping_with_no_taskflow_operators.py for tasks to queue
[2024-09-12T15:59:39.511+0000] {logging_mixin.py:190} INFO - [2024-09-12T15:59:39.497+0000] {dagbag.py:587} INFO - Filling up the DagBag from /home/airflow/.local/lib/python3.12/site-packages/airflow/example_dags/example_dynamic_task_mapping_with_no_taskflow_operators.py
[2024-09-12T15:59:39.582+0000] {processor.py:925} INFO - DAG(s) 'example_dynamic_task_mapping_with_no_taskflow_operators' retrieved from /home/airflow/.local/lib/python3.12/site-packages/airflow/example_dags/example_dynamic_task_mapping_with_no_taskflow_operators.py
[2024-09-12T15:59:39.757+0000] {logging_mixin.py:190} INFO - [2024-09-12T15:59:39.757+0000] {dag.py:3211} INFO - Sync 1 DAGs
[2024-09-12T15:59:39.919+0000] {logging_mixin.py:190} INFO - [2024-09-12T15:59:39.919+0000] {dag.py:4138} INFO - Setting next_dagrun for example_dynamic_task_mapping_with_no_taskflow_operators to 2024-09-11 00:00:00+00:00, run_after=2024-09-12 00:00:00+00:00
[2024-09-12T15:59:40.019+0000] {processor.py:208} INFO - Processing /home/airflow/.local/lib/python3.12/site-packages/airflow/example_dags/example_dynamic_task_mapping_with_no_taskflow_operators.py took 0.575 seconds
[2024-09-12T16:00:50.195+0000] {processor.py:186} INFO - Started process (PID=3122) to work on /home/airflow/.local/lib/python3.12/site-packages/airflow/example_dags/example_dynamic_task_mapping_with_no_taskflow_operators.py
[2024-09-12T16:00:50.199+0000] {processor.py:914} INFO - Processing file /home/airflow/.local/lib/python3.12/site-packages/airflow/example_dags/example_dynamic_task_mapping_with_no_taskflow_operators.py for tasks to queue
[2024-09-12T16:00:50.208+0000] {logging_mixin.py:190} INFO - [2024-09-12T16:00:50.207+0000] {dagbag.py:587} INFO - Filling up the DagBag from /home/airflow/.local/lib/python3.12/site-packages/airflow/example_dags/example_dynamic_task_mapping_with_no_taskflow_operators.py
[2024-09-12T16:00:50.309+0000] {processor.py:925} INFO - DAG(s) 'example_dynamic_task_mapping_with_no_taskflow_operators' retrieved from /home/airflow/.local/lib/python3.12/site-packages/airflow/example_dags/example_dynamic_task_mapping_with_no_taskflow_operators.py
[2024-09-12T16:00:50.415+0000] {logging_mixin.py:190} INFO - [2024-09-12T16:00:50.414+0000] {dag.py:3211} INFO - Sync 1 DAGs
[2024-09-12T16:00:50.536+0000] {logging_mixin.py:190} INFO - [2024-09-12T16:00:50.535+0000] {dag.py:4138} INFO - Setting next_dagrun for example_dynamic_task_mapping_with_no_taskflow_operators to 2024-09-11 00:00:00+00:00, run_after=2024-09-12 00:00:00+00:00
[2024-09-12T16:00:50.702+0000] {processor.py:208} INFO - Processing /home/airflow/.local/lib/python3.12/site-packages/airflow/example_dags/example_dynamic_task_mapping_with_no_taskflow_operators.py took 0.535 seconds
[2024-09-12T16:01:38.709+0000] {processor.py:186} INFO - Started process (PID=3197) to work on /home/airflow/.local/lib/python3.12/site-packages/airflow/example_dags/example_dynamic_task_mapping_with_no_taskflow_operators.py
[2024-09-12T16:01:38.741+0000] {processor.py:914} INFO - Processing file /home/airflow/.local/lib/python3.12/site-packages/airflow/example_dags/example_dynamic_task_mapping_with_no_taskflow_operators.py for tasks to queue
[2024-09-12T16:01:38.759+0000] {logging_mixin.py:190} INFO - [2024-09-12T16:01:38.758+0000] {dagbag.py:587} INFO - Filling up the DagBag from /home/airflow/.local/lib/python3.12/site-packages/airflow/example_dags/example_dynamic_task_mapping_with_no_taskflow_operators.py
[2024-09-12T16:01:39.073+0000] {processor.py:925} INFO - DAG(s) 'example_dynamic_task_mapping_with_no_taskflow_operators' retrieved from /home/airflow/.local/lib/python3.12/site-packages/airflow/example_dags/example_dynamic_task_mapping_with_no_taskflow_operators.py
[2024-09-12T16:01:39.373+0000] {logging_mixin.py:190} INFO - [2024-09-12T16:01:39.372+0000] {dag.py:3211} INFO - Sync 1 DAGs
[2024-09-12T16:01:39.724+0000] {logging_mixin.py:190} INFO - [2024-09-12T16:01:39.722+0000] {dag.py:4138} INFO - Setting next_dagrun for example_dynamic_task_mapping_with_no_taskflow_operators to 2024-09-11 00:00:00+00:00, run_after=2024-09-12 00:00:00+00:00
[2024-09-12T16:01:39.894+0000] {processor.py:208} INFO - Processing /home/airflow/.local/lib/python3.12/site-packages/airflow/example_dags/example_dynamic_task_mapping_with_no_taskflow_operators.py took 1.218 seconds
[2024-09-12T16:03:14.214+0000] {processor.py:186} INFO - Started process (PID=3292) to work on /home/airflow/.local/lib/python3.12/site-packages/airflow/example_dags/example_dynamic_task_mapping_with_no_taskflow_operators.py
[2024-09-12T16:03:14.227+0000] {processor.py:914} INFO - Processing file /home/airflow/.local/lib/python3.12/site-packages/airflow/example_dags/example_dynamic_task_mapping_with_no_taskflow_operators.py for tasks to queue
[2024-09-12T16:03:14.230+0000] {logging_mixin.py:190} INFO - [2024-09-12T16:03:14.230+0000] {dagbag.py:587} INFO - Filling up the DagBag from /home/airflow/.local/lib/python3.12/site-packages/airflow/example_dags/example_dynamic_task_mapping_with_no_taskflow_operators.py
[2024-09-12T16:03:14.343+0000] {processor.py:925} INFO - DAG(s) 'example_dynamic_task_mapping_with_no_taskflow_operators' retrieved from /home/airflow/.local/lib/python3.12/site-packages/airflow/example_dags/example_dynamic_task_mapping_with_no_taskflow_operators.py
[2024-09-12T16:03:14.544+0000] {logging_mixin.py:190} INFO - [2024-09-12T16:03:14.535+0000] {dag.py:3211} INFO - Sync 1 DAGs
[2024-09-12T16:03:14.829+0000] {logging_mixin.py:190} INFO - [2024-09-12T16:03:14.828+0000] {dag.py:4138} INFO - Setting next_dagrun for example_dynamic_task_mapping_with_no_taskflow_operators to 2024-09-11 00:00:00+00:00, run_after=2024-09-12 00:00:00+00:00
[2024-09-12T16:03:16.106+0000] {processor.py:208} INFO - Processing /home/airflow/.local/lib/python3.12/site-packages/airflow/example_dags/example_dynamic_task_mapping_with_no_taskflow_operators.py took 1.906 seconds
[2024-09-12T16:03:50.251+0000] {processor.py:186} INFO - Started process (PID=3353) to work on /home/airflow/.local/lib/python3.12/site-packages/airflow/example_dags/example_dynamic_task_mapping_with_no_taskflow_operators.py
[2024-09-12T16:03:50.254+0000] {processor.py:914} INFO - Processing file /home/airflow/.local/lib/python3.12/site-packages/airflow/example_dags/example_dynamic_task_mapping_with_no_taskflow_operators.py for tasks to queue
[2024-09-12T16:03:50.257+0000] {logging_mixin.py:190} INFO - [2024-09-12T16:03:50.256+0000] {dagbag.py:587} INFO - Filling up the DagBag from /home/airflow/.local/lib/python3.12/site-packages/airflow/example_dags/example_dynamic_task_mapping_with_no_taskflow_operators.py
[2024-09-12T16:03:50.290+0000] {processor.py:925} INFO - DAG(s) 'example_dynamic_task_mapping_with_no_taskflow_operators' retrieved from /home/airflow/.local/lib/python3.12/site-packages/airflow/example_dags/example_dynamic_task_mapping_with_no_taskflow_operators.py
[2024-09-12T16:03:50.343+0000] {logging_mixin.py:190} INFO - [2024-09-12T16:03:50.342+0000] {dag.py:3211} INFO - Sync 1 DAGs
[2024-09-12T16:03:50.416+0000] {logging_mixin.py:190} INFO - [2024-09-12T16:03:50.416+0000] {dag.py:4138} INFO - Setting next_dagrun for example_dynamic_task_mapping_with_no_taskflow_operators to 2024-09-11 00:00:00+00:00, run_after=2024-09-12 00:00:00+00:00
[2024-09-12T16:03:50.466+0000] {processor.py:208} INFO - Processing /home/airflow/.local/lib/python3.12/site-packages/airflow/example_dags/example_dynamic_task_mapping_with_no_taskflow_operators.py took 0.244 seconds
[2024-09-12T16:06:07.419+0000] {processor.py:186} INFO - Started process (PID=3473) to work on /home/airflow/.local/lib/python3.12/site-packages/airflow/example_dags/example_dynamic_task_mapping_with_no_taskflow_operators.py
[2024-09-12T16:06:07.427+0000] {processor.py:914} INFO - Processing file /home/airflow/.local/lib/python3.12/site-packages/airflow/example_dags/example_dynamic_task_mapping_with_no_taskflow_operators.py for tasks to queue
[2024-09-12T16:06:07.442+0000] {logging_mixin.py:190} INFO - [2024-09-12T16:06:07.441+0000] {dagbag.py:587} INFO - Filling up the DagBag from /home/airflow/.local/lib/python3.12/site-packages/airflow/example_dags/example_dynamic_task_mapping_with_no_taskflow_operators.py
[2024-09-12T16:06:07.496+0000] {processor.py:925} INFO - DAG(s) 'example_dynamic_task_mapping_with_no_taskflow_operators' retrieved from /home/airflow/.local/lib/python3.12/site-packages/airflow/example_dags/example_dynamic_task_mapping_with_no_taskflow_operators.py
[2024-09-12T16:06:07.678+0000] {logging_mixin.py:190} INFO - [2024-09-12T16:06:07.677+0000] {dag.py:3211} INFO - Sync 1 DAGs
[2024-09-12T16:06:07.915+0000] {logging_mixin.py:190} INFO - [2024-09-12T16:06:07.914+0000] {dag.py:4138} INFO - Setting next_dagrun for example_dynamic_task_mapping_with_no_taskflow_operators to 2024-09-11 00:00:00+00:00, run_after=2024-09-12 00:00:00+00:00
[2024-09-12T16:06:08.182+0000] {processor.py:208} INFO - Processing /home/airflow/.local/lib/python3.12/site-packages/airflow/example_dags/example_dynamic_task_mapping_with_no_taskflow_operators.py took 0.872 seconds
[2024-09-12T16:07:57.913+0000] {processor.py:186} INFO - Started process (PID=3568) to work on /home/airflow/.local/lib/python3.12/site-packages/airflow/example_dags/example_dynamic_task_mapping_with_no_taskflow_operators.py
[2024-09-12T16:07:57.915+0000] {processor.py:914} INFO - Processing file /home/airflow/.local/lib/python3.12/site-packages/airflow/example_dags/example_dynamic_task_mapping_with_no_taskflow_operators.py for tasks to queue
[2024-09-12T16:07:57.919+0000] {logging_mixin.py:190} INFO - [2024-09-12T16:07:57.919+0000] {dagbag.py:587} INFO - Filling up the DagBag from /home/airflow/.local/lib/python3.12/site-packages/airflow/example_dags/example_dynamic_task_mapping_with_no_taskflow_operators.py
[2024-09-12T16:07:57.960+0000] {processor.py:925} INFO - DAG(s) 'example_dynamic_task_mapping_with_no_taskflow_operators' retrieved from /home/airflow/.local/lib/python3.12/site-packages/airflow/example_dags/example_dynamic_task_mapping_with_no_taskflow_operators.py
[2024-09-12T16:07:58.105+0000] {logging_mixin.py:190} INFO - [2024-09-12T16:07:58.104+0000] {dag.py:3211} INFO - Sync 1 DAGs
[2024-09-12T16:07:58.288+0000] {logging_mixin.py:190} INFO - [2024-09-12T16:07:58.288+0000] {dag.py:4138} INFO - Setting next_dagrun for example_dynamic_task_mapping_with_no_taskflow_operators to 2024-09-11 00:00:00+00:00, run_after=2024-09-12 00:00:00+00:00
[2024-09-12T16:07:58.462+0000] {processor.py:208} INFO - Processing /home/airflow/.local/lib/python3.12/site-packages/airflow/example_dags/example_dynamic_task_mapping_with_no_taskflow_operators.py took 0.573 seconds
[2024-09-12T16:09:08.511+0000] {processor.py:186} INFO - Started process (PID=3651) to work on /home/airflow/.local/lib/python3.12/site-packages/airflow/example_dags/example_dynamic_task_mapping_with_no_taskflow_operators.py
[2024-09-12T16:09:08.534+0000] {processor.py:914} INFO - Processing file /home/airflow/.local/lib/python3.12/site-packages/airflow/example_dags/example_dynamic_task_mapping_with_no_taskflow_operators.py for tasks to queue
[2024-09-12T16:09:08.542+0000] {logging_mixin.py:190} INFO - [2024-09-12T16:09:08.540+0000] {dagbag.py:587} INFO - Filling up the DagBag from /home/airflow/.local/lib/python3.12/site-packages/airflow/example_dags/example_dynamic_task_mapping_with_no_taskflow_operators.py
[2024-09-12T16:09:08.605+0000] {processor.py:925} INFO - DAG(s) 'example_dynamic_task_mapping_with_no_taskflow_operators' retrieved from /home/airflow/.local/lib/python3.12/site-packages/airflow/example_dags/example_dynamic_task_mapping_with_no_taskflow_operators.py
[2024-09-12T16:09:08.792+0000] {logging_mixin.py:190} INFO - [2024-09-12T16:09:08.790+0000] {dag.py:3211} INFO - Sync 1 DAGs
[2024-09-12T16:09:08.974+0000] {logging_mixin.py:190} INFO - [2024-09-12T16:09:08.973+0000] {dag.py:4138} INFO - Setting next_dagrun for example_dynamic_task_mapping_with_no_taskflow_operators to 2024-09-11 00:00:00+00:00, run_after=2024-09-12 00:00:00+00:00
[2024-09-12T16:09:09.127+0000] {processor.py:208} INFO - Processing /home/airflow/.local/lib/python3.12/site-packages/airflow/example_dags/example_dynamic_task_mapping_with_no_taskflow_operators.py took 0.727 seconds
[2024-09-12T16:09:44.600+0000] {processor.py:186} INFO - Started process (PID=3725) to work on /home/airflow/.local/lib/python3.12/site-packages/airflow/example_dags/example_dynamic_task_mapping_with_no_taskflow_operators.py
[2024-09-12T16:09:44.612+0000] {processor.py:914} INFO - Processing file /home/airflow/.local/lib/python3.12/site-packages/airflow/example_dags/example_dynamic_task_mapping_with_no_taskflow_operators.py for tasks to queue
[2024-09-12T16:09:44.636+0000] {logging_mixin.py:190} INFO - [2024-09-12T16:09:44.635+0000] {dagbag.py:587} INFO - Filling up the DagBag from /home/airflow/.local/lib/python3.12/site-packages/airflow/example_dags/example_dynamic_task_mapping_with_no_taskflow_operators.py
[2024-09-12T16:09:44.844+0000] {processor.py:925} INFO - DAG(s) 'example_dynamic_task_mapping_with_no_taskflow_operators' retrieved from /home/airflow/.local/lib/python3.12/site-packages/airflow/example_dags/example_dynamic_task_mapping_with_no_taskflow_operators.py
[2024-09-12T16:09:45.084+0000] {logging_mixin.py:190} INFO - [2024-09-12T16:09:45.076+0000] {dag.py:3211} INFO - Sync 1 DAGs
[2024-09-12T16:09:45.395+0000] {logging_mixin.py:190} INFO - [2024-09-12T16:09:45.388+0000] {dag.py:4138} INFO - Setting next_dagrun for example_dynamic_task_mapping_with_no_taskflow_operators to 2024-09-11 00:00:00+00:00, run_after=2024-09-12 00:00:00+00:00
[2024-09-12T16:09:45.631+0000] {processor.py:208} INFO - Processing /home/airflow/.local/lib/python3.12/site-packages/airflow/example_dags/example_dynamic_task_mapping_with_no_taskflow_operators.py took 1.102 seconds
[2024-09-12T16:10:49.597+0000] {processor.py:186} INFO - Started process (PID=3791) to work on /home/airflow/.local/lib/python3.12/site-packages/airflow/example_dags/example_dynamic_task_mapping_with_no_taskflow_operators.py
[2024-09-12T16:10:49.603+0000] {processor.py:914} INFO - Processing file /home/airflow/.local/lib/python3.12/site-packages/airflow/example_dags/example_dynamic_task_mapping_with_no_taskflow_operators.py for tasks to queue
[2024-09-12T16:10:49.611+0000] {logging_mixin.py:190} INFO - [2024-09-12T16:10:49.610+0000] {dagbag.py:587} INFO - Filling up the DagBag from /home/airflow/.local/lib/python3.12/site-packages/airflow/example_dags/example_dynamic_task_mapping_with_no_taskflow_operators.py
[2024-09-12T16:10:49.672+0000] {processor.py:925} INFO - DAG(s) 'example_dynamic_task_mapping_with_no_taskflow_operators' retrieved from /home/airflow/.local/lib/python3.12/site-packages/airflow/example_dags/example_dynamic_task_mapping_with_no_taskflow_operators.py
[2024-09-12T16:10:49.762+0000] {logging_mixin.py:190} INFO - [2024-09-12T16:10:49.761+0000] {dag.py:3211} INFO - Sync 1 DAGs
[2024-09-12T16:10:49.896+0000] {logging_mixin.py:190} INFO - [2024-09-12T16:10:49.885+0000] {dag.py:4138} INFO - Setting next_dagrun for example_dynamic_task_mapping_with_no_taskflow_operators to 2024-09-11 00:00:00+00:00, run_after=2024-09-12 00:00:00+00:00
[2024-09-12T16:10:49.991+0000] {processor.py:208} INFO - Processing /home/airflow/.local/lib/python3.12/site-packages/airflow/example_dags/example_dynamic_task_mapping_with_no_taskflow_operators.py took 0.434 seconds
[2024-09-12T16:11:46.699+0000] {processor.py:186} INFO - Started process (PID=3883) to work on /home/airflow/.local/lib/python3.12/site-packages/airflow/example_dags/example_dynamic_task_mapping_with_no_taskflow_operators.py
[2024-09-12T16:11:46.705+0000] {processor.py:914} INFO - Processing file /home/airflow/.local/lib/python3.12/site-packages/airflow/example_dags/example_dynamic_task_mapping_with_no_taskflow_operators.py for tasks to queue
[2024-09-12T16:11:46.712+0000] {logging_mixin.py:190} INFO - [2024-09-12T16:11:46.710+0000] {dagbag.py:587} INFO - Filling up the DagBag from /home/airflow/.local/lib/python3.12/site-packages/airflow/example_dags/example_dynamic_task_mapping_with_no_taskflow_operators.py
[2024-09-12T16:11:46.758+0000] {processor.py:925} INFO - DAG(s) 'example_dynamic_task_mapping_with_no_taskflow_operators' retrieved from /home/airflow/.local/lib/python3.12/site-packages/airflow/example_dags/example_dynamic_task_mapping_with_no_taskflow_operators.py
[2024-09-12T16:11:46.853+0000] {logging_mixin.py:190} INFO - [2024-09-12T16:11:46.847+0000] {dag.py:3211} INFO - Sync 1 DAGs
[2024-09-12T16:11:46.973+0000] {logging_mixin.py:190} INFO - [2024-09-12T16:11:46.972+0000] {dag.py:4138} INFO - Setting next_dagrun for example_dynamic_task_mapping_with_no_taskflow_operators to 2024-09-11 00:00:00+00:00, run_after=2024-09-12 00:00:00+00:00
[2024-09-12T16:11:47.088+0000] {processor.py:208} INFO - Processing /home/airflow/.local/lib/python3.12/site-packages/airflow/example_dags/example_dynamic_task_mapping_with_no_taskflow_operators.py took 0.424 seconds
[2024-09-12T16:12:50.620+0000] {processor.py:186} INFO - Started process (PID=3955) to work on /home/airflow/.local/lib/python3.12/site-packages/airflow/example_dags/example_dynamic_task_mapping_with_no_taskflow_operators.py
[2024-09-12T16:12:50.631+0000] {processor.py:914} INFO - Processing file /home/airflow/.local/lib/python3.12/site-packages/airflow/example_dags/example_dynamic_task_mapping_with_no_taskflow_operators.py for tasks to queue
[2024-09-12T16:12:50.635+0000] {logging_mixin.py:190} INFO - [2024-09-12T16:12:50.634+0000] {dagbag.py:587} INFO - Filling up the DagBag from /home/airflow/.local/lib/python3.12/site-packages/airflow/example_dags/example_dynamic_task_mapping_with_no_taskflow_operators.py
[2024-09-12T16:12:50.730+0000] {processor.py:925} INFO - DAG(s) 'example_dynamic_task_mapping_with_no_taskflow_operators' retrieved from /home/airflow/.local/lib/python3.12/site-packages/airflow/example_dags/example_dynamic_task_mapping_with_no_taskflow_operators.py
[2024-09-12T16:12:50.902+0000] {logging_mixin.py:190} INFO - [2024-09-12T16:12:50.901+0000] {dag.py:3211} INFO - Sync 1 DAGs
[2024-09-12T16:12:51.051+0000] {logging_mixin.py:190} INFO - [2024-09-12T16:12:51.051+0000] {dag.py:4138} INFO - Setting next_dagrun for example_dynamic_task_mapping_with_no_taskflow_operators to 2024-09-11 00:00:00+00:00, run_after=2024-09-12 00:00:00+00:00
[2024-09-12T16:12:51.182+0000] {processor.py:208} INFO - Processing /home/airflow/.local/lib/python3.12/site-packages/airflow/example_dags/example_dynamic_task_mapping_with_no_taskflow_operators.py took 0.605 seconds
[2024-09-12T16:14:33.698+0000] {processor.py:186} INFO - Started process (PID=4063) to work on /home/airflow/.local/lib/python3.12/site-packages/airflow/example_dags/example_dynamic_task_mapping_with_no_taskflow_operators.py
[2024-09-12T16:14:33.703+0000] {processor.py:914} INFO - Processing file /home/airflow/.local/lib/python3.12/site-packages/airflow/example_dags/example_dynamic_task_mapping_with_no_taskflow_operators.py for tasks to queue
[2024-09-12T16:14:33.708+0000] {logging_mixin.py:190} INFO - [2024-09-12T16:14:33.707+0000] {dagbag.py:587} INFO - Filling up the DagBag from /home/airflow/.local/lib/python3.12/site-packages/airflow/example_dags/example_dynamic_task_mapping_with_no_taskflow_operators.py
[2024-09-12T16:14:33.757+0000] {processor.py:925} INFO - DAG(s) 'example_dynamic_task_mapping_with_no_taskflow_operators' retrieved from /home/airflow/.local/lib/python3.12/site-packages/airflow/example_dags/example_dynamic_task_mapping_with_no_taskflow_operators.py
[2024-09-12T16:14:33.868+0000] {logging_mixin.py:190} INFO - [2024-09-12T16:14:33.865+0000] {dag.py:3211} INFO - Sync 1 DAGs
[2024-09-12T16:14:34.044+0000] {logging_mixin.py:190} INFO - [2024-09-12T16:14:34.044+0000] {dag.py:4138} INFO - Setting next_dagrun for example_dynamic_task_mapping_with_no_taskflow_operators to 2024-09-11 00:00:00+00:00, run_after=2024-09-12 00:00:00+00:00
[2024-09-12T16:14:34.140+0000] {processor.py:208} INFO - Processing /home/airflow/.local/lib/python3.12/site-packages/airflow/example_dags/example_dynamic_task_mapping_with_no_taskflow_operators.py took 0.481 seconds
[2024-09-12T16:15:05.610+0000] {processor.py:186} INFO - Started process (PID=4128) to work on /home/airflow/.local/lib/python3.12/site-packages/airflow/example_dags/example_dynamic_task_mapping_with_no_taskflow_operators.py
[2024-09-12T16:15:05.612+0000] {processor.py:914} INFO - Processing file /home/airflow/.local/lib/python3.12/site-packages/airflow/example_dags/example_dynamic_task_mapping_with_no_taskflow_operators.py for tasks to queue
[2024-09-12T16:15:05.620+0000] {logging_mixin.py:190} INFO - [2024-09-12T16:15:05.618+0000] {dagbag.py:587} INFO - Filling up the DagBag from /home/airflow/.local/lib/python3.12/site-packages/airflow/example_dags/example_dynamic_task_mapping_with_no_taskflow_operators.py
[2024-09-12T16:15:05.697+0000] {processor.py:925} INFO - DAG(s) 'example_dynamic_task_mapping_with_no_taskflow_operators' retrieved from /home/airflow/.local/lib/python3.12/site-packages/airflow/example_dags/example_dynamic_task_mapping_with_no_taskflow_operators.py
[2024-09-12T16:15:05.790+0000] {logging_mixin.py:190} INFO - [2024-09-12T16:15:05.789+0000] {dag.py:3211} INFO - Sync 1 DAGs
[2024-09-12T16:15:05.902+0000] {logging_mixin.py:190} INFO - [2024-09-12T16:15:05.902+0000] {dag.py:4138} INFO - Setting next_dagrun for example_dynamic_task_mapping_with_no_taskflow_operators to 2024-09-11 00:00:00+00:00, run_after=2024-09-12 00:00:00+00:00
[2024-09-12T16:15:05.998+0000] {processor.py:208} INFO - Processing /home/airflow/.local/lib/python3.12/site-packages/airflow/example_dags/example_dynamic_task_mapping_with_no_taskflow_operators.py took 0.435 seconds
[2024-09-12T16:15:38.678+0000] {processor.py:186} INFO - Started process (PID=4200) to work on /home/airflow/.local/lib/python3.12/site-packages/airflow/example_dags/example_dynamic_task_mapping_with_no_taskflow_operators.py
[2024-09-12T16:15:38.684+0000] {processor.py:914} INFO - Processing file /home/airflow/.local/lib/python3.12/site-packages/airflow/example_dags/example_dynamic_task_mapping_with_no_taskflow_operators.py for tasks to queue
[2024-09-12T16:15:38.688+0000] {logging_mixin.py:190} INFO - [2024-09-12T16:15:38.686+0000] {dagbag.py:587} INFO - Filling up the DagBag from /home/airflow/.local/lib/python3.12/site-packages/airflow/example_dags/example_dynamic_task_mapping_with_no_taskflow_operators.py
[2024-09-12T16:15:38.738+0000] {processor.py:925} INFO - DAG(s) 'example_dynamic_task_mapping_with_no_taskflow_operators' retrieved from /home/airflow/.local/lib/python3.12/site-packages/airflow/example_dags/example_dynamic_task_mapping_with_no_taskflow_operators.py
[2024-09-12T16:15:38.808+0000] {logging_mixin.py:190} INFO - [2024-09-12T16:15:38.807+0000] {dag.py:3211} INFO - Sync 1 DAGs
[2024-09-12T16:15:38.946+0000] {logging_mixin.py:190} INFO - [2024-09-12T16:15:38.946+0000] {dag.py:4138} INFO - Setting next_dagrun for example_dynamic_task_mapping_with_no_taskflow_operators to 2024-09-11 00:00:00+00:00, run_after=2024-09-12 00:00:00+00:00
[2024-09-12T16:15:39.092+0000] {processor.py:208} INFO - Processing /home/airflow/.local/lib/python3.12/site-packages/airflow/example_dags/example_dynamic_task_mapping_with_no_taskflow_operators.py took 0.444 seconds
[2024-09-12T16:16:51.959+0000] {processor.py:186} INFO - Started process (PID=4307) to work on /home/airflow/.local/lib/python3.12/site-packages/airflow/example_dags/example_dynamic_task_mapping_with_no_taskflow_operators.py
[2024-09-12T16:16:51.974+0000] {processor.py:914} INFO - Processing file /home/airflow/.local/lib/python3.12/site-packages/airflow/example_dags/example_dynamic_task_mapping_with_no_taskflow_operators.py for tasks to queue
[2024-09-12T16:16:51.984+0000] {logging_mixin.py:190} INFO - [2024-09-12T16:16:51.979+0000] {dagbag.py:587} INFO - Filling up the DagBag from /home/airflow/.local/lib/python3.12/site-packages/airflow/example_dags/example_dynamic_task_mapping_with_no_taskflow_operators.py
[2024-09-12T16:16:52.040+0000] {processor.py:925} INFO - DAG(s) 'example_dynamic_task_mapping_with_no_taskflow_operators' retrieved from /home/airflow/.local/lib/python3.12/site-packages/airflow/example_dags/example_dynamic_task_mapping_with_no_taskflow_operators.py
[2024-09-12T16:16:52.187+0000] {logging_mixin.py:190} INFO - [2024-09-12T16:16:52.186+0000] {dag.py:3211} INFO - Sync 1 DAGs
[2024-09-12T16:16:52.328+0000] {logging_mixin.py:190} INFO - [2024-09-12T16:16:52.327+0000] {dag.py:4138} INFO - Setting next_dagrun for example_dynamic_task_mapping_with_no_taskflow_operators to 2024-09-11 00:00:00+00:00, run_after=2024-09-12 00:00:00+00:00
[2024-09-12T16:16:52.522+0000] {processor.py:208} INFO - Processing /home/airflow/.local/lib/python3.12/site-packages/airflow/example_dags/example_dynamic_task_mapping_with_no_taskflow_operators.py took 0.588 seconds
[2024-09-12T16:17:46.941+0000] {processor.py:186} INFO - Started process (PID=4390) to work on /home/airflow/.local/lib/python3.12/site-packages/airflow/example_dags/example_dynamic_task_mapping_with_no_taskflow_operators.py
[2024-09-12T16:17:46.944+0000] {processor.py:914} INFO - Processing file /home/airflow/.local/lib/python3.12/site-packages/airflow/example_dags/example_dynamic_task_mapping_with_no_taskflow_operators.py for tasks to queue
[2024-09-12T16:17:46.954+0000] {logging_mixin.py:190} INFO - [2024-09-12T16:17:46.953+0000] {dagbag.py:587} INFO - Filling up the DagBag from /home/airflow/.local/lib/python3.12/site-packages/airflow/example_dags/example_dynamic_task_mapping_with_no_taskflow_operators.py
[2024-09-12T16:17:47.027+0000] {processor.py:925} INFO - DAG(s) 'example_dynamic_task_mapping_with_no_taskflow_operators' retrieved from /home/airflow/.local/lib/python3.12/site-packages/airflow/example_dags/example_dynamic_task_mapping_with_no_taskflow_operators.py
[2024-09-12T16:17:47.129+0000] {logging_mixin.py:190} INFO - [2024-09-12T16:17:47.129+0000] {dag.py:3211} INFO - Sync 1 DAGs
[2024-09-12T16:17:47.255+0000] {logging_mixin.py:190} INFO - [2024-09-12T16:17:47.254+0000] {dag.py:4138} INFO - Setting next_dagrun for example_dynamic_task_mapping_with_no_taskflow_operators to 2024-09-11 00:00:00+00:00, run_after=2024-09-12 00:00:00+00:00
[2024-09-12T16:17:47.350+0000] {processor.py:208} INFO - Processing /home/airflow/.local/lib/python3.12/site-packages/airflow/example_dags/example_dynamic_task_mapping_with_no_taskflow_operators.py took 0.440 seconds
[2024-09-12T16:18:47.235+0000] {processor.py:186} INFO - Started process (PID=4485) to work on /home/airflow/.local/lib/python3.12/site-packages/airflow/example_dags/example_dynamic_task_mapping_with_no_taskflow_operators.py
[2024-09-12T16:18:47.241+0000] {processor.py:914} INFO - Processing file /home/airflow/.local/lib/python3.12/site-packages/airflow/example_dags/example_dynamic_task_mapping_with_no_taskflow_operators.py for tasks to queue
[2024-09-12T16:18:47.248+0000] {logging_mixin.py:190} INFO - [2024-09-12T16:18:47.247+0000] {dagbag.py:587} INFO - Filling up the DagBag from /home/airflow/.local/lib/python3.12/site-packages/airflow/example_dags/example_dynamic_task_mapping_with_no_taskflow_operators.py
[2024-09-12T16:18:47.311+0000] {processor.py:925} INFO - DAG(s) 'example_dynamic_task_mapping_with_no_taskflow_operators' retrieved from /home/airflow/.local/lib/python3.12/site-packages/airflow/example_dags/example_dynamic_task_mapping_with_no_taskflow_operators.py
[2024-09-12T16:18:47.458+0000] {logging_mixin.py:190} INFO - [2024-09-12T16:18:47.458+0000] {dag.py:3211} INFO - Sync 1 DAGs
[2024-09-12T16:18:47.619+0000] {logging_mixin.py:190} INFO - [2024-09-12T16:18:47.616+0000] {dag.py:4138} INFO - Setting next_dagrun for example_dynamic_task_mapping_with_no_taskflow_operators to 2024-09-11 00:00:00+00:00, run_after=2024-09-12 00:00:00+00:00
[2024-09-12T16:18:47.748+0000] {processor.py:208} INFO - Processing /home/airflow/.local/lib/python3.12/site-packages/airflow/example_dags/example_dynamic_task_mapping_with_no_taskflow_operators.py took 0.576 seconds
[2024-09-12T16:19:28.374+0000] {processor.py:186} INFO - Started process (PID=4554) to work on /home/airflow/.local/lib/python3.12/site-packages/airflow/example_dags/example_dynamic_task_mapping_with_no_taskflow_operators.py
[2024-09-12T16:19:28.381+0000] {processor.py:914} INFO - Processing file /home/airflow/.local/lib/python3.12/site-packages/airflow/example_dags/example_dynamic_task_mapping_with_no_taskflow_operators.py for tasks to queue
[2024-09-12T16:19:28.392+0000] {logging_mixin.py:190} INFO - [2024-09-12T16:19:28.391+0000] {dagbag.py:587} INFO - Filling up the DagBag from /home/airflow/.local/lib/python3.12/site-packages/airflow/example_dags/example_dynamic_task_mapping_with_no_taskflow_operators.py
[2024-09-12T16:19:28.458+0000] {processor.py:925} INFO - DAG(s) 'example_dynamic_task_mapping_with_no_taskflow_operators' retrieved from /home/airflow/.local/lib/python3.12/site-packages/airflow/example_dags/example_dynamic_task_mapping_with_no_taskflow_operators.py
[2024-09-12T16:19:28.582+0000] {logging_mixin.py:190} INFO - [2024-09-12T16:19:28.582+0000] {dag.py:3211} INFO - Sync 1 DAGs
[2024-09-12T16:19:28.731+0000] {logging_mixin.py:190} INFO - [2024-09-12T16:19:28.731+0000] {dag.py:4138} INFO - Setting next_dagrun for example_dynamic_task_mapping_with_no_taskflow_operators to 2024-09-11 00:00:00+00:00, run_after=2024-09-12 00:00:00+00:00
[2024-09-12T16:19:28.933+0000] {processor.py:208} INFO - Processing /home/airflow/.local/lib/python3.12/site-packages/airflow/example_dags/example_dynamic_task_mapping_with_no_taskflow_operators.py took 0.608 seconds
[2024-09-12T16:20:13.513+0000] {processor.py:186} INFO - Started process (PID=4633) to work on /home/airflow/.local/lib/python3.12/site-packages/airflow/example_dags/example_dynamic_task_mapping_with_no_taskflow_operators.py
[2024-09-12T16:20:13.531+0000] {processor.py:914} INFO - Processing file /home/airflow/.local/lib/python3.12/site-packages/airflow/example_dags/example_dynamic_task_mapping_with_no_taskflow_operators.py for tasks to queue
[2024-09-12T16:20:13.540+0000] {logging_mixin.py:190} INFO - [2024-09-12T16:20:13.533+0000] {dagbag.py:587} INFO - Filling up the DagBag from /home/airflow/.local/lib/python3.12/site-packages/airflow/example_dags/example_dynamic_task_mapping_with_no_taskflow_operators.py
[2024-09-12T16:20:13.746+0000] {processor.py:925} INFO - DAG(s) 'example_dynamic_task_mapping_with_no_taskflow_operators' retrieved from /home/airflow/.local/lib/python3.12/site-packages/airflow/example_dags/example_dynamic_task_mapping_with_no_taskflow_operators.py
[2024-09-12T16:20:14.070+0000] {logging_mixin.py:190} INFO - [2024-09-12T16:20:14.068+0000] {dag.py:3211} INFO - Sync 1 DAGs
[2024-09-12T16:20:14.403+0000] {logging_mixin.py:190} INFO - [2024-09-12T16:20:14.403+0000] {dag.py:4138} INFO - Setting next_dagrun for example_dynamic_task_mapping_with_no_taskflow_operators to 2024-09-11 00:00:00+00:00, run_after=2024-09-12 00:00:00+00:00
[2024-09-12T16:20:14.679+0000] {processor.py:208} INFO - Processing /home/airflow/.local/lib/python3.12/site-packages/airflow/example_dags/example_dynamic_task_mapping_with_no_taskflow_operators.py took 1.212 seconds
[2024-09-12T16:21:12.859+0000] {processor.py:186} INFO - Started process (PID=4709) to work on /home/airflow/.local/lib/python3.12/site-packages/airflow/example_dags/example_dynamic_task_mapping_with_no_taskflow_operators.py
[2024-09-12T16:21:12.870+0000] {processor.py:914} INFO - Processing file /home/airflow/.local/lib/python3.12/site-packages/airflow/example_dags/example_dynamic_task_mapping_with_no_taskflow_operators.py for tasks to queue
[2024-09-12T16:21:12.888+0000] {logging_mixin.py:190} INFO - [2024-09-12T16:21:12.887+0000] {dagbag.py:587} INFO - Filling up the DagBag from /home/airflow/.local/lib/python3.12/site-packages/airflow/example_dags/example_dynamic_task_mapping_with_no_taskflow_operators.py
[2024-09-12T16:21:12.989+0000] {processor.py:925} INFO - DAG(s) 'example_dynamic_task_mapping_with_no_taskflow_operators' retrieved from /home/airflow/.local/lib/python3.12/site-packages/airflow/example_dags/example_dynamic_task_mapping_with_no_taskflow_operators.py
[2024-09-12T16:21:13.088+0000] {logging_mixin.py:190} INFO - [2024-09-12T16:21:13.087+0000] {dag.py:3211} INFO - Sync 1 DAGs
[2024-09-12T16:21:13.341+0000] {logging_mixin.py:190} INFO - [2024-09-12T16:21:13.339+0000] {dag.py:4138} INFO - Setting next_dagrun for example_dynamic_task_mapping_with_no_taskflow_operators to 2024-09-11 00:00:00+00:00, run_after=2024-09-12 00:00:00+00:00
[2024-09-12T16:21:13.592+0000] {processor.py:208} INFO - Processing /home/airflow/.local/lib/python3.12/site-packages/airflow/example_dags/example_dynamic_task_mapping_with_no_taskflow_operators.py took 0.757 seconds
[2024-09-12T16:22:32.708+0000] {processor.py:186} INFO - Started process (PID=4795) to work on /home/airflow/.local/lib/python3.12/site-packages/airflow/example_dags/example_dynamic_task_mapping_with_no_taskflow_operators.py
[2024-09-12T16:22:32.710+0000] {processor.py:914} INFO - Processing file /home/airflow/.local/lib/python3.12/site-packages/airflow/example_dags/example_dynamic_task_mapping_with_no_taskflow_operators.py for tasks to queue
[2024-09-12T16:22:32.750+0000] {logging_mixin.py:190} INFO - [2024-09-12T16:22:32.730+0000] {dagbag.py:587} INFO - Filling up the DagBag from /home/airflow/.local/lib/python3.12/site-packages/airflow/example_dags/example_dynamic_task_mapping_with_no_taskflow_operators.py
[2024-09-12T16:22:32.958+0000] {processor.py:925} INFO - DAG(s) 'example_dynamic_task_mapping_with_no_taskflow_operators' retrieved from /home/airflow/.local/lib/python3.12/site-packages/airflow/example_dags/example_dynamic_task_mapping_with_no_taskflow_operators.py
[2024-09-12T16:22:33.151+0000] {logging_mixin.py:190} INFO - [2024-09-12T16:22:33.150+0000] {dag.py:3211} INFO - Sync 1 DAGs
[2024-09-12T16:22:33.402+0000] {logging_mixin.py:190} INFO - [2024-09-12T16:22:33.402+0000] {dag.py:4138} INFO - Setting next_dagrun for example_dynamic_task_mapping_with_no_taskflow_operators to 2024-09-11 00:00:00+00:00, run_after=2024-09-12 00:00:00+00:00
[2024-09-12T16:22:33.699+0000] {processor.py:208} INFO - Processing /home/airflow/.local/lib/python3.12/site-packages/airflow/example_dags/example_dynamic_task_mapping_with_no_taskflow_operators.py took 1.044 seconds
[2024-09-12T16:23:25.718+0000] {processor.py:186} INFO - Started process (PID=4878) to work on /home/airflow/.local/lib/python3.12/site-packages/airflow/example_dags/example_dynamic_task_mapping_with_no_taskflow_operators.py
[2024-09-12T16:23:25.727+0000] {processor.py:914} INFO - Processing file /home/airflow/.local/lib/python3.12/site-packages/airflow/example_dags/example_dynamic_task_mapping_with_no_taskflow_operators.py for tasks to queue
[2024-09-12T16:23:25.739+0000] {logging_mixin.py:190} INFO - [2024-09-12T16:23:25.732+0000] {dagbag.py:587} INFO - Filling up the DagBag from /home/airflow/.local/lib/python3.12/site-packages/airflow/example_dags/example_dynamic_task_mapping_with_no_taskflow_operators.py
[2024-09-12T16:23:25.915+0000] {processor.py:925} INFO - DAG(s) 'example_dynamic_task_mapping_with_no_taskflow_operators' retrieved from /home/airflow/.local/lib/python3.12/site-packages/airflow/example_dags/example_dynamic_task_mapping_with_no_taskflow_operators.py
[2024-09-12T16:23:26.186+0000] {logging_mixin.py:190} INFO - [2024-09-12T16:23:26.185+0000] {dag.py:3211} INFO - Sync 1 DAGs
[2024-09-12T16:23:26.336+0000] {logging_mixin.py:190} INFO - [2024-09-12T16:23:26.336+0000] {dag.py:4138} INFO - Setting next_dagrun for example_dynamic_task_mapping_with_no_taskflow_operators to 2024-09-11 00:00:00+00:00, run_after=2024-09-12 00:00:00+00:00
[2024-09-12T16:23:26.427+0000] {processor.py:208} INFO - Processing /home/airflow/.local/lib/python3.12/site-packages/airflow/example_dags/example_dynamic_task_mapping_with_no_taskflow_operators.py took 0.809 seconds
