[2024-09-12T14:59:04.969+0000] {processor.py:186} INFO - Started process (PID=123) to work on /home/airflow/.local/lib/python3.12/site-packages/airflow/example_dags/example_dynamic_task_mapping.py
[2024-09-12T14:59:04.985+0000] {processor.py:914} INFO - Processing file /home/airflow/.local/lib/python3.12/site-packages/airflow/example_dags/example_dynamic_task_mapping.py for tasks to queue
[2024-09-12T14:59:05.000+0000] {logging_mixin.py:190} INFO - [2024-09-12T14:59:04.999+0000] {dagbag.py:587} INFO - Filling up the DagBag from /home/airflow/.local/lib/python3.12/site-packages/airflow/example_dags/example_dynamic_task_mapping.py
[2024-09-12T14:59:05.040+0000] {processor.py:925} INFO - DAG(s) 'example_dynamic_task_mapping' retrieved from /home/airflow/.local/lib/python3.12/site-packages/airflow/example_dags/example_dynamic_task_mapping.py
[2024-09-12T14:59:05.245+0000] {logging_mixin.py:190} INFO - [2024-09-12T14:59:05.245+0000] {dag.py:3211} INFO - Sync 1 DAGs
[2024-09-12T14:59:05.435+0000] {logging_mixin.py:190} INFO - [2024-09-12T14:59:05.435+0000] {dag.py:4138} INFO - Setting next_dagrun for example_dynamic_task_mapping to 2022-03-04 00:00:00+00:00, run_after=2022-03-05 00:00:00+00:00
[2024-09-12T14:59:05.543+0000] {processor.py:208} INFO - Processing /home/airflow/.local/lib/python3.12/site-packages/airflow/example_dags/example_dynamic_task_mapping.py took 0.640 seconds
[2024-09-12T15:00:05.882+0000] {processor.py:186} INFO - Started process (PID=199) to work on /home/airflow/.local/lib/python3.12/site-packages/airflow/example_dags/example_dynamic_task_mapping.py
[2024-09-12T15:00:05.897+0000] {processor.py:914} INFO - Processing file /home/airflow/.local/lib/python3.12/site-packages/airflow/example_dags/example_dynamic_task_mapping.py for tasks to queue
[2024-09-12T15:00:05.914+0000] {logging_mixin.py:190} INFO - [2024-09-12T15:00:05.914+0000] {dagbag.py:587} INFO - Filling up the DagBag from /home/airflow/.local/lib/python3.12/site-packages/airflow/example_dags/example_dynamic_task_mapping.py
[2024-09-12T15:00:05.980+0000] {processor.py:925} INFO - DAG(s) 'example_dynamic_task_mapping' retrieved from /home/airflow/.local/lib/python3.12/site-packages/airflow/example_dags/example_dynamic_task_mapping.py
[2024-09-12T15:00:06.303+0000] {logging_mixin.py:190} INFO - [2024-09-12T15:00:06.303+0000] {dag.py:3211} INFO - Sync 1 DAGs
[2024-09-12T15:00:06.495+0000] {logging_mixin.py:190} INFO - [2024-09-12T15:00:06.495+0000] {dag.py:4138} INFO - Setting next_dagrun for example_dynamic_task_mapping to 2022-03-04 00:00:00+00:00, run_after=2022-03-05 00:00:00+00:00
[2024-09-12T15:00:06.687+0000] {processor.py:208} INFO - Processing /home/airflow/.local/lib/python3.12/site-packages/airflow/example_dags/example_dynamic_task_mapping.py took 0.916 seconds
[2024-09-12T15:01:12.362+0000] {processor.py:186} INFO - Started process (PID=275) to work on /home/airflow/.local/lib/python3.12/site-packages/airflow/example_dags/example_dynamic_task_mapping.py
[2024-09-12T15:01:12.376+0000] {processor.py:914} INFO - Processing file /home/airflow/.local/lib/python3.12/site-packages/airflow/example_dags/example_dynamic_task_mapping.py for tasks to queue
[2024-09-12T15:01:12.394+0000] {logging_mixin.py:190} INFO - [2024-09-12T15:01:12.393+0000] {dagbag.py:587} INFO - Filling up the DagBag from /home/airflow/.local/lib/python3.12/site-packages/airflow/example_dags/example_dynamic_task_mapping.py
[2024-09-12T15:01:12.459+0000] {processor.py:925} INFO - DAG(s) 'example_dynamic_task_mapping' retrieved from /home/airflow/.local/lib/python3.12/site-packages/airflow/example_dags/example_dynamic_task_mapping.py
[2024-09-12T15:01:12.649+0000] {logging_mixin.py:190} INFO - [2024-09-12T15:01:12.648+0000] {dag.py:3211} INFO - Sync 1 DAGs
[2024-09-12T15:01:12.985+0000] {logging_mixin.py:190} INFO - [2024-09-12T15:01:12.985+0000] {dag.py:4138} INFO - Setting next_dagrun for example_dynamic_task_mapping to 2022-03-04 00:00:00+00:00, run_after=2022-03-05 00:00:00+00:00
[2024-09-12T15:01:13.180+0000] {processor.py:208} INFO - Processing /home/airflow/.local/lib/python3.12/site-packages/airflow/example_dags/example_dynamic_task_mapping.py took 0.928 seconds
[2024-09-12T15:03:31.459+0000] {processor.py:186} INFO - Started process (PID=378) to work on /home/airflow/.local/lib/python3.12/site-packages/airflow/example_dags/example_dynamic_task_mapping.py
[2024-09-12T15:03:31.473+0000] {processor.py:914} INFO - Processing file /home/airflow/.local/lib/python3.12/site-packages/airflow/example_dags/example_dynamic_task_mapping.py for tasks to queue
[2024-09-12T15:03:31.490+0000] {logging_mixin.py:190} INFO - [2024-09-12T15:03:31.490+0000] {dagbag.py:587} INFO - Filling up the DagBag from /home/airflow/.local/lib/python3.12/site-packages/airflow/example_dags/example_dynamic_task_mapping.py
[2024-09-12T15:03:31.632+0000] {processor.py:925} INFO - DAG(s) 'example_dynamic_task_mapping' retrieved from /home/airflow/.local/lib/python3.12/site-packages/airflow/example_dags/example_dynamic_task_mapping.py
[2024-09-12T15:03:32.061+0000] {logging_mixin.py:190} INFO - [2024-09-12T15:03:32.060+0000] {dag.py:3211} INFO - Sync 1 DAGs
[2024-09-12T15:03:32.503+0000] {logging_mixin.py:190} INFO - [2024-09-12T15:03:32.491+0000] {dag.py:4138} INFO - Setting next_dagrun for example_dynamic_task_mapping to 2022-03-04 00:00:00+00:00, run_after=2022-03-05 00:00:00+00:00
[2024-09-12T15:03:32.854+0000] {processor.py:208} INFO - Processing /home/airflow/.local/lib/python3.12/site-packages/airflow/example_dags/example_dynamic_task_mapping.py took 1.551 seconds
[2024-09-12T15:04:27.675+0000] {processor.py:186} INFO - Started process (PID=450) to work on /home/airflow/.local/lib/python3.12/site-packages/airflow/example_dags/example_dynamic_task_mapping.py
[2024-09-12T15:04:27.725+0000] {processor.py:914} INFO - Processing file /home/airflow/.local/lib/python3.12/site-packages/airflow/example_dags/example_dynamic_task_mapping.py for tasks to queue
[2024-09-12T15:04:27.741+0000] {logging_mixin.py:190} INFO - [2024-09-12T15:04:27.740+0000] {dagbag.py:587} INFO - Filling up the DagBag from /home/airflow/.local/lib/python3.12/site-packages/airflow/example_dags/example_dynamic_task_mapping.py
[2024-09-12T15:04:27.898+0000] {processor.py:925} INFO - DAG(s) 'example_dynamic_task_mapping' retrieved from /home/airflow/.local/lib/python3.12/site-packages/airflow/example_dags/example_dynamic_task_mapping.py
[2024-09-12T15:04:28.273+0000] {logging_mixin.py:190} INFO - [2024-09-12T15:04:28.267+0000] {dag.py:3211} INFO - Sync 1 DAGs
[2024-09-12T15:04:28.650+0000] {logging_mixin.py:190} INFO - [2024-09-12T15:04:28.649+0000] {dag.py:4138} INFO - Setting next_dagrun for example_dynamic_task_mapping to 2022-03-04 00:00:00+00:00, run_after=2022-03-05 00:00:00+00:00
[2024-09-12T15:04:28.908+0000] {processor.py:208} INFO - Processing /home/airflow/.local/lib/python3.12/site-packages/airflow/example_dags/example_dynamic_task_mapping.py took 1.321 seconds
[2024-09-12T15:05:29.208+0000] {processor.py:186} INFO - Started process (PID=516) to work on /home/airflow/.local/lib/python3.12/site-packages/airflow/example_dags/example_dynamic_task_mapping.py
[2024-09-12T15:05:29.225+0000] {processor.py:914} INFO - Processing file /home/airflow/.local/lib/python3.12/site-packages/airflow/example_dags/example_dynamic_task_mapping.py for tasks to queue
[2024-09-12T15:05:29.253+0000] {logging_mixin.py:190} INFO - [2024-09-12T15:05:29.237+0000] {dagbag.py:587} INFO - Filling up the DagBag from /home/airflow/.local/lib/python3.12/site-packages/airflow/example_dags/example_dynamic_task_mapping.py
[2024-09-12T15:05:29.362+0000] {processor.py:925} INFO - DAG(s) 'example_dynamic_task_mapping' retrieved from /home/airflow/.local/lib/python3.12/site-packages/airflow/example_dags/example_dynamic_task_mapping.py
[2024-09-12T15:05:29.575+0000] {logging_mixin.py:190} INFO - [2024-09-12T15:05:29.574+0000] {dag.py:3211} INFO - Sync 1 DAGs
[2024-09-12T15:05:30.184+0000] {logging_mixin.py:190} INFO - [2024-09-12T15:05:30.184+0000] {dag.py:4138} INFO - Setting next_dagrun for example_dynamic_task_mapping to 2022-03-04 00:00:00+00:00, run_after=2022-03-05 00:00:00+00:00
[2024-09-12T15:05:30.456+0000] {processor.py:208} INFO - Processing /home/airflow/.local/lib/python3.12/site-packages/airflow/example_dags/example_dynamic_task_mapping.py took 1.303 seconds
[2024-09-12T15:06:29.222+0000] {processor.py:186} INFO - Started process (PID=590) to work on /home/airflow/.local/lib/python3.12/site-packages/airflow/example_dags/example_dynamic_task_mapping.py
[2024-09-12T15:06:29.224+0000] {processor.py:914} INFO - Processing file /home/airflow/.local/lib/python3.12/site-packages/airflow/example_dags/example_dynamic_task_mapping.py for tasks to queue
[2024-09-12T15:06:29.227+0000] {logging_mixin.py:190} INFO - [2024-09-12T15:06:29.226+0000] {dagbag.py:587} INFO - Filling up the DagBag from /home/airflow/.local/lib/python3.12/site-packages/airflow/example_dags/example_dynamic_task_mapping.py
[2024-09-12T15:06:29.274+0000] {processor.py:925} INFO - DAG(s) 'example_dynamic_task_mapping' retrieved from /home/airflow/.local/lib/python3.12/site-packages/airflow/example_dags/example_dynamic_task_mapping.py
[2024-09-12T15:06:29.379+0000] {logging_mixin.py:190} INFO - [2024-09-12T15:06:29.378+0000] {dag.py:3211} INFO - Sync 1 DAGs
[2024-09-12T15:06:29.506+0000] {logging_mixin.py:190} INFO - [2024-09-12T15:06:29.504+0000] {dag.py:4138} INFO - Setting next_dagrun for example_dynamic_task_mapping to 2022-03-04 00:00:00+00:00, run_after=2022-03-05 00:00:00+00:00
[2024-09-12T15:06:29.589+0000] {processor.py:208} INFO - Processing /home/airflow/.local/lib/python3.12/site-packages/airflow/example_dags/example_dynamic_task_mapping.py took 0.392 seconds
[2024-09-12T15:08:08.997+0000] {processor.py:186} INFO - Started process (PID=695) to work on /home/airflow/.local/lib/python3.12/site-packages/airflow/example_dags/example_dynamic_task_mapping.py
[2024-09-12T15:08:09.010+0000] {processor.py:914} INFO - Processing file /home/airflow/.local/lib/python3.12/site-packages/airflow/example_dags/example_dynamic_task_mapping.py for tasks to queue
[2024-09-12T15:08:09.044+0000] {logging_mixin.py:190} INFO - [2024-09-12T15:08:09.043+0000] {dagbag.py:587} INFO - Filling up the DagBag from /home/airflow/.local/lib/python3.12/site-packages/airflow/example_dags/example_dynamic_task_mapping.py
[2024-09-12T15:08:09.191+0000] {processor.py:925} INFO - DAG(s) 'example_dynamic_task_mapping' retrieved from /home/airflow/.local/lib/python3.12/site-packages/airflow/example_dags/example_dynamic_task_mapping.py
[2024-09-12T15:08:09.712+0000] {logging_mixin.py:190} INFO - [2024-09-12T15:08:09.712+0000] {dag.py:3211} INFO - Sync 1 DAGs
[2024-09-12T15:08:10.027+0000] {logging_mixin.py:190} INFO - [2024-09-12T15:08:10.027+0000] {dag.py:4138} INFO - Setting next_dagrun for example_dynamic_task_mapping to 2022-03-04 00:00:00+00:00, run_after=2022-03-05 00:00:00+00:00
[2024-09-12T15:08:10.224+0000] {processor.py:208} INFO - Processing /home/airflow/.local/lib/python3.12/site-packages/airflow/example_dags/example_dynamic_task_mapping.py took 1.357 seconds
[2024-09-12T15:09:40.882+0000] {processor.py:186} INFO - Started process (PID=784) to work on /home/airflow/.local/lib/python3.12/site-packages/airflow/example_dags/example_dynamic_task_mapping.py
[2024-09-12T15:09:40.890+0000] {processor.py:914} INFO - Processing file /home/airflow/.local/lib/python3.12/site-packages/airflow/example_dags/example_dynamic_task_mapping.py for tasks to queue
[2024-09-12T15:09:40.907+0000] {logging_mixin.py:190} INFO - [2024-09-12T15:09:40.906+0000] {dagbag.py:587} INFO - Filling up the DagBag from /home/airflow/.local/lib/python3.12/site-packages/airflow/example_dags/example_dynamic_task_mapping.py
[2024-09-12T15:09:41.069+0000] {processor.py:925} INFO - DAG(s) 'example_dynamic_task_mapping' retrieved from /home/airflow/.local/lib/python3.12/site-packages/airflow/example_dags/example_dynamic_task_mapping.py
[2024-09-12T15:09:41.193+0000] {logging_mixin.py:190} INFO - [2024-09-12T15:09:41.192+0000] {dag.py:3211} INFO - Sync 1 DAGs
[2024-09-12T15:09:41.410+0000] {logging_mixin.py:190} INFO - [2024-09-12T15:09:41.409+0000] {dag.py:4138} INFO - Setting next_dagrun for example_dynamic_task_mapping to 2022-03-04 00:00:00+00:00, run_after=2022-03-05 00:00:00+00:00
[2024-09-12T15:09:41.669+0000] {processor.py:208} INFO - Processing /home/airflow/.local/lib/python3.12/site-packages/airflow/example_dags/example_dynamic_task_mapping.py took 0.814 seconds
[2024-09-12T15:10:44.617+0000] {processor.py:186} INFO - Started process (PID=856) to work on /home/airflow/.local/lib/python3.12/site-packages/airflow/example_dags/example_dynamic_task_mapping.py
[2024-09-12T15:10:44.643+0000] {processor.py:914} INFO - Processing file /home/airflow/.local/lib/python3.12/site-packages/airflow/example_dags/example_dynamic_task_mapping.py for tasks to queue
[2024-09-12T15:10:44.701+0000] {logging_mixin.py:190} INFO - [2024-09-12T15:10:44.700+0000] {dagbag.py:587} INFO - Filling up the DagBag from /home/airflow/.local/lib/python3.12/site-packages/airflow/example_dags/example_dynamic_task_mapping.py
[2024-09-12T15:10:44.877+0000] {processor.py:925} INFO - DAG(s) 'example_dynamic_task_mapping' retrieved from /home/airflow/.local/lib/python3.12/site-packages/airflow/example_dags/example_dynamic_task_mapping.py
[2024-09-12T15:10:45.102+0000] {logging_mixin.py:190} INFO - [2024-09-12T15:10:45.101+0000] {dag.py:3211} INFO - Sync 1 DAGs
[2024-09-12T15:10:45.251+0000] {logging_mixin.py:190} INFO - [2024-09-12T15:10:45.251+0000] {dag.py:4138} INFO - Setting next_dagrun for example_dynamic_task_mapping to 2022-03-04 00:00:00+00:00, run_after=2022-03-05 00:00:00+00:00
[2024-09-12T15:10:45.371+0000] {processor.py:208} INFO - Processing /home/airflow/.local/lib/python3.12/site-packages/airflow/example_dags/example_dynamic_task_mapping.py took 0.838 seconds
[2024-09-12T15:15:30.847+0000] {processor.py:186} INFO - Started process (PID=125) to work on /home/airflow/.local/lib/python3.12/site-packages/airflow/example_dags/example_dynamic_task_mapping.py
[2024-09-12T15:15:30.862+0000] {processor.py:914} INFO - Processing file /home/airflow/.local/lib/python3.12/site-packages/airflow/example_dags/example_dynamic_task_mapping.py for tasks to queue
[2024-09-12T15:15:30.879+0000] {logging_mixin.py:190} INFO - [2024-09-12T15:15:30.878+0000] {dagbag.py:587} INFO - Filling up the DagBag from /home/airflow/.local/lib/python3.12/site-packages/airflow/example_dags/example_dynamic_task_mapping.py
[2024-09-12T15:15:30.966+0000] {processor.py:925} INFO - DAG(s) 'example_dynamic_task_mapping' retrieved from /home/airflow/.local/lib/python3.12/site-packages/airflow/example_dags/example_dynamic_task_mapping.py
[2024-09-12T15:15:31.151+0000] {logging_mixin.py:190} INFO - [2024-09-12T15:15:31.150+0000] {dag.py:3211} INFO - Sync 1 DAGs
[2024-09-12T15:15:31.306+0000] {logging_mixin.py:190} INFO - [2024-09-12T15:15:31.305+0000] {dag.py:4138} INFO - Setting next_dagrun for example_dynamic_task_mapping to 2022-03-04 00:00:00+00:00, run_after=2022-03-05 00:00:00+00:00
[2024-09-12T15:15:31.509+0000] {processor.py:208} INFO - Processing /home/airflow/.local/lib/python3.12/site-packages/airflow/example_dags/example_dynamic_task_mapping.py took 0.699 seconds
[2024-09-12T15:16:34.324+0000] {processor.py:186} INFO - Started process (PID=197) to work on /home/airflow/.local/lib/python3.12/site-packages/airflow/example_dags/example_dynamic_task_mapping.py
[2024-09-12T15:16:34.355+0000] {processor.py:914} INFO - Processing file /home/airflow/.local/lib/python3.12/site-packages/airflow/example_dags/example_dynamic_task_mapping.py for tasks to queue
[2024-09-12T15:16:34.456+0000] {logging_mixin.py:190} INFO - [2024-09-12T15:16:34.454+0000] {dagbag.py:587} INFO - Filling up the DagBag from /home/airflow/.local/lib/python3.12/site-packages/airflow/example_dags/example_dynamic_task_mapping.py
[2024-09-12T15:16:34.594+0000] {processor.py:925} INFO - DAG(s) 'example_dynamic_task_mapping' retrieved from /home/airflow/.local/lib/python3.12/site-packages/airflow/example_dags/example_dynamic_task_mapping.py
[2024-09-12T15:16:34.928+0000] {logging_mixin.py:190} INFO - [2024-09-12T15:16:34.915+0000] {dag.py:3211} INFO - Sync 1 DAGs
[2024-09-12T15:16:35.292+0000] {logging_mixin.py:190} INFO - [2024-09-12T15:16:35.291+0000] {dag.py:4138} INFO - Setting next_dagrun for example_dynamic_task_mapping to 2022-03-04 00:00:00+00:00, run_after=2022-03-05 00:00:00+00:00
[2024-09-12T15:16:35.529+0000] {processor.py:208} INFO - Processing /home/airflow/.local/lib/python3.12/site-packages/airflow/example_dags/example_dynamic_task_mapping.py took 1.357 seconds
[2024-09-12T15:17:51.058+0000] {processor.py:186} INFO - Started process (PID=280) to work on /home/airflow/.local/lib/python3.12/site-packages/airflow/example_dags/example_dynamic_task_mapping.py
[2024-09-12T15:17:51.073+0000] {processor.py:914} INFO - Processing file /home/airflow/.local/lib/python3.12/site-packages/airflow/example_dags/example_dynamic_task_mapping.py for tasks to queue
[2024-09-12T15:17:51.090+0000] {logging_mixin.py:190} INFO - [2024-09-12T15:17:51.089+0000] {dagbag.py:587} INFO - Filling up the DagBag from /home/airflow/.local/lib/python3.12/site-packages/airflow/example_dags/example_dynamic_task_mapping.py
[2024-09-12T15:17:51.213+0000] {processor.py:925} INFO - DAG(s) 'example_dynamic_task_mapping' retrieved from /home/airflow/.local/lib/python3.12/site-packages/airflow/example_dags/example_dynamic_task_mapping.py
[2024-09-12T15:17:51.469+0000] {logging_mixin.py:190} INFO - [2024-09-12T15:17:51.468+0000] {dag.py:3211} INFO - Sync 1 DAGs
[2024-09-12T15:17:51.649+0000] {logging_mixin.py:190} INFO - [2024-09-12T15:17:51.649+0000] {dag.py:4138} INFO - Setting next_dagrun for example_dynamic_task_mapping to 2022-03-04 00:00:00+00:00, run_after=2022-03-05 00:00:00+00:00
[2024-09-12T15:17:51.773+0000] {processor.py:208} INFO - Processing /home/airflow/.local/lib/python3.12/site-packages/airflow/example_dags/example_dynamic_task_mapping.py took 0.753 seconds
[2024-09-12T15:18:55.392+0000] {processor.py:186} INFO - Started process (PID=367) to work on /home/airflow/.local/lib/python3.12/site-packages/airflow/example_dags/example_dynamic_task_mapping.py
[2024-09-12T15:18:55.397+0000] {processor.py:914} INFO - Processing file /home/airflow/.local/lib/python3.12/site-packages/airflow/example_dags/example_dynamic_task_mapping.py for tasks to queue
[2024-09-12T15:18:55.414+0000] {logging_mixin.py:190} INFO - [2024-09-12T15:18:55.413+0000] {dagbag.py:587} INFO - Filling up the DagBag from /home/airflow/.local/lib/python3.12/site-packages/airflow/example_dags/example_dynamic_task_mapping.py
[2024-09-12T15:18:55.557+0000] {processor.py:925} INFO - DAG(s) 'example_dynamic_task_mapping' retrieved from /home/airflow/.local/lib/python3.12/site-packages/airflow/example_dags/example_dynamic_task_mapping.py
[2024-09-12T15:18:55.824+0000] {logging_mixin.py:190} INFO - [2024-09-12T15:18:55.823+0000] {dag.py:3211} INFO - Sync 1 DAGs
[2024-09-12T15:18:56.104+0000] {logging_mixin.py:190} INFO - [2024-09-12T15:18:56.103+0000] {dag.py:4138} INFO - Setting next_dagrun for example_dynamic_task_mapping to 2022-03-04 00:00:00+00:00, run_after=2022-03-05 00:00:00+00:00
[2024-09-12T15:18:56.341+0000] {processor.py:208} INFO - Processing /home/airflow/.local/lib/python3.12/site-packages/airflow/example_dags/example_dynamic_task_mapping.py took 1.040 seconds
[2024-09-12T15:19:48.645+0000] {processor.py:186} INFO - Started process (PID=424) to work on /home/airflow/.local/lib/python3.12/site-packages/airflow/example_dags/example_dynamic_task_mapping.py
[2024-09-12T15:19:48.648+0000] {processor.py:914} INFO - Processing file /home/airflow/.local/lib/python3.12/site-packages/airflow/example_dags/example_dynamic_task_mapping.py for tasks to queue
[2024-09-12T15:19:48.669+0000] {logging_mixin.py:190} INFO - [2024-09-12T15:19:48.668+0000] {dagbag.py:587} INFO - Filling up the DagBag from /home/airflow/.local/lib/python3.12/site-packages/airflow/example_dags/example_dynamic_task_mapping.py
[2024-09-12T15:19:48.792+0000] {processor.py:925} INFO - DAG(s) 'example_dynamic_task_mapping' retrieved from /home/airflow/.local/lib/python3.12/site-packages/airflow/example_dags/example_dynamic_task_mapping.py
[2024-09-12T15:19:49.028+0000] {logging_mixin.py:190} INFO - [2024-09-12T15:19:49.027+0000] {dag.py:3211} INFO - Sync 1 DAGs
[2024-09-12T15:19:49.187+0000] {logging_mixin.py:190} INFO - [2024-09-12T15:19:49.186+0000] {dag.py:4138} INFO - Setting next_dagrun for example_dynamic_task_mapping to 2022-03-04 00:00:00+00:00, run_after=2022-03-05 00:00:00+00:00
[2024-09-12T15:19:49.345+0000] {processor.py:208} INFO - Processing /home/airflow/.local/lib/python3.12/site-packages/airflow/example_dags/example_dynamic_task_mapping.py took 0.759 seconds
[2024-09-12T15:20:53.021+0000] {processor.py:186} INFO - Started process (PID=512) to work on /home/airflow/.local/lib/python3.12/site-packages/airflow/example_dags/example_dynamic_task_mapping.py
[2024-09-12T15:20:53.035+0000] {processor.py:914} INFO - Processing file /home/airflow/.local/lib/python3.12/site-packages/airflow/example_dags/example_dynamic_task_mapping.py for tasks to queue
[2024-09-12T15:20:53.089+0000] {logging_mixin.py:190} INFO - [2024-09-12T15:20:53.088+0000] {dagbag.py:587} INFO - Filling up the DagBag from /home/airflow/.local/lib/python3.12/site-packages/airflow/example_dags/example_dynamic_task_mapping.py
[2024-09-12T15:20:53.194+0000] {processor.py:925} INFO - DAG(s) 'example_dynamic_task_mapping' retrieved from /home/airflow/.local/lib/python3.12/site-packages/airflow/example_dags/example_dynamic_task_mapping.py
[2024-09-12T15:20:53.508+0000] {logging_mixin.py:190} INFO - [2024-09-12T15:20:53.508+0000] {dag.py:3211} INFO - Sync 1 DAGs
[2024-09-12T15:20:53.716+0000] {logging_mixin.py:190} INFO - [2024-09-12T15:20:53.705+0000] {dag.py:4138} INFO - Setting next_dagrun for example_dynamic_task_mapping to 2022-03-04 00:00:00+00:00, run_after=2022-03-05 00:00:00+00:00
[2024-09-12T15:20:53.868+0000] {processor.py:208} INFO - Processing /home/airflow/.local/lib/python3.12/site-packages/airflow/example_dags/example_dynamic_task_mapping.py took 0.887 seconds
[2024-09-12T15:22:01.197+0000] {processor.py:186} INFO - Started process (PID=587) to work on /home/airflow/.local/lib/python3.12/site-packages/airflow/example_dags/example_dynamic_task_mapping.py
[2024-09-12T15:22:01.211+0000] {processor.py:914} INFO - Processing file /home/airflow/.local/lib/python3.12/site-packages/airflow/example_dags/example_dynamic_task_mapping.py for tasks to queue
[2024-09-12T15:22:01.262+0000] {logging_mixin.py:190} INFO - [2024-09-12T15:22:01.261+0000] {dagbag.py:587} INFO - Filling up the DagBag from /home/airflow/.local/lib/python3.12/site-packages/airflow/example_dags/example_dynamic_task_mapping.py
[2024-09-12T15:22:01.405+0000] {processor.py:925} INFO - DAG(s) 'example_dynamic_task_mapping' retrieved from /home/airflow/.local/lib/python3.12/site-packages/airflow/example_dags/example_dynamic_task_mapping.py
[2024-09-12T15:22:01.688+0000] {logging_mixin.py:190} INFO - [2024-09-12T15:22:01.688+0000] {dag.py:3211} INFO - Sync 1 DAGs
[2024-09-12T15:22:02.148+0000] {logging_mixin.py:190} INFO - [2024-09-12T15:22:02.119+0000] {dag.py:4138} INFO - Setting next_dagrun for example_dynamic_task_mapping to 2022-03-04 00:00:00+00:00, run_after=2022-03-05 00:00:00+00:00
[2024-09-12T15:22:02.436+0000] {processor.py:208} INFO - Processing /home/airflow/.local/lib/python3.12/site-packages/airflow/example_dags/example_dynamic_task_mapping.py took 1.336 seconds
[2024-09-12T15:23:08.372+0000] {processor.py:186} INFO - Started process (PID=664) to work on /home/airflow/.local/lib/python3.12/site-packages/airflow/example_dags/example_dynamic_task_mapping.py
[2024-09-12T15:23:08.417+0000] {processor.py:914} INFO - Processing file /home/airflow/.local/lib/python3.12/site-packages/airflow/example_dags/example_dynamic_task_mapping.py for tasks to queue
[2024-09-12T15:23:08.435+0000] {logging_mixin.py:190} INFO - [2024-09-12T15:23:08.433+0000] {dagbag.py:587} INFO - Filling up the DagBag from /home/airflow/.local/lib/python3.12/site-packages/airflow/example_dags/example_dynamic_task_mapping.py
[2024-09-12T15:23:08.608+0000] {processor.py:925} INFO - DAG(s) 'example_dynamic_task_mapping' retrieved from /home/airflow/.local/lib/python3.12/site-packages/airflow/example_dags/example_dynamic_task_mapping.py
[2024-09-12T15:23:08.991+0000] {logging_mixin.py:190} INFO - [2024-09-12T15:23:08.991+0000] {dag.py:3211} INFO - Sync 1 DAGs
[2024-09-12T15:23:09.484+0000] {logging_mixin.py:190} INFO - [2024-09-12T15:23:09.483+0000] {dag.py:4138} INFO - Setting next_dagrun for example_dynamic_task_mapping to 2022-03-04 00:00:00+00:00, run_after=2022-03-05 00:00:00+00:00
[2024-09-12T15:23:09.806+0000] {processor.py:208} INFO - Processing /home/airflow/.local/lib/python3.12/site-packages/airflow/example_dags/example_dynamic_task_mapping.py took 1.501 seconds
[2024-09-12T15:24:13.277+0000] {processor.py:186} INFO - Started process (PID=740) to work on /home/airflow/.local/lib/python3.12/site-packages/airflow/example_dags/example_dynamic_task_mapping.py
[2024-09-12T15:24:13.286+0000] {processor.py:914} INFO - Processing file /home/airflow/.local/lib/python3.12/site-packages/airflow/example_dags/example_dynamic_task_mapping.py for tasks to queue
[2024-09-12T15:24:13.310+0000] {logging_mixin.py:190} INFO - [2024-09-12T15:24:13.309+0000] {dagbag.py:587} INFO - Filling up the DagBag from /home/airflow/.local/lib/python3.12/site-packages/airflow/example_dags/example_dynamic_task_mapping.py
[2024-09-12T15:24:13.408+0000] {processor.py:925} INFO - DAG(s) 'example_dynamic_task_mapping' retrieved from /home/airflow/.local/lib/python3.12/site-packages/airflow/example_dags/example_dynamic_task_mapping.py
[2024-09-12T15:24:13.517+0000] {logging_mixin.py:190} INFO - [2024-09-12T15:24:13.516+0000] {dag.py:3211} INFO - Sync 1 DAGs
[2024-09-12T15:24:13.735+0000] {logging_mixin.py:190} INFO - [2024-09-12T15:24:13.726+0000] {dag.py:4138} INFO - Setting next_dagrun for example_dynamic_task_mapping to 2022-03-04 00:00:00+00:00, run_after=2022-03-05 00:00:00+00:00
[2024-09-12T15:24:13.877+0000] {processor.py:208} INFO - Processing /home/airflow/.local/lib/python3.12/site-packages/airflow/example_dags/example_dynamic_task_mapping.py took 0.636 seconds
[2024-09-12T15:26:09.998+0000] {processor.py:186} INFO - Started process (PID=830) to work on /home/airflow/.local/lib/python3.12/site-packages/airflow/example_dags/example_dynamic_task_mapping.py
[2024-09-12T15:26:10.108+0000] {processor.py:914} INFO - Processing file /home/airflow/.local/lib/python3.12/site-packages/airflow/example_dags/example_dynamic_task_mapping.py for tasks to queue
[2024-09-12T15:26:10.157+0000] {logging_mixin.py:190} INFO - [2024-09-12T15:26:10.156+0000] {dagbag.py:587} INFO - Filling up the DagBag from /home/airflow/.local/lib/python3.12/site-packages/airflow/example_dags/example_dynamic_task_mapping.py
[2024-09-12T15:26:10.438+0000] {processor.py:925} INFO - DAG(s) 'example_dynamic_task_mapping' retrieved from /home/airflow/.local/lib/python3.12/site-packages/airflow/example_dags/example_dynamic_task_mapping.py
[2024-09-12T15:26:11.143+0000] {logging_mixin.py:190} INFO - [2024-09-12T15:26:11.143+0000] {dag.py:3211} INFO - Sync 1 DAGs
[2024-09-12T15:26:12.108+0000] {logging_mixin.py:190} INFO - [2024-09-12T15:26:12.108+0000] {dag.py:4138} INFO - Setting next_dagrun for example_dynamic_task_mapping to 2022-03-04 00:00:00+00:00, run_after=2022-03-05 00:00:00+00:00
[2024-09-12T15:26:12.400+0000] {processor.py:208} INFO - Processing /home/airflow/.local/lib/python3.12/site-packages/airflow/example_dags/example_dynamic_task_mapping.py took 2.552 seconds
[2024-09-12T15:27:20.684+0000] {processor.py:186} INFO - Started process (PID=905) to work on /home/airflow/.local/lib/python3.12/site-packages/airflow/example_dags/example_dynamic_task_mapping.py
[2024-09-12T15:27:20.687+0000] {processor.py:914} INFO - Processing file /home/airflow/.local/lib/python3.12/site-packages/airflow/example_dags/example_dynamic_task_mapping.py for tasks to queue
[2024-09-12T15:27:20.739+0000] {logging_mixin.py:190} INFO - [2024-09-12T15:27:20.724+0000] {dagbag.py:587} INFO - Filling up the DagBag from /home/airflow/.local/lib/python3.12/site-packages/airflow/example_dags/example_dynamic_task_mapping.py
[2024-09-12T15:27:20.804+0000] {processor.py:925} INFO - DAG(s) 'example_dynamic_task_mapping' retrieved from /home/airflow/.local/lib/python3.12/site-packages/airflow/example_dags/example_dynamic_task_mapping.py
[2024-09-12T15:27:21.045+0000] {logging_mixin.py:190} INFO - [2024-09-12T15:27:21.045+0000] {dag.py:3211} INFO - Sync 1 DAGs
[2024-09-12T15:27:21.248+0000] {logging_mixin.py:190} INFO - [2024-09-12T15:27:21.246+0000] {dag.py:4138} INFO - Setting next_dagrun for example_dynamic_task_mapping to 2022-03-04 00:00:00+00:00, run_after=2022-03-05 00:00:00+00:00
[2024-09-12T15:27:21.327+0000] {processor.py:208} INFO - Processing /home/airflow/.local/lib/python3.12/site-packages/airflow/example_dags/example_dynamic_task_mapping.py took 0.680 seconds
[2024-09-12T15:28:16.358+0000] {processor.py:186} INFO - Started process (PID=977) to work on /home/airflow/.local/lib/python3.12/site-packages/airflow/example_dags/example_dynamic_task_mapping.py
[2024-09-12T15:28:16.367+0000] {processor.py:914} INFO - Processing file /home/airflow/.local/lib/python3.12/site-packages/airflow/example_dags/example_dynamic_task_mapping.py for tasks to queue
[2024-09-12T15:28:16.391+0000] {logging_mixin.py:190} INFO - [2024-09-12T15:28:16.390+0000] {dagbag.py:587} INFO - Filling up the DagBag from /home/airflow/.local/lib/python3.12/site-packages/airflow/example_dags/example_dynamic_task_mapping.py
[2024-09-12T15:28:16.531+0000] {processor.py:925} INFO - DAG(s) 'example_dynamic_task_mapping' retrieved from /home/airflow/.local/lib/python3.12/site-packages/airflow/example_dags/example_dynamic_task_mapping.py
[2024-09-12T15:28:16.907+0000] {logging_mixin.py:190} INFO - [2024-09-12T15:28:16.907+0000] {dag.py:3211} INFO - Sync 1 DAGs
[2024-09-12T15:28:17.290+0000] {logging_mixin.py:190} INFO - [2024-09-12T15:28:17.284+0000] {dag.py:4138} INFO - Setting next_dagrun for example_dynamic_task_mapping to 2022-03-04 00:00:00+00:00, run_after=2022-03-05 00:00:00+00:00
[2024-09-12T15:28:17.472+0000] {processor.py:208} INFO - Processing /home/airflow/.local/lib/python3.12/site-packages/airflow/example_dags/example_dynamic_task_mapping.py took 1.142 seconds
[2024-09-12T15:29:07.553+0000] {processor.py:186} INFO - Started process (PID=1044) to work on /home/airflow/.local/lib/python3.12/site-packages/airflow/example_dags/example_dynamic_task_mapping.py
[2024-09-12T15:29:07.563+0000] {processor.py:914} INFO - Processing file /home/airflow/.local/lib/python3.12/site-packages/airflow/example_dags/example_dynamic_task_mapping.py for tasks to queue
[2024-09-12T15:29:07.600+0000] {logging_mixin.py:190} INFO - [2024-09-12T15:29:07.600+0000] {dagbag.py:587} INFO - Filling up the DagBag from /home/airflow/.local/lib/python3.12/site-packages/airflow/example_dags/example_dynamic_task_mapping.py
[2024-09-12T15:29:07.660+0000] {processor.py:925} INFO - DAG(s) 'example_dynamic_task_mapping' retrieved from /home/airflow/.local/lib/python3.12/site-packages/airflow/example_dags/example_dynamic_task_mapping.py
[2024-09-12T15:29:07.799+0000] {logging_mixin.py:190} INFO - [2024-09-12T15:29:07.798+0000] {dag.py:3211} INFO - Sync 1 DAGs
[2024-09-12T15:29:07.990+0000] {logging_mixin.py:190} INFO - [2024-09-12T15:29:07.990+0000] {dag.py:4138} INFO - Setting next_dagrun for example_dynamic_task_mapping to 2022-03-04 00:00:00+00:00, run_after=2022-03-05 00:00:00+00:00
[2024-09-12T15:29:08.163+0000] {processor.py:208} INFO - Processing /home/airflow/.local/lib/python3.12/site-packages/airflow/example_dags/example_dynamic_task_mapping.py took 0.645 seconds
[2024-09-12T15:30:15.830+0000] {processor.py:186} INFO - Started process (PID=1118) to work on /home/airflow/.local/lib/python3.12/site-packages/airflow/example_dags/example_dynamic_task_mapping.py
[2024-09-12T15:30:15.917+0000] {processor.py:914} INFO - Processing file /home/airflow/.local/lib/python3.12/site-packages/airflow/example_dags/example_dynamic_task_mapping.py for tasks to queue
[2024-09-12T15:30:15.981+0000] {logging_mixin.py:190} INFO - [2024-09-12T15:30:15.956+0000] {dagbag.py:587} INFO - Filling up the DagBag from /home/airflow/.local/lib/python3.12/site-packages/airflow/example_dags/example_dynamic_task_mapping.py
[2024-09-12T15:30:33.122+0000] {processor.py:925} INFO - DAG(s) 'example_dynamic_task_mapping' retrieved from /home/airflow/.local/lib/python3.12/site-packages/airflow/example_dags/example_dynamic_task_mapping.py
[2024-09-12T15:30:40.933+0000] {logging_mixin.py:190} INFO - [2024-09-12T15:30:40.902+0000] {dag.py:3211} INFO - Sync 1 DAGs
[2024-09-12T15:30:41.864+0000] {logging_mixin.py:190} INFO - [2024-09-12T15:30:41.863+0000] {dag.py:4138} INFO - Setting next_dagrun for example_dynamic_task_mapping to 2022-03-04 00:00:00+00:00, run_after=2022-03-05 00:00:00+00:00
[2024-09-12T15:30:42.442+0000] {processor.py:208} INFO - Processing /home/airflow/.local/lib/python3.12/site-packages/airflow/example_dags/example_dynamic_task_mapping.py took 26.877 seconds
[2024-09-12T15:31:51.162+0000] {processor.py:186} INFO - Started process (PID=1208) to work on /home/airflow/.local/lib/python3.12/site-packages/airflow/example_dags/example_dynamic_task_mapping.py
[2024-09-12T15:31:51.170+0000] {processor.py:914} INFO - Processing file /home/airflow/.local/lib/python3.12/site-packages/airflow/example_dags/example_dynamic_task_mapping.py for tasks to queue
[2024-09-12T15:31:51.181+0000] {logging_mixin.py:190} INFO - [2024-09-12T15:31:51.180+0000] {dagbag.py:587} INFO - Filling up the DagBag from /home/airflow/.local/lib/python3.12/site-packages/airflow/example_dags/example_dynamic_task_mapping.py
[2024-09-12T15:31:51.260+0000] {processor.py:925} INFO - DAG(s) 'example_dynamic_task_mapping' retrieved from /home/airflow/.local/lib/python3.12/site-packages/airflow/example_dags/example_dynamic_task_mapping.py
[2024-09-12T15:31:51.389+0000] {logging_mixin.py:190} INFO - [2024-09-12T15:31:51.388+0000] {dag.py:3211} INFO - Sync 1 DAGs
[2024-09-12T15:31:51.556+0000] {logging_mixin.py:190} INFO - [2024-09-12T15:31:51.554+0000] {dag.py:4138} INFO - Setting next_dagrun for example_dynamic_task_mapping to 2022-03-04 00:00:00+00:00, run_after=2022-03-05 00:00:00+00:00
[2024-09-12T15:31:51.644+0000] {processor.py:208} INFO - Processing /home/airflow/.local/lib/python3.12/site-packages/airflow/example_dags/example_dynamic_task_mapping.py took 0.521 seconds
[2024-09-12T15:32:34.409+0000] {processor.py:186} INFO - Started process (PID=1273) to work on /home/airflow/.local/lib/python3.12/site-packages/airflow/example_dags/example_dynamic_task_mapping.py
[2024-09-12T15:32:34.423+0000] {processor.py:914} INFO - Processing file /home/airflow/.local/lib/python3.12/site-packages/airflow/example_dags/example_dynamic_task_mapping.py for tasks to queue
[2024-09-12T15:32:34.426+0000] {logging_mixin.py:190} INFO - [2024-09-12T15:32:34.425+0000] {dagbag.py:587} INFO - Filling up the DagBag from /home/airflow/.local/lib/python3.12/site-packages/airflow/example_dags/example_dynamic_task_mapping.py
[2024-09-12T15:32:34.520+0000] {processor.py:925} INFO - DAG(s) 'example_dynamic_task_mapping' retrieved from /home/airflow/.local/lib/python3.12/site-packages/airflow/example_dags/example_dynamic_task_mapping.py
[2024-09-12T15:32:34.792+0000] {logging_mixin.py:190} INFO - [2024-09-12T15:32:34.792+0000] {dag.py:3211} INFO - Sync 1 DAGs
[2024-09-12T15:32:35.119+0000] {logging_mixin.py:190} INFO - [2024-09-12T15:32:35.118+0000] {dag.py:4138} INFO - Setting next_dagrun for example_dynamic_task_mapping to 2022-03-04 00:00:00+00:00, run_after=2022-03-05 00:00:00+00:00
[2024-09-12T15:32:35.397+0000] {processor.py:208} INFO - Processing /home/airflow/.local/lib/python3.12/site-packages/airflow/example_dags/example_dynamic_task_mapping.py took 1.079 seconds
[2024-09-12T15:33:44.448+0000] {processor.py:186} INFO - Started process (PID=1362) to work on /home/airflow/.local/lib/python3.12/site-packages/airflow/example_dags/example_dynamic_task_mapping.py
[2024-09-12T15:33:44.465+0000] {processor.py:914} INFO - Processing file /home/airflow/.local/lib/python3.12/site-packages/airflow/example_dags/example_dynamic_task_mapping.py for tasks to queue
[2024-09-12T15:33:44.481+0000] {logging_mixin.py:190} INFO - [2024-09-12T15:33:44.480+0000] {dagbag.py:587} INFO - Filling up the DagBag from /home/airflow/.local/lib/python3.12/site-packages/airflow/example_dags/example_dynamic_task_mapping.py
[2024-09-12T15:33:44.584+0000] {processor.py:925} INFO - DAG(s) 'example_dynamic_task_mapping' retrieved from /home/airflow/.local/lib/python3.12/site-packages/airflow/example_dags/example_dynamic_task_mapping.py
[2024-09-12T15:33:44.876+0000] {logging_mixin.py:190} INFO - [2024-09-12T15:33:44.875+0000] {dag.py:3211} INFO - Sync 1 DAGs
[2024-09-12T15:33:45.139+0000] {logging_mixin.py:190} INFO - [2024-09-12T15:33:45.138+0000] {dag.py:4138} INFO - Setting next_dagrun for example_dynamic_task_mapping to 2022-03-04 00:00:00+00:00, run_after=2022-03-05 00:00:00+00:00
[2024-09-12T15:33:45.347+0000] {processor.py:208} INFO - Processing /home/airflow/.local/lib/python3.12/site-packages/airflow/example_dags/example_dynamic_task_mapping.py took 1.004 seconds
[2024-09-12T15:34:25.991+0000] {processor.py:186} INFO - Started process (PID=1428) to work on /home/airflow/.local/lib/python3.12/site-packages/airflow/example_dags/example_dynamic_task_mapping.py
[2024-09-12T15:34:25.997+0000] {processor.py:914} INFO - Processing file /home/airflow/.local/lib/python3.12/site-packages/airflow/example_dags/example_dynamic_task_mapping.py for tasks to queue
[2024-09-12T15:34:26.006+0000] {logging_mixin.py:190} INFO - [2024-09-12T15:34:26.005+0000] {dagbag.py:587} INFO - Filling up the DagBag from /home/airflow/.local/lib/python3.12/site-packages/airflow/example_dags/example_dynamic_task_mapping.py
[2024-09-12T15:34:26.058+0000] {processor.py:925} INFO - DAG(s) 'example_dynamic_task_mapping' retrieved from /home/airflow/.local/lib/python3.12/site-packages/airflow/example_dags/example_dynamic_task_mapping.py
[2024-09-12T15:34:26.170+0000] {logging_mixin.py:190} INFO - [2024-09-12T15:34:26.169+0000] {dag.py:3211} INFO - Sync 1 DAGs
[2024-09-12T15:34:26.306+0000] {logging_mixin.py:190} INFO - [2024-09-12T15:34:26.301+0000] {dag.py:4138} INFO - Setting next_dagrun for example_dynamic_task_mapping to 2022-03-04 00:00:00+00:00, run_after=2022-03-05 00:00:00+00:00
[2024-09-12T15:34:26.443+0000] {processor.py:208} INFO - Processing /home/airflow/.local/lib/python3.12/site-packages/airflow/example_dags/example_dynamic_task_mapping.py took 0.492 seconds
[2024-09-12T15:35:17.773+0000] {processor.py:186} INFO - Started process (PID=1501) to work on /home/airflow/.local/lib/python3.12/site-packages/airflow/example_dags/example_dynamic_task_mapping.py
[2024-09-12T15:35:17.782+0000] {processor.py:914} INFO - Processing file /home/airflow/.local/lib/python3.12/site-packages/airflow/example_dags/example_dynamic_task_mapping.py for tasks to queue
[2024-09-12T15:35:17.797+0000] {logging_mixin.py:190} INFO - [2024-09-12T15:35:17.796+0000] {dagbag.py:587} INFO - Filling up the DagBag from /home/airflow/.local/lib/python3.12/site-packages/airflow/example_dags/example_dynamic_task_mapping.py
[2024-09-12T15:35:17.917+0000] {processor.py:925} INFO - DAG(s) 'example_dynamic_task_mapping' retrieved from /home/airflow/.local/lib/python3.12/site-packages/airflow/example_dags/example_dynamic_task_mapping.py
[2024-09-12T15:35:18.326+0000] {logging_mixin.py:190} INFO - [2024-09-12T15:35:18.265+0000] {dag.py:3211} INFO - Sync 1 DAGs
[2024-09-12T15:35:19.097+0000] {logging_mixin.py:190} INFO - [2024-09-12T15:35:19.096+0000] {dag.py:4138} INFO - Setting next_dagrun for example_dynamic_task_mapping to 2022-03-04 00:00:00+00:00, run_after=2022-03-05 00:00:00+00:00
[2024-09-12T15:35:19.467+0000] {processor.py:208} INFO - Processing /home/airflow/.local/lib/python3.12/site-packages/airflow/example_dags/example_dynamic_task_mapping.py took 1.790 seconds
[2024-09-12T15:36:33.707+0000] {processor.py:186} INFO - Started process (PID=1576) to work on /home/airflow/.local/lib/python3.12/site-packages/airflow/example_dags/example_dynamic_task_mapping.py
[2024-09-12T15:36:33.772+0000] {processor.py:914} INFO - Processing file /home/airflow/.local/lib/python3.12/site-packages/airflow/example_dags/example_dynamic_task_mapping.py for tasks to queue
[2024-09-12T15:36:33.793+0000] {logging_mixin.py:190} INFO - [2024-09-12T15:36:33.792+0000] {dagbag.py:587} INFO - Filling up the DagBag from /home/airflow/.local/lib/python3.12/site-packages/airflow/example_dags/example_dynamic_task_mapping.py
[2024-09-12T15:36:33.931+0000] {processor.py:925} INFO - DAG(s) 'example_dynamic_task_mapping' retrieved from /home/airflow/.local/lib/python3.12/site-packages/airflow/example_dags/example_dynamic_task_mapping.py
[2024-09-12T15:36:34.271+0000] {logging_mixin.py:190} INFO - [2024-09-12T15:36:34.270+0000] {dag.py:3211} INFO - Sync 1 DAGs
[2024-09-12T15:36:34.547+0000] {logging_mixin.py:190} INFO - [2024-09-12T15:36:34.546+0000] {dag.py:4138} INFO - Setting next_dagrun for example_dynamic_task_mapping to 2022-03-04 00:00:00+00:00, run_after=2022-03-05 00:00:00+00:00
[2024-09-12T15:36:34.672+0000] {processor.py:208} INFO - Processing /home/airflow/.local/lib/python3.12/site-packages/airflow/example_dags/example_dynamic_task_mapping.py took 0.991 seconds
[2024-09-12T15:37:35.792+0000] {processor.py:186} INFO - Started process (PID=1656) to work on /home/airflow/.local/lib/python3.12/site-packages/airflow/example_dags/example_dynamic_task_mapping.py
[2024-09-12T15:37:35.804+0000] {processor.py:914} INFO - Processing file /home/airflow/.local/lib/python3.12/site-packages/airflow/example_dags/example_dynamic_task_mapping.py for tasks to queue
[2024-09-12T15:37:35.826+0000] {logging_mixin.py:190} INFO - [2024-09-12T15:37:35.825+0000] {dagbag.py:587} INFO - Filling up the DagBag from /home/airflow/.local/lib/python3.12/site-packages/airflow/example_dags/example_dynamic_task_mapping.py
[2024-09-12T15:37:35.974+0000] {processor.py:925} INFO - DAG(s) 'example_dynamic_task_mapping' retrieved from /home/airflow/.local/lib/python3.12/site-packages/airflow/example_dags/example_dynamic_task_mapping.py
[2024-09-12T15:37:36.375+0000] {logging_mixin.py:190} INFO - [2024-09-12T15:37:36.375+0000] {dag.py:3211} INFO - Sync 1 DAGs
[2024-09-12T15:37:36.894+0000] {logging_mixin.py:190} INFO - [2024-09-12T15:37:36.894+0000] {dag.py:4138} INFO - Setting next_dagrun for example_dynamic_task_mapping to 2022-03-04 00:00:00+00:00, run_after=2022-03-05 00:00:00+00:00
[2024-09-12T15:37:37.265+0000] {processor.py:208} INFO - Processing /home/airflow/.local/lib/python3.12/site-packages/airflow/example_dags/example_dynamic_task_mapping.py took 1.530 seconds
[2024-09-12T15:39:26.462+0000] {processor.py:186} INFO - Started process (PID=1755) to work on /home/airflow/.local/lib/python3.12/site-packages/airflow/example_dags/example_dynamic_task_mapping.py
[2024-09-12T15:39:26.476+0000] {processor.py:914} INFO - Processing file /home/airflow/.local/lib/python3.12/site-packages/airflow/example_dags/example_dynamic_task_mapping.py for tasks to queue
[2024-09-12T15:39:26.508+0000] {logging_mixin.py:190} INFO - [2024-09-12T15:39:26.507+0000] {dagbag.py:587} INFO - Filling up the DagBag from /home/airflow/.local/lib/python3.12/site-packages/airflow/example_dags/example_dynamic_task_mapping.py
[2024-09-12T15:39:26.595+0000] {processor.py:925} INFO - DAG(s) 'example_dynamic_task_mapping' retrieved from /home/airflow/.local/lib/python3.12/site-packages/airflow/example_dags/example_dynamic_task_mapping.py
[2024-09-12T15:39:26.821+0000] {logging_mixin.py:190} INFO - [2024-09-12T15:39:26.820+0000] {dag.py:3211} INFO - Sync 1 DAGs
[2024-09-12T15:39:27.117+0000] {logging_mixin.py:190} INFO - [2024-09-12T15:39:27.116+0000] {dag.py:4138} INFO - Setting next_dagrun for example_dynamic_task_mapping to 2022-03-04 00:00:00+00:00, run_after=2022-03-05 00:00:00+00:00
[2024-09-12T15:39:27.486+0000] {processor.py:208} INFO - Processing /home/airflow/.local/lib/python3.12/site-packages/airflow/example_dags/example_dynamic_task_mapping.py took 1.073 seconds
[2024-09-12T15:42:03.326+0000] {processor.py:186} INFO - Started process (PID=1858) to work on /home/airflow/.local/lib/python3.12/site-packages/airflow/example_dags/example_dynamic_task_mapping.py
[2024-09-12T15:42:03.342+0000] {processor.py:914} INFO - Processing file /home/airflow/.local/lib/python3.12/site-packages/airflow/example_dags/example_dynamic_task_mapping.py for tasks to queue
[2024-09-12T15:42:03.375+0000] {logging_mixin.py:190} INFO - [2024-09-12T15:42:03.360+0000] {dagbag.py:587} INFO - Filling up the DagBag from /home/airflow/.local/lib/python3.12/site-packages/airflow/example_dags/example_dynamic_task_mapping.py
[2024-09-12T15:42:04.280+0000] {processor.py:925} INFO - DAG(s) 'example_dynamic_task_mapping' retrieved from /home/airflow/.local/lib/python3.12/site-packages/airflow/example_dags/example_dynamic_task_mapping.py
[2024-09-12T15:42:04.793+0000] {logging_mixin.py:190} INFO - [2024-09-12T15:42:04.793+0000] {dag.py:3211} INFO - Sync 1 DAGs
[2024-09-12T15:42:05.230+0000] {logging_mixin.py:190} INFO - [2024-09-12T15:42:05.228+0000] {dag.py:4138} INFO - Setting next_dagrun for example_dynamic_task_mapping to 2022-03-04 00:00:00+00:00, run_after=2022-03-05 00:00:00+00:00
[2024-09-12T15:42:05.691+0000] {processor.py:208} INFO - Processing /home/airflow/.local/lib/python3.12/site-packages/airflow/example_dags/example_dynamic_task_mapping.py took 2.628 seconds
[2024-09-12T15:45:04.934+0000] {processor.py:186} INFO - Started process (PID=1934) to work on /home/airflow/.local/lib/python3.12/site-packages/airflow/example_dags/example_dynamic_task_mapping.py
[2024-09-12T15:45:04.945+0000] {processor.py:914} INFO - Processing file /home/airflow/.local/lib/python3.12/site-packages/airflow/example_dags/example_dynamic_task_mapping.py for tasks to queue
[2024-09-12T15:45:04.951+0000] {logging_mixin.py:190} INFO - [2024-09-12T15:45:04.950+0000] {dagbag.py:587} INFO - Filling up the DagBag from /home/airflow/.local/lib/python3.12/site-packages/airflow/example_dags/example_dynamic_task_mapping.py
[2024-09-12T15:45:05.032+0000] {processor.py:925} INFO - DAG(s) 'example_dynamic_task_mapping' retrieved from /home/airflow/.local/lib/python3.12/site-packages/airflow/example_dags/example_dynamic_task_mapping.py
[2024-09-12T15:45:05.112+0000] {logging_mixin.py:190} INFO - [2024-09-12T15:45:05.112+0000] {dag.py:3211} INFO - Sync 1 DAGs
[2024-09-12T15:45:05.236+0000] {logging_mixin.py:190} INFO - [2024-09-12T15:45:05.236+0000] {dag.py:4138} INFO - Setting next_dagrun for example_dynamic_task_mapping to 2022-03-04 00:00:00+00:00, run_after=2022-03-05 00:00:00+00:00
[2024-09-12T15:45:05.320+0000] {processor.py:208} INFO - Processing /home/airflow/.local/lib/python3.12/site-packages/airflow/example_dags/example_dynamic_task_mapping.py took 0.453 seconds
[2024-09-12T15:45:58.810+0000] {processor.py:186} INFO - Started process (PID=2012) to work on /home/airflow/.local/lib/python3.12/site-packages/airflow/example_dags/example_dynamic_task_mapping.py
[2024-09-12T15:45:58.816+0000] {processor.py:914} INFO - Processing file /home/airflow/.local/lib/python3.12/site-packages/airflow/example_dags/example_dynamic_task_mapping.py for tasks to queue
[2024-09-12T15:45:58.841+0000] {logging_mixin.py:190} INFO - [2024-09-12T15:45:58.840+0000] {dagbag.py:587} INFO - Filling up the DagBag from /home/airflow/.local/lib/python3.12/site-packages/airflow/example_dags/example_dynamic_task_mapping.py
[2024-09-12T15:45:58.923+0000] {processor.py:925} INFO - DAG(s) 'example_dynamic_task_mapping' retrieved from /home/airflow/.local/lib/python3.12/site-packages/airflow/example_dags/example_dynamic_task_mapping.py
[2024-09-12T15:45:59.045+0000] {logging_mixin.py:190} INFO - [2024-09-12T15:45:59.044+0000] {dag.py:3211} INFO - Sync 1 DAGs
[2024-09-12T15:45:59.217+0000] {logging_mixin.py:190} INFO - [2024-09-12T15:45:59.217+0000] {dag.py:4138} INFO - Setting next_dagrun for example_dynamic_task_mapping to 2022-03-04 00:00:00+00:00, run_after=2022-03-05 00:00:00+00:00
[2024-09-12T15:45:59.349+0000] {processor.py:208} INFO - Processing /home/airflow/.local/lib/python3.12/site-packages/airflow/example_dags/example_dynamic_task_mapping.py took 0.565 seconds
[2024-09-12T15:46:58.870+0000] {processor.py:186} INFO - Started process (PID=2085) to work on /home/airflow/.local/lib/python3.12/site-packages/airflow/example_dags/example_dynamic_task_mapping.py
[2024-09-12T15:46:58.887+0000] {processor.py:914} INFO - Processing file /home/airflow/.local/lib/python3.12/site-packages/airflow/example_dags/example_dynamic_task_mapping.py for tasks to queue
[2024-09-12T15:46:58.908+0000] {logging_mixin.py:190} INFO - [2024-09-12T15:46:58.907+0000] {dagbag.py:587} INFO - Filling up the DagBag from /home/airflow/.local/lib/python3.12/site-packages/airflow/example_dags/example_dynamic_task_mapping.py
[2024-09-12T15:46:59.069+0000] {processor.py:925} INFO - DAG(s) 'example_dynamic_task_mapping' retrieved from /home/airflow/.local/lib/python3.12/site-packages/airflow/example_dags/example_dynamic_task_mapping.py
[2024-09-12T15:46:59.343+0000] {logging_mixin.py:190} INFO - [2024-09-12T15:46:59.342+0000] {dag.py:3211} INFO - Sync 1 DAGs
[2024-09-12T15:46:59.591+0000] {logging_mixin.py:190} INFO - [2024-09-12T15:46:59.591+0000] {dag.py:4138} INFO - Setting next_dagrun for example_dynamic_task_mapping to 2022-03-04 00:00:00+00:00, run_after=2022-03-05 00:00:00+00:00
[2024-09-12T15:46:59.823+0000] {processor.py:208} INFO - Processing /home/airflow/.local/lib/python3.12/site-packages/airflow/example_dags/example_dynamic_task_mapping.py took 1.069 seconds
[2024-09-12T15:47:59.745+0000] {processor.py:186} INFO - Started process (PID=2159) to work on /home/airflow/.local/lib/python3.12/site-packages/airflow/example_dags/example_dynamic_task_mapping.py
[2024-09-12T15:47:59.759+0000] {processor.py:914} INFO - Processing file /home/airflow/.local/lib/python3.12/site-packages/airflow/example_dags/example_dynamic_task_mapping.py for tasks to queue
[2024-09-12T15:47:59.783+0000] {logging_mixin.py:190} INFO - [2024-09-12T15:47:59.782+0000] {dagbag.py:587} INFO - Filling up the DagBag from /home/airflow/.local/lib/python3.12/site-packages/airflow/example_dags/example_dynamic_task_mapping.py
[2024-09-12T15:47:59.841+0000] {processor.py:925} INFO - DAG(s) 'example_dynamic_task_mapping' retrieved from /home/airflow/.local/lib/python3.12/site-packages/airflow/example_dags/example_dynamic_task_mapping.py
[2024-09-12T15:47:59.942+0000] {logging_mixin.py:190} INFO - [2024-09-12T15:47:59.942+0000] {dag.py:3211} INFO - Sync 1 DAGs
[2024-09-12T15:48:00.114+0000] {logging_mixin.py:190} INFO - [2024-09-12T15:48:00.109+0000] {dag.py:4138} INFO - Setting next_dagrun for example_dynamic_task_mapping to 2022-03-04 00:00:00+00:00, run_after=2022-03-05 00:00:00+00:00
[2024-09-12T15:48:00.255+0000] {processor.py:208} INFO - Processing /home/airflow/.local/lib/python3.12/site-packages/airflow/example_dags/example_dynamic_task_mapping.py took 0.537 seconds
[2024-09-12T15:48:47.805+0000] {processor.py:186} INFO - Started process (PID=2227) to work on /home/airflow/.local/lib/python3.12/site-packages/airflow/example_dags/example_dynamic_task_mapping.py
[2024-09-12T15:48:47.823+0000] {processor.py:914} INFO - Processing file /home/airflow/.local/lib/python3.12/site-packages/airflow/example_dags/example_dynamic_task_mapping.py for tasks to queue
[2024-09-12T15:48:47.832+0000] {logging_mixin.py:190} INFO - [2024-09-12T15:48:47.832+0000] {dagbag.py:587} INFO - Filling up the DagBag from /home/airflow/.local/lib/python3.12/site-packages/airflow/example_dags/example_dynamic_task_mapping.py
[2024-09-12T15:48:47.897+0000] {processor.py:925} INFO - DAG(s) 'example_dynamic_task_mapping' retrieved from /home/airflow/.local/lib/python3.12/site-packages/airflow/example_dags/example_dynamic_task_mapping.py
[2024-09-12T15:48:48.114+0000] {logging_mixin.py:190} INFO - [2024-09-12T15:48:48.113+0000] {dag.py:3211} INFO - Sync 1 DAGs
[2024-09-12T15:48:48.249+0000] {logging_mixin.py:190} INFO - [2024-09-12T15:48:48.248+0000] {dag.py:4138} INFO - Setting next_dagrun for example_dynamic_task_mapping to 2022-03-04 00:00:00+00:00, run_after=2022-03-05 00:00:00+00:00
[2024-09-12T15:48:48.359+0000] {processor.py:208} INFO - Processing /home/airflow/.local/lib/python3.12/site-packages/airflow/example_dags/example_dynamic_task_mapping.py took 0.656 seconds
[2024-09-12T15:50:01.859+0000] {processor.py:186} INFO - Started process (PID=2305) to work on /home/airflow/.local/lib/python3.12/site-packages/airflow/example_dags/example_dynamic_task_mapping.py
[2024-09-12T15:50:01.861+0000] {processor.py:914} INFO - Processing file /home/airflow/.local/lib/python3.12/site-packages/airflow/example_dags/example_dynamic_task_mapping.py for tasks to queue
[2024-09-12T15:50:01.865+0000] {logging_mixin.py:190} INFO - [2024-09-12T15:50:01.864+0000] {dagbag.py:587} INFO - Filling up the DagBag from /home/airflow/.local/lib/python3.12/site-packages/airflow/example_dags/example_dynamic_task_mapping.py
[2024-09-12T15:50:01.924+0000] {processor.py:925} INFO - DAG(s) 'example_dynamic_task_mapping' retrieved from /home/airflow/.local/lib/python3.12/site-packages/airflow/example_dags/example_dynamic_task_mapping.py
[2024-09-12T15:50:02.011+0000] {logging_mixin.py:190} INFO - [2024-09-12T15:50:02.010+0000] {dag.py:3211} INFO - Sync 1 DAGs
[2024-09-12T15:50:02.264+0000] {logging_mixin.py:190} INFO - [2024-09-12T15:50:02.264+0000] {dag.py:4138} INFO - Setting next_dagrun for example_dynamic_task_mapping to 2022-03-04 00:00:00+00:00, run_after=2022-03-05 00:00:00+00:00
[2024-09-12T15:50:02.467+0000] {processor.py:208} INFO - Processing /home/airflow/.local/lib/python3.12/site-packages/airflow/example_dags/example_dynamic_task_mapping.py took 0.639 seconds
[2024-09-12T15:50:46.660+0000] {processor.py:186} INFO - Started process (PID=2374) to work on /home/airflow/.local/lib/python3.12/site-packages/airflow/example_dags/example_dynamic_task_mapping.py
[2024-09-12T15:50:46.674+0000] {processor.py:914} INFO - Processing file /home/airflow/.local/lib/python3.12/site-packages/airflow/example_dags/example_dynamic_task_mapping.py for tasks to queue
[2024-09-12T15:50:46.689+0000] {logging_mixin.py:190} INFO - [2024-09-12T15:50:46.682+0000] {dagbag.py:587} INFO - Filling up the DagBag from /home/airflow/.local/lib/python3.12/site-packages/airflow/example_dags/example_dynamic_task_mapping.py
[2024-09-12T15:50:46.810+0000] {processor.py:925} INFO - DAG(s) 'example_dynamic_task_mapping' retrieved from /home/airflow/.local/lib/python3.12/site-packages/airflow/example_dags/example_dynamic_task_mapping.py
[2024-09-12T15:50:49.217+0000] {logging_mixin.py:190} INFO - [2024-09-12T15:50:49.211+0000] {dag.py:3211} INFO - Sync 1 DAGs
[2024-09-12T15:50:49.519+0000] {logging_mixin.py:190} INFO - [2024-09-12T15:50:49.518+0000] {dag.py:4138} INFO - Setting next_dagrun for example_dynamic_task_mapping to 2022-03-04 00:00:00+00:00, run_after=2022-03-05 00:00:00+00:00
[2024-09-12T15:50:49.903+0000] {processor.py:208} INFO - Processing /home/airflow/.local/lib/python3.12/site-packages/airflow/example_dags/example_dynamic_task_mapping.py took 3.330 seconds
[2024-09-12T15:52:08.837+0000] {processor.py:186} INFO - Started process (PID=2457) to work on /home/airflow/.local/lib/python3.12/site-packages/airflow/example_dags/example_dynamic_task_mapping.py
[2024-09-12T15:52:08.847+0000] {processor.py:914} INFO - Processing file /home/airflow/.local/lib/python3.12/site-packages/airflow/example_dags/example_dynamic_task_mapping.py for tasks to queue
[2024-09-12T15:52:08.855+0000] {logging_mixin.py:190} INFO - [2024-09-12T15:52:08.854+0000] {dagbag.py:587} INFO - Filling up the DagBag from /home/airflow/.local/lib/python3.12/site-packages/airflow/example_dags/example_dynamic_task_mapping.py
[2024-09-12T15:52:08.963+0000] {processor.py:925} INFO - DAG(s) 'example_dynamic_task_mapping' retrieved from /home/airflow/.local/lib/python3.12/site-packages/airflow/example_dags/example_dynamic_task_mapping.py
[2024-09-12T15:52:09.081+0000] {logging_mixin.py:190} INFO - [2024-09-12T15:52:09.080+0000] {dag.py:3211} INFO - Sync 1 DAGs
[2024-09-12T15:52:09.207+0000] {logging_mixin.py:190} INFO - [2024-09-12T15:52:09.207+0000] {dag.py:4138} INFO - Setting next_dagrun for example_dynamic_task_mapping to 2022-03-04 00:00:00+00:00, run_after=2022-03-05 00:00:00+00:00
[2024-09-12T15:52:09.290+0000] {processor.py:208} INFO - Processing /home/airflow/.local/lib/python3.12/site-packages/airflow/example_dags/example_dynamic_task_mapping.py took 0.528 seconds
[2024-09-12T15:52:40.354+0000] {processor.py:186} INFO - Started process (PID=2522) to work on /home/airflow/.local/lib/python3.12/site-packages/airflow/example_dags/example_dynamic_task_mapping.py
[2024-09-12T15:52:40.362+0000] {processor.py:914} INFO - Processing file /home/airflow/.local/lib/python3.12/site-packages/airflow/example_dags/example_dynamic_task_mapping.py for tasks to queue
[2024-09-12T15:52:40.366+0000] {logging_mixin.py:190} INFO - [2024-09-12T15:52:40.365+0000] {dagbag.py:587} INFO - Filling up the DagBag from /home/airflow/.local/lib/python3.12/site-packages/airflow/example_dags/example_dynamic_task_mapping.py
[2024-09-12T15:52:40.455+0000] {processor.py:925} INFO - DAG(s) 'example_dynamic_task_mapping' retrieved from /home/airflow/.local/lib/python3.12/site-packages/airflow/example_dags/example_dynamic_task_mapping.py
[2024-09-12T15:52:40.533+0000] {logging_mixin.py:190} INFO - [2024-09-12T15:52:40.533+0000] {dag.py:3211} INFO - Sync 1 DAGs
[2024-09-12T15:52:40.639+0000] {logging_mixin.py:190} INFO - [2024-09-12T15:52:40.639+0000] {dag.py:4138} INFO - Setting next_dagrun for example_dynamic_task_mapping to 2022-03-04 00:00:00+00:00, run_after=2022-03-05 00:00:00+00:00
[2024-09-12T15:52:40.734+0000] {processor.py:208} INFO - Processing /home/airflow/.local/lib/python3.12/site-packages/airflow/example_dags/example_dynamic_task_mapping.py took 0.417 seconds
[2024-09-12T15:53:27.157+0000] {processor.py:186} INFO - Started process (PID=2602) to work on /home/airflow/.local/lib/python3.12/site-packages/airflow/example_dags/example_dynamic_task_mapping.py
[2024-09-12T15:53:27.160+0000] {processor.py:914} INFO - Processing file /home/airflow/.local/lib/python3.12/site-packages/airflow/example_dags/example_dynamic_task_mapping.py for tasks to queue
[2024-09-12T15:53:27.163+0000] {logging_mixin.py:190} INFO - [2024-09-12T15:53:27.162+0000] {dagbag.py:587} INFO - Filling up the DagBag from /home/airflow/.local/lib/python3.12/site-packages/airflow/example_dags/example_dynamic_task_mapping.py
[2024-09-12T15:53:27.206+0000] {processor.py:925} INFO - DAG(s) 'example_dynamic_task_mapping' retrieved from /home/airflow/.local/lib/python3.12/site-packages/airflow/example_dags/example_dynamic_task_mapping.py
[2024-09-12T15:53:27.282+0000] {logging_mixin.py:190} INFO - [2024-09-12T15:53:27.281+0000] {dag.py:3211} INFO - Sync 1 DAGs
[2024-09-12T15:53:27.432+0000] {logging_mixin.py:190} INFO - [2024-09-12T15:53:27.432+0000] {dag.py:4138} INFO - Setting next_dagrun for example_dynamic_task_mapping to 2022-03-04 00:00:00+00:00, run_after=2022-03-05 00:00:00+00:00
[2024-09-12T15:53:27.510+0000] {processor.py:208} INFO - Processing /home/airflow/.local/lib/python3.12/site-packages/airflow/example_dags/example_dynamic_task_mapping.py took 0.397 seconds
[2024-09-12T15:54:28.907+0000] {processor.py:186} INFO - Started process (PID=2686) to work on /home/airflow/.local/lib/python3.12/site-packages/airflow/example_dags/example_dynamic_task_mapping.py
[2024-09-12T15:54:28.922+0000] {processor.py:914} INFO - Processing file /home/airflow/.local/lib/python3.12/site-packages/airflow/example_dags/example_dynamic_task_mapping.py for tasks to queue
[2024-09-12T15:54:28.931+0000] {logging_mixin.py:190} INFO - [2024-09-12T15:54:28.930+0000] {dagbag.py:587} INFO - Filling up the DagBag from /home/airflow/.local/lib/python3.12/site-packages/airflow/example_dags/example_dynamic_task_mapping.py
[2024-09-12T15:54:29.054+0000] {processor.py:925} INFO - DAG(s) 'example_dynamic_task_mapping' retrieved from /home/airflow/.local/lib/python3.12/site-packages/airflow/example_dags/example_dynamic_task_mapping.py
[2024-09-12T15:54:29.246+0000] {logging_mixin.py:190} INFO - [2024-09-12T15:54:29.245+0000] {dag.py:3211} INFO - Sync 1 DAGs
[2024-09-12T15:54:29.407+0000] {logging_mixin.py:190} INFO - [2024-09-12T15:54:29.406+0000] {dag.py:4138} INFO - Setting next_dagrun for example_dynamic_task_mapping to 2022-03-04 00:00:00+00:00, run_after=2022-03-05 00:00:00+00:00
[2024-09-12T15:54:29.553+0000] {processor.py:208} INFO - Processing /home/airflow/.local/lib/python3.12/site-packages/airflow/example_dags/example_dynamic_task_mapping.py took 0.663 seconds
[2024-09-12T15:55:59.093+0000] {processor.py:186} INFO - Started process (PID=2776) to work on /home/airflow/.local/lib/python3.12/site-packages/airflow/example_dags/example_dynamic_task_mapping.py
[2024-09-12T15:55:59.104+0000] {processor.py:914} INFO - Processing file /home/airflow/.local/lib/python3.12/site-packages/airflow/example_dags/example_dynamic_task_mapping.py for tasks to queue
[2024-09-12T15:55:59.107+0000] {logging_mixin.py:190} INFO - [2024-09-12T15:55:59.106+0000] {dagbag.py:587} INFO - Filling up the DagBag from /home/airflow/.local/lib/python3.12/site-packages/airflow/example_dags/example_dynamic_task_mapping.py
[2024-09-12T15:55:59.198+0000] {processor.py:925} INFO - DAG(s) 'example_dynamic_task_mapping' retrieved from /home/airflow/.local/lib/python3.12/site-packages/airflow/example_dags/example_dynamic_task_mapping.py
[2024-09-12T15:55:59.386+0000] {logging_mixin.py:190} INFO - [2024-09-12T15:55:59.385+0000] {dag.py:3211} INFO - Sync 1 DAGs
[2024-09-12T15:55:59.556+0000] {logging_mixin.py:190} INFO - [2024-09-12T15:55:59.555+0000] {dag.py:4138} INFO - Setting next_dagrun for example_dynamic_task_mapping to 2022-03-04 00:00:00+00:00, run_after=2022-03-05 00:00:00+00:00
[2024-09-12T15:55:59.717+0000] {processor.py:208} INFO - Processing /home/airflow/.local/lib/python3.12/site-packages/airflow/example_dags/example_dynamic_task_mapping.py took 0.681 seconds
[2024-09-12T15:56:59.904+0000] {processor.py:186} INFO - Started process (PID=2841) to work on /home/airflow/.local/lib/python3.12/site-packages/airflow/example_dags/example_dynamic_task_mapping.py
[2024-09-12T15:56:59.907+0000] {processor.py:914} INFO - Processing file /home/airflow/.local/lib/python3.12/site-packages/airflow/example_dags/example_dynamic_task_mapping.py for tasks to queue
[2024-09-12T15:56:59.924+0000] {logging_mixin.py:190} INFO - [2024-09-12T15:56:59.909+0000] {dagbag.py:587} INFO - Filling up the DagBag from /home/airflow/.local/lib/python3.12/site-packages/airflow/example_dags/example_dynamic_task_mapping.py
[2024-09-12T15:56:59.985+0000] {processor.py:925} INFO - DAG(s) 'example_dynamic_task_mapping' retrieved from /home/airflow/.local/lib/python3.12/site-packages/airflow/example_dags/example_dynamic_task_mapping.py
[2024-09-12T15:57:00.125+0000] {logging_mixin.py:190} INFO - [2024-09-12T15:57:00.124+0000] {dag.py:3211} INFO - Sync 1 DAGs
[2024-09-12T15:57:00.238+0000] {logging_mixin.py:190} INFO - [2024-09-12T15:57:00.236+0000] {dag.py:4138} INFO - Setting next_dagrun for example_dynamic_task_mapping to 2022-03-04 00:00:00+00:00, run_after=2022-03-05 00:00:00+00:00
[2024-09-12T15:57:00.316+0000] {processor.py:208} INFO - Processing /home/airflow/.local/lib/python3.12/site-packages/airflow/example_dags/example_dynamic_task_mapping.py took 0.433 seconds
[2024-09-12T15:57:42.017+0000] {processor.py:186} INFO - Started process (PID=2913) to work on /home/airflow/.local/lib/python3.12/site-packages/airflow/example_dags/example_dynamic_task_mapping.py
[2024-09-12T15:57:42.028+0000] {processor.py:914} INFO - Processing file /home/airflow/.local/lib/python3.12/site-packages/airflow/example_dags/example_dynamic_task_mapping.py for tasks to queue
[2024-09-12T15:57:42.032+0000] {logging_mixin.py:190} INFO - [2024-09-12T15:57:42.031+0000] {dagbag.py:587} INFO - Filling up the DagBag from /home/airflow/.local/lib/python3.12/site-packages/airflow/example_dags/example_dynamic_task_mapping.py
[2024-09-12T15:57:42.079+0000] {processor.py:925} INFO - DAG(s) 'example_dynamic_task_mapping' retrieved from /home/airflow/.local/lib/python3.12/site-packages/airflow/example_dags/example_dynamic_task_mapping.py
[2024-09-12T15:57:42.177+0000] {logging_mixin.py:190} INFO - [2024-09-12T15:57:42.176+0000] {dag.py:3211} INFO - Sync 1 DAGs
[2024-09-12T15:57:42.368+0000] {logging_mixin.py:190} INFO - [2024-09-12T15:57:42.367+0000] {dag.py:4138} INFO - Setting next_dagrun for example_dynamic_task_mapping to 2022-03-04 00:00:00+00:00, run_after=2022-03-05 00:00:00+00:00
[2024-09-12T15:57:42.499+0000] {processor.py:208} INFO - Processing /home/airflow/.local/lib/python3.12/site-packages/airflow/example_dags/example_dynamic_task_mapping.py took 0.518 seconds
[2024-09-12T15:58:49.077+0000] {processor.py:186} INFO - Started process (PID=2984) to work on /home/airflow/.local/lib/python3.12/site-packages/airflow/example_dags/example_dynamic_task_mapping.py
[2024-09-12T15:58:49.084+0000] {processor.py:914} INFO - Processing file /home/airflow/.local/lib/python3.12/site-packages/airflow/example_dags/example_dynamic_task_mapping.py for tasks to queue
[2024-09-12T15:58:49.125+0000] {logging_mixin.py:190} INFO - [2024-09-12T15:58:49.102+0000] {dagbag.py:587} INFO - Filling up the DagBag from /home/airflow/.local/lib/python3.12/site-packages/airflow/example_dags/example_dynamic_task_mapping.py
[2024-09-12T15:58:49.232+0000] {processor.py:925} INFO - DAG(s) 'example_dynamic_task_mapping' retrieved from /home/airflow/.local/lib/python3.12/site-packages/airflow/example_dags/example_dynamic_task_mapping.py
[2024-09-12T15:58:49.381+0000] {logging_mixin.py:190} INFO - [2024-09-12T15:58:49.378+0000] {dag.py:3211} INFO - Sync 1 DAGs
[2024-09-12T15:58:49.570+0000] {logging_mixin.py:190} INFO - [2024-09-12T15:58:49.570+0000] {dag.py:4138} INFO - Setting next_dagrun for example_dynamic_task_mapping to 2022-03-04 00:00:00+00:00, run_after=2022-03-05 00:00:00+00:00
[2024-09-12T15:58:49.643+0000] {processor.py:208} INFO - Processing /home/airflow/.local/lib/python3.12/site-packages/airflow/example_dags/example_dynamic_task_mapping.py took 0.634 seconds
[2024-09-12T15:59:55.011+0000] {processor.py:186} INFO - Started process (PID=3059) to work on /home/airflow/.local/lib/python3.12/site-packages/airflow/example_dags/example_dynamic_task_mapping.py
[2024-09-12T15:59:55.014+0000] {processor.py:914} INFO - Processing file /home/airflow/.local/lib/python3.12/site-packages/airflow/example_dags/example_dynamic_task_mapping.py for tasks to queue
[2024-09-12T15:59:55.021+0000] {logging_mixin.py:190} INFO - [2024-09-12T15:59:55.020+0000] {dagbag.py:587} INFO - Filling up the DagBag from /home/airflow/.local/lib/python3.12/site-packages/airflow/example_dags/example_dynamic_task_mapping.py
[2024-09-12T15:59:55.114+0000] {processor.py:925} INFO - DAG(s) 'example_dynamic_task_mapping' retrieved from /home/airflow/.local/lib/python3.12/site-packages/airflow/example_dags/example_dynamic_task_mapping.py
[2024-09-12T15:59:55.250+0000] {logging_mixin.py:190} INFO - [2024-09-12T15:59:55.249+0000] {dag.py:3211} INFO - Sync 1 DAGs
[2024-09-12T15:59:55.380+0000] {logging_mixin.py:190} INFO - [2024-09-12T15:59:55.379+0000] {dag.py:4138} INFO - Setting next_dagrun for example_dynamic_task_mapping to 2022-03-04 00:00:00+00:00, run_after=2022-03-05 00:00:00+00:00
[2024-09-12T15:59:55.479+0000] {processor.py:208} INFO - Processing /home/airflow/.local/lib/python3.12/site-packages/airflow/example_dags/example_dynamic_task_mapping.py took 0.510 seconds
[2024-09-12T16:00:47.075+0000] {processor.py:186} INFO - Started process (PID=3117) to work on /home/airflow/.local/lib/python3.12/site-packages/airflow/example_dags/example_dynamic_task_mapping.py
[2024-09-12T16:00:47.084+0000] {processor.py:914} INFO - Processing file /home/airflow/.local/lib/python3.12/site-packages/airflow/example_dags/example_dynamic_task_mapping.py for tasks to queue
[2024-09-12T16:00:47.100+0000] {logging_mixin.py:190} INFO - [2024-09-12T16:00:47.099+0000] {dagbag.py:587} INFO - Filling up the DagBag from /home/airflow/.local/lib/python3.12/site-packages/airflow/example_dags/example_dynamic_task_mapping.py
[2024-09-12T16:00:47.152+0000] {processor.py:925} INFO - DAG(s) 'example_dynamic_task_mapping' retrieved from /home/airflow/.local/lib/python3.12/site-packages/airflow/example_dags/example_dynamic_task_mapping.py
[2024-09-12T16:00:47.428+0000] {logging_mixin.py:190} INFO - [2024-09-12T16:00:47.428+0000] {dag.py:3211} INFO - Sync 1 DAGs
[2024-09-12T16:00:47.677+0000] {logging_mixin.py:190} INFO - [2024-09-12T16:00:47.676+0000] {dag.py:4138} INFO - Setting next_dagrun for example_dynamic_task_mapping to 2022-03-04 00:00:00+00:00, run_after=2022-03-05 00:00:00+00:00
[2024-09-12T16:00:47.821+0000] {processor.py:208} INFO - Processing /home/airflow/.local/lib/python3.12/site-packages/airflow/example_dags/example_dynamic_task_mapping.py took 0.775 seconds
[2024-09-12T16:01:33.619+0000] {processor.py:186} INFO - Started process (PID=3188) to work on /home/airflow/.local/lib/python3.12/site-packages/airflow/example_dags/example_dynamic_task_mapping.py
[2024-09-12T16:01:33.668+0000] {processor.py:914} INFO - Processing file /home/airflow/.local/lib/python3.12/site-packages/airflow/example_dags/example_dynamic_task_mapping.py for tasks to queue
[2024-09-12T16:01:33.691+0000] {logging_mixin.py:190} INFO - [2024-09-12T16:01:33.688+0000] {dagbag.py:587} INFO - Filling up the DagBag from /home/airflow/.local/lib/python3.12/site-packages/airflow/example_dags/example_dynamic_task_mapping.py
[2024-09-12T16:01:33.885+0000] {processor.py:925} INFO - DAG(s) 'example_dynamic_task_mapping' retrieved from /home/airflow/.local/lib/python3.12/site-packages/airflow/example_dags/example_dynamic_task_mapping.py
[2024-09-12T16:01:34.048+0000] {logging_mixin.py:190} INFO - [2024-09-12T16:01:34.047+0000] {dag.py:3211} INFO - Sync 1 DAGs
[2024-09-12T16:01:34.484+0000] {logging_mixin.py:190} INFO - [2024-09-12T16:01:34.483+0000] {dag.py:4138} INFO - Setting next_dagrun for example_dynamic_task_mapping to 2022-03-04 00:00:00+00:00, run_after=2022-03-05 00:00:00+00:00
[2024-09-12T16:01:34.661+0000] {processor.py:208} INFO - Processing /home/airflow/.local/lib/python3.12/site-packages/airflow/example_dags/example_dynamic_task_mapping.py took 1.113 seconds
[2024-09-12T16:02:58.239+0000] {processor.py:186} INFO - Started process (PID=3282) to work on /home/airflow/.local/lib/python3.12/site-packages/airflow/example_dags/example_dynamic_task_mapping.py
[2024-09-12T16:02:58.245+0000] {processor.py:914} INFO - Processing file /home/airflow/.local/lib/python3.12/site-packages/airflow/example_dags/example_dynamic_task_mapping.py for tasks to queue
[2024-09-12T16:02:58.262+0000] {logging_mixin.py:190} INFO - [2024-09-12T16:02:58.261+0000] {dagbag.py:587} INFO - Filling up the DagBag from /home/airflow/.local/lib/python3.12/site-packages/airflow/example_dags/example_dynamic_task_mapping.py
[2024-09-12T16:02:58.473+0000] {processor.py:925} INFO - DAG(s) 'example_dynamic_task_mapping' retrieved from /home/airflow/.local/lib/python3.12/site-packages/airflow/example_dags/example_dynamic_task_mapping.py
[2024-09-12T16:02:58.657+0000] {logging_mixin.py:190} INFO - [2024-09-12T16:02:58.655+0000] {dag.py:3211} INFO - Sync 1 DAGs
[2024-09-12T16:02:59.018+0000] {logging_mixin.py:190} INFO - [2024-09-12T16:02:59.015+0000] {dag.py:4138} INFO - Setting next_dagrun for example_dynamic_task_mapping to 2022-03-04 00:00:00+00:00, run_after=2022-03-05 00:00:00+00:00
[2024-09-12T16:02:59.371+0000] {processor.py:208} INFO - Processing /home/airflow/.local/lib/python3.12/site-packages/airflow/example_dags/example_dynamic_task_mapping.py took 1.186 seconds
[2024-09-12T16:03:44.538+0000] {processor.py:186} INFO - Started process (PID=3347) to work on /home/airflow/.local/lib/python3.12/site-packages/airflow/example_dags/example_dynamic_task_mapping.py
[2024-09-12T16:03:44.549+0000] {processor.py:914} INFO - Processing file /home/airflow/.local/lib/python3.12/site-packages/airflow/example_dags/example_dynamic_task_mapping.py for tasks to queue
[2024-09-12T16:03:44.557+0000] {logging_mixin.py:190} INFO - [2024-09-12T16:03:44.556+0000] {dagbag.py:587} INFO - Filling up the DagBag from /home/airflow/.local/lib/python3.12/site-packages/airflow/example_dags/example_dynamic_task_mapping.py
[2024-09-12T16:03:44.632+0000] {processor.py:925} INFO - DAG(s) 'example_dynamic_task_mapping' retrieved from /home/airflow/.local/lib/python3.12/site-packages/airflow/example_dags/example_dynamic_task_mapping.py
[2024-09-12T16:03:44.844+0000] {logging_mixin.py:190} INFO - [2024-09-12T16:03:44.843+0000] {dag.py:3211} INFO - Sync 1 DAGs
[2024-09-12T16:03:45.086+0000] {logging_mixin.py:190} INFO - [2024-09-12T16:03:45.086+0000] {dag.py:4138} INFO - Setting next_dagrun for example_dynamic_task_mapping to 2022-03-04 00:00:00+00:00, run_after=2022-03-05 00:00:00+00:00
[2024-09-12T16:03:45.264+0000] {processor.py:208} INFO - Processing /home/airflow/.local/lib/python3.12/site-packages/airflow/example_dags/example_dynamic_task_mapping.py took 0.749 seconds
[2024-09-12T16:04:38.083+0000] {processor.py:186} INFO - Started process (PID=3412) to work on /home/airflow/.local/lib/python3.12/site-packages/airflow/example_dags/example_dynamic_task_mapping.py
[2024-09-12T16:04:38.089+0000] {processor.py:914} INFO - Processing file /home/airflow/.local/lib/python3.12/site-packages/airflow/example_dags/example_dynamic_task_mapping.py for tasks to queue
[2024-09-12T16:04:38.102+0000] {logging_mixin.py:190} INFO - [2024-09-12T16:04:38.101+0000] {dagbag.py:587} INFO - Filling up the DagBag from /home/airflow/.local/lib/python3.12/site-packages/airflow/example_dags/example_dynamic_task_mapping.py
[2024-09-12T16:04:38.186+0000] {processor.py:925} INFO - DAG(s) 'example_dynamic_task_mapping' retrieved from /home/airflow/.local/lib/python3.12/site-packages/airflow/example_dags/example_dynamic_task_mapping.py
[2024-09-12T16:04:38.375+0000] {logging_mixin.py:190} INFO - [2024-09-12T16:04:38.374+0000] {dag.py:3211} INFO - Sync 1 DAGs
[2024-09-12T16:04:38.512+0000] {logging_mixin.py:190} INFO - [2024-09-12T16:04:38.512+0000] {dag.py:4138} INFO - Setting next_dagrun for example_dynamic_task_mapping to 2022-03-04 00:00:00+00:00, run_after=2022-03-05 00:00:00+00:00
[2024-09-12T16:04:38.580+0000] {processor.py:208} INFO - Processing /home/airflow/.local/lib/python3.12/site-packages/airflow/example_dags/example_dynamic_task_mapping.py took 0.529 seconds
[2024-09-12T16:07:04.780+0000] {processor.py:186} INFO - Started process (PID=3505) to work on /home/airflow/.local/lib/python3.12/site-packages/airflow/example_dags/example_dynamic_task_mapping.py
[2024-09-12T16:07:04.813+0000] {processor.py:914} INFO - Processing file /home/airflow/.local/lib/python3.12/site-packages/airflow/example_dags/example_dynamic_task_mapping.py for tasks to queue
[2024-09-12T16:07:04.877+0000] {logging_mixin.py:190} INFO - [2024-09-12T16:07:04.858+0000] {dagbag.py:587} INFO - Filling up the DagBag from /home/airflow/.local/lib/python3.12/site-packages/airflow/example_dags/example_dynamic_task_mapping.py
[2024-09-12T16:07:05.349+0000] {processor.py:925} INFO - DAG(s) 'example_dynamic_task_mapping' retrieved from /home/airflow/.local/lib/python3.12/site-packages/airflow/example_dags/example_dynamic_task_mapping.py
[2024-09-12T16:07:05.692+0000] {logging_mixin.py:190} INFO - [2024-09-12T16:07:05.689+0000] {dag.py:3211} INFO - Sync 1 DAGs
[2024-09-12T16:07:08.381+0000] {logging_mixin.py:190} INFO - [2024-09-12T16:07:08.381+0000] {dag.py:4138} INFO - Setting next_dagrun for example_dynamic_task_mapping to 2022-03-04 00:00:00+00:00, run_after=2022-03-05 00:00:00+00:00
[2024-09-12T16:07:08.456+0000] {processor.py:208} INFO - Processing /home/airflow/.local/lib/python3.12/site-packages/airflow/example_dags/example_dynamic_task_mapping.py took 3.739 seconds
[2024-09-12T16:08:07.487+0000] {processor.py:186} INFO - Started process (PID=3583) to work on /home/airflow/.local/lib/python3.12/site-packages/airflow/example_dags/example_dynamic_task_mapping.py
[2024-09-12T16:08:07.494+0000] {processor.py:914} INFO - Processing file /home/airflow/.local/lib/python3.12/site-packages/airflow/example_dags/example_dynamic_task_mapping.py for tasks to queue
[2024-09-12T16:08:07.520+0000] {logging_mixin.py:190} INFO - [2024-09-12T16:08:07.498+0000] {dagbag.py:587} INFO - Filling up the DagBag from /home/airflow/.local/lib/python3.12/site-packages/airflow/example_dags/example_dynamic_task_mapping.py
[2024-09-12T16:08:07.592+0000] {processor.py:925} INFO - DAG(s) 'example_dynamic_task_mapping' retrieved from /home/airflow/.local/lib/python3.12/site-packages/airflow/example_dags/example_dynamic_task_mapping.py
[2024-09-12T16:08:07.772+0000] {logging_mixin.py:190} INFO - [2024-09-12T16:08:07.771+0000] {dag.py:3211} INFO - Sync 1 DAGs
[2024-09-12T16:08:07.991+0000] {logging_mixin.py:190} INFO - [2024-09-12T16:08:07.990+0000] {dag.py:4138} INFO - Setting next_dagrun for example_dynamic_task_mapping to 2022-03-04 00:00:00+00:00, run_after=2022-03-05 00:00:00+00:00
[2024-09-12T16:08:08.277+0000] {processor.py:208} INFO - Processing /home/airflow/.local/lib/python3.12/site-packages/airflow/example_dags/example_dynamic_task_mapping.py took 0.841 seconds
[2024-09-12T16:09:03.395+0000] {processor.py:186} INFO - Started process (PID=3645) to work on /home/airflow/.local/lib/python3.12/site-packages/airflow/example_dags/example_dynamic_task_mapping.py
[2024-09-12T16:09:03.400+0000] {processor.py:914} INFO - Processing file /home/airflow/.local/lib/python3.12/site-packages/airflow/example_dags/example_dynamic_task_mapping.py for tasks to queue
[2024-09-12T16:09:03.411+0000] {logging_mixin.py:190} INFO - [2024-09-12T16:09:03.411+0000] {dagbag.py:587} INFO - Filling up the DagBag from /home/airflow/.local/lib/python3.12/site-packages/airflow/example_dags/example_dynamic_task_mapping.py
[2024-09-12T16:09:03.538+0000] {processor.py:925} INFO - DAG(s) 'example_dynamic_task_mapping' retrieved from /home/airflow/.local/lib/python3.12/site-packages/airflow/example_dags/example_dynamic_task_mapping.py
[2024-09-12T16:09:03.651+0000] {logging_mixin.py:190} INFO - [2024-09-12T16:09:03.650+0000] {dag.py:3211} INFO - Sync 1 DAGs
[2024-09-12T16:09:03.796+0000] {logging_mixin.py:190} INFO - [2024-09-12T16:09:03.795+0000] {dag.py:4138} INFO - Setting next_dagrun for example_dynamic_task_mapping to 2022-03-04 00:00:00+00:00, run_after=2022-03-05 00:00:00+00:00
[2024-09-12T16:09:03.912+0000] {processor.py:208} INFO - Processing /home/airflow/.local/lib/python3.12/site-packages/airflow/example_dags/example_dynamic_task_mapping.py took 0.570 seconds
[2024-09-12T16:09:35.384+0000] {processor.py:186} INFO - Started process (PID=3714) to work on /home/airflow/.local/lib/python3.12/site-packages/airflow/example_dags/example_dynamic_task_mapping.py
[2024-09-12T16:09:35.430+0000] {processor.py:914} INFO - Processing file /home/airflow/.local/lib/python3.12/site-packages/airflow/example_dags/example_dynamic_task_mapping.py for tasks to queue
[2024-09-12T16:09:35.466+0000] {logging_mixin.py:190} INFO - [2024-09-12T16:09:35.464+0000] {dagbag.py:587} INFO - Filling up the DagBag from /home/airflow/.local/lib/python3.12/site-packages/airflow/example_dags/example_dynamic_task_mapping.py
[2024-09-12T16:09:35.576+0000] {processor.py:925} INFO - DAG(s) 'example_dynamic_task_mapping' retrieved from /home/airflow/.local/lib/python3.12/site-packages/airflow/example_dags/example_dynamic_task_mapping.py
[2024-09-12T16:09:35.828+0000] {logging_mixin.py:190} INFO - [2024-09-12T16:09:35.828+0000] {dag.py:3211} INFO - Sync 1 DAGs
[2024-09-12T16:09:35.921+0000] {logging_mixin.py:190} INFO - [2024-09-12T16:09:35.920+0000] {dag.py:4138} INFO - Setting next_dagrun for example_dynamic_task_mapping to 2022-03-04 00:00:00+00:00, run_after=2022-03-05 00:00:00+00:00
[2024-09-12T16:09:36.017+0000] {processor.py:208} INFO - Processing /home/airflow/.local/lib/python3.12/site-packages/airflow/example_dags/example_dynamic_task_mapping.py took 0.656 seconds
[2024-09-12T16:10:45.497+0000] {processor.py:186} INFO - Started process (PID=3776) to work on /home/airflow/.local/lib/python3.12/site-packages/airflow/example_dags/example_dynamic_task_mapping.py
[2024-09-12T16:10:45.506+0000] {processor.py:914} INFO - Processing file /home/airflow/.local/lib/python3.12/site-packages/airflow/example_dags/example_dynamic_task_mapping.py for tasks to queue
[2024-09-12T16:10:45.509+0000] {logging_mixin.py:190} INFO - [2024-09-12T16:10:45.508+0000] {dagbag.py:587} INFO - Filling up the DagBag from /home/airflow/.local/lib/python3.12/site-packages/airflow/example_dags/example_dynamic_task_mapping.py
[2024-09-12T16:10:45.545+0000] {processor.py:925} INFO - DAG(s) 'example_dynamic_task_mapping' retrieved from /home/airflow/.local/lib/python3.12/site-packages/airflow/example_dags/example_dynamic_task_mapping.py
[2024-09-12T16:10:45.610+0000] {logging_mixin.py:190} INFO - [2024-09-12T16:10:45.605+0000] {dag.py:3211} INFO - Sync 1 DAGs
[2024-09-12T16:10:45.699+0000] {logging_mixin.py:190} INFO - [2024-09-12T16:10:45.698+0000] {dag.py:4138} INFO - Setting next_dagrun for example_dynamic_task_mapping to 2022-03-04 00:00:00+00:00, run_after=2022-03-05 00:00:00+00:00
[2024-09-12T16:10:45.810+0000] {processor.py:208} INFO - Processing /home/airflow/.local/lib/python3.12/site-packages/airflow/example_dags/example_dynamic_task_mapping.py took 0.341 seconds
[2024-09-12T16:11:32.915+0000] {processor.py:186} INFO - Started process (PID=3851) to work on /home/airflow/.local/lib/python3.12/site-packages/airflow/example_dags/example_dynamic_task_mapping.py
[2024-09-12T16:11:32.920+0000] {processor.py:914} INFO - Processing file /home/airflow/.local/lib/python3.12/site-packages/airflow/example_dags/example_dynamic_task_mapping.py for tasks to queue
[2024-09-12T16:11:32.929+0000] {logging_mixin.py:190} INFO - [2024-09-12T16:11:32.928+0000] {dagbag.py:587} INFO - Filling up the DagBag from /home/airflow/.local/lib/python3.12/site-packages/airflow/example_dags/example_dynamic_task_mapping.py
[2024-09-12T16:11:32.972+0000] {processor.py:925} INFO - DAG(s) 'example_dynamic_task_mapping' retrieved from /home/airflow/.local/lib/python3.12/site-packages/airflow/example_dags/example_dynamic_task_mapping.py
[2024-09-12T16:11:33.047+0000] {logging_mixin.py:190} INFO - [2024-09-12T16:11:33.046+0000] {dag.py:3211} INFO - Sync 1 DAGs
[2024-09-12T16:11:33.150+0000] {logging_mixin.py:190} INFO - [2024-09-12T16:11:33.149+0000] {dag.py:4138} INFO - Setting next_dagrun for example_dynamic_task_mapping to 2022-03-04 00:00:00+00:00, run_after=2022-03-05 00:00:00+00:00
[2024-09-12T16:11:33.274+0000] {processor.py:208} INFO - Processing /home/airflow/.local/lib/python3.12/site-packages/airflow/example_dags/example_dynamic_task_mapping.py took 0.398 seconds
[2024-09-12T16:12:42.596+0000] {processor.py:186} INFO - Started process (PID=3937) to work on /home/airflow/.local/lib/python3.12/site-packages/airflow/example_dags/example_dynamic_task_mapping.py
[2024-09-12T16:12:42.602+0000] {processor.py:914} INFO - Processing file /home/airflow/.local/lib/python3.12/site-packages/airflow/example_dags/example_dynamic_task_mapping.py for tasks to queue
[2024-09-12T16:12:42.608+0000] {logging_mixin.py:190} INFO - [2024-09-12T16:12:42.607+0000] {dagbag.py:587} INFO - Filling up the DagBag from /home/airflow/.local/lib/python3.12/site-packages/airflow/example_dags/example_dynamic_task_mapping.py
[2024-09-12T16:12:42.693+0000] {processor.py:925} INFO - DAG(s) 'example_dynamic_task_mapping' retrieved from /home/airflow/.local/lib/python3.12/site-packages/airflow/example_dags/example_dynamic_task_mapping.py
[2024-09-12T16:12:43.087+0000] {logging_mixin.py:190} INFO - [2024-09-12T16:12:43.086+0000] {dag.py:3211} INFO - Sync 1 DAGs
[2024-09-12T16:12:43.419+0000] {logging_mixin.py:190} INFO - [2024-09-12T16:12:43.418+0000] {dag.py:4138} INFO - Setting next_dagrun for example_dynamic_task_mapping to 2022-03-04 00:00:00+00:00, run_after=2022-03-05 00:00:00+00:00
[2024-09-12T16:12:43.577+0000] {processor.py:208} INFO - Processing /home/airflow/.local/lib/python3.12/site-packages/airflow/example_dags/example_dynamic_task_mapping.py took 1.021 seconds
[2024-09-12T16:14:09.468+0000] {processor.py:186} INFO - Started process (PID=4045) to work on /home/airflow/.local/lib/python3.12/site-packages/airflow/example_dags/example_dynamic_task_mapping.py
[2024-09-12T16:14:09.474+0000] {processor.py:914} INFO - Processing file /home/airflow/.local/lib/python3.12/site-packages/airflow/example_dags/example_dynamic_task_mapping.py for tasks to queue
[2024-09-12T16:14:09.484+0000] {logging_mixin.py:190} INFO - [2024-09-12T16:14:09.479+0000] {dagbag.py:587} INFO - Filling up the DagBag from /home/airflow/.local/lib/python3.12/site-packages/airflow/example_dags/example_dynamic_task_mapping.py
[2024-09-12T16:14:09.568+0000] {processor.py:925} INFO - DAG(s) 'example_dynamic_task_mapping' retrieved from /home/airflow/.local/lib/python3.12/site-packages/airflow/example_dags/example_dynamic_task_mapping.py
[2024-09-12T16:14:09.689+0000] {logging_mixin.py:190} INFO - [2024-09-12T16:14:09.689+0000] {dag.py:3211} INFO - Sync 1 DAGs
[2024-09-12T16:14:09.956+0000] {logging_mixin.py:190} INFO - [2024-09-12T16:14:09.956+0000] {dag.py:4138} INFO - Setting next_dagrun for example_dynamic_task_mapping to 2022-03-04 00:00:00+00:00, run_after=2022-03-05 00:00:00+00:00
[2024-09-12T16:14:10.175+0000] {processor.py:208} INFO - Processing /home/airflow/.local/lib/python3.12/site-packages/airflow/example_dags/example_dynamic_task_mapping.py took 0.788 seconds
[2024-09-12T16:14:56.708+0000] {processor.py:186} INFO - Started process (PID=4111) to work on /home/airflow/.local/lib/python3.12/site-packages/airflow/example_dags/example_dynamic_task_mapping.py
[2024-09-12T16:14:56.723+0000] {processor.py:914} INFO - Processing file /home/airflow/.local/lib/python3.12/site-packages/airflow/example_dags/example_dynamic_task_mapping.py for tasks to queue
[2024-09-12T16:14:56.728+0000] {logging_mixin.py:190} INFO - [2024-09-12T16:14:56.727+0000] {dagbag.py:587} INFO - Filling up the DagBag from /home/airflow/.local/lib/python3.12/site-packages/airflow/example_dags/example_dynamic_task_mapping.py
[2024-09-12T16:14:56.815+0000] {processor.py:925} INFO - DAG(s) 'example_dynamic_task_mapping' retrieved from /home/airflow/.local/lib/python3.12/site-packages/airflow/example_dags/example_dynamic_task_mapping.py
[2024-09-12T16:14:56.976+0000] {logging_mixin.py:190} INFO - [2024-09-12T16:14:56.975+0000] {dag.py:3211} INFO - Sync 1 DAGs
[2024-09-12T16:14:57.155+0000] {logging_mixin.py:190} INFO - [2024-09-12T16:14:57.154+0000] {dag.py:4138} INFO - Setting next_dagrun for example_dynamic_task_mapping to 2022-03-04 00:00:00+00:00, run_after=2022-03-05 00:00:00+00:00
[2024-09-12T16:14:57.297+0000] {processor.py:208} INFO - Processing /home/airflow/.local/lib/python3.12/site-packages/airflow/example_dags/example_dynamic_task_mapping.py took 0.634 seconds
[2024-09-12T16:15:30.724+0000] {processor.py:186} INFO - Started process (PID=4176) to work on /home/airflow/.local/lib/python3.12/site-packages/airflow/example_dags/example_dynamic_task_mapping.py
[2024-09-12T16:15:30.761+0000] {processor.py:914} INFO - Processing file /home/airflow/.local/lib/python3.12/site-packages/airflow/example_dags/example_dynamic_task_mapping.py for tasks to queue
[2024-09-12T16:15:30.764+0000] {logging_mixin.py:190} INFO - [2024-09-12T16:15:30.763+0000] {dagbag.py:587} INFO - Filling up the DagBag from /home/airflow/.local/lib/python3.12/site-packages/airflow/example_dags/example_dynamic_task_mapping.py
[2024-09-12T16:15:30.848+0000] {processor.py:925} INFO - DAG(s) 'example_dynamic_task_mapping' retrieved from /home/airflow/.local/lib/python3.12/site-packages/airflow/example_dags/example_dynamic_task_mapping.py
[2024-09-12T16:15:31.026+0000] {logging_mixin.py:190} INFO - [2024-09-12T16:15:31.025+0000] {dag.py:3211} INFO - Sync 1 DAGs
[2024-09-12T16:15:31.182+0000] {logging_mixin.py:190} INFO - [2024-09-12T16:15:31.180+0000] {dag.py:4138} INFO - Setting next_dagrun for example_dynamic_task_mapping to 2022-03-04 00:00:00+00:00, run_after=2022-03-05 00:00:00+00:00
[2024-09-12T16:15:31.273+0000] {processor.py:208} INFO - Processing /home/airflow/.local/lib/python3.12/site-packages/airflow/example_dags/example_dynamic_task_mapping.py took 0.596 seconds
[2024-09-12T16:16:10.787+0000] {processor.py:186} INFO - Started process (PID=4253) to work on /home/airflow/.local/lib/python3.12/site-packages/airflow/example_dags/example_dynamic_task_mapping.py
[2024-09-12T16:16:10.797+0000] {processor.py:914} INFO - Processing file /home/airflow/.local/lib/python3.12/site-packages/airflow/example_dags/example_dynamic_task_mapping.py for tasks to queue
[2024-09-12T16:16:10.802+0000] {logging_mixin.py:190} INFO - [2024-09-12T16:16:10.801+0000] {dagbag.py:587} INFO - Filling up the DagBag from /home/airflow/.local/lib/python3.12/site-packages/airflow/example_dags/example_dynamic_task_mapping.py
[2024-09-12T16:16:10.878+0000] {processor.py:925} INFO - DAG(s) 'example_dynamic_task_mapping' retrieved from /home/airflow/.local/lib/python3.12/site-packages/airflow/example_dags/example_dynamic_task_mapping.py
[2024-09-12T16:16:11.007+0000] {logging_mixin.py:190} INFO - [2024-09-12T16:16:11.005+0000] {dag.py:3211} INFO - Sync 1 DAGs
[2024-09-12T16:16:11.209+0000] {logging_mixin.py:190} INFO - [2024-09-12T16:16:11.209+0000] {dag.py:4138} INFO - Setting next_dagrun for example_dynamic_task_mapping to 2022-03-04 00:00:00+00:00, run_after=2022-03-05 00:00:00+00:00
[2024-09-12T16:16:11.341+0000] {processor.py:208} INFO - Processing /home/airflow/.local/lib/python3.12/site-packages/airflow/example_dags/example_dynamic_task_mapping.py took 0.610 seconds
[2024-09-12T16:16:57.883+0000] {processor.py:186} INFO - Started process (PID=4322) to work on /home/airflow/.local/lib/python3.12/site-packages/airflow/example_dags/example_dynamic_task_mapping.py
[2024-09-12T16:16:57.894+0000] {processor.py:914} INFO - Processing file /home/airflow/.local/lib/python3.12/site-packages/airflow/example_dags/example_dynamic_task_mapping.py for tasks to queue
[2024-09-12T16:16:57.905+0000] {logging_mixin.py:190} INFO - [2024-09-12T16:16:57.904+0000] {dagbag.py:587} INFO - Filling up the DagBag from /home/airflow/.local/lib/python3.12/site-packages/airflow/example_dags/example_dynamic_task_mapping.py
[2024-09-12T16:16:57.959+0000] {processor.py:925} INFO - DAG(s) 'example_dynamic_task_mapping' retrieved from /home/airflow/.local/lib/python3.12/site-packages/airflow/example_dags/example_dynamic_task_mapping.py
[2024-09-12T16:16:58.200+0000] {logging_mixin.py:190} INFO - [2024-09-12T16:16:58.200+0000] {dag.py:3211} INFO - Sync 1 DAGs
[2024-09-12T16:16:58.352+0000] {logging_mixin.py:190} INFO - [2024-09-12T16:16:58.352+0000] {dag.py:4138} INFO - Setting next_dagrun for example_dynamic_task_mapping to 2022-03-04 00:00:00+00:00, run_after=2022-03-05 00:00:00+00:00
[2024-09-12T16:16:58.468+0000] {processor.py:208} INFO - Processing /home/airflow/.local/lib/python3.12/site-packages/airflow/example_dags/example_dynamic_task_mapping.py took 0.629 seconds
[2024-09-12T16:17:41.876+0000] {processor.py:186} INFO - Started process (PID=4382) to work on /home/airflow/.local/lib/python3.12/site-packages/airflow/example_dags/example_dynamic_task_mapping.py
[2024-09-12T16:17:41.889+0000] {processor.py:914} INFO - Processing file /home/airflow/.local/lib/python3.12/site-packages/airflow/example_dags/example_dynamic_task_mapping.py for tasks to queue
[2024-09-12T16:17:41.907+0000] {logging_mixin.py:190} INFO - [2024-09-12T16:17:41.906+0000] {dagbag.py:587} INFO - Filling up the DagBag from /home/airflow/.local/lib/python3.12/site-packages/airflow/example_dags/example_dynamic_task_mapping.py
[2024-09-12T16:17:42.044+0000] {processor.py:925} INFO - DAG(s) 'example_dynamic_task_mapping' retrieved from /home/airflow/.local/lib/python3.12/site-packages/airflow/example_dags/example_dynamic_task_mapping.py
[2024-09-12T16:17:42.249+0000] {logging_mixin.py:190} INFO - [2024-09-12T16:17:42.248+0000] {dag.py:3211} INFO - Sync 1 DAGs
[2024-09-12T16:17:42.584+0000] {logging_mixin.py:190} INFO - [2024-09-12T16:17:42.584+0000] {dag.py:4138} INFO - Setting next_dagrun for example_dynamic_task_mapping to 2022-03-04 00:00:00+00:00, run_after=2022-03-05 00:00:00+00:00
[2024-09-12T16:17:42.789+0000] {processor.py:208} INFO - Processing /home/airflow/.local/lib/python3.12/site-packages/airflow/example_dags/example_dynamic_task_mapping.py took 1.034 seconds
[2024-09-12T16:18:30.234+0000] {processor.py:186} INFO - Started process (PID=4448) to work on /home/airflow/.local/lib/python3.12/site-packages/airflow/example_dags/example_dynamic_task_mapping.py
[2024-09-12T16:18:30.248+0000] {processor.py:914} INFO - Processing file /home/airflow/.local/lib/python3.12/site-packages/airflow/example_dags/example_dynamic_task_mapping.py for tasks to queue
[2024-09-12T16:18:30.262+0000] {logging_mixin.py:190} INFO - [2024-09-12T16:18:30.261+0000] {dagbag.py:587} INFO - Filling up the DagBag from /home/airflow/.local/lib/python3.12/site-packages/airflow/example_dags/example_dynamic_task_mapping.py
[2024-09-12T16:18:30.396+0000] {processor.py:925} INFO - DAG(s) 'example_dynamic_task_mapping' retrieved from /home/airflow/.local/lib/python3.12/site-packages/airflow/example_dags/example_dynamic_task_mapping.py
[2024-09-12T16:18:30.691+0000] {logging_mixin.py:190} INFO - [2024-09-12T16:18:30.689+0000] {dag.py:3211} INFO - Sync 1 DAGs
[2024-09-12T16:18:30.926+0000] {logging_mixin.py:190} INFO - [2024-09-12T16:18:30.925+0000] {dag.py:4138} INFO - Setting next_dagrun for example_dynamic_task_mapping to 2022-03-04 00:00:00+00:00, run_after=2022-03-05 00:00:00+00:00
[2024-09-12T16:18:31.213+0000] {processor.py:208} INFO - Processing /home/airflow/.local/lib/python3.12/site-packages/airflow/example_dags/example_dynamic_task_mapping.py took 1.010 seconds
[2024-09-12T16:19:10.911+0000] {processor.py:186} INFO - Started process (PID=4519) to work on /home/airflow/.local/lib/python3.12/site-packages/airflow/example_dags/example_dynamic_task_mapping.py
[2024-09-12T16:19:10.925+0000] {processor.py:914} INFO - Processing file /home/airflow/.local/lib/python3.12/site-packages/airflow/example_dags/example_dynamic_task_mapping.py for tasks to queue
[2024-09-12T16:19:10.945+0000] {logging_mixin.py:190} INFO - [2024-09-12T16:19:10.944+0000] {dagbag.py:587} INFO - Filling up the DagBag from /home/airflow/.local/lib/python3.12/site-packages/airflow/example_dags/example_dynamic_task_mapping.py
[2024-09-12T16:19:11.009+0000] {processor.py:925} INFO - DAG(s) 'example_dynamic_task_mapping' retrieved from /home/airflow/.local/lib/python3.12/site-packages/airflow/example_dags/example_dynamic_task_mapping.py
[2024-09-12T16:19:11.158+0000] {logging_mixin.py:190} INFO - [2024-09-12T16:19:11.157+0000] {dag.py:3211} INFO - Sync 1 DAGs
[2024-09-12T16:19:11.284+0000] {logging_mixin.py:190} INFO - [2024-09-12T16:19:11.284+0000] {dag.py:4138} INFO - Setting next_dagrun for example_dynamic_task_mapping to 2022-03-04 00:00:00+00:00, run_after=2022-03-05 00:00:00+00:00
[2024-09-12T16:19:11.448+0000] {processor.py:208} INFO - Processing /home/airflow/.local/lib/python3.12/site-packages/airflow/example_dags/example_dynamic_task_mapping.py took 0.619 seconds
[2024-09-12T16:19:51.026+0000] {processor.py:186} INFO - Started process (PID=4599) to work on /home/airflow/.local/lib/python3.12/site-packages/airflow/example_dags/example_dynamic_task_mapping.py
[2024-09-12T16:19:51.032+0000] {processor.py:914} INFO - Processing file /home/airflow/.local/lib/python3.12/site-packages/airflow/example_dags/example_dynamic_task_mapping.py for tasks to queue
[2024-09-12T16:19:51.046+0000] {logging_mixin.py:190} INFO - [2024-09-12T16:19:51.043+0000] {dagbag.py:587} INFO - Filling up the DagBag from /home/airflow/.local/lib/python3.12/site-packages/airflow/example_dags/example_dynamic_task_mapping.py
[2024-09-12T16:19:51.179+0000] {processor.py:925} INFO - DAG(s) 'example_dynamic_task_mapping' retrieved from /home/airflow/.local/lib/python3.12/site-packages/airflow/example_dags/example_dynamic_task_mapping.py
[2024-09-12T16:19:51.394+0000] {logging_mixin.py:190} INFO - [2024-09-12T16:19:51.394+0000] {dag.py:3211} INFO - Sync 1 DAGs
[2024-09-12T16:19:51.608+0000] {logging_mixin.py:190} INFO - [2024-09-12T16:19:51.607+0000] {dag.py:4138} INFO - Setting next_dagrun for example_dynamic_task_mapping to 2022-03-04 00:00:00+00:00, run_after=2022-03-05 00:00:00+00:00
[2024-09-12T16:19:51.777+0000] {processor.py:208} INFO - Processing /home/airflow/.local/lib/python3.12/site-packages/airflow/example_dags/example_dynamic_task_mapping.py took 0.812 seconds
[2024-09-12T16:21:05.053+0000] {processor.py:186} INFO - Started process (PID=4697) to work on /home/airflow/.local/lib/python3.12/site-packages/airflow/example_dags/example_dynamic_task_mapping.py
[2024-09-12T16:21:05.063+0000] {processor.py:914} INFO - Processing file /home/airflow/.local/lib/python3.12/site-packages/airflow/example_dags/example_dynamic_task_mapping.py for tasks to queue
[2024-09-12T16:21:05.072+0000] {logging_mixin.py:190} INFO - [2024-09-12T16:21:05.072+0000] {dagbag.py:587} INFO - Filling up the DagBag from /home/airflow/.local/lib/python3.12/site-packages/airflow/example_dags/example_dynamic_task_mapping.py
[2024-09-12T16:21:05.113+0000] {processor.py:925} INFO - DAG(s) 'example_dynamic_task_mapping' retrieved from /home/airflow/.local/lib/python3.12/site-packages/airflow/example_dags/example_dynamic_task_mapping.py
[2024-09-12T16:21:05.488+0000] {logging_mixin.py:190} INFO - [2024-09-12T16:21:05.487+0000] {dag.py:3211} INFO - Sync 1 DAGs
[2024-09-12T16:21:05.780+0000] {logging_mixin.py:190} INFO - [2024-09-12T16:21:05.748+0000] {dag.py:4138} INFO - Setting next_dagrun for example_dynamic_task_mapping to 2022-03-04 00:00:00+00:00, run_after=2022-03-05 00:00:00+00:00
[2024-09-12T16:21:06.005+0000] {processor.py:208} INFO - Processing /home/airflow/.local/lib/python3.12/site-packages/airflow/example_dags/example_dynamic_task_mapping.py took 0.981 seconds
[2024-09-12T16:22:24.687+0000] {processor.py:186} INFO - Started process (PID=4783) to work on /home/airflow/.local/lib/python3.12/site-packages/airflow/example_dags/example_dynamic_task_mapping.py
[2024-09-12T16:22:24.696+0000] {processor.py:914} INFO - Processing file /home/airflow/.local/lib/python3.12/site-packages/airflow/example_dags/example_dynamic_task_mapping.py for tasks to queue
[2024-09-12T16:22:24.708+0000] {logging_mixin.py:190} INFO - [2024-09-12T16:22:24.707+0000] {dagbag.py:587} INFO - Filling up the DagBag from /home/airflow/.local/lib/python3.12/site-packages/airflow/example_dags/example_dynamic_task_mapping.py
[2024-09-12T16:22:24.788+0000] {processor.py:925} INFO - DAG(s) 'example_dynamic_task_mapping' retrieved from /home/airflow/.local/lib/python3.12/site-packages/airflow/example_dags/example_dynamic_task_mapping.py
[2024-09-12T16:22:24.974+0000] {logging_mixin.py:190} INFO - [2024-09-12T16:22:24.973+0000] {dag.py:3211} INFO - Sync 1 DAGs
[2024-09-12T16:22:25.170+0000] {logging_mixin.py:190} INFO - [2024-09-12T16:22:25.170+0000] {dag.py:4138} INFO - Setting next_dagrun for example_dynamic_task_mapping to 2022-03-04 00:00:00+00:00, run_after=2022-03-05 00:00:00+00:00
[2024-09-12T16:22:25.427+0000] {processor.py:208} INFO - Processing /home/airflow/.local/lib/python3.12/site-packages/airflow/example_dags/example_dynamic_task_mapping.py took 0.775 seconds
[2024-09-12T16:23:05.874+0000] {processor.py:186} INFO - Started process (PID=4849) to work on /home/airflow/.local/lib/python3.12/site-packages/airflow/example_dags/example_dynamic_task_mapping.py
[2024-09-12T16:23:05.889+0000] {processor.py:914} INFO - Processing file /home/airflow/.local/lib/python3.12/site-packages/airflow/example_dags/example_dynamic_task_mapping.py for tasks to queue
[2024-09-12T16:23:05.895+0000] {logging_mixin.py:190} INFO - [2024-09-12T16:23:05.894+0000] {dagbag.py:587} INFO - Filling up the DagBag from /home/airflow/.local/lib/python3.12/site-packages/airflow/example_dags/example_dynamic_task_mapping.py
[2024-09-12T16:23:06.039+0000] {processor.py:925} INFO - DAG(s) 'example_dynamic_task_mapping' retrieved from /home/airflow/.local/lib/python3.12/site-packages/airflow/example_dags/example_dynamic_task_mapping.py
[2024-09-12T16:23:06.125+0000] {logging_mixin.py:190} INFO - [2024-09-12T16:23:06.121+0000] {dag.py:3211} INFO - Sync 1 DAGs
[2024-09-12T16:23:06.209+0000] {logging_mixin.py:190} INFO - [2024-09-12T16:23:06.208+0000] {dag.py:4138} INFO - Setting next_dagrun for example_dynamic_task_mapping to 2022-03-04 00:00:00+00:00, run_after=2022-03-05 00:00:00+00:00
[2024-09-12T16:23:06.290+0000] {processor.py:208} INFO - Processing /home/airflow/.local/lib/python3.12/site-packages/airflow/example_dags/example_dynamic_task_mapping.py took 0.469 seconds
