[2024-09-12T14:58:44.469+0000] {processor.py:186} INFO - Started process (PID=92) to work on /home/airflow/.local/lib/python3.12/site-packages/airflow/example_dags/example_latest_only_with_trigger.py
[2024-09-12T14:58:44.486+0000] {processor.py:914} INFO - Processing file /home/airflow/.local/lib/python3.12/site-packages/airflow/example_dags/example_latest_only_with_trigger.py for tasks to queue
[2024-09-12T14:58:44.532+0000] {logging_mixin.py:190} INFO - [2024-09-12T14:58:44.532+0000] {dagbag.py:587} INFO - Filling up the DagBag from /home/airflow/.local/lib/python3.12/site-packages/airflow/example_dags/example_latest_only_with_trigger.py
[2024-09-12T14:58:44.622+0000] {processor.py:925} INFO - DAG(s) 'latest_only_with_trigger' retrieved from /home/airflow/.local/lib/python3.12/site-packages/airflow/example_dags/example_latest_only_with_trigger.py
[2024-09-12T14:58:45.059+0000] {logging_mixin.py:190} INFO - [2024-09-12T14:58:45.058+0000] {dag.py:3211} INFO - Sync 1 DAGs
[2024-09-12T14:58:45.273+0000] {logging_mixin.py:190} INFO - [2024-09-12T14:58:45.272+0000] {dag.py:4138} INFO - Setting next_dagrun for latest_only_with_trigger to 2024-09-12 08:00:00+00:00, run_after=2024-09-12 12:00:00+00:00
[2024-09-12T14:58:45.424+0000] {processor.py:208} INFO - Processing /home/airflow/.local/lib/python3.12/site-packages/airflow/example_dags/example_latest_only_with_trigger.py took 1.035 seconds
[2024-09-12T14:59:39.854+0000] {processor.py:186} INFO - Started process (PID=163) to work on /home/airflow/.local/lib/python3.12/site-packages/airflow/example_dags/example_latest_only_with_trigger.py
[2024-09-12T14:59:39.913+0000] {processor.py:914} INFO - Processing file /home/airflow/.local/lib/python3.12/site-packages/airflow/example_dags/example_latest_only_with_trigger.py for tasks to queue
[2024-09-12T14:59:39.936+0000] {logging_mixin.py:190} INFO - [2024-09-12T14:59:39.935+0000] {dagbag.py:587} INFO - Filling up the DagBag from /home/airflow/.local/lib/python3.12/site-packages/airflow/example_dags/example_latest_only_with_trigger.py
[2024-09-12T14:59:40.048+0000] {processor.py:925} INFO - DAG(s) 'latest_only_with_trigger' retrieved from /home/airflow/.local/lib/python3.12/site-packages/airflow/example_dags/example_latest_only_with_trigger.py
[2024-09-12T14:59:40.230+0000] {logging_mixin.py:190} INFO - [2024-09-12T14:59:40.230+0000] {dag.py:3211} INFO - Sync 1 DAGs
[2024-09-12T14:59:40.449+0000] {logging_mixin.py:190} INFO - [2024-09-12T14:59:40.448+0000] {dag.py:4138} INFO - Setting next_dagrun for latest_only_with_trigger to 2024-09-12 08:00:00+00:00, run_after=2024-09-12 12:00:00+00:00
[2024-09-12T14:59:40.797+0000] {processor.py:208} INFO - Processing /home/airflow/.local/lib/python3.12/site-packages/airflow/example_dags/example_latest_only_with_trigger.py took 0.994 seconds
[2024-09-12T15:00:37.513+0000] {processor.py:186} INFO - Started process (PID=239) to work on /home/airflow/.local/lib/python3.12/site-packages/airflow/example_dags/example_latest_only_with_trigger.py
[2024-09-12T15:00:37.529+0000] {processor.py:914} INFO - Processing file /home/airflow/.local/lib/python3.12/site-packages/airflow/example_dags/example_latest_only_with_trigger.py for tasks to queue
[2024-09-12T15:00:37.546+0000] {logging_mixin.py:190} INFO - [2024-09-12T15:00:37.545+0000] {dagbag.py:587} INFO - Filling up the DagBag from /home/airflow/.local/lib/python3.12/site-packages/airflow/example_dags/example_latest_only_with_trigger.py
[2024-09-12T15:00:37.641+0000] {processor.py:925} INFO - DAG(s) 'latest_only_with_trigger' retrieved from /home/airflow/.local/lib/python3.12/site-packages/airflow/example_dags/example_latest_only_with_trigger.py
[2024-09-12T15:00:37.877+0000] {logging_mixin.py:190} INFO - [2024-09-12T15:00:37.877+0000] {dag.py:3211} INFO - Sync 1 DAGs
[2024-09-12T15:00:38.069+0000] {logging_mixin.py:190} INFO - [2024-09-12T15:00:38.068+0000] {dag.py:4138} INFO - Setting next_dagrun for latest_only_with_trigger to 2024-09-12 08:00:00+00:00, run_after=2024-09-12 12:00:00+00:00
[2024-09-12T15:00:38.244+0000] {processor.py:208} INFO - Processing /home/airflow/.local/lib/python3.12/site-packages/airflow/example_dags/example_latest_only_with_trigger.py took 0.827 seconds
[2024-09-12T15:01:53.013+0000] {processor.py:186} INFO - Started process (PID=311) to work on /home/airflow/.local/lib/python3.12/site-packages/airflow/example_dags/example_latest_only_with_trigger.py
[2024-09-12T15:01:53.090+0000] {processor.py:914} INFO - Processing file /home/airflow/.local/lib/python3.12/site-packages/airflow/example_dags/example_latest_only_with_trigger.py for tasks to queue
[2024-09-12T15:01:53.124+0000] {logging_mixin.py:190} INFO - [2024-09-12T15:01:53.123+0000] {dagbag.py:587} INFO - Filling up the DagBag from /home/airflow/.local/lib/python3.12/site-packages/airflow/example_dags/example_latest_only_with_trigger.py
[2024-09-12T15:01:53.204+0000] {processor.py:925} INFO - DAG(s) 'latest_only_with_trigger' retrieved from /home/airflow/.local/lib/python3.12/site-packages/airflow/example_dags/example_latest_only_with_trigger.py
[2024-09-12T15:01:53.520+0000] {logging_mixin.py:190} INFO - [2024-09-12T15:01:53.519+0000] {dag.py:3211} INFO - Sync 1 DAGs
[2024-09-12T15:01:53.904+0000] {logging_mixin.py:190} INFO - [2024-09-12T15:01:53.903+0000] {dag.py:4138} INFO - Setting next_dagrun for latest_only_with_trigger to 2024-09-12 08:00:00+00:00, run_after=2024-09-12 12:00:00+00:00
[2024-09-12T15:01:54.259+0000] {processor.py:208} INFO - Processing /home/airflow/.local/lib/python3.12/site-packages/airflow/example_dags/example_latest_only_with_trigger.py took 1.328 seconds
[2024-09-12T15:04:04.848+0000] {processor.py:186} INFO - Started process (PID=413) to work on /home/airflow/.local/lib/python3.12/site-packages/airflow/example_dags/example_latest_only_with_trigger.py
[2024-09-12T15:04:04.866+0000] {processor.py:914} INFO - Processing file /home/airflow/.local/lib/python3.12/site-packages/airflow/example_dags/example_latest_only_with_trigger.py for tasks to queue
[2024-09-12T15:04:04.889+0000] {logging_mixin.py:190} INFO - [2024-09-12T15:04:04.888+0000] {dagbag.py:587} INFO - Filling up the DagBag from /home/airflow/.local/lib/python3.12/site-packages/airflow/example_dags/example_latest_only_with_trigger.py
[2024-09-12T15:04:05.022+0000] {processor.py:925} INFO - DAG(s) 'latest_only_with_trigger' retrieved from /home/airflow/.local/lib/python3.12/site-packages/airflow/example_dags/example_latest_only_with_trigger.py
[2024-09-12T15:04:05.336+0000] {logging_mixin.py:190} INFO - [2024-09-12T15:04:05.336+0000] {dag.py:3211} INFO - Sync 1 DAGs
[2024-09-12T15:04:05.589+0000] {logging_mixin.py:190} INFO - [2024-09-12T15:04:05.589+0000] {dag.py:4138} INFO - Setting next_dagrun for latest_only_with_trigger to 2024-09-12 08:00:00+00:00, run_after=2024-09-12 12:00:00+00:00
[2024-09-12T15:04:05.765+0000] {processor.py:208} INFO - Processing /home/airflow/.local/lib/python3.12/site-packages/airflow/example_dags/example_latest_only_with_trigger.py took 0.995 seconds
[2024-09-12T15:04:58.353+0000] {processor.py:186} INFO - Started process (PID=484) to work on /home/airflow/.local/lib/python3.12/site-packages/airflow/example_dags/example_latest_only_with_trigger.py
[2024-09-12T15:04:58.392+0000] {processor.py:914} INFO - Processing file /home/airflow/.local/lib/python3.12/site-packages/airflow/example_dags/example_latest_only_with_trigger.py for tasks to queue
[2024-09-12T15:04:58.405+0000] {logging_mixin.py:190} INFO - [2024-09-12T15:04:58.404+0000] {dagbag.py:587} INFO - Filling up the DagBag from /home/airflow/.local/lib/python3.12/site-packages/airflow/example_dags/example_latest_only_with_trigger.py
[2024-09-12T15:04:58.517+0000] {processor.py:925} INFO - DAG(s) 'latest_only_with_trigger' retrieved from /home/airflow/.local/lib/python3.12/site-packages/airflow/example_dags/example_latest_only_with_trigger.py
[2024-09-12T15:04:58.746+0000] {logging_mixin.py:190} INFO - [2024-09-12T15:04:58.745+0000] {dag.py:3211} INFO - Sync 1 DAGs
[2024-09-12T15:04:58.990+0000] {logging_mixin.py:190} INFO - [2024-09-12T15:04:58.990+0000] {dag.py:4138} INFO - Setting next_dagrun for latest_only_with_trigger to 2024-09-12 08:00:00+00:00, run_after=2024-09-12 12:00:00+00:00
[2024-09-12T15:04:59.266+0000] {processor.py:208} INFO - Processing /home/airflow/.local/lib/python3.12/site-packages/airflow/example_dags/example_latest_only_with_trigger.py took 0.959 seconds
[2024-09-12T15:05:57.870+0000] {processor.py:186} INFO - Started process (PID=540) to work on /home/airflow/.local/lib/python3.12/site-packages/airflow/example_dags/example_latest_only_with_trigger.py
[2024-09-12T15:05:57.920+0000] {processor.py:914} INFO - Processing file /home/airflow/.local/lib/python3.12/site-packages/airflow/example_dags/example_latest_only_with_trigger.py for tasks to queue
[2024-09-12T15:05:57.937+0000] {logging_mixin.py:190} INFO - [2024-09-12T15:05:57.924+0000] {dagbag.py:587} INFO - Filling up the DagBag from /home/airflow/.local/lib/python3.12/site-packages/airflow/example_dags/example_latest_only_with_trigger.py
[2024-09-12T15:05:58.287+0000] {processor.py:925} INFO - DAG(s) 'latest_only_with_trigger' retrieved from /home/airflow/.local/lib/python3.12/site-packages/airflow/example_dags/example_latest_only_with_trigger.py
[2024-09-12T15:05:58.736+0000] {logging_mixin.py:190} INFO - [2024-09-12T15:05:58.734+0000] {dag.py:3211} INFO - Sync 1 DAGs
[2024-09-12T15:05:59.129+0000] {logging_mixin.py:190} INFO - [2024-09-12T15:05:59.128+0000] {dag.py:4138} INFO - Setting next_dagrun for latest_only_with_trigger to 2024-09-12 08:00:00+00:00, run_after=2024-09-12 12:00:00+00:00
[2024-09-12T15:05:59.395+0000] {processor.py:208} INFO - Processing /home/airflow/.local/lib/python3.12/site-packages/airflow/example_dags/example_latest_only_with_trigger.py took 1.646 seconds
[2024-09-12T15:06:52.429+0000] {processor.py:186} INFO - Started process (PID=612) to work on /home/airflow/.local/lib/python3.12/site-packages/airflow/example_dags/example_latest_only_with_trigger.py
[2024-09-12T15:06:52.445+0000] {processor.py:914} INFO - Processing file /home/airflow/.local/lib/python3.12/site-packages/airflow/example_dags/example_latest_only_with_trigger.py for tasks to queue
[2024-09-12T15:06:52.457+0000] {logging_mixin.py:190} INFO - [2024-09-12T15:06:52.456+0000] {dagbag.py:587} INFO - Filling up the DagBag from /home/airflow/.local/lib/python3.12/site-packages/airflow/example_dags/example_latest_only_with_trigger.py
[2024-09-12T15:06:52.548+0000] {processor.py:925} INFO - DAG(s) 'latest_only_with_trigger' retrieved from /home/airflow/.local/lib/python3.12/site-packages/airflow/example_dags/example_latest_only_with_trigger.py
[2024-09-12T15:06:52.897+0000] {logging_mixin.py:190} INFO - [2024-09-12T15:06:52.896+0000] {dag.py:3211} INFO - Sync 1 DAGs
[2024-09-12T15:06:53.283+0000] {logging_mixin.py:190} INFO - [2024-09-12T15:06:53.283+0000] {dag.py:4138} INFO - Setting next_dagrun for latest_only_with_trigger to 2024-09-12 08:00:00+00:00, run_after=2024-09-12 12:00:00+00:00
[2024-09-12T15:06:53.685+0000] {processor.py:208} INFO - Processing /home/airflow/.local/lib/python3.12/site-packages/airflow/example_dags/example_latest_only_with_trigger.py took 1.355 seconds
[2024-09-12T15:07:58.627+0000] {processor.py:186} INFO - Started process (PID=676) to work on /home/airflow/.local/lib/python3.12/site-packages/airflow/example_dags/example_latest_only_with_trigger.py
[2024-09-12T15:07:58.633+0000] {processor.py:914} INFO - Processing file /home/airflow/.local/lib/python3.12/site-packages/airflow/example_dags/example_latest_only_with_trigger.py for tasks to queue
[2024-09-12T15:07:58.636+0000] {logging_mixin.py:190} INFO - [2024-09-12T15:07:58.635+0000] {dagbag.py:587} INFO - Filling up the DagBag from /home/airflow/.local/lib/python3.12/site-packages/airflow/example_dags/example_latest_only_with_trigger.py
[2024-09-12T15:07:58.816+0000] {processor.py:925} INFO - DAG(s) 'latest_only_with_trigger' retrieved from /home/airflow/.local/lib/python3.12/site-packages/airflow/example_dags/example_latest_only_with_trigger.py
[2024-09-12T15:07:59.181+0000] {logging_mixin.py:190} INFO - [2024-09-12T15:07:59.181+0000] {dag.py:3211} INFO - Sync 1 DAGs
[2024-09-12T15:07:59.499+0000] {logging_mixin.py:190} INFO - [2024-09-12T15:07:59.454+0000] {dag.py:4138} INFO - Setting next_dagrun for latest_only_with_trigger to 2024-09-12 08:00:00+00:00, run_after=2024-09-12 12:00:00+00:00
[2024-09-12T15:07:59.869+0000] {processor.py:208} INFO - Processing /home/airflow/.local/lib/python3.12/site-packages/airflow/example_dags/example_latest_only_with_trigger.py took 1.355 seconds
[2024-09-12T15:09:25.372+0000] {processor.py:186} INFO - Started process (PID=765) to work on /home/airflow/.local/lib/python3.12/site-packages/airflow/example_dags/example_latest_only_with_trigger.py
[2024-09-12T15:09:25.469+0000] {processor.py:914} INFO - Processing file /home/airflow/.local/lib/python3.12/site-packages/airflow/example_dags/example_latest_only_with_trigger.py for tasks to queue
[2024-09-12T15:09:25.487+0000] {logging_mixin.py:190} INFO - [2024-09-12T15:09:25.486+0000] {dagbag.py:587} INFO - Filling up the DagBag from /home/airflow/.local/lib/python3.12/site-packages/airflow/example_dags/example_latest_only_with_trigger.py
[2024-09-12T15:09:25.706+0000] {processor.py:925} INFO - DAG(s) 'latest_only_with_trigger' retrieved from /home/airflow/.local/lib/python3.12/site-packages/airflow/example_dags/example_latest_only_with_trigger.py
[2024-09-12T15:09:26.008+0000] {logging_mixin.py:190} INFO - [2024-09-12T15:09:26.007+0000] {dag.py:3211} INFO - Sync 1 DAGs
[2024-09-12T15:09:26.291+0000] {logging_mixin.py:190} INFO - [2024-09-12T15:09:26.290+0000] {dag.py:4138} INFO - Setting next_dagrun for latest_only_with_trigger to 2024-09-12 08:00:00+00:00, run_after=2024-09-12 12:00:00+00:00
[2024-09-12T15:09:26.517+0000] {processor.py:208} INFO - Processing /home/airflow/.local/lib/python3.12/site-packages/airflow/example_dags/example_latest_only_with_trigger.py took 1.230 seconds
[2024-09-12T15:10:26.841+0000] {processor.py:186} INFO - Started process (PID=838) to work on /home/airflow/.local/lib/python3.12/site-packages/airflow/example_dags/example_latest_only_with_trigger.py
[2024-09-12T15:10:26.843+0000] {processor.py:914} INFO - Processing file /home/airflow/.local/lib/python3.12/site-packages/airflow/example_dags/example_latest_only_with_trigger.py for tasks to queue
[2024-09-12T15:10:26.873+0000] {logging_mixin.py:190} INFO - [2024-09-12T15:10:26.872+0000] {dagbag.py:587} INFO - Filling up the DagBag from /home/airflow/.local/lib/python3.12/site-packages/airflow/example_dags/example_latest_only_with_trigger.py
[2024-09-12T15:10:26.954+0000] {processor.py:925} INFO - DAG(s) 'latest_only_with_trigger' retrieved from /home/airflow/.local/lib/python3.12/site-packages/airflow/example_dags/example_latest_only_with_trigger.py
[2024-09-12T15:10:27.196+0000] {logging_mixin.py:190} INFO - [2024-09-12T15:10:27.195+0000] {dag.py:3211} INFO - Sync 1 DAGs
[2024-09-12T15:10:27.387+0000] {logging_mixin.py:190} INFO - [2024-09-12T15:10:27.385+0000] {dag.py:4138} INFO - Setting next_dagrun for latest_only_with_trigger to 2024-09-12 08:00:00+00:00, run_after=2024-09-12 12:00:00+00:00
[2024-09-12T15:10:27.533+0000] {processor.py:208} INFO - Processing /home/airflow/.local/lib/python3.12/site-packages/airflow/example_dags/example_latest_only_with_trigger.py took 0.740 seconds
[2024-09-12T15:11:24.176+0000] {processor.py:186} INFO - Started process (PID=913) to work on /home/airflow/.local/lib/python3.12/site-packages/airflow/example_dags/example_latest_only_with_trigger.py
[2024-09-12T15:11:24.190+0000] {processor.py:914} INFO - Processing file /home/airflow/.local/lib/python3.12/site-packages/airflow/example_dags/example_latest_only_with_trigger.py for tasks to queue
[2024-09-12T15:11:24.199+0000] {logging_mixin.py:190} INFO - [2024-09-12T15:11:24.193+0000] {dagbag.py:587} INFO - Filling up the DagBag from /home/airflow/.local/lib/python3.12/site-packages/airflow/example_dags/example_latest_only_with_trigger.py
[2024-09-12T15:11:24.314+0000] {processor.py:925} INFO - DAG(s) 'latest_only_with_trigger' retrieved from /home/airflow/.local/lib/python3.12/site-packages/airflow/example_dags/example_latest_only_with_trigger.py
[2024-09-12T15:11:24.490+0000] {logging_mixin.py:190} INFO - [2024-09-12T15:11:24.489+0000] {dag.py:3211} INFO - Sync 1 DAGs
[2024-09-12T15:11:24.943+0000] {logging_mixin.py:190} INFO - [2024-09-12T15:11:24.942+0000] {dag.py:4138} INFO - Setting next_dagrun for latest_only_with_trigger to 2024-09-12 08:00:00+00:00, run_after=2024-09-12 12:00:00+00:00
[2024-09-12T15:11:25.250+0000] {processor.py:208} INFO - Processing /home/airflow/.local/lib/python3.12/site-packages/airflow/example_dags/example_latest_only_with_trigger.py took 1.164 seconds
[2024-09-12T15:15:07.852+0000] {processor.py:186} INFO - Started process (PID=95) to work on /home/airflow/.local/lib/python3.12/site-packages/airflow/example_dags/example_latest_only_with_trigger.py
[2024-09-12T15:15:07.855+0000] {processor.py:914} INFO - Processing file /home/airflow/.local/lib/python3.12/site-packages/airflow/example_dags/example_latest_only_with_trigger.py for tasks to queue
[2024-09-12T15:15:07.885+0000] {logging_mixin.py:190} INFO - [2024-09-12T15:15:07.884+0000] {dagbag.py:587} INFO - Filling up the DagBag from /home/airflow/.local/lib/python3.12/site-packages/airflow/example_dags/example_latest_only_with_trigger.py
[2024-09-12T15:15:07.928+0000] {processor.py:925} INFO - DAG(s) 'latest_only_with_trigger' retrieved from /home/airflow/.local/lib/python3.12/site-packages/airflow/example_dags/example_latest_only_with_trigger.py
[2024-09-12T15:15:08.233+0000] {logging_mixin.py:190} INFO - [2024-09-12T15:15:08.233+0000] {dag.py:3211} INFO - Sync 1 DAGs
[2024-09-12T15:15:08.404+0000] {logging_mixin.py:190} INFO - [2024-09-12T15:15:08.404+0000] {dag.py:4138} INFO - Setting next_dagrun for latest_only_with_trigger to 2024-09-12 08:00:00+00:00, run_after=2024-09-12 12:00:00+00:00
[2024-09-12T15:15:08.613+0000] {processor.py:208} INFO - Processing /home/airflow/.local/lib/python3.12/site-packages/airflow/example_dags/example_latest_only_with_trigger.py took 0.837 seconds
[2024-09-12T15:16:03.505+0000] {processor.py:186} INFO - Started process (PID=166) to work on /home/airflow/.local/lib/python3.12/site-packages/airflow/example_dags/example_latest_only_with_trigger.py
[2024-09-12T15:16:03.511+0000] {processor.py:914} INFO - Processing file /home/airflow/.local/lib/python3.12/site-packages/airflow/example_dags/example_latest_only_with_trigger.py for tasks to queue
[2024-09-12T15:16:03.542+0000] {logging_mixin.py:190} INFO - [2024-09-12T15:16:03.527+0000] {dagbag.py:587} INFO - Filling up the DagBag from /home/airflow/.local/lib/python3.12/site-packages/airflow/example_dags/example_latest_only_with_trigger.py
[2024-09-12T15:16:03.633+0000] {processor.py:925} INFO - DAG(s) 'latest_only_with_trigger' retrieved from /home/airflow/.local/lib/python3.12/site-packages/airflow/example_dags/example_latest_only_with_trigger.py
[2024-09-12T15:16:03.974+0000] {logging_mixin.py:190} INFO - [2024-09-12T15:16:03.974+0000] {dag.py:3211} INFO - Sync 1 DAGs
[2024-09-12T15:16:04.369+0000] {logging_mixin.py:190} INFO - [2024-09-12T15:16:04.368+0000] {dag.py:4138} INFO - Setting next_dagrun for latest_only_with_trigger to 2024-09-12 08:00:00+00:00, run_after=2024-09-12 12:00:00+00:00
[2024-09-12T15:16:04.690+0000] {processor.py:208} INFO - Processing /home/airflow/.local/lib/python3.12/site-packages/airflow/example_dags/example_latest_only_with_trigger.py took 1.278 seconds
[2024-09-12T15:17:07.029+0000] {processor.py:186} INFO - Started process (PID=227) to work on /home/airflow/.local/lib/python3.12/site-packages/airflow/example_dags/example_latest_only_with_trigger.py
[2024-09-12T15:17:07.046+0000] {processor.py:914} INFO - Processing file /home/airflow/.local/lib/python3.12/site-packages/airflow/example_dags/example_latest_only_with_trigger.py for tasks to queue
[2024-09-12T15:17:07.064+0000] {logging_mixin.py:190} INFO - [2024-09-12T15:17:07.063+0000] {dagbag.py:587} INFO - Filling up the DagBag from /home/airflow/.local/lib/python3.12/site-packages/airflow/example_dags/example_latest_only_with_trigger.py
[2024-09-12T15:17:07.245+0000] {processor.py:925} INFO - DAG(s) 'latest_only_with_trigger' retrieved from /home/airflow/.local/lib/python3.12/site-packages/airflow/example_dags/example_latest_only_with_trigger.py
[2024-09-12T15:17:07.977+0000] {logging_mixin.py:190} INFO - [2024-09-12T15:17:07.976+0000] {dag.py:3211} INFO - Sync 1 DAGs
[2024-09-12T15:17:08.510+0000] {logging_mixin.py:190} INFO - [2024-09-12T15:17:08.508+0000] {dag.py:4138} INFO - Setting next_dagrun for latest_only_with_trigger to 2024-09-12 08:00:00+00:00, run_after=2024-09-12 12:00:00+00:00
[2024-09-12T15:17:08.986+0000] {processor.py:208} INFO - Processing /home/airflow/.local/lib/python3.12/site-packages/airflow/example_dags/example_latest_only_with_trigger.py took 2.100 seconds
[2024-09-12T15:18:10.927+0000] {processor.py:186} INFO - Started process (PID=302) to work on /home/airflow/.local/lib/python3.12/site-packages/airflow/example_dags/example_latest_only_with_trigger.py
[2024-09-12T15:18:10.944+0000] {processor.py:914} INFO - Processing file /home/airflow/.local/lib/python3.12/site-packages/airflow/example_dags/example_latest_only_with_trigger.py for tasks to queue
[2024-09-12T15:18:10.978+0000] {logging_mixin.py:190} INFO - [2024-09-12T15:18:10.977+0000] {dagbag.py:587} INFO - Filling up the DagBag from /home/airflow/.local/lib/python3.12/site-packages/airflow/example_dags/example_latest_only_with_trigger.py
[2024-09-12T15:18:11.030+0000] {processor.py:925} INFO - DAG(s) 'latest_only_with_trigger' retrieved from /home/airflow/.local/lib/python3.12/site-packages/airflow/example_dags/example_latest_only_with_trigger.py
[2024-09-12T15:18:11.224+0000] {logging_mixin.py:190} INFO - [2024-09-12T15:18:11.223+0000] {dag.py:3211} INFO - Sync 1 DAGs
[2024-09-12T15:18:11.467+0000] {logging_mixin.py:190} INFO - [2024-09-12T15:18:11.467+0000] {dag.py:4138} INFO - Setting next_dagrun for latest_only_with_trigger to 2024-09-12 08:00:00+00:00, run_after=2024-09-12 12:00:00+00:00
[2024-09-12T15:18:11.744+0000] {processor.py:208} INFO - Processing /home/airflow/.local/lib/python3.12/site-packages/airflow/example_dags/example_latest_only_with_trigger.py took 0.874 seconds
[2024-09-12T15:18:50.058+0000] {processor.py:186} INFO - Started process (PID=357) to work on /home/airflow/.local/lib/python3.12/site-packages/airflow/example_dags/example_latest_only_with_trigger.py
[2024-09-12T15:18:50.062+0000] {processor.py:914} INFO - Processing file /home/airflow/.local/lib/python3.12/site-packages/airflow/example_dags/example_latest_only_with_trigger.py for tasks to queue
[2024-09-12T15:18:50.080+0000] {logging_mixin.py:190} INFO - [2024-09-12T15:18:50.080+0000] {dagbag.py:587} INFO - Filling up the DagBag from /home/airflow/.local/lib/python3.12/site-packages/airflow/example_dags/example_latest_only_with_trigger.py
[2024-09-12T15:18:50.225+0000] {processor.py:925} INFO - DAG(s) 'latest_only_with_trigger' retrieved from /home/airflow/.local/lib/python3.12/site-packages/airflow/example_dags/example_latest_only_with_trigger.py
[2024-09-12T15:18:50.492+0000] {logging_mixin.py:190} INFO - [2024-09-12T15:18:50.491+0000] {dag.py:3211} INFO - Sync 1 DAGs
[2024-09-12T15:18:50.875+0000] {logging_mixin.py:190} INFO - [2024-09-12T15:18:50.874+0000] {dag.py:4138} INFO - Setting next_dagrun for latest_only_with_trigger to 2024-09-12 08:00:00+00:00, run_after=2024-09-12 12:00:00+00:00
[2024-09-12T15:18:51.109+0000] {processor.py:208} INFO - Processing /home/airflow/.local/lib/python3.12/site-packages/airflow/example_dags/example_latest_only_with_trigger.py took 1.140 seconds
[2024-09-12T15:19:41.681+0000] {processor.py:186} INFO - Started process (PID=415) to work on /home/airflow/.local/lib/python3.12/site-packages/airflow/example_dags/example_latest_only_with_trigger.py
[2024-09-12T15:19:41.696+0000] {processor.py:914} INFO - Processing file /home/airflow/.local/lib/python3.12/site-packages/airflow/example_dags/example_latest_only_with_trigger.py for tasks to queue
[2024-09-12T15:19:41.761+0000] {logging_mixin.py:190} INFO - [2024-09-12T15:19:41.761+0000] {dagbag.py:587} INFO - Filling up the DagBag from /home/airflow/.local/lib/python3.12/site-packages/airflow/example_dags/example_latest_only_with_trigger.py
[2024-09-12T15:19:41.851+0000] {processor.py:925} INFO - DAG(s) 'latest_only_with_trigger' retrieved from /home/airflow/.local/lib/python3.12/site-packages/airflow/example_dags/example_latest_only_with_trigger.py
[2024-09-12T15:19:42.068+0000] {logging_mixin.py:190} INFO - [2024-09-12T15:19:42.068+0000] {dag.py:3211} INFO - Sync 1 DAGs
[2024-09-12T15:19:42.235+0000] {logging_mixin.py:190} INFO - [2024-09-12T15:19:42.234+0000] {dag.py:4138} INFO - Setting next_dagrun for latest_only_with_trigger to 2024-09-12 08:00:00+00:00, run_after=2024-09-12 12:00:00+00:00
[2024-09-12T15:19:42.363+0000] {processor.py:208} INFO - Processing /home/airflow/.local/lib/python3.12/site-packages/airflow/example_dags/example_latest_only_with_trigger.py took 0.736 seconds
[2024-09-12T15:20:44.595+0000] {processor.py:186} INFO - Started process (PID=503) to work on /home/airflow/.local/lib/python3.12/site-packages/airflow/example_dags/example_latest_only_with_trigger.py
[2024-09-12T15:20:44.628+0000] {processor.py:914} INFO - Processing file /home/airflow/.local/lib/python3.12/site-packages/airflow/example_dags/example_latest_only_with_trigger.py for tasks to queue
[2024-09-12T15:20:44.727+0000] {logging_mixin.py:190} INFO - [2024-09-12T15:20:44.699+0000] {dagbag.py:587} INFO - Filling up the DagBag from /home/airflow/.local/lib/python3.12/site-packages/airflow/example_dags/example_latest_only_with_trigger.py
[2024-09-12T15:20:44.852+0000] {processor.py:925} INFO - DAG(s) 'latest_only_with_trigger' retrieved from /home/airflow/.local/lib/python3.12/site-packages/airflow/example_dags/example_latest_only_with_trigger.py
[2024-09-12T15:20:44.968+0000] {logging_mixin.py:190} INFO - [2024-09-12T15:20:44.968+0000] {dag.py:3211} INFO - Sync 1 DAGs
[2024-09-12T15:20:45.206+0000] {logging_mixin.py:190} INFO - [2024-09-12T15:20:45.205+0000] {dag.py:4138} INFO - Setting next_dagrun for latest_only_with_trigger to 2024-09-12 08:00:00+00:00, run_after=2024-09-12 12:00:00+00:00
[2024-09-12T15:20:45.529+0000] {processor.py:208} INFO - Processing /home/airflow/.local/lib/python3.12/site-packages/airflow/example_dags/example_latest_only_with_trigger.py took 0.968 seconds
[2024-09-12T15:21:45.160+0000] {processor.py:186} INFO - Started process (PID=567) to work on /home/airflow/.local/lib/python3.12/site-packages/airflow/example_dags/example_latest_only_with_trigger.py
[2024-09-12T15:21:45.208+0000] {processor.py:914} INFO - Processing file /home/airflow/.local/lib/python3.12/site-packages/airflow/example_dags/example_latest_only_with_trigger.py for tasks to queue
[2024-09-12T15:21:45.257+0000] {logging_mixin.py:190} INFO - [2024-09-12T15:21:45.256+0000] {dagbag.py:587} INFO - Filling up the DagBag from /home/airflow/.local/lib/python3.12/site-packages/airflow/example_dags/example_latest_only_with_trigger.py
[2024-09-12T15:21:45.417+0000] {processor.py:925} INFO - DAG(s) 'latest_only_with_trigger' retrieved from /home/airflow/.local/lib/python3.12/site-packages/airflow/example_dags/example_latest_only_with_trigger.py
[2024-09-12T15:21:45.869+0000] {logging_mixin.py:190} INFO - [2024-09-12T15:21:45.869+0000] {dag.py:3211} INFO - Sync 1 DAGs
[2024-09-12T15:21:46.188+0000] {logging_mixin.py:190} INFO - [2024-09-12T15:21:46.187+0000] {dag.py:4138} INFO - Setting next_dagrun for latest_only_with_trigger to 2024-09-12 08:00:00+00:00, run_after=2024-09-12 12:00:00+00:00
[2024-09-12T15:21:46.494+0000] {processor.py:208} INFO - Processing /home/airflow/.local/lib/python3.12/site-packages/airflow/example_dags/example_latest_only_with_trigger.py took 1.509 seconds
[2024-09-12T15:22:39.942+0000] {processor.py:186} INFO - Started process (PID=632) to work on /home/airflow/.local/lib/python3.12/site-packages/airflow/example_dags/example_latest_only_with_trigger.py
[2024-09-12T15:22:39.973+0000] {processor.py:914} INFO - Processing file /home/airflow/.local/lib/python3.12/site-packages/airflow/example_dags/example_latest_only_with_trigger.py for tasks to queue
[2024-09-12T15:22:39.991+0000] {logging_mixin.py:190} INFO - [2024-09-12T15:22:39.990+0000] {dagbag.py:587} INFO - Filling up the DagBag from /home/airflow/.local/lib/python3.12/site-packages/airflow/example_dags/example_latest_only_with_trigger.py
[2024-09-12T15:22:40.182+0000] {processor.py:925} INFO - DAG(s) 'latest_only_with_trigger' retrieved from /home/airflow/.local/lib/python3.12/site-packages/airflow/example_dags/example_latest_only_with_trigger.py
[2024-09-12T15:22:40.520+0000] {logging_mixin.py:190} INFO - [2024-09-12T15:22:40.520+0000] {dag.py:3211} INFO - Sync 1 DAGs
[2024-09-12T15:22:40.968+0000] {logging_mixin.py:190} INFO - [2024-09-12T15:22:40.967+0000] {dag.py:4138} INFO - Setting next_dagrun for latest_only_with_trigger to 2024-09-12 08:00:00+00:00, run_after=2024-09-12 12:00:00+00:00
[2024-09-12T15:22:41.320+0000] {processor.py:208} INFO - Processing /home/airflow/.local/lib/python3.12/site-packages/airflow/example_dags/example_latest_only_with_trigger.py took 1.480 seconds
[2024-09-12T15:23:42.495+0000] {processor.py:186} INFO - Started process (PID=704) to work on /home/airflow/.local/lib/python3.12/site-packages/airflow/example_dags/example_latest_only_with_trigger.py
[2024-09-12T15:23:42.526+0000] {processor.py:914} INFO - Processing file /home/airflow/.local/lib/python3.12/site-packages/airflow/example_dags/example_latest_only_with_trigger.py for tasks to queue
[2024-09-12T15:23:42.617+0000] {logging_mixin.py:190} INFO - [2024-09-12T15:23:42.574+0000] {dagbag.py:587} INFO - Filling up the DagBag from /home/airflow/.local/lib/python3.12/site-packages/airflow/example_dags/example_latest_only_with_trigger.py
[2024-09-12T15:23:42.743+0000] {processor.py:925} INFO - DAG(s) 'latest_only_with_trigger' retrieved from /home/airflow/.local/lib/python3.12/site-packages/airflow/example_dags/example_latest_only_with_trigger.py
[2024-09-12T15:23:43.084+0000] {logging_mixin.py:190} INFO - [2024-09-12T15:23:43.084+0000] {dag.py:3211} INFO - Sync 1 DAGs
[2024-09-12T15:23:43.494+0000] {logging_mixin.py:190} INFO - [2024-09-12T15:23:43.466+0000] {dag.py:4138} INFO - Setting next_dagrun for latest_only_with_trigger to 2024-09-12 08:00:00+00:00, run_after=2024-09-12 12:00:00+00:00
[2024-09-12T15:23:43.830+0000] {processor.py:208} INFO - Processing /home/airflow/.local/lib/python3.12/site-packages/airflow/example_dags/example_latest_only_with_trigger.py took 1.431 seconds
[2024-09-12T15:25:00.007+0000] {processor.py:186} INFO - Started process (PID=785) to work on /home/airflow/.local/lib/python3.12/site-packages/airflow/example_dags/example_latest_only_with_trigger.py
[2024-09-12T15:25:00.032+0000] {processor.py:914} INFO - Processing file /home/airflow/.local/lib/python3.12/site-packages/airflow/example_dags/example_latest_only_with_trigger.py for tasks to queue
[2024-09-12T15:25:00.068+0000] {logging_mixin.py:190} INFO - [2024-09-12T15:25:00.066+0000] {dagbag.py:587} INFO - Filling up the DagBag from /home/airflow/.local/lib/python3.12/site-packages/airflow/example_dags/example_latest_only_with_trigger.py
[2024-09-12T15:25:00.213+0000] {processor.py:925} INFO - DAG(s) 'latest_only_with_trigger' retrieved from /home/airflow/.local/lib/python3.12/site-packages/airflow/example_dags/example_latest_only_with_trigger.py
[2024-09-12T15:25:00.500+0000] {logging_mixin.py:190} INFO - [2024-09-12T15:25:00.499+0000] {dag.py:3211} INFO - Sync 1 DAGs
[2024-09-12T15:25:00.706+0000] {logging_mixin.py:190} INFO - [2024-09-12T15:25:00.705+0000] {dag.py:4138} INFO - Setting next_dagrun for latest_only_with_trigger to 2024-09-12 08:00:00+00:00, run_after=2024-09-12 12:00:00+00:00
[2024-09-12T15:25:00.973+0000] {processor.py:208} INFO - Processing /home/airflow/.local/lib/python3.12/site-packages/airflow/example_dags/example_latest_only_with_trigger.py took 1.075 seconds
[2024-09-12T15:26:54.373+0000] {processor.py:186} INFO - Started process (PID=871) to work on /home/airflow/.local/lib/python3.12/site-packages/airflow/example_dags/example_latest_only_with_trigger.py
[2024-09-12T15:26:54.386+0000] {processor.py:914} INFO - Processing file /home/airflow/.local/lib/python3.12/site-packages/airflow/example_dags/example_latest_only_with_trigger.py for tasks to queue
[2024-09-12T15:26:54.436+0000] {logging_mixin.py:190} INFO - [2024-09-12T15:26:54.435+0000] {dagbag.py:587} INFO - Filling up the DagBag from /home/airflow/.local/lib/python3.12/site-packages/airflow/example_dags/example_latest_only_with_trigger.py
[2024-09-12T15:26:54.528+0000] {processor.py:925} INFO - DAG(s) 'latest_only_with_trigger' retrieved from /home/airflow/.local/lib/python3.12/site-packages/airflow/example_dags/example_latest_only_with_trigger.py
[2024-09-12T15:26:54.749+0000] {logging_mixin.py:190} INFO - [2024-09-12T15:26:54.749+0000] {dag.py:3211} INFO - Sync 1 DAGs
[2024-09-12T15:26:54.904+0000] {logging_mixin.py:190} INFO - [2024-09-12T15:26:54.903+0000] {dag.py:4138} INFO - Setting next_dagrun for latest_only_with_trigger to 2024-09-12 08:00:00+00:00, run_after=2024-09-12 12:00:00+00:00
[2024-09-12T15:26:55.047+0000] {processor.py:208} INFO - Processing /home/airflow/.local/lib/python3.12/site-packages/airflow/example_dags/example_latest_only_with_trigger.py took 0.724 seconds
[2024-09-12T15:27:51.800+0000] {processor.py:186} INFO - Started process (PID=943) to work on /home/airflow/.local/lib/python3.12/site-packages/airflow/example_dags/example_latest_only_with_trigger.py
[2024-09-12T15:27:51.807+0000] {processor.py:914} INFO - Processing file /home/airflow/.local/lib/python3.12/site-packages/airflow/example_dags/example_latest_only_with_trigger.py for tasks to queue
[2024-09-12T15:27:51.837+0000] {logging_mixin.py:190} INFO - [2024-09-12T15:27:51.837+0000] {dagbag.py:587} INFO - Filling up the DagBag from /home/airflow/.local/lib/python3.12/site-packages/airflow/example_dags/example_latest_only_with_trigger.py
[2024-09-12T15:27:51.962+0000] {processor.py:925} INFO - DAG(s) 'latest_only_with_trigger' retrieved from /home/airflow/.local/lib/python3.12/site-packages/airflow/example_dags/example_latest_only_with_trigger.py
[2024-09-12T15:27:52.162+0000] {logging_mixin.py:190} INFO - [2024-09-12T15:27:52.160+0000] {dag.py:3211} INFO - Sync 1 DAGs
[2024-09-12T15:27:52.410+0000] {logging_mixin.py:190} INFO - [2024-09-12T15:27:52.409+0000] {dag.py:4138} INFO - Setting next_dagrun for latest_only_with_trigger to 2024-09-12 08:00:00+00:00, run_after=2024-09-12 12:00:00+00:00
[2024-09-12T15:27:52.577+0000] {processor.py:208} INFO - Processing /home/airflow/.local/lib/python3.12/site-packages/airflow/example_dags/example_latest_only_with_trigger.py took 0.798 seconds
[2024-09-12T15:28:30.918+0000] {processor.py:186} INFO - Started process (PID=997) to work on /home/airflow/.local/lib/python3.12/site-packages/airflow/example_dags/example_latest_only_with_trigger.py
[2024-09-12T15:28:30.920+0000] {processor.py:914} INFO - Processing file /home/airflow/.local/lib/python3.12/site-packages/airflow/example_dags/example_latest_only_with_trigger.py for tasks to queue
[2024-09-12T15:28:30.931+0000] {logging_mixin.py:190} INFO - [2024-09-12T15:28:30.930+0000] {dagbag.py:587} INFO - Filling up the DagBag from /home/airflow/.local/lib/python3.12/site-packages/airflow/example_dags/example_latest_only_with_trigger.py
[2024-09-12T15:28:30.947+0000] {processor.py:925} INFO - DAG(s) 'latest_only_with_trigger' retrieved from /home/airflow/.local/lib/python3.12/site-packages/airflow/example_dags/example_latest_only_with_trigger.py
[2024-09-12T15:28:31.023+0000] {logging_mixin.py:190} INFO - [2024-09-12T15:28:31.022+0000] {dag.py:3211} INFO - Sync 1 DAGs
[2024-09-12T15:28:31.150+0000] {logging_mixin.py:190} INFO - [2024-09-12T15:28:31.149+0000] {dag.py:4138} INFO - Setting next_dagrun for latest_only_with_trigger to 2024-09-12 08:00:00+00:00, run_after=2024-09-12 12:00:00+00:00
[2024-09-12T15:28:31.238+0000] {processor.py:208} INFO - Processing /home/airflow/.local/lib/python3.12/site-packages/airflow/example_dags/example_latest_only_with_trigger.py took 0.334 seconds
[2024-09-12T15:29:19.834+0000] {processor.py:186} INFO - Started process (PID=1067) to work on /home/airflow/.local/lib/python3.12/site-packages/airflow/example_dags/example_latest_only_with_trigger.py
[2024-09-12T15:29:19.881+0000] {processor.py:914} INFO - Processing file /home/airflow/.local/lib/python3.12/site-packages/airflow/example_dags/example_latest_only_with_trigger.py for tasks to queue
[2024-09-12T15:29:19.909+0000] {logging_mixin.py:190} INFO - [2024-09-12T15:29:19.905+0000] {dagbag.py:587} INFO - Filling up the DagBag from /home/airflow/.local/lib/python3.12/site-packages/airflow/example_dags/example_latest_only_with_trigger.py
[2024-09-12T15:29:19.970+0000] {processor.py:925} INFO - DAG(s) 'latest_only_with_trigger' retrieved from /home/airflow/.local/lib/python3.12/site-packages/airflow/example_dags/example_latest_only_with_trigger.py
[2024-09-12T15:29:20.240+0000] {logging_mixin.py:190} INFO - [2024-09-12T15:29:20.239+0000] {dag.py:3211} INFO - Sync 1 DAGs
[2024-09-12T15:29:20.433+0000] {logging_mixin.py:190} INFO - [2024-09-12T15:29:20.432+0000] {dag.py:4138} INFO - Setting next_dagrun for latest_only_with_trigger to 2024-09-12 08:00:00+00:00, run_after=2024-09-12 12:00:00+00:00
[2024-09-12T15:29:20.616+0000] {processor.py:208} INFO - Processing /home/airflow/.local/lib/python3.12/site-packages/airflow/example_dags/example_latest_only_with_trigger.py took 0.890 seconds
[2024-09-12T15:31:14.672+0000] {processor.py:186} INFO - Started process (PID=1153) to work on /home/airflow/.local/lib/python3.12/site-packages/airflow/example_dags/example_latest_only_with_trigger.py
[2024-09-12T15:31:14.690+0000] {processor.py:914} INFO - Processing file /home/airflow/.local/lib/python3.12/site-packages/airflow/example_dags/example_latest_only_with_trigger.py for tasks to queue
[2024-09-12T15:31:14.706+0000] {logging_mixin.py:190} INFO - [2024-09-12T15:31:14.699+0000] {dagbag.py:587} INFO - Filling up the DagBag from /home/airflow/.local/lib/python3.12/site-packages/airflow/example_dags/example_latest_only_with_trigger.py
[2024-09-12T15:31:14.774+0000] {processor.py:925} INFO - DAG(s) 'latest_only_with_trigger' retrieved from /home/airflow/.local/lib/python3.12/site-packages/airflow/example_dags/example_latest_only_with_trigger.py
[2024-09-12T15:31:14.952+0000] {logging_mixin.py:190} INFO - [2024-09-12T15:31:14.952+0000] {dag.py:3211} INFO - Sync 1 DAGs
[2024-09-12T15:31:15.225+0000] {logging_mixin.py:190} INFO - [2024-09-12T15:31:15.224+0000] {dag.py:4138} INFO - Setting next_dagrun for latest_only_with_trigger to 2024-09-12 08:00:00+00:00, run_after=2024-09-12 12:00:00+00:00
[2024-09-12T15:31:15.422+0000] {processor.py:208} INFO - Processing /home/airflow/.local/lib/python3.12/site-packages/airflow/example_dags/example_latest_only_with_trigger.py took 0.791 seconds
[2024-09-12T15:31:57.104+0000] {processor.py:186} INFO - Started process (PID=1215) to work on /home/airflow/.local/lib/python3.12/site-packages/airflow/example_dags/example_latest_only_with_trigger.py
[2024-09-12T15:31:57.115+0000] {processor.py:914} INFO - Processing file /home/airflow/.local/lib/python3.12/site-packages/airflow/example_dags/example_latest_only_with_trigger.py for tasks to queue
[2024-09-12T15:31:57.121+0000] {logging_mixin.py:190} INFO - [2024-09-12T15:31:57.121+0000] {dagbag.py:587} INFO - Filling up the DagBag from /home/airflow/.local/lib/python3.12/site-packages/airflow/example_dags/example_latest_only_with_trigger.py
[2024-09-12T15:31:57.151+0000] {processor.py:925} INFO - DAG(s) 'latest_only_with_trigger' retrieved from /home/airflow/.local/lib/python3.12/site-packages/airflow/example_dags/example_latest_only_with_trigger.py
[2024-09-12T15:31:57.294+0000] {logging_mixin.py:190} INFO - [2024-09-12T15:31:57.293+0000] {dag.py:3211} INFO - Sync 1 DAGs
[2024-09-12T15:31:57.389+0000] {logging_mixin.py:190} INFO - [2024-09-12T15:31:57.388+0000] {dag.py:4138} INFO - Setting next_dagrun for latest_only_with_trigger to 2024-09-12 08:00:00+00:00, run_after=2024-09-12 12:00:00+00:00
[2024-09-12T15:31:57.519+0000] {processor.py:208} INFO - Processing /home/airflow/.local/lib/python3.12/site-packages/airflow/example_dags/example_latest_only_with_trigger.py took 0.437 seconds
[2024-09-12T15:32:41.510+0000] {processor.py:186} INFO - Started process (PID=1279) to work on /home/airflow/.local/lib/python3.12/site-packages/airflow/example_dags/example_latest_only_with_trigger.py
[2024-09-12T15:32:41.532+0000] {processor.py:914} INFO - Processing file /home/airflow/.local/lib/python3.12/site-packages/airflow/example_dags/example_latest_only_with_trigger.py for tasks to queue
[2024-09-12T15:32:41.545+0000] {logging_mixin.py:190} INFO - [2024-09-12T15:32:41.544+0000] {dagbag.py:587} INFO - Filling up the DagBag from /home/airflow/.local/lib/python3.12/site-packages/airflow/example_dags/example_latest_only_with_trigger.py
[2024-09-12T15:32:41.672+0000] {processor.py:925} INFO - DAG(s) 'latest_only_with_trigger' retrieved from /home/airflow/.local/lib/python3.12/site-packages/airflow/example_dags/example_latest_only_with_trigger.py
[2024-09-12T15:32:54.046+0000] {logging_mixin.py:190} INFO - [2024-09-12T15:32:54.044+0000] {dag.py:3211} INFO - Sync 1 DAGs
[2024-09-12T15:32:54.478+0000] {logging_mixin.py:190} INFO - [2024-09-12T15:32:54.477+0000] {dag.py:4138} INFO - Setting next_dagrun for latest_only_with_trigger to 2024-09-12 08:00:00+00:00, run_after=2024-09-12 12:00:00+00:00
[2024-09-12T15:32:54.736+0000] {processor.py:208} INFO - Processing /home/airflow/.local/lib/python3.12/site-packages/airflow/example_dags/example_latest_only_with_trigger.py took 13.368 seconds
[2024-09-12T15:33:35.516+0000] {processor.py:186} INFO - Started process (PID=1348) to work on /home/airflow/.local/lib/python3.12/site-packages/airflow/example_dags/example_latest_only_with_trigger.py
[2024-09-12T15:33:35.531+0000] {processor.py:914} INFO - Processing file /home/airflow/.local/lib/python3.12/site-packages/airflow/example_dags/example_latest_only_with_trigger.py for tasks to queue
[2024-09-12T15:33:35.568+0000] {logging_mixin.py:190} INFO - [2024-09-12T15:33:35.535+0000] {dagbag.py:587} INFO - Filling up the DagBag from /home/airflow/.local/lib/python3.12/site-packages/airflow/example_dags/example_latest_only_with_trigger.py
[2024-09-12T15:33:35.629+0000] {processor.py:925} INFO - DAG(s) 'latest_only_with_trigger' retrieved from /home/airflow/.local/lib/python3.12/site-packages/airflow/example_dags/example_latest_only_with_trigger.py
[2024-09-12T15:33:35.875+0000] {logging_mixin.py:190} INFO - [2024-09-12T15:33:35.874+0000] {dag.py:3211} INFO - Sync 1 DAGs
[2024-09-12T15:33:36.033+0000] {logging_mixin.py:190} INFO - [2024-09-12T15:33:36.032+0000] {dag.py:4138} INFO - Setting next_dagrun for latest_only_with_trigger to 2024-09-12 08:00:00+00:00, run_after=2024-09-12 12:00:00+00:00
[2024-09-12T15:33:36.162+0000] {processor.py:208} INFO - Processing /home/airflow/.local/lib/python3.12/site-packages/airflow/example_dags/example_latest_only_with_trigger.py took 0.702 seconds
[2024-09-12T15:34:10.857+0000] {processor.py:186} INFO - Started process (PID=1409) to work on /home/airflow/.local/lib/python3.12/site-packages/airflow/example_dags/example_latest_only_with_trigger.py
[2024-09-12T15:34:10.871+0000] {processor.py:914} INFO - Processing file /home/airflow/.local/lib/python3.12/site-packages/airflow/example_dags/example_latest_only_with_trigger.py for tasks to queue
[2024-09-12T15:34:10.890+0000] {logging_mixin.py:190} INFO - [2024-09-12T15:34:10.889+0000] {dagbag.py:587} INFO - Filling up the DagBag from /home/airflow/.local/lib/python3.12/site-packages/airflow/example_dags/example_latest_only_with_trigger.py
[2024-09-12T15:34:10.983+0000] {processor.py:925} INFO - DAG(s) 'latest_only_with_trigger' retrieved from /home/airflow/.local/lib/python3.12/site-packages/airflow/example_dags/example_latest_only_with_trigger.py
[2024-09-12T15:34:11.227+0000] {logging_mixin.py:190} INFO - [2024-09-12T15:34:11.226+0000] {dag.py:3211} INFO - Sync 1 DAGs
[2024-09-12T15:34:11.476+0000] {logging_mixin.py:190} INFO - [2024-09-12T15:34:11.476+0000] {dag.py:4138} INFO - Setting next_dagrun for latest_only_with_trigger to 2024-09-12 08:00:00+00:00, run_after=2024-09-12 12:00:00+00:00
[2024-09-12T15:34:11.588+0000] {processor.py:208} INFO - Processing /home/airflow/.local/lib/python3.12/site-packages/airflow/example_dags/example_latest_only_with_trigger.py took 0.837 seconds
[2024-09-12T15:34:44.296+0000] {processor.py:186} INFO - Started process (PID=1465) to work on /home/airflow/.local/lib/python3.12/site-packages/airflow/example_dags/example_latest_only_with_trigger.py
[2024-09-12T15:34:44.300+0000] {processor.py:914} INFO - Processing file /home/airflow/.local/lib/python3.12/site-packages/airflow/example_dags/example_latest_only_with_trigger.py for tasks to queue
[2024-09-12T15:34:44.305+0000] {logging_mixin.py:190} INFO - [2024-09-12T15:34:44.302+0000] {dagbag.py:587} INFO - Filling up the DagBag from /home/airflow/.local/lib/python3.12/site-packages/airflow/example_dags/example_latest_only_with_trigger.py
[2024-09-12T15:34:44.338+0000] {processor.py:925} INFO - DAG(s) 'latest_only_with_trigger' retrieved from /home/airflow/.local/lib/python3.12/site-packages/airflow/example_dags/example_latest_only_with_trigger.py
[2024-09-12T15:34:44.473+0000] {logging_mixin.py:190} INFO - [2024-09-12T15:34:44.472+0000] {dag.py:3211} INFO - Sync 1 DAGs
[2024-09-12T15:34:44.600+0000] {logging_mixin.py:190} INFO - [2024-09-12T15:34:44.599+0000] {dag.py:4138} INFO - Setting next_dagrun for latest_only_with_trigger to 2024-09-12 08:00:00+00:00, run_after=2024-09-12 12:00:00+00:00
[2024-09-12T15:34:44.727+0000] {processor.py:208} INFO - Processing /home/airflow/.local/lib/python3.12/site-packages/airflow/example_dags/example_latest_only_with_trigger.py took 0.463 seconds
[2024-09-12T15:35:34.258+0000] {processor.py:186} INFO - Started process (PID=1520) to work on /home/airflow/.local/lib/python3.12/site-packages/airflow/example_dags/example_latest_only_with_trigger.py
[2024-09-12T15:35:34.270+0000] {processor.py:914} INFO - Processing file /home/airflow/.local/lib/python3.12/site-packages/airflow/example_dags/example_latest_only_with_trigger.py for tasks to queue
[2024-09-12T15:35:34.285+0000] {logging_mixin.py:190} INFO - [2024-09-12T15:35:34.284+0000] {dagbag.py:587} INFO - Filling up the DagBag from /home/airflow/.local/lib/python3.12/site-packages/airflow/example_dags/example_latest_only_with_trigger.py
[2024-09-12T15:35:34.387+0000] {processor.py:925} INFO - DAG(s) 'latest_only_with_trigger' retrieved from /home/airflow/.local/lib/python3.12/site-packages/airflow/example_dags/example_latest_only_with_trigger.py
[2024-09-12T15:35:34.705+0000] {logging_mixin.py:190} INFO - [2024-09-12T15:35:34.704+0000] {dag.py:3211} INFO - Sync 1 DAGs
[2024-09-12T15:35:34.908+0000] {logging_mixin.py:190} INFO - [2024-09-12T15:35:34.907+0000] {dag.py:4138} INFO - Setting next_dagrun for latest_only_with_trigger to 2024-09-12 08:00:00+00:00, run_after=2024-09-12 12:00:00+00:00
[2024-09-12T15:35:35.134+0000] {processor.py:208} INFO - Processing /home/airflow/.local/lib/python3.12/site-packages/airflow/example_dags/example_latest_only_with_trigger.py took 0.930 seconds
[2024-09-12T15:36:46.651+0000] {processor.py:186} INFO - Started process (PID=1596) to work on /home/airflow/.local/lib/python3.12/site-packages/airflow/example_dags/example_latest_only_with_trigger.py
[2024-09-12T15:36:46.670+0000] {processor.py:914} INFO - Processing file /home/airflow/.local/lib/python3.12/site-packages/airflow/example_dags/example_latest_only_with_trigger.py for tasks to queue
[2024-09-12T15:36:46.691+0000] {logging_mixin.py:190} INFO - [2024-09-12T15:36:46.690+0000] {dagbag.py:587} INFO - Filling up the DagBag from /home/airflow/.local/lib/python3.12/site-packages/airflow/example_dags/example_latest_only_with_trigger.py
[2024-09-12T15:36:46.763+0000] {processor.py:925} INFO - DAG(s) 'latest_only_with_trigger' retrieved from /home/airflow/.local/lib/python3.12/site-packages/airflow/example_dags/example_latest_only_with_trigger.py
[2024-09-12T15:36:46.945+0000] {logging_mixin.py:190} INFO - [2024-09-12T15:36:46.945+0000] {dag.py:3211} INFO - Sync 1 DAGs
[2024-09-12T15:36:47.225+0000] {logging_mixin.py:190} INFO - [2024-09-12T15:36:47.224+0000] {dag.py:4138} INFO - Setting next_dagrun for latest_only_with_trigger to 2024-09-12 08:00:00+00:00, run_after=2024-09-12 12:00:00+00:00
[2024-09-12T15:36:47.359+0000] {processor.py:208} INFO - Processing /home/airflow/.local/lib/python3.12/site-packages/airflow/example_dags/example_latest_only_with_trigger.py took 0.764 seconds
[2024-09-12T15:37:57.046+0000] {processor.py:186} INFO - Started process (PID=1678) to work on /home/airflow/.local/lib/python3.12/site-packages/airflow/example_dags/example_latest_only_with_trigger.py
[2024-09-12T15:37:57.058+0000] {processor.py:914} INFO - Processing file /home/airflow/.local/lib/python3.12/site-packages/airflow/example_dags/example_latest_only_with_trigger.py for tasks to queue
[2024-09-12T15:37:57.110+0000] {logging_mixin.py:190} INFO - [2024-09-12T15:37:57.101+0000] {dagbag.py:587} INFO - Filling up the DagBag from /home/airflow/.local/lib/python3.12/site-packages/airflow/example_dags/example_latest_only_with_trigger.py
[2024-09-12T15:37:57.237+0000] {processor.py:925} INFO - DAG(s) 'latest_only_with_trigger' retrieved from /home/airflow/.local/lib/python3.12/site-packages/airflow/example_dags/example_latest_only_with_trigger.py
[2024-09-12T15:37:57.407+0000] {logging_mixin.py:190} INFO - [2024-09-12T15:37:57.401+0000] {dag.py:3211} INFO - Sync 1 DAGs
[2024-09-12T15:37:57.596+0000] {logging_mixin.py:190} INFO - [2024-09-12T15:37:57.580+0000] {dag.py:4138} INFO - Setting next_dagrun for latest_only_with_trigger to 2024-09-12 08:00:00+00:00, run_after=2024-09-12 12:00:00+00:00
[2024-09-12T15:37:57.805+0000] {processor.py:208} INFO - Processing /home/airflow/.local/lib/python3.12/site-packages/airflow/example_dags/example_latest_only_with_trigger.py took 0.819 seconds
[2024-09-12T15:39:02.176+0000] {processor.py:186} INFO - Started process (PID=1733) to work on /home/airflow/.local/lib/python3.12/site-packages/airflow/example_dags/example_latest_only_with_trigger.py
[2024-09-12T15:39:02.196+0000] {processor.py:914} INFO - Processing file /home/airflow/.local/lib/python3.12/site-packages/airflow/example_dags/example_latest_only_with_trigger.py for tasks to queue
[2024-09-12T15:39:02.207+0000] {logging_mixin.py:190} INFO - [2024-09-12T15:39:02.206+0000] {dagbag.py:587} INFO - Filling up the DagBag from /home/airflow/.local/lib/python3.12/site-packages/airflow/example_dags/example_latest_only_with_trigger.py
[2024-09-12T15:39:02.375+0000] {processor.py:925} INFO - DAG(s) 'latest_only_with_trigger' retrieved from /home/airflow/.local/lib/python3.12/site-packages/airflow/example_dags/example_latest_only_with_trigger.py
[2024-09-12T15:39:02.717+0000] {logging_mixin.py:190} INFO - [2024-09-12T15:39:02.717+0000] {dag.py:3211} INFO - Sync 1 DAGs
[2024-09-12T15:39:03.024+0000] {logging_mixin.py:190} INFO - [2024-09-12T15:39:03.022+0000] {dag.py:4138} INFO - Setting next_dagrun for latest_only_with_trigger to 2024-09-12 08:00:00+00:00, run_after=2024-09-12 12:00:00+00:00
[2024-09-12T15:39:03.312+0000] {processor.py:208} INFO - Processing /home/airflow/.local/lib/python3.12/site-packages/airflow/example_dags/example_latest_only_with_trigger.py took 1.215 seconds
[2024-09-12T15:41:09.998+0000] {processor.py:186} INFO - Started process (PID=1834) to work on /home/airflow/.local/lib/python3.12/site-packages/airflow/example_dags/example_latest_only_with_trigger.py
[2024-09-12T15:41:10.014+0000] {processor.py:914} INFO - Processing file /home/airflow/.local/lib/python3.12/site-packages/airflow/example_dags/example_latest_only_with_trigger.py for tasks to queue
[2024-09-12T15:41:10.068+0000] {logging_mixin.py:190} INFO - [2024-09-12T15:41:10.066+0000] {dagbag.py:587} INFO - Filling up the DagBag from /home/airflow/.local/lib/python3.12/site-packages/airflow/example_dags/example_latest_only_with_trigger.py
[2024-09-12T15:41:10.244+0000] {processor.py:925} INFO - DAG(s) 'latest_only_with_trigger' retrieved from /home/airflow/.local/lib/python3.12/site-packages/airflow/example_dags/example_latest_only_with_trigger.py
[2024-09-12T15:41:10.663+0000] {logging_mixin.py:190} INFO - [2024-09-12T15:41:10.662+0000] {dag.py:3211} INFO - Sync 1 DAGs
[2024-09-12T15:41:11.067+0000] {logging_mixin.py:190} INFO - [2024-09-12T15:41:11.066+0000] {dag.py:4138} INFO - Setting next_dagrun for latest_only_with_trigger to 2024-09-12 08:00:00+00:00, run_after=2024-09-12 12:00:00+00:00
[2024-09-12T15:41:12.138+0000] {processor.py:208} INFO - Processing /home/airflow/.local/lib/python3.12/site-packages/airflow/example_dags/example_latest_only_with_trigger.py took 2.439 seconds
[2024-09-12T15:44:35.487+0000] {processor.py:186} INFO - Started process (PID=1899) to work on /home/airflow/.local/lib/python3.12/site-packages/airflow/example_dags/example_latest_only_with_trigger.py
[2024-09-12T15:44:35.492+0000] {processor.py:914} INFO - Processing file /home/airflow/.local/lib/python3.12/site-packages/airflow/example_dags/example_latest_only_with_trigger.py for tasks to queue
[2024-09-12T15:44:35.500+0000] {logging_mixin.py:190} INFO - [2024-09-12T15:44:35.499+0000] {dagbag.py:587} INFO - Filling up the DagBag from /home/airflow/.local/lib/python3.12/site-packages/airflow/example_dags/example_latest_only_with_trigger.py
[2024-09-12T15:44:35.612+0000] {processor.py:925} INFO - DAG(s) 'latest_only_with_trigger' retrieved from /home/airflow/.local/lib/python3.12/site-packages/airflow/example_dags/example_latest_only_with_trigger.py
[2024-09-12T15:44:35.848+0000] {logging_mixin.py:190} INFO - [2024-09-12T15:44:35.848+0000] {dag.py:3211} INFO - Sync 1 DAGs
[2024-09-12T15:44:36.146+0000] {logging_mixin.py:190} INFO - [2024-09-12T15:44:36.146+0000] {dag.py:4138} INFO - Setting next_dagrun for latest_only_with_trigger to 2024-09-12 08:00:00+00:00, run_after=2024-09-12 12:00:00+00:00
[2024-09-12T15:44:36.306+0000] {processor.py:208} INFO - Processing /home/airflow/.local/lib/python3.12/site-packages/airflow/example_dags/example_latest_only_with_trigger.py took 0.841 seconds
[2024-09-12T15:45:25.088+0000] {processor.py:186} INFO - Started process (PID=1968) to work on /home/airflow/.local/lib/python3.12/site-packages/airflow/example_dags/example_latest_only_with_trigger.py
[2024-09-12T15:45:25.104+0000] {processor.py:914} INFO - Processing file /home/airflow/.local/lib/python3.12/site-packages/airflow/example_dags/example_latest_only_with_trigger.py for tasks to queue
[2024-09-12T15:45:25.122+0000] {logging_mixin.py:190} INFO - [2024-09-12T15:45:25.121+0000] {dagbag.py:587} INFO - Filling up the DagBag from /home/airflow/.local/lib/python3.12/site-packages/airflow/example_dags/example_latest_only_with_trigger.py
[2024-09-12T15:45:25.286+0000] {processor.py:925} INFO - DAG(s) 'latest_only_with_trigger' retrieved from /home/airflow/.local/lib/python3.12/site-packages/airflow/example_dags/example_latest_only_with_trigger.py
[2024-09-12T15:45:25.488+0000] {logging_mixin.py:190} INFO - [2024-09-12T15:45:25.488+0000] {dag.py:3211} INFO - Sync 1 DAGs
[2024-09-12T15:45:25.893+0000] {logging_mixin.py:190} INFO - [2024-09-12T15:45:25.892+0000] {dag.py:4138} INFO - Setting next_dagrun for latest_only_with_trigger to 2024-09-12 08:00:00+00:00, run_after=2024-09-12 12:00:00+00:00
[2024-09-12T15:45:26.390+0000] {processor.py:208} INFO - Processing /home/airflow/.local/lib/python3.12/site-packages/airflow/example_dags/example_latest_only_with_trigger.py took 1.463 seconds
[2024-09-12T15:46:29.929+0000] {processor.py:186} INFO - Started process (PID=2044) to work on /home/airflow/.local/lib/python3.12/site-packages/airflow/example_dags/example_latest_only_with_trigger.py
[2024-09-12T15:46:29.944+0000] {processor.py:914} INFO - Processing file /home/airflow/.local/lib/python3.12/site-packages/airflow/example_dags/example_latest_only_with_trigger.py for tasks to queue
[2024-09-12T15:46:29.949+0000] {logging_mixin.py:190} INFO - [2024-09-12T15:46:29.948+0000] {dagbag.py:587} INFO - Filling up the DagBag from /home/airflow/.local/lib/python3.12/site-packages/airflow/example_dags/example_latest_only_with_trigger.py
[2024-09-12T15:46:30.035+0000] {processor.py:925} INFO - DAG(s) 'latest_only_with_trigger' retrieved from /home/airflow/.local/lib/python3.12/site-packages/airflow/example_dags/example_latest_only_with_trigger.py
[2024-09-12T15:46:30.209+0000] {logging_mixin.py:190} INFO - [2024-09-12T15:46:30.209+0000] {dag.py:3211} INFO - Sync 1 DAGs
[2024-09-12T15:46:30.390+0000] {logging_mixin.py:190} INFO - [2024-09-12T15:46:30.387+0000] {dag.py:4138} INFO - Setting next_dagrun for latest_only_with_trigger to 2024-09-12 08:00:00+00:00, run_after=2024-09-12 12:00:00+00:00
[2024-09-12T15:46:30.566+0000] {processor.py:208} INFO - Processing /home/airflow/.local/lib/python3.12/site-packages/airflow/example_dags/example_latest_only_with_trigger.py took 0.695 seconds
[2024-09-12T15:47:25.415+0000] {processor.py:186} INFO - Started process (PID=2113) to work on /home/airflow/.local/lib/python3.12/site-packages/airflow/example_dags/example_latest_only_with_trigger.py
[2024-09-12T15:47:25.432+0000] {processor.py:914} INFO - Processing file /home/airflow/.local/lib/python3.12/site-packages/airflow/example_dags/example_latest_only_with_trigger.py for tasks to queue
[2024-09-12T15:47:25.449+0000] {logging_mixin.py:190} INFO - [2024-09-12T15:47:25.448+0000] {dagbag.py:587} INFO - Filling up the DagBag from /home/airflow/.local/lib/python3.12/site-packages/airflow/example_dags/example_latest_only_with_trigger.py
[2024-09-12T15:47:25.610+0000] {processor.py:925} INFO - DAG(s) 'latest_only_with_trigger' retrieved from /home/airflow/.local/lib/python3.12/site-packages/airflow/example_dags/example_latest_only_with_trigger.py
[2024-09-12T15:47:26.156+0000] {logging_mixin.py:190} INFO - [2024-09-12T15:47:26.155+0000] {dag.py:3211} INFO - Sync 1 DAGs
[2024-09-12T15:47:26.537+0000] {logging_mixin.py:190} INFO - [2024-09-12T15:47:26.537+0000] {dag.py:4138} INFO - Setting next_dagrun for latest_only_with_trigger to 2024-09-12 08:00:00+00:00, run_after=2024-09-12 12:00:00+00:00
[2024-09-12T15:47:26.950+0000] {processor.py:208} INFO - Processing /home/airflow/.local/lib/python3.12/site-packages/airflow/example_dags/example_latest_only_with_trigger.py took 1.631 seconds
[2024-09-12T15:48:12.892+0000] {processor.py:186} INFO - Started process (PID=2181) to work on /home/airflow/.local/lib/python3.12/site-packages/airflow/example_dags/example_latest_only_with_trigger.py
[2024-09-12T15:48:12.901+0000] {processor.py:914} INFO - Processing file /home/airflow/.local/lib/python3.12/site-packages/airflow/example_dags/example_latest_only_with_trigger.py for tasks to queue
[2024-09-12T15:48:12.910+0000] {logging_mixin.py:190} INFO - [2024-09-12T15:48:12.909+0000] {dagbag.py:587} INFO - Filling up the DagBag from /home/airflow/.local/lib/python3.12/site-packages/airflow/example_dags/example_latest_only_with_trigger.py
[2024-09-12T15:48:12.975+0000] {processor.py:925} INFO - DAG(s) 'latest_only_with_trigger' retrieved from /home/airflow/.local/lib/python3.12/site-packages/airflow/example_dags/example_latest_only_with_trigger.py
[2024-09-12T15:48:13.280+0000] {logging_mixin.py:190} INFO - [2024-09-12T15:48:13.280+0000] {dag.py:3211} INFO - Sync 1 DAGs
[2024-09-12T15:48:13.599+0000] {logging_mixin.py:190} INFO - [2024-09-12T15:48:13.599+0000] {dag.py:4138} INFO - Setting next_dagrun for latest_only_with_trigger to 2024-09-12 08:00:00+00:00, run_after=2024-09-12 12:00:00+00:00
[2024-09-12T15:48:13.776+0000] {processor.py:208} INFO - Processing /home/airflow/.local/lib/python3.12/site-packages/airflow/example_dags/example_latest_only_with_trigger.py took 0.938 seconds
[2024-09-12T15:49:28.318+0000] {processor.py:186} INFO - Started process (PID=2260) to work on /home/airflow/.local/lib/python3.12/site-packages/airflow/example_dags/example_latest_only_with_trigger.py
[2024-09-12T15:49:28.352+0000] {processor.py:914} INFO - Processing file /home/airflow/.local/lib/python3.12/site-packages/airflow/example_dags/example_latest_only_with_trigger.py for tasks to queue
[2024-09-12T15:49:28.356+0000] {logging_mixin.py:190} INFO - [2024-09-12T15:49:28.355+0000] {dagbag.py:587} INFO - Filling up the DagBag from /home/airflow/.local/lib/python3.12/site-packages/airflow/example_dags/example_latest_only_with_trigger.py
[2024-09-12T15:49:28.487+0000] {processor.py:925} INFO - DAG(s) 'latest_only_with_trigger' retrieved from /home/airflow/.local/lib/python3.12/site-packages/airflow/example_dags/example_latest_only_with_trigger.py
[2024-09-12T15:49:28.873+0000] {logging_mixin.py:190} INFO - [2024-09-12T15:49:28.863+0000] {dag.py:3211} INFO - Sync 1 DAGs
[2024-09-12T15:49:29.241+0000] {logging_mixin.py:190} INFO - [2024-09-12T15:49:29.240+0000] {dag.py:4138} INFO - Setting next_dagrun for latest_only_with_trigger to 2024-09-12 08:00:00+00:00, run_after=2024-09-12 12:00:00+00:00
[2024-09-12T15:49:29.770+0000] {processor.py:208} INFO - Processing /home/airflow/.local/lib/python3.12/site-packages/airflow/example_dags/example_latest_only_with_trigger.py took 1.521 seconds
[2024-09-12T15:50:16.182+0000] {processor.py:186} INFO - Started process (PID=2331) to work on /home/airflow/.local/lib/python3.12/site-packages/airflow/example_dags/example_latest_only_with_trigger.py
[2024-09-12T15:50:16.195+0000] {processor.py:914} INFO - Processing file /home/airflow/.local/lib/python3.12/site-packages/airflow/example_dags/example_latest_only_with_trigger.py for tasks to queue
[2024-09-12T15:50:16.203+0000] {logging_mixin.py:190} INFO - [2024-09-12T15:50:16.202+0000] {dagbag.py:587} INFO - Filling up the DagBag from /home/airflow/.local/lib/python3.12/site-packages/airflow/example_dags/example_latest_only_with_trigger.py
[2024-09-12T15:50:16.270+0000] {processor.py:925} INFO - DAG(s) 'latest_only_with_trigger' retrieved from /home/airflow/.local/lib/python3.12/site-packages/airflow/example_dags/example_latest_only_with_trigger.py
[2024-09-12T15:50:16.554+0000] {logging_mixin.py:190} INFO - [2024-09-12T15:50:16.553+0000] {dag.py:3211} INFO - Sync 1 DAGs
[2024-09-12T15:50:16.855+0000] {logging_mixin.py:190} INFO - [2024-09-12T15:50:16.854+0000] {dag.py:4138} INFO - Setting next_dagrun for latest_only_with_trigger to 2024-09-12 08:00:00+00:00, run_after=2024-09-12 12:00:00+00:00
[2024-09-12T15:50:17.001+0000] {processor.py:208} INFO - Processing /home/airflow/.local/lib/python3.12/site-packages/airflow/example_dags/example_latest_only_with_trigger.py took 0.864 seconds
[2024-09-12T15:51:21.002+0000] {processor.py:186} INFO - Started process (PID=2396) to work on /home/airflow/.local/lib/python3.12/site-packages/airflow/example_dags/example_latest_only_with_trigger.py
[2024-09-12T15:51:21.009+0000] {processor.py:914} INFO - Processing file /home/airflow/.local/lib/python3.12/site-packages/airflow/example_dags/example_latest_only_with_trigger.py for tasks to queue
[2024-09-12T15:51:21.015+0000] {logging_mixin.py:190} INFO - [2024-09-12T15:51:21.014+0000] {dagbag.py:587} INFO - Filling up the DagBag from /home/airflow/.local/lib/python3.12/site-packages/airflow/example_dags/example_latest_only_with_trigger.py
[2024-09-12T15:51:21.078+0000] {processor.py:925} INFO - DAG(s) 'latest_only_with_trigger' retrieved from /home/airflow/.local/lib/python3.12/site-packages/airflow/example_dags/example_latest_only_with_trigger.py
[2024-09-12T15:51:21.191+0000] {logging_mixin.py:190} INFO - [2024-09-12T15:51:21.190+0000] {dag.py:3211} INFO - Sync 1 DAGs
[2024-09-12T15:51:21.337+0000] {logging_mixin.py:190} INFO - [2024-09-12T15:51:21.337+0000] {dag.py:4138} INFO - Setting next_dagrun for latest_only_with_trigger to 2024-09-12 08:00:00+00:00, run_after=2024-09-12 12:00:00+00:00
[2024-09-12T15:51:21.461+0000] {processor.py:208} INFO - Processing /home/airflow/.local/lib/python3.12/site-packages/airflow/example_dags/example_latest_only_with_trigger.py took 0.486 seconds
[2024-09-12T15:52:10.188+0000] {processor.py:186} INFO - Started process (PID=2462) to work on /home/airflow/.local/lib/python3.12/site-packages/airflow/example_dags/example_latest_only_with_trigger.py
[2024-09-12T15:52:10.201+0000] {processor.py:914} INFO - Processing file /home/airflow/.local/lib/python3.12/site-packages/airflow/example_dags/example_latest_only_with_trigger.py for tasks to queue
[2024-09-12T15:52:10.206+0000] {logging_mixin.py:190} INFO - [2024-09-12T15:52:10.205+0000] {dagbag.py:587} INFO - Filling up the DagBag from /home/airflow/.local/lib/python3.12/site-packages/airflow/example_dags/example_latest_only_with_trigger.py
[2024-09-12T15:52:10.270+0000] {processor.py:925} INFO - DAG(s) 'latest_only_with_trigger' retrieved from /home/airflow/.local/lib/python3.12/site-packages/airflow/example_dags/example_latest_only_with_trigger.py
[2024-09-12T15:52:10.392+0000] {logging_mixin.py:190} INFO - [2024-09-12T15:52:10.392+0000] {dag.py:3211} INFO - Sync 1 DAGs
[2024-09-12T15:52:10.495+0000] {logging_mixin.py:190} INFO - [2024-09-12T15:52:10.494+0000] {dag.py:4138} INFO - Setting next_dagrun for latest_only_with_trigger to 2024-09-12 08:00:00+00:00, run_after=2024-09-12 12:00:00+00:00
[2024-09-12T15:52:10.554+0000] {processor.py:208} INFO - Processing /home/airflow/.local/lib/python3.12/site-packages/airflow/example_dags/example_latest_only_with_trigger.py took 0.399 seconds
[2024-09-12T15:52:44.316+0000] {processor.py:186} INFO - Started process (PID=2526) to work on /home/airflow/.local/lib/python3.12/site-packages/airflow/example_dags/example_latest_only_with_trigger.py
[2024-09-12T15:52:44.340+0000] {processor.py:914} INFO - Processing file /home/airflow/.local/lib/python3.12/site-packages/airflow/example_dags/example_latest_only_with_trigger.py for tasks to queue
[2024-09-12T15:52:44.345+0000] {logging_mixin.py:190} INFO - [2024-09-12T15:52:44.344+0000] {dagbag.py:587} INFO - Filling up the DagBag from /home/airflow/.local/lib/python3.12/site-packages/airflow/example_dags/example_latest_only_with_trigger.py
[2024-09-12T15:52:44.437+0000] {processor.py:925} INFO - DAG(s) 'latest_only_with_trigger' retrieved from /home/airflow/.local/lib/python3.12/site-packages/airflow/example_dags/example_latest_only_with_trigger.py
[2024-09-12T15:52:44.598+0000] {logging_mixin.py:190} INFO - [2024-09-12T15:52:44.589+0000] {dag.py:3211} INFO - Sync 1 DAGs
[2024-09-12T15:52:44.802+0000] {logging_mixin.py:190} INFO - [2024-09-12T15:52:44.802+0000] {dag.py:4138} INFO - Setting next_dagrun for latest_only_with_trigger to 2024-09-12 08:00:00+00:00, run_after=2024-09-12 12:00:00+00:00
[2024-09-12T15:52:44.952+0000] {processor.py:208} INFO - Processing /home/airflow/.local/lib/python3.12/site-packages/airflow/example_dags/example_latest_only_with_trigger.py took 0.687 seconds
[2024-09-12T15:53:17.961+0000] {processor.py:186} INFO - Started process (PID=2579) to work on /home/airflow/.local/lib/python3.12/site-packages/airflow/example_dags/example_latest_only_with_trigger.py
[2024-09-12T15:53:17.980+0000] {processor.py:914} INFO - Processing file /home/airflow/.local/lib/python3.12/site-packages/airflow/example_dags/example_latest_only_with_trigger.py for tasks to queue
[2024-09-12T15:53:17.991+0000] {logging_mixin.py:190} INFO - [2024-09-12T15:53:17.990+0000] {dagbag.py:587} INFO - Filling up the DagBag from /home/airflow/.local/lib/python3.12/site-packages/airflow/example_dags/example_latest_only_with_trigger.py
[2024-09-12T15:53:18.047+0000] {processor.py:925} INFO - DAG(s) 'latest_only_with_trigger' retrieved from /home/airflow/.local/lib/python3.12/site-packages/airflow/example_dags/example_latest_only_with_trigger.py
[2024-09-12T15:53:18.189+0000] {logging_mixin.py:190} INFO - [2024-09-12T15:53:18.187+0000] {dag.py:3211} INFO - Sync 1 DAGs
[2024-09-12T15:53:18.343+0000] {logging_mixin.py:190} INFO - [2024-09-12T15:53:18.343+0000] {dag.py:4138} INFO - Setting next_dagrun for latest_only_with_trigger to 2024-09-12 08:00:00+00:00, run_after=2024-09-12 12:00:00+00:00
[2024-09-12T15:53:18.447+0000] {processor.py:208} INFO - Processing /home/airflow/.local/lib/python3.12/site-packages/airflow/example_dags/example_latest_only_with_trigger.py took 0.501 seconds
[2024-09-12T15:53:52.059+0000] {processor.py:186} INFO - Started process (PID=2645) to work on /home/airflow/.local/lib/python3.12/site-packages/airflow/example_dags/example_latest_only_with_trigger.py
[2024-09-12T15:53:52.062+0000] {processor.py:914} INFO - Processing file /home/airflow/.local/lib/python3.12/site-packages/airflow/example_dags/example_latest_only_with_trigger.py for tasks to queue
[2024-09-12T15:53:52.067+0000] {logging_mixin.py:190} INFO - [2024-09-12T15:53:52.066+0000] {dagbag.py:587} INFO - Filling up the DagBag from /home/airflow/.local/lib/python3.12/site-packages/airflow/example_dags/example_latest_only_with_trigger.py
[2024-09-12T15:53:52.147+0000] {processor.py:925} INFO - DAG(s) 'latest_only_with_trigger' retrieved from /home/airflow/.local/lib/python3.12/site-packages/airflow/example_dags/example_latest_only_with_trigger.py
[2024-09-12T15:53:52.363+0000] {logging_mixin.py:190} INFO - [2024-09-12T15:53:52.362+0000] {dag.py:3211} INFO - Sync 1 DAGs
[2024-09-12T15:53:52.614+0000] {logging_mixin.py:190} INFO - [2024-09-12T15:53:52.613+0000] {dag.py:4138} INFO - Setting next_dagrun for latest_only_with_trigger to 2024-09-12 08:00:00+00:00, run_after=2024-09-12 12:00:00+00:00
[2024-09-12T15:53:52.829+0000] {processor.py:208} INFO - Processing /home/airflow/.local/lib/python3.12/site-packages/airflow/example_dags/example_latest_only_with_trigger.py took 0.815 seconds
[2024-09-12T15:55:09.246+0000] {processor.py:186} INFO - Started process (PID=2712) to work on /home/airflow/.local/lib/python3.12/site-packages/airflow/example_dags/example_latest_only_with_trigger.py
[2024-09-12T15:55:09.264+0000] {processor.py:914} INFO - Processing file /home/airflow/.local/lib/python3.12/site-packages/airflow/example_dags/example_latest_only_with_trigger.py for tasks to queue
[2024-09-12T15:55:09.269+0000] {logging_mixin.py:190} INFO - [2024-09-12T15:55:09.268+0000] {dagbag.py:587} INFO - Filling up the DagBag from /home/airflow/.local/lib/python3.12/site-packages/airflow/example_dags/example_latest_only_with_trigger.py
[2024-09-12T15:55:09.387+0000] {processor.py:925} INFO - DAG(s) 'latest_only_with_trigger' retrieved from /home/airflow/.local/lib/python3.12/site-packages/airflow/example_dags/example_latest_only_with_trigger.py
[2024-09-12T15:55:09.588+0000] {logging_mixin.py:190} INFO - [2024-09-12T15:55:09.587+0000] {dag.py:3211} INFO - Sync 1 DAGs
[2024-09-12T15:55:09.885+0000] {logging_mixin.py:190} INFO - [2024-09-12T15:55:09.884+0000] {dag.py:4138} INFO - Setting next_dagrun for latest_only_with_trigger to 2024-09-12 08:00:00+00:00, run_after=2024-09-12 12:00:00+00:00
[2024-09-12T15:55:10.211+0000] {processor.py:208} INFO - Processing /home/airflow/.local/lib/python3.12/site-packages/airflow/example_dags/example_latest_only_with_trigger.py took 0.987 seconds
[2024-09-12T15:55:45.366+0000] {processor.py:186} INFO - Started process (PID=2755) to work on /home/airflow/.local/lib/python3.12/site-packages/airflow/example_dags/example_latest_only_with_trigger.py
[2024-09-12T15:55:45.376+0000] {processor.py:914} INFO - Processing file /home/airflow/.local/lib/python3.12/site-packages/airflow/example_dags/example_latest_only_with_trigger.py for tasks to queue
[2024-09-12T15:55:45.379+0000] {logging_mixin.py:190} INFO - [2024-09-12T15:55:45.378+0000] {dagbag.py:587} INFO - Filling up the DagBag from /home/airflow/.local/lib/python3.12/site-packages/airflow/example_dags/example_latest_only_with_trigger.py
[2024-09-12T15:55:45.413+0000] {processor.py:925} INFO - DAG(s) 'latest_only_with_trigger' retrieved from /home/airflow/.local/lib/python3.12/site-packages/airflow/example_dags/example_latest_only_with_trigger.py
[2024-09-12T15:55:45.506+0000] {logging_mixin.py:190} INFO - [2024-09-12T15:55:45.505+0000] {dag.py:3211} INFO - Sync 1 DAGs
[2024-09-12T15:55:45.646+0000] {logging_mixin.py:190} INFO - [2024-09-12T15:55:45.645+0000] {dag.py:4138} INFO - Setting next_dagrun for latest_only_with_trigger to 2024-09-12 08:00:00+00:00, run_after=2024-09-12 12:00:00+00:00
[2024-09-12T15:55:45.733+0000] {processor.py:208} INFO - Processing /home/airflow/.local/lib/python3.12/site-packages/airflow/example_dags/example_latest_only_with_trigger.py took 0.436 seconds
[2024-09-12T15:56:47.249+0000] {processor.py:186} INFO - Started process (PID=2818) to work on /home/airflow/.local/lib/python3.12/site-packages/airflow/example_dags/example_latest_only_with_trigger.py
[2024-09-12T15:56:47.254+0000] {processor.py:914} INFO - Processing file /home/airflow/.local/lib/python3.12/site-packages/airflow/example_dags/example_latest_only_with_trigger.py for tasks to queue
[2024-09-12T15:56:47.260+0000] {logging_mixin.py:190} INFO - [2024-09-12T15:56:47.257+0000] {dagbag.py:587} INFO - Filling up the DagBag from /home/airflow/.local/lib/python3.12/site-packages/airflow/example_dags/example_latest_only_with_trigger.py
[2024-09-12T15:56:47.309+0000] {processor.py:925} INFO - DAG(s) 'latest_only_with_trigger' retrieved from /home/airflow/.local/lib/python3.12/site-packages/airflow/example_dags/example_latest_only_with_trigger.py
[2024-09-12T15:56:47.388+0000] {logging_mixin.py:190} INFO - [2024-09-12T15:56:47.388+0000] {dag.py:3211} INFO - Sync 1 DAGs
[2024-09-12T15:56:47.492+0000] {logging_mixin.py:190} INFO - [2024-09-12T15:56:47.491+0000] {dag.py:4138} INFO - Setting next_dagrun for latest_only_with_trigger to 2024-09-12 08:00:00+00:00, run_after=2024-09-12 12:00:00+00:00
[2024-09-12T15:56:47.556+0000] {processor.py:208} INFO - Processing /home/airflow/.local/lib/python3.12/site-packages/airflow/example_dags/example_latest_only_with_trigger.py took 0.345 seconds
[2024-09-12T15:57:18.385+0000] {processor.py:186} INFO - Started process (PID=2883) to work on /home/airflow/.local/lib/python3.12/site-packages/airflow/example_dags/example_latest_only_with_trigger.py
[2024-09-12T15:57:18.392+0000] {processor.py:914} INFO - Processing file /home/airflow/.local/lib/python3.12/site-packages/airflow/example_dags/example_latest_only_with_trigger.py for tasks to queue
[2024-09-12T15:57:18.397+0000] {logging_mixin.py:190} INFO - [2024-09-12T15:57:18.396+0000] {dagbag.py:587} INFO - Filling up the DagBag from /home/airflow/.local/lib/python3.12/site-packages/airflow/example_dags/example_latest_only_with_trigger.py
[2024-09-12T15:57:18.429+0000] {processor.py:925} INFO - DAG(s) 'latest_only_with_trigger' retrieved from /home/airflow/.local/lib/python3.12/site-packages/airflow/example_dags/example_latest_only_with_trigger.py
[2024-09-12T15:57:18.533+0000] {logging_mixin.py:190} INFO - [2024-09-12T15:57:18.532+0000] {dag.py:3211} INFO - Sync 1 DAGs
[2024-09-12T15:57:18.655+0000] {logging_mixin.py:190} INFO - [2024-09-12T15:57:18.655+0000] {dag.py:4138} INFO - Setting next_dagrun for latest_only_with_trigger to 2024-09-12 08:00:00+00:00, run_after=2024-09-12 12:00:00+00:00
[2024-09-12T15:57:18.777+0000] {processor.py:208} INFO - Processing /home/airflow/.local/lib/python3.12/site-packages/airflow/example_dags/example_latest_only_with_trigger.py took 0.411 seconds
[2024-09-12T15:57:59.282+0000] {processor.py:186} INFO - Started process (PID=2941) to work on /home/airflow/.local/lib/python3.12/site-packages/airflow/example_dags/example_latest_only_with_trigger.py
[2024-09-12T15:57:59.290+0000] {processor.py:914} INFO - Processing file /home/airflow/.local/lib/python3.12/site-packages/airflow/example_dags/example_latest_only_with_trigger.py for tasks to queue
[2024-09-12T15:57:59.317+0000] {logging_mixin.py:190} INFO - [2024-09-12T15:57:59.296+0000] {dagbag.py:587} INFO - Filling up the DagBag from /home/airflow/.local/lib/python3.12/site-packages/airflow/example_dags/example_latest_only_with_trigger.py
[2024-09-12T15:57:59.427+0000] {processor.py:925} INFO - DAG(s) 'latest_only_with_trigger' retrieved from /home/airflow/.local/lib/python3.12/site-packages/airflow/example_dags/example_latest_only_with_trigger.py
[2024-09-12T15:57:59.560+0000] {logging_mixin.py:190} INFO - [2024-09-12T15:57:59.559+0000] {dag.py:3211} INFO - Sync 1 DAGs
[2024-09-12T15:57:59.766+0000] {logging_mixin.py:190} INFO - [2024-09-12T15:57:59.766+0000] {dag.py:4138} INFO - Setting next_dagrun for latest_only_with_trigger to 2024-09-12 08:00:00+00:00, run_after=2024-09-12 12:00:00+00:00
[2024-09-12T15:57:59.977+0000] {processor.py:208} INFO - Processing /home/airflow/.local/lib/python3.12/site-packages/airflow/example_dags/example_latest_only_with_trigger.py took 0.718 seconds
[2024-09-12T15:59:19.223+0000] {processor.py:186} INFO - Started process (PID=3012) to work on /home/airflow/.local/lib/python3.12/site-packages/airflow/example_dags/example_latest_only_with_trigger.py
[2024-09-12T15:59:19.267+0000] {processor.py:914} INFO - Processing file /home/airflow/.local/lib/python3.12/site-packages/airflow/example_dags/example_latest_only_with_trigger.py for tasks to queue
[2024-09-12T15:59:19.275+0000] {logging_mixin.py:190} INFO - [2024-09-12T15:59:19.274+0000] {dagbag.py:587} INFO - Filling up the DagBag from /home/airflow/.local/lib/python3.12/site-packages/airflow/example_dags/example_latest_only_with_trigger.py
[2024-09-12T15:59:19.326+0000] {processor.py:925} INFO - DAG(s) 'latest_only_with_trigger' retrieved from /home/airflow/.local/lib/python3.12/site-packages/airflow/example_dags/example_latest_only_with_trigger.py
[2024-09-12T15:59:19.432+0000] {logging_mixin.py:190} INFO - [2024-09-12T15:59:19.431+0000] {dag.py:3211} INFO - Sync 1 DAGs
[2024-09-12T15:59:19.592+0000] {logging_mixin.py:190} INFO - [2024-09-12T15:59:19.591+0000] {dag.py:4138} INFO - Setting next_dagrun for latest_only_with_trigger to 2024-09-12 08:00:00+00:00, run_after=2024-09-12 12:00:00+00:00
[2024-09-12T15:59:19.724+0000] {processor.py:208} INFO - Processing /home/airflow/.local/lib/python3.12/site-packages/airflow/example_dags/example_latest_only_with_trigger.py took 0.551 seconds
[2024-09-12T16:00:18.117+0000] {processor.py:186} INFO - Started process (PID=3082) to work on /home/airflow/.local/lib/python3.12/site-packages/airflow/example_dags/example_latest_only_with_trigger.py
[2024-09-12T16:00:18.123+0000] {processor.py:914} INFO - Processing file /home/airflow/.local/lib/python3.12/site-packages/airflow/example_dags/example_latest_only_with_trigger.py for tasks to queue
[2024-09-12T16:00:18.126+0000] {logging_mixin.py:190} INFO - [2024-09-12T16:00:18.125+0000] {dagbag.py:587} INFO - Filling up the DagBag from /home/airflow/.local/lib/python3.12/site-packages/airflow/example_dags/example_latest_only_with_trigger.py
[2024-09-12T16:00:18.168+0000] {processor.py:925} INFO - DAG(s) 'latest_only_with_trigger' retrieved from /home/airflow/.local/lib/python3.12/site-packages/airflow/example_dags/example_latest_only_with_trigger.py
[2024-09-12T16:00:18.244+0000] {logging_mixin.py:190} INFO - [2024-09-12T16:00:18.244+0000] {dag.py:3211} INFO - Sync 1 DAGs
[2024-09-12T16:00:18.364+0000] {logging_mixin.py:190} INFO - [2024-09-12T16:00:18.363+0000] {dag.py:4138} INFO - Setting next_dagrun for latest_only_with_trigger to 2024-09-12 12:00:00+00:00, run_after=2024-09-12 16:00:00+00:00
[2024-09-12T16:00:18.486+0000] {processor.py:208} INFO - Processing /home/airflow/.local/lib/python3.12/site-packages/airflow/example_dags/example_latest_only_with_trigger.py took 0.383 seconds
[2024-09-12T16:00:56.842+0000] {processor.py:186} INFO - Started process (PID=3147) to work on /home/airflow/.local/lib/python3.12/site-packages/airflow/example_dags/example_latest_only_with_trigger.py
[2024-09-12T16:00:56.847+0000] {processor.py:914} INFO - Processing file /home/airflow/.local/lib/python3.12/site-packages/airflow/example_dags/example_latest_only_with_trigger.py for tasks to queue
[2024-09-12T16:00:56.853+0000] {logging_mixin.py:190} INFO - [2024-09-12T16:00:56.850+0000] {dagbag.py:587} INFO - Filling up the DagBag from /home/airflow/.local/lib/python3.12/site-packages/airflow/example_dags/example_latest_only_with_trigger.py
[2024-09-12T16:00:56.903+0000] {processor.py:925} INFO - DAG(s) 'latest_only_with_trigger' retrieved from /home/airflow/.local/lib/python3.12/site-packages/airflow/example_dags/example_latest_only_with_trigger.py
[2024-09-12T16:00:56.984+0000] {logging_mixin.py:190} INFO - [2024-09-12T16:00:56.983+0000] {dag.py:3211} INFO - Sync 1 DAGs
[2024-09-12T16:00:57.105+0000] {logging_mixin.py:190} INFO - [2024-09-12T16:00:57.104+0000] {dag.py:4138} INFO - Setting next_dagrun for latest_only_with_trigger to 2024-09-12 12:00:00+00:00, run_after=2024-09-12 16:00:00+00:00
[2024-09-12T16:00:57.191+0000] {processor.py:208} INFO - Processing /home/airflow/.local/lib/python3.12/site-packages/airflow/example_dags/example_latest_only_with_trigger.py took 0.399 seconds
[2024-09-12T16:01:54.289+0000] {processor.py:186} INFO - Started process (PID=3211) to work on /home/airflow/.local/lib/python3.12/site-packages/airflow/example_dags/example_latest_only_with_trigger.py
[2024-09-12T16:01:54.337+0000] {processor.py:914} INFO - Processing file /home/airflow/.local/lib/python3.12/site-packages/airflow/example_dags/example_latest_only_with_trigger.py for tasks to queue
[2024-09-12T16:01:54.357+0000] {logging_mixin.py:190} INFO - [2024-09-12T16:01:54.351+0000] {dagbag.py:587} INFO - Filling up the DagBag from /home/airflow/.local/lib/python3.12/site-packages/airflow/example_dags/example_latest_only_with_trigger.py
[2024-09-12T16:01:54.455+0000] {processor.py:925} INFO - DAG(s) 'latest_only_with_trigger' retrieved from /home/airflow/.local/lib/python3.12/site-packages/airflow/example_dags/example_latest_only_with_trigger.py
[2024-09-12T16:01:54.616+0000] {logging_mixin.py:190} INFO - [2024-09-12T16:01:54.615+0000] {dag.py:3211} INFO - Sync 1 DAGs
[2024-09-12T16:01:54.928+0000] {logging_mixin.py:190} INFO - [2024-09-12T16:01:54.927+0000] {dag.py:4138} INFO - Setting next_dagrun for latest_only_with_trigger to 2024-09-12 12:00:00+00:00, run_after=2024-09-12 16:00:00+00:00
[2024-09-12T16:01:57.497+0000] {processor.py:208} INFO - Processing /home/airflow/.local/lib/python3.12/site-packages/airflow/example_dags/example_latest_only_with_trigger.py took 3.267 seconds
[2024-09-12T16:03:27.992+0000] {processor.py:186} INFO - Started process (PID=3306) to work on /home/airflow/.local/lib/python3.12/site-packages/airflow/example_dags/example_latest_only_with_trigger.py
[2024-09-12T16:03:27.994+0000] {processor.py:914} INFO - Processing file /home/airflow/.local/lib/python3.12/site-packages/airflow/example_dags/example_latest_only_with_trigger.py for tasks to queue
[2024-09-12T16:03:28.000+0000] {logging_mixin.py:190} INFO - [2024-09-12T16:03:27.996+0000] {dagbag.py:587} INFO - Filling up the DagBag from /home/airflow/.local/lib/python3.12/site-packages/airflow/example_dags/example_latest_only_with_trigger.py
[2024-09-12T16:03:28.053+0000] {processor.py:925} INFO - DAG(s) 'latest_only_with_trigger' retrieved from /home/airflow/.local/lib/python3.12/site-packages/airflow/example_dags/example_latest_only_with_trigger.py
[2024-09-12T16:03:28.154+0000] {logging_mixin.py:190} INFO - [2024-09-12T16:03:28.153+0000] {dag.py:3211} INFO - Sync 1 DAGs
[2024-09-12T16:03:28.253+0000] {logging_mixin.py:190} INFO - [2024-09-12T16:03:28.252+0000] {dag.py:4138} INFO - Setting next_dagrun for latest_only_with_trigger to 2024-09-12 12:00:00+00:00, run_after=2024-09-12 16:00:00+00:00
[2024-09-12T16:03:28.333+0000] {processor.py:208} INFO - Processing /home/airflow/.local/lib/python3.12/site-packages/airflow/example_dags/example_latest_only_with_trigger.py took 0.366 seconds
[2024-09-12T16:04:06.073+0000] {processor.py:186} INFO - Started process (PID=3381) to work on /home/airflow/.local/lib/python3.12/site-packages/airflow/example_dags/example_latest_only_with_trigger.py
[2024-09-12T16:04:06.086+0000] {processor.py:914} INFO - Processing file /home/airflow/.local/lib/python3.12/site-packages/airflow/example_dags/example_latest_only_with_trigger.py for tasks to queue
[2024-09-12T16:04:06.092+0000] {logging_mixin.py:190} INFO - [2024-09-12T16:04:06.091+0000] {dagbag.py:587} INFO - Filling up the DagBag from /home/airflow/.local/lib/python3.12/site-packages/airflow/example_dags/example_latest_only_with_trigger.py
[2024-09-12T16:04:06.164+0000] {processor.py:925} INFO - DAG(s) 'latest_only_with_trigger' retrieved from /home/airflow/.local/lib/python3.12/site-packages/airflow/example_dags/example_latest_only_with_trigger.py
[2024-09-12T16:04:06.365+0000] {logging_mixin.py:190} INFO - [2024-09-12T16:04:06.364+0000] {dag.py:3211} INFO - Sync 1 DAGs
[2024-09-12T16:04:08.143+0000] {logging_mixin.py:190} INFO - [2024-09-12T16:04:08.143+0000] {dag.py:4138} INFO - Setting next_dagrun for latest_only_with_trigger to 2024-09-12 12:00:00+00:00, run_after=2024-09-12 16:00:00+00:00
[2024-09-12T16:04:08.370+0000] {processor.py:208} INFO - Processing /home/airflow/.local/lib/python3.12/site-packages/airflow/example_dags/example_latest_only_with_trigger.py took 2.349 seconds
[2024-09-12T16:05:51.323+0000] {processor.py:186} INFO - Started process (PID=3456) to work on /home/airflow/.local/lib/python3.12/site-packages/airflow/example_dags/example_latest_only_with_trigger.py
[2024-09-12T16:05:51.358+0000] {processor.py:914} INFO - Processing file /home/airflow/.local/lib/python3.12/site-packages/airflow/example_dags/example_latest_only_with_trigger.py for tasks to queue
[2024-09-12T16:05:51.375+0000] {logging_mixin.py:190} INFO - [2024-09-12T16:05:51.374+0000] {dagbag.py:587} INFO - Filling up the DagBag from /home/airflow/.local/lib/python3.12/site-packages/airflow/example_dags/example_latest_only_with_trigger.py
[2024-09-12T16:05:51.535+0000] {processor.py:925} INFO - DAG(s) 'latest_only_with_trigger' retrieved from /home/airflow/.local/lib/python3.12/site-packages/airflow/example_dags/example_latest_only_with_trigger.py
[2024-09-12T16:05:52.812+0000] {logging_mixin.py:190} INFO - [2024-09-12T16:05:52.787+0000] {dag.py:3211} INFO - Sync 1 DAGs
[2024-09-12T16:05:53.020+0000] {logging_mixin.py:190} INFO - [2024-09-12T16:05:53.019+0000] {dag.py:4138} INFO - Setting next_dagrun for latest_only_with_trigger to 2024-09-12 12:00:00+00:00, run_after=2024-09-12 16:00:00+00:00
[2024-09-12T16:05:53.163+0000] {processor.py:208} INFO - Processing /home/airflow/.local/lib/python3.12/site-packages/airflow/example_dags/example_latest_only_with_trigger.py took 1.983 seconds
[2024-09-12T16:07:42.233+0000] {processor.py:186} INFO - Started process (PID=3543) to work on /home/airflow/.local/lib/python3.12/site-packages/airflow/example_dags/example_latest_only_with_trigger.py
[2024-09-12T16:07:42.244+0000] {processor.py:914} INFO - Processing file /home/airflow/.local/lib/python3.12/site-packages/airflow/example_dags/example_latest_only_with_trigger.py for tasks to queue
[2024-09-12T16:07:42.249+0000] {logging_mixin.py:190} INFO - [2024-09-12T16:07:42.248+0000] {dagbag.py:587} INFO - Filling up the DagBag from /home/airflow/.local/lib/python3.12/site-packages/airflow/example_dags/example_latest_only_with_trigger.py
[2024-09-12T16:07:42.314+0000] {processor.py:925} INFO - DAG(s) 'latest_only_with_trigger' retrieved from /home/airflow/.local/lib/python3.12/site-packages/airflow/example_dags/example_latest_only_with_trigger.py
[2024-09-12T16:07:42.421+0000] {logging_mixin.py:190} INFO - [2024-09-12T16:07:42.421+0000] {dag.py:3211} INFO - Sync 1 DAGs
[2024-09-12T16:07:42.528+0000] {logging_mixin.py:190} INFO - [2024-09-12T16:07:42.528+0000] {dag.py:4138} INFO - Setting next_dagrun for latest_only_with_trigger to 2024-09-12 12:00:00+00:00, run_after=2024-09-12 16:00:00+00:00
[2024-09-12T16:07:42.615+0000] {processor.py:208} INFO - Processing /home/airflow/.local/lib/python3.12/site-packages/airflow/example_dags/example_latest_only_with_trigger.py took 0.414 seconds
[2024-09-12T16:08:39.435+0000] {processor.py:186} INFO - Started process (PID=3609) to work on /home/airflow/.local/lib/python3.12/site-packages/airflow/example_dags/example_latest_only_with_trigger.py
[2024-09-12T16:08:39.508+0000] {processor.py:914} INFO - Processing file /home/airflow/.local/lib/python3.12/site-packages/airflow/example_dags/example_latest_only_with_trigger.py for tasks to queue
[2024-09-12T16:08:39.553+0000] {logging_mixin.py:190} INFO - [2024-09-12T16:08:39.525+0000] {dagbag.py:587} INFO - Filling up the DagBag from /home/airflow/.local/lib/python3.12/site-packages/airflow/example_dags/example_latest_only_with_trigger.py
[2024-09-12T16:08:39.749+0000] {processor.py:925} INFO - DAG(s) 'latest_only_with_trigger' retrieved from /home/airflow/.local/lib/python3.12/site-packages/airflow/example_dags/example_latest_only_with_trigger.py
[2024-09-12T16:08:41.959+0000] {logging_mixin.py:190} INFO - [2024-09-12T16:08:41.958+0000] {dag.py:3211} INFO - Sync 1 DAGs
[2024-09-12T16:08:42.244+0000] {logging_mixin.py:190} INFO - [2024-09-12T16:08:42.243+0000] {dag.py:4138} INFO - Setting next_dagrun for latest_only_with_trigger to 2024-09-12 12:00:00+00:00, run_after=2024-09-12 16:00:00+00:00
[2024-09-12T16:08:42.349+0000] {processor.py:208} INFO - Processing /home/airflow/.local/lib/python3.12/site-packages/airflow/example_dags/example_latest_only_with_trigger.py took 3.050 seconds
[2024-09-12T16:09:17.107+0000] {processor.py:186} INFO - Started process (PID=3682) to work on /home/airflow/.local/lib/python3.12/site-packages/airflow/example_dags/example_latest_only_with_trigger.py
[2024-09-12T16:09:17.116+0000] {processor.py:914} INFO - Processing file /home/airflow/.local/lib/python3.12/site-packages/airflow/example_dags/example_latest_only_with_trigger.py for tasks to queue
[2024-09-12T16:09:17.119+0000] {logging_mixin.py:190} INFO - [2024-09-12T16:09:17.118+0000] {dagbag.py:587} INFO - Filling up the DagBag from /home/airflow/.local/lib/python3.12/site-packages/airflow/example_dags/example_latest_only_with_trigger.py
[2024-09-12T16:09:17.164+0000] {processor.py:925} INFO - DAG(s) 'latest_only_with_trigger' retrieved from /home/airflow/.local/lib/python3.12/site-packages/airflow/example_dags/example_latest_only_with_trigger.py
[2024-09-12T16:09:17.244+0000] {logging_mixin.py:190} INFO - [2024-09-12T16:09:17.244+0000] {dag.py:3211} INFO - Sync 1 DAGs
[2024-09-12T16:09:17.344+0000] {logging_mixin.py:190} INFO - [2024-09-12T16:09:17.343+0000] {dag.py:4138} INFO - Setting next_dagrun for latest_only_with_trigger to 2024-09-12 12:00:00+00:00, run_after=2024-09-12 16:00:00+00:00
[2024-09-12T16:09:17.425+0000] {processor.py:208} INFO - Processing /home/airflow/.local/lib/python3.12/site-packages/airflow/example_dags/example_latest_only_with_trigger.py took 0.330 seconds
[2024-09-12T16:10:30.611+0000] {processor.py:186} INFO - Started process (PID=3747) to work on /home/airflow/.local/lib/python3.12/site-packages/airflow/example_dags/example_latest_only_with_trigger.py
[2024-09-12T16:10:30.617+0000] {processor.py:914} INFO - Processing file /home/airflow/.local/lib/python3.12/site-packages/airflow/example_dags/example_latest_only_with_trigger.py for tasks to queue
[2024-09-12T16:10:30.620+0000] {logging_mixin.py:190} INFO - [2024-09-12T16:10:30.619+0000] {dagbag.py:587} INFO - Filling up the DagBag from /home/airflow/.local/lib/python3.12/site-packages/airflow/example_dags/example_latest_only_with_trigger.py
[2024-09-12T16:10:30.682+0000] {processor.py:925} INFO - DAG(s) 'latest_only_with_trigger' retrieved from /home/airflow/.local/lib/python3.12/site-packages/airflow/example_dags/example_latest_only_with_trigger.py
[2024-09-12T16:10:30.800+0000] {logging_mixin.py:190} INFO - [2024-09-12T16:10:30.799+0000] {dag.py:3211} INFO - Sync 1 DAGs
[2024-09-12T16:10:30.938+0000] {logging_mixin.py:190} INFO - [2024-09-12T16:10:30.937+0000] {dag.py:4138} INFO - Setting next_dagrun for latest_only_with_trigger to 2024-09-12 12:00:00+00:00, run_after=2024-09-12 16:00:00+00:00
[2024-09-12T16:10:31.083+0000] {processor.py:208} INFO - Processing /home/airflow/.local/lib/python3.12/site-packages/airflow/example_dags/example_latest_only_with_trigger.py took 0.497 seconds
[2024-09-12T16:11:01.427+0000] {processor.py:186} INFO - Started process (PID=3813) to work on /home/airflow/.local/lib/python3.12/site-packages/airflow/example_dags/example_latest_only_with_trigger.py
[2024-09-12T16:11:01.434+0000] {processor.py:914} INFO - Processing file /home/airflow/.local/lib/python3.12/site-packages/airflow/example_dags/example_latest_only_with_trigger.py for tasks to queue
[2024-09-12T16:11:01.440+0000] {logging_mixin.py:190} INFO - [2024-09-12T16:11:01.439+0000] {dagbag.py:587} INFO - Filling up the DagBag from /home/airflow/.local/lib/python3.12/site-packages/airflow/example_dags/example_latest_only_with_trigger.py
[2024-09-12T16:11:01.495+0000] {processor.py:925} INFO - DAG(s) 'latest_only_with_trigger' retrieved from /home/airflow/.local/lib/python3.12/site-packages/airflow/example_dags/example_latest_only_with_trigger.py
[2024-09-12T16:11:01.608+0000] {logging_mixin.py:190} INFO - [2024-09-12T16:11:01.607+0000] {dag.py:3211} INFO - Sync 1 DAGs
[2024-09-12T16:11:01.793+0000] {logging_mixin.py:190} INFO - [2024-09-12T16:11:01.791+0000] {dag.py:4138} INFO - Setting next_dagrun for latest_only_with_trigger to 2024-09-12 12:00:00+00:00, run_after=2024-09-12 16:00:00+00:00
[2024-09-12T16:11:01.866+0000] {processor.py:208} INFO - Processing /home/airflow/.local/lib/python3.12/site-packages/airflow/example_dags/example_latest_only_with_trigger.py took 0.460 seconds
[2024-09-12T16:11:40.904+0000] {processor.py:186} INFO - Started process (PID=3871) to work on /home/airflow/.local/lib/python3.12/site-packages/airflow/example_dags/example_latest_only_with_trigger.py
[2024-09-12T16:11:40.926+0000] {processor.py:914} INFO - Processing file /home/airflow/.local/lib/python3.12/site-packages/airflow/example_dags/example_latest_only_with_trigger.py for tasks to queue
[2024-09-12T16:11:40.947+0000] {logging_mixin.py:190} INFO - [2024-09-12T16:11:40.935+0000] {dagbag.py:587} INFO - Filling up the DagBag from /home/airflow/.local/lib/python3.12/site-packages/airflow/example_dags/example_latest_only_with_trigger.py
[2024-09-12T16:11:41.015+0000] {processor.py:925} INFO - DAG(s) 'latest_only_with_trigger' retrieved from /home/airflow/.local/lib/python3.12/site-packages/airflow/example_dags/example_latest_only_with_trigger.py
[2024-09-12T16:11:41.155+0000] {logging_mixin.py:190} INFO - [2024-09-12T16:11:41.154+0000] {dag.py:3211} INFO - Sync 1 DAGs
[2024-09-12T16:11:41.272+0000] {logging_mixin.py:190} INFO - [2024-09-12T16:11:41.271+0000] {dag.py:4138} INFO - Setting next_dagrun for latest_only_with_trigger to 2024-09-12 12:00:00+00:00, run_after=2024-09-12 16:00:00+00:00
[2024-09-12T16:11:41.469+0000] {processor.py:208} INFO - Processing /home/airflow/.local/lib/python3.12/site-packages/airflow/example_dags/example_latest_only_with_trigger.py took 0.589 seconds
[2024-09-12T16:12:40.582+0000] {processor.py:186} INFO - Started process (PID=3933) to work on /home/airflow/.local/lib/python3.12/site-packages/airflow/example_dags/example_latest_only_with_trigger.py
[2024-09-12T16:12:40.609+0000] {processor.py:914} INFO - Processing file /home/airflow/.local/lib/python3.12/site-packages/airflow/example_dags/example_latest_only_with_trigger.py for tasks to queue
[2024-09-12T16:12:40.635+0000] {logging_mixin.py:190} INFO - [2024-09-12T16:12:40.635+0000] {dagbag.py:587} INFO - Filling up the DagBag from /home/airflow/.local/lib/python3.12/site-packages/airflow/example_dags/example_latest_only_with_trigger.py
[2024-09-12T16:12:40.717+0000] {processor.py:925} INFO - DAG(s) 'latest_only_with_trigger' retrieved from /home/airflow/.local/lib/python3.12/site-packages/airflow/example_dags/example_latest_only_with_trigger.py
[2024-09-12T16:12:40.968+0000] {logging_mixin.py:190} INFO - [2024-09-12T16:12:40.968+0000] {dag.py:3211} INFO - Sync 1 DAGs
[2024-09-12T16:12:41.168+0000] {logging_mixin.py:190} INFO - [2024-09-12T16:12:41.168+0000] {dag.py:4138} INFO - Setting next_dagrun for latest_only_with_trigger to 2024-09-12 12:00:00+00:00, run_after=2024-09-12 16:00:00+00:00
[2024-09-12T16:12:41.332+0000] {processor.py:208} INFO - Processing /home/airflow/.local/lib/python3.12/site-packages/airflow/example_dags/example_latest_only_with_trigger.py took 0.839 seconds
[2024-09-12T16:13:14.283+0000] {processor.py:186} INFO - Started process (PID=3999) to work on /home/airflow/.local/lib/python3.12/site-packages/airflow/example_dags/example_latest_only_with_trigger.py
[2024-09-12T16:13:14.288+0000] {processor.py:914} INFO - Processing file /home/airflow/.local/lib/python3.12/site-packages/airflow/example_dags/example_latest_only_with_trigger.py for tasks to queue
[2024-09-12T16:13:14.323+0000] {logging_mixin.py:190} INFO - [2024-09-12T16:13:14.318+0000] {dagbag.py:587} INFO - Filling up the DagBag from /home/airflow/.local/lib/python3.12/site-packages/airflow/example_dags/example_latest_only_with_trigger.py
[2024-09-12T16:13:14.383+0000] {processor.py:925} INFO - DAG(s) 'latest_only_with_trigger' retrieved from /home/airflow/.local/lib/python3.12/site-packages/airflow/example_dags/example_latest_only_with_trigger.py
[2024-09-12T16:13:14.581+0000] {logging_mixin.py:190} INFO - [2024-09-12T16:13:14.581+0000] {dag.py:3211} INFO - Sync 1 DAGs
[2024-09-12T16:13:14.917+0000] {logging_mixin.py:190} INFO - [2024-09-12T16:13:14.915+0000] {dag.py:4138} INFO - Setting next_dagrun for latest_only_with_trigger to 2024-09-12 12:00:00+00:00, run_after=2024-09-12 16:00:00+00:00
[2024-09-12T16:13:15.149+0000] {processor.py:208} INFO - Processing /home/airflow/.local/lib/python3.12/site-packages/airflow/example_dags/example_latest_only_with_trigger.py took 0.894 seconds
[2024-09-12T16:14:39.158+0000] {processor.py:186} INFO - Started process (PID=4082) to work on /home/airflow/.local/lib/python3.12/site-packages/airflow/example_dags/example_latest_only_with_trigger.py
[2024-09-12T16:14:39.168+0000] {processor.py:914} INFO - Processing file /home/airflow/.local/lib/python3.12/site-packages/airflow/example_dags/example_latest_only_with_trigger.py for tasks to queue
[2024-09-12T16:14:39.184+0000] {logging_mixin.py:190} INFO - [2024-09-12T16:14:39.183+0000] {dagbag.py:587} INFO - Filling up the DagBag from /home/airflow/.local/lib/python3.12/site-packages/airflow/example_dags/example_latest_only_with_trigger.py
[2024-09-12T16:14:39.305+0000] {processor.py:925} INFO - DAG(s) 'latest_only_with_trigger' retrieved from /home/airflow/.local/lib/python3.12/site-packages/airflow/example_dags/example_latest_only_with_trigger.py
[2024-09-12T16:14:39.618+0000] {logging_mixin.py:190} INFO - [2024-09-12T16:14:39.617+0000] {dag.py:3211} INFO - Sync 1 DAGs
[2024-09-12T16:14:39.785+0000] {logging_mixin.py:190} INFO - [2024-09-12T16:14:39.784+0000] {dag.py:4138} INFO - Setting next_dagrun for latest_only_with_trigger to 2024-09-12 12:00:00+00:00, run_after=2024-09-12 16:00:00+00:00
[2024-09-12T16:14:39.869+0000] {processor.py:208} INFO - Processing /home/airflow/.local/lib/python3.12/site-packages/airflow/example_dags/example_latest_only_with_trigger.py took 0.752 seconds
[2024-09-12T16:15:11.471+0000] {processor.py:186} INFO - Started process (PID=4147) to work on /home/airflow/.local/lib/python3.12/site-packages/airflow/example_dags/example_latest_only_with_trigger.py
[2024-09-12T16:15:11.505+0000] {processor.py:914} INFO - Processing file /home/airflow/.local/lib/python3.12/site-packages/airflow/example_dags/example_latest_only_with_trigger.py for tasks to queue
[2024-09-12T16:15:11.508+0000] {logging_mixin.py:190} INFO - [2024-09-12T16:15:11.507+0000] {dagbag.py:587} INFO - Filling up the DagBag from /home/airflow/.local/lib/python3.12/site-packages/airflow/example_dags/example_latest_only_with_trigger.py
[2024-09-12T16:15:11.557+0000] {processor.py:925} INFO - DAG(s) 'latest_only_with_trigger' retrieved from /home/airflow/.local/lib/python3.12/site-packages/airflow/example_dags/example_latest_only_with_trigger.py
[2024-09-12T16:15:11.735+0000] {logging_mixin.py:190} INFO - [2024-09-12T16:15:11.734+0000] {dag.py:3211} INFO - Sync 1 DAGs
[2024-09-12T16:15:11.921+0000] {logging_mixin.py:190} INFO - [2024-09-12T16:15:11.920+0000] {dag.py:4138} INFO - Setting next_dagrun for latest_only_with_trigger to 2024-09-12 12:00:00+00:00, run_after=2024-09-12 16:00:00+00:00
[2024-09-12T16:15:11.991+0000] {processor.py:208} INFO - Processing /home/airflow/.local/lib/python3.12/site-packages/airflow/example_dags/example_latest_only_with_trigger.py took 0.574 seconds
[2024-09-12T16:15:44.045+0000] {processor.py:186} INFO - Started process (PID=4217) to work on /home/airflow/.local/lib/python3.12/site-packages/airflow/example_dags/example_latest_only_with_trigger.py
[2024-09-12T16:15:44.052+0000] {processor.py:914} INFO - Processing file /home/airflow/.local/lib/python3.12/site-packages/airflow/example_dags/example_latest_only_with_trigger.py for tasks to queue
[2024-09-12T16:15:44.061+0000] {logging_mixin.py:190} INFO - [2024-09-12T16:15:44.060+0000] {dagbag.py:587} INFO - Filling up the DagBag from /home/airflow/.local/lib/python3.12/site-packages/airflow/example_dags/example_latest_only_with_trigger.py
[2024-09-12T16:15:44.130+0000] {processor.py:925} INFO - DAG(s) 'latest_only_with_trigger' retrieved from /home/airflow/.local/lib/python3.12/site-packages/airflow/example_dags/example_latest_only_with_trigger.py
[2024-09-12T16:15:44.206+0000] {logging_mixin.py:190} INFO - [2024-09-12T16:15:44.206+0000] {dag.py:3211} INFO - Sync 1 DAGs
[2024-09-12T16:15:44.321+0000] {logging_mixin.py:190} INFO - [2024-09-12T16:15:44.320+0000] {dag.py:4138} INFO - Setting next_dagrun for latest_only_with_trigger to 2024-09-12 12:00:00+00:00, run_after=2024-09-12 16:00:00+00:00
[2024-09-12T16:15:44.424+0000] {processor.py:208} INFO - Processing /home/airflow/.local/lib/python3.12/site-packages/airflow/example_dags/example_latest_only_with_trigger.py took 0.415 seconds
[2024-09-12T16:16:32.738+0000] {processor.py:186} INFO - Started process (PID=4278) to work on /home/airflow/.local/lib/python3.12/site-packages/airflow/example_dags/example_latest_only_with_trigger.py
[2024-09-12T16:16:32.752+0000] {processor.py:914} INFO - Processing file /home/airflow/.local/lib/python3.12/site-packages/airflow/example_dags/example_latest_only_with_trigger.py for tasks to queue
[2024-09-12T16:16:32.756+0000] {logging_mixin.py:190} INFO - [2024-09-12T16:16:32.755+0000] {dagbag.py:587} INFO - Filling up the DagBag from /home/airflow/.local/lib/python3.12/site-packages/airflow/example_dags/example_latest_only_with_trigger.py
[2024-09-12T16:16:32.817+0000] {processor.py:925} INFO - DAG(s) 'latest_only_with_trigger' retrieved from /home/airflow/.local/lib/python3.12/site-packages/airflow/example_dags/example_latest_only_with_trigger.py
[2024-09-12T16:16:32.983+0000] {logging_mixin.py:190} INFO - [2024-09-12T16:16:32.982+0000] {dag.py:3211} INFO - Sync 1 DAGs
[2024-09-12T16:16:33.105+0000] {logging_mixin.py:190} INFO - [2024-09-12T16:16:33.104+0000] {dag.py:4138} INFO - Setting next_dagrun for latest_only_with_trigger to 2024-09-12 12:00:00+00:00, run_after=2024-09-12 16:00:00+00:00
[2024-09-12T16:16:33.204+0000] {processor.py:208} INFO - Processing /home/airflow/.local/lib/python3.12/site-packages/airflow/example_dags/example_latest_only_with_trigger.py took 0.507 seconds
[2024-09-12T16:17:10.705+0000] {processor.py:186} INFO - Started process (PID=4345) to work on /home/airflow/.local/lib/python3.12/site-packages/airflow/example_dags/example_latest_only_with_trigger.py
[2024-09-12T16:17:10.720+0000] {processor.py:914} INFO - Processing file /home/airflow/.local/lib/python3.12/site-packages/airflow/example_dags/example_latest_only_with_trigger.py for tasks to queue
[2024-09-12T16:17:10.731+0000] {logging_mixin.py:190} INFO - [2024-09-12T16:17:10.730+0000] {dagbag.py:587} INFO - Filling up the DagBag from /home/airflow/.local/lib/python3.12/site-packages/airflow/example_dags/example_latest_only_with_trigger.py
[2024-09-12T16:17:10.801+0000] {processor.py:925} INFO - DAG(s) 'latest_only_with_trigger' retrieved from /home/airflow/.local/lib/python3.12/site-packages/airflow/example_dags/example_latest_only_with_trigger.py
[2024-09-12T16:17:10.968+0000] {logging_mixin.py:190} INFO - [2024-09-12T16:17:10.967+0000] {dag.py:3211} INFO - Sync 1 DAGs
[2024-09-12T16:17:11.209+0000] {logging_mixin.py:190} INFO - [2024-09-12T16:17:11.208+0000] {dag.py:4138} INFO - Setting next_dagrun for latest_only_with_trigger to 2024-09-12 12:00:00+00:00, run_after=2024-09-12 16:00:00+00:00
[2024-09-12T16:17:11.335+0000] {processor.py:208} INFO - Processing /home/airflow/.local/lib/python3.12/site-packages/airflow/example_dags/example_latest_only_with_trigger.py took 0.738 seconds
[2024-09-12T16:17:52.969+0000] {processor.py:186} INFO - Started process (PID=4409) to work on /home/airflow/.local/lib/python3.12/site-packages/airflow/example_dags/example_latest_only_with_trigger.py
[2024-09-12T16:17:52.979+0000] {processor.py:914} INFO - Processing file /home/airflow/.local/lib/python3.12/site-packages/airflow/example_dags/example_latest_only_with_trigger.py for tasks to queue
[2024-09-12T16:17:52.982+0000] {logging_mixin.py:190} INFO - [2024-09-12T16:17:52.981+0000] {dagbag.py:587} INFO - Filling up the DagBag from /home/airflow/.local/lib/python3.12/site-packages/airflow/example_dags/example_latest_only_with_trigger.py
[2024-09-12T16:17:53.049+0000] {processor.py:925} INFO - DAG(s) 'latest_only_with_trigger' retrieved from /home/airflow/.local/lib/python3.12/site-packages/airflow/example_dags/example_latest_only_with_trigger.py
[2024-09-12T16:17:53.189+0000] {logging_mixin.py:190} INFO - [2024-09-12T16:17:53.188+0000] {dag.py:3211} INFO - Sync 1 DAGs
[2024-09-12T16:17:53.342+0000] {logging_mixin.py:190} INFO - [2024-09-12T16:17:53.341+0000] {dag.py:4138} INFO - Setting next_dagrun for latest_only_with_trigger to 2024-09-12 12:00:00+00:00, run_after=2024-09-12 16:00:00+00:00
[2024-09-12T16:17:53.455+0000] {processor.py:208} INFO - Processing /home/airflow/.local/lib/python3.12/site-packages/airflow/example_dags/example_latest_only_with_trigger.py took 0.538 seconds
[2024-09-12T16:18:39.947+0000] {processor.py:186} INFO - Started process (PID=4464) to work on /home/airflow/.local/lib/python3.12/site-packages/airflow/example_dags/example_latest_only_with_trigger.py
[2024-09-12T16:18:39.949+0000] {processor.py:914} INFO - Processing file /home/airflow/.local/lib/python3.12/site-packages/airflow/example_dags/example_latest_only_with_trigger.py for tasks to queue
[2024-09-12T16:18:39.964+0000] {logging_mixin.py:190} INFO - [2024-09-12T16:18:39.963+0000] {dagbag.py:587} INFO - Filling up the DagBag from /home/airflow/.local/lib/python3.12/site-packages/airflow/example_dags/example_latest_only_with_trigger.py
[2024-09-12T16:18:39.986+0000] {processor.py:925} INFO - DAG(s) 'latest_only_with_trigger' retrieved from /home/airflow/.local/lib/python3.12/site-packages/airflow/example_dags/example_latest_only_with_trigger.py
[2024-09-12T16:18:40.088+0000] {logging_mixin.py:190} INFO - [2024-09-12T16:18:40.088+0000] {dag.py:3211} INFO - Sync 1 DAGs
[2024-09-12T16:18:40.220+0000] {logging_mixin.py:190} INFO - [2024-09-12T16:18:40.219+0000] {dag.py:4138} INFO - Setting next_dagrun for latest_only_with_trigger to 2024-09-12 12:00:00+00:00, run_after=2024-09-12 16:00:00+00:00
[2024-09-12T16:18:40.323+0000] {processor.py:208} INFO - Processing /home/airflow/.local/lib/python3.12/site-packages/airflow/example_dags/example_latest_only_with_trigger.py took 0.417 seconds
[2024-09-12T16:19:18.496+0000] {processor.py:186} INFO - Started process (PID=4537) to work on /home/airflow/.local/lib/python3.12/site-packages/airflow/example_dags/example_latest_only_with_trigger.py
[2024-09-12T16:19:18.530+0000] {processor.py:914} INFO - Processing file /home/airflow/.local/lib/python3.12/site-packages/airflow/example_dags/example_latest_only_with_trigger.py for tasks to queue
[2024-09-12T16:19:18.549+0000] {logging_mixin.py:190} INFO - [2024-09-12T16:19:18.548+0000] {dagbag.py:587} INFO - Filling up the DagBag from /home/airflow/.local/lib/python3.12/site-packages/airflow/example_dags/example_latest_only_with_trigger.py
[2024-09-12T16:19:18.629+0000] {processor.py:925} INFO - DAG(s) 'latest_only_with_trigger' retrieved from /home/airflow/.local/lib/python3.12/site-packages/airflow/example_dags/example_latest_only_with_trigger.py
[2024-09-12T16:19:19.054+0000] {logging_mixin.py:190} INFO - [2024-09-12T16:19:19.053+0000] {dag.py:3211} INFO - Sync 1 DAGs
[2024-09-12T16:19:19.435+0000] {logging_mixin.py:190} INFO - [2024-09-12T16:19:19.435+0000] {dag.py:4138} INFO - Setting next_dagrun for latest_only_with_trigger to 2024-09-12 12:00:00+00:00, run_after=2024-09-12 16:00:00+00:00
[2024-09-12T16:19:19.776+0000] {processor.py:208} INFO - Processing /home/airflow/.local/lib/python3.12/site-packages/airflow/example_dags/example_latest_only_with_trigger.py took 1.342 seconds
[2024-09-12T16:19:55.965+0000] {processor.py:186} INFO - Started process (PID=4606) to work on /home/airflow/.local/lib/python3.12/site-packages/airflow/example_dags/example_latest_only_with_trigger.py
[2024-09-12T16:19:55.967+0000] {processor.py:914} INFO - Processing file /home/airflow/.local/lib/python3.12/site-packages/airflow/example_dags/example_latest_only_with_trigger.py for tasks to queue
[2024-09-12T16:19:55.974+0000] {logging_mixin.py:190} INFO - [2024-09-12T16:19:55.969+0000] {dagbag.py:587} INFO - Filling up the DagBag from /home/airflow/.local/lib/python3.12/site-packages/airflow/example_dags/example_latest_only_with_trigger.py
[2024-09-12T16:19:56.037+0000] {processor.py:925} INFO - DAG(s) 'latest_only_with_trigger' retrieved from /home/airflow/.local/lib/python3.12/site-packages/airflow/example_dags/example_latest_only_with_trigger.py
[2024-09-12T16:19:56.279+0000] {logging_mixin.py:190} INFO - [2024-09-12T16:19:56.278+0000] {dag.py:3211} INFO - Sync 1 DAGs
[2024-09-12T16:19:56.520+0000] {logging_mixin.py:190} INFO - [2024-09-12T16:19:56.519+0000] {dag.py:4138} INFO - Setting next_dagrun for latest_only_with_trigger to 2024-09-12 12:00:00+00:00, run_after=2024-09-12 16:00:00+00:00
[2024-09-12T16:19:56.663+0000] {processor.py:208} INFO - Processing /home/airflow/.local/lib/python3.12/site-packages/airflow/example_dags/example_latest_only_with_trigger.py took 0.758 seconds
[2024-09-12T16:20:50.744+0000] {processor.py:186} INFO - Started process (PID=4669) to work on /home/airflow/.local/lib/python3.12/site-packages/airflow/example_dags/example_latest_only_with_trigger.py
[2024-09-12T16:20:50.746+0000] {processor.py:914} INFO - Processing file /home/airflow/.local/lib/python3.12/site-packages/airflow/example_dags/example_latest_only_with_trigger.py for tasks to queue
[2024-09-12T16:20:50.780+0000] {logging_mixin.py:190} INFO - [2024-09-12T16:20:50.779+0000] {dagbag.py:587} INFO - Filling up the DagBag from /home/airflow/.local/lib/python3.12/site-packages/airflow/example_dags/example_latest_only_with_trigger.py
[2024-09-12T16:20:50.891+0000] {processor.py:925} INFO - DAG(s) 'latest_only_with_trigger' retrieved from /home/airflow/.local/lib/python3.12/site-packages/airflow/example_dags/example_latest_only_with_trigger.py
[2024-09-12T16:20:51.261+0000] {logging_mixin.py:190} INFO - [2024-09-12T16:20:51.260+0000] {dag.py:3211} INFO - Sync 1 DAGs
[2024-09-12T16:20:51.617+0000] {logging_mixin.py:190} INFO - [2024-09-12T16:20:51.616+0000] {dag.py:4138} INFO - Setting next_dagrun for latest_only_with_trigger to 2024-09-12 12:00:00+00:00, run_after=2024-09-12 16:00:00+00:00
[2024-09-12T16:20:51.902+0000] {processor.py:208} INFO - Processing /home/airflow/.local/lib/python3.12/site-packages/airflow/example_dags/example_latest_only_with_trigger.py took 1.223 seconds
[2024-09-12T16:22:11.579+0000] {processor.py:186} INFO - Started process (PID=4752) to work on /home/airflow/.local/lib/python3.12/site-packages/airflow/example_dags/example_latest_only_with_trigger.py
[2024-09-12T16:22:11.600+0000] {processor.py:914} INFO - Processing file /home/airflow/.local/lib/python3.12/site-packages/airflow/example_dags/example_latest_only_with_trigger.py for tasks to queue
[2024-09-12T16:22:11.616+0000] {logging_mixin.py:190} INFO - [2024-09-12T16:22:11.614+0000] {dagbag.py:587} INFO - Filling up the DagBag from /home/airflow/.local/lib/python3.12/site-packages/airflow/example_dags/example_latest_only_with_trigger.py
[2024-09-12T16:22:11.745+0000] {processor.py:925} INFO - DAG(s) 'latest_only_with_trigger' retrieved from /home/airflow/.local/lib/python3.12/site-packages/airflow/example_dags/example_latest_only_with_trigger.py
[2024-09-12T16:22:11.887+0000] {logging_mixin.py:190} INFO - [2024-09-12T16:22:11.886+0000] {dag.py:3211} INFO - Sync 1 DAGs
[2024-09-12T16:22:11.988+0000] {logging_mixin.py:190} INFO - [2024-09-12T16:22:11.987+0000] {dag.py:4138} INFO - Setting next_dagrun for latest_only_with_trigger to 2024-09-12 12:00:00+00:00, run_after=2024-09-12 16:00:00+00:00
[2024-09-12T16:22:12.069+0000] {processor.py:208} INFO - Processing /home/airflow/.local/lib/python3.12/site-packages/airflow/example_dags/example_latest_only_with_trigger.py took 0.575 seconds
[2024-09-12T16:22:50.176+0000] {processor.py:186} INFO - Started process (PID=4819) to work on /home/airflow/.local/lib/python3.12/site-packages/airflow/example_dags/example_latest_only_with_trigger.py
[2024-09-12T16:22:50.185+0000] {processor.py:914} INFO - Processing file /home/airflow/.local/lib/python3.12/site-packages/airflow/example_dags/example_latest_only_with_trigger.py for tasks to queue
[2024-09-12T16:22:50.211+0000] {logging_mixin.py:190} INFO - [2024-09-12T16:22:50.209+0000] {dagbag.py:587} INFO - Filling up the DagBag from /home/airflow/.local/lib/python3.12/site-packages/airflow/example_dags/example_latest_only_with_trigger.py
[2024-09-12T16:22:50.284+0000] {processor.py:925} INFO - DAG(s) 'latest_only_with_trigger' retrieved from /home/airflow/.local/lib/python3.12/site-packages/airflow/example_dags/example_latest_only_with_trigger.py
[2024-09-12T16:22:50.454+0000] {logging_mixin.py:190} INFO - [2024-09-12T16:22:50.453+0000] {dag.py:3211} INFO - Sync 1 DAGs
[2024-09-12T16:22:50.755+0000] {logging_mixin.py:190} INFO - [2024-09-12T16:22:50.754+0000] {dag.py:4138} INFO - Setting next_dagrun for latest_only_with_trigger to 2024-09-12 12:00:00+00:00, run_after=2024-09-12 16:00:00+00:00
[2024-09-12T16:22:50.986+0000] {processor.py:208} INFO - Processing /home/airflow/.local/lib/python3.12/site-packages/airflow/example_dags/example_latest_only_with_trigger.py took 0.867 seconds
