[2024-09-12T14:58:38.387+0000] {processor.py:186} INFO - Started process (PID=83) to work on /home/airflow/.local/lib/python3.12/site-packages/airflow/example_dags/example_trigger_target_dag.py
[2024-09-12T14:58:38.392+0000] {processor.py:914} INFO - Processing file /home/airflow/.local/lib/python3.12/site-packages/airflow/example_dags/example_trigger_target_dag.py for tasks to queue
[2024-09-12T14:58:38.405+0000] {logging_mixin.py:190} INFO - [2024-09-12T14:58:38.405+0000] {dagbag.py:587} INFO - Filling up the DagBag from /home/airflow/.local/lib/python3.12/site-packages/airflow/example_dags/example_trigger_target_dag.py
[2024-09-12T14:58:38.430+0000] {processor.py:925} INFO - DAG(s) 'example_trigger_target_dag' retrieved from /home/airflow/.local/lib/python3.12/site-packages/airflow/example_dags/example_trigger_target_dag.py
[2024-09-12T14:58:38.562+0000] {logging_mixin.py:190} INFO - [2024-09-12T14:58:38.561+0000] {dag.py:3211} INFO - Sync 1 DAGs
[2024-09-12T14:58:38.608+0000] {logging_mixin.py:190} INFO - [2024-09-12T14:58:38.608+0000] {dag.py:4138} INFO - Setting next_dagrun for example_trigger_target_dag to None, run_after=None
[2024-09-12T14:58:38.706+0000] {processor.py:208} INFO - Processing /home/airflow/.local/lib/python3.12/site-packages/airflow/example_dags/example_trigger_target_dag.py took 0.339 seconds
[2024-09-12T14:59:35.589+0000] {processor.py:186} INFO - Started process (PID=158) to work on /home/airflow/.local/lib/python3.12/site-packages/airflow/example_dags/example_trigger_target_dag.py
[2024-09-12T14:59:35.619+0000] {processor.py:914} INFO - Processing file /home/airflow/.local/lib/python3.12/site-packages/airflow/example_dags/example_trigger_target_dag.py for tasks to queue
[2024-09-12T14:59:35.636+0000] {logging_mixin.py:190} INFO - [2024-09-12T14:59:35.636+0000] {dagbag.py:587} INFO - Filling up the DagBag from /home/airflow/.local/lib/python3.12/site-packages/airflow/example_dags/example_trigger_target_dag.py
[2024-09-12T14:59:35.807+0000] {processor.py:925} INFO - DAG(s) 'example_trigger_target_dag' retrieved from /home/airflow/.local/lib/python3.12/site-packages/airflow/example_dags/example_trigger_target_dag.py
[2024-09-12T14:59:36.012+0000] {logging_mixin.py:190} INFO - [2024-09-12T14:59:36.000+0000] {dag.py:3211} INFO - Sync 1 DAGs
[2024-09-12T14:59:36.186+0000] {logging_mixin.py:190} INFO - [2024-09-12T14:59:36.185+0000] {dag.py:4138} INFO - Setting next_dagrun for example_trigger_target_dag to None, run_after=None
[2024-09-12T14:59:36.499+0000] {processor.py:208} INFO - Processing /home/airflow/.local/lib/python3.12/site-packages/airflow/example_dags/example_trigger_target_dag.py took 1.073 seconds
[2024-09-12T15:00:31.519+0000] {processor.py:186} INFO - Started process (PID=234) to work on /home/airflow/.local/lib/python3.12/site-packages/airflow/example_dags/example_trigger_target_dag.py
[2024-09-12T15:00:31.525+0000] {processor.py:914} INFO - Processing file /home/airflow/.local/lib/python3.12/site-packages/airflow/example_dags/example_trigger_target_dag.py for tasks to queue
[2024-09-12T15:00:31.534+0000] {logging_mixin.py:190} INFO - [2024-09-12T15:00:31.532+0000] {dagbag.py:587} INFO - Filling up the DagBag from /home/airflow/.local/lib/python3.12/site-packages/airflow/example_dags/example_trigger_target_dag.py
[2024-09-12T15:00:31.584+0000] {processor.py:925} INFO - DAG(s) 'example_trigger_target_dag' retrieved from /home/airflow/.local/lib/python3.12/site-packages/airflow/example_dags/example_trigger_target_dag.py
[2024-09-12T15:00:31.737+0000] {logging_mixin.py:190} INFO - [2024-09-12T15:00:31.737+0000] {dag.py:3211} INFO - Sync 1 DAGs
[2024-09-12T15:00:31.918+0000] {logging_mixin.py:190} INFO - [2024-09-12T15:00:31.887+0000] {dag.py:4138} INFO - Setting next_dagrun for example_trigger_target_dag to None, run_after=None
[2024-09-12T15:00:32.088+0000] {processor.py:208} INFO - Processing /home/airflow/.local/lib/python3.12/site-packages/airflow/example_dags/example_trigger_target_dag.py took 0.591 seconds
[2024-09-12T15:01:47.570+0000] {processor.py:186} INFO - Started process (PID=306) to work on /home/airflow/.local/lib/python3.12/site-packages/airflow/example_dags/example_trigger_target_dag.py
[2024-09-12T15:01:47.586+0000] {processor.py:914} INFO - Processing file /home/airflow/.local/lib/python3.12/site-packages/airflow/example_dags/example_trigger_target_dag.py for tasks to queue
[2024-09-12T15:01:47.603+0000] {logging_mixin.py:190} INFO - [2024-09-12T15:01:47.602+0000] {dagbag.py:587} INFO - Filling up the DagBag from /home/airflow/.local/lib/python3.12/site-packages/airflow/example_dags/example_trigger_target_dag.py
[2024-09-12T15:01:47.688+0000] {processor.py:925} INFO - DAG(s) 'example_trigger_target_dag' retrieved from /home/airflow/.local/lib/python3.12/site-packages/airflow/example_dags/example_trigger_target_dag.py
[2024-09-12T15:01:48.032+0000] {logging_mixin.py:190} INFO - [2024-09-12T15:01:48.028+0000] {dag.py:3211} INFO - Sync 1 DAGs
[2024-09-12T15:01:48.376+0000] {logging_mixin.py:190} INFO - [2024-09-12T15:01:48.374+0000] {dag.py:4138} INFO - Setting next_dagrun for example_trigger_target_dag to None, run_after=None
[2024-09-12T15:01:48.616+0000] {processor.py:208} INFO - Processing /home/airflow/.local/lib/python3.12/site-packages/airflow/example_dags/example_trigger_target_dag.py took 1.068 seconds
[2024-09-12T15:02:56.839+0000] {processor.py:186} INFO - Started process (PID=362) to work on /home/airflow/.local/lib/python3.12/site-packages/airflow/example_dags/example_trigger_target_dag.py
[2024-09-12T15:02:56.870+0000] {processor.py:914} INFO - Processing file /home/airflow/.local/lib/python3.12/site-packages/airflow/example_dags/example_trigger_target_dag.py for tasks to queue
[2024-09-12T15:02:57.026+0000] {logging_mixin.py:190} INFO - [2024-09-12T15:02:56.980+0000] {dagbag.py:587} INFO - Filling up the DagBag from /home/airflow/.local/lib/python3.12/site-packages/airflow/example_dags/example_trigger_target_dag.py
[2024-09-12T15:02:57.281+0000] {processor.py:925} INFO - DAG(s) 'example_trigger_target_dag' retrieved from /home/airflow/.local/lib/python3.12/site-packages/airflow/example_dags/example_trigger_target_dag.py
[2024-09-12T15:02:58.151+0000] {logging_mixin.py:190} INFO - [2024-09-12T15:02:58.149+0000] {dag.py:3211} INFO - Sync 1 DAGs
[2024-09-12T15:02:58.532+0000] {logging_mixin.py:190} INFO - [2024-09-12T15:02:58.504+0000] {dag.py:4138} INFO - Setting next_dagrun for example_trigger_target_dag to None, run_after=None
[2024-09-12T15:02:59.011+0000] {processor.py:208} INFO - Processing /home/airflow/.local/lib/python3.12/site-packages/airflow/example_dags/example_trigger_target_dag.py took 2.298 seconds
[2024-09-12T15:04:02.405+0000] {processor.py:186} INFO - Started process (PID=408) to work on /home/airflow/.local/lib/python3.12/site-packages/airflow/example_dags/example_trigger_target_dag.py
[2024-09-12T15:04:02.418+0000] {processor.py:914} INFO - Processing file /home/airflow/.local/lib/python3.12/site-packages/airflow/example_dags/example_trigger_target_dag.py for tasks to queue
[2024-09-12T15:04:02.440+0000] {logging_mixin.py:190} INFO - [2024-09-12T15:04:02.440+0000] {dagbag.py:587} INFO - Filling up the DagBag from /home/airflow/.local/lib/python3.12/site-packages/airflow/example_dags/example_trigger_target_dag.py
[2024-09-12T15:04:02.494+0000] {processor.py:925} INFO - DAG(s) 'example_trigger_target_dag' retrieved from /home/airflow/.local/lib/python3.12/site-packages/airflow/example_dags/example_trigger_target_dag.py
[2024-09-12T15:04:02.668+0000] {logging_mixin.py:190} INFO - [2024-09-12T15:04:02.665+0000] {dag.py:3211} INFO - Sync 1 DAGs
[2024-09-12T15:04:02.835+0000] {logging_mixin.py:190} INFO - [2024-09-12T15:04:02.834+0000] {dag.py:4138} INFO - Setting next_dagrun for example_trigger_target_dag to None, run_after=None
[2024-09-12T15:04:03.011+0000] {processor.py:208} INFO - Processing /home/airflow/.local/lib/python3.12/site-packages/airflow/example_dags/example_trigger_target_dag.py took 0.648 seconds
[2024-09-12T15:04:53.119+0000] {processor.py:186} INFO - Started process (PID=474) to work on /home/airflow/.local/lib/python3.12/site-packages/airflow/example_dags/example_trigger_target_dag.py
[2024-09-12T15:04:53.132+0000] {processor.py:914} INFO - Processing file /home/airflow/.local/lib/python3.12/site-packages/airflow/example_dags/example_trigger_target_dag.py for tasks to queue
[2024-09-12T15:04:53.135+0000] {logging_mixin.py:190} INFO - [2024-09-12T15:04:53.135+0000] {dagbag.py:587} INFO - Filling up the DagBag from /home/airflow/.local/lib/python3.12/site-packages/airflow/example_dags/example_trigger_target_dag.py
[2024-09-12T15:04:53.206+0000] {processor.py:925} INFO - DAG(s) 'example_trigger_target_dag' retrieved from /home/airflow/.local/lib/python3.12/site-packages/airflow/example_dags/example_trigger_target_dag.py
[2024-09-12T15:04:53.407+0000] {logging_mixin.py:190} INFO - [2024-09-12T15:04:53.407+0000] {dag.py:3211} INFO - Sync 1 DAGs
[2024-09-12T15:04:53.548+0000] {logging_mixin.py:190} INFO - [2024-09-12T15:04:53.547+0000] {dag.py:4138} INFO - Setting next_dagrun for example_trigger_target_dag to None, run_after=None
[2024-09-12T15:04:53.710+0000] {processor.py:208} INFO - Processing /home/airflow/.local/lib/python3.12/site-packages/airflow/example_dags/example_trigger_target_dag.py took 0.619 seconds
[2024-09-12T15:05:51.198+0000] {processor.py:186} INFO - Started process (PID=535) to work on /home/airflow/.local/lib/python3.12/site-packages/airflow/example_dags/example_trigger_target_dag.py
[2024-09-12T15:05:51.214+0000] {processor.py:914} INFO - Processing file /home/airflow/.local/lib/python3.12/site-packages/airflow/example_dags/example_trigger_target_dag.py for tasks to queue
[2024-09-12T15:05:51.249+0000] {logging_mixin.py:190} INFO - [2024-09-12T15:05:51.248+0000] {dagbag.py:587} INFO - Filling up the DagBag from /home/airflow/.local/lib/python3.12/site-packages/airflow/example_dags/example_trigger_target_dag.py
[2024-09-12T15:05:51.304+0000] {processor.py:925} INFO - DAG(s) 'example_trigger_target_dag' retrieved from /home/airflow/.local/lib/python3.12/site-packages/airflow/example_dags/example_trigger_target_dag.py
[2024-09-12T15:05:51.413+0000] {logging_mixin.py:190} INFO - [2024-09-12T15:05:51.413+0000] {dag.py:3211} INFO - Sync 1 DAGs
[2024-09-12T15:05:51.533+0000] {logging_mixin.py:190} INFO - [2024-09-12T15:05:51.533+0000] {dag.py:4138} INFO - Setting next_dagrun for example_trigger_target_dag to None, run_after=None
[2024-09-12T15:05:51.637+0000] {processor.py:208} INFO - Processing /home/airflow/.local/lib/python3.12/site-packages/airflow/example_dags/example_trigger_target_dag.py took 0.475 seconds
[2024-09-12T15:06:45.833+0000] {processor.py:186} INFO - Started process (PID=607) to work on /home/airflow/.local/lib/python3.12/site-packages/airflow/example_dags/example_trigger_target_dag.py
[2024-09-12T15:06:45.907+0000] {processor.py:914} INFO - Processing file /home/airflow/.local/lib/python3.12/site-packages/airflow/example_dags/example_trigger_target_dag.py for tasks to queue
[2024-09-12T15:06:45.914+0000] {logging_mixin.py:190} INFO - [2024-09-12T15:06:45.913+0000] {dagbag.py:587} INFO - Filling up the DagBag from /home/airflow/.local/lib/python3.12/site-packages/airflow/example_dags/example_trigger_target_dag.py
[2024-09-12T15:06:46.086+0000] {processor.py:925} INFO - DAG(s) 'example_trigger_target_dag' retrieved from /home/airflow/.local/lib/python3.12/site-packages/airflow/example_dags/example_trigger_target_dag.py
[2024-09-12T15:06:46.261+0000] {logging_mixin.py:190} INFO - [2024-09-12T15:06:46.261+0000] {dag.py:3211} INFO - Sync 1 DAGs
[2024-09-12T15:06:46.370+0000] {logging_mixin.py:190} INFO - [2024-09-12T15:06:46.369+0000] {dag.py:4138} INFO - Setting next_dagrun for example_trigger_target_dag to None, run_after=None
[2024-09-12T15:06:46.582+0000] {processor.py:208} INFO - Processing /home/airflow/.local/lib/python3.12/site-packages/airflow/example_dags/example_trigger_target_dag.py took 0.808 seconds
[2024-09-12T15:07:50.233+0000] {processor.py:186} INFO - Started process (PID=671) to work on /home/airflow/.local/lib/python3.12/site-packages/airflow/example_dags/example_trigger_target_dag.py
[2024-09-12T15:07:50.239+0000] {processor.py:914} INFO - Processing file /home/airflow/.local/lib/python3.12/site-packages/airflow/example_dags/example_trigger_target_dag.py for tasks to queue
[2024-09-12T15:07:50.250+0000] {logging_mixin.py:190} INFO - [2024-09-12T15:07:50.249+0000] {dagbag.py:587} INFO - Filling up the DagBag from /home/airflow/.local/lib/python3.12/site-packages/airflow/example_dags/example_trigger_target_dag.py
[2024-09-12T15:07:50.308+0000] {processor.py:925} INFO - DAG(s) 'example_trigger_target_dag' retrieved from /home/airflow/.local/lib/python3.12/site-packages/airflow/example_dags/example_trigger_target_dag.py
[2024-09-12T15:07:50.422+0000] {logging_mixin.py:190} INFO - [2024-09-12T15:07:50.421+0000] {dag.py:3211} INFO - Sync 1 DAGs
[2024-09-12T15:07:50.555+0000] {logging_mixin.py:190} INFO - [2024-09-12T15:07:50.539+0000] {dag.py:4138} INFO - Setting next_dagrun for example_trigger_target_dag to None, run_after=None
[2024-09-12T15:07:50.860+0000] {processor.py:208} INFO - Processing /home/airflow/.local/lib/python3.12/site-packages/airflow/example_dags/example_trigger_target_dag.py took 0.672 seconds
[2024-09-12T15:09:20.456+0000] {processor.py:186} INFO - Started process (PID=760) to work on /home/airflow/.local/lib/python3.12/site-packages/airflow/example_dags/example_trigger_target_dag.py
[2024-09-12T15:09:20.470+0000] {processor.py:914} INFO - Processing file /home/airflow/.local/lib/python3.12/site-packages/airflow/example_dags/example_trigger_target_dag.py for tasks to queue
[2024-09-12T15:09:20.481+0000] {logging_mixin.py:190} INFO - [2024-09-12T15:09:20.480+0000] {dagbag.py:587} INFO - Filling up the DagBag from /home/airflow/.local/lib/python3.12/site-packages/airflow/example_dags/example_trigger_target_dag.py
[2024-09-12T15:09:20.572+0000] {processor.py:925} INFO - DAG(s) 'example_trigger_target_dag' retrieved from /home/airflow/.local/lib/python3.12/site-packages/airflow/example_dags/example_trigger_target_dag.py
[2024-09-12T15:09:20.968+0000] {logging_mixin.py:190} INFO - [2024-09-12T15:09:20.967+0000] {dag.py:3211} INFO - Sync 1 DAGs
[2024-09-12T15:09:21.109+0000] {logging_mixin.py:190} INFO - [2024-09-12T15:09:21.108+0000] {dag.py:4138} INFO - Setting next_dagrun for example_trigger_target_dag to None, run_after=None
[2024-09-12T15:09:21.337+0000] {processor.py:208} INFO - Processing /home/airflow/.local/lib/python3.12/site-packages/airflow/example_dags/example_trigger_target_dag.py took 0.971 seconds
[2024-09-12T15:10:18.710+0000] {processor.py:186} INFO - Started process (PID=833) to work on /home/airflow/.local/lib/python3.12/site-packages/airflow/example_dags/example_trigger_target_dag.py
[2024-09-12T15:10:18.778+0000] {processor.py:914} INFO - Processing file /home/airflow/.local/lib/python3.12/site-packages/airflow/example_dags/example_trigger_target_dag.py for tasks to queue
[2024-09-12T15:10:18.825+0000] {logging_mixin.py:190} INFO - [2024-09-12T15:10:18.796+0000] {dagbag.py:587} INFO - Filling up the DagBag from /home/airflow/.local/lib/python3.12/site-packages/airflow/example_dags/example_trigger_target_dag.py
[2024-09-12T15:10:18.915+0000] {processor.py:925} INFO - DAG(s) 'example_trigger_target_dag' retrieved from /home/airflow/.local/lib/python3.12/site-packages/airflow/example_dags/example_trigger_target_dag.py
[2024-09-12T15:10:19.181+0000] {logging_mixin.py:190} INFO - [2024-09-12T15:10:19.180+0000] {dag.py:3211} INFO - Sync 1 DAGs
[2024-09-12T15:10:19.336+0000] {logging_mixin.py:190} INFO - [2024-09-12T15:10:19.335+0000] {dag.py:4138} INFO - Setting next_dagrun for example_trigger_target_dag to None, run_after=None
[2024-09-12T15:10:19.481+0000] {processor.py:208} INFO - Processing /home/airflow/.local/lib/python3.12/site-packages/airflow/example_dags/example_trigger_target_dag.py took 0.845 seconds
[2024-09-12T15:11:16.730+0000] {processor.py:186} INFO - Started process (PID=908) to work on /home/airflow/.local/lib/python3.12/site-packages/airflow/example_dags/example_trigger_target_dag.py
[2024-09-12T15:11:16.737+0000] {processor.py:914} INFO - Processing file /home/airflow/.local/lib/python3.12/site-packages/airflow/example_dags/example_trigger_target_dag.py for tasks to queue
[2024-09-12T15:11:16.740+0000] {logging_mixin.py:190} INFO - [2024-09-12T15:11:16.739+0000] {dagbag.py:587} INFO - Filling up the DagBag from /home/airflow/.local/lib/python3.12/site-packages/airflow/example_dags/example_trigger_target_dag.py
[2024-09-12T15:11:16.842+0000] {processor.py:925} INFO - DAG(s) 'example_trigger_target_dag' retrieved from /home/airflow/.local/lib/python3.12/site-packages/airflow/example_dags/example_trigger_target_dag.py
[2024-09-12T15:11:17.101+0000] {logging_mixin.py:190} INFO - [2024-09-12T15:11:17.100+0000] {dag.py:3211} INFO - Sync 1 DAGs
[2024-09-12T15:11:17.240+0000] {logging_mixin.py:190} INFO - [2024-09-12T15:11:17.239+0000] {dag.py:4138} INFO - Setting next_dagrun for example_trigger_target_dag to None, run_after=None
[2024-09-12T15:11:17.474+0000] {processor.py:208} INFO - Processing /home/airflow/.local/lib/python3.12/site-packages/airflow/example_dags/example_trigger_target_dag.py took 0.879 seconds
[2024-09-12T15:15:02.663+0000] {processor.py:186} INFO - Started process (PID=90) to work on /home/airflow/.local/lib/python3.12/site-packages/airflow/example_dags/example_trigger_target_dag.py
[2024-09-12T15:15:02.676+0000] {processor.py:914} INFO - Processing file /home/airflow/.local/lib/python3.12/site-packages/airflow/example_dags/example_trigger_target_dag.py for tasks to queue
[2024-09-12T15:15:02.707+0000] {logging_mixin.py:190} INFO - [2024-09-12T15:15:02.694+0000] {dagbag.py:587} INFO - Filling up the DagBag from /home/airflow/.local/lib/python3.12/site-packages/airflow/example_dags/example_trigger_target_dag.py
[2024-09-12T15:15:02.803+0000] {processor.py:925} INFO - DAG(s) 'example_trigger_target_dag' retrieved from /home/airflow/.local/lib/python3.12/site-packages/airflow/example_dags/example_trigger_target_dag.py
[2024-09-12T15:15:03.186+0000] {logging_mixin.py:190} INFO - [2024-09-12T15:15:03.185+0000] {dag.py:3211} INFO - Sync 1 DAGs
[2024-09-12T15:15:03.354+0000] {logging_mixin.py:190} INFO - [2024-09-12T15:15:03.353+0000] {dag.py:4138} INFO - Setting next_dagrun for example_trigger_target_dag to None, run_after=None
[2024-09-12T15:15:03.533+0000] {processor.py:208} INFO - Processing /home/airflow/.local/lib/python3.12/site-packages/airflow/example_dags/example_trigger_target_dag.py took 0.905 seconds
[2024-09-12T15:15:57.583+0000] {processor.py:186} INFO - Started process (PID=161) to work on /home/airflow/.local/lib/python3.12/site-packages/airflow/example_dags/example_trigger_target_dag.py
[2024-09-12T15:15:57.599+0000] {processor.py:914} INFO - Processing file /home/airflow/.local/lib/python3.12/site-packages/airflow/example_dags/example_trigger_target_dag.py for tasks to queue
[2024-09-12T15:15:57.622+0000] {logging_mixin.py:190} INFO - [2024-09-12T15:15:57.616+0000] {dagbag.py:587} INFO - Filling up the DagBag from /home/airflow/.local/lib/python3.12/site-packages/airflow/example_dags/example_trigger_target_dag.py
[2024-09-12T15:15:57.826+0000] {processor.py:925} INFO - DAG(s) 'example_trigger_target_dag' retrieved from /home/airflow/.local/lib/python3.12/site-packages/airflow/example_dags/example_trigger_target_dag.py
[2024-09-12T15:15:58.079+0000] {logging_mixin.py:190} INFO - [2024-09-12T15:15:58.078+0000] {dag.py:3211} INFO - Sync 1 DAGs
[2024-09-12T15:15:58.371+0000] {logging_mixin.py:190} INFO - [2024-09-12T15:15:58.370+0000] {dag.py:4138} INFO - Setting next_dagrun for example_trigger_target_dag to None, run_after=None
[2024-09-12T15:15:58.702+0000] {processor.py:208} INFO - Processing /home/airflow/.local/lib/python3.12/site-packages/airflow/example_dags/example_trigger_target_dag.py took 1.234 seconds
[2024-09-12T15:17:02.022+0000] {processor.py:186} INFO - Started process (PID=222) to work on /home/airflow/.local/lib/python3.12/site-packages/airflow/example_dags/example_trigger_target_dag.py
[2024-09-12T15:17:02.039+0000] {processor.py:914} INFO - Processing file /home/airflow/.local/lib/python3.12/site-packages/airflow/example_dags/example_trigger_target_dag.py for tasks to queue
[2024-09-12T15:17:02.049+0000] {logging_mixin.py:190} INFO - [2024-09-12T15:17:02.046+0000] {dagbag.py:587} INFO - Filling up the DagBag from /home/airflow/.local/lib/python3.12/site-packages/airflow/example_dags/example_trigger_target_dag.py
[2024-09-12T15:17:02.115+0000] {processor.py:925} INFO - DAG(s) 'example_trigger_target_dag' retrieved from /home/airflow/.local/lib/python3.12/site-packages/airflow/example_dags/example_trigger_target_dag.py
[2024-09-12T15:17:02.435+0000] {logging_mixin.py:190} INFO - [2024-09-12T15:17:02.434+0000] {dag.py:3211} INFO - Sync 1 DAGs
[2024-09-12T15:17:02.598+0000] {logging_mixin.py:190} INFO - [2024-09-12T15:17:02.589+0000] {dag.py:4138} INFO - Setting next_dagrun for example_trigger_target_dag to None, run_after=None
[2024-09-12T15:17:02.961+0000] {processor.py:208} INFO - Processing /home/airflow/.local/lib/python3.12/site-packages/airflow/example_dags/example_trigger_target_dag.py took 1.081 seconds
[2024-09-12T15:18:02.404+0000] {processor.py:186} INFO - Started process (PID=297) to work on /home/airflow/.local/lib/python3.12/site-packages/airflow/example_dags/example_trigger_target_dag.py
[2024-09-12T15:18:02.419+0000] {processor.py:914} INFO - Processing file /home/airflow/.local/lib/python3.12/site-packages/airflow/example_dags/example_trigger_target_dag.py for tasks to queue
[2024-09-12T15:18:02.452+0000] {logging_mixin.py:190} INFO - [2024-09-12T15:18:02.452+0000] {dagbag.py:587} INFO - Filling up the DagBag from /home/airflow/.local/lib/python3.12/site-packages/airflow/example_dags/example_trigger_target_dag.py
[2024-09-12T15:18:02.550+0000] {processor.py:925} INFO - DAG(s) 'example_trigger_target_dag' retrieved from /home/airflow/.local/lib/python3.12/site-packages/airflow/example_dags/example_trigger_target_dag.py
[2024-09-12T15:18:02.926+0000] {logging_mixin.py:190} INFO - [2024-09-12T15:18:02.926+0000] {dag.py:3211} INFO - Sync 1 DAGs
[2024-09-12T15:18:03.118+0000] {logging_mixin.py:190} INFO - [2024-09-12T15:18:03.118+0000] {dag.py:4138} INFO - Setting next_dagrun for example_trigger_target_dag to None, run_after=None
[2024-09-12T15:18:03.341+0000] {processor.py:208} INFO - Processing /home/airflow/.local/lib/python3.12/site-packages/airflow/example_dags/example_trigger_target_dag.py took 1.035 seconds
[2024-09-12T15:18:42.644+0000] {processor.py:186} INFO - Started process (PID=352) to work on /home/airflow/.local/lib/python3.12/site-packages/airflow/example_dags/example_trigger_target_dag.py
[2024-09-12T15:18:42.659+0000] {processor.py:914} INFO - Processing file /home/airflow/.local/lib/python3.12/site-packages/airflow/example_dags/example_trigger_target_dag.py for tasks to queue
[2024-09-12T15:18:42.679+0000] {logging_mixin.py:190} INFO - [2024-09-12T15:18:42.679+0000] {dagbag.py:587} INFO - Filling up the DagBag from /home/airflow/.local/lib/python3.12/site-packages/airflow/example_dags/example_trigger_target_dag.py
[2024-09-12T15:18:42.724+0000] {processor.py:925} INFO - DAG(s) 'example_trigger_target_dag' retrieved from /home/airflow/.local/lib/python3.12/site-packages/airflow/example_dags/example_trigger_target_dag.py
[2024-09-12T15:18:42.919+0000] {logging_mixin.py:190} INFO - [2024-09-12T15:18:42.906+0000] {dag.py:3211} INFO - Sync 1 DAGs
[2024-09-12T15:18:43.206+0000] {logging_mixin.py:190} INFO - [2024-09-12T15:18:43.206+0000] {dag.py:4138} INFO - Setting next_dagrun for example_trigger_target_dag to None, run_after=None
[2024-09-12T15:18:43.585+0000] {processor.py:208} INFO - Processing /home/airflow/.local/lib/python3.12/site-packages/airflow/example_dags/example_trigger_target_dag.py took 1.015 seconds
[2024-09-12T15:19:39.283+0000] {processor.py:186} INFO - Started process (PID=410) to work on /home/airflow/.local/lib/python3.12/site-packages/airflow/example_dags/example_trigger_target_dag.py
[2024-09-12T15:19:39.298+0000] {processor.py:914} INFO - Processing file /home/airflow/.local/lib/python3.12/site-packages/airflow/example_dags/example_trigger_target_dag.py for tasks to queue
[2024-09-12T15:19:39.316+0000] {logging_mixin.py:190} INFO - [2024-09-12T15:19:39.315+0000] {dagbag.py:587} INFO - Filling up the DagBag from /home/airflow/.local/lib/python3.12/site-packages/airflow/example_dags/example_trigger_target_dag.py
[2024-09-12T15:19:39.371+0000] {processor.py:925} INFO - DAG(s) 'example_trigger_target_dag' retrieved from /home/airflow/.local/lib/python3.12/site-packages/airflow/example_dags/example_trigger_target_dag.py
[2024-09-12T15:19:39.674+0000] {logging_mixin.py:190} INFO - [2024-09-12T15:19:39.673+0000] {dag.py:3211} INFO - Sync 1 DAGs
[2024-09-12T15:19:39.842+0000] {logging_mixin.py:190} INFO - [2024-09-12T15:19:39.841+0000] {dag.py:4138} INFO - Setting next_dagrun for example_trigger_target_dag to None, run_after=None
[2024-09-12T15:19:39.999+0000] {processor.py:208} INFO - Processing /home/airflow/.local/lib/python3.12/site-packages/airflow/example_dags/example_trigger_target_dag.py took 0.738 seconds
[2024-09-12T15:20:16.149+0000] {processor.py:186} INFO - Started process (PID=459) to work on /home/airflow/.local/lib/python3.12/site-packages/airflow/example_dags/example_trigger_target_dag.py
[2024-09-12T15:20:16.155+0000] {processor.py:914} INFO - Processing file /home/airflow/.local/lib/python3.12/site-packages/airflow/example_dags/example_trigger_target_dag.py for tasks to queue
[2024-09-12T15:20:16.179+0000] {logging_mixin.py:190} INFO - [2024-09-12T15:20:16.178+0000] {dagbag.py:587} INFO - Filling up the DagBag from /home/airflow/.local/lib/python3.12/site-packages/airflow/example_dags/example_trigger_target_dag.py
[2024-09-12T15:20:16.234+0000] {processor.py:925} INFO - DAG(s) 'example_trigger_target_dag' retrieved from /home/airflow/.local/lib/python3.12/site-packages/airflow/example_dags/example_trigger_target_dag.py
[2024-09-12T15:20:16.491+0000] {logging_mixin.py:190} INFO - [2024-09-12T15:20:16.491+0000] {dag.py:3211} INFO - Sync 1 DAGs
[2024-09-12T15:20:16.722+0000] {logging_mixin.py:190} INFO - [2024-09-12T15:20:16.704+0000] {dag.py:4138} INFO - Setting next_dagrun for example_trigger_target_dag to None, run_after=None
[2024-09-12T15:20:17.107+0000] {processor.py:208} INFO - Processing /home/airflow/.local/lib/python3.12/site-packages/airflow/example_dags/example_trigger_target_dag.py took 0.990 seconds
[2024-09-12T15:21:09.644+0000] {processor.py:186} INFO - Started process (PID=540) to work on /home/airflow/.local/lib/python3.12/site-packages/airflow/example_dags/example_trigger_target_dag.py
[2024-09-12T15:21:09.679+0000] {processor.py:914} INFO - Processing file /home/airflow/.local/lib/python3.12/site-packages/airflow/example_dags/example_trigger_target_dag.py for tasks to queue
[2024-09-12T15:21:09.697+0000] {logging_mixin.py:190} INFO - [2024-09-12T15:21:09.696+0000] {dagbag.py:587} INFO - Filling up the DagBag from /home/airflow/.local/lib/python3.12/site-packages/airflow/example_dags/example_trigger_target_dag.py
[2024-09-12T15:21:09.972+0000] {processor.py:925} INFO - DAG(s) 'example_trigger_target_dag' retrieved from /home/airflow/.local/lib/python3.12/site-packages/airflow/example_dags/example_trigger_target_dag.py
[2024-09-12T15:21:10.296+0000] {logging_mixin.py:190} INFO - [2024-09-12T15:21:10.296+0000] {dag.py:3211} INFO - Sync 1 DAGs
[2024-09-12T15:21:10.651+0000] {logging_mixin.py:190} INFO - [2024-09-12T15:21:10.651+0000] {dag.py:4138} INFO - Setting next_dagrun for example_trigger_target_dag to None, run_after=None
[2024-09-12T15:21:11.089+0000] {processor.py:208} INFO - Processing /home/airflow/.local/lib/python3.12/site-packages/airflow/example_dags/example_trigger_target_dag.py took 1.592 seconds
[2024-09-12T15:22:36.360+0000] {processor.py:186} INFO - Started process (PID=627) to work on /home/airflow/.local/lib/python3.12/site-packages/airflow/example_dags/example_trigger_target_dag.py
[2024-09-12T15:22:36.423+0000] {processor.py:914} INFO - Processing file /home/airflow/.local/lib/python3.12/site-packages/airflow/example_dags/example_trigger_target_dag.py for tasks to queue
[2024-09-12T15:22:36.457+0000] {logging_mixin.py:190} INFO - [2024-09-12T15:22:36.454+0000] {dagbag.py:587} INFO - Filling up the DagBag from /home/airflow/.local/lib/python3.12/site-packages/airflow/example_dags/example_trigger_target_dag.py
[2024-09-12T15:22:36.532+0000] {processor.py:925} INFO - DAG(s) 'example_trigger_target_dag' retrieved from /home/airflow/.local/lib/python3.12/site-packages/airflow/example_dags/example_trigger_target_dag.py
[2024-09-12T15:22:36.843+0000] {logging_mixin.py:190} INFO - [2024-09-12T15:22:36.843+0000] {dag.py:3211} INFO - Sync 1 DAGs
[2024-09-12T15:22:37.029+0000] {logging_mixin.py:190} INFO - [2024-09-12T15:22:37.028+0000] {dag.py:4138} INFO - Setting next_dagrun for example_trigger_target_dag to None, run_after=None
[2024-09-12T15:22:37.278+0000] {processor.py:208} INFO - Processing /home/airflow/.local/lib/python3.12/site-packages/airflow/example_dags/example_trigger_target_dag.py took 0.976 seconds
[2024-09-12T15:23:34.564+0000] {processor.py:186} INFO - Started process (PID=699) to work on /home/airflow/.local/lib/python3.12/site-packages/airflow/example_dags/example_trigger_target_dag.py
[2024-09-12T15:23:34.567+0000] {processor.py:914} INFO - Processing file /home/airflow/.local/lib/python3.12/site-packages/airflow/example_dags/example_trigger_target_dag.py for tasks to queue
[2024-09-12T15:23:34.584+0000] {logging_mixin.py:190} INFO - [2024-09-12T15:23:34.583+0000] {dagbag.py:587} INFO - Filling up the DagBag from /home/airflow/.local/lib/python3.12/site-packages/airflow/example_dags/example_trigger_target_dag.py
[2024-09-12T15:23:34.634+0000] {processor.py:925} INFO - DAG(s) 'example_trigger_target_dag' retrieved from /home/airflow/.local/lib/python3.12/site-packages/airflow/example_dags/example_trigger_target_dag.py
[2024-09-12T15:23:34.790+0000] {logging_mixin.py:190} INFO - [2024-09-12T15:23:34.789+0000] {dag.py:3211} INFO - Sync 1 DAGs
[2024-09-12T15:23:34.902+0000] {logging_mixin.py:190} INFO - [2024-09-12T15:23:34.902+0000] {dag.py:4138} INFO - Setting next_dagrun for example_trigger_target_dag to None, run_after=None
[2024-09-12T15:23:35.142+0000] {processor.py:208} INFO - Processing /home/airflow/.local/lib/python3.12/site-packages/airflow/example_dags/example_trigger_target_dag.py took 0.642 seconds
[2024-09-12T15:24:54.585+0000] {processor.py:186} INFO - Started process (PID=780) to work on /home/airflow/.local/lib/python3.12/site-packages/airflow/example_dags/example_trigger_target_dag.py
[2024-09-12T15:24:54.602+0000] {processor.py:914} INFO - Processing file /home/airflow/.local/lib/python3.12/site-packages/airflow/example_dags/example_trigger_target_dag.py for tasks to queue
[2024-09-12T15:24:54.626+0000] {logging_mixin.py:190} INFO - [2024-09-12T15:24:54.625+0000] {dagbag.py:587} INFO - Filling up the DagBag from /home/airflow/.local/lib/python3.12/site-packages/airflow/example_dags/example_trigger_target_dag.py
[2024-09-12T15:24:54.740+0000] {processor.py:925} INFO - DAG(s) 'example_trigger_target_dag' retrieved from /home/airflow/.local/lib/python3.12/site-packages/airflow/example_dags/example_trigger_target_dag.py
[2024-09-12T15:24:54.994+0000] {logging_mixin.py:190} INFO - [2024-09-12T15:24:54.992+0000] {dag.py:3211} INFO - Sync 1 DAGs
[2024-09-12T15:24:55.281+0000] {logging_mixin.py:190} INFO - [2024-09-12T15:24:55.281+0000] {dag.py:4138} INFO - Setting next_dagrun for example_trigger_target_dag to None, run_after=None
[2024-09-12T15:24:55.565+0000] {processor.py:208} INFO - Processing /home/airflow/.local/lib/python3.12/site-packages/airflow/example_dags/example_trigger_target_dag.py took 1.099 seconds
[2024-09-12T15:26:50.220+0000] {processor.py:186} INFO - Started process (PID=866) to work on /home/airflow/.local/lib/python3.12/site-packages/airflow/example_dags/example_trigger_target_dag.py
[2024-09-12T15:26:50.239+0000] {processor.py:914} INFO - Processing file /home/airflow/.local/lib/python3.12/site-packages/airflow/example_dags/example_trigger_target_dag.py for tasks to queue
[2024-09-12T15:26:50.301+0000] {logging_mixin.py:190} INFO - [2024-09-12T15:26:50.300+0000] {dagbag.py:587} INFO - Filling up the DagBag from /home/airflow/.local/lib/python3.12/site-packages/airflow/example_dags/example_trigger_target_dag.py
[2024-09-12T15:26:50.412+0000] {processor.py:925} INFO - DAG(s) 'example_trigger_target_dag' retrieved from /home/airflow/.local/lib/python3.12/site-packages/airflow/example_dags/example_trigger_target_dag.py
[2024-09-12T15:26:50.720+0000] {logging_mixin.py:190} INFO - [2024-09-12T15:26:50.719+0000] {dag.py:3211} INFO - Sync 1 DAGs
[2024-09-12T15:26:50.992+0000] {logging_mixin.py:190} INFO - [2024-09-12T15:26:50.991+0000] {dag.py:4138} INFO - Setting next_dagrun for example_trigger_target_dag to None, run_after=None
[2024-09-12T15:26:51.242+0000] {processor.py:208} INFO - Processing /home/airflow/.local/lib/python3.12/site-packages/airflow/example_dags/example_trigger_target_dag.py took 1.068 seconds
[2024-09-12T15:27:46.023+0000] {processor.py:186} INFO - Started process (PID=938) to work on /home/airflow/.local/lib/python3.12/site-packages/airflow/example_dags/example_trigger_target_dag.py
[2024-09-12T15:27:46.043+0000] {processor.py:914} INFO - Processing file /home/airflow/.local/lib/python3.12/site-packages/airflow/example_dags/example_trigger_target_dag.py for tasks to queue
[2024-09-12T15:27:46.063+0000] {logging_mixin.py:190} INFO - [2024-09-12T15:27:46.063+0000] {dagbag.py:587} INFO - Filling up the DagBag from /home/airflow/.local/lib/python3.12/site-packages/airflow/example_dags/example_trigger_target_dag.py
[2024-09-12T15:27:46.186+0000] {processor.py:925} INFO - DAG(s) 'example_trigger_target_dag' retrieved from /home/airflow/.local/lib/python3.12/site-packages/airflow/example_dags/example_trigger_target_dag.py
[2024-09-12T15:27:46.499+0000] {logging_mixin.py:190} INFO - [2024-09-12T15:27:46.499+0000] {dag.py:3211} INFO - Sync 1 DAGs
[2024-09-12T15:27:46.753+0000] {logging_mixin.py:190} INFO - [2024-09-12T15:27:46.753+0000] {dag.py:4138} INFO - Setting next_dagrun for example_trigger_target_dag to None, run_after=None
[2024-09-12T15:27:46.952+0000] {processor.py:208} INFO - Processing /home/airflow/.local/lib/python3.12/site-packages/airflow/example_dags/example_trigger_target_dag.py took 0.994 seconds
[2024-09-12T15:28:27.654+0000] {processor.py:186} INFO - Started process (PID=992) to work on /home/airflow/.local/lib/python3.12/site-packages/airflow/example_dags/example_trigger_target_dag.py
[2024-09-12T15:28:27.669+0000] {processor.py:914} INFO - Processing file /home/airflow/.local/lib/python3.12/site-packages/airflow/example_dags/example_trigger_target_dag.py for tasks to queue
[2024-09-12T15:28:27.690+0000] {logging_mixin.py:190} INFO - [2024-09-12T15:28:27.689+0000] {dagbag.py:587} INFO - Filling up the DagBag from /home/airflow/.local/lib/python3.12/site-packages/airflow/example_dags/example_trigger_target_dag.py
[2024-09-12T15:28:27.768+0000] {processor.py:925} INFO - DAG(s) 'example_trigger_target_dag' retrieved from /home/airflow/.local/lib/python3.12/site-packages/airflow/example_dags/example_trigger_target_dag.py
[2024-09-12T15:28:28.021+0000] {logging_mixin.py:190} INFO - [2024-09-12T15:28:28.020+0000] {dag.py:3211} INFO - Sync 1 DAGs
[2024-09-12T15:28:28.157+0000] {logging_mixin.py:190} INFO - [2024-09-12T15:28:28.126+0000] {dag.py:4138} INFO - Setting next_dagrun for example_trigger_target_dag to None, run_after=None
[2024-09-12T15:28:28.336+0000] {processor.py:208} INFO - Processing /home/airflow/.local/lib/python3.12/site-packages/airflow/example_dags/example_trigger_target_dag.py took 0.719 seconds
[2024-09-12T15:29:16.957+0000] {processor.py:186} INFO - Started process (PID=1062) to work on /home/airflow/.local/lib/python3.12/site-packages/airflow/example_dags/example_trigger_target_dag.py
[2024-09-12T15:29:16.961+0000] {processor.py:914} INFO - Processing file /home/airflow/.local/lib/python3.12/site-packages/airflow/example_dags/example_trigger_target_dag.py for tasks to queue
[2024-09-12T15:29:16.984+0000] {logging_mixin.py:190} INFO - [2024-09-12T15:29:16.983+0000] {dagbag.py:587} INFO - Filling up the DagBag from /home/airflow/.local/lib/python3.12/site-packages/airflow/example_dags/example_trigger_target_dag.py
[2024-09-12T15:29:17.065+0000] {processor.py:925} INFO - DAG(s) 'example_trigger_target_dag' retrieved from /home/airflow/.local/lib/python3.12/site-packages/airflow/example_dags/example_trigger_target_dag.py
[2024-09-12T15:29:17.281+0000] {logging_mixin.py:190} INFO - [2024-09-12T15:29:17.281+0000] {dag.py:3211} INFO - Sync 1 DAGs
[2024-09-12T15:29:17.418+0000] {logging_mixin.py:190} INFO - [2024-09-12T15:29:17.417+0000] {dag.py:4138} INFO - Setting next_dagrun for example_trigger_target_dag to None, run_after=None
[2024-09-12T15:29:17.674+0000] {processor.py:208} INFO - Processing /home/airflow/.local/lib/python3.12/site-packages/airflow/example_dags/example_trigger_target_dag.py took 0.766 seconds
[2024-09-12T15:31:06.089+0000] {processor.py:186} INFO - Started process (PID=1143) to work on /home/airflow/.local/lib/python3.12/site-packages/airflow/example_dags/example_trigger_target_dag.py
[2024-09-12T15:31:06.107+0000] {processor.py:914} INFO - Processing file /home/airflow/.local/lib/python3.12/site-packages/airflow/example_dags/example_trigger_target_dag.py for tasks to queue
[2024-09-12T15:31:06.123+0000] {logging_mixin.py:190} INFO - [2024-09-12T15:31:06.122+0000] {dagbag.py:587} INFO - Filling up the DagBag from /home/airflow/.local/lib/python3.12/site-packages/airflow/example_dags/example_trigger_target_dag.py
[2024-09-12T15:31:06.200+0000] {processor.py:925} INFO - DAG(s) 'example_trigger_target_dag' retrieved from /home/airflow/.local/lib/python3.12/site-packages/airflow/example_dags/example_trigger_target_dag.py
[2024-09-12T15:31:06.422+0000] {logging_mixin.py:190} INFO - [2024-09-12T15:31:06.419+0000] {dag.py:3211} INFO - Sync 1 DAGs
[2024-09-12T15:31:06.517+0000] {logging_mixin.py:190} INFO - [2024-09-12T15:31:06.516+0000] {dag.py:4138} INFO - Setting next_dagrun for example_trigger_target_dag to None, run_after=None
[2024-09-12T15:31:06.696+0000] {processor.py:208} INFO - Processing /home/airflow/.local/lib/python3.12/site-packages/airflow/example_dags/example_trigger_target_dag.py took 0.663 seconds
[2024-09-12T15:31:48.089+0000] {processor.py:186} INFO - Started process (PID=1203) to work on /home/airflow/.local/lib/python3.12/site-packages/airflow/example_dags/example_trigger_target_dag.py
[2024-09-12T15:31:48.097+0000] {processor.py:914} INFO - Processing file /home/airflow/.local/lib/python3.12/site-packages/airflow/example_dags/example_trigger_target_dag.py for tasks to queue
[2024-09-12T15:31:48.105+0000] {logging_mixin.py:190} INFO - [2024-09-12T15:31:48.105+0000] {dagbag.py:587} INFO - Filling up the DagBag from /home/airflow/.local/lib/python3.12/site-packages/airflow/example_dags/example_trigger_target_dag.py
[2024-09-12T15:31:48.193+0000] {processor.py:925} INFO - DAG(s) 'example_trigger_target_dag' retrieved from /home/airflow/.local/lib/python3.12/site-packages/airflow/example_dags/example_trigger_target_dag.py
[2024-09-12T15:31:48.329+0000] {logging_mixin.py:190} INFO - [2024-09-12T15:31:48.329+0000] {dag.py:3211} INFO - Sync 1 DAGs
[2024-09-12T15:31:48.448+0000] {logging_mixin.py:190} INFO - [2024-09-12T15:31:48.447+0000] {dag.py:4138} INFO - Setting next_dagrun for example_trigger_target_dag to None, run_after=None
[2024-09-12T15:31:48.597+0000] {processor.py:208} INFO - Processing /home/airflow/.local/lib/python3.12/site-packages/airflow/example_dags/example_trigger_target_dag.py took 0.560 seconds
[2024-09-12T15:32:31.596+0000] {processor.py:186} INFO - Started process (PID=1268) to work on /home/airflow/.local/lib/python3.12/site-packages/airflow/example_dags/example_trigger_target_dag.py
[2024-09-12T15:32:31.602+0000] {processor.py:914} INFO - Processing file /home/airflow/.local/lib/python3.12/site-packages/airflow/example_dags/example_trigger_target_dag.py for tasks to queue
[2024-09-12T15:32:31.611+0000] {logging_mixin.py:190} INFO - [2024-09-12T15:32:31.610+0000] {dagbag.py:587} INFO - Filling up the DagBag from /home/airflow/.local/lib/python3.12/site-packages/airflow/example_dags/example_trigger_target_dag.py
[2024-09-12T15:32:31.649+0000] {processor.py:925} INFO - DAG(s) 'example_trigger_target_dag' retrieved from /home/airflow/.local/lib/python3.12/site-packages/airflow/example_dags/example_trigger_target_dag.py
[2024-09-12T15:32:31.728+0000] {logging_mixin.py:190} INFO - [2024-09-12T15:32:31.727+0000] {dag.py:3211} INFO - Sync 1 DAGs
[2024-09-12T15:32:31.801+0000] {logging_mixin.py:190} INFO - [2024-09-12T15:32:31.799+0000] {dag.py:4138} INFO - Setting next_dagrun for example_trigger_target_dag to None, run_after=None
[2024-09-12T15:32:31.928+0000] {processor.py:208} INFO - Processing /home/airflow/.local/lib/python3.12/site-packages/airflow/example_dags/example_trigger_target_dag.py took 0.357 seconds
[2024-09-12T15:33:12.781+0000] {processor.py:186} INFO - Started process (PID=1311) to work on /home/airflow/.local/lib/python3.12/site-packages/airflow/example_dags/example_trigger_target_dag.py
[2024-09-12T15:33:12.801+0000] {processor.py:914} INFO - Processing file /home/airflow/.local/lib/python3.12/site-packages/airflow/example_dags/example_trigger_target_dag.py for tasks to queue
[2024-09-12T15:33:12.804+0000] {logging_mixin.py:190} INFO - [2024-09-12T15:33:12.803+0000] {dagbag.py:587} INFO - Filling up the DagBag from /home/airflow/.local/lib/python3.12/site-packages/airflow/example_dags/example_trigger_target_dag.py
[2024-09-12T15:33:12.836+0000] {processor.py:925} INFO - DAG(s) 'example_trigger_target_dag' retrieved from /home/airflow/.local/lib/python3.12/site-packages/airflow/example_dags/example_trigger_target_dag.py
[2024-09-12T15:33:12.953+0000] {logging_mixin.py:190} INFO - [2024-09-12T15:33:12.953+0000] {dag.py:3211} INFO - Sync 1 DAGs
[2024-09-12T15:33:13.028+0000] {logging_mixin.py:190} INFO - [2024-09-12T15:33:13.027+0000] {dag.py:4138} INFO - Setting next_dagrun for example_trigger_target_dag to None, run_after=None
[2024-09-12T15:33:13.112+0000] {processor.py:208} INFO - Processing /home/airflow/.local/lib/python3.12/site-packages/airflow/example_dags/example_trigger_target_dag.py took 0.361 seconds
[2024-09-12T15:33:54.563+0000] {processor.py:186} INFO - Started process (PID=1376) to work on /home/airflow/.local/lib/python3.12/site-packages/airflow/example_dags/example_trigger_target_dag.py
[2024-09-12T15:33:54.566+0000] {processor.py:914} INFO - Processing file /home/airflow/.local/lib/python3.12/site-packages/airflow/example_dags/example_trigger_target_dag.py for tasks to queue
[2024-09-12T15:33:54.572+0000] {logging_mixin.py:190} INFO - [2024-09-12T15:33:54.571+0000] {dagbag.py:587} INFO - Filling up the DagBag from /home/airflow/.local/lib/python3.12/site-packages/airflow/example_dags/example_trigger_target_dag.py
[2024-09-12T15:33:54.653+0000] {processor.py:925} INFO - DAG(s) 'example_trigger_target_dag' retrieved from /home/airflow/.local/lib/python3.12/site-packages/airflow/example_dags/example_trigger_target_dag.py
[2024-09-12T15:33:54.936+0000] {logging_mixin.py:190} INFO - [2024-09-12T15:33:54.936+0000] {dag.py:3211} INFO - Sync 1 DAGs
[2024-09-12T15:33:55.326+0000] {logging_mixin.py:190} INFO - [2024-09-12T15:33:55.326+0000] {dag.py:4138} INFO - Setting next_dagrun for example_trigger_target_dag to None, run_after=None
[2024-09-12T15:33:55.595+0000] {processor.py:208} INFO - Processing /home/airflow/.local/lib/python3.12/site-packages/airflow/example_dags/example_trigger_target_dag.py took 1.102 seconds
[2024-09-12T15:34:31.059+0000] {processor.py:186} INFO - Started process (PID=1443) to work on /home/airflow/.local/lib/python3.12/site-packages/airflow/example_dags/example_trigger_target_dag.py
[2024-09-12T15:34:31.074+0000] {processor.py:914} INFO - Processing file /home/airflow/.local/lib/python3.12/site-packages/airflow/example_dags/example_trigger_target_dag.py for tasks to queue
[2024-09-12T15:34:31.093+0000] {logging_mixin.py:190} INFO - [2024-09-12T15:34:31.093+0000] {dagbag.py:587} INFO - Filling up the DagBag from /home/airflow/.local/lib/python3.12/site-packages/airflow/example_dags/example_trigger_target_dag.py
[2024-09-12T15:34:31.230+0000] {processor.py:925} INFO - DAG(s) 'example_trigger_target_dag' retrieved from /home/airflow/.local/lib/python3.12/site-packages/airflow/example_dags/example_trigger_target_dag.py
[2024-09-12T15:34:31.383+0000] {logging_mixin.py:190} INFO - [2024-09-12T15:34:31.382+0000] {dag.py:3211} INFO - Sync 1 DAGs
[2024-09-12T15:34:31.477+0000] {logging_mixin.py:190} INFO - [2024-09-12T15:34:31.476+0000] {dag.py:4138} INFO - Setting next_dagrun for example_trigger_target_dag to None, run_after=None
[2024-09-12T15:34:31.620+0000] {processor.py:208} INFO - Processing /home/airflow/.local/lib/python3.12/site-packages/airflow/example_dags/example_trigger_target_dag.py took 0.662 seconds
[2024-09-12T15:35:29.825+0000] {processor.py:186} INFO - Started process (PID=1513) to work on /home/airflow/.local/lib/python3.12/site-packages/airflow/example_dags/example_trigger_target_dag.py
[2024-09-12T15:35:29.875+0000] {processor.py:914} INFO - Processing file /home/airflow/.local/lib/python3.12/site-packages/airflow/example_dags/example_trigger_target_dag.py for tasks to queue
[2024-09-12T15:35:29.921+0000] {logging_mixin.py:190} INFO - [2024-09-12T15:35:29.892+0000] {dagbag.py:587} INFO - Filling up the DagBag from /home/airflow/.local/lib/python3.12/site-packages/airflow/example_dags/example_trigger_target_dag.py
[2024-09-12T15:35:30.244+0000] {processor.py:925} INFO - DAG(s) 'example_trigger_target_dag' retrieved from /home/airflow/.local/lib/python3.12/site-packages/airflow/example_dags/example_trigger_target_dag.py
[2024-09-12T15:35:30.550+0000] {logging_mixin.py:190} INFO - [2024-09-12T15:35:30.549+0000] {dag.py:3211} INFO - Sync 1 DAGs
[2024-09-12T15:35:30.753+0000] {logging_mixin.py:190} INFO - [2024-09-12T15:35:30.752+0000] {dag.py:4138} INFO - Setting next_dagrun for example_trigger_target_dag to None, run_after=None
[2024-09-12T15:35:31.034+0000] {processor.py:208} INFO - Processing /home/airflow/.local/lib/python3.12/site-packages/airflow/example_dags/example_trigger_target_dag.py took 1.261 seconds
[2024-09-12T15:36:42.126+0000] {processor.py:186} INFO - Started process (PID=1591) to work on /home/airflow/.local/lib/python3.12/site-packages/airflow/example_dags/example_trigger_target_dag.py
[2024-09-12T15:36:42.151+0000] {processor.py:914} INFO - Processing file /home/airflow/.local/lib/python3.12/site-packages/airflow/example_dags/example_trigger_target_dag.py for tasks to queue
[2024-09-12T15:36:42.190+0000] {logging_mixin.py:190} INFO - [2024-09-12T15:36:42.160+0000] {dagbag.py:587} INFO - Filling up the DagBag from /home/airflow/.local/lib/python3.12/site-packages/airflow/example_dags/example_trigger_target_dag.py
[2024-09-12T15:36:42.277+0000] {processor.py:925} INFO - DAG(s) 'example_trigger_target_dag' retrieved from /home/airflow/.local/lib/python3.12/site-packages/airflow/example_dags/example_trigger_target_dag.py
[2024-09-12T15:36:42.667+0000] {logging_mixin.py:190} INFO - [2024-09-12T15:36:42.666+0000] {dag.py:3211} INFO - Sync 1 DAGs
[2024-09-12T15:36:43.183+0000] {logging_mixin.py:190} INFO - [2024-09-12T15:36:43.182+0000] {dag.py:4138} INFO - Setting next_dagrun for example_trigger_target_dag to None, run_after=None
[2024-09-12T15:36:43.776+0000] {processor.py:208} INFO - Processing /home/airflow/.local/lib/python3.12/site-packages/airflow/example_dags/example_trigger_target_dag.py took 1.676 seconds
[2024-09-12T15:37:49.903+0000] {processor.py:186} INFO - Started process (PID=1673) to work on /home/airflow/.local/lib/python3.12/site-packages/airflow/example_dags/example_trigger_target_dag.py
[2024-09-12T15:37:50.047+0000] {processor.py:914} INFO - Processing file /home/airflow/.local/lib/python3.12/site-packages/airflow/example_dags/example_trigger_target_dag.py for tasks to queue
[2024-09-12T15:37:50.069+0000] {logging_mixin.py:190} INFO - [2024-09-12T15:37:50.068+0000] {dagbag.py:587} INFO - Filling up the DagBag from /home/airflow/.local/lib/python3.12/site-packages/airflow/example_dags/example_trigger_target_dag.py
[2024-09-12T15:37:50.143+0000] {processor.py:925} INFO - DAG(s) 'example_trigger_target_dag' retrieved from /home/airflow/.local/lib/python3.12/site-packages/airflow/example_dags/example_trigger_target_dag.py
[2024-09-12T15:37:50.413+0000] {logging_mixin.py:190} INFO - [2024-09-12T15:37:50.412+0000] {dag.py:3211} INFO - Sync 1 DAGs
[2024-09-12T15:37:50.813+0000] {logging_mixin.py:190} INFO - [2024-09-12T15:37:50.812+0000] {dag.py:4138} INFO - Setting next_dagrun for example_trigger_target_dag to None, run_after=None
[2024-09-12T15:37:51.185+0000] {processor.py:208} INFO - Processing /home/airflow/.local/lib/python3.12/site-packages/airflow/example_dags/example_trigger_target_dag.py took 1.312 seconds
[2024-09-12T15:38:56.885+0000] {processor.py:186} INFO - Started process (PID=1724) to work on /home/airflow/.local/lib/python3.12/site-packages/airflow/example_dags/example_trigger_target_dag.py
[2024-09-12T15:38:56.897+0000] {processor.py:914} INFO - Processing file /home/airflow/.local/lib/python3.12/site-packages/airflow/example_dags/example_trigger_target_dag.py for tasks to queue
[2024-09-12T15:38:56.910+0000] {logging_mixin.py:190} INFO - [2024-09-12T15:38:56.909+0000] {dagbag.py:587} INFO - Filling up the DagBag from /home/airflow/.local/lib/python3.12/site-packages/airflow/example_dags/example_trigger_target_dag.py
[2024-09-12T15:38:57.242+0000] {processor.py:925} INFO - DAG(s) 'example_trigger_target_dag' retrieved from /home/airflow/.local/lib/python3.12/site-packages/airflow/example_dags/example_trigger_target_dag.py
[2024-09-12T15:38:57.619+0000] {logging_mixin.py:190} INFO - [2024-09-12T15:38:57.618+0000] {dag.py:3211} INFO - Sync 1 DAGs
[2024-09-12T15:38:58.012+0000] {logging_mixin.py:190} INFO - [2024-09-12T15:38:58.012+0000] {dag.py:4138} INFO - Setting next_dagrun for example_trigger_target_dag to None, run_after=None
[2024-09-12T15:38:58.392+0000] {processor.py:208} INFO - Processing /home/airflow/.local/lib/python3.12/site-packages/airflow/example_dags/example_trigger_target_dag.py took 1.594 seconds
[2024-09-12T15:39:41.472+0000] {processor.py:186} INFO - Started process (PID=1772) to work on /home/airflow/.local/lib/python3.12/site-packages/airflow/example_dags/example_trigger_target_dag.py
[2024-09-12T15:39:41.494+0000] {processor.py:914} INFO - Processing file /home/airflow/.local/lib/python3.12/site-packages/airflow/example_dags/example_trigger_target_dag.py for tasks to queue
[2024-09-12T15:39:41.512+0000] {logging_mixin.py:190} INFO - [2024-09-12T15:39:41.511+0000] {dagbag.py:587} INFO - Filling up the DagBag from /home/airflow/.local/lib/python3.12/site-packages/airflow/example_dags/example_trigger_target_dag.py
[2024-09-12T15:39:41.619+0000] {processor.py:925} INFO - DAG(s) 'example_trigger_target_dag' retrieved from /home/airflow/.local/lib/python3.12/site-packages/airflow/example_dags/example_trigger_target_dag.py
[2024-09-12T15:39:41.813+0000] {logging_mixin.py:190} INFO - [2024-09-12T15:39:41.812+0000] {dag.py:3211} INFO - Sync 1 DAGs
[2024-09-12T15:39:42.013+0000] {logging_mixin.py:190} INFO - [2024-09-12T15:39:42.013+0000] {dag.py:4138} INFO - Setting next_dagrun for example_trigger_target_dag to None, run_after=None
[2024-09-12T15:39:42.242+0000] {processor.py:208} INFO - Processing /home/airflow/.local/lib/python3.12/site-packages/airflow/example_dags/example_trigger_target_dag.py took 0.811 seconds
[2024-09-12T15:40:57.364+0000] {processor.py:186} INFO - Started process (PID=1829) to work on /home/airflow/.local/lib/python3.12/site-packages/airflow/example_dags/example_trigger_target_dag.py
[2024-09-12T15:40:57.413+0000] {processor.py:914} INFO - Processing file /home/airflow/.local/lib/python3.12/site-packages/airflow/example_dags/example_trigger_target_dag.py for tasks to queue
[2024-09-12T15:40:57.518+0000] {logging_mixin.py:190} INFO - [2024-09-12T15:40:57.517+0000] {dagbag.py:587} INFO - Filling up the DagBag from /home/airflow/.local/lib/python3.12/site-packages/airflow/example_dags/example_trigger_target_dag.py
[2024-09-12T15:40:57.680+0000] {processor.py:925} INFO - DAG(s) 'example_trigger_target_dag' retrieved from /home/airflow/.local/lib/python3.12/site-packages/airflow/example_dags/example_trigger_target_dag.py
[2024-09-12T15:40:58.344+0000] {logging_mixin.py:190} INFO - [2024-09-12T15:40:58.313+0000] {dag.py:3211} INFO - Sync 1 DAGs
[2024-09-12T15:40:58.768+0000] {logging_mixin.py:190} INFO - [2024-09-12T15:40:58.756+0000] {dag.py:4138} INFO - Setting next_dagrun for example_trigger_target_dag to None, run_after=None
[2024-09-12T15:40:59.440+0000] {processor.py:208} INFO - Processing /home/airflow/.local/lib/python3.12/site-packages/airflow/example_dags/example_trigger_target_dag.py took 2.207 seconds
[2024-09-12T15:44:29.934+0000] {processor.py:186} INFO - Started process (PID=1894) to work on /home/airflow/.local/lib/python3.12/site-packages/airflow/example_dags/example_trigger_target_dag.py
[2024-09-12T15:44:29.944+0000] {processor.py:914} INFO - Processing file /home/airflow/.local/lib/python3.12/site-packages/airflow/example_dags/example_trigger_target_dag.py for tasks to queue
[2024-09-12T15:44:29.947+0000] {logging_mixin.py:190} INFO - [2024-09-12T15:44:29.946+0000] {dagbag.py:587} INFO - Filling up the DagBag from /home/airflow/.local/lib/python3.12/site-packages/airflow/example_dags/example_trigger_target_dag.py
[2024-09-12T15:44:30.002+0000] {processor.py:925} INFO - DAG(s) 'example_trigger_target_dag' retrieved from /home/airflow/.local/lib/python3.12/site-packages/airflow/example_dags/example_trigger_target_dag.py
[2024-09-12T15:44:30.135+0000] {logging_mixin.py:190} INFO - [2024-09-12T15:44:30.134+0000] {dag.py:3211} INFO - Sync 1 DAGs
[2024-09-12T15:44:30.226+0000] {logging_mixin.py:190} INFO - [2024-09-12T15:44:30.225+0000] {dag.py:4138} INFO - Setting next_dagrun for example_trigger_target_dag to None, run_after=None
[2024-09-12T15:44:30.361+0000] {processor.py:208} INFO - Processing /home/airflow/.local/lib/python3.12/site-packages/airflow/example_dags/example_trigger_target_dag.py took 0.463 seconds
[2024-09-12T15:45:21.570+0000] {processor.py:186} INFO - Started process (PID=1963) to work on /home/airflow/.local/lib/python3.12/site-packages/airflow/example_dags/example_trigger_target_dag.py
[2024-09-12T15:45:21.572+0000] {processor.py:914} INFO - Processing file /home/airflow/.local/lib/python3.12/site-packages/airflow/example_dags/example_trigger_target_dag.py for tasks to queue
[2024-09-12T15:45:21.577+0000] {logging_mixin.py:190} INFO - [2024-09-12T15:45:21.576+0000] {dagbag.py:587} INFO - Filling up the DagBag from /home/airflow/.local/lib/python3.12/site-packages/airflow/example_dags/example_trigger_target_dag.py
[2024-09-12T15:45:21.643+0000] {processor.py:925} INFO - DAG(s) 'example_trigger_target_dag' retrieved from /home/airflow/.local/lib/python3.12/site-packages/airflow/example_dags/example_trigger_target_dag.py
[2024-09-12T15:45:21.844+0000] {logging_mixin.py:190} INFO - [2024-09-12T15:45:21.843+0000] {dag.py:3211} INFO - Sync 1 DAGs
[2024-09-12T15:45:21.957+0000] {logging_mixin.py:190} INFO - [2024-09-12T15:45:21.956+0000] {dag.py:4138} INFO - Setting next_dagrun for example_trigger_target_dag to None, run_after=None
[2024-09-12T15:45:22.176+0000] {processor.py:208} INFO - Processing /home/airflow/.local/lib/python3.12/site-packages/airflow/example_dags/example_trigger_target_dag.py took 0.671 seconds
[2024-09-12T15:46:23.410+0000] {processor.py:186} INFO - Started process (PID=2036) to work on /home/airflow/.local/lib/python3.12/site-packages/airflow/example_dags/example_trigger_target_dag.py
[2024-09-12T15:46:23.457+0000] {processor.py:914} INFO - Processing file /home/airflow/.local/lib/python3.12/site-packages/airflow/example_dags/example_trigger_target_dag.py for tasks to queue
[2024-09-12T15:46:23.519+0000] {logging_mixin.py:190} INFO - [2024-09-12T15:46:23.504+0000] {dagbag.py:587} INFO - Filling up the DagBag from /home/airflow/.local/lib/python3.12/site-packages/airflow/example_dags/example_trigger_target_dag.py
[2024-09-12T15:46:23.693+0000] {processor.py:925} INFO - DAG(s) 'example_trigger_target_dag' retrieved from /home/airflow/.local/lib/python3.12/site-packages/airflow/example_dags/example_trigger_target_dag.py
[2024-09-12T15:46:24.128+0000] {logging_mixin.py:190} INFO - [2024-09-12T15:46:24.127+0000] {dag.py:3211} INFO - Sync 1 DAGs
[2024-09-12T15:46:24.215+0000] {logging_mixin.py:190} INFO - [2024-09-12T15:46:24.211+0000] {dag.py:4138} INFO - Setting next_dagrun for example_trigger_target_dag to None, run_after=None
[2024-09-12T15:46:24.427+0000] {processor.py:208} INFO - Processing /home/airflow/.local/lib/python3.12/site-packages/airflow/example_dags/example_trigger_target_dag.py took 1.222 seconds
[2024-09-12T15:47:11.523+0000] {processor.py:186} INFO - Started process (PID=2099) to work on /home/airflow/.local/lib/python3.12/site-packages/airflow/example_dags/example_trigger_target_dag.py
[2024-09-12T15:47:11.529+0000] {processor.py:914} INFO - Processing file /home/airflow/.local/lib/python3.12/site-packages/airflow/example_dags/example_trigger_target_dag.py for tasks to queue
[2024-09-12T15:47:11.537+0000] {logging_mixin.py:190} INFO - [2024-09-12T15:47:11.536+0000] {dagbag.py:587} INFO - Filling up the DagBag from /home/airflow/.local/lib/python3.12/site-packages/airflow/example_dags/example_trigger_target_dag.py
[2024-09-12T15:47:11.609+0000] {processor.py:925} INFO - DAG(s) 'example_trigger_target_dag' retrieved from /home/airflow/.local/lib/python3.12/site-packages/airflow/example_dags/example_trigger_target_dag.py
[2024-09-12T15:47:11.875+0000] {logging_mixin.py:190} INFO - [2024-09-12T15:47:11.874+0000] {dag.py:3211} INFO - Sync 1 DAGs
[2024-09-12T15:47:12.158+0000] {logging_mixin.py:190} INFO - [2024-09-12T15:47:12.157+0000] {dag.py:4138} INFO - Setting next_dagrun for example_trigger_target_dag to None, run_after=None
[2024-09-12T15:47:12.636+0000] {processor.py:208} INFO - Processing /home/airflow/.local/lib/python3.12/site-packages/airflow/example_dags/example_trigger_target_dag.py took 1.181 seconds
[2024-09-12T15:48:07.653+0000] {processor.py:186} INFO - Started process (PID=2173) to work on /home/airflow/.local/lib/python3.12/site-packages/airflow/example_dags/example_trigger_target_dag.py
[2024-09-12T15:48:07.668+0000] {processor.py:914} INFO - Processing file /home/airflow/.local/lib/python3.12/site-packages/airflow/example_dags/example_trigger_target_dag.py for tasks to queue
[2024-09-12T15:48:07.684+0000] {logging_mixin.py:190} INFO - [2024-09-12T15:48:07.683+0000] {dagbag.py:587} INFO - Filling up the DagBag from /home/airflow/.local/lib/python3.12/site-packages/airflow/example_dags/example_trigger_target_dag.py
[2024-09-12T15:48:07.718+0000] {processor.py:925} INFO - DAG(s) 'example_trigger_target_dag' retrieved from /home/airflow/.local/lib/python3.12/site-packages/airflow/example_dags/example_trigger_target_dag.py
[2024-09-12T15:48:07.811+0000] {logging_mixin.py:190} INFO - [2024-09-12T15:48:07.811+0000] {dag.py:3211} INFO - Sync 1 DAGs
[2024-09-12T15:48:07.870+0000] {logging_mixin.py:190} INFO - [2024-09-12T15:48:07.870+0000] {dag.py:4138} INFO - Setting next_dagrun for example_trigger_target_dag to None, run_after=None
[2024-09-12T15:48:07.944+0000] {processor.py:208} INFO - Processing /home/airflow/.local/lib/python3.12/site-packages/airflow/example_dags/example_trigger_target_dag.py took 0.335 seconds
[2024-09-12T15:48:41.633+0000] {processor.py:186} INFO - Started process (PID=2221) to work on /home/airflow/.local/lib/python3.12/site-packages/airflow/example_dags/example_trigger_target_dag.py
[2024-09-12T15:48:41.655+0000] {processor.py:914} INFO - Processing file /home/airflow/.local/lib/python3.12/site-packages/airflow/example_dags/example_trigger_target_dag.py for tasks to queue
[2024-09-12T15:48:41.677+0000] {logging_mixin.py:190} INFO - [2024-09-12T15:48:41.676+0000] {dagbag.py:587} INFO - Filling up the DagBag from /home/airflow/.local/lib/python3.12/site-packages/airflow/example_dags/example_trigger_target_dag.py
[2024-09-12T15:48:41.792+0000] {processor.py:925} INFO - DAG(s) 'example_trigger_target_dag' retrieved from /home/airflow/.local/lib/python3.12/site-packages/airflow/example_dags/example_trigger_target_dag.py
[2024-09-12T15:48:41.939+0000] {logging_mixin.py:190} INFO - [2024-09-12T15:48:41.938+0000] {dag.py:3211} INFO - Sync 1 DAGs
[2024-09-12T15:48:42.033+0000] {logging_mixin.py:190} INFO - [2024-09-12T15:48:42.032+0000] {dag.py:4138} INFO - Setting next_dagrun for example_trigger_target_dag to None, run_after=None
[2024-09-12T15:48:42.284+0000] {processor.py:208} INFO - Processing /home/airflow/.local/lib/python3.12/site-packages/airflow/example_dags/example_trigger_target_dag.py took 0.712 seconds
[2024-09-12T15:49:41.682+0000] {processor.py:186} INFO - Started process (PID=2281) to work on /home/airflow/.local/lib/python3.12/site-packages/airflow/example_dags/example_trigger_target_dag.py
[2024-09-12T15:49:41.706+0000] {processor.py:914} INFO - Processing file /home/airflow/.local/lib/python3.12/site-packages/airflow/example_dags/example_trigger_target_dag.py for tasks to queue
[2024-09-12T15:49:41.709+0000] {logging_mixin.py:190} INFO - [2024-09-12T15:49:41.709+0000] {dagbag.py:587} INFO - Filling up the DagBag from /home/airflow/.local/lib/python3.12/site-packages/airflow/example_dags/example_trigger_target_dag.py
[2024-09-12T15:49:41.797+0000] {processor.py:925} INFO - DAG(s) 'example_trigger_target_dag' retrieved from /home/airflow/.local/lib/python3.12/site-packages/airflow/example_dags/example_trigger_target_dag.py
[2024-09-12T15:49:42.016+0000] {logging_mixin.py:190} INFO - [2024-09-12T15:49:42.016+0000] {dag.py:3211} INFO - Sync 1 DAGs
[2024-09-12T15:49:42.119+0000] {logging_mixin.py:190} INFO - [2024-09-12T15:49:42.116+0000] {dag.py:4138} INFO - Setting next_dagrun for example_trigger_target_dag to None, run_after=None
[2024-09-12T15:49:42.236+0000] {processor.py:208} INFO - Processing /home/airflow/.local/lib/python3.12/site-packages/airflow/example_dags/example_trigger_target_dag.py took 0.773 seconds
[2024-09-12T15:50:21.173+0000] {processor.py:186} INFO - Started process (PID=2344) to work on /home/airflow/.local/lib/python3.12/site-packages/airflow/example_dags/example_trigger_target_dag.py
[2024-09-12T15:50:21.175+0000] {processor.py:914} INFO - Processing file /home/airflow/.local/lib/python3.12/site-packages/airflow/example_dags/example_trigger_target_dag.py for tasks to queue
[2024-09-12T15:50:21.178+0000] {logging_mixin.py:190} INFO - [2024-09-12T15:50:21.177+0000] {dagbag.py:587} INFO - Filling up the DagBag from /home/airflow/.local/lib/python3.12/site-packages/airflow/example_dags/example_trigger_target_dag.py
[2024-09-12T15:50:21.199+0000] {processor.py:925} INFO - DAG(s) 'example_trigger_target_dag' retrieved from /home/airflow/.local/lib/python3.12/site-packages/airflow/example_dags/example_trigger_target_dag.py
[2024-09-12T15:50:21.270+0000] {logging_mixin.py:190} INFO - [2024-09-12T15:50:21.269+0000] {dag.py:3211} INFO - Sync 1 DAGs
[2024-09-12T15:50:21.365+0000] {logging_mixin.py:190} INFO - [2024-09-12T15:50:21.365+0000] {dag.py:4138} INFO - Setting next_dagrun for example_trigger_target_dag to None, run_after=None
[2024-09-12T15:50:21.561+0000] {processor.py:208} INFO - Processing /home/airflow/.local/lib/python3.12/site-packages/airflow/example_dags/example_trigger_target_dag.py took 0.409 seconds
[2024-09-12T15:51:53.789+0000] {processor.py:186} INFO - Started process (PID=2435) to work on /home/airflow/.local/lib/python3.12/site-packages/airflow/example_dags/example_trigger_target_dag.py
[2024-09-12T15:51:53.794+0000] {processor.py:914} INFO - Processing file /home/airflow/.local/lib/python3.12/site-packages/airflow/example_dags/example_trigger_target_dag.py for tasks to queue
[2024-09-12T15:51:53.810+0000] {logging_mixin.py:190} INFO - [2024-09-12T15:51:53.809+0000] {dagbag.py:587} INFO - Filling up the DagBag from /home/airflow/.local/lib/python3.12/site-packages/airflow/example_dags/example_trigger_target_dag.py
[2024-09-12T15:51:53.858+0000] {processor.py:925} INFO - DAG(s) 'example_trigger_target_dag' retrieved from /home/airflow/.local/lib/python3.12/site-packages/airflow/example_dags/example_trigger_target_dag.py
[2024-09-12T15:51:54.032+0000] {logging_mixin.py:190} INFO - [2024-09-12T15:51:54.031+0000] {dag.py:3211} INFO - Sync 1 DAGs
[2024-09-12T15:51:54.135+0000] {logging_mixin.py:190} INFO - [2024-09-12T15:51:54.135+0000] {dag.py:4138} INFO - Setting next_dagrun for example_trigger_target_dag to None, run_after=None
[2024-09-12T15:51:54.272+0000] {processor.py:208} INFO - Processing /home/airflow/.local/lib/python3.12/site-packages/airflow/example_dags/example_trigger_target_dag.py took 0.524 seconds
[2024-09-12T15:52:25.995+0000] {processor.py:186} INFO - Started process (PID=2500) to work on /home/airflow/.local/lib/python3.12/site-packages/airflow/example_dags/example_trigger_target_dag.py
[2024-09-12T15:52:26.000+0000] {processor.py:914} INFO - Processing file /home/airflow/.local/lib/python3.12/site-packages/airflow/example_dags/example_trigger_target_dag.py for tasks to queue
[2024-09-12T15:52:26.021+0000] {logging_mixin.py:190} INFO - [2024-09-12T15:52:26.020+0000] {dagbag.py:587} INFO - Filling up the DagBag from /home/airflow/.local/lib/python3.12/site-packages/airflow/example_dags/example_trigger_target_dag.py
[2024-09-12T15:52:26.048+0000] {processor.py:925} INFO - DAG(s) 'example_trigger_target_dag' retrieved from /home/airflow/.local/lib/python3.12/site-packages/airflow/example_dags/example_trigger_target_dag.py
[2024-09-12T15:52:26.147+0000] {logging_mixin.py:190} INFO - [2024-09-12T15:52:26.146+0000] {dag.py:3211} INFO - Sync 1 DAGs
[2024-09-12T15:52:26.215+0000] {logging_mixin.py:190} INFO - [2024-09-12T15:52:26.215+0000] {dag.py:4138} INFO - Setting next_dagrun for example_trigger_target_dag to None, run_after=None
[2024-09-12T15:52:26.313+0000] {processor.py:208} INFO - Processing /home/airflow/.local/lib/python3.12/site-packages/airflow/example_dags/example_trigger_target_dag.py took 0.332 seconds
[2024-09-12T15:53:00.592+0000] {processor.py:186} INFO - Started process (PID=2555) to work on /home/airflow/.local/lib/python3.12/site-packages/airflow/example_dags/example_trigger_target_dag.py
[2024-09-12T15:53:00.602+0000] {processor.py:914} INFO - Processing file /home/airflow/.local/lib/python3.12/site-packages/airflow/example_dags/example_trigger_target_dag.py for tasks to queue
[2024-09-12T15:53:00.606+0000] {logging_mixin.py:190} INFO - [2024-09-12T15:53:00.605+0000] {dagbag.py:587} INFO - Filling up the DagBag from /home/airflow/.local/lib/python3.12/site-packages/airflow/example_dags/example_trigger_target_dag.py
[2024-09-12T15:53:00.657+0000] {processor.py:925} INFO - DAG(s) 'example_trigger_target_dag' retrieved from /home/airflow/.local/lib/python3.12/site-packages/airflow/example_dags/example_trigger_target_dag.py
[2024-09-12T15:53:00.817+0000] {logging_mixin.py:190} INFO - [2024-09-12T15:53:00.816+0000] {dag.py:3211} INFO - Sync 1 DAGs
[2024-09-12T15:53:00.991+0000] {logging_mixin.py:190} INFO - [2024-09-12T15:53:00.990+0000] {dag.py:4138} INFO - Setting next_dagrun for example_trigger_target_dag to None, run_after=None
[2024-09-12T15:53:01.150+0000] {processor.py:208} INFO - Processing /home/airflow/.local/lib/python3.12/site-packages/airflow/example_dags/example_trigger_target_dag.py took 0.593 seconds
[2024-09-12T15:53:34.974+0000] {processor.py:186} INFO - Started process (PID=2621) to work on /home/airflow/.local/lib/python3.12/site-packages/airflow/example_dags/example_trigger_target_dag.py
[2024-09-12T15:53:34.979+0000] {processor.py:914} INFO - Processing file /home/airflow/.local/lib/python3.12/site-packages/airflow/example_dags/example_trigger_target_dag.py for tasks to queue
[2024-09-12T15:53:34.986+0000] {logging_mixin.py:190} INFO - [2024-09-12T15:53:34.984+0000] {dagbag.py:587} INFO - Filling up the DagBag from /home/airflow/.local/lib/python3.12/site-packages/airflow/example_dags/example_trigger_target_dag.py
[2024-09-12T15:53:35.023+0000] {processor.py:925} INFO - DAG(s) 'example_trigger_target_dag' retrieved from /home/airflow/.local/lib/python3.12/site-packages/airflow/example_dags/example_trigger_target_dag.py
[2024-09-12T15:53:35.110+0000] {logging_mixin.py:190} INFO - [2024-09-12T15:53:35.110+0000] {dag.py:3211} INFO - Sync 1 DAGs
[2024-09-12T15:53:35.161+0000] {logging_mixin.py:190} INFO - [2024-09-12T15:53:35.160+0000] {dag.py:4138} INFO - Setting next_dagrun for example_trigger_target_dag to None, run_after=None
[2024-09-12T15:53:35.221+0000] {processor.py:208} INFO - Processing /home/airflow/.local/lib/python3.12/site-packages/airflow/example_dags/example_trigger_target_dag.py took 0.263 seconds
[2024-09-12T15:55:05.147+0000] {processor.py:186} INFO - Started process (PID=2698) to work on /home/airflow/.local/lib/python3.12/site-packages/airflow/example_dags/example_trigger_target_dag.py
[2024-09-12T15:55:05.159+0000] {processor.py:914} INFO - Processing file /home/airflow/.local/lib/python3.12/site-packages/airflow/example_dags/example_trigger_target_dag.py for tasks to queue
[2024-09-12T15:55:05.165+0000] {logging_mixin.py:190} INFO - [2024-09-12T15:55:05.163+0000] {dagbag.py:587} INFO - Filling up the DagBag from /home/airflow/.local/lib/python3.12/site-packages/airflow/example_dags/example_trigger_target_dag.py
[2024-09-12T15:55:05.314+0000] {processor.py:925} INFO - DAG(s) 'example_trigger_target_dag' retrieved from /home/airflow/.local/lib/python3.12/site-packages/airflow/example_dags/example_trigger_target_dag.py
[2024-09-12T15:55:05.581+0000] {logging_mixin.py:190} INFO - [2024-09-12T15:55:05.580+0000] {dag.py:3211} INFO - Sync 1 DAGs
[2024-09-12T15:55:05.751+0000] {logging_mixin.py:190} INFO - [2024-09-12T15:55:05.751+0000] {dag.py:4138} INFO - Setting next_dagrun for example_trigger_target_dag to None, run_after=None
[2024-09-12T15:55:05.894+0000] {processor.py:208} INFO - Processing /home/airflow/.local/lib/python3.12/site-packages/airflow/example_dags/example_trigger_target_dag.py took 0.779 seconds
[2024-09-12T15:55:43.704+0000] {processor.py:186} INFO - Started process (PID=2750) to work on /home/airflow/.local/lib/python3.12/site-packages/airflow/example_dags/example_trigger_target_dag.py
[2024-09-12T15:55:43.707+0000] {processor.py:914} INFO - Processing file /home/airflow/.local/lib/python3.12/site-packages/airflow/example_dags/example_trigger_target_dag.py for tasks to queue
[2024-09-12T15:55:43.715+0000] {logging_mixin.py:190} INFO - [2024-09-12T15:55:43.714+0000] {dagbag.py:587} INFO - Filling up the DagBag from /home/airflow/.local/lib/python3.12/site-packages/airflow/example_dags/example_trigger_target_dag.py
[2024-09-12T15:55:43.754+0000] {processor.py:925} INFO - DAG(s) 'example_trigger_target_dag' retrieved from /home/airflow/.local/lib/python3.12/site-packages/airflow/example_dags/example_trigger_target_dag.py
[2024-09-12T15:55:43.834+0000] {logging_mixin.py:190} INFO - [2024-09-12T15:55:43.834+0000] {dag.py:3211} INFO - Sync 1 DAGs
[2024-09-12T15:55:43.898+0000] {logging_mixin.py:190} INFO - [2024-09-12T15:55:43.898+0000] {dag.py:4138} INFO - Setting next_dagrun for example_trigger_target_dag to None, run_after=None
[2024-09-12T15:55:44.013+0000] {processor.py:208} INFO - Processing /home/airflow/.local/lib/python3.12/site-packages/airflow/example_dags/example_trigger_target_dag.py took 0.343 seconds
[2024-09-12T15:56:43.902+0000] {processor.py:186} INFO - Started process (PID=2813) to work on /home/airflow/.local/lib/python3.12/site-packages/airflow/example_dags/example_trigger_target_dag.py
[2024-09-12T15:56:43.919+0000] {processor.py:914} INFO - Processing file /home/airflow/.local/lib/python3.12/site-packages/airflow/example_dags/example_trigger_target_dag.py for tasks to queue
[2024-09-12T15:56:43.923+0000] {logging_mixin.py:190} INFO - [2024-09-12T15:56:43.921+0000] {dagbag.py:587} INFO - Filling up the DagBag from /home/airflow/.local/lib/python3.12/site-packages/airflow/example_dags/example_trigger_target_dag.py
[2024-09-12T15:56:43.967+0000] {processor.py:925} INFO - DAG(s) 'example_trigger_target_dag' retrieved from /home/airflow/.local/lib/python3.12/site-packages/airflow/example_dags/example_trigger_target_dag.py
[2024-09-12T15:56:44.076+0000] {logging_mixin.py:190} INFO - [2024-09-12T15:56:44.076+0000] {dag.py:3211} INFO - Sync 1 DAGs
[2024-09-12T15:56:44.158+0000] {logging_mixin.py:190} INFO - [2024-09-12T15:56:44.158+0000] {dag.py:4138} INFO - Setting next_dagrun for example_trigger_target_dag to None, run_after=None
[2024-09-12T15:56:44.227+0000] {processor.py:208} INFO - Processing /home/airflow/.local/lib/python3.12/site-packages/airflow/example_dags/example_trigger_target_dag.py took 0.400 seconds
[2024-09-12T15:57:16.044+0000] {processor.py:186} INFO - Started process (PID=2878) to work on /home/airflow/.local/lib/python3.12/site-packages/airflow/example_dags/example_trigger_target_dag.py
[2024-09-12T15:57:16.058+0000] {processor.py:914} INFO - Processing file /home/airflow/.local/lib/python3.12/site-packages/airflow/example_dags/example_trigger_target_dag.py for tasks to queue
[2024-09-12T15:57:16.062+0000] {logging_mixin.py:190} INFO - [2024-09-12T15:57:16.062+0000] {dagbag.py:587} INFO - Filling up the DagBag from /home/airflow/.local/lib/python3.12/site-packages/airflow/example_dags/example_trigger_target_dag.py
[2024-09-12T15:57:16.102+0000] {processor.py:925} INFO - DAG(s) 'example_trigger_target_dag' retrieved from /home/airflow/.local/lib/python3.12/site-packages/airflow/example_dags/example_trigger_target_dag.py
[2024-09-12T15:57:16.167+0000] {logging_mixin.py:190} INFO - [2024-09-12T15:57:16.166+0000] {dag.py:3211} INFO - Sync 1 DAGs
[2024-09-12T15:57:16.215+0000] {logging_mixin.py:190} INFO - [2024-09-12T15:57:16.215+0000] {dag.py:4138} INFO - Setting next_dagrun for example_trigger_target_dag to None, run_after=None
[2024-09-12T15:57:16.270+0000] {processor.py:208} INFO - Processing /home/airflow/.local/lib/python3.12/site-packages/airflow/example_dags/example_trigger_target_dag.py took 0.252 seconds
[2024-09-12T15:57:57.120+0000] {processor.py:186} INFO - Started process (PID=2936) to work on /home/airflow/.local/lib/python3.12/site-packages/airflow/example_dags/example_trigger_target_dag.py
[2024-09-12T15:57:57.123+0000] {processor.py:914} INFO - Processing file /home/airflow/.local/lib/python3.12/site-packages/airflow/example_dags/example_trigger_target_dag.py for tasks to queue
[2024-09-12T15:57:57.126+0000] {logging_mixin.py:190} INFO - [2024-09-12T15:57:57.126+0000] {dagbag.py:587} INFO - Filling up the DagBag from /home/airflow/.local/lib/python3.12/site-packages/airflow/example_dags/example_trigger_target_dag.py
[2024-09-12T15:57:57.174+0000] {processor.py:925} INFO - DAG(s) 'example_trigger_target_dag' retrieved from /home/airflow/.local/lib/python3.12/site-packages/airflow/example_dags/example_trigger_target_dag.py
[2024-09-12T15:57:57.287+0000] {logging_mixin.py:190} INFO - [2024-09-12T15:57:57.286+0000] {dag.py:3211} INFO - Sync 1 DAGs
[2024-09-12T15:57:57.422+0000] {logging_mixin.py:190} INFO - [2024-09-12T15:57:57.421+0000] {dag.py:4138} INFO - Setting next_dagrun for example_trigger_target_dag to None, run_after=None
[2024-09-12T15:57:57.532+0000] {processor.py:208} INFO - Processing /home/airflow/.local/lib/python3.12/site-packages/airflow/example_dags/example_trigger_target_dag.py took 0.436 seconds
[2024-09-12T15:59:15.965+0000] {processor.py:186} INFO - Started process (PID=3001) to work on /home/airflow/.local/lib/python3.12/site-packages/airflow/example_dags/example_trigger_target_dag.py
[2024-09-12T15:59:15.968+0000] {processor.py:914} INFO - Processing file /home/airflow/.local/lib/python3.12/site-packages/airflow/example_dags/example_trigger_target_dag.py for tasks to queue
[2024-09-12T15:59:15.972+0000] {logging_mixin.py:190} INFO - [2024-09-12T15:59:15.971+0000] {dagbag.py:587} INFO - Filling up the DagBag from /home/airflow/.local/lib/python3.12/site-packages/airflow/example_dags/example_trigger_target_dag.py
[2024-09-12T15:59:16.007+0000] {processor.py:925} INFO - DAG(s) 'example_trigger_target_dag' retrieved from /home/airflow/.local/lib/python3.12/site-packages/airflow/example_dags/example_trigger_target_dag.py
[2024-09-12T15:59:16.138+0000] {logging_mixin.py:190} INFO - [2024-09-12T15:59:16.137+0000] {dag.py:3211} INFO - Sync 1 DAGs
[2024-09-12T15:59:16.271+0000] {logging_mixin.py:190} INFO - [2024-09-12T15:59:16.270+0000] {dag.py:4138} INFO - Setting next_dagrun for example_trigger_target_dag to None, run_after=None
[2024-09-12T15:59:16.503+0000] {processor.py:208} INFO - Processing /home/airflow/.local/lib/python3.12/site-packages/airflow/example_dags/example_trigger_target_dag.py took 0.568 seconds
[2024-09-12T16:00:14.881+0000] {processor.py:186} INFO - Started process (PID=3077) to work on /home/airflow/.local/lib/python3.12/site-packages/airflow/example_dags/example_trigger_target_dag.py
[2024-09-12T16:00:14.893+0000] {processor.py:914} INFO - Processing file /home/airflow/.local/lib/python3.12/site-packages/airflow/example_dags/example_trigger_target_dag.py for tasks to queue
[2024-09-12T16:00:14.900+0000] {logging_mixin.py:190} INFO - [2024-09-12T16:00:14.899+0000] {dagbag.py:587} INFO - Filling up the DagBag from /home/airflow/.local/lib/python3.12/site-packages/airflow/example_dags/example_trigger_target_dag.py
[2024-09-12T16:00:14.978+0000] {processor.py:925} INFO - DAG(s) 'example_trigger_target_dag' retrieved from /home/airflow/.local/lib/python3.12/site-packages/airflow/example_dags/example_trigger_target_dag.py
[2024-09-12T16:00:15.150+0000] {logging_mixin.py:190} INFO - [2024-09-12T16:00:15.150+0000] {dag.py:3211} INFO - Sync 1 DAGs
[2024-09-12T16:00:15.267+0000] {logging_mixin.py:190} INFO - [2024-09-12T16:00:15.267+0000] {dag.py:4138} INFO - Setting next_dagrun for example_trigger_target_dag to None, run_after=None
[2024-09-12T16:00:15.399+0000] {processor.py:208} INFO - Processing /home/airflow/.local/lib/python3.12/site-packages/airflow/example_dags/example_trigger_target_dag.py took 0.544 seconds
[2024-09-12T16:00:55.105+0000] {processor.py:186} INFO - Started process (PID=3142) to work on /home/airflow/.local/lib/python3.12/site-packages/airflow/example_dags/example_trigger_target_dag.py
[2024-09-12T16:00:55.114+0000] {processor.py:914} INFO - Processing file /home/airflow/.local/lib/python3.12/site-packages/airflow/example_dags/example_trigger_target_dag.py for tasks to queue
[2024-09-12T16:00:55.126+0000] {logging_mixin.py:190} INFO - [2024-09-12T16:00:55.125+0000] {dagbag.py:587} INFO - Filling up the DagBag from /home/airflow/.local/lib/python3.12/site-packages/airflow/example_dags/example_trigger_target_dag.py
[2024-09-12T16:00:55.161+0000] {processor.py:925} INFO - DAG(s) 'example_trigger_target_dag' retrieved from /home/airflow/.local/lib/python3.12/site-packages/airflow/example_dags/example_trigger_target_dag.py
[2024-09-12T16:00:55.266+0000] {logging_mixin.py:190} INFO - [2024-09-12T16:00:55.265+0000] {dag.py:3211} INFO - Sync 1 DAGs
[2024-09-12T16:00:55.338+0000] {logging_mixin.py:190} INFO - [2024-09-12T16:00:55.337+0000] {dag.py:4138} INFO - Setting next_dagrun for example_trigger_target_dag to None, run_after=None
[2024-09-12T16:00:55.431+0000] {processor.py:208} INFO - Processing /home/airflow/.local/lib/python3.12/site-packages/airflow/example_dags/example_trigger_target_dag.py took 0.358 seconds
[2024-09-12T16:01:47.631+0000] {processor.py:186} INFO - Started process (PID=3206) to work on /home/airflow/.local/lib/python3.12/site-packages/airflow/example_dags/example_trigger_target_dag.py
[2024-09-12T16:01:47.644+0000] {processor.py:914} INFO - Processing file /home/airflow/.local/lib/python3.12/site-packages/airflow/example_dags/example_trigger_target_dag.py for tasks to queue
[2024-09-12T16:01:47.655+0000] {logging_mixin.py:190} INFO - [2024-09-12T16:01:47.654+0000] {dagbag.py:587} INFO - Filling up the DagBag from /home/airflow/.local/lib/python3.12/site-packages/airflow/example_dags/example_trigger_target_dag.py
[2024-09-12T16:01:47.726+0000] {processor.py:925} INFO - DAG(s) 'example_trigger_target_dag' retrieved from /home/airflow/.local/lib/python3.12/site-packages/airflow/example_dags/example_trigger_target_dag.py
[2024-09-12T16:01:48.129+0000] {logging_mixin.py:190} INFO - [2024-09-12T16:01:48.128+0000] {dag.py:3211} INFO - Sync 1 DAGs
[2024-09-12T16:01:48.326+0000] {logging_mixin.py:190} INFO - [2024-09-12T16:01:48.320+0000] {dag.py:4138} INFO - Setting next_dagrun for example_trigger_target_dag to None, run_after=None
[2024-09-12T16:01:48.593+0000] {processor.py:208} INFO - Processing /home/airflow/.local/lib/python3.12/site-packages/airflow/example_dags/example_trigger_target_dag.py took 1.014 seconds
[2024-09-12T16:02:28.072+0000] {processor.py:186} INFO - Started process (PID=3257) to work on /home/airflow/.local/lib/python3.12/site-packages/airflow/example_dags/example_trigger_target_dag.py
[2024-09-12T16:02:28.077+0000] {processor.py:914} INFO - Processing file /home/airflow/.local/lib/python3.12/site-packages/airflow/example_dags/example_trigger_target_dag.py for tasks to queue
[2024-09-12T16:02:28.095+0000] {logging_mixin.py:190} INFO - [2024-09-12T16:02:28.093+0000] {dagbag.py:587} INFO - Filling up the DagBag from /home/airflow/.local/lib/python3.12/site-packages/airflow/example_dags/example_trigger_target_dag.py
[2024-09-12T16:02:28.144+0000] {processor.py:925} INFO - DAG(s) 'example_trigger_target_dag' retrieved from /home/airflow/.local/lib/python3.12/site-packages/airflow/example_dags/example_trigger_target_dag.py
[2024-09-12T16:02:28.242+0000] {logging_mixin.py:190} INFO - [2024-09-12T16:02:28.241+0000] {dag.py:3211} INFO - Sync 1 DAGs
[2024-09-12T16:02:28.351+0000] {logging_mixin.py:190} INFO - [2024-09-12T16:02:28.350+0000] {dag.py:4138} INFO - Setting next_dagrun for example_trigger_target_dag to None, run_after=None
[2024-09-12T16:02:28.504+0000] {processor.py:208} INFO - Processing /home/airflow/.local/lib/python3.12/site-packages/airflow/example_dags/example_trigger_target_dag.py took 0.463 seconds
[2024-09-12T16:03:25.473+0000] {processor.py:186} INFO - Started process (PID=3301) to work on /home/airflow/.local/lib/python3.12/site-packages/airflow/example_dags/example_trigger_target_dag.py
[2024-09-12T16:03:25.505+0000] {processor.py:914} INFO - Processing file /home/airflow/.local/lib/python3.12/site-packages/airflow/example_dags/example_trigger_target_dag.py for tasks to queue
[2024-09-12T16:03:25.524+0000] {logging_mixin.py:190} INFO - [2024-09-12T16:03:25.523+0000] {dagbag.py:587} INFO - Filling up the DagBag from /home/airflow/.local/lib/python3.12/site-packages/airflow/example_dags/example_trigger_target_dag.py
[2024-09-12T16:03:25.594+0000] {processor.py:925} INFO - DAG(s) 'example_trigger_target_dag' retrieved from /home/airflow/.local/lib/python3.12/site-packages/airflow/example_dags/example_trigger_target_dag.py
[2024-09-12T16:03:25.668+0000] {logging_mixin.py:190} INFO - [2024-09-12T16:03:25.667+0000] {dag.py:3211} INFO - Sync 1 DAGs
[2024-09-12T16:03:26.740+0000] {logging_mixin.py:190} INFO - [2024-09-12T16:03:26.739+0000] {dag.py:4138} INFO - Setting next_dagrun for example_trigger_target_dag to None, run_after=None
[2024-09-12T16:03:26.856+0000] {processor.py:208} INFO - Processing /home/airflow/.local/lib/python3.12/site-packages/airflow/example_dags/example_trigger_target_dag.py took 1.415 seconds
[2024-09-12T16:03:59.888+0000] {processor.py:186} INFO - Started process (PID=3376) to work on /home/airflow/.local/lib/python3.12/site-packages/airflow/example_dags/example_trigger_target_dag.py
[2024-09-12T16:03:59.901+0000] {processor.py:914} INFO - Processing file /home/airflow/.local/lib/python3.12/site-packages/airflow/example_dags/example_trigger_target_dag.py for tasks to queue
[2024-09-12T16:03:59.921+0000] {logging_mixin.py:190} INFO - [2024-09-12T16:03:59.920+0000] {dagbag.py:587} INFO - Filling up the DagBag from /home/airflow/.local/lib/python3.12/site-packages/airflow/example_dags/example_trigger_target_dag.py
[2024-09-12T16:04:00.052+0000] {processor.py:925} INFO - DAG(s) 'example_trigger_target_dag' retrieved from /home/airflow/.local/lib/python3.12/site-packages/airflow/example_dags/example_trigger_target_dag.py
[2024-09-12T16:04:00.382+0000] {logging_mixin.py:190} INFO - [2024-09-12T16:04:00.381+0000] {dag.py:3211} INFO - Sync 1 DAGs
[2024-09-12T16:04:00.488+0000] {logging_mixin.py:190} INFO - [2024-09-12T16:04:00.487+0000] {dag.py:4138} INFO - Setting next_dagrun for example_trigger_target_dag to None, run_after=None
[2024-09-12T16:04:00.615+0000] {processor.py:208} INFO - Processing /home/airflow/.local/lib/python3.12/site-packages/airflow/example_dags/example_trigger_target_dag.py took 0.761 seconds
[2024-09-12T16:05:46.054+0000] {processor.py:186} INFO - Started process (PID=3451) to work on /home/airflow/.local/lib/python3.12/site-packages/airflow/example_dags/example_trigger_target_dag.py
[2024-09-12T16:05:46.062+0000] {processor.py:914} INFO - Processing file /home/airflow/.local/lib/python3.12/site-packages/airflow/example_dags/example_trigger_target_dag.py for tasks to queue
[2024-09-12T16:05:46.071+0000] {logging_mixin.py:190} INFO - [2024-09-12T16:05:46.070+0000] {dagbag.py:587} INFO - Filling up the DagBag from /home/airflow/.local/lib/python3.12/site-packages/airflow/example_dags/example_trigger_target_dag.py
[2024-09-12T16:05:46.142+0000] {processor.py:925} INFO - DAG(s) 'example_trigger_target_dag' retrieved from /home/airflow/.local/lib/python3.12/site-packages/airflow/example_dags/example_trigger_target_dag.py
[2024-09-12T16:05:46.346+0000] {logging_mixin.py:190} INFO - [2024-09-12T16:05:46.346+0000] {dag.py:3211} INFO - Sync 1 DAGs
[2024-09-12T16:05:47.453+0000] {logging_mixin.py:190} INFO - [2024-09-12T16:05:47.453+0000] {dag.py:4138} INFO - Setting next_dagrun for example_trigger_target_dag to None, run_after=None
[2024-09-12T16:05:47.589+0000] {processor.py:208} INFO - Processing /home/airflow/.local/lib/python3.12/site-packages/airflow/example_dags/example_trigger_target_dag.py took 1.572 seconds
[2024-09-12T16:07:35.889+0000] {processor.py:186} INFO - Started process (PID=3538) to work on /home/airflow/.local/lib/python3.12/site-packages/airflow/example_dags/example_trigger_target_dag.py
[2024-09-12T16:07:35.893+0000] {processor.py:914} INFO - Processing file /home/airflow/.local/lib/python3.12/site-packages/airflow/example_dags/example_trigger_target_dag.py for tasks to queue
[2024-09-12T16:07:35.907+0000] {logging_mixin.py:190} INFO - [2024-09-12T16:07:35.906+0000] {dagbag.py:587} INFO - Filling up the DagBag from /home/airflow/.local/lib/python3.12/site-packages/airflow/example_dags/example_trigger_target_dag.py
[2024-09-12T16:07:37.628+0000] {processor.py:925} INFO - DAG(s) 'example_trigger_target_dag' retrieved from /home/airflow/.local/lib/python3.12/site-packages/airflow/example_dags/example_trigger_target_dag.py
[2024-09-12T16:07:37.979+0000] {logging_mixin.py:190} INFO - [2024-09-12T16:07:37.979+0000] {dag.py:3211} INFO - Sync 1 DAGs
[2024-09-12T16:07:38.189+0000] {logging_mixin.py:190} INFO - [2024-09-12T16:07:38.175+0000] {dag.py:4138} INFO - Setting next_dagrun for example_trigger_target_dag to None, run_after=None
[2024-09-12T16:07:38.476+0000] {processor.py:208} INFO - Processing /home/airflow/.local/lib/python3.12/site-packages/airflow/example_dags/example_trigger_target_dag.py took 2.656 seconds
[2024-09-12T16:08:29.207+0000] {processor.py:186} INFO - Started process (PID=3604) to work on /home/airflow/.local/lib/python3.12/site-packages/airflow/example_dags/example_trigger_target_dag.py
[2024-09-12T16:08:29.211+0000] {processor.py:914} INFO - Processing file /home/airflow/.local/lib/python3.12/site-packages/airflow/example_dags/example_trigger_target_dag.py for tasks to queue
[2024-09-12T16:08:29.226+0000] {logging_mixin.py:190} INFO - [2024-09-12T16:08:29.222+0000] {dagbag.py:587} INFO - Filling up the DagBag from /home/airflow/.local/lib/python3.12/site-packages/airflow/example_dags/example_trigger_target_dag.py
[2024-09-12T16:08:29.309+0000] {processor.py:925} INFO - DAG(s) 'example_trigger_target_dag' retrieved from /home/airflow/.local/lib/python3.12/site-packages/airflow/example_dags/example_trigger_target_dag.py
[2024-09-12T16:08:31.386+0000] {logging_mixin.py:190} INFO - [2024-09-12T16:08:31.357+0000] {dag.py:3211} INFO - Sync 1 DAGs
[2024-09-12T16:08:31.529+0000] {logging_mixin.py:190} INFO - [2024-09-12T16:08:31.528+0000] {dag.py:4138} INFO - Setting next_dagrun for example_trigger_target_dag to None, run_after=None
[2024-09-12T16:08:31.696+0000] {processor.py:208} INFO - Processing /home/airflow/.local/lib/python3.12/site-packages/airflow/example_dags/example_trigger_target_dag.py took 2.559 seconds
[2024-09-12T16:09:11.849+0000] {processor.py:186} INFO - Started process (PID=3658) to work on /home/airflow/.local/lib/python3.12/site-packages/airflow/example_dags/example_trigger_target_dag.py
[2024-09-12T16:09:11.854+0000] {processor.py:914} INFO - Processing file /home/airflow/.local/lib/python3.12/site-packages/airflow/example_dags/example_trigger_target_dag.py for tasks to queue
[2024-09-12T16:09:11.857+0000] {logging_mixin.py:190} INFO - [2024-09-12T16:09:11.857+0000] {dagbag.py:587} INFO - Filling up the DagBag from /home/airflow/.local/lib/python3.12/site-packages/airflow/example_dags/example_trigger_target_dag.py
[2024-09-12T16:09:11.891+0000] {processor.py:925} INFO - DAG(s) 'example_trigger_target_dag' retrieved from /home/airflow/.local/lib/python3.12/site-packages/airflow/example_dags/example_trigger_target_dag.py
[2024-09-12T16:09:12.056+0000] {logging_mixin.py:190} INFO - [2024-09-12T16:09:12.055+0000] {dag.py:3211} INFO - Sync 1 DAGs
[2024-09-12T16:09:12.181+0000] {logging_mixin.py:190} INFO - [2024-09-12T16:09:12.179+0000] {dag.py:4138} INFO - Setting next_dagrun for example_trigger_target_dag to None, run_after=None
[2024-09-12T16:09:12.293+0000] {processor.py:208} INFO - Processing /home/airflow/.local/lib/python3.12/site-packages/airflow/example_dags/example_trigger_target_dag.py took 0.459 seconds
[2024-09-12T16:09:46.024+0000] {processor.py:186} INFO - Started process (PID=3728) to work on /home/airflow/.local/lib/python3.12/site-packages/airflow/example_dags/example_trigger_target_dag.py
[2024-09-12T16:09:46.030+0000] {processor.py:914} INFO - Processing file /home/airflow/.local/lib/python3.12/site-packages/airflow/example_dags/example_trigger_target_dag.py for tasks to queue
[2024-09-12T16:09:46.041+0000] {logging_mixin.py:190} INFO - [2024-09-12T16:09:46.040+0000] {dagbag.py:587} INFO - Filling up the DagBag from /home/airflow/.local/lib/python3.12/site-packages/airflow/example_dags/example_trigger_target_dag.py
[2024-09-12T16:09:46.126+0000] {processor.py:925} INFO - DAG(s) 'example_trigger_target_dag' retrieved from /home/airflow/.local/lib/python3.12/site-packages/airflow/example_dags/example_trigger_target_dag.py
[2024-09-12T16:09:55.920+0000] {logging_mixin.py:190} INFO - [2024-09-12T16:09:55.890+0000] {dag.py:3211} INFO - Sync 1 DAGs
[2024-09-12T16:09:56.068+0000] {logging_mixin.py:190} INFO - [2024-09-12T16:09:56.067+0000] {dag.py:4138} INFO - Setting next_dagrun for example_trigger_target_dag to None, run_after=None
[2024-09-12T16:09:56.405+0000] {processor.py:208} INFO - Processing /home/airflow/.local/lib/python3.12/site-packages/airflow/example_dags/example_trigger_target_dag.py took 10.581 seconds
[2024-09-12T16:10:51.399+0000] {processor.py:186} INFO - Started process (PID=3798) to work on /home/airflow/.local/lib/python3.12/site-packages/airflow/example_dags/example_trigger_target_dag.py
[2024-09-12T16:10:51.414+0000] {processor.py:914} INFO - Processing file /home/airflow/.local/lib/python3.12/site-packages/airflow/example_dags/example_trigger_target_dag.py for tasks to queue
[2024-09-12T16:10:51.417+0000] {logging_mixin.py:190} INFO - [2024-09-12T16:10:51.416+0000] {dagbag.py:587} INFO - Filling up the DagBag from /home/airflow/.local/lib/python3.12/site-packages/airflow/example_dags/example_trigger_target_dag.py
[2024-09-12T16:10:51.462+0000] {processor.py:925} INFO - DAG(s) 'example_trigger_target_dag' retrieved from /home/airflow/.local/lib/python3.12/site-packages/airflow/example_dags/example_trigger_target_dag.py
[2024-09-12T16:10:51.596+0000] {logging_mixin.py:190} INFO - [2024-09-12T16:10:51.596+0000] {dag.py:3211} INFO - Sync 1 DAGs
[2024-09-12T16:10:51.692+0000] {logging_mixin.py:190} INFO - [2024-09-12T16:10:51.691+0000] {dag.py:4138} INFO - Setting next_dagrun for example_trigger_target_dag to None, run_after=None
[2024-09-12T16:10:51.870+0000] {processor.py:208} INFO - Processing /home/airflow/.local/lib/python3.12/site-packages/airflow/example_dags/example_trigger_target_dag.py took 0.514 seconds
[2024-09-12T16:11:39.206+0000] {processor.py:186} INFO - Started process (PID=3866) to work on /home/airflow/.local/lib/python3.12/site-packages/airflow/example_dags/example_trigger_target_dag.py
[2024-09-12T16:11:39.214+0000] {processor.py:914} INFO - Processing file /home/airflow/.local/lib/python3.12/site-packages/airflow/example_dags/example_trigger_target_dag.py for tasks to queue
[2024-09-12T16:11:39.236+0000] {logging_mixin.py:190} INFO - [2024-09-12T16:11:39.236+0000] {dagbag.py:587} INFO - Filling up the DagBag from /home/airflow/.local/lib/python3.12/site-packages/airflow/example_dags/example_trigger_target_dag.py
[2024-09-12T16:11:39.281+0000] {processor.py:925} INFO - DAG(s) 'example_trigger_target_dag' retrieved from /home/airflow/.local/lib/python3.12/site-packages/airflow/example_dags/example_trigger_target_dag.py
[2024-09-12T16:11:39.396+0000] {logging_mixin.py:190} INFO - [2024-09-12T16:11:39.395+0000] {dag.py:3211} INFO - Sync 1 DAGs
[2024-09-12T16:11:39.511+0000] {logging_mixin.py:190} INFO - [2024-09-12T16:11:39.510+0000] {dag.py:4138} INFO - Setting next_dagrun for example_trigger_target_dag to None, run_after=None
[2024-09-12T16:11:39.695+0000] {processor.py:208} INFO - Processing /home/airflow/.local/lib/python3.12/site-packages/airflow/example_dags/example_trigger_target_dag.py took 0.530 seconds
[2024-09-12T16:12:38.339+0000] {processor.py:186} INFO - Started process (PID=3928) to work on /home/airflow/.local/lib/python3.12/site-packages/airflow/example_dags/example_trigger_target_dag.py
[2024-09-12T16:12:38.349+0000] {processor.py:914} INFO - Processing file /home/airflow/.local/lib/python3.12/site-packages/airflow/example_dags/example_trigger_target_dag.py for tasks to queue
[2024-09-12T16:12:38.353+0000] {logging_mixin.py:190} INFO - [2024-09-12T16:12:38.352+0000] {dagbag.py:587} INFO - Filling up the DagBag from /home/airflow/.local/lib/python3.12/site-packages/airflow/example_dags/example_trigger_target_dag.py
[2024-09-12T16:12:38.407+0000] {processor.py:925} INFO - DAG(s) 'example_trigger_target_dag' retrieved from /home/airflow/.local/lib/python3.12/site-packages/airflow/example_dags/example_trigger_target_dag.py
[2024-09-12T16:12:38.488+0000] {logging_mixin.py:190} INFO - [2024-09-12T16:12:38.488+0000] {dag.py:3211} INFO - Sync 1 DAGs
[2024-09-12T16:12:38.565+0000] {logging_mixin.py:190} INFO - [2024-09-12T16:12:38.565+0000] {dag.py:4138} INFO - Setting next_dagrun for example_trigger_target_dag to None, run_after=None
[2024-09-12T16:12:38.686+0000] {processor.py:208} INFO - Processing /home/airflow/.local/lib/python3.12/site-packages/airflow/example_dags/example_trigger_target_dag.py took 0.383 seconds
[2024-09-12T16:13:09.603+0000] {processor.py:186} INFO - Started process (PID=3994) to work on /home/airflow/.local/lib/python3.12/site-packages/airflow/example_dags/example_trigger_target_dag.py
[2024-09-12T16:13:09.616+0000] {processor.py:914} INFO - Processing file /home/airflow/.local/lib/python3.12/site-packages/airflow/example_dags/example_trigger_target_dag.py for tasks to queue
[2024-09-12T16:13:09.619+0000] {logging_mixin.py:190} INFO - [2024-09-12T16:13:09.619+0000] {dagbag.py:587} INFO - Filling up the DagBag from /home/airflow/.local/lib/python3.12/site-packages/airflow/example_dags/example_trigger_target_dag.py
[2024-09-12T16:13:09.679+0000] {processor.py:925} INFO - DAG(s) 'example_trigger_target_dag' retrieved from /home/airflow/.local/lib/python3.12/site-packages/airflow/example_dags/example_trigger_target_dag.py
[2024-09-12T16:13:09.943+0000] {logging_mixin.py:190} INFO - [2024-09-12T16:13:09.943+0000] {dag.py:3211} INFO - Sync 1 DAGs
[2024-09-12T16:13:10.027+0000] {logging_mixin.py:190} INFO - [2024-09-12T16:13:10.017+0000] {dag.py:4138} INFO - Setting next_dagrun for example_trigger_target_dag to None, run_after=None
[2024-09-12T16:13:10.268+0000] {processor.py:208} INFO - Processing /home/airflow/.local/lib/python3.12/site-packages/airflow/example_dags/example_trigger_target_dag.py took 0.714 seconds
[2024-09-12T16:13:47.375+0000] {processor.py:186} INFO - Started process (PID=4017) to work on /home/airflow/.local/lib/python3.12/site-packages/airflow/example_dags/example_trigger_target_dag.py
[2024-09-12T16:13:47.380+0000] {processor.py:914} INFO - Processing file /home/airflow/.local/lib/python3.12/site-packages/airflow/example_dags/example_trigger_target_dag.py for tasks to queue
[2024-09-12T16:13:47.385+0000] {logging_mixin.py:190} INFO - [2024-09-12T16:13:47.384+0000] {dagbag.py:587} INFO - Filling up the DagBag from /home/airflow/.local/lib/python3.12/site-packages/airflow/example_dags/example_trigger_target_dag.py
[2024-09-12T16:13:47.419+0000] {processor.py:925} INFO - DAG(s) 'example_trigger_target_dag' retrieved from /home/airflow/.local/lib/python3.12/site-packages/airflow/example_dags/example_trigger_target_dag.py
[2024-09-12T16:13:47.503+0000] {logging_mixin.py:190} INFO - [2024-09-12T16:13:47.503+0000] {dag.py:3211} INFO - Sync 1 DAGs
[2024-09-12T16:13:47.560+0000] {logging_mixin.py:190} INFO - [2024-09-12T16:13:47.559+0000] {dag.py:4138} INFO - Setting next_dagrun for example_trigger_target_dag to None, run_after=None
[2024-09-12T16:13:47.630+0000] {processor.py:208} INFO - Processing /home/airflow/.local/lib/python3.12/site-packages/airflow/example_dags/example_trigger_target_dag.py took 0.294 seconds
[2024-09-12T16:14:37.599+0000] {processor.py:186} INFO - Started process (PID=4077) to work on /home/airflow/.local/lib/python3.12/site-packages/airflow/example_dags/example_trigger_target_dag.py
[2024-09-12T16:14:37.608+0000] {processor.py:914} INFO - Processing file /home/airflow/.local/lib/python3.12/site-packages/airflow/example_dags/example_trigger_target_dag.py for tasks to queue
[2024-09-12T16:14:37.615+0000] {logging_mixin.py:190} INFO - [2024-09-12T16:14:37.614+0000] {dagbag.py:587} INFO - Filling up the DagBag from /home/airflow/.local/lib/python3.12/site-packages/airflow/example_dags/example_trigger_target_dag.py
[2024-09-12T16:14:37.661+0000] {processor.py:925} INFO - DAG(s) 'example_trigger_target_dag' retrieved from /home/airflow/.local/lib/python3.12/site-packages/airflow/example_dags/example_trigger_target_dag.py
[2024-09-12T16:14:37.804+0000] {logging_mixin.py:190} INFO - [2024-09-12T16:14:37.804+0000] {dag.py:3211} INFO - Sync 1 DAGs
[2024-09-12T16:14:37.870+0000] {logging_mixin.py:190} INFO - [2024-09-12T16:14:37.868+0000] {dag.py:4138} INFO - Setting next_dagrun for example_trigger_target_dag to None, run_after=None
[2024-09-12T16:14:37.945+0000] {processor.py:208} INFO - Processing /home/airflow/.local/lib/python3.12/site-packages/airflow/example_dags/example_trigger_target_dag.py took 0.365 seconds
[2024-09-12T16:15:09.819+0000] {processor.py:186} INFO - Started process (PID=4142) to work on /home/airflow/.local/lib/python3.12/site-packages/airflow/example_dags/example_trigger_target_dag.py
[2024-09-12T16:15:09.827+0000] {processor.py:914} INFO - Processing file /home/airflow/.local/lib/python3.12/site-packages/airflow/example_dags/example_trigger_target_dag.py for tasks to queue
[2024-09-12T16:15:09.830+0000] {logging_mixin.py:190} INFO - [2024-09-12T16:15:09.829+0000] {dagbag.py:587} INFO - Filling up the DagBag from /home/airflow/.local/lib/python3.12/site-packages/airflow/example_dags/example_trigger_target_dag.py
[2024-09-12T16:15:09.874+0000] {processor.py:925} INFO - DAG(s) 'example_trigger_target_dag' retrieved from /home/airflow/.local/lib/python3.12/site-packages/airflow/example_dags/example_trigger_target_dag.py
[2024-09-12T16:15:09.944+0000] {logging_mixin.py:190} INFO - [2024-09-12T16:15:09.944+0000] {dag.py:3211} INFO - Sync 1 DAGs
[2024-09-12T16:15:09.991+0000] {logging_mixin.py:190} INFO - [2024-09-12T16:15:09.991+0000] {dag.py:4138} INFO - Setting next_dagrun for example_trigger_target_dag to None, run_after=None
[2024-09-12T16:15:10.060+0000] {processor.py:208} INFO - Processing /home/airflow/.local/lib/python3.12/site-packages/airflow/example_dags/example_trigger_target_dag.py took 0.254 seconds
[2024-09-12T16:15:42.016+0000] {processor.py:186} INFO - Started process (PID=4212) to work on /home/airflow/.local/lib/python3.12/site-packages/airflow/example_dags/example_trigger_target_dag.py
[2024-09-12T16:15:42.018+0000] {processor.py:914} INFO - Processing file /home/airflow/.local/lib/python3.12/site-packages/airflow/example_dags/example_trigger_target_dag.py for tasks to queue
[2024-09-12T16:15:42.022+0000] {logging_mixin.py:190} INFO - [2024-09-12T16:15:42.020+0000] {dagbag.py:587} INFO - Filling up the DagBag from /home/airflow/.local/lib/python3.12/site-packages/airflow/example_dags/example_trigger_target_dag.py
[2024-09-12T16:15:42.044+0000] {processor.py:925} INFO - DAG(s) 'example_trigger_target_dag' retrieved from /home/airflow/.local/lib/python3.12/site-packages/airflow/example_dags/example_trigger_target_dag.py
[2024-09-12T16:15:42.112+0000] {logging_mixin.py:190} INFO - [2024-09-12T16:15:42.112+0000] {dag.py:3211} INFO - Sync 1 DAGs
[2024-09-12T16:15:42.157+0000] {logging_mixin.py:190} INFO - [2024-09-12T16:15:42.156+0000] {dag.py:4138} INFO - Setting next_dagrun for example_trigger_target_dag to None, run_after=None
[2024-09-12T16:15:42.234+0000] {processor.py:208} INFO - Processing /home/airflow/.local/lib/python3.12/site-packages/airflow/example_dags/example_trigger_target_dag.py took 0.241 seconds
[2024-09-12T16:16:31.071+0000] {processor.py:186} INFO - Started process (PID=4273) to work on /home/airflow/.local/lib/python3.12/site-packages/airflow/example_dags/example_trigger_target_dag.py
[2024-09-12T16:16:31.076+0000] {processor.py:914} INFO - Processing file /home/airflow/.local/lib/python3.12/site-packages/airflow/example_dags/example_trigger_target_dag.py for tasks to queue
[2024-09-12T16:16:31.080+0000] {logging_mixin.py:190} INFO - [2024-09-12T16:16:31.079+0000] {dagbag.py:587} INFO - Filling up the DagBag from /home/airflow/.local/lib/python3.12/site-packages/airflow/example_dags/example_trigger_target_dag.py
[2024-09-12T16:16:31.114+0000] {processor.py:925} INFO - DAG(s) 'example_trigger_target_dag' retrieved from /home/airflow/.local/lib/python3.12/site-packages/airflow/example_dags/example_trigger_target_dag.py
[2024-09-12T16:16:31.170+0000] {logging_mixin.py:190} INFO - [2024-09-12T16:16:31.169+0000] {dag.py:3211} INFO - Sync 1 DAGs
[2024-09-12T16:16:31.224+0000] {logging_mixin.py:190} INFO - [2024-09-12T16:16:31.224+0000] {dag.py:4138} INFO - Setting next_dagrun for example_trigger_target_dag to None, run_after=None
[2024-09-12T16:16:31.291+0000] {processor.py:208} INFO - Processing /home/airflow/.local/lib/python3.12/site-packages/airflow/example_dags/example_trigger_target_dag.py took 0.244 seconds
[2024-09-12T16:17:08.209+0000] {processor.py:186} INFO - Started process (PID=4340) to work on /home/airflow/.local/lib/python3.12/site-packages/airflow/example_dags/example_trigger_target_dag.py
[2024-09-12T16:17:08.211+0000] {processor.py:914} INFO - Processing file /home/airflow/.local/lib/python3.12/site-packages/airflow/example_dags/example_trigger_target_dag.py for tasks to queue
[2024-09-12T16:17:08.216+0000] {logging_mixin.py:190} INFO - [2024-09-12T16:17:08.216+0000] {dagbag.py:587} INFO - Filling up the DagBag from /home/airflow/.local/lib/python3.12/site-packages/airflow/example_dags/example_trigger_target_dag.py
[2024-09-12T16:17:08.259+0000] {processor.py:925} INFO - DAG(s) 'example_trigger_target_dag' retrieved from /home/airflow/.local/lib/python3.12/site-packages/airflow/example_dags/example_trigger_target_dag.py
[2024-09-12T16:17:08.392+0000] {logging_mixin.py:190} INFO - [2024-09-12T16:17:08.391+0000] {dag.py:3211} INFO - Sync 1 DAGs
[2024-09-12T16:17:08.483+0000] {logging_mixin.py:190} INFO - [2024-09-12T16:17:08.473+0000] {dag.py:4138} INFO - Setting next_dagrun for example_trigger_target_dag to None, run_after=None
[2024-09-12T16:17:08.673+0000] {processor.py:208} INFO - Processing /home/airflow/.local/lib/python3.12/site-packages/airflow/example_dags/example_trigger_target_dag.py took 0.483 seconds
[2024-09-12T16:17:51.416+0000] {processor.py:186} INFO - Started process (PID=4404) to work on /home/airflow/.local/lib/python3.12/site-packages/airflow/example_dags/example_trigger_target_dag.py
[2024-09-12T16:17:51.445+0000] {processor.py:914} INFO - Processing file /home/airflow/.local/lib/python3.12/site-packages/airflow/example_dags/example_trigger_target_dag.py for tasks to queue
[2024-09-12T16:17:51.449+0000] {logging_mixin.py:190} INFO - [2024-09-12T16:17:51.448+0000] {dagbag.py:587} INFO - Filling up the DagBag from /home/airflow/.local/lib/python3.12/site-packages/airflow/example_dags/example_trigger_target_dag.py
[2024-09-12T16:17:51.505+0000] {processor.py:925} INFO - DAG(s) 'example_trigger_target_dag' retrieved from /home/airflow/.local/lib/python3.12/site-packages/airflow/example_dags/example_trigger_target_dag.py
[2024-09-12T16:17:51.658+0000] {logging_mixin.py:190} INFO - [2024-09-12T16:17:51.657+0000] {dag.py:3211} INFO - Sync 1 DAGs
[2024-09-12T16:17:51.763+0000] {logging_mixin.py:190} INFO - [2024-09-12T16:17:51.762+0000] {dag.py:4138} INFO - Setting next_dagrun for example_trigger_target_dag to None, run_after=None
[2024-09-12T16:17:51.877+0000] {processor.py:208} INFO - Processing /home/airflow/.local/lib/python3.12/site-packages/airflow/example_dags/example_trigger_target_dag.py took 0.502 seconds
[2024-09-12T16:18:36.703+0000] {processor.py:186} INFO - Started process (PID=4459) to work on /home/airflow/.local/lib/python3.12/site-packages/airflow/example_dags/example_trigger_target_dag.py
[2024-09-12T16:18:36.717+0000] {processor.py:914} INFO - Processing file /home/airflow/.local/lib/python3.12/site-packages/airflow/example_dags/example_trigger_target_dag.py for tasks to queue
[2024-09-12T16:18:36.749+0000] {logging_mixin.py:190} INFO - [2024-09-12T16:18:36.748+0000] {dagbag.py:587} INFO - Filling up the DagBag from /home/airflow/.local/lib/python3.12/site-packages/airflow/example_dags/example_trigger_target_dag.py
[2024-09-12T16:18:36.833+0000] {processor.py:925} INFO - DAG(s) 'example_trigger_target_dag' retrieved from /home/airflow/.local/lib/python3.12/site-packages/airflow/example_dags/example_trigger_target_dag.py
[2024-09-12T16:18:36.939+0000] {logging_mixin.py:190} INFO - [2024-09-12T16:18:36.939+0000] {dag.py:3211} INFO - Sync 1 DAGs
[2024-09-12T16:18:37.120+0000] {logging_mixin.py:190} INFO - [2024-09-12T16:18:37.120+0000] {dag.py:4138} INFO - Setting next_dagrun for example_trigger_target_dag to None, run_after=None
[2024-09-12T16:18:37.256+0000] {processor.py:208} INFO - Processing /home/airflow/.local/lib/python3.12/site-packages/airflow/example_dags/example_trigger_target_dag.py took 0.590 seconds
[2024-09-12T16:19:14.955+0000] {processor.py:186} INFO - Started process (PID=4525) to work on /home/airflow/.local/lib/python3.12/site-packages/airflow/example_dags/example_trigger_target_dag.py
[2024-09-12T16:19:14.970+0000] {processor.py:914} INFO - Processing file /home/airflow/.local/lib/python3.12/site-packages/airflow/example_dags/example_trigger_target_dag.py for tasks to queue
[2024-09-12T16:19:14.980+0000] {logging_mixin.py:190} INFO - [2024-09-12T16:19:14.978+0000] {dagbag.py:587} INFO - Filling up the DagBag from /home/airflow/.local/lib/python3.12/site-packages/airflow/example_dags/example_trigger_target_dag.py
[2024-09-12T16:19:15.066+0000] {processor.py:925} INFO - DAG(s) 'example_trigger_target_dag' retrieved from /home/airflow/.local/lib/python3.12/site-packages/airflow/example_dags/example_trigger_target_dag.py
[2024-09-12T16:19:15.200+0000] {logging_mixin.py:190} INFO - [2024-09-12T16:19:15.199+0000] {dag.py:3211} INFO - Sync 1 DAGs
[2024-09-12T16:19:15.259+0000] {logging_mixin.py:190} INFO - [2024-09-12T16:19:15.251+0000] {dag.py:4138} INFO - Setting next_dagrun for example_trigger_target_dag to None, run_after=None
[2024-09-12T16:19:15.444+0000] {processor.py:208} INFO - Processing /home/airflow/.local/lib/python3.12/site-packages/airflow/example_dags/example_trigger_target_dag.py took 0.530 seconds
[2024-09-12T16:19:49.873+0000] {processor.py:186} INFO - Started process (PID=4597) to work on /home/airflow/.local/lib/python3.12/site-packages/airflow/example_dags/example_trigger_target_dag.py
[2024-09-12T16:19:49.888+0000] {processor.py:914} INFO - Processing file /home/airflow/.local/lib/python3.12/site-packages/airflow/example_dags/example_trigger_target_dag.py for tasks to queue
[2024-09-12T16:19:49.893+0000] {logging_mixin.py:190} INFO - [2024-09-12T16:19:49.892+0000] {dagbag.py:587} INFO - Filling up the DagBag from /home/airflow/.local/lib/python3.12/site-packages/airflow/example_dags/example_trigger_target_dag.py
[2024-09-12T16:19:49.964+0000] {processor.py:925} INFO - DAG(s) 'example_trigger_target_dag' retrieved from /home/airflow/.local/lib/python3.12/site-packages/airflow/example_dags/example_trigger_target_dag.py
[2024-09-12T16:19:50.081+0000] {logging_mixin.py:190} INFO - [2024-09-12T16:19:50.081+0000] {dag.py:3211} INFO - Sync 1 DAGs
[2024-09-12T16:19:50.175+0000] {logging_mixin.py:190} INFO - [2024-09-12T16:19:50.175+0000] {dag.py:4138} INFO - Setting next_dagrun for example_trigger_target_dag to None, run_after=None
[2024-09-12T16:19:50.478+0000] {processor.py:208} INFO - Processing /home/airflow/.local/lib/python3.12/site-packages/airflow/example_dags/example_trigger_target_dag.py took 0.632 seconds
[2024-09-12T16:20:47.495+0000] {processor.py:186} INFO - Started process (PID=4663) to work on /home/airflow/.local/lib/python3.12/site-packages/airflow/example_dags/example_trigger_target_dag.py
[2024-09-12T16:20:47.522+0000] {processor.py:914} INFO - Processing file /home/airflow/.local/lib/python3.12/site-packages/airflow/example_dags/example_trigger_target_dag.py for tasks to queue
[2024-09-12T16:20:47.543+0000] {logging_mixin.py:190} INFO - [2024-09-12T16:20:47.542+0000] {dagbag.py:587} INFO - Filling up the DagBag from /home/airflow/.local/lib/python3.12/site-packages/airflow/example_dags/example_trigger_target_dag.py
[2024-09-12T16:20:47.619+0000] {processor.py:925} INFO - DAG(s) 'example_trigger_target_dag' retrieved from /home/airflow/.local/lib/python3.12/site-packages/airflow/example_dags/example_trigger_target_dag.py
[2024-09-12T16:20:47.906+0000] {logging_mixin.py:190} INFO - [2024-09-12T16:20:47.905+0000] {dag.py:3211} INFO - Sync 1 DAGs
[2024-09-12T16:20:48.063+0000] {logging_mixin.py:190} INFO - [2024-09-12T16:20:48.062+0000] {dag.py:4138} INFO - Setting next_dagrun for example_trigger_target_dag to None, run_after=None
[2024-09-12T16:20:48.179+0000] {processor.py:208} INFO - Processing /home/airflow/.local/lib/python3.12/site-packages/airflow/example_dags/example_trigger_target_dag.py took 0.737 seconds
[2024-09-12T16:21:22.090+0000] {processor.py:186} INFO - Started process (PID=4724) to work on /home/airflow/.local/lib/python3.12/site-packages/airflow/example_dags/example_trigger_target_dag.py
[2024-09-12T16:21:22.094+0000] {processor.py:914} INFO - Processing file /home/airflow/.local/lib/python3.12/site-packages/airflow/example_dags/example_trigger_target_dag.py for tasks to queue
[2024-09-12T16:21:22.117+0000] {logging_mixin.py:190} INFO - [2024-09-12T16:21:22.110+0000] {dagbag.py:587} INFO - Filling up the DagBag from /home/airflow/.local/lib/python3.12/site-packages/airflow/example_dags/example_trigger_target_dag.py
[2024-09-12T16:21:22.287+0000] {processor.py:925} INFO - DAG(s) 'example_trigger_target_dag' retrieved from /home/airflow/.local/lib/python3.12/site-packages/airflow/example_dags/example_trigger_target_dag.py
[2024-09-12T16:21:23.702+0000] {logging_mixin.py:190} INFO - [2024-09-12T16:21:23.644+0000] {dag.py:3211} INFO - Sync 1 DAGs
[2024-09-12T16:21:23.968+0000] {logging_mixin.py:190} INFO - [2024-09-12T16:21:23.937+0000] {dag.py:4138} INFO - Setting next_dagrun for example_trigger_target_dag to None, run_after=None
[2024-09-12T16:21:24.358+0000] {processor.py:208} INFO - Processing /home/airflow/.local/lib/python3.12/site-packages/airflow/example_dags/example_trigger_target_dag.py took 2.339 seconds
[2024-09-12T16:22:07.962+0000] {processor.py:186} INFO - Started process (PID=4747) to work on /home/airflow/.local/lib/python3.12/site-packages/airflow/example_dags/example_trigger_target_dag.py
[2024-09-12T16:22:07.975+0000] {processor.py:914} INFO - Processing file /home/airflow/.local/lib/python3.12/site-packages/airflow/example_dags/example_trigger_target_dag.py for tasks to queue
[2024-09-12T16:22:07.989+0000] {logging_mixin.py:190} INFO - [2024-09-12T16:22:07.988+0000] {dagbag.py:587} INFO - Filling up the DagBag from /home/airflow/.local/lib/python3.12/site-packages/airflow/example_dags/example_trigger_target_dag.py
[2024-09-12T16:22:08.063+0000] {processor.py:925} INFO - DAG(s) 'example_trigger_target_dag' retrieved from /home/airflow/.local/lib/python3.12/site-packages/airflow/example_dags/example_trigger_target_dag.py
[2024-09-12T16:22:08.255+0000] {logging_mixin.py:190} INFO - [2024-09-12T16:22:08.254+0000] {dag.py:3211} INFO - Sync 1 DAGs
[2024-09-12T16:22:08.356+0000] {logging_mixin.py:190} INFO - [2024-09-12T16:22:08.355+0000] {dag.py:4138} INFO - Setting next_dagrun for example_trigger_target_dag to None, run_after=None
[2024-09-12T16:22:08.473+0000] {processor.py:208} INFO - Processing /home/airflow/.local/lib/python3.12/site-packages/airflow/example_dags/example_trigger_target_dag.py took 0.543 seconds
[2024-09-12T16:22:46.878+0000] {processor.py:186} INFO - Started process (PID=4814) to work on /home/airflow/.local/lib/python3.12/site-packages/airflow/example_dags/example_trigger_target_dag.py
[2024-09-12T16:22:46.895+0000] {processor.py:914} INFO - Processing file /home/airflow/.local/lib/python3.12/site-packages/airflow/example_dags/example_trigger_target_dag.py for tasks to queue
[2024-09-12T16:22:46.902+0000] {logging_mixin.py:190} INFO - [2024-09-12T16:22:46.901+0000] {dagbag.py:587} INFO - Filling up the DagBag from /home/airflow/.local/lib/python3.12/site-packages/airflow/example_dags/example_trigger_target_dag.py
[2024-09-12T16:22:46.969+0000] {processor.py:925} INFO - DAG(s) 'example_trigger_target_dag' retrieved from /home/airflow/.local/lib/python3.12/site-packages/airflow/example_dags/example_trigger_target_dag.py
[2024-09-12T16:22:47.168+0000] {logging_mixin.py:190} INFO - [2024-09-12T16:22:47.167+0000] {dag.py:3211} INFO - Sync 1 DAGs
[2024-09-12T16:22:47.443+0000] {logging_mixin.py:190} INFO - [2024-09-12T16:22:47.440+0000] {dag.py:4138} INFO - Setting next_dagrun for example_trigger_target_dag to None, run_after=None
[2024-09-12T16:22:47.900+0000] {processor.py:208} INFO - Processing /home/airflow/.local/lib/python3.12/site-packages/airflow/example_dags/example_trigger_target_dag.py took 1.104 seconds
