[2024-09-12T14:58:55.122+0000] {processor.py:186} INFO - Started process (PID=111) to work on /home/airflow/.local/lib/python3.12/site-packages/airflow/example_dags/example_branch_day_of_week_operator.py
[2024-09-12T14:58:55.142+0000] {processor.py:914} INFO - Processing file /home/airflow/.local/lib/python3.12/site-packages/airflow/example_dags/example_branch_day_of_week_operator.py for tasks to queue
[2024-09-12T14:58:55.148+0000] {logging_mixin.py:190} INFO - [2024-09-12T14:58:55.147+0000] {dagbag.py:587} INFO - Filling up the DagBag from /home/airflow/.local/lib/python3.12/site-packages/airflow/example_dags/example_branch_day_of_week_operator.py
[2024-09-12T14:58:55.197+0000] {processor.py:925} INFO - DAG(s) 'example_weekday_branch_operator' retrieved from /home/airflow/.local/lib/python3.12/site-packages/airflow/example_dags/example_branch_day_of_week_operator.py
[2024-09-12T14:58:55.329+0000] {logging_mixin.py:190} INFO - [2024-09-12T14:58:55.328+0000] {dag.py:3211} INFO - Sync 1 DAGs
[2024-09-12T14:58:55.527+0000] {logging_mixin.py:190} INFO - [2024-09-12T14:58:55.526+0000] {dag.py:4138} INFO - Setting next_dagrun for example_weekday_branch_operator to 2024-09-11 00:00:00+00:00, run_after=2024-09-12 00:00:00+00:00
[2024-09-12T14:58:55.816+0000] {processor.py:208} INFO - Processing /home/airflow/.local/lib/python3.12/site-packages/airflow/example_dags/example_branch_day_of_week_operator.py took 0.708 seconds
[2024-09-12T14:59:52.182+0000] {processor.py:186} INFO - Started process (PID=187) to work on /home/airflow/.local/lib/python3.12/site-packages/airflow/example_dags/example_branch_day_of_week_operator.py
[2024-09-12T14:59:52.195+0000] {processor.py:914} INFO - Processing file /home/airflow/.local/lib/python3.12/site-packages/airflow/example_dags/example_branch_day_of_week_operator.py for tasks to queue
[2024-09-12T14:59:52.254+0000] {logging_mixin.py:190} INFO - [2024-09-12T14:59:52.253+0000] {dagbag.py:587} INFO - Filling up the DagBag from /home/airflow/.local/lib/python3.12/site-packages/airflow/example_dags/example_branch_day_of_week_operator.py
[2024-09-12T14:59:52.383+0000] {processor.py:925} INFO - DAG(s) 'example_weekday_branch_operator' retrieved from /home/airflow/.local/lib/python3.12/site-packages/airflow/example_dags/example_branch_day_of_week_operator.py
[2024-09-12T14:59:52.608+0000] {logging_mixin.py:190} INFO - [2024-09-12T14:59:52.608+0000] {dag.py:3211} INFO - Sync 1 DAGs
[2024-09-12T14:59:52.859+0000] {logging_mixin.py:190} INFO - [2024-09-12T14:59:52.847+0000] {dag.py:4138} INFO - Setting next_dagrun for example_weekday_branch_operator to 2024-09-11 00:00:00+00:00, run_after=2024-09-12 00:00:00+00:00
[2024-09-12T14:59:53.121+0000] {processor.py:208} INFO - Processing /home/airflow/.local/lib/python3.12/site-packages/airflow/example_dags/example_branch_day_of_week_operator.py took 0.977 seconds
[2024-09-12T15:00:56.148+0000] {processor.py:186} INFO - Started process (PID=263) to work on /home/airflow/.local/lib/python3.12/site-packages/airflow/example_dags/example_branch_day_of_week_operator.py
[2024-09-12T15:00:56.162+0000] {processor.py:914} INFO - Processing file /home/airflow/.local/lib/python3.12/site-packages/airflow/example_dags/example_branch_day_of_week_operator.py for tasks to queue
[2024-09-12T15:00:56.226+0000] {logging_mixin.py:190} INFO - [2024-09-12T15:00:56.197+0000] {dagbag.py:587} INFO - Filling up the DagBag from /home/airflow/.local/lib/python3.12/site-packages/airflow/example_dags/example_branch_day_of_week_operator.py
[2024-09-12T15:00:56.324+0000] {processor.py:925} INFO - DAG(s) 'example_weekday_branch_operator' retrieved from /home/airflow/.local/lib/python3.12/site-packages/airflow/example_dags/example_branch_day_of_week_operator.py
[2024-09-12T15:00:56.478+0000] {logging_mixin.py:190} INFO - [2024-09-12T15:00:56.477+0000] {dag.py:3211} INFO - Sync 1 DAGs
[2024-09-12T15:00:56.828+0000] {logging_mixin.py:190} INFO - [2024-09-12T15:00:56.814+0000] {dag.py:4138} INFO - Setting next_dagrun for example_weekday_branch_operator to 2024-09-11 00:00:00+00:00, run_after=2024-09-12 00:00:00+00:00
[2024-09-12T15:00:57.146+0000] {processor.py:208} INFO - Processing /home/airflow/.local/lib/python3.12/site-packages/airflow/example_dags/example_branch_day_of_week_operator.py took 1.094 seconds
[2024-09-12T15:02:12.149+0000] {processor.py:186} INFO - Started process (PID=329) to work on /home/airflow/.local/lib/python3.12/site-packages/airflow/example_dags/example_branch_day_of_week_operator.py
[2024-09-12T15:02:12.208+0000] {processor.py:914} INFO - Processing file /home/airflow/.local/lib/python3.12/site-packages/airflow/example_dags/example_branch_day_of_week_operator.py for tasks to queue
[2024-09-12T15:02:12.225+0000] {logging_mixin.py:190} INFO - [2024-09-12T15:02:12.225+0000] {dagbag.py:587} INFO - Filling up the DagBag from /home/airflow/.local/lib/python3.12/site-packages/airflow/example_dags/example_branch_day_of_week_operator.py
[2024-09-12T15:02:12.440+0000] {processor.py:925} INFO - DAG(s) 'example_weekday_branch_operator' retrieved from /home/airflow/.local/lib/python3.12/site-packages/airflow/example_dags/example_branch_day_of_week_operator.py
[2024-09-12T15:02:12.776+0000] {logging_mixin.py:190} INFO - [2024-09-12T15:02:12.776+0000] {dag.py:3211} INFO - Sync 1 DAGs
[2024-09-12T15:02:13.067+0000] {logging_mixin.py:190} INFO - [2024-09-12T15:02:13.067+0000] {dag.py:4138} INFO - Setting next_dagrun for example_weekday_branch_operator to 2024-09-11 00:00:00+00:00, run_after=2024-09-12 00:00:00+00:00
[2024-09-12T15:02:13.431+0000] {processor.py:208} INFO - Processing /home/airflow/.local/lib/python3.12/site-packages/airflow/example_dags/example_branch_day_of_week_operator.py took 1.425 seconds
[2024-09-12T15:04:15.313+0000] {processor.py:186} INFO - Started process (PID=426) to work on /home/airflow/.local/lib/python3.12/site-packages/airflow/example_dags/example_branch_day_of_week_operator.py
[2024-09-12T15:04:15.319+0000] {processor.py:914} INFO - Processing file /home/airflow/.local/lib/python3.12/site-packages/airflow/example_dags/example_branch_day_of_week_operator.py for tasks to queue
[2024-09-12T15:04:15.323+0000] {logging_mixin.py:190} INFO - [2024-09-12T15:04:15.322+0000] {dagbag.py:587} INFO - Filling up the DagBag from /home/airflow/.local/lib/python3.12/site-packages/airflow/example_dags/example_branch_day_of_week_operator.py
[2024-09-12T15:04:15.451+0000] {processor.py:925} INFO - DAG(s) 'example_weekday_branch_operator' retrieved from /home/airflow/.local/lib/python3.12/site-packages/airflow/example_dags/example_branch_day_of_week_operator.py
[2024-09-12T15:04:15.745+0000] {logging_mixin.py:190} INFO - [2024-09-12T15:04:15.744+0000] {dag.py:3211} INFO - Sync 1 DAGs
[2024-09-12T15:04:16.095+0000] {logging_mixin.py:190} INFO - [2024-09-12T15:04:16.086+0000] {dag.py:4138} INFO - Setting next_dagrun for example_weekday_branch_operator to 2024-09-11 00:00:00+00:00, run_after=2024-09-12 00:00:00+00:00
[2024-09-12T15:04:16.218+0000] {processor.py:208} INFO - Processing /home/airflow/.local/lib/python3.12/site-packages/airflow/example_dags/example_branch_day_of_week_operator.py took 0.980 seconds
[2024-09-12T15:05:12.682+0000] {processor.py:186} INFO - Started process (PID=498) to work on /home/airflow/.local/lib/python3.12/site-packages/airflow/example_dags/example_branch_day_of_week_operator.py
[2024-09-12T15:05:12.695+0000] {processor.py:914} INFO - Processing file /home/airflow/.local/lib/python3.12/site-packages/airflow/example_dags/example_branch_day_of_week_operator.py for tasks to queue
[2024-09-12T15:05:12.699+0000] {logging_mixin.py:190} INFO - [2024-09-12T15:05:12.698+0000] {dagbag.py:587} INFO - Filling up the DagBag from /home/airflow/.local/lib/python3.12/site-packages/airflow/example_dags/example_branch_day_of_week_operator.py
[2024-09-12T15:05:12.830+0000] {processor.py:925} INFO - DAG(s) 'example_weekday_branch_operator' retrieved from /home/airflow/.local/lib/python3.12/site-packages/airflow/example_dags/example_branch_day_of_week_operator.py
[2024-09-12T15:05:12.949+0000] {logging_mixin.py:190} INFO - [2024-09-12T15:05:12.939+0000] {dag.py:3211} INFO - Sync 1 DAGs
[2024-09-12T15:05:13.368+0000] {logging_mixin.py:190} INFO - [2024-09-12T15:05:13.368+0000] {dag.py:4138} INFO - Setting next_dagrun for example_weekday_branch_operator to 2024-09-11 00:00:00+00:00, run_after=2024-09-12 00:00:00+00:00
[2024-09-12T15:05:13.711+0000] {processor.py:208} INFO - Processing /home/airflow/.local/lib/python3.12/site-packages/airflow/example_dags/example_branch_day_of_week_operator.py took 1.166 seconds
[2024-09-12T15:06:20.838+0000] {processor.py:186} INFO - Started process (PID=572) to work on /home/airflow/.local/lib/python3.12/site-packages/airflow/example_dags/example_branch_day_of_week_operator.py
[2024-09-12T15:06:20.853+0000] {processor.py:914} INFO - Processing file /home/airflow/.local/lib/python3.12/site-packages/airflow/example_dags/example_branch_day_of_week_operator.py for tasks to queue
[2024-09-12T15:06:20.869+0000] {logging_mixin.py:190} INFO - [2024-09-12T15:06:20.868+0000] {dagbag.py:587} INFO - Filling up the DagBag from /home/airflow/.local/lib/python3.12/site-packages/airflow/example_dags/example_branch_day_of_week_operator.py
[2024-09-12T15:06:20.938+0000] {processor.py:925} INFO - DAG(s) 'example_weekday_branch_operator' retrieved from /home/airflow/.local/lib/python3.12/site-packages/airflow/example_dags/example_branch_day_of_week_operator.py
[2024-09-12T15:06:21.231+0000] {logging_mixin.py:190} INFO - [2024-09-12T15:06:21.231+0000] {dag.py:3211} INFO - Sync 1 DAGs
[2024-09-12T15:06:21.543+0000] {logging_mixin.py:190} INFO - [2024-09-12T15:06:21.543+0000] {dag.py:4138} INFO - Setting next_dagrun for example_weekday_branch_operator to 2024-09-11 00:00:00+00:00, run_after=2024-09-12 00:00:00+00:00
[2024-09-12T15:06:21.726+0000] {processor.py:208} INFO - Processing /home/airflow/.local/lib/python3.12/site-packages/airflow/example_dags/example_branch_day_of_week_operator.py took 0.947 seconds
[2024-09-12T15:07:13.315+0000] {processor.py:186} INFO - Started process (PID=634) to work on /home/airflow/.local/lib/python3.12/site-packages/airflow/example_dags/example_branch_day_of_week_operator.py
[2024-09-12T15:07:13.331+0000] {processor.py:914} INFO - Processing file /home/airflow/.local/lib/python3.12/site-packages/airflow/example_dags/example_branch_day_of_week_operator.py for tasks to queue
[2024-09-12T15:07:13.338+0000] {logging_mixin.py:190} INFO - [2024-09-12T15:07:13.338+0000] {dagbag.py:587} INFO - Filling up the DagBag from /home/airflow/.local/lib/python3.12/site-packages/airflow/example_dags/example_branch_day_of_week_operator.py
[2024-09-12T15:07:13.506+0000] {processor.py:925} INFO - DAG(s) 'example_weekday_branch_operator' retrieved from /home/airflow/.local/lib/python3.12/site-packages/airflow/example_dags/example_branch_day_of_week_operator.py
[2024-09-12T15:07:13.887+0000] {logging_mixin.py:190} INFO - [2024-09-12T15:07:13.886+0000] {dag.py:3211} INFO - Sync 1 DAGs
[2024-09-12T15:07:14.289+0000] {logging_mixin.py:190} INFO - [2024-09-12T15:07:14.288+0000] {dag.py:4138} INFO - Setting next_dagrun for example_weekday_branch_operator to 2024-09-11 00:00:00+00:00, run_after=2024-09-12 00:00:00+00:00
[2024-09-12T15:07:14.645+0000] {processor.py:208} INFO - Processing /home/airflow/.local/lib/python3.12/site-packages/airflow/example_dags/example_branch_day_of_week_operator.py took 1.377 seconds
[2024-09-12T15:08:40.201+0000] {processor.py:186} INFO - Started process (PID=723) to work on /home/airflow/.local/lib/python3.12/site-packages/airflow/example_dags/example_branch_day_of_week_operator.py
[2024-09-12T15:08:40.245+0000] {processor.py:914} INFO - Processing file /home/airflow/.local/lib/python3.12/site-packages/airflow/example_dags/example_branch_day_of_week_operator.py for tasks to queue
[2024-09-12T15:08:40.327+0000] {logging_mixin.py:190} INFO - [2024-09-12T15:08:40.326+0000] {dagbag.py:587} INFO - Filling up the DagBag from /home/airflow/.local/lib/python3.12/site-packages/airflow/example_dags/example_branch_day_of_week_operator.py
[2024-09-12T15:08:40.702+0000] {processor.py:925} INFO - DAG(s) 'example_weekday_branch_operator' retrieved from /home/airflow/.local/lib/python3.12/site-packages/airflow/example_dags/example_branch_day_of_week_operator.py
[2024-09-12T15:08:41.168+0000] {logging_mixin.py:190} INFO - [2024-09-12T15:08:41.167+0000] {dag.py:3211} INFO - Sync 1 DAGs
[2024-09-12T15:08:41.926+0000] {logging_mixin.py:190} INFO - [2024-09-12T15:08:41.866+0000] {dag.py:4138} INFO - Setting next_dagrun for example_weekday_branch_operator to 2024-09-11 00:00:00+00:00, run_after=2024-09-12 00:00:00+00:00
[2024-09-12T15:08:42.370+0000] {processor.py:208} INFO - Processing /home/airflow/.local/lib/python3.12/site-packages/airflow/example_dags/example_branch_day_of_week_operator.py took 2.488 seconds
[2024-09-12T15:09:57.919+0000] {processor.py:186} INFO - Started process (PID=802) to work on /home/airflow/.local/lib/python3.12/site-packages/airflow/example_dags/example_branch_day_of_week_operator.py
[2024-09-12T15:09:57.941+0000] {processor.py:914} INFO - Processing file /home/airflow/.local/lib/python3.12/site-packages/airflow/example_dags/example_branch_day_of_week_operator.py for tasks to queue
[2024-09-12T15:09:57.944+0000] {logging_mixin.py:190} INFO - [2024-09-12T15:09:57.943+0000] {dagbag.py:587} INFO - Filling up the DagBag from /home/airflow/.local/lib/python3.12/site-packages/airflow/example_dags/example_branch_day_of_week_operator.py
[2024-09-12T15:09:58.064+0000] {processor.py:925} INFO - DAG(s) 'example_weekday_branch_operator' retrieved from /home/airflow/.local/lib/python3.12/site-packages/airflow/example_dags/example_branch_day_of_week_operator.py
[2024-09-12T15:09:58.300+0000] {logging_mixin.py:190} INFO - [2024-09-12T15:09:58.299+0000] {dag.py:3211} INFO - Sync 1 DAGs
[2024-09-12T15:09:58.997+0000] {logging_mixin.py:190} INFO - [2024-09-12T15:09:58.997+0000] {dag.py:4138} INFO - Setting next_dagrun for example_weekday_branch_operator to 2024-09-11 00:00:00+00:00, run_after=2024-09-12 00:00:00+00:00
[2024-09-12T15:09:59.281+0000] {processor.py:208} INFO - Processing /home/airflow/.local/lib/python3.12/site-packages/airflow/example_dags/example_branch_day_of_week_operator.py took 1.430 seconds
[2024-09-12T15:10:54.186+0000] {processor.py:186} INFO - Started process (PID=868) to work on /home/airflow/.local/lib/python3.12/site-packages/airflow/example_dags/example_branch_day_of_week_operator.py
[2024-09-12T15:10:54.199+0000] {processor.py:914} INFO - Processing file /home/airflow/.local/lib/python3.12/site-packages/airflow/example_dags/example_branch_day_of_week_operator.py for tasks to queue
[2024-09-12T15:10:54.203+0000] {logging_mixin.py:190} INFO - [2024-09-12T15:10:54.202+0000] {dagbag.py:587} INFO - Filling up the DagBag from /home/airflow/.local/lib/python3.12/site-packages/airflow/example_dags/example_branch_day_of_week_operator.py
[2024-09-12T15:10:54.258+0000] {processor.py:925} INFO - DAG(s) 'example_weekday_branch_operator' retrieved from /home/airflow/.local/lib/python3.12/site-packages/airflow/example_dags/example_branch_day_of_week_operator.py
[2024-09-12T15:10:54.590+0000] {logging_mixin.py:190} INFO - [2024-09-12T15:10:54.590+0000] {dag.py:3211} INFO - Sync 1 DAGs
[2024-09-12T15:10:54.777+0000] {logging_mixin.py:190} INFO - [2024-09-12T15:10:54.777+0000] {dag.py:4138} INFO - Setting next_dagrun for example_weekday_branch_operator to 2024-09-11 00:00:00+00:00, run_after=2024-09-12 00:00:00+00:00
[2024-09-12T15:10:55.040+0000] {processor.py:208} INFO - Processing /home/airflow/.local/lib/python3.12/site-packages/airflow/example_dags/example_branch_day_of_week_operator.py took 0.904 seconds
[2024-09-12T15:15:18.565+0000] {processor.py:186} INFO - Started process (PID=108) to work on /home/airflow/.local/lib/python3.12/site-packages/airflow/example_dags/example_branch_day_of_week_operator.py
[2024-09-12T15:15:18.597+0000] {processor.py:914} INFO - Processing file /home/airflow/.local/lib/python3.12/site-packages/airflow/example_dags/example_branch_day_of_week_operator.py for tasks to queue
[2024-09-12T15:15:18.611+0000] {logging_mixin.py:190} INFO - [2024-09-12T15:15:18.611+0000] {dagbag.py:587} INFO - Filling up the DagBag from /home/airflow/.local/lib/python3.12/site-packages/airflow/example_dags/example_branch_day_of_week_operator.py
[2024-09-12T15:15:18.708+0000] {processor.py:925} INFO - DAG(s) 'example_weekday_branch_operator' retrieved from /home/airflow/.local/lib/python3.12/site-packages/airflow/example_dags/example_branch_day_of_week_operator.py
[2024-09-12T15:15:19.036+0000] {logging_mixin.py:190} INFO - [2024-09-12T15:15:19.035+0000] {dag.py:3211} INFO - Sync 1 DAGs
[2024-09-12T15:15:19.435+0000] {logging_mixin.py:190} INFO - [2024-09-12T15:15:19.434+0000] {dag.py:4138} INFO - Setting next_dagrun for example_weekday_branch_operator to 2024-09-11 00:00:00+00:00, run_after=2024-09-12 00:00:00+00:00
[2024-09-12T15:15:19.802+0000] {processor.py:208} INFO - Processing /home/airflow/.local/lib/python3.12/site-packages/airflow/example_dags/example_branch_day_of_week_operator.py took 1.385 seconds
[2024-09-12T15:16:17.636+0000] {processor.py:186} INFO - Started process (PID=179) to work on /home/airflow/.local/lib/python3.12/site-packages/airflow/example_dags/example_branch_day_of_week_operator.py
[2024-09-12T15:16:17.666+0000] {processor.py:914} INFO - Processing file /home/airflow/.local/lib/python3.12/site-packages/airflow/example_dags/example_branch_day_of_week_operator.py for tasks to queue
[2024-09-12T15:16:17.683+0000] {logging_mixin.py:190} INFO - [2024-09-12T15:16:17.683+0000] {dagbag.py:587} INFO - Filling up the DagBag from /home/airflow/.local/lib/python3.12/site-packages/airflow/example_dags/example_branch_day_of_week_operator.py
[2024-09-12T15:16:18.002+0000] {processor.py:925} INFO - DAG(s) 'example_weekday_branch_operator' retrieved from /home/airflow/.local/lib/python3.12/site-packages/airflow/example_dags/example_branch_day_of_week_operator.py
[2024-09-12T15:16:18.361+0000] {logging_mixin.py:190} INFO - [2024-09-12T15:16:18.360+0000] {dag.py:3211} INFO - Sync 1 DAGs
[2024-09-12T15:16:18.662+0000] {logging_mixin.py:190} INFO - [2024-09-12T15:16:18.662+0000] {dag.py:4138} INFO - Setting next_dagrun for example_weekday_branch_operator to 2024-09-11 00:00:00+00:00, run_after=2024-09-12 00:00:00+00:00
[2024-09-12T15:16:18.827+0000] {processor.py:208} INFO - Processing /home/airflow/.local/lib/python3.12/site-packages/airflow/example_dags/example_branch_day_of_week_operator.py took 1.337 seconds
[2024-09-12T15:17:40.476+0000] {processor.py:186} INFO - Started process (PID=268) to work on /home/airflow/.local/lib/python3.12/site-packages/airflow/example_dags/example_branch_day_of_week_operator.py
[2024-09-12T15:17:40.488+0000] {processor.py:914} INFO - Processing file /home/airflow/.local/lib/python3.12/site-packages/airflow/example_dags/example_branch_day_of_week_operator.py for tasks to queue
[2024-09-12T15:17:40.535+0000] {logging_mixin.py:190} INFO - [2024-09-12T15:17:40.534+0000] {dagbag.py:587} INFO - Filling up the DagBag from /home/airflow/.local/lib/python3.12/site-packages/airflow/example_dags/example_branch_day_of_week_operator.py
[2024-09-12T15:17:40.654+0000] {processor.py:925} INFO - DAG(s) 'example_weekday_branch_operator' retrieved from /home/airflow/.local/lib/python3.12/site-packages/airflow/example_dags/example_branch_day_of_week_operator.py
[2024-09-12T15:17:40.826+0000] {logging_mixin.py:190} INFO - [2024-09-12T15:17:40.825+0000] {dag.py:3211} INFO - Sync 1 DAGs
[2024-09-12T15:17:41.156+0000] {logging_mixin.py:190} INFO - [2024-09-12T15:17:41.156+0000] {dag.py:4138} INFO - Setting next_dagrun for example_weekday_branch_operator to 2024-09-11 00:00:00+00:00, run_after=2024-09-12 00:00:00+00:00
[2024-09-12T15:17:41.397+0000] {processor.py:208} INFO - Processing /home/airflow/.local/lib/python3.12/site-packages/airflow/example_dags/example_branch_day_of_week_operator.py took 0.991 seconds
[2024-09-12T15:18:29.662+0000] {processor.py:186} INFO - Started process (PID=333) to work on /home/airflow/.local/lib/python3.12/site-packages/airflow/example_dags/example_branch_day_of_week_operator.py
[2024-09-12T15:18:29.680+0000] {processor.py:914} INFO - Processing file /home/airflow/.local/lib/python3.12/site-packages/airflow/example_dags/example_branch_day_of_week_operator.py for tasks to queue
[2024-09-12T15:18:29.874+0000] {logging_mixin.py:190} INFO - [2024-09-12T15:18:29.873+0000] {dagbag.py:587} INFO - Filling up the DagBag from /home/airflow/.local/lib/python3.12/site-packages/airflow/example_dags/example_branch_day_of_week_operator.py
[2024-09-12T15:18:30.050+0000] {processor.py:925} INFO - DAG(s) 'example_weekday_branch_operator' retrieved from /home/airflow/.local/lib/python3.12/site-packages/airflow/example_dags/example_branch_day_of_week_operator.py
[2024-09-12T15:18:30.423+0000] {logging_mixin.py:190} INFO - [2024-09-12T15:18:30.414+0000] {dag.py:3211} INFO - Sync 1 DAGs
[2024-09-12T15:18:30.831+0000] {logging_mixin.py:190} INFO - [2024-09-12T15:18:30.831+0000] {dag.py:4138} INFO - Setting next_dagrun for example_weekday_branch_operator to 2024-09-11 00:00:00+00:00, run_after=2024-09-12 00:00:00+00:00
[2024-09-12T15:18:30.986+0000] {processor.py:208} INFO - Processing /home/airflow/.local/lib/python3.12/site-packages/airflow/example_dags/example_branch_day_of_week_operator.py took 1.543 seconds
[2024-09-12T15:19:34.045+0000] {processor.py:186} INFO - Started process (PID=403) to work on /home/airflow/.local/lib/python3.12/site-packages/airflow/example_dags/example_branch_day_of_week_operator.py
[2024-09-12T15:19:34.049+0000] {processor.py:914} INFO - Processing file /home/airflow/.local/lib/python3.12/site-packages/airflow/example_dags/example_branch_day_of_week_operator.py for tasks to queue
[2024-09-12T15:19:34.074+0000] {logging_mixin.py:190} INFO - [2024-09-12T15:19:34.073+0000] {dagbag.py:587} INFO - Filling up the DagBag from /home/airflow/.local/lib/python3.12/site-packages/airflow/example_dags/example_branch_day_of_week_operator.py
[2024-09-12T15:19:34.137+0000] {processor.py:925} INFO - DAG(s) 'example_weekday_branch_operator' retrieved from /home/airflow/.local/lib/python3.12/site-packages/airflow/example_dags/example_branch_day_of_week_operator.py
[2024-09-12T15:19:34.251+0000] {logging_mixin.py:190} INFO - [2024-09-12T15:19:34.249+0000] {dag.py:3211} INFO - Sync 1 DAGs
[2024-09-12T15:19:34.433+0000] {logging_mixin.py:190} INFO - [2024-09-12T15:19:34.432+0000] {dag.py:4138} INFO - Setting next_dagrun for example_weekday_branch_operator to 2024-09-11 00:00:00+00:00, run_after=2024-09-12 00:00:00+00:00
[2024-09-12T15:19:34.557+0000] {processor.py:208} INFO - Processing /home/airflow/.local/lib/python3.12/site-packages/airflow/example_dags/example_branch_day_of_week_operator.py took 0.543 seconds
[2024-09-12T15:20:34.049+0000] {processor.py:186} INFO - Started process (PID=488) to work on /home/airflow/.local/lib/python3.12/site-packages/airflow/example_dags/example_branch_day_of_week_operator.py
[2024-09-12T15:20:34.051+0000] {processor.py:914} INFO - Processing file /home/airflow/.local/lib/python3.12/site-packages/airflow/example_dags/example_branch_day_of_week_operator.py for tasks to queue
[2024-09-12T15:20:34.069+0000] {logging_mixin.py:190} INFO - [2024-09-12T15:20:34.068+0000] {dagbag.py:587} INFO - Filling up the DagBag from /home/airflow/.local/lib/python3.12/site-packages/airflow/example_dags/example_branch_day_of_week_operator.py
[2024-09-12T15:20:34.198+0000] {processor.py:925} INFO - DAG(s) 'example_weekday_branch_operator' retrieved from /home/airflow/.local/lib/python3.12/site-packages/airflow/example_dags/example_branch_day_of_week_operator.py
[2024-09-12T15:20:34.495+0000] {logging_mixin.py:190} INFO - [2024-09-12T15:20:34.495+0000] {dag.py:3211} INFO - Sync 1 DAGs
[2024-09-12T15:20:34.775+0000] {logging_mixin.py:190} INFO - [2024-09-12T15:20:34.774+0000] {dag.py:4138} INFO - Setting next_dagrun for example_weekday_branch_operator to 2024-09-11 00:00:00+00:00, run_after=2024-09-12 00:00:00+00:00
[2024-09-12T15:20:35.006+0000] {processor.py:208} INFO - Processing /home/airflow/.local/lib/python3.12/site-packages/airflow/example_dags/example_branch_day_of_week_operator.py took 1.091 seconds
[2024-09-12T15:21:48.608+0000] {processor.py:186} INFO - Started process (PID=570) to work on /home/airflow/.local/lib/python3.12/site-packages/airflow/example_dags/example_branch_day_of_week_operator.py
[2024-09-12T15:21:48.641+0000] {processor.py:914} INFO - Processing file /home/airflow/.local/lib/python3.12/site-packages/airflow/example_dags/example_branch_day_of_week_operator.py for tasks to queue
[2024-09-12T15:21:48.717+0000] {logging_mixin.py:190} INFO - [2024-09-12T15:21:48.717+0000] {dagbag.py:587} INFO - Filling up the DagBag from /home/airflow/.local/lib/python3.12/site-packages/airflow/example_dags/example_branch_day_of_week_operator.py
[2024-09-12T15:21:48.919+0000] {processor.py:925} INFO - DAG(s) 'example_weekday_branch_operator' retrieved from /home/airflow/.local/lib/python3.12/site-packages/airflow/example_dags/example_branch_day_of_week_operator.py
[2024-09-12T15:21:49.230+0000] {logging_mixin.py:190} INFO - [2024-09-12T15:21:49.230+0000] {dag.py:3211} INFO - Sync 1 DAGs
[2024-09-12T15:21:49.507+0000] {logging_mixin.py:190} INFO - [2024-09-12T15:21:49.507+0000] {dag.py:4138} INFO - Setting next_dagrun for example_weekday_branch_operator to 2024-09-11 00:00:00+00:00, run_after=2024-09-12 00:00:00+00:00
[2024-09-12T15:21:49.645+0000] {processor.py:208} INFO - Processing /home/airflow/.local/lib/python3.12/site-packages/airflow/example_dags/example_branch_day_of_week_operator.py took 1.172 seconds
[2024-09-12T15:22:54.757+0000] {processor.py:186} INFO - Started process (PID=645) to work on /home/airflow/.local/lib/python3.12/site-packages/airflow/example_dags/example_branch_day_of_week_operator.py
[2024-09-12T15:22:54.781+0000] {processor.py:914} INFO - Processing file /home/airflow/.local/lib/python3.12/site-packages/airflow/example_dags/example_branch_day_of_week_operator.py for tasks to queue
[2024-09-12T15:22:54.828+0000] {logging_mixin.py:190} INFO - [2024-09-12T15:22:54.827+0000] {dagbag.py:587} INFO - Filling up the DagBag from /home/airflow/.local/lib/python3.12/site-packages/airflow/example_dags/example_branch_day_of_week_operator.py
[2024-09-12T15:22:54.905+0000] {processor.py:925} INFO - DAG(s) 'example_weekday_branch_operator' retrieved from /home/airflow/.local/lib/python3.12/site-packages/airflow/example_dags/example_branch_day_of_week_operator.py
[2024-09-12T15:22:55.075+0000] {logging_mixin.py:190} INFO - [2024-09-12T15:22:55.074+0000] {dag.py:3211} INFO - Sync 1 DAGs
[2024-09-12T15:22:55.341+0000] {logging_mixin.py:190} INFO - [2024-09-12T15:22:55.341+0000] {dag.py:4138} INFO - Setting next_dagrun for example_weekday_branch_operator to 2024-09-11 00:00:00+00:00, run_after=2024-09-12 00:00:00+00:00
[2024-09-12T15:22:55.499+0000] {processor.py:208} INFO - Processing /home/airflow/.local/lib/python3.12/site-packages/airflow/example_dags/example_branch_day_of_week_operator.py took 0.768 seconds
[2024-09-12T15:24:00.653+0000] {processor.py:186} INFO - Started process (PID=722) to work on /home/airflow/.local/lib/python3.12/site-packages/airflow/example_dags/example_branch_day_of_week_operator.py
[2024-09-12T15:24:00.676+0000] {processor.py:914} INFO - Processing file /home/airflow/.local/lib/python3.12/site-packages/airflow/example_dags/example_branch_day_of_week_operator.py for tasks to queue
[2024-09-12T15:24:00.706+0000] {logging_mixin.py:190} INFO - [2024-09-12T15:24:00.705+0000] {dagbag.py:587} INFO - Filling up the DagBag from /home/airflow/.local/lib/python3.12/site-packages/airflow/example_dags/example_branch_day_of_week_operator.py
[2024-09-12T15:24:00.788+0000] {processor.py:925} INFO - DAG(s) 'example_weekday_branch_operator' retrieved from /home/airflow/.local/lib/python3.12/site-packages/airflow/example_dags/example_branch_day_of_week_operator.py
[2024-09-12T15:24:01.081+0000] {logging_mixin.py:190} INFO - [2024-09-12T15:24:01.080+0000] {dag.py:3211} INFO - Sync 1 DAGs
[2024-09-12T15:24:01.383+0000] {logging_mixin.py:190} INFO - [2024-09-12T15:24:01.382+0000] {dag.py:4138} INFO - Setting next_dagrun for example_weekday_branch_operator to 2024-09-11 00:00:00+00:00, run_after=2024-09-12 00:00:00+00:00
[2024-09-12T15:24:01.630+0000] {processor.py:208} INFO - Processing /home/airflow/.local/lib/python3.12/site-packages/airflow/example_dags/example_branch_day_of_week_operator.py took 1.016 seconds
[2024-09-12T15:25:28.285+0000] {processor.py:186} INFO - Started process (PID=808) to work on /home/airflow/.local/lib/python3.12/site-packages/airflow/example_dags/example_branch_day_of_week_operator.py
[2024-09-12T15:25:28.315+0000] {processor.py:914} INFO - Processing file /home/airflow/.local/lib/python3.12/site-packages/airflow/example_dags/example_branch_day_of_week_operator.py for tasks to queue
[2024-09-12T15:25:28.347+0000] {logging_mixin.py:190} INFO - [2024-09-12T15:25:28.319+0000] {dagbag.py:587} INFO - Filling up the DagBag from /home/airflow/.local/lib/python3.12/site-packages/airflow/example_dags/example_branch_day_of_week_operator.py
[2024-09-12T15:25:28.461+0000] {processor.py:925} INFO - DAG(s) 'example_weekday_branch_operator' retrieved from /home/airflow/.local/lib/python3.12/site-packages/airflow/example_dags/example_branch_day_of_week_operator.py
[2024-09-12T15:25:28.922+0000] {logging_mixin.py:190} INFO - [2024-09-12T15:25:28.921+0000] {dag.py:3211} INFO - Sync 1 DAGs
[2024-09-12T15:25:29.577+0000] {logging_mixin.py:190} INFO - [2024-09-12T15:25:29.566+0000] {dag.py:4138} INFO - Setting next_dagrun for example_weekday_branch_operator to 2024-09-11 00:00:00+00:00, run_after=2024-09-12 00:00:00+00:00
[2024-09-12T15:25:30.831+0000] {processor.py:208} INFO - Processing /home/airflow/.local/lib/python3.12/site-packages/airflow/example_dags/example_branch_day_of_week_operator.py took 2.609 seconds
[2024-09-12T15:27:05.030+0000] {processor.py:186} INFO - Started process (PID=884) to work on /home/airflow/.local/lib/python3.12/site-packages/airflow/example_dags/example_branch_day_of_week_operator.py
[2024-09-12T15:27:05.059+0000] {processor.py:914} INFO - Processing file /home/airflow/.local/lib/python3.12/site-packages/airflow/example_dags/example_branch_day_of_week_operator.py for tasks to queue
[2024-09-12T15:27:05.064+0000] {logging_mixin.py:190} INFO - [2024-09-12T15:27:05.063+0000] {dagbag.py:587} INFO - Filling up the DagBag from /home/airflow/.local/lib/python3.12/site-packages/airflow/example_dags/example_branch_day_of_week_operator.py
[2024-09-12T15:27:05.165+0000] {processor.py:925} INFO - DAG(s) 'example_weekday_branch_operator' retrieved from /home/airflow/.local/lib/python3.12/site-packages/airflow/example_dags/example_branch_day_of_week_operator.py
[2024-09-12T15:27:05.601+0000] {logging_mixin.py:190} INFO - [2024-09-12T15:27:05.564+0000] {dag.py:3211} INFO - Sync 1 DAGs
[2024-09-12T15:27:05.853+0000] {logging_mixin.py:190} INFO - [2024-09-12T15:27:05.852+0000] {dag.py:4138} INFO - Setting next_dagrun for example_weekday_branch_operator to 2024-09-11 00:00:00+00:00, run_after=2024-09-12 00:00:00+00:00
[2024-09-12T15:27:06.235+0000] {processor.py:208} INFO - Processing /home/airflow/.local/lib/python3.12/site-packages/airflow/example_dags/example_branch_day_of_week_operator.py took 1.307 seconds
[2024-09-12T15:28:03.140+0000] {processor.py:186} INFO - Started process (PID=956) to work on /home/airflow/.local/lib/python3.12/site-packages/airflow/example_dags/example_branch_day_of_week_operator.py
[2024-09-12T15:28:03.177+0000] {processor.py:914} INFO - Processing file /home/airflow/.local/lib/python3.12/site-packages/airflow/example_dags/example_branch_day_of_week_operator.py for tasks to queue
[2024-09-12T15:28:03.232+0000] {logging_mixin.py:190} INFO - [2024-09-12T15:28:03.232+0000] {dagbag.py:587} INFO - Filling up the DagBag from /home/airflow/.local/lib/python3.12/site-packages/airflow/example_dags/example_branch_day_of_week_operator.py
[2024-09-12T15:28:03.321+0000] {processor.py:925} INFO - DAG(s) 'example_weekday_branch_operator' retrieved from /home/airflow/.local/lib/python3.12/site-packages/airflow/example_dags/example_branch_day_of_week_operator.py
[2024-09-12T15:28:03.782+0000] {logging_mixin.py:190} INFO - [2024-09-12T15:28:03.781+0000] {dag.py:3211} INFO - Sync 1 DAGs
[2024-09-12T15:28:03.968+0000] {logging_mixin.py:190} INFO - [2024-09-12T15:28:03.957+0000] {dag.py:4138} INFO - Setting next_dagrun for example_weekday_branch_operator to 2024-09-11 00:00:00+00:00, run_after=2024-09-12 00:00:00+00:00
[2024-09-12T15:28:04.149+0000] {processor.py:208} INFO - Processing /home/airflow/.local/lib/python3.12/site-packages/airflow/example_dags/example_branch_day_of_week_operator.py took 1.029 seconds
[2024-09-12T15:28:51.438+0000] {processor.py:186} INFO - Started process (PID=1029) to work on /home/airflow/.local/lib/python3.12/site-packages/airflow/example_dags/example_branch_day_of_week_operator.py
[2024-09-12T15:28:51.442+0000] {processor.py:914} INFO - Processing file /home/airflow/.local/lib/python3.12/site-packages/airflow/example_dags/example_branch_day_of_week_operator.py for tasks to queue
[2024-09-12T15:28:51.452+0000] {logging_mixin.py:190} INFO - [2024-09-12T15:28:51.451+0000] {dagbag.py:587} INFO - Filling up the DagBag from /home/airflow/.local/lib/python3.12/site-packages/airflow/example_dags/example_branch_day_of_week_operator.py
[2024-09-12T15:28:51.514+0000] {processor.py:925} INFO - DAG(s) 'example_weekday_branch_operator' retrieved from /home/airflow/.local/lib/python3.12/site-packages/airflow/example_dags/example_branch_day_of_week_operator.py
[2024-09-12T15:28:51.614+0000] {logging_mixin.py:190} INFO - [2024-09-12T15:28:51.614+0000] {dag.py:3211} INFO - Sync 1 DAGs
[2024-09-12T15:28:51.737+0000] {logging_mixin.py:190} INFO - [2024-09-12T15:28:51.737+0000] {dag.py:4138} INFO - Setting next_dagrun for example_weekday_branch_operator to 2024-09-11 00:00:00+00:00, run_after=2024-09-12 00:00:00+00:00
[2024-09-12T15:28:51.852+0000] {processor.py:208} INFO - Processing /home/airflow/.local/lib/python3.12/site-packages/airflow/example_dags/example_branch_day_of_week_operator.py took 0.446 seconds
[2024-09-12T15:29:42.637+0000] {processor.py:186} INFO - Started process (PID=1100) to work on /home/airflow/.local/lib/python3.12/site-packages/airflow/example_dags/example_branch_day_of_week_operator.py
[2024-09-12T15:29:42.640+0000] {processor.py:914} INFO - Processing file /home/airflow/.local/lib/python3.12/site-packages/airflow/example_dags/example_branch_day_of_week_operator.py for tasks to queue
[2024-09-12T15:29:42.672+0000] {logging_mixin.py:190} INFO - [2024-09-12T15:29:42.669+0000] {dagbag.py:587} INFO - Filling up the DagBag from /home/airflow/.local/lib/python3.12/site-packages/airflow/example_dags/example_branch_day_of_week_operator.py
[2024-09-12T15:29:42.785+0000] {processor.py:925} INFO - DAG(s) 'example_weekday_branch_operator' retrieved from /home/airflow/.local/lib/python3.12/site-packages/airflow/example_dags/example_branch_day_of_week_operator.py
[2024-09-12T15:29:43.016+0000] {logging_mixin.py:190} INFO - [2024-09-12T15:29:42.964+0000] {dag.py:3211} INFO - Sync 1 DAGs
[2024-09-12T15:29:43.356+0000] {logging_mixin.py:190} INFO - [2024-09-12T15:29:43.356+0000] {dag.py:4138} INFO - Setting next_dagrun for example_weekday_branch_operator to 2024-09-11 00:00:00+00:00, run_after=2024-09-12 00:00:00+00:00
[2024-09-12T15:29:43.708+0000] {processor.py:208} INFO - Processing /home/airflow/.local/lib/python3.12/site-packages/airflow/example_dags/example_branch_day_of_week_operator.py took 1.093 seconds
[2024-09-12T15:31:29.541+0000] {processor.py:186} INFO - Started process (PID=1166) to work on /home/airflow/.local/lib/python3.12/site-packages/airflow/example_dags/example_branch_day_of_week_operator.py
[2024-09-12T15:31:29.559+0000] {processor.py:914} INFO - Processing file /home/airflow/.local/lib/python3.12/site-packages/airflow/example_dags/example_branch_day_of_week_operator.py for tasks to queue
[2024-09-12T15:31:29.634+0000] {logging_mixin.py:190} INFO - [2024-09-12T15:31:29.567+0000] {dagbag.py:587} INFO - Filling up the DagBag from /home/airflow/.local/lib/python3.12/site-packages/airflow/example_dags/example_branch_day_of_week_operator.py
[2024-09-12T15:31:29.812+0000] {processor.py:925} INFO - DAG(s) 'example_weekday_branch_operator' retrieved from /home/airflow/.local/lib/python3.12/site-packages/airflow/example_dags/example_branch_day_of_week_operator.py
[2024-09-12T15:31:30.170+0000] {logging_mixin.py:190} INFO - [2024-09-12T15:31:30.169+0000] {dag.py:3211} INFO - Sync 1 DAGs
[2024-09-12T15:31:30.296+0000] {logging_mixin.py:190} INFO - [2024-09-12T15:31:30.296+0000] {dag.py:4138} INFO - Setting next_dagrun for example_weekday_branch_operator to 2024-09-11 00:00:00+00:00, run_after=2024-09-12 00:00:00+00:00
[2024-09-12T15:31:30.494+0000] {processor.py:208} INFO - Processing /home/airflow/.local/lib/python3.12/site-packages/airflow/example_dags/example_branch_day_of_week_operator.py took 0.988 seconds
[2024-09-12T15:32:08.324+0000] {processor.py:186} INFO - Started process (PID=1232) to work on /home/airflow/.local/lib/python3.12/site-packages/airflow/example_dags/example_branch_day_of_week_operator.py
[2024-09-12T15:32:08.356+0000] {processor.py:914} INFO - Processing file /home/airflow/.local/lib/python3.12/site-packages/airflow/example_dags/example_branch_day_of_week_operator.py for tasks to queue
[2024-09-12T15:32:08.373+0000] {logging_mixin.py:190} INFO - [2024-09-12T15:32:08.373+0000] {dagbag.py:587} INFO - Filling up the DagBag from /home/airflow/.local/lib/python3.12/site-packages/airflow/example_dags/example_branch_day_of_week_operator.py
[2024-09-12T15:32:08.494+0000] {processor.py:925} INFO - DAG(s) 'example_weekday_branch_operator' retrieved from /home/airflow/.local/lib/python3.12/site-packages/airflow/example_dags/example_branch_day_of_week_operator.py
[2024-09-12T15:32:08.814+0000] {logging_mixin.py:190} INFO - [2024-09-12T15:32:08.814+0000] {dag.py:3211} INFO - Sync 1 DAGs
[2024-09-12T15:32:09.121+0000] {logging_mixin.py:190} INFO - [2024-09-12T15:32:09.121+0000] {dag.py:4138} INFO - Setting next_dagrun for example_weekday_branch_operator to 2024-09-11 00:00:00+00:00, run_after=2024-09-12 00:00:00+00:00
[2024-09-12T15:32:09.299+0000] {processor.py:208} INFO - Processing /home/airflow/.local/lib/python3.12/site-packages/airflow/example_dags/example_branch_day_of_week_operator.py took 1.066 seconds
[2024-09-12T15:33:03.000+0000] {processor.py:186} INFO - Started process (PID=1297) to work on /home/airflow/.local/lib/python3.12/site-packages/airflow/example_dags/example_branch_day_of_week_operator.py
[2024-09-12T15:33:03.002+0000] {processor.py:914} INFO - Processing file /home/airflow/.local/lib/python3.12/site-packages/airflow/example_dags/example_branch_day_of_week_operator.py for tasks to queue
[2024-09-12T15:33:03.037+0000] {logging_mixin.py:190} INFO - [2024-09-12T15:33:03.037+0000] {dagbag.py:587} INFO - Filling up the DagBag from /home/airflow/.local/lib/python3.12/site-packages/airflow/example_dags/example_branch_day_of_week_operator.py
[2024-09-12T15:33:03.068+0000] {processor.py:925} INFO - DAG(s) 'example_weekday_branch_operator' retrieved from /home/airflow/.local/lib/python3.12/site-packages/airflow/example_dags/example_branch_day_of_week_operator.py
[2024-09-12T15:33:03.196+0000] {logging_mixin.py:190} INFO - [2024-09-12T15:33:03.195+0000] {dag.py:3211} INFO - Sync 1 DAGs
[2024-09-12T15:33:03.366+0000] {logging_mixin.py:190} INFO - [2024-09-12T15:33:03.365+0000] {dag.py:4138} INFO - Setting next_dagrun for example_weekday_branch_operator to 2024-09-11 00:00:00+00:00, run_after=2024-09-12 00:00:00+00:00
[2024-09-12T15:33:03.528+0000] {processor.py:208} INFO - Processing /home/airflow/.local/lib/python3.12/site-packages/airflow/example_dags/example_branch_day_of_week_operator.py took 0.556 seconds
[2024-09-12T15:33:44.093+0000] {processor.py:186} INFO - Started process (PID=1361) to work on /home/airflow/.local/lib/python3.12/site-packages/airflow/example_dags/example_branch_day_of_week_operator.py
[2024-09-12T15:33:44.111+0000] {processor.py:914} INFO - Processing file /home/airflow/.local/lib/python3.12/site-packages/airflow/example_dags/example_branch_day_of_week_operator.py for tasks to queue
[2024-09-12T15:33:44.134+0000] {logging_mixin.py:190} INFO - [2024-09-12T15:33:44.133+0000] {dagbag.py:587} INFO - Filling up the DagBag from /home/airflow/.local/lib/python3.12/site-packages/airflow/example_dags/example_branch_day_of_week_operator.py
[2024-09-12T15:33:44.233+0000] {processor.py:925} INFO - DAG(s) 'example_weekday_branch_operator' retrieved from /home/airflow/.local/lib/python3.12/site-packages/airflow/example_dags/example_branch_day_of_week_operator.py
[2024-09-12T15:33:44.486+0000] {logging_mixin.py:190} INFO - [2024-09-12T15:33:44.485+0000] {dag.py:3211} INFO - Sync 1 DAGs
[2024-09-12T15:33:44.741+0000] {logging_mixin.py:190} INFO - [2024-09-12T15:33:44.741+0000] {dag.py:4138} INFO - Setting next_dagrun for example_weekday_branch_operator to 2024-09-11 00:00:00+00:00, run_after=2024-09-12 00:00:00+00:00
[2024-09-12T15:33:45.045+0000] {processor.py:208} INFO - Processing /home/airflow/.local/lib/python3.12/site-packages/airflow/example_dags/example_branch_day_of_week_operator.py took 1.033 seconds
[2024-09-12T15:34:25.297+0000] {processor.py:186} INFO - Started process (PID=1427) to work on /home/airflow/.local/lib/python3.12/site-packages/airflow/example_dags/example_branch_day_of_week_operator.py
[2024-09-12T15:34:25.317+0000] {processor.py:914} INFO - Processing file /home/airflow/.local/lib/python3.12/site-packages/airflow/example_dags/example_branch_day_of_week_operator.py for tasks to queue
[2024-09-12T15:34:25.334+0000] {logging_mixin.py:190} INFO - [2024-09-12T15:34:25.332+0000] {dagbag.py:587} INFO - Filling up the DagBag from /home/airflow/.local/lib/python3.12/site-packages/airflow/example_dags/example_branch_day_of_week_operator.py
[2024-09-12T15:34:25.519+0000] {processor.py:925} INFO - DAG(s) 'example_weekday_branch_operator' retrieved from /home/airflow/.local/lib/python3.12/site-packages/airflow/example_dags/example_branch_day_of_week_operator.py
[2024-09-12T15:34:25.686+0000] {logging_mixin.py:190} INFO - [2024-09-12T15:34:25.685+0000] {dag.py:3211} INFO - Sync 1 DAGs
[2024-09-12T15:34:25.869+0000] {logging_mixin.py:190} INFO - [2024-09-12T15:34:25.869+0000] {dag.py:4138} INFO - Setting next_dagrun for example_weekday_branch_operator to 2024-09-11 00:00:00+00:00, run_after=2024-09-12 00:00:00+00:00
[2024-09-12T15:34:25.964+0000] {processor.py:208} INFO - Processing /home/airflow/.local/lib/python3.12/site-packages/airflow/example_dags/example_branch_day_of_week_operator.py took 0.793 seconds
[2024-09-12T15:35:16.599+0000] {processor.py:186} INFO - Started process (PID=1500) to work on /home/airflow/.local/lib/python3.12/site-packages/airflow/example_dags/example_branch_day_of_week_operator.py
[2024-09-12T15:35:16.607+0000] {processor.py:914} INFO - Processing file /home/airflow/.local/lib/python3.12/site-packages/airflow/example_dags/example_branch_day_of_week_operator.py for tasks to queue
[2024-09-12T15:35:16.624+0000] {logging_mixin.py:190} INFO - [2024-09-12T15:35:16.622+0000] {dagbag.py:587} INFO - Filling up the DagBag from /home/airflow/.local/lib/python3.12/site-packages/airflow/example_dags/example_branch_day_of_week_operator.py
[2024-09-12T15:35:16.802+0000] {processor.py:925} INFO - DAG(s) 'example_weekday_branch_operator' retrieved from /home/airflow/.local/lib/python3.12/site-packages/airflow/example_dags/example_branch_day_of_week_operator.py
[2024-09-12T15:35:16.944+0000] {logging_mixin.py:190} INFO - [2024-09-12T15:35:16.943+0000] {dag.py:3211} INFO - Sync 1 DAGs
[2024-09-12T15:35:17.356+0000] {logging_mixin.py:190} INFO - [2024-09-12T15:35:17.348+0000] {dag.py:4138} INFO - Setting next_dagrun for example_weekday_branch_operator to 2024-09-11 00:00:00+00:00, run_after=2024-09-12 00:00:00+00:00
[2024-09-12T15:35:17.611+0000] {processor.py:208} INFO - Processing /home/airflow/.local/lib/python3.12/site-packages/airflow/example_dags/example_branch_day_of_week_operator.py took 1.091 seconds
[2024-09-12T15:36:32.932+0000] {processor.py:186} INFO - Started process (PID=1575) to work on /home/airflow/.local/lib/python3.12/site-packages/airflow/example_dags/example_branch_day_of_week_operator.py
[2024-09-12T15:36:32.977+0000] {processor.py:914} INFO - Processing file /home/airflow/.local/lib/python3.12/site-packages/airflow/example_dags/example_branch_day_of_week_operator.py for tasks to queue
[2024-09-12T15:36:33.034+0000] {logging_mixin.py:190} INFO - [2024-09-12T15:36:33.032+0000] {dagbag.py:587} INFO - Filling up the DagBag from /home/airflow/.local/lib/python3.12/site-packages/airflow/example_dags/example_branch_day_of_week_operator.py
[2024-09-12T15:36:33.166+0000] {processor.py:925} INFO - DAG(s) 'example_weekday_branch_operator' retrieved from /home/airflow/.local/lib/python3.12/site-packages/airflow/example_dags/example_branch_day_of_week_operator.py
[2024-09-12T15:36:33.494+0000] {logging_mixin.py:190} INFO - [2024-09-12T15:36:33.494+0000] {dag.py:3211} INFO - Sync 1 DAGs
[2024-09-12T15:36:33.846+0000] {logging_mixin.py:190} INFO - [2024-09-12T15:36:33.845+0000] {dag.py:4138} INFO - Setting next_dagrun for example_weekday_branch_operator to 2024-09-11 00:00:00+00:00, run_after=2024-09-12 00:00:00+00:00
[2024-09-12T15:36:34.042+0000] {processor.py:208} INFO - Processing /home/airflow/.local/lib/python3.12/site-packages/airflow/example_dags/example_branch_day_of_week_operator.py took 1.339 seconds
[2024-09-12T15:37:34.088+0000] {processor.py:186} INFO - Started process (PID=1655) to work on /home/airflow/.local/lib/python3.12/site-packages/airflow/example_dags/example_branch_day_of_week_operator.py
[2024-09-12T15:37:34.180+0000] {processor.py:914} INFO - Processing file /home/airflow/.local/lib/python3.12/site-packages/airflow/example_dags/example_branch_day_of_week_operator.py for tasks to queue
[2024-09-12T15:37:34.198+0000] {logging_mixin.py:190} INFO - [2024-09-12T15:37:34.197+0000] {dagbag.py:587} INFO - Filling up the DagBag from /home/airflow/.local/lib/python3.12/site-packages/airflow/example_dags/example_branch_day_of_week_operator.py
[2024-09-12T15:37:34.390+0000] {processor.py:925} INFO - DAG(s) 'example_weekday_branch_operator' retrieved from /home/airflow/.local/lib/python3.12/site-packages/airflow/example_dags/example_branch_day_of_week_operator.py
[2024-09-12T15:37:34.891+0000] {logging_mixin.py:190} INFO - [2024-09-12T15:37:34.890+0000] {dag.py:3211} INFO - Sync 1 DAGs
[2024-09-12T15:37:35.301+0000] {logging_mixin.py:190} INFO - [2024-09-12T15:37:35.300+0000] {dag.py:4138} INFO - Setting next_dagrun for example_weekday_branch_operator to 2024-09-11 00:00:00+00:00, run_after=2024-09-12 00:00:00+00:00
[2024-09-12T15:37:35.467+0000] {processor.py:208} INFO - Processing /home/airflow/.local/lib/python3.12/site-packages/airflow/example_dags/example_branch_day_of_week_operator.py took 1.542 seconds
[2024-09-12T15:39:25.413+0000] {processor.py:186} INFO - Started process (PID=1754) to work on /home/airflow/.local/lib/python3.12/site-packages/airflow/example_dags/example_branch_day_of_week_operator.py
[2024-09-12T15:39:25.431+0000] {processor.py:914} INFO - Processing file /home/airflow/.local/lib/python3.12/site-packages/airflow/example_dags/example_branch_day_of_week_operator.py for tasks to queue
[2024-09-12T15:39:25.448+0000] {logging_mixin.py:190} INFO - [2024-09-12T15:39:25.447+0000] {dagbag.py:587} INFO - Filling up the DagBag from /home/airflow/.local/lib/python3.12/site-packages/airflow/example_dags/example_branch_day_of_week_operator.py
[2024-09-12T15:39:25.607+0000] {processor.py:925} INFO - DAG(s) 'example_weekday_branch_operator' retrieved from /home/airflow/.local/lib/python3.12/site-packages/airflow/example_dags/example_branch_day_of_week_operator.py
[2024-09-12T15:39:25.895+0000] {logging_mixin.py:190} INFO - [2024-09-12T15:39:25.892+0000] {dag.py:3211} INFO - Sync 1 DAGs
[2024-09-12T15:39:26.171+0000] {logging_mixin.py:190} INFO - [2024-09-12T15:39:26.171+0000] {dag.py:4138} INFO - Setting next_dagrun for example_weekday_branch_operator to 2024-09-11 00:00:00+00:00, run_after=2024-09-12 00:00:00+00:00
[2024-09-12T15:39:26.375+0000] {processor.py:208} INFO - Processing /home/airflow/.local/lib/python3.12/site-packages/airflow/example_dags/example_branch_day_of_week_operator.py took 1.029 seconds
[2024-09-12T15:42:01.456+0000] {processor.py:186} INFO - Started process (PID=1857) to work on /home/airflow/.local/lib/python3.12/site-packages/airflow/example_dags/example_branch_day_of_week_operator.py
[2024-09-12T15:42:01.567+0000] {processor.py:914} INFO - Processing file /home/airflow/.local/lib/python3.12/site-packages/airflow/example_dags/example_branch_day_of_week_operator.py for tasks to queue
[2024-09-12T15:42:01.592+0000] {logging_mixin.py:190} INFO - [2024-09-12T15:42:01.591+0000] {dagbag.py:587} INFO - Filling up the DagBag from /home/airflow/.local/lib/python3.12/site-packages/airflow/example_dags/example_branch_day_of_week_operator.py
[2024-09-12T15:42:01.761+0000] {processor.py:925} INFO - DAG(s) 'example_weekday_branch_operator' retrieved from /home/airflow/.local/lib/python3.12/site-packages/airflow/example_dags/example_branch_day_of_week_operator.py
[2024-09-12T15:42:02.524+0000] {logging_mixin.py:190} INFO - [2024-09-12T15:42:02.469+0000] {dag.py:3211} INFO - Sync 1 DAGs
[2024-09-12T15:42:03.311+0000] {logging_mixin.py:190} INFO - [2024-09-12T15:42:03.296+0000] {dag.py:4138} INFO - Setting next_dagrun for example_weekday_branch_operator to 2024-09-11 00:00:00+00:00, run_after=2024-09-12 00:00:00+00:00
[2024-09-12T15:42:04.298+0000] {processor.py:208} INFO - Processing /home/airflow/.local/lib/python3.12/site-packages/airflow/example_dags/example_branch_day_of_week_operator.py took 3.146 seconds
[2024-09-12T15:44:49.665+0000] {processor.py:186} INFO - Started process (PID=1913) to work on /home/airflow/.local/lib/python3.12/site-packages/airflow/example_dags/example_branch_day_of_week_operator.py
[2024-09-12T15:44:49.683+0000] {processor.py:914} INFO - Processing file /home/airflow/.local/lib/python3.12/site-packages/airflow/example_dags/example_branch_day_of_week_operator.py for tasks to queue
[2024-09-12T15:44:49.700+0000] {logging_mixin.py:190} INFO - [2024-09-12T15:44:49.699+0000] {dagbag.py:587} INFO - Filling up the DagBag from /home/airflow/.local/lib/python3.12/site-packages/airflow/example_dags/example_branch_day_of_week_operator.py
[2024-09-12T15:44:49.854+0000] {processor.py:925} INFO - DAG(s) 'example_weekday_branch_operator' retrieved from /home/airflow/.local/lib/python3.12/site-packages/airflow/example_dags/example_branch_day_of_week_operator.py
[2024-09-12T15:44:50.383+0000] {logging_mixin.py:190} INFO - [2024-09-12T15:44:50.383+0000] {dag.py:3211} INFO - Sync 1 DAGs
[2024-09-12T15:44:50.743+0000] {logging_mixin.py:190} INFO - [2024-09-12T15:44:50.743+0000] {dag.py:4138} INFO - Setting next_dagrun for example_weekday_branch_operator to 2024-09-11 00:00:00+00:00, run_after=2024-09-12 00:00:00+00:00
[2024-09-12T15:44:50.847+0000] {processor.py:208} INFO - Processing /home/airflow/.local/lib/python3.12/site-packages/airflow/example_dags/example_branch_day_of_week_operator.py took 1.242 seconds
[2024-09-12T15:45:43.495+0000] {processor.py:186} INFO - Started process (PID=1987) to work on /home/airflow/.local/lib/python3.12/site-packages/airflow/example_dags/example_branch_day_of_week_operator.py
[2024-09-12T15:45:43.500+0000] {processor.py:914} INFO - Processing file /home/airflow/.local/lib/python3.12/site-packages/airflow/example_dags/example_branch_day_of_week_operator.py for tasks to queue
[2024-09-12T15:45:43.563+0000] {logging_mixin.py:190} INFO - [2024-09-12T15:45:43.562+0000] {dagbag.py:587} INFO - Filling up the DagBag from /home/airflow/.local/lib/python3.12/site-packages/airflow/example_dags/example_branch_day_of_week_operator.py
[2024-09-12T15:45:43.827+0000] {processor.py:925} INFO - DAG(s) 'example_weekday_branch_operator' retrieved from /home/airflow/.local/lib/python3.12/site-packages/airflow/example_dags/example_branch_day_of_week_operator.py
[2024-09-12T15:45:44.173+0000] {logging_mixin.py:190} INFO - [2024-09-12T15:45:44.172+0000] {dag.py:3211} INFO - Sync 1 DAGs
[2024-09-12T15:45:44.433+0000] {logging_mixin.py:190} INFO - [2024-09-12T15:45:44.433+0000] {dag.py:4138} INFO - Setting next_dagrun for example_weekday_branch_operator to 2024-09-11 00:00:00+00:00, run_after=2024-09-12 00:00:00+00:00
[2024-09-12T15:45:44.613+0000] {processor.py:208} INFO - Processing /home/airflow/.local/lib/python3.12/site-packages/airflow/example_dags/example_branch_day_of_week_operator.py took 1.205 seconds
[2024-09-12T15:46:41.100+0000] {processor.py:186} INFO - Started process (PID=2057) to work on /home/airflow/.local/lib/python3.12/site-packages/airflow/example_dags/example_branch_day_of_week_operator.py
[2024-09-12T15:46:41.116+0000] {processor.py:914} INFO - Processing file /home/airflow/.local/lib/python3.12/site-packages/airflow/example_dags/example_branch_day_of_week_operator.py for tasks to queue
[2024-09-12T15:46:41.164+0000] {logging_mixin.py:190} INFO - [2024-09-12T15:46:41.163+0000] {dagbag.py:587} INFO - Filling up the DagBag from /home/airflow/.local/lib/python3.12/site-packages/airflow/example_dags/example_branch_day_of_week_operator.py
[2024-09-12T15:46:41.383+0000] {processor.py:925} INFO - DAG(s) 'example_weekday_branch_operator' retrieved from /home/airflow/.local/lib/python3.12/site-packages/airflow/example_dags/example_branch_day_of_week_operator.py
[2024-09-12T15:46:41.713+0000] {logging_mixin.py:190} INFO - [2024-09-12T15:46:41.713+0000] {dag.py:3211} INFO - Sync 1 DAGs
[2024-09-12T15:46:42.186+0000] {logging_mixin.py:190} INFO - [2024-09-12T15:46:42.186+0000] {dag.py:4138} INFO - Setting next_dagrun for example_weekday_branch_operator to 2024-09-11 00:00:00+00:00, run_after=2024-09-12 00:00:00+00:00
[2024-09-12T15:46:42.396+0000] {processor.py:208} INFO - Processing /home/airflow/.local/lib/python3.12/site-packages/airflow/example_dags/example_branch_day_of_week_operator.py took 1.337 seconds
[2024-09-12T15:47:47.541+0000] {processor.py:186} INFO - Started process (PID=2141) to work on /home/airflow/.local/lib/python3.12/site-packages/airflow/example_dags/example_branch_day_of_week_operator.py
[2024-09-12T15:47:47.545+0000] {processor.py:914} INFO - Processing file /home/airflow/.local/lib/python3.12/site-packages/airflow/example_dags/example_branch_day_of_week_operator.py for tasks to queue
[2024-09-12T15:47:47.551+0000] {logging_mixin.py:190} INFO - [2024-09-12T15:47:47.550+0000] {dagbag.py:587} INFO - Filling up the DagBag from /home/airflow/.local/lib/python3.12/site-packages/airflow/example_dags/example_branch_day_of_week_operator.py
[2024-09-12T15:47:47.635+0000] {processor.py:925} INFO - DAG(s) 'example_weekday_branch_operator' retrieved from /home/airflow/.local/lib/python3.12/site-packages/airflow/example_dags/example_branch_day_of_week_operator.py
[2024-09-12T15:47:47.874+0000] {logging_mixin.py:190} INFO - [2024-09-12T15:47:47.874+0000] {dag.py:3211} INFO - Sync 1 DAGs
[2024-09-12T15:47:48.167+0000] {logging_mixin.py:190} INFO - [2024-09-12T15:47:48.166+0000] {dag.py:4138} INFO - Setting next_dagrun for example_weekday_branch_operator to 2024-09-11 00:00:00+00:00, run_after=2024-09-12 00:00:00+00:00
[2024-09-12T15:47:48.358+0000] {processor.py:208} INFO - Processing /home/airflow/.local/lib/python3.12/site-packages/airflow/example_dags/example_branch_day_of_week_operator.py took 0.890 seconds
[2024-09-12T15:48:33.702+0000] {processor.py:186} INFO - Started process (PID=2209) to work on /home/airflow/.local/lib/python3.12/site-packages/airflow/example_dags/example_branch_day_of_week_operator.py
[2024-09-12T15:48:33.721+0000] {processor.py:914} INFO - Processing file /home/airflow/.local/lib/python3.12/site-packages/airflow/example_dags/example_branch_day_of_week_operator.py for tasks to queue
[2024-09-12T15:48:33.735+0000] {logging_mixin.py:190} INFO - [2024-09-12T15:48:33.734+0000] {dagbag.py:587} INFO - Filling up the DagBag from /home/airflow/.local/lib/python3.12/site-packages/airflow/example_dags/example_branch_day_of_week_operator.py
[2024-09-12T15:48:33.793+0000] {processor.py:925} INFO - DAG(s) 'example_weekday_branch_operator' retrieved from /home/airflow/.local/lib/python3.12/site-packages/airflow/example_dags/example_branch_day_of_week_operator.py
[2024-09-12T15:48:34.029+0000] {logging_mixin.py:190} INFO - [2024-09-12T15:48:34.028+0000] {dag.py:3211} INFO - Sync 1 DAGs
[2024-09-12T15:48:34.223+0000] {logging_mixin.py:190} INFO - [2024-09-12T15:48:34.222+0000] {dag.py:4138} INFO - Setting next_dagrun for example_weekday_branch_operator to 2024-09-11 00:00:00+00:00, run_after=2024-09-12 00:00:00+00:00
[2024-09-12T15:48:34.503+0000] {processor.py:208} INFO - Processing /home/airflow/.local/lib/python3.12/site-packages/airflow/example_dags/example_branch_day_of_week_operator.py took 0.831 seconds
[2024-09-12T15:49:50.229+0000] {processor.py:186} INFO - Started process (PID=2287) to work on /home/airflow/.local/lib/python3.12/site-packages/airflow/example_dags/example_branch_day_of_week_operator.py
[2024-09-12T15:49:50.237+0000] {processor.py:914} INFO - Processing file /home/airflow/.local/lib/python3.12/site-packages/airflow/example_dags/example_branch_day_of_week_operator.py for tasks to queue
[2024-09-12T15:49:50.248+0000] {logging_mixin.py:190} INFO - [2024-09-12T15:49:50.247+0000] {dagbag.py:587} INFO - Filling up the DagBag from /home/airflow/.local/lib/python3.12/site-packages/airflow/example_dags/example_branch_day_of_week_operator.py
[2024-09-12T15:49:50.380+0000] {processor.py:925} INFO - DAG(s) 'example_weekday_branch_operator' retrieved from /home/airflow/.local/lib/python3.12/site-packages/airflow/example_dags/example_branch_day_of_week_operator.py
[2024-09-12T15:49:50.553+0000] {logging_mixin.py:190} INFO - [2024-09-12T15:49:50.533+0000] {dag.py:3211} INFO - Sync 1 DAGs
[2024-09-12T15:49:50.917+0000] {logging_mixin.py:190} INFO - [2024-09-12T15:49:50.917+0000] {dag.py:4138} INFO - Setting next_dagrun for example_weekday_branch_operator to 2024-09-11 00:00:00+00:00, run_after=2024-09-12 00:00:00+00:00
[2024-09-12T15:49:51.251+0000] {processor.py:208} INFO - Processing /home/airflow/.local/lib/python3.12/site-packages/airflow/example_dags/example_branch_day_of_week_operator.py took 1.075 seconds
[2024-09-12T15:50:34.908+0000] {processor.py:186} INFO - Started process (PID=2358) to work on /home/airflow/.local/lib/python3.12/site-packages/airflow/example_dags/example_branch_day_of_week_operator.py
[2024-09-12T15:50:34.923+0000] {processor.py:914} INFO - Processing file /home/airflow/.local/lib/python3.12/site-packages/airflow/example_dags/example_branch_day_of_week_operator.py for tasks to queue
[2024-09-12T15:50:34.937+0000] {logging_mixin.py:190} INFO - [2024-09-12T15:50:34.937+0000] {dagbag.py:587} INFO - Filling up the DagBag from /home/airflow/.local/lib/python3.12/site-packages/airflow/example_dags/example_branch_day_of_week_operator.py
[2024-09-12T15:50:35.023+0000] {processor.py:925} INFO - DAG(s) 'example_weekday_branch_operator' retrieved from /home/airflow/.local/lib/python3.12/site-packages/airflow/example_dags/example_branch_day_of_week_operator.py
[2024-09-12T15:50:35.259+0000] {logging_mixin.py:190} INFO - [2024-09-12T15:50:35.259+0000] {dag.py:3211} INFO - Sync 1 DAGs
[2024-09-12T15:50:35.473+0000] {logging_mixin.py:190} INFO - [2024-09-12T15:50:35.472+0000] {dag.py:4138} INFO - Setting next_dagrun for example_weekday_branch_operator to 2024-09-11 00:00:00+00:00, run_after=2024-09-12 00:00:00+00:00
[2024-09-12T15:50:35.663+0000] {processor.py:208} INFO - Processing /home/airflow/.local/lib/python3.12/site-packages/airflow/example_dags/example_branch_day_of_week_operator.py took 0.780 seconds
[2024-09-12T15:51:56.110+0000] {processor.py:186} INFO - Started process (PID=2441) to work on /home/airflow/.local/lib/python3.12/site-packages/airflow/example_dags/example_branch_day_of_week_operator.py
[2024-09-12T15:51:56.120+0000] {processor.py:914} INFO - Processing file /home/airflow/.local/lib/python3.12/site-packages/airflow/example_dags/example_branch_day_of_week_operator.py for tasks to queue
[2024-09-12T15:51:56.128+0000] {logging_mixin.py:190} INFO - [2024-09-12T15:51:56.125+0000] {dagbag.py:587} INFO - Filling up the DagBag from /home/airflow/.local/lib/python3.12/site-packages/airflow/example_dags/example_branch_day_of_week_operator.py
[2024-09-12T15:51:56.185+0000] {processor.py:925} INFO - DAG(s) 'example_weekday_branch_operator' retrieved from /home/airflow/.local/lib/python3.12/site-packages/airflow/example_dags/example_branch_day_of_week_operator.py
[2024-09-12T15:51:56.286+0000] {logging_mixin.py:190} INFO - [2024-09-12T15:51:56.286+0000] {dag.py:3211} INFO - Sync 1 DAGs
[2024-09-12T15:51:56.446+0000] {logging_mixin.py:190} INFO - [2024-09-12T15:51:56.446+0000] {dag.py:4138} INFO - Setting next_dagrun for example_weekday_branch_operator to 2024-09-11 00:00:00+00:00, run_after=2024-09-12 00:00:00+00:00
[2024-09-12T15:51:56.510+0000] {processor.py:208} INFO - Processing /home/airflow/.local/lib/python3.12/site-packages/airflow/example_dags/example_branch_day_of_week_operator.py took 0.420 seconds
[2024-09-12T15:52:27.641+0000] {processor.py:186} INFO - Started process (PID=2505) to work on /home/airflow/.local/lib/python3.12/site-packages/airflow/example_dags/example_branch_day_of_week_operator.py
[2024-09-12T15:52:27.662+0000] {processor.py:914} INFO - Processing file /home/airflow/.local/lib/python3.12/site-packages/airflow/example_dags/example_branch_day_of_week_operator.py for tasks to queue
[2024-09-12T15:52:27.682+0000] {logging_mixin.py:190} INFO - [2024-09-12T15:52:27.681+0000] {dagbag.py:587} INFO - Filling up the DagBag from /home/airflow/.local/lib/python3.12/site-packages/airflow/example_dags/example_branch_day_of_week_operator.py
[2024-09-12T15:52:27.757+0000] {processor.py:925} INFO - DAG(s) 'example_weekday_branch_operator' retrieved from /home/airflow/.local/lib/python3.12/site-packages/airflow/example_dags/example_branch_day_of_week_operator.py
[2024-09-12T15:52:27.869+0000] {logging_mixin.py:190} INFO - [2024-09-12T15:52:27.868+0000] {dag.py:3211} INFO - Sync 1 DAGs
[2024-09-12T15:52:28.042+0000] {logging_mixin.py:190} INFO - [2024-09-12T15:52:28.038+0000] {dag.py:4138} INFO - Setting next_dagrun for example_weekday_branch_operator to 2024-09-11 00:00:00+00:00, run_after=2024-09-12 00:00:00+00:00
[2024-09-12T15:52:28.272+0000] {processor.py:208} INFO - Processing /home/airflow/.local/lib/python3.12/site-packages/airflow/example_dags/example_branch_day_of_week_operator.py took 0.647 seconds
[2024-09-12T15:53:21.035+0000] {processor.py:186} INFO - Started process (PID=2584) to work on /home/airflow/.local/lib/python3.12/site-packages/airflow/example_dags/example_branch_day_of_week_operator.py
[2024-09-12T15:53:21.041+0000] {processor.py:914} INFO - Processing file /home/airflow/.local/lib/python3.12/site-packages/airflow/example_dags/example_branch_day_of_week_operator.py for tasks to queue
[2024-09-12T15:53:21.044+0000] {logging_mixin.py:190} INFO - [2024-09-12T15:53:21.043+0000] {dagbag.py:587} INFO - Filling up the DagBag from /home/airflow/.local/lib/python3.12/site-packages/airflow/example_dags/example_branch_day_of_week_operator.py
[2024-09-12T15:53:21.087+0000] {processor.py:925} INFO - DAG(s) 'example_weekday_branch_operator' retrieved from /home/airflow/.local/lib/python3.12/site-packages/airflow/example_dags/example_branch_day_of_week_operator.py
[2024-09-12T15:53:21.292+0000] {logging_mixin.py:190} INFO - [2024-09-12T15:53:21.291+0000] {dag.py:3211} INFO - Sync 1 DAGs
[2024-09-12T15:53:21.453+0000] {logging_mixin.py:190} INFO - [2024-09-12T15:53:21.452+0000] {dag.py:4138} INFO - Setting next_dagrun for example_weekday_branch_operator to 2024-09-11 00:00:00+00:00, run_after=2024-09-12 00:00:00+00:00
[2024-09-12T15:53:21.624+0000] {processor.py:208} INFO - Processing /home/airflow/.local/lib/python3.12/site-packages/airflow/example_dags/example_branch_day_of_week_operator.py took 0.610 seconds
[2024-09-12T15:54:01.296+0000] {processor.py:186} INFO - Started process (PID=2656) to work on /home/airflow/.local/lib/python3.12/site-packages/airflow/example_dags/example_branch_day_of_week_operator.py
[2024-09-12T15:54:01.300+0000] {processor.py:914} INFO - Processing file /home/airflow/.local/lib/python3.12/site-packages/airflow/example_dags/example_branch_day_of_week_operator.py for tasks to queue
[2024-09-12T15:54:01.325+0000] {logging_mixin.py:190} INFO - [2024-09-12T15:54:01.323+0000] {dagbag.py:587} INFO - Filling up the DagBag from /home/airflow/.local/lib/python3.12/site-packages/airflow/example_dags/example_branch_day_of_week_operator.py
[2024-09-12T15:54:01.436+0000] {processor.py:925} INFO - DAG(s) 'example_weekday_branch_operator' retrieved from /home/airflow/.local/lib/python3.12/site-packages/airflow/example_dags/example_branch_day_of_week_operator.py
[2024-09-12T15:54:01.636+0000] {logging_mixin.py:190} INFO - [2024-09-12T15:54:01.635+0000] {dag.py:3211} INFO - Sync 1 DAGs
[2024-09-12T15:54:01.886+0000] {logging_mixin.py:190} INFO - [2024-09-12T15:54:01.884+0000] {dag.py:4138} INFO - Setting next_dagrun for example_weekday_branch_operator to 2024-09-11 00:00:00+00:00, run_after=2024-09-12 00:00:00+00:00
[2024-09-12T15:54:02.037+0000] {processor.py:208} INFO - Processing /home/airflow/.local/lib/python3.12/site-packages/airflow/example_dags/example_branch_day_of_week_operator.py took 0.804 seconds
[2024-09-12T15:55:50.770+0000] {processor.py:186} INFO - Started process (PID=2764) to work on /home/airflow/.local/lib/python3.12/site-packages/airflow/example_dags/example_branch_day_of_week_operator.py
[2024-09-12T15:55:50.782+0000] {processor.py:914} INFO - Processing file /home/airflow/.local/lib/python3.12/site-packages/airflow/example_dags/example_branch_day_of_week_operator.py for tasks to queue
[2024-09-12T15:55:50.793+0000] {logging_mixin.py:190} INFO - [2024-09-12T15:55:50.788+0000] {dagbag.py:587} INFO - Filling up the DagBag from /home/airflow/.local/lib/python3.12/site-packages/airflow/example_dags/example_branch_day_of_week_operator.py
[2024-09-12T15:55:51.021+0000] {processor.py:925} INFO - DAG(s) 'example_weekday_branch_operator' retrieved from /home/airflow/.local/lib/python3.12/site-packages/airflow/example_dags/example_branch_day_of_week_operator.py
[2024-09-12T15:55:51.368+0000] {logging_mixin.py:190} INFO - [2024-09-12T15:55:51.365+0000] {dag.py:3211} INFO - Sync 1 DAGs
[2024-09-12T15:55:51.508+0000] {logging_mixin.py:190} INFO - [2024-09-12T15:55:51.506+0000] {dag.py:4138} INFO - Setting next_dagrun for example_weekday_branch_operator to 2024-09-11 00:00:00+00:00, run_after=2024-09-12 00:00:00+00:00
[2024-09-12T15:55:51.604+0000] {processor.py:208} INFO - Processing /home/airflow/.local/lib/python3.12/site-packages/airflow/example_dags/example_branch_day_of_week_operator.py took 0.900 seconds
[2024-09-12T15:56:52.147+0000] {processor.py:186} INFO - Started process (PID=2829) to work on /home/airflow/.local/lib/python3.12/site-packages/airflow/example_dags/example_branch_day_of_week_operator.py
[2024-09-12T15:56:52.154+0000] {processor.py:914} INFO - Processing file /home/airflow/.local/lib/python3.12/site-packages/airflow/example_dags/example_branch_day_of_week_operator.py for tasks to queue
[2024-09-12T15:56:52.161+0000] {logging_mixin.py:190} INFO - [2024-09-12T15:56:52.160+0000] {dagbag.py:587} INFO - Filling up the DagBag from /home/airflow/.local/lib/python3.12/site-packages/airflow/example_dags/example_branch_day_of_week_operator.py
[2024-09-12T15:56:52.229+0000] {processor.py:925} INFO - DAG(s) 'example_weekday_branch_operator' retrieved from /home/airflow/.local/lib/python3.12/site-packages/airflow/example_dags/example_branch_day_of_week_operator.py
[2024-09-12T15:56:52.313+0000] {logging_mixin.py:190} INFO - [2024-09-12T15:56:52.313+0000] {dag.py:3211} INFO - Sync 1 DAGs
[2024-09-12T15:56:52.415+0000] {logging_mixin.py:190} INFO - [2024-09-12T15:56:52.412+0000] {dag.py:4138} INFO - Setting next_dagrun for example_weekday_branch_operator to 2024-09-11 00:00:00+00:00, run_after=2024-09-12 00:00:00+00:00
[2024-09-12T15:56:52.564+0000] {processor.py:208} INFO - Processing /home/airflow/.local/lib/python3.12/site-packages/airflow/example_dags/example_branch_day_of_week_operator.py took 0.438 seconds
[2024-09-12T15:57:22.811+0000] {processor.py:186} INFO - Started process (PID=2893) to work on /home/airflow/.local/lib/python3.12/site-packages/airflow/example_dags/example_branch_day_of_week_operator.py
[2024-09-12T15:57:22.813+0000] {processor.py:914} INFO - Processing file /home/airflow/.local/lib/python3.12/site-packages/airflow/example_dags/example_branch_day_of_week_operator.py for tasks to queue
[2024-09-12T15:57:22.820+0000] {logging_mixin.py:190} INFO - [2024-09-12T15:57:22.820+0000] {dagbag.py:587} INFO - Filling up the DagBag from /home/airflow/.local/lib/python3.12/site-packages/airflow/example_dags/example_branch_day_of_week_operator.py
[2024-09-12T15:57:22.943+0000] {processor.py:925} INFO - DAG(s) 'example_weekday_branch_operator' retrieved from /home/airflow/.local/lib/python3.12/site-packages/airflow/example_dags/example_branch_day_of_week_operator.py
[2024-09-12T15:57:23.100+0000] {logging_mixin.py:190} INFO - [2024-09-12T15:57:23.099+0000] {dag.py:3211} INFO - Sync 1 DAGs
[2024-09-12T15:57:23.261+0000] {logging_mixin.py:190} INFO - [2024-09-12T15:57:23.261+0000] {dag.py:4138} INFO - Setting next_dagrun for example_weekday_branch_operator to 2024-09-11 00:00:00+00:00, run_after=2024-09-12 00:00:00+00:00
[2024-09-12T15:57:23.361+0000] {processor.py:208} INFO - Processing /home/airflow/.local/lib/python3.12/site-packages/airflow/example_dags/example_branch_day_of_week_operator.py took 0.585 seconds
[2024-09-12T15:58:29.555+0000] {processor.py:186} INFO - Started process (PID=2966) to work on /home/airflow/.local/lib/python3.12/site-packages/airflow/example_dags/example_branch_day_of_week_operator.py
[2024-09-12T15:58:29.566+0000] {processor.py:914} INFO - Processing file /home/airflow/.local/lib/python3.12/site-packages/airflow/example_dags/example_branch_day_of_week_operator.py for tasks to queue
[2024-09-12T15:58:29.570+0000] {logging_mixin.py:190} INFO - [2024-09-12T15:58:29.569+0000] {dagbag.py:587} INFO - Filling up the DagBag from /home/airflow/.local/lib/python3.12/site-packages/airflow/example_dags/example_branch_day_of_week_operator.py
[2024-09-12T15:58:29.797+0000] {processor.py:925} INFO - DAG(s) 'example_weekday_branch_operator' retrieved from /home/airflow/.local/lib/python3.12/site-packages/airflow/example_dags/example_branch_day_of_week_operator.py
[2024-09-12T15:58:30.269+0000] {logging_mixin.py:190} INFO - [2024-09-12T15:58:30.253+0000] {dag.py:3211} INFO - Sync 1 DAGs
[2024-09-12T15:58:31.063+0000] {logging_mixin.py:190} INFO - [2024-09-12T15:58:31.063+0000] {dag.py:4138} INFO - Setting next_dagrun for example_weekday_branch_operator to 2024-09-11 00:00:00+00:00, run_after=2024-09-12 00:00:00+00:00
[2024-09-12T15:58:31.251+0000] {processor.py:208} INFO - Processing /home/airflow/.local/lib/python3.12/site-packages/airflow/example_dags/example_branch_day_of_week_operator.py took 1.744 seconds
[2024-09-12T15:59:41.840+0000] {processor.py:186} INFO - Started process (PID=3037) to work on /home/airflow/.local/lib/python3.12/site-packages/airflow/example_dags/example_branch_day_of_week_operator.py
[2024-09-12T15:59:41.849+0000] {processor.py:914} INFO - Processing file /home/airflow/.local/lib/python3.12/site-packages/airflow/example_dags/example_branch_day_of_week_operator.py for tasks to queue
[2024-09-12T15:59:41.863+0000] {logging_mixin.py:190} INFO - [2024-09-12T15:59:41.861+0000] {dagbag.py:587} INFO - Filling up the DagBag from /home/airflow/.local/lib/python3.12/site-packages/airflow/example_dags/example_branch_day_of_week_operator.py
[2024-09-12T15:59:41.947+0000] {processor.py:925} INFO - DAG(s) 'example_weekday_branch_operator' retrieved from /home/airflow/.local/lib/python3.12/site-packages/airflow/example_dags/example_branch_day_of_week_operator.py
[2024-09-12T15:59:42.114+0000] {logging_mixin.py:190} INFO - [2024-09-12T15:59:42.114+0000] {dag.py:3211} INFO - Sync 1 DAGs
[2024-09-12T15:59:42.432+0000] {logging_mixin.py:190} INFO - [2024-09-12T15:59:42.420+0000] {dag.py:4138} INFO - Setting next_dagrun for example_weekday_branch_operator to 2024-09-11 00:00:00+00:00, run_after=2024-09-12 00:00:00+00:00
[2024-09-12T15:59:42.556+0000] {processor.py:208} INFO - Processing /home/airflow/.local/lib/python3.12/site-packages/airflow/example_dags/example_branch_day_of_week_operator.py took 0.788 seconds
[2024-09-12T16:00:38.538+0000] {processor.py:186} INFO - Started process (PID=3105) to work on /home/airflow/.local/lib/python3.12/site-packages/airflow/example_dags/example_branch_day_of_week_operator.py
[2024-09-12T16:00:38.555+0000] {processor.py:914} INFO - Processing file /home/airflow/.local/lib/python3.12/site-packages/airflow/example_dags/example_branch_day_of_week_operator.py for tasks to queue
[2024-09-12T16:00:38.559+0000] {logging_mixin.py:190} INFO - [2024-09-12T16:00:38.558+0000] {dagbag.py:587} INFO - Filling up the DagBag from /home/airflow/.local/lib/python3.12/site-packages/airflow/example_dags/example_branch_day_of_week_operator.py
[2024-09-12T16:00:38.732+0000] {processor.py:925} INFO - DAG(s) 'example_weekday_branch_operator' retrieved from /home/airflow/.local/lib/python3.12/site-packages/airflow/example_dags/example_branch_day_of_week_operator.py
[2024-09-12T16:00:38.944+0000] {logging_mixin.py:190} INFO - [2024-09-12T16:00:38.944+0000] {dag.py:3211} INFO - Sync 1 DAGs
[2024-09-12T16:00:39.152+0000] {logging_mixin.py:190} INFO - [2024-09-12T16:00:39.151+0000] {dag.py:4138} INFO - Setting next_dagrun for example_weekday_branch_operator to 2024-09-11 00:00:00+00:00, run_after=2024-09-12 00:00:00+00:00
[2024-09-12T16:00:39.419+0000] {processor.py:208} INFO - Processing /home/airflow/.local/lib/python3.12/site-packages/airflow/example_dags/example_branch_day_of_week_operator.py took 1.007 seconds
[2024-09-12T16:01:15.019+0000] {processor.py:186} INFO - Started process (PID=3171) to work on /home/airflow/.local/lib/python3.12/site-packages/airflow/example_dags/example_branch_day_of_week_operator.py
[2024-09-12T16:01:15.025+0000] {processor.py:914} INFO - Processing file /home/airflow/.local/lib/python3.12/site-packages/airflow/example_dags/example_branch_day_of_week_operator.py for tasks to queue
[2024-09-12T16:01:15.029+0000] {logging_mixin.py:190} INFO - [2024-09-12T16:01:15.028+0000] {dagbag.py:587} INFO - Filling up the DagBag from /home/airflow/.local/lib/python3.12/site-packages/airflow/example_dags/example_branch_day_of_week_operator.py
[2024-09-12T16:01:15.093+0000] {processor.py:925} INFO - DAG(s) 'example_weekday_branch_operator' retrieved from /home/airflow/.local/lib/python3.12/site-packages/airflow/example_dags/example_branch_day_of_week_operator.py
[2024-09-12T16:01:15.184+0000] {logging_mixin.py:190} INFO - [2024-09-12T16:01:15.183+0000] {dag.py:3211} INFO - Sync 1 DAGs
[2024-09-12T16:01:15.532+0000] {logging_mixin.py:190} INFO - [2024-09-12T16:01:15.531+0000] {dag.py:4138} INFO - Setting next_dagrun for example_weekday_branch_operator to 2024-09-11 00:00:00+00:00, run_after=2024-09-12 00:00:00+00:00
[2024-09-12T16:01:15.794+0000] {processor.py:208} INFO - Processing /home/airflow/.local/lib/python3.12/site-packages/airflow/example_dags/example_branch_day_of_week_operator.py took 0.797 seconds
[2024-09-12T16:02:31.877+0000] {processor.py:186} INFO - Started process (PID=3260) to work on /home/airflow/.local/lib/python3.12/site-packages/airflow/example_dags/example_branch_day_of_week_operator.py
[2024-09-12T16:02:31.892+0000] {processor.py:914} INFO - Processing file /home/airflow/.local/lib/python3.12/site-packages/airflow/example_dags/example_branch_day_of_week_operator.py for tasks to queue
[2024-09-12T16:02:31.897+0000] {logging_mixin.py:190} INFO - [2024-09-12T16:02:31.896+0000] {dagbag.py:587} INFO - Filling up the DagBag from /home/airflow/.local/lib/python3.12/site-packages/airflow/example_dags/example_branch_day_of_week_operator.py
[2024-09-12T16:02:31.999+0000] {processor.py:925} INFO - DAG(s) 'example_weekday_branch_operator' retrieved from /home/airflow/.local/lib/python3.12/site-packages/airflow/example_dags/example_branch_day_of_week_operator.py
[2024-09-12T16:02:32.284+0000] {logging_mixin.py:190} INFO - [2024-09-12T16:02:32.283+0000] {dag.py:3211} INFO - Sync 1 DAGs
[2024-09-12T16:02:32.713+0000] {logging_mixin.py:190} INFO - [2024-09-12T16:02:32.712+0000] {dag.py:4138} INFO - Setting next_dagrun for example_weekday_branch_operator to 2024-09-11 00:00:00+00:00, run_after=2024-09-12 00:00:00+00:00
[2024-09-12T16:02:32.875+0000] {processor.py:208} INFO - Processing /home/airflow/.local/lib/python3.12/site-packages/airflow/example_dags/example_branch_day_of_week_operator.py took 1.064 seconds
[2024-09-12T16:03:34.580+0000] {processor.py:186} INFO - Started process (PID=3324) to work on /home/airflow/.local/lib/python3.12/site-packages/airflow/example_dags/example_branch_day_of_week_operator.py
[2024-09-12T16:03:34.601+0000] {processor.py:914} INFO - Processing file /home/airflow/.local/lib/python3.12/site-packages/airflow/example_dags/example_branch_day_of_week_operator.py for tasks to queue
[2024-09-12T16:03:34.613+0000] {logging_mixin.py:190} INFO - [2024-09-12T16:03:34.606+0000] {dagbag.py:587} INFO - Filling up the DagBag from /home/airflow/.local/lib/python3.12/site-packages/airflow/example_dags/example_branch_day_of_week_operator.py
[2024-09-12T16:03:34.717+0000] {processor.py:925} INFO - DAG(s) 'example_weekday_branch_operator' retrieved from /home/airflow/.local/lib/python3.12/site-packages/airflow/example_dags/example_branch_day_of_week_operator.py
[2024-09-12T16:03:35.006+0000] {logging_mixin.py:190} INFO - [2024-09-12T16:03:35.005+0000] {dag.py:3211} INFO - Sync 1 DAGs
[2024-09-12T16:03:35.237+0000] {logging_mixin.py:190} INFO - [2024-09-12T16:03:35.237+0000] {dag.py:4138} INFO - Setting next_dagrun for example_weekday_branch_operator to 2024-09-11 00:00:00+00:00, run_after=2024-09-12 00:00:00+00:00
[2024-09-12T16:03:35.377+0000] {processor.py:208} INFO - Processing /home/airflow/.local/lib/python3.12/site-packages/airflow/example_dags/example_branch_day_of_week_operator.py took 0.822 seconds
[2024-09-12T16:04:26.587+0000] {processor.py:186} INFO - Started process (PID=3394) to work on /home/airflow/.local/lib/python3.12/site-packages/airflow/example_dags/example_branch_day_of_week_operator.py
[2024-09-12T16:04:26.591+0000] {processor.py:914} INFO - Processing file /home/airflow/.local/lib/python3.12/site-packages/airflow/example_dags/example_branch_day_of_week_operator.py for tasks to queue
[2024-09-12T16:04:26.595+0000] {logging_mixin.py:190} INFO - [2024-09-12T16:04:26.594+0000] {dagbag.py:587} INFO - Filling up the DagBag from /home/airflow/.local/lib/python3.12/site-packages/airflow/example_dags/example_branch_day_of_week_operator.py
[2024-09-12T16:04:26.636+0000] {processor.py:925} INFO - DAG(s) 'example_weekday_branch_operator' retrieved from /home/airflow/.local/lib/python3.12/site-packages/airflow/example_dags/example_branch_day_of_week_operator.py
[2024-09-12T16:04:26.727+0000] {logging_mixin.py:190} INFO - [2024-09-12T16:04:26.726+0000] {dag.py:3211} INFO - Sync 1 DAGs
[2024-09-12T16:04:27.480+0000] {logging_mixin.py:190} INFO - [2024-09-12T16:04:27.466+0000] {dag.py:4138} INFO - Setting next_dagrun for example_weekday_branch_operator to 2024-09-11 00:00:00+00:00, run_after=2024-09-12 00:00:00+00:00
[2024-09-12T16:04:27.647+0000] {processor.py:208} INFO - Processing /home/airflow/.local/lib/python3.12/site-packages/airflow/example_dags/example_branch_day_of_week_operator.py took 1.093 seconds
[2024-09-12T16:06:30.958+0000] {processor.py:186} INFO - Started process (PID=3486) to work on /home/airflow/.local/lib/python3.12/site-packages/airflow/example_dags/example_branch_day_of_week_operator.py
[2024-09-12T16:06:30.961+0000] {processor.py:914} INFO - Processing file /home/airflow/.local/lib/python3.12/site-packages/airflow/example_dags/example_branch_day_of_week_operator.py for tasks to queue
[2024-09-12T16:06:30.968+0000] {logging_mixin.py:190} INFO - [2024-09-12T16:06:30.968+0000] {dagbag.py:587} INFO - Filling up the DagBag from /home/airflow/.local/lib/python3.12/site-packages/airflow/example_dags/example_branch_day_of_week_operator.py
[2024-09-12T16:06:31.049+0000] {processor.py:925} INFO - DAG(s) 'example_weekday_branch_operator' retrieved from /home/airflow/.local/lib/python3.12/site-packages/airflow/example_dags/example_branch_day_of_week_operator.py
[2024-09-12T16:06:31.178+0000] {logging_mixin.py:190} INFO - [2024-09-12T16:06:31.176+0000] {dag.py:3211} INFO - Sync 1 DAGs
[2024-09-12T16:06:31.305+0000] {logging_mixin.py:190} INFO - [2024-09-12T16:06:31.304+0000] {dag.py:4138} INFO - Setting next_dagrun for example_weekday_branch_operator to 2024-09-11 00:00:00+00:00, run_after=2024-09-12 00:00:00+00:00
[2024-09-12T16:06:31.408+0000] {processor.py:208} INFO - Processing /home/airflow/.local/lib/python3.12/site-packages/airflow/example_dags/example_branch_day_of_week_operator.py took 0.481 seconds
[2024-09-12T16:07:51.843+0000] {processor.py:186} INFO - Started process (PID=3556) to work on /home/airflow/.local/lib/python3.12/site-packages/airflow/example_dags/example_branch_day_of_week_operator.py
[2024-09-12T16:07:51.850+0000] {processor.py:914} INFO - Processing file /home/airflow/.local/lib/python3.12/site-packages/airflow/example_dags/example_branch_day_of_week_operator.py for tasks to queue
[2024-09-12T16:07:51.854+0000] {logging_mixin.py:190} INFO - [2024-09-12T16:07:51.854+0000] {dagbag.py:587} INFO - Filling up the DagBag from /home/airflow/.local/lib/python3.12/site-packages/airflow/example_dags/example_branch_day_of_week_operator.py
[2024-09-12T16:07:51.942+0000] {processor.py:925} INFO - DAG(s) 'example_weekday_branch_operator' retrieved from /home/airflow/.local/lib/python3.12/site-packages/airflow/example_dags/example_branch_day_of_week_operator.py
[2024-09-12T16:07:52.073+0000] {logging_mixin.py:190} INFO - [2024-09-12T16:07:52.072+0000] {dag.py:3211} INFO - Sync 1 DAGs
[2024-09-12T16:07:52.298+0000] {logging_mixin.py:190} INFO - [2024-09-12T16:07:52.287+0000] {dag.py:4138} INFO - Setting next_dagrun for example_weekday_branch_operator to 2024-09-11 00:00:00+00:00, run_after=2024-09-12 00:00:00+00:00
[2024-09-12T16:07:52.393+0000] {processor.py:208} INFO - Processing /home/airflow/.local/lib/python3.12/site-packages/airflow/example_dags/example_branch_day_of_week_operator.py took 0.576 seconds
[2024-09-12T16:08:55.615+0000] {processor.py:186} INFO - Started process (PID=3633) to work on /home/airflow/.local/lib/python3.12/site-packages/airflow/example_dags/example_branch_day_of_week_operator.py
[2024-09-12T16:08:55.628+0000] {processor.py:914} INFO - Processing file /home/airflow/.local/lib/python3.12/site-packages/airflow/example_dags/example_branch_day_of_week_operator.py for tasks to queue
[2024-09-12T16:08:55.632+0000] {logging_mixin.py:190} INFO - [2024-09-12T16:08:55.631+0000] {dagbag.py:587} INFO - Filling up the DagBag from /home/airflow/.local/lib/python3.12/site-packages/airflow/example_dags/example_branch_day_of_week_operator.py
[2024-09-12T16:08:55.778+0000] {processor.py:925} INFO - DAG(s) 'example_weekday_branch_operator' retrieved from /home/airflow/.local/lib/python3.12/site-packages/airflow/example_dags/example_branch_day_of_week_operator.py
[2024-09-12T16:08:56.135+0000] {logging_mixin.py:190} INFO - [2024-09-12T16:08:56.133+0000] {dag.py:3211} INFO - Sync 1 DAGs
[2024-09-12T16:08:56.501+0000] {logging_mixin.py:190} INFO - [2024-09-12T16:08:56.499+0000] {dag.py:4138} INFO - Setting next_dagrun for example_weekday_branch_operator to 2024-09-11 00:00:00+00:00, run_after=2024-09-12 00:00:00+00:00
[2024-09-12T16:08:56.580+0000] {processor.py:208} INFO - Processing /home/airflow/.local/lib/python3.12/site-packages/airflow/example_dags/example_branch_day_of_week_operator.py took 1.022 seconds
[2024-09-12T16:09:28.030+0000] {processor.py:186} INFO - Started process (PID=3699) to work on /home/airflow/.local/lib/python3.12/site-packages/airflow/example_dags/example_branch_day_of_week_operator.py
[2024-09-12T16:09:28.060+0000] {processor.py:914} INFO - Processing file /home/airflow/.local/lib/python3.12/site-packages/airflow/example_dags/example_branch_day_of_week_operator.py for tasks to queue
[2024-09-12T16:09:28.065+0000] {logging_mixin.py:190} INFO - [2024-09-12T16:09:28.064+0000] {dagbag.py:587} INFO - Filling up the DagBag from /home/airflow/.local/lib/python3.12/site-packages/airflow/example_dags/example_branch_day_of_week_operator.py
[2024-09-12T16:09:28.164+0000] {processor.py:925} INFO - DAG(s) 'example_weekday_branch_operator' retrieved from /home/airflow/.local/lib/python3.12/site-packages/airflow/example_dags/example_branch_day_of_week_operator.py
[2024-09-12T16:09:28.405+0000] {logging_mixin.py:190} INFO - [2024-09-12T16:09:28.404+0000] {dag.py:3211} INFO - Sync 1 DAGs
[2024-09-12T16:09:28.511+0000] {logging_mixin.py:190} INFO - [2024-09-12T16:09:28.510+0000] {dag.py:4138} INFO - Setting next_dagrun for example_weekday_branch_operator to 2024-09-11 00:00:00+00:00, run_after=2024-09-12 00:00:00+00:00
[2024-09-12T16:09:28.567+0000] {processor.py:208} INFO - Processing /home/airflow/.local/lib/python3.12/site-packages/airflow/example_dags/example_branch_day_of_week_operator.py took 0.574 seconds
[2024-09-12T16:10:38.979+0000] {processor.py:186} INFO - Started process (PID=3764) to work on /home/airflow/.local/lib/python3.12/site-packages/airflow/example_dags/example_branch_day_of_week_operator.py
[2024-09-12T16:10:38.981+0000] {processor.py:914} INFO - Processing file /home/airflow/.local/lib/python3.12/site-packages/airflow/example_dags/example_branch_day_of_week_operator.py for tasks to queue
[2024-09-12T16:10:38.985+0000] {logging_mixin.py:190} INFO - [2024-09-12T16:10:38.985+0000] {dagbag.py:587} INFO - Filling up the DagBag from /home/airflow/.local/lib/python3.12/site-packages/airflow/example_dags/example_branch_day_of_week_operator.py
[2024-09-12T16:10:39.048+0000] {processor.py:925} INFO - DAG(s) 'example_weekday_branch_operator' retrieved from /home/airflow/.local/lib/python3.12/site-packages/airflow/example_dags/example_branch_day_of_week_operator.py
[2024-09-12T16:10:39.224+0000] {logging_mixin.py:190} INFO - [2024-09-12T16:10:39.223+0000] {dag.py:3211} INFO - Sync 1 DAGs
[2024-09-12T16:10:39.412+0000] {logging_mixin.py:190} INFO - [2024-09-12T16:10:39.411+0000] {dag.py:4138} INFO - Setting next_dagrun for example_weekday_branch_operator to 2024-09-11 00:00:00+00:00, run_after=2024-09-12 00:00:00+00:00
[2024-09-12T16:10:39.573+0000] {processor.py:208} INFO - Processing /home/airflow/.local/lib/python3.12/site-packages/airflow/example_dags/example_branch_day_of_week_operator.py took 0.652 seconds
[2024-09-12T16:11:22.382+0000] {processor.py:186} INFO - Started process (PID=3835) to work on /home/airflow/.local/lib/python3.12/site-packages/airflow/example_dags/example_branch_day_of_week_operator.py
[2024-09-12T16:11:22.390+0000] {processor.py:914} INFO - Processing file /home/airflow/.local/lib/python3.12/site-packages/airflow/example_dags/example_branch_day_of_week_operator.py for tasks to queue
[2024-09-12T16:11:22.403+0000] {logging_mixin.py:190} INFO - [2024-09-12T16:11:22.400+0000] {dagbag.py:587} INFO - Filling up the DagBag from /home/airflow/.local/lib/python3.12/site-packages/airflow/example_dags/example_branch_day_of_week_operator.py
[2024-09-12T16:11:22.462+0000] {processor.py:925} INFO - DAG(s) 'example_weekday_branch_operator' retrieved from /home/airflow/.local/lib/python3.12/site-packages/airflow/example_dags/example_branch_day_of_week_operator.py
[2024-09-12T16:11:22.608+0000] {logging_mixin.py:190} INFO - [2024-09-12T16:11:22.607+0000] {dag.py:3211} INFO - Sync 1 DAGs
[2024-09-12T16:11:22.846+0000] {logging_mixin.py:190} INFO - [2024-09-12T16:11:22.845+0000] {dag.py:4138} INFO - Setting next_dagrun for example_weekday_branch_operator to 2024-09-11 00:00:00+00:00, run_after=2024-09-12 00:00:00+00:00
[2024-09-12T16:11:22.979+0000] {processor.py:208} INFO - Processing /home/airflow/.local/lib/python3.12/site-packages/airflow/example_dags/example_branch_day_of_week_operator.py took 0.652 seconds
[2024-09-12T16:12:22.215+0000] {processor.py:186} INFO - Started process (PID=3905) to work on /home/airflow/.local/lib/python3.12/site-packages/airflow/example_dags/example_branch_day_of_week_operator.py
[2024-09-12T16:12:22.220+0000] {processor.py:914} INFO - Processing file /home/airflow/.local/lib/python3.12/site-packages/airflow/example_dags/example_branch_day_of_week_operator.py for tasks to queue
[2024-09-12T16:12:22.235+0000] {logging_mixin.py:190} INFO - [2024-09-12T16:12:22.225+0000] {dagbag.py:587} INFO - Filling up the DagBag from /home/airflow/.local/lib/python3.12/site-packages/airflow/example_dags/example_branch_day_of_week_operator.py
[2024-09-12T16:12:22.299+0000] {processor.py:925} INFO - DAG(s) 'example_weekday_branch_operator' retrieved from /home/airflow/.local/lib/python3.12/site-packages/airflow/example_dags/example_branch_day_of_week_operator.py
[2024-09-12T16:12:22.455+0000] {logging_mixin.py:190} INFO - [2024-09-12T16:12:22.454+0000] {dag.py:3211} INFO - Sync 1 DAGs
[2024-09-12T16:12:22.636+0000] {logging_mixin.py:190} INFO - [2024-09-12T16:12:22.633+0000] {dag.py:4138} INFO - Setting next_dagrun for example_weekday_branch_operator to 2024-09-11 00:00:00+00:00, run_after=2024-09-12 00:00:00+00:00
[2024-09-12T16:12:22.809+0000] {processor.py:208} INFO - Processing /home/airflow/.local/lib/python3.12/site-packages/airflow/example_dags/example_branch_day_of_week_operator.py took 0.662 seconds
[2024-09-12T16:12:57.083+0000] {processor.py:186} INFO - Started process (PID=3971) to work on /home/airflow/.local/lib/python3.12/site-packages/airflow/example_dags/example_branch_day_of_week_operator.py
[2024-09-12T16:12:57.085+0000] {processor.py:914} INFO - Processing file /home/airflow/.local/lib/python3.12/site-packages/airflow/example_dags/example_branch_day_of_week_operator.py for tasks to queue
[2024-09-12T16:12:57.089+0000] {logging_mixin.py:190} INFO - [2024-09-12T16:12:57.088+0000] {dagbag.py:587} INFO - Filling up the DagBag from /home/airflow/.local/lib/python3.12/site-packages/airflow/example_dags/example_branch_day_of_week_operator.py
[2024-09-12T16:12:57.132+0000] {processor.py:925} INFO - DAG(s) 'example_weekday_branch_operator' retrieved from /home/airflow/.local/lib/python3.12/site-packages/airflow/example_dags/example_branch_day_of_week_operator.py
[2024-09-12T16:12:57.204+0000] {logging_mixin.py:190} INFO - [2024-09-12T16:12:57.203+0000] {dag.py:3211} INFO - Sync 1 DAGs
[2024-09-12T16:12:57.305+0000] {logging_mixin.py:190} INFO - [2024-09-12T16:12:57.304+0000] {dag.py:4138} INFO - Setting next_dagrun for example_weekday_branch_operator to 2024-09-11 00:00:00+00:00, run_after=2024-09-12 00:00:00+00:00
[2024-09-12T16:12:57.358+0000] {processor.py:208} INFO - Processing /home/airflow/.local/lib/python3.12/site-packages/airflow/example_dags/example_branch_day_of_week_operator.py took 0.311 seconds
[2024-09-12T16:13:56.991+0000] {processor.py:186} INFO - Started process (PID=4034) to work on /home/airflow/.local/lib/python3.12/site-packages/airflow/example_dags/example_branch_day_of_week_operator.py
[2024-09-12T16:13:56.994+0000] {processor.py:914} INFO - Processing file /home/airflow/.local/lib/python3.12/site-packages/airflow/example_dags/example_branch_day_of_week_operator.py for tasks to queue
[2024-09-12T16:13:57.005+0000] {logging_mixin.py:190} INFO - [2024-09-12T16:13:57.004+0000] {dagbag.py:587} INFO - Filling up the DagBag from /home/airflow/.local/lib/python3.12/site-packages/airflow/example_dags/example_branch_day_of_week_operator.py
[2024-09-12T16:13:57.091+0000] {processor.py:925} INFO - DAG(s) 'example_weekday_branch_operator' retrieved from /home/airflow/.local/lib/python3.12/site-packages/airflow/example_dags/example_branch_day_of_week_operator.py
[2024-09-12T16:13:57.226+0000] {logging_mixin.py:190} INFO - [2024-09-12T16:13:57.226+0000] {dag.py:3211} INFO - Sync 1 DAGs
[2024-09-12T16:13:57.374+0000] {logging_mixin.py:190} INFO - [2024-09-12T16:13:57.374+0000] {dag.py:4138} INFO - Setting next_dagrun for example_weekday_branch_operator to 2024-09-11 00:00:00+00:00, run_after=2024-09-12 00:00:00+00:00
[2024-09-12T16:13:57.489+0000] {processor.py:208} INFO - Processing /home/airflow/.local/lib/python3.12/site-packages/airflow/example_dags/example_branch_day_of_week_operator.py took 0.538 seconds
[2024-09-12T16:14:49.962+0000] {processor.py:186} INFO - Started process (PID=4099) to work on /home/airflow/.local/lib/python3.12/site-packages/airflow/example_dags/example_branch_day_of_week_operator.py
[2024-09-12T16:14:49.970+0000] {processor.py:914} INFO - Processing file /home/airflow/.local/lib/python3.12/site-packages/airflow/example_dags/example_branch_day_of_week_operator.py for tasks to queue
[2024-09-12T16:14:49.978+0000] {logging_mixin.py:190} INFO - [2024-09-12T16:14:49.977+0000] {dagbag.py:587} INFO - Filling up the DagBag from /home/airflow/.local/lib/python3.12/site-packages/airflow/example_dags/example_branch_day_of_week_operator.py
[2024-09-12T16:14:50.064+0000] {processor.py:925} INFO - DAG(s) 'example_weekday_branch_operator' retrieved from /home/airflow/.local/lib/python3.12/site-packages/airflow/example_dags/example_branch_day_of_week_operator.py
[2024-09-12T16:14:50.385+0000] {logging_mixin.py:190} INFO - [2024-09-12T16:14:50.380+0000] {dag.py:3211} INFO - Sync 1 DAGs
[2024-09-12T16:14:50.588+0000] {logging_mixin.py:190} INFO - [2024-09-12T16:14:50.587+0000] {dag.py:4138} INFO - Setting next_dagrun for example_weekday_branch_operator to 2024-09-11 00:00:00+00:00, run_after=2024-09-12 00:00:00+00:00
[2024-09-12T16:14:50.682+0000] {processor.py:208} INFO - Processing /home/airflow/.local/lib/python3.12/site-packages/airflow/example_dags/example_branch_day_of_week_operator.py took 0.741 seconds
[2024-09-12T16:15:21.100+0000] {processor.py:186} INFO - Started process (PID=4160) to work on /home/airflow/.local/lib/python3.12/site-packages/airflow/example_dags/example_branch_day_of_week_operator.py
[2024-09-12T16:15:21.125+0000] {processor.py:914} INFO - Processing file /home/airflow/.local/lib/python3.12/site-packages/airflow/example_dags/example_branch_day_of_week_operator.py for tasks to queue
[2024-09-12T16:15:21.128+0000] {logging_mixin.py:190} INFO - [2024-09-12T16:15:21.127+0000] {dagbag.py:587} INFO - Filling up the DagBag from /home/airflow/.local/lib/python3.12/site-packages/airflow/example_dags/example_branch_day_of_week_operator.py
[2024-09-12T16:15:21.204+0000] {processor.py:925} INFO - DAG(s) 'example_weekday_branch_operator' retrieved from /home/airflow/.local/lib/python3.12/site-packages/airflow/example_dags/example_branch_day_of_week_operator.py
[2024-09-12T16:15:21.348+0000] {logging_mixin.py:190} INFO - [2024-09-12T16:15:21.348+0000] {dag.py:3211} INFO - Sync 1 DAGs
[2024-09-12T16:15:21.519+0000] {logging_mixin.py:190} INFO - [2024-09-12T16:15:21.494+0000] {dag.py:4138} INFO - Setting next_dagrun for example_weekday_branch_operator to 2024-09-11 00:00:00+00:00, run_after=2024-09-12 00:00:00+00:00
[2024-09-12T16:15:21.764+0000] {processor.py:208} INFO - Processing /home/airflow/.local/lib/python3.12/site-packages/airflow/example_dags/example_branch_day_of_week_operator.py took 0.693 seconds
[2024-09-12T16:15:52.694+0000] {processor.py:186} INFO - Started process (PID=4230) to work on /home/airflow/.local/lib/python3.12/site-packages/airflow/example_dags/example_branch_day_of_week_operator.py
[2024-09-12T16:15:52.738+0000] {processor.py:914} INFO - Processing file /home/airflow/.local/lib/python3.12/site-packages/airflow/example_dags/example_branch_day_of_week_operator.py for tasks to queue
[2024-09-12T16:15:52.741+0000] {logging_mixin.py:190} INFO - [2024-09-12T16:15:52.740+0000] {dagbag.py:587} INFO - Filling up the DagBag from /home/airflow/.local/lib/python3.12/site-packages/airflow/example_dags/example_branch_day_of_week_operator.py
[2024-09-12T16:15:52.800+0000] {processor.py:925} INFO - DAG(s) 'example_weekday_branch_operator' retrieved from /home/airflow/.local/lib/python3.12/site-packages/airflow/example_dags/example_branch_day_of_week_operator.py
[2024-09-12T16:15:52.898+0000] {logging_mixin.py:190} INFO - [2024-09-12T16:15:52.898+0000] {dag.py:3211} INFO - Sync 1 DAGs
[2024-09-12T16:15:52.982+0000] {logging_mixin.py:190} INFO - [2024-09-12T16:15:52.982+0000] {dag.py:4138} INFO - Setting next_dagrun for example_weekday_branch_operator to 2024-09-11 00:00:00+00:00, run_after=2024-09-12 00:00:00+00:00
[2024-09-12T16:15:53.074+0000] {processor.py:208} INFO - Processing /home/airflow/.local/lib/python3.12/site-packages/airflow/example_dags/example_branch_day_of_week_operator.py took 0.413 seconds
[2024-09-12T16:16:43.939+0000] {processor.py:186} INFO - Started process (PID=4300) to work on /home/airflow/.local/lib/python3.12/site-packages/airflow/example_dags/example_branch_day_of_week_operator.py
[2024-09-12T16:16:43.948+0000] {processor.py:914} INFO - Processing file /home/airflow/.local/lib/python3.12/site-packages/airflow/example_dags/example_branch_day_of_week_operator.py for tasks to queue
[2024-09-12T16:16:44.023+0000] {logging_mixin.py:190} INFO - [2024-09-12T16:16:43.959+0000] {dagbag.py:587} INFO - Filling up the DagBag from /home/airflow/.local/lib/python3.12/site-packages/airflow/example_dags/example_branch_day_of_week_operator.py
[2024-09-12T16:16:44.199+0000] {processor.py:925} INFO - DAG(s) 'example_weekday_branch_operator' retrieved from /home/airflow/.local/lib/python3.12/site-packages/airflow/example_dags/example_branch_day_of_week_operator.py
[2024-09-12T16:16:46.196+0000] {logging_mixin.py:190} INFO - [2024-09-12T16:16:46.192+0000] {dag.py:3211} INFO - Sync 1 DAGs
[2024-09-12T16:16:46.441+0000] {logging_mixin.py:190} INFO - [2024-09-12T16:16:46.440+0000] {dag.py:4138} INFO - Setting next_dagrun for example_weekday_branch_operator to 2024-09-11 00:00:00+00:00, run_after=2024-09-12 00:00:00+00:00
[2024-09-12T16:16:46.630+0000] {processor.py:208} INFO - Processing /home/airflow/.local/lib/python3.12/site-packages/airflow/example_dags/example_branch_day_of_week_operator.py took 2.814 seconds
[2024-09-12T16:17:34.674+0000] {processor.py:186} INFO - Started process (PID=4365) to work on /home/airflow/.local/lib/python3.12/site-packages/airflow/example_dags/example_branch_day_of_week_operator.py
[2024-09-12T16:17:34.685+0000] {processor.py:914} INFO - Processing file /home/airflow/.local/lib/python3.12/site-packages/airflow/example_dags/example_branch_day_of_week_operator.py for tasks to queue
[2024-09-12T16:17:34.691+0000] {logging_mixin.py:190} INFO - [2024-09-12T16:17:34.690+0000] {dagbag.py:587} INFO - Filling up the DagBag from /home/airflow/.local/lib/python3.12/site-packages/airflow/example_dags/example_branch_day_of_week_operator.py
[2024-09-12T16:17:34.731+0000] {processor.py:925} INFO - DAG(s) 'example_weekday_branch_operator' retrieved from /home/airflow/.local/lib/python3.12/site-packages/airflow/example_dags/example_branch_day_of_week_operator.py
[2024-09-12T16:17:34.893+0000] {logging_mixin.py:190} INFO - [2024-09-12T16:17:34.892+0000] {dag.py:3211} INFO - Sync 1 DAGs
[2024-09-12T16:17:35.160+0000] {logging_mixin.py:190} INFO - [2024-09-12T16:17:35.159+0000] {dag.py:4138} INFO - Setting next_dagrun for example_weekday_branch_operator to 2024-09-11 00:00:00+00:00, run_after=2024-09-12 00:00:00+00:00
[2024-09-12T16:17:35.372+0000] {processor.py:208} INFO - Processing /home/airflow/.local/lib/python3.12/site-packages/airflow/example_dags/example_branch_day_of_week_operator.py took 0.713 seconds
[2024-09-12T16:18:06.719+0000] {processor.py:186} INFO - Started process (PID=4429) to work on /home/airflow/.local/lib/python3.12/site-packages/airflow/example_dags/example_branch_day_of_week_operator.py
[2024-09-12T16:18:06.726+0000] {processor.py:914} INFO - Processing file /home/airflow/.local/lib/python3.12/site-packages/airflow/example_dags/example_branch_day_of_week_operator.py for tasks to queue
[2024-09-12T16:18:06.735+0000] {logging_mixin.py:190} INFO - [2024-09-12T16:18:06.734+0000] {dagbag.py:587} INFO - Filling up the DagBag from /home/airflow/.local/lib/python3.12/site-packages/airflow/example_dags/example_branch_day_of_week_operator.py
[2024-09-12T16:18:06.798+0000] {processor.py:925} INFO - DAG(s) 'example_weekday_branch_operator' retrieved from /home/airflow/.local/lib/python3.12/site-packages/airflow/example_dags/example_branch_day_of_week_operator.py
[2024-09-12T16:18:06.970+0000] {logging_mixin.py:190} INFO - [2024-09-12T16:18:06.961+0000] {dag.py:3211} INFO - Sync 1 DAGs
[2024-09-12T16:18:07.104+0000] {logging_mixin.py:190} INFO - [2024-09-12T16:18:07.103+0000] {dag.py:4138} INFO - Setting next_dagrun for example_weekday_branch_operator to 2024-09-11 00:00:00+00:00, run_after=2024-09-12 00:00:00+00:00
[2024-09-12T16:18:07.199+0000] {processor.py:208} INFO - Processing /home/airflow/.local/lib/python3.12/site-packages/airflow/example_dags/example_branch_day_of_week_operator.py took 0.504 seconds
[2024-09-12T16:18:57.082+0000] {processor.py:186} INFO - Started process (PID=4502) to work on /home/airflow/.local/lib/python3.12/site-packages/airflow/example_dags/example_branch_day_of_week_operator.py
[2024-09-12T16:18:57.092+0000] {processor.py:914} INFO - Processing file /home/airflow/.local/lib/python3.12/site-packages/airflow/example_dags/example_branch_day_of_week_operator.py for tasks to queue
[2024-09-12T16:18:57.098+0000] {logging_mixin.py:190} INFO - [2024-09-12T16:18:57.097+0000] {dagbag.py:587} INFO - Filling up the DagBag from /home/airflow/.local/lib/python3.12/site-packages/airflow/example_dags/example_branch_day_of_week_operator.py
[2024-09-12T16:18:57.171+0000] {processor.py:925} INFO - DAG(s) 'example_weekday_branch_operator' retrieved from /home/airflow/.local/lib/python3.12/site-packages/airflow/example_dags/example_branch_day_of_week_operator.py
[2024-09-12T16:18:57.311+0000] {logging_mixin.py:190} INFO - [2024-09-12T16:18:57.311+0000] {dag.py:3211} INFO - Sync 1 DAGs
[2024-09-12T16:18:57.533+0000] {logging_mixin.py:190} INFO - [2024-09-12T16:18:57.532+0000] {dag.py:4138} INFO - Setting next_dagrun for example_weekday_branch_operator to 2024-09-11 00:00:00+00:00, run_after=2024-09-12 00:00:00+00:00
[2024-09-12T16:18:57.744+0000] {processor.py:208} INFO - Processing /home/airflow/.local/lib/python3.12/site-packages/airflow/example_dags/example_branch_day_of_week_operator.py took 0.719 seconds
[2024-09-12T16:19:32.575+0000] {processor.py:186} INFO - Started process (PID=4565) to work on /home/airflow/.local/lib/python3.12/site-packages/airflow/example_dags/example_branch_day_of_week_operator.py
[2024-09-12T16:19:32.583+0000] {processor.py:914} INFO - Processing file /home/airflow/.local/lib/python3.12/site-packages/airflow/example_dags/example_branch_day_of_week_operator.py for tasks to queue
[2024-09-12T16:19:32.600+0000] {logging_mixin.py:190} INFO - [2024-09-12T16:19:32.599+0000] {dagbag.py:587} INFO - Filling up the DagBag from /home/airflow/.local/lib/python3.12/site-packages/airflow/example_dags/example_branch_day_of_week_operator.py
[2024-09-12T16:19:32.729+0000] {processor.py:925} INFO - DAG(s) 'example_weekday_branch_operator' retrieved from /home/airflow/.local/lib/python3.12/site-packages/airflow/example_dags/example_branch_day_of_week_operator.py
[2024-09-12T16:19:32.957+0000] {logging_mixin.py:190} INFO - [2024-09-12T16:19:32.957+0000] {dag.py:3211} INFO - Sync 1 DAGs
[2024-09-12T16:19:33.174+0000] {logging_mixin.py:190} INFO - [2024-09-12T16:19:33.174+0000] {dag.py:4138} INFO - Setting next_dagrun for example_weekday_branch_operator to 2024-09-11 00:00:00+00:00, run_after=2024-09-12 00:00:00+00:00
[2024-09-12T16:19:33.331+0000] {processor.py:208} INFO - Processing /home/airflow/.local/lib/python3.12/site-packages/airflow/example_dags/example_branch_day_of_week_operator.py took 0.800 seconds
[2024-09-12T16:20:09.422+0000] {processor.py:186} INFO - Started process (PID=4627) to work on /home/airflow/.local/lib/python3.12/site-packages/airflow/example_dags/example_branch_day_of_week_operator.py
[2024-09-12T16:20:09.445+0000] {processor.py:914} INFO - Processing file /home/airflow/.local/lib/python3.12/site-packages/airflow/example_dags/example_branch_day_of_week_operator.py for tasks to queue
[2024-09-12T16:20:09.448+0000] {logging_mixin.py:190} INFO - [2024-09-12T16:20:09.447+0000] {dagbag.py:587} INFO - Filling up the DagBag from /home/airflow/.local/lib/python3.12/site-packages/airflow/example_dags/example_branch_day_of_week_operator.py
[2024-09-12T16:20:09.503+0000] {processor.py:925} INFO - DAG(s) 'example_weekday_branch_operator' retrieved from /home/airflow/.local/lib/python3.12/site-packages/airflow/example_dags/example_branch_day_of_week_operator.py
[2024-09-12T16:20:09.799+0000] {logging_mixin.py:190} INFO - [2024-09-12T16:20:09.799+0000] {dag.py:3211} INFO - Sync 1 DAGs
[2024-09-12T16:20:10.049+0000] {logging_mixin.py:190} INFO - [2024-09-12T16:20:10.048+0000] {dag.py:4138} INFO - Setting next_dagrun for example_weekday_branch_operator to 2024-09-11 00:00:00+00:00, run_after=2024-09-12 00:00:00+00:00
[2024-09-12T16:20:10.202+0000] {processor.py:208} INFO - Processing /home/airflow/.local/lib/python3.12/site-packages/airflow/example_dags/example_branch_day_of_week_operator.py took 0.824 seconds
[2024-09-12T16:21:02.888+0000] {processor.py:186} INFO - Started process (PID=4691) to work on /home/airflow/.local/lib/python3.12/site-packages/airflow/example_dags/example_branch_day_of_week_operator.py
[2024-09-12T16:21:02.893+0000] {processor.py:914} INFO - Processing file /home/airflow/.local/lib/python3.12/site-packages/airflow/example_dags/example_branch_day_of_week_operator.py for tasks to queue
[2024-09-12T16:21:02.909+0000] {logging_mixin.py:190} INFO - [2024-09-12T16:21:02.909+0000] {dagbag.py:587} INFO - Filling up the DagBag from /home/airflow/.local/lib/python3.12/site-packages/airflow/example_dags/example_branch_day_of_week_operator.py
[2024-09-12T16:21:03.006+0000] {processor.py:925} INFO - DAG(s) 'example_weekday_branch_operator' retrieved from /home/airflow/.local/lib/python3.12/site-packages/airflow/example_dags/example_branch_day_of_week_operator.py
[2024-09-12T16:21:03.182+0000] {logging_mixin.py:190} INFO - [2024-09-12T16:21:03.176+0000] {dag.py:3211} INFO - Sync 1 DAGs
[2024-09-12T16:21:03.393+0000] {logging_mixin.py:190} INFO - [2024-09-12T16:21:03.393+0000] {dag.py:4138} INFO - Setting next_dagrun for example_weekday_branch_operator to 2024-09-11 00:00:00+00:00, run_after=2024-09-12 00:00:00+00:00
[2024-09-12T16:21:03.586+0000] {processor.py:208} INFO - Processing /home/airflow/.local/lib/python3.12/site-packages/airflow/example_dags/example_branch_day_of_week_operator.py took 0.726 seconds
[2024-09-12T16:22:20.598+0000] {processor.py:186} INFO - Started process (PID=4769) to work on /home/airflow/.local/lib/python3.12/site-packages/airflow/example_dags/example_branch_day_of_week_operator.py
[2024-09-12T16:22:20.632+0000] {processor.py:914} INFO - Processing file /home/airflow/.local/lib/python3.12/site-packages/airflow/example_dags/example_branch_day_of_week_operator.py for tasks to queue
[2024-09-12T16:22:20.642+0000] {logging_mixin.py:190} INFO - [2024-09-12T16:22:20.641+0000] {dagbag.py:587} INFO - Filling up the DagBag from /home/airflow/.local/lib/python3.12/site-packages/airflow/example_dags/example_branch_day_of_week_operator.py
[2024-09-12T16:22:20.684+0000] {processor.py:925} INFO - DAG(s) 'example_weekday_branch_operator' retrieved from /home/airflow/.local/lib/python3.12/site-packages/airflow/example_dags/example_branch_day_of_week_operator.py
[2024-09-12T16:22:20.806+0000] {logging_mixin.py:190} INFO - [2024-09-12T16:22:20.793+0000] {dag.py:3211} INFO - Sync 1 DAGs
[2024-09-12T16:22:21.004+0000] {logging_mixin.py:190} INFO - [2024-09-12T16:22:20.995+0000] {dag.py:4138} INFO - Setting next_dagrun for example_weekday_branch_operator to 2024-09-11 00:00:00+00:00, run_after=2024-09-12 00:00:00+00:00
[2024-09-12T16:22:21.141+0000] {processor.py:208} INFO - Processing /home/airflow/.local/lib/python3.12/site-packages/airflow/example_dags/example_branch_day_of_week_operator.py took 0.589 seconds
[2024-09-12T16:23:03.164+0000] {processor.py:186} INFO - Started process (PID=4842) to work on /home/airflow/.local/lib/python3.12/site-packages/airflow/example_dags/example_branch_day_of_week_operator.py
[2024-09-12T16:23:03.176+0000] {processor.py:914} INFO - Processing file /home/airflow/.local/lib/python3.12/site-packages/airflow/example_dags/example_branch_day_of_week_operator.py for tasks to queue
[2024-09-12T16:23:03.185+0000] {logging_mixin.py:190} INFO - [2024-09-12T16:23:03.184+0000] {dagbag.py:587} INFO - Filling up the DagBag from /home/airflow/.local/lib/python3.12/site-packages/airflow/example_dags/example_branch_day_of_week_operator.py
[2024-09-12T16:23:03.254+0000] {processor.py:925} INFO - DAG(s) 'example_weekday_branch_operator' retrieved from /home/airflow/.local/lib/python3.12/site-packages/airflow/example_dags/example_branch_day_of_week_operator.py
[2024-09-12T16:23:03.474+0000] {logging_mixin.py:190} INFO - [2024-09-12T16:23:03.473+0000] {dag.py:3211} INFO - Sync 1 DAGs
[2024-09-12T16:23:03.674+0000] {logging_mixin.py:190} INFO - [2024-09-12T16:23:03.673+0000] {dag.py:4138} INFO - Setting next_dagrun for example_weekday_branch_operator to 2024-09-11 00:00:00+00:00, run_after=2024-09-12 00:00:00+00:00
[2024-09-12T16:23:03.797+0000] {processor.py:208} INFO - Processing /home/airflow/.local/lib/python3.12/site-packages/airflow/example_dags/example_branch_day_of_week_operator.py took 0.663 seconds
