[2024-09-12T14:58:37.257+0000] {processor.py:186} INFO - Started process (PID=81) to work on /home/airflow/.local/lib/python3.12/site-packages/airflow/example_dags/example_branch_datetime_operator.py
[2024-09-12T14:58:37.259+0000] {processor.py:914} INFO - Processing file /home/airflow/.local/lib/python3.12/site-packages/airflow/example_dags/example_branch_datetime_operator.py for tasks to queue
[2024-09-12T14:58:37.267+0000] {logging_mixin.py:190} INFO - [2024-09-12T14:58:37.266+0000] {dagbag.py:587} INFO - Filling up the DagBag from /home/airflow/.local/lib/python3.12/site-packages/airflow/example_dags/example_branch_datetime_operator.py
[2024-09-12T14:58:37.296+0000] {processor.py:925} INFO - DAG(s) 'example_branch_datetime_operator', 'example_branch_datetime_operator_2', 'example_branch_datetime_operator_3' retrieved from /home/airflow/.local/lib/python3.12/site-packages/airflow/example_dags/example_branch_datetime_operator.py
[2024-09-12T14:58:37.383+0000] {logging_mixin.py:190} INFO - [2024-09-12T14:58:37.383+0000] {dag.py:3211} INFO - Sync 3 DAGs
[2024-09-12T14:58:37.467+0000] {logging_mixin.py:190} INFO - [2024-09-12T14:58:37.467+0000] {dag.py:4138} INFO - Setting next_dagrun for example_branch_datetime_operator to 2024-09-11 00:00:00+00:00, run_after=2024-09-12 00:00:00+00:00
[2024-09-12T14:58:37.481+0000] {logging_mixin.py:190} INFO - [2024-09-12T14:58:37.480+0000] {dag.py:4138} INFO - Setting next_dagrun for example_branch_datetime_operator_2 to 2024-09-11 00:00:00+00:00, run_after=2024-09-12 00:00:00+00:00
[2024-09-12T14:58:37.491+0000] {logging_mixin.py:190} INFO - [2024-09-12T14:58:37.491+0000] {dag.py:4138} INFO - Setting next_dagrun for example_branch_datetime_operator_3 to 2024-09-11 00:00:00+00:00, run_after=2024-09-12 00:00:00+00:00
[2024-09-12T14:58:37.561+0000] {processor.py:208} INFO - Processing /home/airflow/.local/lib/python3.12/site-packages/airflow/example_dags/example_branch_datetime_operator.py took 0.324 seconds
[2024-09-12T14:59:33.918+0000] {processor.py:186} INFO - Started process (PID=156) to work on /home/airflow/.local/lib/python3.12/site-packages/airflow/example_dags/example_branch_datetime_operator.py
[2024-09-12T14:59:33.933+0000] {processor.py:914} INFO - Processing file /home/airflow/.local/lib/python3.12/site-packages/airflow/example_dags/example_branch_datetime_operator.py for tasks to queue
[2024-09-12T14:59:33.995+0000] {logging_mixin.py:190} INFO - [2024-09-12T14:59:33.994+0000] {dagbag.py:587} INFO - Filling up the DagBag from /home/airflow/.local/lib/python3.12/site-packages/airflow/example_dags/example_branch_datetime_operator.py
[2024-09-12T14:59:34.093+0000] {processor.py:925} INFO - DAG(s) 'example_branch_datetime_operator_2', 'example_branch_datetime_operator_3', 'example_branch_datetime_operator' retrieved from /home/airflow/.local/lib/python3.12/site-packages/airflow/example_dags/example_branch_datetime_operator.py
[2024-09-12T14:59:34.363+0000] {logging_mixin.py:190} INFO - [2024-09-12T14:59:34.362+0000] {dag.py:3211} INFO - Sync 3 DAGs
[2024-09-12T14:59:34.612+0000] {logging_mixin.py:190} INFO - [2024-09-12T14:59:34.612+0000] {dag.py:4138} INFO - Setting next_dagrun for example_branch_datetime_operator to 2024-09-11 00:00:00+00:00, run_after=2024-09-12 00:00:00+00:00
[2024-09-12T14:59:34.675+0000] {logging_mixin.py:190} INFO - [2024-09-12T14:59:34.675+0000] {dag.py:4138} INFO - Setting next_dagrun for example_branch_datetime_operator_2 to 2024-09-11 00:00:00+00:00, run_after=2024-09-12 00:00:00+00:00
[2024-09-12T14:59:34.727+0000] {logging_mixin.py:190} INFO - [2024-09-12T14:59:34.726+0000] {dag.py:4138} INFO - Setting next_dagrun for example_branch_datetime_operator_3 to 2024-09-11 00:00:00+00:00, run_after=2024-09-12 00:00:00+00:00
[2024-09-12T14:59:35.078+0000] {processor.py:208} INFO - Processing /home/airflow/.local/lib/python3.12/site-packages/airflow/example_dags/example_branch_datetime_operator.py took 1.209 seconds
[2024-09-12T15:00:29.331+0000] {processor.py:186} INFO - Started process (PID=228) to work on /home/airflow/.local/lib/python3.12/site-packages/airflow/example_dags/example_branch_datetime_operator.py
[2024-09-12T15:00:29.350+0000] {processor.py:914} INFO - Processing file /home/airflow/.local/lib/python3.12/site-packages/airflow/example_dags/example_branch_datetime_operator.py for tasks to queue
[2024-09-12T15:00:29.396+0000] {logging_mixin.py:190} INFO - [2024-09-12T15:00:29.395+0000] {dagbag.py:587} INFO - Filling up the DagBag from /home/airflow/.local/lib/python3.12/site-packages/airflow/example_dags/example_branch_datetime_operator.py
[2024-09-12T15:00:29.647+0000] {processor.py:925} INFO - DAG(s) 'example_branch_datetime_operator_3', 'example_branch_datetime_operator', 'example_branch_datetime_operator_2' retrieved from /home/airflow/.local/lib/python3.12/site-packages/airflow/example_dags/example_branch_datetime_operator.py
[2024-09-12T15:00:29.942+0000] {logging_mixin.py:190} INFO - [2024-09-12T15:00:29.941+0000] {dag.py:3211} INFO - Sync 3 DAGs
[2024-09-12T15:00:30.291+0000] {logging_mixin.py:190} INFO - [2024-09-12T15:00:30.290+0000] {dag.py:4138} INFO - Setting next_dagrun for example_branch_datetime_operator to 2024-09-11 00:00:00+00:00, run_after=2024-09-12 00:00:00+00:00
[2024-09-12T15:00:30.370+0000] {logging_mixin.py:190} INFO - [2024-09-12T15:00:30.370+0000] {dag.py:4138} INFO - Setting next_dagrun for example_branch_datetime_operator_2 to 2024-09-11 00:00:00+00:00, run_after=2024-09-12 00:00:00+00:00
[2024-09-12T15:00:30.388+0000] {logging_mixin.py:190} INFO - [2024-09-12T15:00:30.388+0000] {dag.py:4138} INFO - Setting next_dagrun for example_branch_datetime_operator_3 to 2024-09-11 00:00:00+00:00, run_after=2024-09-12 00:00:00+00:00
[2024-09-12T15:00:30.664+0000] {processor.py:208} INFO - Processing /home/airflow/.local/lib/python3.12/site-packages/airflow/example_dags/example_branch_datetime_operator.py took 1.394 seconds
[2024-09-12T15:01:45.957+0000] {processor.py:186} INFO - Started process (PID=304) to work on /home/airflow/.local/lib/python3.12/site-packages/airflow/example_dags/example_branch_datetime_operator.py
[2024-09-12T15:01:46.030+0000] {processor.py:914} INFO - Processing file /home/airflow/.local/lib/python3.12/site-packages/airflow/example_dags/example_branch_datetime_operator.py for tasks to queue
[2024-09-12T15:01:46.054+0000] {logging_mixin.py:190} INFO - [2024-09-12T15:01:46.053+0000] {dagbag.py:587} INFO - Filling up the DagBag from /home/airflow/.local/lib/python3.12/site-packages/airflow/example_dags/example_branch_datetime_operator.py
[2024-09-12T15:01:46.150+0000] {processor.py:925} INFO - DAG(s) 'example_branch_datetime_operator_3', 'example_branch_datetime_operator', 'example_branch_datetime_operator_2' retrieved from /home/airflow/.local/lib/python3.12/site-packages/airflow/example_dags/example_branch_datetime_operator.py
[2024-09-12T15:01:46.556+0000] {logging_mixin.py:190} INFO - [2024-09-12T15:01:46.541+0000] {dag.py:3211} INFO - Sync 3 DAGs
[2024-09-12T15:01:46.857+0000] {logging_mixin.py:190} INFO - [2024-09-12T15:01:46.857+0000] {dag.py:4138} INFO - Setting next_dagrun for example_branch_datetime_operator to 2024-09-11 00:00:00+00:00, run_after=2024-09-12 00:00:00+00:00
[2024-09-12T15:01:46.909+0000] {logging_mixin.py:190} INFO - [2024-09-12T15:01:46.881+0000] {dag.py:4138} INFO - Setting next_dagrun for example_branch_datetime_operator_2 to 2024-09-11 00:00:00+00:00, run_after=2024-09-12 00:00:00+00:00
[2024-09-12T15:01:46.951+0000] {logging_mixin.py:190} INFO - [2024-09-12T15:01:46.951+0000] {dag.py:4138} INFO - Setting next_dagrun for example_branch_datetime_operator_3 to 2024-09-11 00:00:00+00:00, run_after=2024-09-12 00:00:00+00:00
[2024-09-12T15:01:47.116+0000] {processor.py:208} INFO - Processing /home/airflow/.local/lib/python3.12/site-packages/airflow/example_dags/example_branch_datetime_operator.py took 1.232 seconds
[2024-09-12T15:02:43.243+0000] {processor.py:186} INFO - Started process (PID=353) to work on /home/airflow/.local/lib/python3.12/site-packages/airflow/example_dags/example_branch_datetime_operator.py
[2024-09-12T15:02:43.400+0000] {processor.py:914} INFO - Processing file /home/airflow/.local/lib/python3.12/site-packages/airflow/example_dags/example_branch_datetime_operator.py for tasks to queue
[2024-09-12T15:02:43.530+0000] {logging_mixin.py:190} INFO - [2024-09-12T15:02:43.529+0000] {dagbag.py:587} INFO - Filling up the DagBag from /home/airflow/.local/lib/python3.12/site-packages/airflow/example_dags/example_branch_datetime_operator.py
[2024-09-12T15:02:44.411+0000] {processor.py:925} INFO - DAG(s) 'example_branch_datetime_operator_3', 'example_branch_datetime_operator_2', 'example_branch_datetime_operator' retrieved from /home/airflow/.local/lib/python3.12/site-packages/airflow/example_dags/example_branch_datetime_operator.py
[2024-09-12T15:02:45.407+0000] {logging_mixin.py:190} INFO - [2024-09-12T15:02:45.406+0000] {dag.py:3211} INFO - Sync 3 DAGs
[2024-09-12T15:02:46.198+0000] {logging_mixin.py:190} INFO - [2024-09-12T15:02:46.197+0000] {dag.py:4138} INFO - Setting next_dagrun for example_branch_datetime_operator to 2024-09-11 00:00:00+00:00, run_after=2024-09-12 00:00:00+00:00
[2024-09-12T15:02:46.532+0000] {logging_mixin.py:190} INFO - [2024-09-12T15:02:46.532+0000] {dag.py:4138} INFO - Setting next_dagrun for example_branch_datetime_operator_2 to 2024-09-11 00:00:00+00:00, run_after=2024-09-12 00:00:00+00:00
[2024-09-12T15:02:46.772+0000] {logging_mixin.py:190} INFO - [2024-09-12T15:02:46.771+0000] {dag.py:4138} INFO - Setting next_dagrun for example_branch_datetime_operator_3 to 2024-09-11 00:00:00+00:00, run_after=2024-09-12 00:00:00+00:00
[2024-09-12T15:02:47.928+0000] {processor.py:208} INFO - Processing /home/airflow/.local/lib/python3.12/site-packages/airflow/example_dags/example_branch_datetime_operator.py took 4.798 seconds
[2024-09-12T15:03:59.784+0000] {processor.py:186} INFO - Started process (PID=406) to work on /home/airflow/.local/lib/python3.12/site-packages/airflow/example_dags/example_branch_datetime_operator.py
[2024-09-12T15:03:59.805+0000] {processor.py:914} INFO - Processing file /home/airflow/.local/lib/python3.12/site-packages/airflow/example_dags/example_branch_datetime_operator.py for tasks to queue
[2024-09-12T15:03:59.822+0000] {logging_mixin.py:190} INFO - [2024-09-12T15:03:59.822+0000] {dagbag.py:587} INFO - Filling up the DagBag from /home/airflow/.local/lib/python3.12/site-packages/airflow/example_dags/example_branch_datetime_operator.py
[2024-09-12T15:03:59.976+0000] {processor.py:925} INFO - DAG(s) 'example_branch_datetime_operator', 'example_branch_datetime_operator_3', 'example_branch_datetime_operator_2' retrieved from /home/airflow/.local/lib/python3.12/site-packages/airflow/example_dags/example_branch_datetime_operator.py
[2024-09-12T15:04:00.413+0000] {logging_mixin.py:190} INFO - [2024-09-12T15:04:00.412+0000] {dag.py:3211} INFO - Sync 3 DAGs
[2024-09-12T15:04:00.889+0000] {logging_mixin.py:190} INFO - [2024-09-12T15:04:00.877+0000] {dag.py:4138} INFO - Setting next_dagrun for example_branch_datetime_operator to 2024-09-11 00:00:00+00:00, run_after=2024-09-12 00:00:00+00:00
[2024-09-12T15:04:00.952+0000] {logging_mixin.py:190} INFO - [2024-09-12T15:04:00.952+0000] {dag.py:4138} INFO - Setting next_dagrun for example_branch_datetime_operator_2 to 2024-09-11 00:00:00+00:00, run_after=2024-09-12 00:00:00+00:00
[2024-09-12T15:04:01.016+0000] {logging_mixin.py:190} INFO - [2024-09-12T15:04:00.987+0000] {dag.py:4138} INFO - Setting next_dagrun for example_branch_datetime_operator_3 to 2024-09-11 00:00:00+00:00, run_after=2024-09-12 00:00:00+00:00
[2024-09-12T15:04:01.334+0000] {processor.py:208} INFO - Processing /home/airflow/.local/lib/python3.12/site-packages/airflow/example_dags/example_branch_datetime_operator.py took 1.642 seconds
[2024-09-12T15:04:50.164+0000] {processor.py:186} INFO - Started process (PID=472) to work on /home/airflow/.local/lib/python3.12/site-packages/airflow/example_dags/example_branch_datetime_operator.py
[2024-09-12T15:04:50.177+0000] {processor.py:914} INFO - Processing file /home/airflow/.local/lib/python3.12/site-packages/airflow/example_dags/example_branch_datetime_operator.py for tasks to queue
[2024-09-12T15:04:50.180+0000] {logging_mixin.py:190} INFO - [2024-09-12T15:04:50.180+0000] {dagbag.py:587} INFO - Filling up the DagBag from /home/airflow/.local/lib/python3.12/site-packages/airflow/example_dags/example_branch_datetime_operator.py
[2024-09-12T15:04:50.301+0000] {processor.py:925} INFO - DAG(s) 'example_branch_datetime_operator_3', 'example_branch_datetime_operator_2', 'example_branch_datetime_operator' retrieved from /home/airflow/.local/lib/python3.12/site-packages/airflow/example_dags/example_branch_datetime_operator.py
[2024-09-12T15:04:50.700+0000] {logging_mixin.py:190} INFO - [2024-09-12T15:04:50.699+0000] {dag.py:3211} INFO - Sync 3 DAGs
[2024-09-12T15:04:50.937+0000] {logging_mixin.py:190} INFO - [2024-09-12T15:04:50.934+0000] {dag.py:4138} INFO - Setting next_dagrun for example_branch_datetime_operator to 2024-09-11 00:00:00+00:00, run_after=2024-09-12 00:00:00+00:00
[2024-09-12T15:04:51.012+0000] {logging_mixin.py:190} INFO - [2024-09-12T15:04:51.012+0000] {dag.py:4138} INFO - Setting next_dagrun for example_branch_datetime_operator_2 to 2024-09-11 00:00:00+00:00, run_after=2024-09-12 00:00:00+00:00
[2024-09-12T15:04:51.038+0000] {logging_mixin.py:190} INFO - [2024-09-12T15:04:51.037+0000] {dag.py:4138} INFO - Setting next_dagrun for example_branch_datetime_operator_3 to 2024-09-11 00:00:00+00:00, run_after=2024-09-12 00:00:00+00:00
[2024-09-12T15:04:51.198+0000] {processor.py:208} INFO - Processing /home/airflow/.local/lib/python3.12/site-packages/airflow/example_dags/example_branch_datetime_operator.py took 1.077 seconds
[2024-09-12T15:05:46.926+0000] {processor.py:186} INFO - Started process (PID=533) to work on /home/airflow/.local/lib/python3.12/site-packages/airflow/example_dags/example_branch_datetime_operator.py
[2024-09-12T15:05:46.942+0000] {processor.py:914} INFO - Processing file /home/airflow/.local/lib/python3.12/site-packages/airflow/example_dags/example_branch_datetime_operator.py for tasks to queue
[2024-09-12T15:05:46.954+0000] {logging_mixin.py:190} INFO - [2024-09-12T15:05:46.954+0000] {dagbag.py:587} INFO - Filling up the DagBag from /home/airflow/.local/lib/python3.12/site-packages/airflow/example_dags/example_branch_datetime_operator.py
[2024-09-12T15:05:47.079+0000] {processor.py:925} INFO - DAG(s) 'example_branch_datetime_operator_2', 'example_branch_datetime_operator_3', 'example_branch_datetime_operator' retrieved from /home/airflow/.local/lib/python3.12/site-packages/airflow/example_dags/example_branch_datetime_operator.py
[2024-09-12T15:05:47.400+0000] {logging_mixin.py:190} INFO - [2024-09-12T15:05:47.400+0000] {dag.py:3211} INFO - Sync 3 DAGs
[2024-09-12T15:05:47.841+0000] {logging_mixin.py:190} INFO - [2024-09-12T15:05:47.840+0000] {dag.py:4138} INFO - Setting next_dagrun for example_branch_datetime_operator to 2024-09-11 00:00:00+00:00, run_after=2024-09-12 00:00:00+00:00
[2024-09-12T15:05:47.901+0000] {logging_mixin.py:190} INFO - [2024-09-12T15:05:47.901+0000] {dag.py:4138} INFO - Setting next_dagrun for example_branch_datetime_operator_2 to 2024-09-11 00:00:00+00:00, run_after=2024-09-12 00:00:00+00:00
[2024-09-12T15:05:47.927+0000] {logging_mixin.py:190} INFO - [2024-09-12T15:05:47.927+0000] {dag.py:4138} INFO - Setting next_dagrun for example_branch_datetime_operator_3 to 2024-09-11 00:00:00+00:00, run_after=2024-09-12 00:00:00+00:00
[2024-09-12T15:05:48.194+0000] {processor.py:208} INFO - Processing /home/airflow/.local/lib/python3.12/site-packages/airflow/example_dags/example_branch_datetime_operator.py took 1.286 seconds
[2024-09-12T15:06:40.522+0000] {processor.py:186} INFO - Started process (PID=605) to work on /home/airflow/.local/lib/python3.12/site-packages/airflow/example_dags/example_branch_datetime_operator.py
[2024-09-12T15:06:40.568+0000] {processor.py:914} INFO - Processing file /home/airflow/.local/lib/python3.12/site-packages/airflow/example_dags/example_branch_datetime_operator.py for tasks to queue
[2024-09-12T15:06:40.663+0000] {logging_mixin.py:190} INFO - [2024-09-12T15:06:40.662+0000] {dagbag.py:587} INFO - Filling up the DagBag from /home/airflow/.local/lib/python3.12/site-packages/airflow/example_dags/example_branch_datetime_operator.py
[2024-09-12T15:06:40.911+0000] {processor.py:925} INFO - DAG(s) 'example_branch_datetime_operator', 'example_branch_datetime_operator_2', 'example_branch_datetime_operator_3' retrieved from /home/airflow/.local/lib/python3.12/site-packages/airflow/example_dags/example_branch_datetime_operator.py
[2024-09-12T15:06:41.293+0000] {logging_mixin.py:190} INFO - [2024-09-12T15:06:41.293+0000] {dag.py:3211} INFO - Sync 3 DAGs
[2024-09-12T15:06:41.599+0000] {logging_mixin.py:190} INFO - [2024-09-12T15:06:41.598+0000] {dag.py:4138} INFO - Setting next_dagrun for example_branch_datetime_operator to 2024-09-11 00:00:00+00:00, run_after=2024-09-12 00:00:00+00:00
[2024-09-12T15:06:41.656+0000] {logging_mixin.py:190} INFO - [2024-09-12T15:06:41.637+0000] {dag.py:4138} INFO - Setting next_dagrun for example_branch_datetime_operator_2 to 2024-09-11 00:00:00+00:00, run_after=2024-09-12 00:00:00+00:00
[2024-09-12T15:06:41.692+0000] {logging_mixin.py:190} INFO - [2024-09-12T15:06:41.671+0000] {dag.py:4138} INFO - Setting next_dagrun for example_branch_datetime_operator_3 to 2024-09-11 00:00:00+00:00, run_after=2024-09-12 00:00:00+00:00
[2024-09-12T15:06:42.172+0000] {processor.py:208} INFO - Processing /home/airflow/.local/lib/python3.12/site-packages/airflow/example_dags/example_branch_datetime_operator.py took 1.759 seconds
[2024-09-12T15:07:47.179+0000] {processor.py:186} INFO - Started process (PID=669) to work on /home/airflow/.local/lib/python3.12/site-packages/airflow/example_dags/example_branch_datetime_operator.py
[2024-09-12T15:07:47.186+0000] {processor.py:914} INFO - Processing file /home/airflow/.local/lib/python3.12/site-packages/airflow/example_dags/example_branch_datetime_operator.py for tasks to queue
[2024-09-12T15:07:47.216+0000] {logging_mixin.py:190} INFO - [2024-09-12T15:07:47.215+0000] {dagbag.py:587} INFO - Filling up the DagBag from /home/airflow/.local/lib/python3.12/site-packages/airflow/example_dags/example_branch_datetime_operator.py
[2024-09-12T15:07:47.363+0000] {processor.py:925} INFO - DAG(s) 'example_branch_datetime_operator_2', 'example_branch_datetime_operator', 'example_branch_datetime_operator_3' retrieved from /home/airflow/.local/lib/python3.12/site-packages/airflow/example_dags/example_branch_datetime_operator.py
[2024-09-12T15:07:47.719+0000] {logging_mixin.py:190} INFO - [2024-09-12T15:07:47.719+0000] {dag.py:3211} INFO - Sync 3 DAGs
[2024-09-12T15:07:47.960+0000] {logging_mixin.py:190} INFO - [2024-09-12T15:07:47.960+0000] {dag.py:4138} INFO - Setting next_dagrun for example_branch_datetime_operator to 2024-09-11 00:00:00+00:00, run_after=2024-09-12 00:00:00+00:00
[2024-09-12T15:07:48.007+0000] {logging_mixin.py:190} INFO - [2024-09-12T15:07:48.007+0000] {dag.py:4138} INFO - Setting next_dagrun for example_branch_datetime_operator_2 to 2024-09-11 00:00:00+00:00, run_after=2024-09-12 00:00:00+00:00
[2024-09-12T15:07:48.042+0000] {logging_mixin.py:190} INFO - [2024-09-12T15:07:48.033+0000] {dag.py:4138} INFO - Setting next_dagrun for example_branch_datetime_operator_3 to 2024-09-11 00:00:00+00:00, run_after=2024-09-12 00:00:00+00:00
[2024-09-12T15:07:48.246+0000] {processor.py:208} INFO - Processing /home/airflow/.local/lib/python3.12/site-packages/airflow/example_dags/example_branch_datetime_operator.py took 1.179 seconds
[2024-09-12T15:09:17.071+0000] {processor.py:186} INFO - Started process (PID=758) to work on /home/airflow/.local/lib/python3.12/site-packages/airflow/example_dags/example_branch_datetime_operator.py
[2024-09-12T15:09:17.132+0000] {processor.py:914} INFO - Processing file /home/airflow/.local/lib/python3.12/site-packages/airflow/example_dags/example_branch_datetime_operator.py for tasks to queue
[2024-09-12T15:09:17.214+0000] {logging_mixin.py:190} INFO - [2024-09-12T15:09:17.212+0000] {dagbag.py:587} INFO - Filling up the DagBag from /home/airflow/.local/lib/python3.12/site-packages/airflow/example_dags/example_branch_datetime_operator.py
[2024-09-12T15:09:17.629+0000] {processor.py:925} INFO - DAG(s) 'example_branch_datetime_operator_3', 'example_branch_datetime_operator_2', 'example_branch_datetime_operator' retrieved from /home/airflow/.local/lib/python3.12/site-packages/airflow/example_dags/example_branch_datetime_operator.py
[2024-09-12T15:09:18.286+0000] {logging_mixin.py:190} INFO - [2024-09-12T15:09:18.273+0000] {dag.py:3211} INFO - Sync 3 DAGs
[2024-09-12T15:09:18.543+0000] {logging_mixin.py:190} INFO - [2024-09-12T15:09:18.542+0000] {dag.py:4138} INFO - Setting next_dagrun for example_branch_datetime_operator to 2024-09-11 00:00:00+00:00, run_after=2024-09-12 00:00:00+00:00
[2024-09-12T15:09:18.578+0000] {logging_mixin.py:190} INFO - [2024-09-12T15:09:18.578+0000] {dag.py:4138} INFO - Setting next_dagrun for example_branch_datetime_operator_2 to 2024-09-11 00:00:00+00:00, run_after=2024-09-12 00:00:00+00:00
[2024-09-12T15:09:18.597+0000] {logging_mixin.py:190} INFO - [2024-09-12T15:09:18.596+0000] {dag.py:4138} INFO - Setting next_dagrun for example_branch_datetime_operator_3 to 2024-09-11 00:00:00+00:00, run_after=2024-09-12 00:00:00+00:00
[2024-09-12T15:09:18.736+0000] {processor.py:208} INFO - Processing /home/airflow/.local/lib/python3.12/site-packages/airflow/example_dags/example_branch_datetime_operator.py took 1.920 seconds
[2024-09-12T15:10:15.910+0000] {processor.py:186} INFO - Started process (PID=828) to work on /home/airflow/.local/lib/python3.12/site-packages/airflow/example_dags/example_branch_datetime_operator.py
[2024-09-12T15:10:15.912+0000] {processor.py:914} INFO - Processing file /home/airflow/.local/lib/python3.12/site-packages/airflow/example_dags/example_branch_datetime_operator.py for tasks to queue
[2024-09-12T15:10:15.926+0000] {logging_mixin.py:190} INFO - [2024-09-12T15:10:15.925+0000] {dagbag.py:587} INFO - Filling up the DagBag from /home/airflow/.local/lib/python3.12/site-packages/airflow/example_dags/example_branch_datetime_operator.py
[2024-09-12T15:10:16.308+0000] {processor.py:925} INFO - DAG(s) 'example_branch_datetime_operator_2', 'example_branch_datetime_operator', 'example_branch_datetime_operator_3' retrieved from /home/airflow/.local/lib/python3.12/site-packages/airflow/example_dags/example_branch_datetime_operator.py
[2024-09-12T15:10:16.690+0000] {logging_mixin.py:190} INFO - [2024-09-12T15:10:16.690+0000] {dag.py:3211} INFO - Sync 3 DAGs
[2024-09-12T15:10:17.090+0000] {logging_mixin.py:190} INFO - [2024-09-12T15:10:17.089+0000] {dag.py:4138} INFO - Setting next_dagrun for example_branch_datetime_operator to 2024-09-11 00:00:00+00:00, run_after=2024-09-12 00:00:00+00:00
[2024-09-12T15:10:17.223+0000] {logging_mixin.py:190} INFO - [2024-09-12T15:10:17.223+0000] {dag.py:4138} INFO - Setting next_dagrun for example_branch_datetime_operator_2 to 2024-09-11 00:00:00+00:00, run_after=2024-09-12 00:00:00+00:00
[2024-09-12T15:10:17.240+0000] {logging_mixin.py:190} INFO - [2024-09-12T15:10:17.240+0000] {dag.py:4138} INFO - Setting next_dagrun for example_branch_datetime_operator_3 to 2024-09-11 00:00:00+00:00, run_after=2024-09-12 00:00:00+00:00
[2024-09-12T15:10:17.380+0000] {processor.py:208} INFO - Processing /home/airflow/.local/lib/python3.12/site-packages/airflow/example_dags/example_branch_datetime_operator.py took 1.576 seconds
[2024-09-12T15:11:13.358+0000] {processor.py:186} INFO - Started process (PID=903) to work on /home/airflow/.local/lib/python3.12/site-packages/airflow/example_dags/example_branch_datetime_operator.py
[2024-09-12T15:11:13.390+0000] {processor.py:914} INFO - Processing file /home/airflow/.local/lib/python3.12/site-packages/airflow/example_dags/example_branch_datetime_operator.py for tasks to queue
[2024-09-12T15:11:13.397+0000] {logging_mixin.py:190} INFO - [2024-09-12T15:11:13.396+0000] {dagbag.py:587} INFO - Filling up the DagBag from /home/airflow/.local/lib/python3.12/site-packages/airflow/example_dags/example_branch_datetime_operator.py
[2024-09-12T15:11:13.508+0000] {processor.py:925} INFO - DAG(s) 'example_branch_datetime_operator_3', 'example_branch_datetime_operator_2', 'example_branch_datetime_operator' retrieved from /home/airflow/.local/lib/python3.12/site-packages/airflow/example_dags/example_branch_datetime_operator.py
[2024-09-12T15:11:13.819+0000] {logging_mixin.py:190} INFO - [2024-09-12T15:11:13.819+0000] {dag.py:3211} INFO - Sync 3 DAGs
[2024-09-12T15:11:14.350+0000] {logging_mixin.py:190} INFO - [2024-09-12T15:11:14.349+0000] {dag.py:4138} INFO - Setting next_dagrun for example_branch_datetime_operator to 2024-09-11 00:00:00+00:00, run_after=2024-09-12 00:00:00+00:00
[2024-09-12T15:11:14.406+0000] {logging_mixin.py:190} INFO - [2024-09-12T15:11:14.405+0000] {dag.py:4138} INFO - Setting next_dagrun for example_branch_datetime_operator_2 to 2024-09-11 00:00:00+00:00, run_after=2024-09-12 00:00:00+00:00
[2024-09-12T15:11:14.425+0000] {logging_mixin.py:190} INFO - [2024-09-12T15:11:14.425+0000] {dag.py:4138} INFO - Setting next_dagrun for example_branch_datetime_operator_3 to 2024-09-11 00:00:00+00:00, run_after=2024-09-12 00:00:00+00:00
[2024-09-12T15:11:14.605+0000] {processor.py:208} INFO - Processing /home/airflow/.local/lib/python3.12/site-packages/airflow/example_dags/example_branch_datetime_operator.py took 1.290 seconds
[2024-09-12T15:15:00.960+0000] {processor.py:186} INFO - Started process (PID=88) to work on /home/airflow/.local/lib/python3.12/site-packages/airflow/example_dags/example_branch_datetime_operator.py
[2024-09-12T15:15:00.972+0000] {processor.py:914} INFO - Processing file /home/airflow/.local/lib/python3.12/site-packages/airflow/example_dags/example_branch_datetime_operator.py for tasks to queue
[2024-09-12T15:15:00.990+0000] {logging_mixin.py:190} INFO - [2024-09-12T15:15:00.989+0000] {dagbag.py:587} INFO - Filling up the DagBag from /home/airflow/.local/lib/python3.12/site-packages/airflow/example_dags/example_branch_datetime_operator.py
[2024-09-12T15:15:01.146+0000] {processor.py:925} INFO - DAG(s) 'example_branch_datetime_operator_2', 'example_branch_datetime_operator', 'example_branch_datetime_operator_3' retrieved from /home/airflow/.local/lib/python3.12/site-packages/airflow/example_dags/example_branch_datetime_operator.py
[2024-09-12T15:15:01.489+0000] {logging_mixin.py:190} INFO - [2024-09-12T15:15:01.489+0000] {dag.py:3211} INFO - Sync 3 DAGs
[2024-09-12T15:15:01.714+0000] {logging_mixin.py:190} INFO - [2024-09-12T15:15:01.713+0000] {dag.py:4138} INFO - Setting next_dagrun for example_branch_datetime_operator to 2024-09-11 00:00:00+00:00, run_after=2024-09-12 00:00:00+00:00
[2024-09-12T15:15:01.746+0000] {logging_mixin.py:190} INFO - [2024-09-12T15:15:01.746+0000] {dag.py:4138} INFO - Setting next_dagrun for example_branch_datetime_operator_2 to 2024-09-11 00:00:00+00:00, run_after=2024-09-12 00:00:00+00:00
[2024-09-12T15:15:01.764+0000] {logging_mixin.py:190} INFO - [2024-09-12T15:15:01.763+0000] {dag.py:4138} INFO - Setting next_dagrun for example_branch_datetime_operator_3 to 2024-09-11 00:00:00+00:00, run_after=2024-09-12 00:00:00+00:00
[2024-09-12T15:15:01.946+0000] {processor.py:208} INFO - Processing /home/airflow/.local/lib/python3.12/site-packages/airflow/example_dags/example_branch_datetime_operator.py took 1.053 seconds
[2024-09-12T15:15:55.913+0000] {processor.py:186} INFO - Started process (PID=159) to work on /home/airflow/.local/lib/python3.12/site-packages/airflow/example_dags/example_branch_datetime_operator.py
[2024-09-12T15:15:55.927+0000] {processor.py:914} INFO - Processing file /home/airflow/.local/lib/python3.12/site-packages/airflow/example_dags/example_branch_datetime_operator.py for tasks to queue
[2024-09-12T15:15:55.965+0000] {logging_mixin.py:190} INFO - [2024-09-12T15:15:55.959+0000] {dagbag.py:587} INFO - Filling up the DagBag from /home/airflow/.local/lib/python3.12/site-packages/airflow/example_dags/example_branch_datetime_operator.py
[2024-09-12T15:15:56.120+0000] {processor.py:925} INFO - DAG(s) 'example_branch_datetime_operator', 'example_branch_datetime_operator_3', 'example_branch_datetime_operator_2' retrieved from /home/airflow/.local/lib/python3.12/site-packages/airflow/example_dags/example_branch_datetime_operator.py
[2024-09-12T15:15:56.575+0000] {logging_mixin.py:190} INFO - [2024-09-12T15:15:56.574+0000] {dag.py:3211} INFO - Sync 3 DAGs
[2024-09-12T15:15:56.773+0000] {logging_mixin.py:190} INFO - [2024-09-12T15:15:56.772+0000] {dag.py:4138} INFO - Setting next_dagrun for example_branch_datetime_operator to 2024-09-11 00:00:00+00:00, run_after=2024-09-12 00:00:00+00:00
[2024-09-12T15:15:56.837+0000] {logging_mixin.py:190} INFO - [2024-09-12T15:15:56.837+0000] {dag.py:4138} INFO - Setting next_dagrun for example_branch_datetime_operator_2 to 2024-09-11 00:00:00+00:00, run_after=2024-09-12 00:00:00+00:00
[2024-09-12T15:15:56.854+0000] {logging_mixin.py:190} INFO - [2024-09-12T15:15:56.854+0000] {dag.py:4138} INFO - Setting next_dagrun for example_branch_datetime_operator_3 to 2024-09-11 00:00:00+00:00, run_after=2024-09-12 00:00:00+00:00
[2024-09-12T15:15:56.970+0000] {processor.py:208} INFO - Processing /home/airflow/.local/lib/python3.12/site-packages/airflow/example_dags/example_branch_datetime_operator.py took 1.137 seconds
[2024-09-12T15:17:00.301+0000] {processor.py:186} INFO - Started process (PID=220) to work on /home/airflow/.local/lib/python3.12/site-packages/airflow/example_dags/example_branch_datetime_operator.py
[2024-09-12T15:17:00.331+0000] {processor.py:914} INFO - Processing file /home/airflow/.local/lib/python3.12/site-packages/airflow/example_dags/example_branch_datetime_operator.py for tasks to queue
[2024-09-12T15:17:00.351+0000] {logging_mixin.py:190} INFO - [2024-09-12T15:17:00.351+0000] {dagbag.py:587} INFO - Filling up the DagBag from /home/airflow/.local/lib/python3.12/site-packages/airflow/example_dags/example_branch_datetime_operator.py
[2024-09-12T15:17:00.482+0000] {processor.py:925} INFO - DAG(s) 'example_branch_datetime_operator_2', 'example_branch_datetime_operator_3', 'example_branch_datetime_operator' retrieved from /home/airflow/.local/lib/python3.12/site-packages/airflow/example_dags/example_branch_datetime_operator.py
[2024-09-12T15:17:00.683+0000] {logging_mixin.py:190} INFO - [2024-09-12T15:17:00.682+0000] {dag.py:3211} INFO - Sync 3 DAGs
[2024-09-12T15:17:01.088+0000] {logging_mixin.py:190} INFO - [2024-09-12T15:17:01.087+0000] {dag.py:4138} INFO - Setting next_dagrun for example_branch_datetime_operator to 2024-09-11 00:00:00+00:00, run_after=2024-09-12 00:00:00+00:00
[2024-09-12T15:17:01.157+0000] {logging_mixin.py:190} INFO - [2024-09-12T15:17:01.156+0000] {dag.py:4138} INFO - Setting next_dagrun for example_branch_datetime_operator_2 to 2024-09-11 00:00:00+00:00, run_after=2024-09-12 00:00:00+00:00
[2024-09-12T15:17:01.292+0000] {logging_mixin.py:190} INFO - [2024-09-12T15:17:01.292+0000] {dag.py:4138} INFO - Setting next_dagrun for example_branch_datetime_operator_3 to 2024-09-11 00:00:00+00:00, run_after=2024-09-12 00:00:00+00:00
[2024-09-12T15:17:01.591+0000] {processor.py:208} INFO - Processing /home/airflow/.local/lib/python3.12/site-packages/airflow/example_dags/example_branch_datetime_operator.py took 1.308 seconds
[2024-09-12T15:17:36.096+0000] {processor.py:186} INFO - Started process (PID=264) to work on /home/airflow/.local/lib/python3.12/site-packages/airflow/example_dags/example_branch_datetime_operator.py
[2024-09-12T15:17:36.102+0000] {processor.py:914} INFO - Processing file /home/airflow/.local/lib/python3.12/site-packages/airflow/example_dags/example_branch_datetime_operator.py for tasks to queue
[2024-09-12T15:17:36.120+0000] {logging_mixin.py:190} INFO - [2024-09-12T15:17:36.120+0000] {dagbag.py:587} INFO - Filling up the DagBag from /home/airflow/.local/lib/python3.12/site-packages/airflow/example_dags/example_branch_datetime_operator.py
[2024-09-12T15:17:36.224+0000] {processor.py:925} INFO - DAG(s) 'example_branch_datetime_operator_3', 'example_branch_datetime_operator', 'example_branch_datetime_operator_2' retrieved from /home/airflow/.local/lib/python3.12/site-packages/airflow/example_dags/example_branch_datetime_operator.py
[2024-09-12T15:17:36.523+0000] {logging_mixin.py:190} INFO - [2024-09-12T15:17:36.522+0000] {dag.py:3211} INFO - Sync 3 DAGs
[2024-09-12T15:17:36.767+0000] {logging_mixin.py:190} INFO - [2024-09-12T15:17:36.767+0000] {dag.py:4138} INFO - Setting next_dagrun for example_branch_datetime_operator to 2024-09-11 00:00:00+00:00, run_after=2024-09-12 00:00:00+00:00
[2024-09-12T15:17:36.831+0000] {logging_mixin.py:190} INFO - [2024-09-12T15:17:36.830+0000] {dag.py:4138} INFO - Setting next_dagrun for example_branch_datetime_operator_2 to 2024-09-11 00:00:00+00:00, run_after=2024-09-12 00:00:00+00:00
[2024-09-12T15:17:36.850+0000] {logging_mixin.py:190} INFO - [2024-09-12T15:17:36.849+0000] {dag.py:4138} INFO - Setting next_dagrun for example_branch_datetime_operator_3 to 2024-09-11 00:00:00+00:00, run_after=2024-09-12 00:00:00+00:00
[2024-09-12T15:17:37.125+0000] {processor.py:208} INFO - Processing /home/airflow/.local/lib/python3.12/site-packages/airflow/example_dags/example_branch_datetime_operator.py took 1.137 seconds
[2024-09-12T15:18:25.352+0000] {processor.py:186} INFO - Started process (PID=329) to work on /home/airflow/.local/lib/python3.12/site-packages/airflow/example_dags/example_branch_datetime_operator.py
[2024-09-12T15:18:25.355+0000] {processor.py:914} INFO - Processing file /home/airflow/.local/lib/python3.12/site-packages/airflow/example_dags/example_branch_datetime_operator.py for tasks to queue
[2024-09-12T15:18:25.402+0000] {logging_mixin.py:190} INFO - [2024-09-12T15:18:25.402+0000] {dagbag.py:587} INFO - Filling up the DagBag from /home/airflow/.local/lib/python3.12/site-packages/airflow/example_dags/example_branch_datetime_operator.py
[2024-09-12T15:18:25.509+0000] {processor.py:925} INFO - DAG(s) 'example_branch_datetime_operator_2', 'example_branch_datetime_operator', 'example_branch_datetime_operator_3' retrieved from /home/airflow/.local/lib/python3.12/site-packages/airflow/example_dags/example_branch_datetime_operator.py
[2024-09-12T15:18:25.835+0000] {logging_mixin.py:190} INFO - [2024-09-12T15:18:25.835+0000] {dag.py:3211} INFO - Sync 3 DAGs
[2024-09-12T15:18:26.076+0000] {logging_mixin.py:190} INFO - [2024-09-12T15:18:26.075+0000] {dag.py:4138} INFO - Setting next_dagrun for example_branch_datetime_operator to 2024-09-11 00:00:00+00:00, run_after=2024-09-12 00:00:00+00:00
[2024-09-12T15:18:26.112+0000] {logging_mixin.py:190} INFO - [2024-09-12T15:18:26.111+0000] {dag.py:4138} INFO - Setting next_dagrun for example_branch_datetime_operator_2 to 2024-09-11 00:00:00+00:00, run_after=2024-09-12 00:00:00+00:00
[2024-09-12T15:18:26.127+0000] {logging_mixin.py:190} INFO - [2024-09-12T15:18:26.126+0000] {dag.py:4138} INFO - Setting next_dagrun for example_branch_datetime_operator_3 to 2024-09-11 00:00:00+00:00, run_after=2024-09-12 00:00:00+00:00
[2024-09-12T15:18:26.266+0000] {processor.py:208} INFO - Processing /home/airflow/.local/lib/python3.12/site-packages/airflow/example_dags/example_branch_datetime_operator.py took 0.943 seconds
[2024-09-12T15:19:20.579+0000] {processor.py:186} INFO - Started process (PID=384) to work on /home/airflow/.local/lib/python3.12/site-packages/airflow/example_dags/example_branch_datetime_operator.py
[2024-09-12T15:19:20.582+0000] {processor.py:914} INFO - Processing file /home/airflow/.local/lib/python3.12/site-packages/airflow/example_dags/example_branch_datetime_operator.py for tasks to queue
[2024-09-12T15:19:20.599+0000] {logging_mixin.py:190} INFO - [2024-09-12T15:19:20.598+0000] {dagbag.py:587} INFO - Filling up the DagBag from /home/airflow/.local/lib/python3.12/site-packages/airflow/example_dags/example_branch_datetime_operator.py
[2024-09-12T15:19:20.865+0000] {processor.py:925} INFO - DAG(s) 'example_branch_datetime_operator_2', 'example_branch_datetime_operator_3', 'example_branch_datetime_operator' retrieved from /home/airflow/.local/lib/python3.12/site-packages/airflow/example_dags/example_branch_datetime_operator.py
[2024-09-12T15:19:21.410+0000] {logging_mixin.py:190} INFO - [2024-09-12T15:19:21.410+0000] {dag.py:3211} INFO - Sync 3 DAGs
[2024-09-12T15:19:21.756+0000] {logging_mixin.py:190} INFO - [2024-09-12T15:19:21.756+0000] {dag.py:4138} INFO - Setting next_dagrun for example_branch_datetime_operator to 2024-09-11 00:00:00+00:00, run_after=2024-09-12 00:00:00+00:00
[2024-09-12T15:19:21.803+0000] {logging_mixin.py:190} INFO - [2024-09-12T15:19:21.803+0000] {dag.py:4138} INFO - Setting next_dagrun for example_branch_datetime_operator_2 to 2024-09-11 00:00:00+00:00, run_after=2024-09-12 00:00:00+00:00
[2024-09-12T15:19:21.825+0000] {logging_mixin.py:190} INFO - [2024-09-12T15:19:21.821+0000] {dag.py:4138} INFO - Setting next_dagrun for example_branch_datetime_operator_3 to 2024-09-11 00:00:00+00:00, run_after=2024-09-12 00:00:00+00:00
[2024-09-12T15:19:21.975+0000] {processor.py:208} INFO - Processing /home/airflow/.local/lib/python3.12/site-packages/airflow/example_dags/example_branch_datetime_operator.py took 1.534 seconds
[2024-09-12T15:20:05.775+0000] {processor.py:186} INFO - Started process (PID=452) to work on /home/airflow/.local/lib/python3.12/site-packages/airflow/example_dags/example_branch_datetime_operator.py
[2024-09-12T15:20:05.791+0000] {processor.py:914} INFO - Processing file /home/airflow/.local/lib/python3.12/site-packages/airflow/example_dags/example_branch_datetime_operator.py for tasks to queue
[2024-09-12T15:20:05.830+0000] {logging_mixin.py:190} INFO - [2024-09-12T15:20:05.829+0000] {dagbag.py:587} INFO - Filling up the DagBag from /home/airflow/.local/lib/python3.12/site-packages/airflow/example_dags/example_branch_datetime_operator.py
[2024-09-12T15:20:06.022+0000] {processor.py:925} INFO - DAG(s) 'example_branch_datetime_operator_2', 'example_branch_datetime_operator', 'example_branch_datetime_operator_3' retrieved from /home/airflow/.local/lib/python3.12/site-packages/airflow/example_dags/example_branch_datetime_operator.py
[2024-09-12T15:20:06.559+0000] {logging_mixin.py:190} INFO - [2024-09-12T15:20:06.559+0000] {dag.py:3211} INFO - Sync 3 DAGs
[2024-09-12T15:20:07.291+0000] {logging_mixin.py:190} INFO - [2024-09-12T15:20:07.290+0000] {dag.py:4138} INFO - Setting next_dagrun for example_branch_datetime_operator to 2024-09-11 00:00:00+00:00, run_after=2024-09-12 00:00:00+00:00
[2024-09-12T15:20:07.437+0000] {logging_mixin.py:190} INFO - [2024-09-12T15:20:07.407+0000] {dag.py:4138} INFO - Setting next_dagrun for example_branch_datetime_operator_2 to 2024-09-11 00:00:00+00:00, run_after=2024-09-12 00:00:00+00:00
[2024-09-12T15:20:07.501+0000] {logging_mixin.py:190} INFO - [2024-09-12T15:20:07.500+0000] {dag.py:4138} INFO - Setting next_dagrun for example_branch_datetime_operator_3 to 2024-09-11 00:00:00+00:00, run_after=2024-09-12 00:00:00+00:00
[2024-09-12T15:20:07.930+0000] {processor.py:208} INFO - Processing /home/airflow/.local/lib/python3.12/site-packages/airflow/example_dags/example_branch_datetime_operator.py took 2.284 seconds
[2024-09-12T15:21:04.498+0000] {processor.py:186} INFO - Started process (PID=535) to work on /home/airflow/.local/lib/python3.12/site-packages/airflow/example_dags/example_branch_datetime_operator.py
[2024-09-12T15:21:04.527+0000] {processor.py:914} INFO - Processing file /home/airflow/.local/lib/python3.12/site-packages/airflow/example_dags/example_branch_datetime_operator.py for tasks to queue
[2024-09-12T15:21:04.569+0000] {logging_mixin.py:190} INFO - [2024-09-12T15:21:04.561+0000] {dagbag.py:587} INFO - Filling up the DagBag from /home/airflow/.local/lib/python3.12/site-packages/airflow/example_dags/example_branch_datetime_operator.py
[2024-09-12T15:21:04.715+0000] {processor.py:925} INFO - DAG(s) 'example_branch_datetime_operator', 'example_branch_datetime_operator_2', 'example_branch_datetime_operator_3' retrieved from /home/airflow/.local/lib/python3.12/site-packages/airflow/example_dags/example_branch_datetime_operator.py
[2024-09-12T15:21:05.267+0000] {logging_mixin.py:190} INFO - [2024-09-12T15:21:05.266+0000] {dag.py:3211} INFO - Sync 3 DAGs
[2024-09-12T15:21:05.561+0000] {logging_mixin.py:190} INFO - [2024-09-12T15:21:05.561+0000] {dag.py:4138} INFO - Setting next_dagrun for example_branch_datetime_operator to 2024-09-11 00:00:00+00:00, run_after=2024-09-12 00:00:00+00:00
[2024-09-12T15:21:05.657+0000] {logging_mixin.py:190} INFO - [2024-09-12T15:21:05.627+0000] {dag.py:4138} INFO - Setting next_dagrun for example_branch_datetime_operator_2 to 2024-09-11 00:00:00+00:00, run_after=2024-09-12 00:00:00+00:00
[2024-09-12T15:21:05.709+0000] {logging_mixin.py:190} INFO - [2024-09-12T15:21:05.708+0000] {dag.py:4138} INFO - Setting next_dagrun for example_branch_datetime_operator_3 to 2024-09-11 00:00:00+00:00, run_after=2024-09-12 00:00:00+00:00
[2024-09-12T15:21:06.086+0000] {processor.py:208} INFO - Processing /home/airflow/.local/lib/python3.12/site-packages/airflow/example_dags/example_branch_datetime_operator.py took 1.695 seconds
[2024-09-12T15:22:34.933+0000] {processor.py:186} INFO - Started process (PID=625) to work on /home/airflow/.local/lib/python3.12/site-packages/airflow/example_dags/example_branch_datetime_operator.py
[2024-09-12T15:22:34.997+0000] {processor.py:914} INFO - Processing file /home/airflow/.local/lib/python3.12/site-packages/airflow/example_dags/example_branch_datetime_operator.py for tasks to queue
[2024-09-12T15:22:35.015+0000] {logging_mixin.py:190} INFO - [2024-09-12T15:22:35.014+0000] {dagbag.py:587} INFO - Filling up the DagBag from /home/airflow/.local/lib/python3.12/site-packages/airflow/example_dags/example_branch_datetime_operator.py
[2024-09-12T15:22:35.297+0000] {processor.py:925} INFO - DAG(s) 'example_branch_datetime_operator_3', 'example_branch_datetime_operator_2', 'example_branch_datetime_operator' retrieved from /home/airflow/.local/lib/python3.12/site-packages/airflow/example_dags/example_branch_datetime_operator.py
[2024-09-12T15:22:35.462+0000] {logging_mixin.py:190} INFO - [2024-09-12T15:22:35.462+0000] {dag.py:3211} INFO - Sync 3 DAGs
[2024-09-12T15:22:35.703+0000] {logging_mixin.py:190} INFO - [2024-09-12T15:22:35.703+0000] {dag.py:4138} INFO - Setting next_dagrun for example_branch_datetime_operator to 2024-09-11 00:00:00+00:00, run_after=2024-09-12 00:00:00+00:00
[2024-09-12T15:22:35.761+0000] {logging_mixin.py:190} INFO - [2024-09-12T15:22:35.761+0000] {dag.py:4138} INFO - Setting next_dagrun for example_branch_datetime_operator_2 to 2024-09-11 00:00:00+00:00, run_after=2024-09-12 00:00:00+00:00
[2024-09-12T15:22:35.810+0000] {logging_mixin.py:190} INFO - [2024-09-12T15:22:35.799+0000] {dag.py:4138} INFO - Setting next_dagrun for example_branch_datetime_operator_3 to 2024-09-11 00:00:00+00:00, run_after=2024-09-12 00:00:00+00:00
[2024-09-12T15:22:36.027+0000] {processor.py:208} INFO - Processing /home/airflow/.local/lib/python3.12/site-packages/airflow/example_dags/example_branch_datetime_operator.py took 1.211 seconds
[2024-09-12T15:23:32.736+0000] {processor.py:186} INFO - Started process (PID=697) to work on /home/airflow/.local/lib/python3.12/site-packages/airflow/example_dags/example_branch_datetime_operator.py
[2024-09-12T15:23:32.768+0000] {processor.py:914} INFO - Processing file /home/airflow/.local/lib/python3.12/site-packages/airflow/example_dags/example_branch_datetime_operator.py for tasks to queue
[2024-09-12T15:23:32.784+0000] {logging_mixin.py:190} INFO - [2024-09-12T15:23:32.783+0000] {dagbag.py:587} INFO - Filling up the DagBag from /home/airflow/.local/lib/python3.12/site-packages/airflow/example_dags/example_branch_datetime_operator.py
[2024-09-12T15:23:32.981+0000] {processor.py:925} INFO - DAG(s) 'example_branch_datetime_operator', 'example_branch_datetime_operator_2', 'example_branch_datetime_operator_3' retrieved from /home/airflow/.local/lib/python3.12/site-packages/airflow/example_dags/example_branch_datetime_operator.py
[2024-09-12T15:23:33.279+0000] {logging_mixin.py:190} INFO - [2024-09-12T15:23:33.279+0000] {dag.py:3211} INFO - Sync 3 DAGs
[2024-09-12T15:23:33.548+0000] {logging_mixin.py:190} INFO - [2024-09-12T15:23:33.547+0000] {dag.py:4138} INFO - Setting next_dagrun for example_branch_datetime_operator to 2024-09-11 00:00:00+00:00, run_after=2024-09-12 00:00:00+00:00
[2024-09-12T15:23:33.589+0000] {logging_mixin.py:190} INFO - [2024-09-12T15:23:33.589+0000] {dag.py:4138} INFO - Setting next_dagrun for example_branch_datetime_operator_2 to 2024-09-11 00:00:00+00:00, run_after=2024-09-12 00:00:00+00:00
[2024-09-12T15:23:33.610+0000] {logging_mixin.py:190} INFO - [2024-09-12T15:23:33.610+0000] {dag.py:4138} INFO - Setting next_dagrun for example_branch_datetime_operator_3 to 2024-09-11 00:00:00+00:00, run_after=2024-09-12 00:00:00+00:00
[2024-09-12T15:23:33.700+0000] {processor.py:208} INFO - Processing /home/airflow/.local/lib/python3.12/site-packages/airflow/example_dags/example_branch_datetime_operator.py took 1.004 seconds
[2024-09-12T15:24:50.507+0000] {processor.py:186} INFO - Started process (PID=778) to work on /home/airflow/.local/lib/python3.12/site-packages/airflow/example_dags/example_branch_datetime_operator.py
[2024-09-12T15:24:50.558+0000] {processor.py:914} INFO - Processing file /home/airflow/.local/lib/python3.12/site-packages/airflow/example_dags/example_branch_datetime_operator.py for tasks to queue
[2024-09-12T15:24:50.669+0000] {logging_mixin.py:190} INFO - [2024-09-12T15:24:50.668+0000] {dagbag.py:587} INFO - Filling up the DagBag from /home/airflow/.local/lib/python3.12/site-packages/airflow/example_dags/example_branch_datetime_operator.py
[2024-09-12T15:24:51.044+0000] {processor.py:925} INFO - DAG(s) 'example_branch_datetime_operator', 'example_branch_datetime_operator_3', 'example_branch_datetime_operator_2' retrieved from /home/airflow/.local/lib/python3.12/site-packages/airflow/example_dags/example_branch_datetime_operator.py
[2024-09-12T15:24:51.459+0000] {logging_mixin.py:190} INFO - [2024-09-12T15:24:51.459+0000] {dag.py:3211} INFO - Sync 3 DAGs
[2024-09-12T15:24:52.362+0000] {logging_mixin.py:190} INFO - [2024-09-12T15:24:52.361+0000] {dag.py:4138} INFO - Setting next_dagrun for example_branch_datetime_operator to 2024-09-11 00:00:00+00:00, run_after=2024-09-12 00:00:00+00:00
[2024-09-12T15:24:52.583+0000] {logging_mixin.py:190} INFO - [2024-09-12T15:24:52.583+0000] {dag.py:4138} INFO - Setting next_dagrun for example_branch_datetime_operator_2 to 2024-09-11 00:00:00+00:00, run_after=2024-09-12 00:00:00+00:00
[2024-09-12T15:24:52.687+0000] {logging_mixin.py:190} INFO - [2024-09-12T15:24:52.687+0000] {dag.py:4138} INFO - Setting next_dagrun for example_branch_datetime_operator_3 to 2024-09-11 00:00:00+00:00, run_after=2024-09-12 00:00:00+00:00
[2024-09-12T15:24:53.188+0000] {processor.py:208} INFO - Processing /home/airflow/.local/lib/python3.12/site-packages/airflow/example_dags/example_branch_datetime_operator.py took 2.709 seconds
[2024-09-12T15:26:47.148+0000] {processor.py:186} INFO - Started process (PID=864) to work on /home/airflow/.local/lib/python3.12/site-packages/airflow/example_dags/example_branch_datetime_operator.py
[2024-09-12T15:26:47.164+0000] {processor.py:914} INFO - Processing file /home/airflow/.local/lib/python3.12/site-packages/airflow/example_dags/example_branch_datetime_operator.py for tasks to queue
[2024-09-12T15:26:47.182+0000] {logging_mixin.py:190} INFO - [2024-09-12T15:26:47.181+0000] {dagbag.py:587} INFO - Filling up the DagBag from /home/airflow/.local/lib/python3.12/site-packages/airflow/example_dags/example_branch_datetime_operator.py
[2024-09-12T15:26:47.326+0000] {processor.py:925} INFO - DAG(s) 'example_branch_datetime_operator_3', 'example_branch_datetime_operator', 'example_branch_datetime_operator_2' retrieved from /home/airflow/.local/lib/python3.12/site-packages/airflow/example_dags/example_branch_datetime_operator.py
[2024-09-12T15:26:47.637+0000] {logging_mixin.py:190} INFO - [2024-09-12T15:26:47.637+0000] {dag.py:3211} INFO - Sync 3 DAGs
[2024-09-12T15:26:47.909+0000] {logging_mixin.py:190} INFO - [2024-09-12T15:26:47.908+0000] {dag.py:4138} INFO - Setting next_dagrun for example_branch_datetime_operator to 2024-09-11 00:00:00+00:00, run_after=2024-09-12 00:00:00+00:00
[2024-09-12T15:26:47.942+0000] {logging_mixin.py:190} INFO - [2024-09-12T15:26:47.942+0000] {dag.py:4138} INFO - Setting next_dagrun for example_branch_datetime_operator_2 to 2024-09-11 00:00:00+00:00, run_after=2024-09-12 00:00:00+00:00
[2024-09-12T15:26:47.974+0000] {logging_mixin.py:190} INFO - [2024-09-12T15:26:47.971+0000] {dag.py:4138} INFO - Setting next_dagrun for example_branch_datetime_operator_3 to 2024-09-11 00:00:00+00:00, run_after=2024-09-12 00:00:00+00:00
[2024-09-12T15:26:48.292+0000] {processor.py:208} INFO - Processing /home/airflow/.local/lib/python3.12/site-packages/airflow/example_dags/example_branch_datetime_operator.py took 1.238 seconds
[2024-09-12T15:27:43.396+0000] {processor.py:186} INFO - Started process (PID=936) to work on /home/airflow/.local/lib/python3.12/site-packages/airflow/example_dags/example_branch_datetime_operator.py
[2024-09-12T15:27:43.428+0000] {processor.py:914} INFO - Processing file /home/airflow/.local/lib/python3.12/site-packages/airflow/example_dags/example_branch_datetime_operator.py for tasks to queue
[2024-09-12T15:27:43.478+0000] {logging_mixin.py:190} INFO - [2024-09-12T15:27:43.478+0000] {dagbag.py:587} INFO - Filling up the DagBag from /home/airflow/.local/lib/python3.12/site-packages/airflow/example_dags/example_branch_datetime_operator.py
[2024-09-12T15:27:43.620+0000] {processor.py:925} INFO - DAG(s) 'example_branch_datetime_operator_3', 'example_branch_datetime_operator', 'example_branch_datetime_operator_2' retrieved from /home/airflow/.local/lib/python3.12/site-packages/airflow/example_dags/example_branch_datetime_operator.py
[2024-09-12T15:27:43.917+0000] {logging_mixin.py:190} INFO - [2024-09-12T15:27:43.916+0000] {dag.py:3211} INFO - Sync 3 DAGs
[2024-09-12T15:27:44.101+0000] {logging_mixin.py:190} INFO - [2024-09-12T15:27:44.100+0000] {dag.py:4138} INFO - Setting next_dagrun for example_branch_datetime_operator to 2024-09-11 00:00:00+00:00, run_after=2024-09-12 00:00:00+00:00
[2024-09-12T15:27:44.134+0000] {logging_mixin.py:190} INFO - [2024-09-12T15:27:44.134+0000] {dag.py:4138} INFO - Setting next_dagrun for example_branch_datetime_operator_2 to 2024-09-11 00:00:00+00:00, run_after=2024-09-12 00:00:00+00:00
[2024-09-12T15:27:44.168+0000] {logging_mixin.py:190} INFO - [2024-09-12T15:27:44.167+0000] {dag.py:4138} INFO - Setting next_dagrun for example_branch_datetime_operator_3 to 2024-09-11 00:00:00+00:00, run_after=2024-09-12 00:00:00+00:00
[2024-09-12T15:27:44.286+0000] {processor.py:208} INFO - Processing /home/airflow/.local/lib/python3.12/site-packages/airflow/example_dags/example_branch_datetime_operator.py took 0.966 seconds
[2024-09-12T15:28:26.316+0000] {processor.py:186} INFO - Started process (PID=990) to work on /home/airflow/.local/lib/python3.12/site-packages/airflow/example_dags/example_branch_datetime_operator.py
[2024-09-12T15:28:26.319+0000] {processor.py:914} INFO - Processing file /home/airflow/.local/lib/python3.12/site-packages/airflow/example_dags/example_branch_datetime_operator.py for tasks to queue
[2024-09-12T15:28:26.337+0000] {logging_mixin.py:190} INFO - [2024-09-12T15:28:26.331+0000] {dagbag.py:587} INFO - Filling up the DagBag from /home/airflow/.local/lib/python3.12/site-packages/airflow/example_dags/example_branch_datetime_operator.py
[2024-09-12T15:28:26.428+0000] {processor.py:925} INFO - DAG(s) 'example_branch_datetime_operator_3', 'example_branch_datetime_operator', 'example_branch_datetime_operator_2' retrieved from /home/airflow/.local/lib/python3.12/site-packages/airflow/example_dags/example_branch_datetime_operator.py
[2024-09-12T15:28:26.658+0000] {logging_mixin.py:190} INFO - [2024-09-12T15:28:26.658+0000] {dag.py:3211} INFO - Sync 3 DAGs
[2024-09-12T15:28:26.984+0000] {logging_mixin.py:190} INFO - [2024-09-12T15:28:26.983+0000] {dag.py:4138} INFO - Setting next_dagrun for example_branch_datetime_operator to 2024-09-11 00:00:00+00:00, run_after=2024-09-12 00:00:00+00:00
[2024-09-12T15:28:27.096+0000] {logging_mixin.py:190} INFO - [2024-09-12T15:28:27.079+0000] {dag.py:4138} INFO - Setting next_dagrun for example_branch_datetime_operator_2 to 2024-09-11 00:00:00+00:00, run_after=2024-09-12 00:00:00+00:00
[2024-09-12T15:28:27.133+0000] {logging_mixin.py:190} INFO - [2024-09-12T15:28:27.132+0000] {dag.py:4138} INFO - Setting next_dagrun for example_branch_datetime_operator_3 to 2024-09-11 00:00:00+00:00, run_after=2024-09-12 00:00:00+00:00
[2024-09-12T15:28:27.368+0000] {processor.py:208} INFO - Processing /home/airflow/.local/lib/python3.12/site-packages/airflow/example_dags/example_branch_datetime_operator.py took 1.131 seconds
[2024-09-12T15:29:15.808+0000] {processor.py:186} INFO - Started process (PID=1060) to work on /home/airflow/.local/lib/python3.12/site-packages/airflow/example_dags/example_branch_datetime_operator.py
[2024-09-12T15:29:15.813+0000] {processor.py:914} INFO - Processing file /home/airflow/.local/lib/python3.12/site-packages/airflow/example_dags/example_branch_datetime_operator.py for tasks to queue
[2024-09-12T15:29:15.825+0000] {logging_mixin.py:190} INFO - [2024-09-12T15:29:15.824+0000] {dagbag.py:587} INFO - Filling up the DagBag from /home/airflow/.local/lib/python3.12/site-packages/airflow/example_dags/example_branch_datetime_operator.py
[2024-09-12T15:29:15.958+0000] {processor.py:925} INFO - DAG(s) 'example_branch_datetime_operator_3', 'example_branch_datetime_operator_2', 'example_branch_datetime_operator' retrieved from /home/airflow/.local/lib/python3.12/site-packages/airflow/example_dags/example_branch_datetime_operator.py
[2024-09-12T15:29:16.250+0000] {logging_mixin.py:190} INFO - [2024-09-12T15:29:16.250+0000] {dag.py:3211} INFO - Sync 3 DAGs
[2024-09-12T15:29:16.534+0000] {logging_mixin.py:190} INFO - [2024-09-12T15:29:16.533+0000] {dag.py:4138} INFO - Setting next_dagrun for example_branch_datetime_operator to 2024-09-11 00:00:00+00:00, run_after=2024-09-12 00:00:00+00:00
[2024-09-12T15:29:16.569+0000] {logging_mixin.py:190} INFO - [2024-09-12T15:29:16.568+0000] {dag.py:4138} INFO - Setting next_dagrun for example_branch_datetime_operator_2 to 2024-09-11 00:00:00+00:00, run_after=2024-09-12 00:00:00+00:00
[2024-09-12T15:29:16.595+0000] {logging_mixin.py:190} INFO - [2024-09-12T15:29:16.594+0000] {dag.py:4138} INFO - Setting next_dagrun for example_branch_datetime_operator_3 to 2024-09-11 00:00:00+00:00, run_after=2024-09-12 00:00:00+00:00
[2024-09-12T15:29:16.738+0000] {processor.py:208} INFO - Processing /home/airflow/.local/lib/python3.12/site-packages/airflow/example_dags/example_branch_datetime_operator.py took 0.968 seconds
[2024-09-12T15:31:02.517+0000] {processor.py:186} INFO - Started process (PID=1141) to work on /home/airflow/.local/lib/python3.12/site-packages/airflow/example_dags/example_branch_datetime_operator.py
[2024-09-12T15:31:02.546+0000] {processor.py:914} INFO - Processing file /home/airflow/.local/lib/python3.12/site-packages/airflow/example_dags/example_branch_datetime_operator.py for tasks to queue
[2024-09-12T15:31:02.567+0000] {logging_mixin.py:190} INFO - [2024-09-12T15:31:02.550+0000] {dagbag.py:587} INFO - Filling up the DagBag from /home/airflow/.local/lib/python3.12/site-packages/airflow/example_dags/example_branch_datetime_operator.py
[2024-09-12T15:31:02.758+0000] {processor.py:925} INFO - DAG(s) 'example_branch_datetime_operator_2', 'example_branch_datetime_operator_3', 'example_branch_datetime_operator' retrieved from /home/airflow/.local/lib/python3.12/site-packages/airflow/example_dags/example_branch_datetime_operator.py
[2024-09-12T15:31:03.452+0000] {logging_mixin.py:190} INFO - [2024-09-12T15:31:03.452+0000] {dag.py:3211} INFO - Sync 3 DAGs
[2024-09-12T15:31:03.887+0000] {logging_mixin.py:190} INFO - [2024-09-12T15:31:03.886+0000] {dag.py:4138} INFO - Setting next_dagrun for example_branch_datetime_operator to 2024-09-11 00:00:00+00:00, run_after=2024-09-12 00:00:00+00:00
[2024-09-12T15:31:03.937+0000] {logging_mixin.py:190} INFO - [2024-09-12T15:31:03.937+0000] {dag.py:4138} INFO - Setting next_dagrun for example_branch_datetime_operator_2 to 2024-09-11 00:00:00+00:00, run_after=2024-09-12 00:00:00+00:00
[2024-09-12T15:31:03.969+0000] {logging_mixin.py:190} INFO - [2024-09-12T15:31:03.969+0000] {dag.py:4138} INFO - Setting next_dagrun for example_branch_datetime_operator_3 to 2024-09-11 00:00:00+00:00, run_after=2024-09-12 00:00:00+00:00
[2024-09-12T15:31:04.323+0000] {processor.py:208} INFO - Processing /home/airflow/.local/lib/python3.12/site-packages/airflow/example_dags/example_branch_datetime_operator.py took 1.864 seconds
[2024-09-12T15:31:46.996+0000] {processor.py:186} INFO - Started process (PID=1201) to work on /home/airflow/.local/lib/python3.12/site-packages/airflow/example_dags/example_branch_datetime_operator.py
[2024-09-12T15:31:47.004+0000] {processor.py:914} INFO - Processing file /home/airflow/.local/lib/python3.12/site-packages/airflow/example_dags/example_branch_datetime_operator.py for tasks to queue
[2024-09-12T15:31:47.012+0000] {logging_mixin.py:190} INFO - [2024-09-12T15:31:47.011+0000] {dagbag.py:587} INFO - Filling up the DagBag from /home/airflow/.local/lib/python3.12/site-packages/airflow/example_dags/example_branch_datetime_operator.py
[2024-09-12T15:31:47.115+0000] {processor.py:925} INFO - DAG(s) 'example_branch_datetime_operator', 'example_branch_datetime_operator_3', 'example_branch_datetime_operator_2' retrieved from /home/airflow/.local/lib/python3.12/site-packages/airflow/example_dags/example_branch_datetime_operator.py
[2024-09-12T15:31:47.294+0000] {logging_mixin.py:190} INFO - [2024-09-12T15:31:47.293+0000] {dag.py:3211} INFO - Sync 3 DAGs
[2024-09-12T15:31:47.492+0000] {logging_mixin.py:190} INFO - [2024-09-12T15:31:47.491+0000] {dag.py:4138} INFO - Setting next_dagrun for example_branch_datetime_operator to 2024-09-11 00:00:00+00:00, run_after=2024-09-12 00:00:00+00:00
[2024-09-12T15:31:47.563+0000] {logging_mixin.py:190} INFO - [2024-09-12T15:31:47.563+0000] {dag.py:4138} INFO - Setting next_dagrun for example_branch_datetime_operator_2 to 2024-09-11 00:00:00+00:00, run_after=2024-09-12 00:00:00+00:00
[2024-09-12T15:31:47.589+0000] {logging_mixin.py:190} INFO - [2024-09-12T15:31:47.588+0000] {dag.py:4138} INFO - Setting next_dagrun for example_branch_datetime_operator_3 to 2024-09-11 00:00:00+00:00, run_after=2024-09-12 00:00:00+00:00
[2024-09-12T15:31:47.750+0000] {processor.py:208} INFO - Processing /home/airflow/.local/lib/python3.12/site-packages/airflow/example_dags/example_branch_datetime_operator.py took 0.805 seconds
[2024-09-12T15:32:30.395+0000] {processor.py:186} INFO - Started process (PID=1266) to work on /home/airflow/.local/lib/python3.12/site-packages/airflow/example_dags/example_branch_datetime_operator.py
[2024-09-12T15:32:30.413+0000] {processor.py:914} INFO - Processing file /home/airflow/.local/lib/python3.12/site-packages/airflow/example_dags/example_branch_datetime_operator.py for tasks to queue
[2024-09-12T15:32:30.421+0000] {logging_mixin.py:190} INFO - [2024-09-12T15:32:30.420+0000] {dagbag.py:587} INFO - Filling up the DagBag from /home/airflow/.local/lib/python3.12/site-packages/airflow/example_dags/example_branch_datetime_operator.py
[2024-09-12T15:32:30.524+0000] {processor.py:925} INFO - DAG(s) 'example_branch_datetime_operator_3', 'example_branch_datetime_operator', 'example_branch_datetime_operator_2' retrieved from /home/airflow/.local/lib/python3.12/site-packages/airflow/example_dags/example_branch_datetime_operator.py
[2024-09-12T15:32:30.902+0000] {logging_mixin.py:190} INFO - [2024-09-12T15:32:30.902+0000] {dag.py:3211} INFO - Sync 3 DAGs
[2024-09-12T15:32:31.147+0000] {logging_mixin.py:190} INFO - [2024-09-12T15:32:31.146+0000] {dag.py:4138} INFO - Setting next_dagrun for example_branch_datetime_operator to 2024-09-11 00:00:00+00:00, run_after=2024-09-12 00:00:00+00:00
[2024-09-12T15:32:31.256+0000] {logging_mixin.py:190} INFO - [2024-09-12T15:32:31.256+0000] {dag.py:4138} INFO - Setting next_dagrun for example_branch_datetime_operator_2 to 2024-09-11 00:00:00+00:00, run_after=2024-09-12 00:00:00+00:00
[2024-09-12T15:32:31.307+0000] {logging_mixin.py:190} INFO - [2024-09-12T15:32:31.306+0000] {dag.py:4138} INFO - Setting next_dagrun for example_branch_datetime_operator_3 to 2024-09-11 00:00:00+00:00, run_after=2024-09-12 00:00:00+00:00
[2024-09-12T15:32:31.413+0000] {processor.py:208} INFO - Processing /home/airflow/.local/lib/python3.12/site-packages/airflow/example_dags/example_branch_datetime_operator.py took 1.052 seconds
[2024-09-12T15:33:11.257+0000] {processor.py:186} INFO - Started process (PID=1309) to work on /home/airflow/.local/lib/python3.12/site-packages/airflow/example_dags/example_branch_datetime_operator.py
[2024-09-12T15:33:11.272+0000] {processor.py:914} INFO - Processing file /home/airflow/.local/lib/python3.12/site-packages/airflow/example_dags/example_branch_datetime_operator.py for tasks to queue
[2024-09-12T15:33:11.277+0000] {logging_mixin.py:190} INFO - [2024-09-12T15:33:11.277+0000] {dagbag.py:587} INFO - Filling up the DagBag from /home/airflow/.local/lib/python3.12/site-packages/airflow/example_dags/example_branch_datetime_operator.py
[2024-09-12T15:33:11.318+0000] {processor.py:925} INFO - DAG(s) 'example_branch_datetime_operator', 'example_branch_datetime_operator_3', 'example_branch_datetime_operator_2' retrieved from /home/airflow/.local/lib/python3.12/site-packages/airflow/example_dags/example_branch_datetime_operator.py
[2024-09-12T15:33:11.496+0000] {logging_mixin.py:190} INFO - [2024-09-12T15:33:11.495+0000] {dag.py:3211} INFO - Sync 3 DAGs
[2024-09-12T15:33:11.618+0000] {logging_mixin.py:190} INFO - [2024-09-12T15:33:11.618+0000] {dag.py:4138} INFO - Setting next_dagrun for example_branch_datetime_operator to 2024-09-11 00:00:00+00:00, run_after=2024-09-12 00:00:00+00:00
[2024-09-12T15:33:11.636+0000] {logging_mixin.py:190} INFO - [2024-09-12T15:33:11.635+0000] {dag.py:4138} INFO - Setting next_dagrun for example_branch_datetime_operator_2 to 2024-09-11 00:00:00+00:00, run_after=2024-09-12 00:00:00+00:00
[2024-09-12T15:33:11.652+0000] {logging_mixin.py:190} INFO - [2024-09-12T15:33:11.652+0000] {dag.py:4138} INFO - Setting next_dagrun for example_branch_datetime_operator_3 to 2024-09-11 00:00:00+00:00, run_after=2024-09-12 00:00:00+00:00
[2024-09-12T15:33:11.822+0000] {processor.py:208} INFO - Processing /home/airflow/.local/lib/python3.12/site-packages/airflow/example_dags/example_branch_datetime_operator.py took 0.611 seconds
[2024-09-12T15:33:53.377+0000] {processor.py:186} INFO - Started process (PID=1374) to work on /home/airflow/.local/lib/python3.12/site-packages/airflow/example_dags/example_branch_datetime_operator.py
[2024-09-12T15:33:53.393+0000] {processor.py:914} INFO - Processing file /home/airflow/.local/lib/python3.12/site-packages/airflow/example_dags/example_branch_datetime_operator.py for tasks to queue
[2024-09-12T15:33:53.411+0000] {logging_mixin.py:190} INFO - [2024-09-12T15:33:53.410+0000] {dagbag.py:587} INFO - Filling up the DagBag from /home/airflow/.local/lib/python3.12/site-packages/airflow/example_dags/example_branch_datetime_operator.py
[2024-09-12T15:33:53.605+0000] {processor.py:925} INFO - DAG(s) 'example_branch_datetime_operator_2', 'example_branch_datetime_operator', 'example_branch_datetime_operator_3' retrieved from /home/airflow/.local/lib/python3.12/site-packages/airflow/example_dags/example_branch_datetime_operator.py
[2024-09-12T15:33:54.013+0000] {logging_mixin.py:190} INFO - [2024-09-12T15:33:54.013+0000] {dag.py:3211} INFO - Sync 3 DAGs
[2024-09-12T15:33:54.142+0000] {logging_mixin.py:190} INFO - [2024-09-12T15:33:54.142+0000] {dag.py:4138} INFO - Setting next_dagrun for example_branch_datetime_operator to 2024-09-11 00:00:00+00:00, run_after=2024-09-12 00:00:00+00:00
[2024-09-12T15:33:54.163+0000] {logging_mixin.py:190} INFO - [2024-09-12T15:33:54.163+0000] {dag.py:4138} INFO - Setting next_dagrun for example_branch_datetime_operator_2 to 2024-09-11 00:00:00+00:00, run_after=2024-09-12 00:00:00+00:00
[2024-09-12T15:33:54.174+0000] {logging_mixin.py:190} INFO - [2024-09-12T15:33:54.170+0000] {dag.py:4138} INFO - Setting next_dagrun for example_branch_datetime_operator_3 to 2024-09-11 00:00:00+00:00, run_after=2024-09-12 00:00:00+00:00
[2024-09-12T15:33:54.236+0000] {processor.py:208} INFO - Processing /home/airflow/.local/lib/python3.12/site-packages/airflow/example_dags/example_branch_datetime_operator.py took 0.970 seconds
[2024-09-12T15:34:29.888+0000] {processor.py:186} INFO - Started process (PID=1441) to work on /home/airflow/.local/lib/python3.12/site-packages/airflow/example_dags/example_branch_datetime_operator.py
[2024-09-12T15:34:29.904+0000] {processor.py:914} INFO - Processing file /home/airflow/.local/lib/python3.12/site-packages/airflow/example_dags/example_branch_datetime_operator.py for tasks to queue
[2024-09-12T15:34:29.907+0000] {logging_mixin.py:190} INFO - [2024-09-12T15:34:29.906+0000] {dagbag.py:587} INFO - Filling up the DagBag from /home/airflow/.local/lib/python3.12/site-packages/airflow/example_dags/example_branch_datetime_operator.py
[2024-09-12T15:34:30.011+0000] {processor.py:925} INFO - DAG(s) 'example_branch_datetime_operator', 'example_branch_datetime_operator_3', 'example_branch_datetime_operator_2' retrieved from /home/airflow/.local/lib/python3.12/site-packages/airflow/example_dags/example_branch_datetime_operator.py
[2024-09-12T15:34:30.239+0000] {logging_mixin.py:190} INFO - [2024-09-12T15:34:30.238+0000] {dag.py:3211} INFO - Sync 3 DAGs
[2024-09-12T15:34:30.402+0000] {logging_mixin.py:190} INFO - [2024-09-12T15:34:30.402+0000] {dag.py:4138} INFO - Setting next_dagrun for example_branch_datetime_operator to 2024-09-11 00:00:00+00:00, run_after=2024-09-12 00:00:00+00:00
[2024-09-12T15:34:30.440+0000] {logging_mixin.py:190} INFO - [2024-09-12T15:34:30.440+0000] {dag.py:4138} INFO - Setting next_dagrun for example_branch_datetime_operator_2 to 2024-09-11 00:00:00+00:00, run_after=2024-09-12 00:00:00+00:00
[2024-09-12T15:34:30.457+0000] {logging_mixin.py:190} INFO - [2024-09-12T15:34:30.457+0000] {dag.py:4138} INFO - Setting next_dagrun for example_branch_datetime_operator_3 to 2024-09-11 00:00:00+00:00, run_after=2024-09-12 00:00:00+00:00
[2024-09-12T15:34:30.600+0000] {processor.py:208} INFO - Processing /home/airflow/.local/lib/python3.12/site-packages/airflow/example_dags/example_branch_datetime_operator.py took 0.771 seconds
[2024-09-12T15:35:26.086+0000] {processor.py:186} INFO - Started process (PID=1508) to work on /home/airflow/.local/lib/python3.12/site-packages/airflow/example_dags/example_branch_datetime_operator.py
[2024-09-12T15:35:26.117+0000] {processor.py:914} INFO - Processing file /home/airflow/.local/lib/python3.12/site-packages/airflow/example_dags/example_branch_datetime_operator.py for tasks to queue
[2024-09-12T15:35:26.197+0000] {logging_mixin.py:190} INFO - [2024-09-12T15:35:26.167+0000] {dagbag.py:587} INFO - Filling up the DagBag from /home/airflow/.local/lib/python3.12/site-packages/airflow/example_dags/example_branch_datetime_operator.py
[2024-09-12T15:35:26.535+0000] {processor.py:925} INFO - DAG(s) 'example_branch_datetime_operator', 'example_branch_datetime_operator_3', 'example_branch_datetime_operator_2' retrieved from /home/airflow/.local/lib/python3.12/site-packages/airflow/example_dags/example_branch_datetime_operator.py
[2024-09-12T15:35:27.624+0000] {logging_mixin.py:190} INFO - [2024-09-12T15:35:27.624+0000] {dag.py:3211} INFO - Sync 3 DAGs
[2024-09-12T15:35:28.545+0000] {logging_mixin.py:190} INFO - [2024-09-12T15:35:28.545+0000] {dag.py:4138} INFO - Setting next_dagrun for example_branch_datetime_operator to 2024-09-11 00:00:00+00:00, run_after=2024-09-12 00:00:00+00:00
[2024-09-12T15:35:28.647+0000] {logging_mixin.py:190} INFO - [2024-09-12T15:35:28.646+0000] {dag.py:4138} INFO - Setting next_dagrun for example_branch_datetime_operator_2 to 2024-09-11 00:00:00+00:00, run_after=2024-09-12 00:00:00+00:00
[2024-09-12T15:35:28.682+0000] {logging_mixin.py:190} INFO - [2024-09-12T15:35:28.681+0000] {dag.py:4138} INFO - Setting next_dagrun for example_branch_datetime_operator_3 to 2024-09-11 00:00:00+00:00, run_after=2024-09-12 00:00:00+00:00
[2024-09-12T15:35:29.018+0000] {processor.py:208} INFO - Processing /home/airflow/.local/lib/python3.12/site-packages/airflow/example_dags/example_branch_datetime_operator.py took 3.035 seconds
[2024-09-12T15:36:40.582+0000] {processor.py:186} INFO - Started process (PID=1589) to work on /home/airflow/.local/lib/python3.12/site-packages/airflow/example_dags/example_branch_datetime_operator.py
[2024-09-12T15:36:40.605+0000] {processor.py:914} INFO - Processing file /home/airflow/.local/lib/python3.12/site-packages/airflow/example_dags/example_branch_datetime_operator.py for tasks to queue
[2024-09-12T15:36:40.609+0000] {logging_mixin.py:190} INFO - [2024-09-12T15:36:40.608+0000] {dagbag.py:587} INFO - Filling up the DagBag from /home/airflow/.local/lib/python3.12/site-packages/airflow/example_dags/example_branch_datetime_operator.py
[2024-09-12T15:36:40.728+0000] {processor.py:925} INFO - DAG(s) 'example_branch_datetime_operator', 'example_branch_datetime_operator_2', 'example_branch_datetime_operator_3' retrieved from /home/airflow/.local/lib/python3.12/site-packages/airflow/example_dags/example_branch_datetime_operator.py
[2024-09-12T15:36:41.248+0000] {logging_mixin.py:190} INFO - [2024-09-12T15:36:41.241+0000] {dag.py:3211} INFO - Sync 3 DAGs
[2024-09-12T15:36:41.569+0000] {logging_mixin.py:190} INFO - [2024-09-12T15:36:41.568+0000] {dag.py:4138} INFO - Setting next_dagrun for example_branch_datetime_operator to 2024-09-11 00:00:00+00:00, run_after=2024-09-12 00:00:00+00:00
[2024-09-12T15:36:41.643+0000] {logging_mixin.py:190} INFO - [2024-09-12T15:36:41.643+0000] {dag.py:4138} INFO - Setting next_dagrun for example_branch_datetime_operator_2 to 2024-09-11 00:00:00+00:00, run_after=2024-09-12 00:00:00+00:00
[2024-09-12T15:36:41.703+0000] {logging_mixin.py:190} INFO - [2024-09-12T15:36:41.703+0000] {dag.py:4138} INFO - Setting next_dagrun for example_branch_datetime_operator_3 to 2024-09-11 00:00:00+00:00, run_after=2024-09-12 00:00:00+00:00
[2024-09-12T15:36:41.915+0000] {processor.py:208} INFO - Processing /home/airflow/.local/lib/python3.12/site-packages/airflow/example_dags/example_branch_datetime_operator.py took 1.428 seconds
[2024-09-12T15:37:48.654+0000] {processor.py:186} INFO - Started process (PID=1671) to work on /home/airflow/.local/lib/python3.12/site-packages/airflow/example_dags/example_branch_datetime_operator.py
[2024-09-12T15:37:48.690+0000] {processor.py:914} INFO - Processing file /home/airflow/.local/lib/python3.12/site-packages/airflow/example_dags/example_branch_datetime_operator.py for tasks to queue
[2024-09-12T15:37:48.708+0000] {logging_mixin.py:190} INFO - [2024-09-12T15:37:48.707+0000] {dagbag.py:587} INFO - Filling up the DagBag from /home/airflow/.local/lib/python3.12/site-packages/airflow/example_dags/example_branch_datetime_operator.py
[2024-09-12T15:37:48.905+0000] {processor.py:925} INFO - DAG(s) 'example_branch_datetime_operator', 'example_branch_datetime_operator_2', 'example_branch_datetime_operator_3' retrieved from /home/airflow/.local/lib/python3.12/site-packages/airflow/example_dags/example_branch_datetime_operator.py
[2024-09-12T15:37:49.158+0000] {logging_mixin.py:190} INFO - [2024-09-12T15:37:49.157+0000] {dag.py:3211} INFO - Sync 3 DAGs
[2024-09-12T15:37:49.440+0000] {logging_mixin.py:190} INFO - [2024-09-12T15:37:49.440+0000] {dag.py:4138} INFO - Setting next_dagrun for example_branch_datetime_operator to 2024-09-11 00:00:00+00:00, run_after=2024-09-12 00:00:00+00:00
[2024-09-12T15:37:49.462+0000] {logging_mixin.py:190} INFO - [2024-09-12T15:37:49.462+0000] {dag.py:4138} INFO - Setting next_dagrun for example_branch_datetime_operator_2 to 2024-09-11 00:00:00+00:00, run_after=2024-09-12 00:00:00+00:00
[2024-09-12T15:37:49.479+0000] {logging_mixin.py:190} INFO - [2024-09-12T15:37:49.479+0000] {dag.py:4138} INFO - Setting next_dagrun for example_branch_datetime_operator_3 to 2024-09-11 00:00:00+00:00, run_after=2024-09-12 00:00:00+00:00
[2024-09-12T15:37:49.624+0000] {processor.py:208} INFO - Processing /home/airflow/.local/lib/python3.12/site-packages/airflow/example_dags/example_branch_datetime_operator.py took 1.038 seconds
[2024-09-12T15:38:53.391+0000] {processor.py:186} INFO - Started process (PID=1722) to work on /home/airflow/.local/lib/python3.12/site-packages/airflow/example_dags/example_branch_datetime_operator.py
[2024-09-12T15:38:53.407+0000] {processor.py:914} INFO - Processing file /home/airflow/.local/lib/python3.12/site-packages/airflow/example_dags/example_branch_datetime_operator.py for tasks to queue
[2024-09-12T15:38:53.428+0000] {logging_mixin.py:190} INFO - [2024-09-12T15:38:53.427+0000] {dagbag.py:587} INFO - Filling up the DagBag from /home/airflow/.local/lib/python3.12/site-packages/airflow/example_dags/example_branch_datetime_operator.py
[2024-09-12T15:38:53.711+0000] {processor.py:925} INFO - DAG(s) 'example_branch_datetime_operator_2', 'example_branch_datetime_operator_3', 'example_branch_datetime_operator' retrieved from /home/airflow/.local/lib/python3.12/site-packages/airflow/example_dags/example_branch_datetime_operator.py
[2024-09-12T15:38:53.939+0000] {logging_mixin.py:190} INFO - [2024-09-12T15:38:53.939+0000] {dag.py:3211} INFO - Sync 3 DAGs
[2024-09-12T15:38:54.132+0000] {logging_mixin.py:190} INFO - [2024-09-12T15:38:54.132+0000] {dag.py:4138} INFO - Setting next_dagrun for example_branch_datetime_operator to 2024-09-11 00:00:00+00:00, run_after=2024-09-12 00:00:00+00:00
[2024-09-12T15:38:54.184+0000] {logging_mixin.py:190} INFO - [2024-09-12T15:38:54.184+0000] {dag.py:4138} INFO - Setting next_dagrun for example_branch_datetime_operator_2 to 2024-09-11 00:00:00+00:00, run_after=2024-09-12 00:00:00+00:00
[2024-09-12T15:38:54.218+0000] {logging_mixin.py:190} INFO - [2024-09-12T15:38:54.217+0000] {dag.py:4138} INFO - Setting next_dagrun for example_branch_datetime_operator_3 to 2024-09-11 00:00:00+00:00, run_after=2024-09-12 00:00:00+00:00
[2024-09-12T15:38:54.373+0000] {processor.py:208} INFO - Processing /home/airflow/.local/lib/python3.12/site-packages/airflow/example_dags/example_branch_datetime_operator.py took 1.059 seconds
[2024-09-12T15:39:39.489+0000] {processor.py:186} INFO - Started process (PID=1770) to work on /home/airflow/.local/lib/python3.12/site-packages/airflow/example_dags/example_branch_datetime_operator.py
[2024-09-12T15:39:39.497+0000] {processor.py:914} INFO - Processing file /home/airflow/.local/lib/python3.12/site-packages/airflow/example_dags/example_branch_datetime_operator.py for tasks to queue
[2024-09-12T15:39:39.522+0000] {logging_mixin.py:190} INFO - [2024-09-12T15:39:39.509+0000] {dagbag.py:587} INFO - Filling up the DagBag from /home/airflow/.local/lib/python3.12/site-packages/airflow/example_dags/example_branch_datetime_operator.py
[2024-09-12T15:39:39.673+0000] {processor.py:925} INFO - DAG(s) 'example_branch_datetime_operator', 'example_branch_datetime_operator_2', 'example_branch_datetime_operator_3' retrieved from /home/airflow/.local/lib/python3.12/site-packages/airflow/example_dags/example_branch_datetime_operator.py
[2024-09-12T15:39:40.358+0000] {logging_mixin.py:190} INFO - [2024-09-12T15:39:40.357+0000] {dag.py:3211} INFO - Sync 3 DAGs
[2024-09-12T15:39:40.721+0000] {logging_mixin.py:190} INFO - [2024-09-12T15:39:40.720+0000] {dag.py:4138} INFO - Setting next_dagrun for example_branch_datetime_operator to 2024-09-11 00:00:00+00:00, run_after=2024-09-12 00:00:00+00:00
[2024-09-12T15:39:40.778+0000] {logging_mixin.py:190} INFO - [2024-09-12T15:39:40.746+0000] {dag.py:4138} INFO - Setting next_dagrun for example_branch_datetime_operator_2 to 2024-09-11 00:00:00+00:00, run_after=2024-09-12 00:00:00+00:00
[2024-09-12T15:39:40.826+0000] {logging_mixin.py:190} INFO - [2024-09-12T15:39:40.825+0000] {dag.py:4138} INFO - Setting next_dagrun for example_branch_datetime_operator_3 to 2024-09-11 00:00:00+00:00, run_after=2024-09-12 00:00:00+00:00
[2024-09-12T15:39:41.284+0000] {processor.py:208} INFO - Processing /home/airflow/.local/lib/python3.12/site-packages/airflow/example_dags/example_branch_datetime_operator.py took 1.834 seconds
[2024-09-12T15:40:47.998+0000] {processor.py:186} INFO - Started process (PID=1821) to work on /home/airflow/.local/lib/python3.12/site-packages/airflow/example_dags/example_branch_datetime_operator.py
[2024-09-12T15:40:48.031+0000] {processor.py:914} INFO - Processing file /home/airflow/.local/lib/python3.12/site-packages/airflow/example_dags/example_branch_datetime_operator.py for tasks to queue
[2024-09-12T15:40:48.049+0000] {logging_mixin.py:190} INFO - [2024-09-12T15:40:48.048+0000] {dagbag.py:587} INFO - Filling up the DagBag from /home/airflow/.local/lib/python3.12/site-packages/airflow/example_dags/example_branch_datetime_operator.py
[2024-09-12T15:40:48.930+0000] {processor.py:925} INFO - DAG(s) 'example_branch_datetime_operator_2', 'example_branch_datetime_operator', 'example_branch_datetime_operator_3' retrieved from /home/airflow/.local/lib/python3.12/site-packages/airflow/example_dags/example_branch_datetime_operator.py
[2024-09-12T15:40:49.362+0000] {logging_mixin.py:190} INFO - [2024-09-12T15:40:49.361+0000] {dag.py:3211} INFO - Sync 3 DAGs
[2024-09-12T15:40:49.989+0000] {logging_mixin.py:190} INFO - [2024-09-12T15:40:49.989+0000] {dag.py:4138} INFO - Setting next_dagrun for example_branch_datetime_operator to 2024-09-11 00:00:00+00:00, run_after=2024-09-12 00:00:00+00:00
[2024-09-12T15:40:50.038+0000] {logging_mixin.py:190} INFO - [2024-09-12T15:40:50.038+0000] {dag.py:4138} INFO - Setting next_dagrun for example_branch_datetime_operator_2 to 2024-09-11 00:00:00+00:00, run_after=2024-09-12 00:00:00+00:00
[2024-09-12T15:40:50.070+0000] {logging_mixin.py:190} INFO - [2024-09-12T15:40:50.069+0000] {dag.py:4138} INFO - Setting next_dagrun for example_branch_datetime_operator_3 to 2024-09-11 00:00:00+00:00, run_after=2024-09-12 00:00:00+00:00
[2024-09-12T15:40:50.288+0000] {processor.py:208} INFO - Processing /home/airflow/.local/lib/python3.12/site-packages/airflow/example_dags/example_branch_datetime_operator.py took 2.324 seconds
[2024-09-12T15:44:27.948+0000] {processor.py:186} INFO - Started process (PID=1892) to work on /home/airflow/.local/lib/python3.12/site-packages/airflow/example_dags/example_branch_datetime_operator.py
[2024-09-12T15:44:27.951+0000] {processor.py:914} INFO - Processing file /home/airflow/.local/lib/python3.12/site-packages/airflow/example_dags/example_branch_datetime_operator.py for tasks to queue
[2024-09-12T15:44:27.960+0000] {logging_mixin.py:190} INFO - [2024-09-12T15:44:27.959+0000] {dagbag.py:587} INFO - Filling up the DagBag from /home/airflow/.local/lib/python3.12/site-packages/airflow/example_dags/example_branch_datetime_operator.py
[2024-09-12T15:44:28.043+0000] {processor.py:925} INFO - DAG(s) 'example_branch_datetime_operator', 'example_branch_datetime_operator_2', 'example_branch_datetime_operator_3' retrieved from /home/airflow/.local/lib/python3.12/site-packages/airflow/example_dags/example_branch_datetime_operator.py
[2024-09-12T15:44:28.191+0000] {logging_mixin.py:190} INFO - [2024-09-12T15:44:28.191+0000] {dag.py:3211} INFO - Sync 3 DAGs
[2024-09-12T15:44:28.362+0000] {logging_mixin.py:190} INFO - [2024-09-12T15:44:28.361+0000] {dag.py:4138} INFO - Setting next_dagrun for example_branch_datetime_operator to 2024-09-11 00:00:00+00:00, run_after=2024-09-12 00:00:00+00:00
[2024-09-12T15:44:28.423+0000] {logging_mixin.py:190} INFO - [2024-09-12T15:44:28.422+0000] {dag.py:4138} INFO - Setting next_dagrun for example_branch_datetime_operator_2 to 2024-09-11 00:00:00+00:00, run_after=2024-09-12 00:00:00+00:00
[2024-09-12T15:44:28.437+0000] {logging_mixin.py:190} INFO - [2024-09-12T15:44:28.437+0000] {dag.py:4138} INFO - Setting next_dagrun for example_branch_datetime_operator_3 to 2024-09-11 00:00:00+00:00, run_after=2024-09-12 00:00:00+00:00
[2024-09-12T15:44:28.664+0000] {processor.py:208} INFO - Processing /home/airflow/.local/lib/python3.12/site-packages/airflow/example_dags/example_branch_datetime_operator.py took 0.754 seconds
[2024-09-12T15:45:17.767+0000] {processor.py:186} INFO - Started process (PID=1956) to work on /home/airflow/.local/lib/python3.12/site-packages/airflow/example_dags/example_branch_datetime_operator.py
[2024-09-12T15:45:20.213+0000] {processor.py:914} INFO - Processing file /home/airflow/.local/lib/python3.12/site-packages/airflow/example_dags/example_branch_datetime_operator.py for tasks to queue
[2024-09-12T15:45:20.217+0000] {logging_mixin.py:190} INFO - [2024-09-12T15:45:20.216+0000] {dagbag.py:587} INFO - Filling up the DagBag from /home/airflow/.local/lib/python3.12/site-packages/airflow/example_dags/example_branch_datetime_operator.py
[2024-09-12T15:45:20.339+0000] {processor.py:925} INFO - DAG(s) 'example_branch_datetime_operator_3', 'example_branch_datetime_operator', 'example_branch_datetime_operator_2' retrieved from /home/airflow/.local/lib/python3.12/site-packages/airflow/example_dags/example_branch_datetime_operator.py
[2024-09-12T15:45:20.811+0000] {logging_mixin.py:190} INFO - [2024-09-12T15:45:20.811+0000] {dag.py:3211} INFO - Sync 3 DAGs
[2024-09-12T15:45:21.118+0000] {logging_mixin.py:190} INFO - [2024-09-12T15:45:21.117+0000] {dag.py:4138} INFO - Setting next_dagrun for example_branch_datetime_operator to 2024-09-11 00:00:00+00:00, run_after=2024-09-12 00:00:00+00:00
[2024-09-12T15:45:21.156+0000] {logging_mixin.py:190} INFO - [2024-09-12T15:45:21.156+0000] {dag.py:4138} INFO - Setting next_dagrun for example_branch_datetime_operator_2 to 2024-09-11 00:00:00+00:00, run_after=2024-09-12 00:00:00+00:00
[2024-09-12T15:45:21.173+0000] {logging_mixin.py:190} INFO - [2024-09-12T15:45:21.172+0000] {dag.py:4138} INFO - Setting next_dagrun for example_branch_datetime_operator_3 to 2024-09-11 00:00:00+00:00, run_after=2024-09-12 00:00:00+00:00
[2024-09-12T15:45:21.399+0000] {processor.py:208} INFO - Processing /home/airflow/.local/lib/python3.12/site-packages/airflow/example_dags/example_branch_datetime_operator.py took 3.773 seconds
[2024-09-12T15:45:56.173+0000] {processor.py:186} INFO - Started process (PID=2008) to work on /home/airflow/.local/lib/python3.12/site-packages/airflow/example_dags/example_branch_datetime_operator.py
[2024-09-12T15:45:56.198+0000] {processor.py:914} INFO - Processing file /home/airflow/.local/lib/python3.12/site-packages/airflow/example_dags/example_branch_datetime_operator.py for tasks to queue
[2024-09-12T15:45:56.204+0000] {logging_mixin.py:190} INFO - [2024-09-12T15:45:56.204+0000] {dagbag.py:587} INFO - Filling up the DagBag from /home/airflow/.local/lib/python3.12/site-packages/airflow/example_dags/example_branch_datetime_operator.py
[2024-09-12T15:45:56.326+0000] {processor.py:925} INFO - DAG(s) 'example_branch_datetime_operator_2', 'example_branch_datetime_operator', 'example_branch_datetime_operator_3' retrieved from /home/airflow/.local/lib/python3.12/site-packages/airflow/example_dags/example_branch_datetime_operator.py
[2024-09-12T15:45:56.505+0000] {logging_mixin.py:190} INFO - [2024-09-12T15:45:56.505+0000] {dag.py:3211} INFO - Sync 3 DAGs
[2024-09-12T15:45:56.712+0000] {logging_mixin.py:190} INFO - [2024-09-12T15:45:56.711+0000] {dag.py:4138} INFO - Setting next_dagrun for example_branch_datetime_operator to 2024-09-11 00:00:00+00:00, run_after=2024-09-12 00:00:00+00:00
[2024-09-12T15:45:56.735+0000] {logging_mixin.py:190} INFO - [2024-09-12T15:45:56.734+0000] {dag.py:4138} INFO - Setting next_dagrun for example_branch_datetime_operator_2 to 2024-09-11 00:00:00+00:00, run_after=2024-09-12 00:00:00+00:00
[2024-09-12T15:45:56.741+0000] {logging_mixin.py:190} INFO - [2024-09-12T15:45:56.740+0000] {dag.py:4138} INFO - Setting next_dagrun for example_branch_datetime_operator_3 to 2024-09-11 00:00:00+00:00, run_after=2024-09-12 00:00:00+00:00
[2024-09-12T15:45:56.839+0000] {processor.py:208} INFO - Processing /home/airflow/.local/lib/python3.12/site-packages/airflow/example_dags/example_branch_datetime_operator.py took 0.709 seconds
[2024-09-12T15:46:53.665+0000] {processor.py:186} INFO - Started process (PID=2079) to work on /home/airflow/.local/lib/python3.12/site-packages/airflow/example_dags/example_branch_datetime_operator.py
[2024-09-12T15:46:53.675+0000] {processor.py:914} INFO - Processing file /home/airflow/.local/lib/python3.12/site-packages/airflow/example_dags/example_branch_datetime_operator.py for tasks to queue
[2024-09-12T15:46:53.682+0000] {logging_mixin.py:190} INFO - [2024-09-12T15:46:53.681+0000] {dagbag.py:587} INFO - Filling up the DagBag from /home/airflow/.local/lib/python3.12/site-packages/airflow/example_dags/example_branch_datetime_operator.py
[2024-09-12T15:46:53.741+0000] {processor.py:925} INFO - DAG(s) 'example_branch_datetime_operator_2', 'example_branch_datetime_operator', 'example_branch_datetime_operator_3' retrieved from /home/airflow/.local/lib/python3.12/site-packages/airflow/example_dags/example_branch_datetime_operator.py
[2024-09-12T15:46:54.041+0000] {logging_mixin.py:190} INFO - [2024-09-12T15:46:54.038+0000] {dag.py:3211} INFO - Sync 3 DAGs
[2024-09-12T15:46:54.343+0000] {logging_mixin.py:190} INFO - [2024-09-12T15:46:54.308+0000] {dag.py:4138} INFO - Setting next_dagrun for example_branch_datetime_operator to 2024-09-11 00:00:00+00:00, run_after=2024-09-12 00:00:00+00:00
[2024-09-12T15:46:54.463+0000] {logging_mixin.py:190} INFO - [2024-09-12T15:46:54.461+0000] {dag.py:4138} INFO - Setting next_dagrun for example_branch_datetime_operator_2 to 2024-09-11 00:00:00+00:00, run_after=2024-09-12 00:00:00+00:00
[2024-09-12T15:46:54.511+0000] {logging_mixin.py:190} INFO - [2024-09-12T15:46:54.510+0000] {dag.py:4138} INFO - Setting next_dagrun for example_branch_datetime_operator_3 to 2024-09-11 00:00:00+00:00, run_after=2024-09-12 00:00:00+00:00
[2024-09-12T15:46:54.830+0000] {processor.py:208} INFO - Processing /home/airflow/.local/lib/python3.12/site-packages/airflow/example_dags/example_branch_datetime_operator.py took 1.189 seconds
[2024-09-12T15:47:45.595+0000] {processor.py:186} INFO - Started process (PID=2138) to work on /home/airflow/.local/lib/python3.12/site-packages/airflow/example_dags/example_branch_datetime_operator.py
[2024-09-12T15:47:45.599+0000] {processor.py:914} INFO - Processing file /home/airflow/.local/lib/python3.12/site-packages/airflow/example_dags/example_branch_datetime_operator.py for tasks to queue
[2024-09-12T15:47:45.604+0000] {logging_mixin.py:190} INFO - [2024-09-12T15:47:45.603+0000] {dagbag.py:587} INFO - Filling up the DagBag from /home/airflow/.local/lib/python3.12/site-packages/airflow/example_dags/example_branch_datetime_operator.py
[2024-09-12T15:47:45.699+0000] {processor.py:925} INFO - DAG(s) 'example_branch_datetime_operator_2', 'example_branch_datetime_operator', 'example_branch_datetime_operator_3' retrieved from /home/airflow/.local/lib/python3.12/site-packages/airflow/example_dags/example_branch_datetime_operator.py
[2024-09-12T15:47:46.018+0000] {logging_mixin.py:190} INFO - [2024-09-12T15:47:46.017+0000] {dag.py:3211} INFO - Sync 3 DAGs
[2024-09-12T15:47:46.397+0000] {logging_mixin.py:190} INFO - [2024-09-12T15:47:46.382+0000] {dag.py:4138} INFO - Setting next_dagrun for example_branch_datetime_operator to 2024-09-11 00:00:00+00:00, run_after=2024-09-12 00:00:00+00:00
[2024-09-12T15:47:46.473+0000] {logging_mixin.py:190} INFO - [2024-09-12T15:47:46.472+0000] {dag.py:4138} INFO - Setting next_dagrun for example_branch_datetime_operator_2 to 2024-09-11 00:00:00+00:00, run_after=2024-09-12 00:00:00+00:00
[2024-09-12T15:47:46.507+0000] {logging_mixin.py:190} INFO - [2024-09-12T15:47:46.506+0000] {dag.py:4138} INFO - Setting next_dagrun for example_branch_datetime_operator_3 to 2024-09-11 00:00:00+00:00, run_after=2024-09-12 00:00:00+00:00
[2024-09-12T15:47:46.730+0000] {processor.py:208} INFO - Processing /home/airflow/.local/lib/python3.12/site-packages/airflow/example_dags/example_branch_datetime_operator.py took 1.163 seconds
[2024-09-12T15:48:29.846+0000] {processor.py:186} INFO - Started process (PID=2204) to work on /home/airflow/.local/lib/python3.12/site-packages/airflow/example_dags/example_branch_datetime_operator.py
[2024-09-12T15:48:29.875+0000] {processor.py:914} INFO - Processing file /home/airflow/.local/lib/python3.12/site-packages/airflow/example_dags/example_branch_datetime_operator.py for tasks to queue
[2024-09-12T15:48:29.913+0000] {logging_mixin.py:190} INFO - [2024-09-12T15:48:29.912+0000] {dagbag.py:587} INFO - Filling up the DagBag from /home/airflow/.local/lib/python3.12/site-packages/airflow/example_dags/example_branch_datetime_operator.py
[2024-09-12T15:48:29.991+0000] {processor.py:925} INFO - DAG(s) 'example_branch_datetime_operator_3', 'example_branch_datetime_operator', 'example_branch_datetime_operator_2' retrieved from /home/airflow/.local/lib/python3.12/site-packages/airflow/example_dags/example_branch_datetime_operator.py
[2024-09-12T15:48:30.289+0000] {logging_mixin.py:190} INFO - [2024-09-12T15:48:30.288+0000] {dag.py:3211} INFO - Sync 3 DAGs
[2024-09-12T15:48:30.460+0000] {logging_mixin.py:190} INFO - [2024-09-12T15:48:30.459+0000] {dag.py:4138} INFO - Setting next_dagrun for example_branch_datetime_operator to 2024-09-11 00:00:00+00:00, run_after=2024-09-12 00:00:00+00:00
[2024-09-12T15:48:30.497+0000] {logging_mixin.py:190} INFO - [2024-09-12T15:48:30.497+0000] {dag.py:4138} INFO - Setting next_dagrun for example_branch_datetime_operator_2 to 2024-09-11 00:00:00+00:00, run_after=2024-09-12 00:00:00+00:00
[2024-09-12T15:48:30.539+0000] {logging_mixin.py:190} INFO - [2024-09-12T15:48:30.539+0000] {dag.py:4138} INFO - Setting next_dagrun for example_branch_datetime_operator_3 to 2024-09-11 00:00:00+00:00, run_after=2024-09-12 00:00:00+00:00
[2024-09-12T15:48:30.697+0000] {processor.py:208} INFO - Processing /home/airflow/.local/lib/python3.12/site-packages/airflow/example_dags/example_branch_datetime_operator.py took 0.915 seconds
[2024-09-12T15:49:25.803+0000] {processor.py:186} INFO - Started process (PID=2256) to work on /home/airflow/.local/lib/python3.12/site-packages/airflow/example_dags/example_branch_datetime_operator.py
[2024-09-12T15:49:25.813+0000] {processor.py:914} INFO - Processing file /home/airflow/.local/lib/python3.12/site-packages/airflow/example_dags/example_branch_datetime_operator.py for tasks to queue
[2024-09-12T15:49:25.817+0000] {logging_mixin.py:190} INFO - [2024-09-12T15:49:25.816+0000] {dagbag.py:587} INFO - Filling up the DagBag from /home/airflow/.local/lib/python3.12/site-packages/airflow/example_dags/example_branch_datetime_operator.py
[2024-09-12T15:49:25.923+0000] {processor.py:925} INFO - DAG(s) 'example_branch_datetime_operator_2', 'example_branch_datetime_operator_3', 'example_branch_datetime_operator' retrieved from /home/airflow/.local/lib/python3.12/site-packages/airflow/example_dags/example_branch_datetime_operator.py
[2024-09-12T15:49:26.181+0000] {logging_mixin.py:190} INFO - [2024-09-12T15:49:26.181+0000] {dag.py:3211} INFO - Sync 3 DAGs
[2024-09-12T15:49:26.705+0000] {logging_mixin.py:190} INFO - [2024-09-12T15:49:26.704+0000] {dag.py:4138} INFO - Setting next_dagrun for example_branch_datetime_operator to 2024-09-11 00:00:00+00:00, run_after=2024-09-12 00:00:00+00:00
[2024-09-12T15:49:26.736+0000] {logging_mixin.py:190} INFO - [2024-09-12T15:49:26.733+0000] {dag.py:4138} INFO - Setting next_dagrun for example_branch_datetime_operator_2 to 2024-09-11 00:00:00+00:00, run_after=2024-09-12 00:00:00+00:00
[2024-09-12T15:49:26.751+0000] {logging_mixin.py:190} INFO - [2024-09-12T15:49:26.750+0000] {dag.py:4138} INFO - Setting next_dagrun for example_branch_datetime_operator_3 to 2024-09-11 00:00:00+00:00, run_after=2024-09-12 00:00:00+00:00
[2024-09-12T15:49:27.086+0000] {processor.py:208} INFO - Processing /home/airflow/.local/lib/python3.12/site-packages/airflow/example_dags/example_branch_datetime_operator.py took 1.334 seconds
[2024-09-12T15:50:14.168+0000] {processor.py:186} INFO - Started process (PID=2327) to work on /home/airflow/.local/lib/python3.12/site-packages/airflow/example_dags/example_branch_datetime_operator.py
[2024-09-12T15:50:14.177+0000] {processor.py:914} INFO - Processing file /home/airflow/.local/lib/python3.12/site-packages/airflow/example_dags/example_branch_datetime_operator.py for tasks to queue
[2024-09-12T15:50:14.191+0000] {logging_mixin.py:190} INFO - [2024-09-12T15:50:14.190+0000] {dagbag.py:587} INFO - Filling up the DagBag from /home/airflow/.local/lib/python3.12/site-packages/airflow/example_dags/example_branch_datetime_operator.py
[2024-09-12T15:50:14.295+0000] {processor.py:925} INFO - DAG(s) 'example_branch_datetime_operator', 'example_branch_datetime_operator_2', 'example_branch_datetime_operator_3' retrieved from /home/airflow/.local/lib/python3.12/site-packages/airflow/example_dags/example_branch_datetime_operator.py
[2024-09-12T15:50:14.549+0000] {logging_mixin.py:190} INFO - [2024-09-12T15:50:14.548+0000] {dag.py:3211} INFO - Sync 3 DAGs
[2024-09-12T15:50:14.781+0000] {logging_mixin.py:190} INFO - [2024-09-12T15:50:14.781+0000] {dag.py:4138} INFO - Setting next_dagrun for example_branch_datetime_operator to 2024-09-11 00:00:00+00:00, run_after=2024-09-12 00:00:00+00:00
[2024-09-12T15:50:14.816+0000] {logging_mixin.py:190} INFO - [2024-09-12T15:50:14.816+0000] {dag.py:4138} INFO - Setting next_dagrun for example_branch_datetime_operator_2 to 2024-09-11 00:00:00+00:00, run_after=2024-09-12 00:00:00+00:00
[2024-09-12T15:50:14.830+0000] {logging_mixin.py:190} INFO - [2024-09-12T15:50:14.825+0000] {dag.py:4138} INFO - Setting next_dagrun for example_branch_datetime_operator_3 to 2024-09-11 00:00:00+00:00, run_after=2024-09-12 00:00:00+00:00
[2024-09-12T15:50:14.958+0000] {processor.py:208} INFO - Processing /home/airflow/.local/lib/python3.12/site-packages/airflow/example_dags/example_branch_datetime_operator.py took 0.821 seconds
[2024-09-12T15:51:08.817+0000] {processor.py:186} INFO - Started process (PID=2382) to work on /home/airflow/.local/lib/python3.12/site-packages/airflow/example_dags/example_branch_datetime_operator.py
[2024-09-12T15:51:08.831+0000] {processor.py:914} INFO - Processing file /home/airflow/.local/lib/python3.12/site-packages/airflow/example_dags/example_branch_datetime_operator.py for tasks to queue
[2024-09-12T15:51:08.842+0000] {logging_mixin.py:190} INFO - [2024-09-12T15:51:08.836+0000] {dagbag.py:587} INFO - Filling up the DagBag from /home/airflow/.local/lib/python3.12/site-packages/airflow/example_dags/example_branch_datetime_operator.py
[2024-09-12T15:51:09.088+0000] {processor.py:925} INFO - DAG(s) 'example_branch_datetime_operator_3', 'example_branch_datetime_operator', 'example_branch_datetime_operator_2' retrieved from /home/airflow/.local/lib/python3.12/site-packages/airflow/example_dags/example_branch_datetime_operator.py
[2024-09-12T15:51:13.631+0000] {logging_mixin.py:190} INFO - [2024-09-12T15:51:13.631+0000] {dag.py:3211} INFO - Sync 3 DAGs
[2024-09-12T15:51:14.085+0000] {logging_mixin.py:190} INFO - [2024-09-12T15:51:14.084+0000] {dag.py:4138} INFO - Setting next_dagrun for example_branch_datetime_operator to 2024-09-11 00:00:00+00:00, run_after=2024-09-12 00:00:00+00:00
[2024-09-12T15:51:14.135+0000] {logging_mixin.py:190} INFO - [2024-09-12T15:51:14.131+0000] {dag.py:4138} INFO - Setting next_dagrun for example_branch_datetime_operator_2 to 2024-09-11 00:00:00+00:00, run_after=2024-09-12 00:00:00+00:00
[2024-09-12T15:51:14.151+0000] {logging_mixin.py:190} INFO - [2024-09-12T15:51:14.150+0000] {dag.py:4138} INFO - Setting next_dagrun for example_branch_datetime_operator_3 to 2024-09-11 00:00:00+00:00, run_after=2024-09-12 00:00:00+00:00
[2024-09-12T15:51:14.383+0000] {processor.py:208} INFO - Processing /home/airflow/.local/lib/python3.12/site-packages/airflow/example_dags/example_branch_datetime_operator.py took 5.598 seconds
[2024-09-12T15:51:52.645+0000] {processor.py:186} INFO - Started process (PID=2433) to work on /home/airflow/.local/lib/python3.12/site-packages/airflow/example_dags/example_branch_datetime_operator.py
[2024-09-12T15:51:52.699+0000] {processor.py:914} INFO - Processing file /home/airflow/.local/lib/python3.12/site-packages/airflow/example_dags/example_branch_datetime_operator.py for tasks to queue
[2024-09-12T15:51:52.718+0000] {logging_mixin.py:190} INFO - [2024-09-12T15:51:52.717+0000] {dagbag.py:587} INFO - Filling up the DagBag from /home/airflow/.local/lib/python3.12/site-packages/airflow/example_dags/example_branch_datetime_operator.py
[2024-09-12T15:51:52.979+0000] {processor.py:925} INFO - DAG(s) 'example_branch_datetime_operator', 'example_branch_datetime_operator_3', 'example_branch_datetime_operator_2' retrieved from /home/airflow/.local/lib/python3.12/site-packages/airflow/example_dags/example_branch_datetime_operator.py
[2024-09-12T15:51:53.338+0000] {logging_mixin.py:190} INFO - [2024-09-12T15:51:53.338+0000] {dag.py:3211} INFO - Sync 3 DAGs
[2024-09-12T15:51:53.561+0000] {logging_mixin.py:190} INFO - [2024-09-12T15:51:53.560+0000] {dag.py:4138} INFO - Setting next_dagrun for example_branch_datetime_operator to 2024-09-11 00:00:00+00:00, run_after=2024-09-12 00:00:00+00:00
[2024-09-12T15:51:53.582+0000] {logging_mixin.py:190} INFO - [2024-09-12T15:51:53.582+0000] {dag.py:4138} INFO - Setting next_dagrun for example_branch_datetime_operator_2 to 2024-09-11 00:00:00+00:00, run_after=2024-09-12 00:00:00+00:00
[2024-09-12T15:51:53.596+0000] {logging_mixin.py:190} INFO - [2024-09-12T15:51:53.596+0000] {dag.py:4138} INFO - Setting next_dagrun for example_branch_datetime_operator_3 to 2024-09-11 00:00:00+00:00, run_after=2024-09-12 00:00:00+00:00
[2024-09-12T15:51:53.749+0000] {processor.py:208} INFO - Processing /home/airflow/.local/lib/python3.12/site-packages/airflow/example_dags/example_branch_datetime_operator.py took 1.134 seconds
[2024-09-12T15:52:25.091+0000] {processor.py:186} INFO - Started process (PID=2498) to work on /home/airflow/.local/lib/python3.12/site-packages/airflow/example_dags/example_branch_datetime_operator.py
[2024-09-12T15:52:25.105+0000] {processor.py:914} INFO - Processing file /home/airflow/.local/lib/python3.12/site-packages/airflow/example_dags/example_branch_datetime_operator.py for tasks to queue
[2024-09-12T15:52:25.125+0000] {logging_mixin.py:190} INFO - [2024-09-12T15:52:25.124+0000] {dagbag.py:587} INFO - Filling up the DagBag from /home/airflow/.local/lib/python3.12/site-packages/airflow/example_dags/example_branch_datetime_operator.py
[2024-09-12T15:52:25.256+0000] {processor.py:925} INFO - DAG(s) 'example_branch_datetime_operator_2', 'example_branch_datetime_operator', 'example_branch_datetime_operator_3' retrieved from /home/airflow/.local/lib/python3.12/site-packages/airflow/example_dags/example_branch_datetime_operator.py
[2024-09-12T15:52:25.506+0000] {logging_mixin.py:190} INFO - [2024-09-12T15:52:25.506+0000] {dag.py:3211} INFO - Sync 3 DAGs
[2024-09-12T15:52:25.691+0000] {logging_mixin.py:190} INFO - [2024-09-12T15:52:25.690+0000] {dag.py:4138} INFO - Setting next_dagrun for example_branch_datetime_operator to 2024-09-11 00:00:00+00:00, run_after=2024-09-12 00:00:00+00:00
[2024-09-12T15:52:25.721+0000] {logging_mixin.py:190} INFO - [2024-09-12T15:52:25.721+0000] {dag.py:4138} INFO - Setting next_dagrun for example_branch_datetime_operator_2 to 2024-09-11 00:00:00+00:00, run_after=2024-09-12 00:00:00+00:00
[2024-09-12T15:52:25.728+0000] {logging_mixin.py:190} INFO - [2024-09-12T15:52:25.727+0000] {dag.py:4138} INFO - Setting next_dagrun for example_branch_datetime_operator_3 to 2024-09-11 00:00:00+00:00, run_after=2024-09-12 00:00:00+00:00
[2024-09-12T15:52:25.803+0000] {processor.py:208} INFO - Processing /home/airflow/.local/lib/python3.12/site-packages/airflow/example_dags/example_branch_datetime_operator.py took 0.736 seconds
[2024-09-12T15:52:59.627+0000] {processor.py:186} INFO - Started process (PID=2553) to work on /home/airflow/.local/lib/python3.12/site-packages/airflow/example_dags/example_branch_datetime_operator.py
[2024-09-12T15:52:59.653+0000] {processor.py:914} INFO - Processing file /home/airflow/.local/lib/python3.12/site-packages/airflow/example_dags/example_branch_datetime_operator.py for tasks to queue
[2024-09-12T15:52:59.680+0000] {logging_mixin.py:190} INFO - [2024-09-12T15:52:59.677+0000] {dagbag.py:587} INFO - Filling up the DagBag from /home/airflow/.local/lib/python3.12/site-packages/airflow/example_dags/example_branch_datetime_operator.py
[2024-09-12T15:52:59.762+0000] {processor.py:925} INFO - DAG(s) 'example_branch_datetime_operator_2', 'example_branch_datetime_operator_3', 'example_branch_datetime_operator' retrieved from /home/airflow/.local/lib/python3.12/site-packages/airflow/example_dags/example_branch_datetime_operator.py
[2024-09-12T15:52:59.890+0000] {logging_mixin.py:190} INFO - [2024-09-12T15:52:59.889+0000] {dag.py:3211} INFO - Sync 3 DAGs
[2024-09-12T15:53:00.109+0000] {logging_mixin.py:190} INFO - [2024-09-12T15:53:00.109+0000] {dag.py:4138} INFO - Setting next_dagrun for example_branch_datetime_operator to 2024-09-11 00:00:00+00:00, run_after=2024-09-12 00:00:00+00:00
[2024-09-12T15:53:00.156+0000] {logging_mixin.py:190} INFO - [2024-09-12T15:53:00.156+0000] {dag.py:4138} INFO - Setting next_dagrun for example_branch_datetime_operator_2 to 2024-09-11 00:00:00+00:00, run_after=2024-09-12 00:00:00+00:00
[2024-09-12T15:53:00.163+0000] {logging_mixin.py:190} INFO - [2024-09-12T15:53:00.163+0000] {dag.py:4138} INFO - Setting next_dagrun for example_branch_datetime_operator_3 to 2024-09-11 00:00:00+00:00, run_after=2024-09-12 00:00:00+00:00
[2024-09-12T15:53:00.291+0000] {processor.py:208} INFO - Processing /home/airflow/.local/lib/python3.12/site-packages/airflow/example_dags/example_branch_datetime_operator.py took 0.756 seconds
[2024-09-12T15:53:33.877+0000] {processor.py:186} INFO - Started process (PID=2619) to work on /home/airflow/.local/lib/python3.12/site-packages/airflow/example_dags/example_branch_datetime_operator.py
[2024-09-12T15:53:33.899+0000] {processor.py:914} INFO - Processing file /home/airflow/.local/lib/python3.12/site-packages/airflow/example_dags/example_branch_datetime_operator.py for tasks to queue
[2024-09-12T15:53:33.906+0000] {logging_mixin.py:190} INFO - [2024-09-12T15:53:33.901+0000] {dagbag.py:587} INFO - Filling up the DagBag from /home/airflow/.local/lib/python3.12/site-packages/airflow/example_dags/example_branch_datetime_operator.py
[2024-09-12T15:53:34.016+0000] {processor.py:925} INFO - DAG(s) 'example_branch_datetime_operator_2', 'example_branch_datetime_operator_3', 'example_branch_datetime_operator' retrieved from /home/airflow/.local/lib/python3.12/site-packages/airflow/example_dags/example_branch_datetime_operator.py
[2024-09-12T15:53:34.337+0000] {logging_mixin.py:190} INFO - [2024-09-12T15:53:34.337+0000] {dag.py:3211} INFO - Sync 3 DAGs
[2024-09-12T15:53:34.582+0000] {logging_mixin.py:190} INFO - [2024-09-12T15:53:34.582+0000] {dag.py:4138} INFO - Setting next_dagrun for example_branch_datetime_operator to 2024-09-11 00:00:00+00:00, run_after=2024-09-12 00:00:00+00:00
[2024-09-12T15:53:34.616+0000] {logging_mixin.py:190} INFO - [2024-09-12T15:53:34.615+0000] {dag.py:4138} INFO - Setting next_dagrun for example_branch_datetime_operator_2 to 2024-09-11 00:00:00+00:00, run_after=2024-09-12 00:00:00+00:00
[2024-09-12T15:53:34.627+0000] {logging_mixin.py:190} INFO - [2024-09-12T15:53:34.627+0000] {dag.py:4138} INFO - Setting next_dagrun for example_branch_datetime_operator_3 to 2024-09-11 00:00:00+00:00, run_after=2024-09-12 00:00:00+00:00
[2024-09-12T15:53:34.800+0000] {processor.py:208} INFO - Processing /home/airflow/.local/lib/python3.12/site-packages/airflow/example_dags/example_branch_datetime_operator.py took 0.939 seconds
[2024-09-12T15:54:35.371+0000] {processor.py:186} INFO - Started process (PID=2695) to work on /home/airflow/.local/lib/python3.12/site-packages/airflow/example_dags/example_branch_datetime_operator.py
[2024-09-12T15:54:35.385+0000] {processor.py:914} INFO - Processing file /home/airflow/.local/lib/python3.12/site-packages/airflow/example_dags/example_branch_datetime_operator.py for tasks to queue
[2024-09-12T15:54:35.395+0000] {logging_mixin.py:190} INFO - [2024-09-12T15:54:35.387+0000] {dagbag.py:587} INFO - Filling up the DagBag from /home/airflow/.local/lib/python3.12/site-packages/airflow/example_dags/example_branch_datetime_operator.py
[2024-09-12T15:54:35.571+0000] {processor.py:925} INFO - DAG(s) 'example_branch_datetime_operator_3', 'example_branch_datetime_operator', 'example_branch_datetime_operator_2' retrieved from /home/airflow/.local/lib/python3.12/site-packages/airflow/example_dags/example_branch_datetime_operator.py
[2024-09-12T15:54:38.127+0000] {logging_mixin.py:190} INFO - [2024-09-12T15:54:38.092+0000] {dag.py:3211} INFO - Sync 3 DAGs
[2024-09-12T15:54:38.978+0000] {logging_mixin.py:190} INFO - [2024-09-12T15:54:38.947+0000] {dag.py:4138} INFO - Setting next_dagrun for example_branch_datetime_operator to 2024-09-11 00:00:00+00:00, run_after=2024-09-12 00:00:00+00:00
[2024-09-12T15:54:39.051+0000] {logging_mixin.py:190} INFO - [2024-09-12T15:54:39.044+0000] {dag.py:4138} INFO - Setting next_dagrun for example_branch_datetime_operator_2 to 2024-09-11 00:00:00+00:00, run_after=2024-09-12 00:00:00+00:00
[2024-09-12T15:54:39.079+0000] {logging_mixin.py:190} INFO - [2024-09-12T15:54:39.079+0000] {dag.py:4138} INFO - Setting next_dagrun for example_branch_datetime_operator_3 to 2024-09-11 00:00:00+00:00, run_after=2024-09-12 00:00:00+00:00
[2024-09-12T15:54:39.622+0000] {processor.py:208} INFO - Processing /home/airflow/.local/lib/python3.12/site-packages/airflow/example_dags/example_branch_datetime_operator.py took 4.349 seconds
[2024-09-12T15:55:42.909+0000] {processor.py:186} INFO - Started process (PID=2748) to work on /home/airflow/.local/lib/python3.12/site-packages/airflow/example_dags/example_branch_datetime_operator.py
[2024-09-12T15:55:42.922+0000] {processor.py:914} INFO - Processing file /home/airflow/.local/lib/python3.12/site-packages/airflow/example_dags/example_branch_datetime_operator.py for tasks to queue
[2024-09-12T15:55:42.926+0000] {logging_mixin.py:190} INFO - [2024-09-12T15:55:42.925+0000] {dagbag.py:587} INFO - Filling up the DagBag from /home/airflow/.local/lib/python3.12/site-packages/airflow/example_dags/example_branch_datetime_operator.py
[2024-09-12T15:55:42.997+0000] {processor.py:925} INFO - DAG(s) 'example_branch_datetime_operator_3', 'example_branch_datetime_operator_2', 'example_branch_datetime_operator' retrieved from /home/airflow/.local/lib/python3.12/site-packages/airflow/example_dags/example_branch_datetime_operator.py
[2024-09-12T15:55:43.177+0000] {logging_mixin.py:190} INFO - [2024-09-12T15:55:43.170+0000] {dag.py:3211} INFO - Sync 3 DAGs
[2024-09-12T15:55:43.378+0000] {logging_mixin.py:190} INFO - [2024-09-12T15:55:43.378+0000] {dag.py:4138} INFO - Setting next_dagrun for example_branch_datetime_operator to 2024-09-11 00:00:00+00:00, run_after=2024-09-12 00:00:00+00:00
[2024-09-12T15:55:43.395+0000] {logging_mixin.py:190} INFO - [2024-09-12T15:55:43.395+0000] {dag.py:4138} INFO - Setting next_dagrun for example_branch_datetime_operator_2 to 2024-09-11 00:00:00+00:00, run_after=2024-09-12 00:00:00+00:00
[2024-09-12T15:55:43.407+0000] {logging_mixin.py:190} INFO - [2024-09-12T15:55:43.406+0000] {dag.py:4138} INFO - Setting next_dagrun for example_branch_datetime_operator_3 to 2024-09-11 00:00:00+00:00, run_after=2024-09-12 00:00:00+00:00
[2024-09-12T15:55:43.484+0000] {processor.py:208} INFO - Processing /home/airflow/.local/lib/python3.12/site-packages/airflow/example_dags/example_branch_datetime_operator.py took 0.599 seconds
[2024-09-12T15:56:42.005+0000] {processor.py:186} INFO - Started process (PID=2811) to work on /home/airflow/.local/lib/python3.12/site-packages/airflow/example_dags/example_branch_datetime_operator.py
[2024-09-12T15:56:42.009+0000] {processor.py:914} INFO - Processing file /home/airflow/.local/lib/python3.12/site-packages/airflow/example_dags/example_branch_datetime_operator.py for tasks to queue
[2024-09-12T15:56:42.017+0000] {logging_mixin.py:190} INFO - [2024-09-12T15:56:42.016+0000] {dagbag.py:587} INFO - Filling up the DagBag from /home/airflow/.local/lib/python3.12/site-packages/airflow/example_dags/example_branch_datetime_operator.py
[2024-09-12T15:56:42.062+0000] {processor.py:925} INFO - DAG(s) 'example_branch_datetime_operator_2', 'example_branch_datetime_operator_3', 'example_branch_datetime_operator' retrieved from /home/airflow/.local/lib/python3.12/site-packages/airflow/example_dags/example_branch_datetime_operator.py
[2024-09-12T15:56:42.199+0000] {logging_mixin.py:190} INFO - [2024-09-12T15:56:42.199+0000] {dag.py:3211} INFO - Sync 3 DAGs
[2024-09-12T15:56:42.392+0000] {logging_mixin.py:190} INFO - [2024-09-12T15:56:42.392+0000] {dag.py:4138} INFO - Setting next_dagrun for example_branch_datetime_operator to 2024-09-11 00:00:00+00:00, run_after=2024-09-12 00:00:00+00:00
[2024-09-12T15:56:42.447+0000] {logging_mixin.py:190} INFO - [2024-09-12T15:56:42.446+0000] {dag.py:4138} INFO - Setting next_dagrun for example_branch_datetime_operator_2 to 2024-09-11 00:00:00+00:00, run_after=2024-09-12 00:00:00+00:00
[2024-09-12T15:56:42.473+0000] {logging_mixin.py:190} INFO - [2024-09-12T15:56:42.473+0000] {dag.py:4138} INFO - Setting next_dagrun for example_branch_datetime_operator_3 to 2024-09-11 00:00:00+00:00, run_after=2024-09-12 00:00:00+00:00
[2024-09-12T15:56:42.697+0000] {processor.py:208} INFO - Processing /home/airflow/.local/lib/python3.12/site-packages/airflow/example_dags/example_branch_datetime_operator.py took 0.712 seconds
[2024-09-12T15:57:15.063+0000] {processor.py:186} INFO - Started process (PID=2876) to work on /home/airflow/.local/lib/python3.12/site-packages/airflow/example_dags/example_branch_datetime_operator.py
[2024-09-12T15:57:15.093+0000] {processor.py:914} INFO - Processing file /home/airflow/.local/lib/python3.12/site-packages/airflow/example_dags/example_branch_datetime_operator.py for tasks to queue
[2024-09-12T15:57:15.099+0000] {logging_mixin.py:190} INFO - [2024-09-12T15:57:15.098+0000] {dagbag.py:587} INFO - Filling up the DagBag from /home/airflow/.local/lib/python3.12/site-packages/airflow/example_dags/example_branch_datetime_operator.py
[2024-09-12T15:57:15.186+0000] {processor.py:925} INFO - DAG(s) 'example_branch_datetime_operator_2', 'example_branch_datetime_operator_3', 'example_branch_datetime_operator' retrieved from /home/airflow/.local/lib/python3.12/site-packages/airflow/example_dags/example_branch_datetime_operator.py
[2024-09-12T15:57:15.362+0000] {logging_mixin.py:190} INFO - [2024-09-12T15:57:15.361+0000] {dag.py:3211} INFO - Sync 3 DAGs
[2024-09-12T15:57:15.544+0000] {logging_mixin.py:190} INFO - [2024-09-12T15:57:15.543+0000] {dag.py:4138} INFO - Setting next_dagrun for example_branch_datetime_operator to 2024-09-11 00:00:00+00:00, run_after=2024-09-12 00:00:00+00:00
[2024-09-12T15:57:15.585+0000] {logging_mixin.py:190} INFO - [2024-09-12T15:57:15.583+0000] {dag.py:4138} INFO - Setting next_dagrun for example_branch_datetime_operator_2 to 2024-09-11 00:00:00+00:00, run_after=2024-09-12 00:00:00+00:00
[2024-09-12T15:57:15.612+0000] {logging_mixin.py:190} INFO - [2024-09-12T15:57:15.612+0000] {dag.py:4138} INFO - Setting next_dagrun for example_branch_datetime_operator_3 to 2024-09-11 00:00:00+00:00, run_after=2024-09-12 00:00:00+00:00
[2024-09-12T15:57:15.773+0000] {processor.py:208} INFO - Processing /home/airflow/.local/lib/python3.12/site-packages/airflow/example_dags/example_branch_datetime_operator.py took 0.722 seconds
[2024-09-12T15:57:56.345+0000] {processor.py:186} INFO - Started process (PID=2934) to work on /home/airflow/.local/lib/python3.12/site-packages/airflow/example_dags/example_branch_datetime_operator.py
[2024-09-12T15:57:56.349+0000] {processor.py:914} INFO - Processing file /home/airflow/.local/lib/python3.12/site-packages/airflow/example_dags/example_branch_datetime_operator.py for tasks to queue
[2024-09-12T15:57:56.352+0000] {logging_mixin.py:190} INFO - [2024-09-12T15:57:56.351+0000] {dagbag.py:587} INFO - Filling up the DagBag from /home/airflow/.local/lib/python3.12/site-packages/airflow/example_dags/example_branch_datetime_operator.py
[2024-09-12T15:57:56.425+0000] {processor.py:925} INFO - DAG(s) 'example_branch_datetime_operator_2', 'example_branch_datetime_operator_3', 'example_branch_datetime_operator' retrieved from /home/airflow/.local/lib/python3.12/site-packages/airflow/example_dags/example_branch_datetime_operator.py
[2024-09-12T15:57:56.605+0000] {logging_mixin.py:190} INFO - [2024-09-12T15:57:56.605+0000] {dag.py:3211} INFO - Sync 3 DAGs
[2024-09-12T15:57:56.766+0000] {logging_mixin.py:190} INFO - [2024-09-12T15:57:56.765+0000] {dag.py:4138} INFO - Setting next_dagrun for example_branch_datetime_operator to 2024-09-11 00:00:00+00:00, run_after=2024-09-12 00:00:00+00:00
[2024-09-12T15:57:56.784+0000] {logging_mixin.py:190} INFO - [2024-09-12T15:57:56.782+0000] {dag.py:4138} INFO - Setting next_dagrun for example_branch_datetime_operator_2 to 2024-09-11 00:00:00+00:00, run_after=2024-09-12 00:00:00+00:00
[2024-09-12T15:57:56.796+0000] {logging_mixin.py:190} INFO - [2024-09-12T15:57:56.796+0000] {dag.py:4138} INFO - Setting next_dagrun for example_branch_datetime_operator_3 to 2024-09-11 00:00:00+00:00, run_after=2024-09-12 00:00:00+00:00
[2024-09-12T15:57:56.971+0000] {processor.py:208} INFO - Processing /home/airflow/.local/lib/python3.12/site-packages/airflow/example_dags/example_branch_datetime_operator.py took 0.680 seconds
[2024-09-12T15:59:15.075+0000] {processor.py:186} INFO - Started process (PID=2999) to work on /home/airflow/.local/lib/python3.12/site-packages/airflow/example_dags/example_branch_datetime_operator.py
[2024-09-12T15:59:15.079+0000] {processor.py:914} INFO - Processing file /home/airflow/.local/lib/python3.12/site-packages/airflow/example_dags/example_branch_datetime_operator.py for tasks to queue
[2024-09-12T15:59:15.083+0000] {logging_mixin.py:190} INFO - [2024-09-12T15:59:15.082+0000] {dagbag.py:587} INFO - Filling up the DagBag from /home/airflow/.local/lib/python3.12/site-packages/airflow/example_dags/example_branch_datetime_operator.py
[2024-09-12T15:59:15.224+0000] {processor.py:925} INFO - DAG(s) 'example_branch_datetime_operator_3', 'example_branch_datetime_operator', 'example_branch_datetime_operator_2' retrieved from /home/airflow/.local/lib/python3.12/site-packages/airflow/example_dags/example_branch_datetime_operator.py
[2024-09-12T15:59:15.489+0000] {logging_mixin.py:190} INFO - [2024-09-12T15:59:15.488+0000] {dag.py:3211} INFO - Sync 3 DAGs
[2024-09-12T15:59:15.677+0000] {logging_mixin.py:190} INFO - [2024-09-12T15:59:15.676+0000] {dag.py:4138} INFO - Setting next_dagrun for example_branch_datetime_operator to 2024-09-11 00:00:00+00:00, run_after=2024-09-12 00:00:00+00:00
[2024-09-12T15:59:15.723+0000] {logging_mixin.py:190} INFO - [2024-09-12T15:59:15.723+0000] {dag.py:4138} INFO - Setting next_dagrun for example_branch_datetime_operator_2 to 2024-09-11 00:00:00+00:00, run_after=2024-09-12 00:00:00+00:00
[2024-09-12T15:59:15.733+0000] {logging_mixin.py:190} INFO - [2024-09-12T15:59:15.732+0000] {dag.py:4138} INFO - Setting next_dagrun for example_branch_datetime_operator_3 to 2024-09-11 00:00:00+00:00, run_after=2024-09-12 00:00:00+00:00
[2024-09-12T15:59:15.821+0000] {processor.py:208} INFO - Processing /home/airflow/.local/lib/python3.12/site-packages/airflow/example_dags/example_branch_datetime_operator.py took 0.787 seconds
[2024-09-12T16:00:13.158+0000] {processor.py:186} INFO - Started process (PID=3075) to work on /home/airflow/.local/lib/python3.12/site-packages/airflow/example_dags/example_branch_datetime_operator.py
[2024-09-12T16:00:13.170+0000] {processor.py:914} INFO - Processing file /home/airflow/.local/lib/python3.12/site-packages/airflow/example_dags/example_branch_datetime_operator.py for tasks to queue
[2024-09-12T16:00:13.182+0000] {logging_mixin.py:190} INFO - [2024-09-12T16:00:13.181+0000] {dagbag.py:587} INFO - Filling up the DagBag from /home/airflow/.local/lib/python3.12/site-packages/airflow/example_dags/example_branch_datetime_operator.py
[2024-09-12T16:00:13.222+0000] {processor.py:925} INFO - DAG(s) 'example_branch_datetime_operator_2', 'example_branch_datetime_operator', 'example_branch_datetime_operator_3' retrieved from /home/airflow/.local/lib/python3.12/site-packages/airflow/example_dags/example_branch_datetime_operator.py
[2024-09-12T16:00:13.324+0000] {logging_mixin.py:190} INFO - [2024-09-12T16:00:13.323+0000] {dag.py:3211} INFO - Sync 3 DAGs
[2024-09-12T16:00:13.423+0000] {logging_mixin.py:190} INFO - [2024-09-12T16:00:13.421+0000] {dag.py:4138} INFO - Setting next_dagrun for example_branch_datetime_operator to 2024-09-11 00:00:00+00:00, run_after=2024-09-12 00:00:00+00:00
[2024-09-12T16:00:13.453+0000] {logging_mixin.py:190} INFO - [2024-09-12T16:00:13.452+0000] {dag.py:4138} INFO - Setting next_dagrun for example_branch_datetime_operator_2 to 2024-09-11 00:00:00+00:00, run_after=2024-09-12 00:00:00+00:00
[2024-09-12T16:00:13.459+0000] {logging_mixin.py:190} INFO - [2024-09-12T16:00:13.459+0000] {dag.py:4138} INFO - Setting next_dagrun for example_branch_datetime_operator_3 to 2024-09-11 00:00:00+00:00, run_after=2024-09-12 00:00:00+00:00
[2024-09-12T16:00:13.515+0000] {processor.py:208} INFO - Processing /home/airflow/.local/lib/python3.12/site-packages/airflow/example_dags/example_branch_datetime_operator.py took 0.376 seconds
[2024-09-12T16:00:54.475+0000] {processor.py:186} INFO - Started process (PID=3140) to work on /home/airflow/.local/lib/python3.12/site-packages/airflow/example_dags/example_branch_datetime_operator.py
[2024-09-12T16:00:54.492+0000] {processor.py:914} INFO - Processing file /home/airflow/.local/lib/python3.12/site-packages/airflow/example_dags/example_branch_datetime_operator.py for tasks to queue
[2024-09-12T16:00:54.495+0000] {logging_mixin.py:190} INFO - [2024-09-12T16:00:54.494+0000] {dagbag.py:587} INFO - Filling up the DagBag from /home/airflow/.local/lib/python3.12/site-packages/airflow/example_dags/example_branch_datetime_operator.py
[2024-09-12T16:00:54.555+0000] {processor.py:925} INFO - DAG(s) 'example_branch_datetime_operator_2', 'example_branch_datetime_operator', 'example_branch_datetime_operator_3' retrieved from /home/airflow/.local/lib/python3.12/site-packages/airflow/example_dags/example_branch_datetime_operator.py
[2024-09-12T16:00:54.726+0000] {logging_mixin.py:190} INFO - [2024-09-12T16:00:54.724+0000] {dag.py:3211} INFO - Sync 3 DAGs
[2024-09-12T16:00:54.881+0000] {logging_mixin.py:190} INFO - [2024-09-12T16:00:54.881+0000] {dag.py:4138} INFO - Setting next_dagrun for example_branch_datetime_operator to 2024-09-11 00:00:00+00:00, run_after=2024-09-12 00:00:00+00:00
[2024-09-12T16:00:54.905+0000] {logging_mixin.py:190} INFO - [2024-09-12T16:00:54.904+0000] {dag.py:4138} INFO - Setting next_dagrun for example_branch_datetime_operator_2 to 2024-09-11 00:00:00+00:00, run_after=2024-09-12 00:00:00+00:00
[2024-09-12T16:00:54.913+0000] {logging_mixin.py:190} INFO - [2024-09-12T16:00:54.912+0000] {dag.py:4138} INFO - Setting next_dagrun for example_branch_datetime_operator_3 to 2024-09-11 00:00:00+00:00, run_after=2024-09-12 00:00:00+00:00
[2024-09-12T16:00:54.975+0000] {processor.py:208} INFO - Processing /home/airflow/.local/lib/python3.12/site-packages/airflow/example_dags/example_branch_datetime_operator.py took 0.522 seconds
[2024-09-12T16:01:45.932+0000] {processor.py:186} INFO - Started process (PID=3204) to work on /home/airflow/.local/lib/python3.12/site-packages/airflow/example_dags/example_branch_datetime_operator.py
[2024-09-12T16:01:45.945+0000] {processor.py:914} INFO - Processing file /home/airflow/.local/lib/python3.12/site-packages/airflow/example_dags/example_branch_datetime_operator.py for tasks to queue
[2024-09-12T16:01:45.948+0000] {logging_mixin.py:190} INFO - [2024-09-12T16:01:45.947+0000] {dagbag.py:587} INFO - Filling up the DagBag from /home/airflow/.local/lib/python3.12/site-packages/airflow/example_dags/example_branch_datetime_operator.py
[2024-09-12T16:01:46.127+0000] {processor.py:925} INFO - DAG(s) 'example_branch_datetime_operator_2', 'example_branch_datetime_operator', 'example_branch_datetime_operator_3' retrieved from /home/airflow/.local/lib/python3.12/site-packages/airflow/example_dags/example_branch_datetime_operator.py
[2024-09-12T16:01:46.670+0000] {logging_mixin.py:190} INFO - [2024-09-12T16:01:46.669+0000] {dag.py:3211} INFO - Sync 3 DAGs
[2024-09-12T16:01:46.948+0000] {logging_mixin.py:190} INFO - [2024-09-12T16:01:46.947+0000] {dag.py:4138} INFO - Setting next_dagrun for example_branch_datetime_operator to 2024-09-11 00:00:00+00:00, run_after=2024-09-12 00:00:00+00:00
[2024-09-12T16:01:47.011+0000] {logging_mixin.py:190} INFO - [2024-09-12T16:01:47.011+0000] {dag.py:4138} INFO - Setting next_dagrun for example_branch_datetime_operator_2 to 2024-09-11 00:00:00+00:00, run_after=2024-09-12 00:00:00+00:00
[2024-09-12T16:01:47.040+0000] {logging_mixin.py:190} INFO - [2024-09-12T16:01:47.039+0000] {dag.py:4138} INFO - Setting next_dagrun for example_branch_datetime_operator_3 to 2024-09-11 00:00:00+00:00, run_after=2024-09-12 00:00:00+00:00
[2024-09-12T16:01:47.238+0000] {processor.py:208} INFO - Processing /home/airflow/.local/lib/python3.12/site-packages/airflow/example_dags/example_branch_datetime_operator.py took 1.331 seconds
[2024-09-12T16:02:25.273+0000] {processor.py:186} INFO - Started process (PID=3249) to work on /home/airflow/.local/lib/python3.12/site-packages/airflow/example_dags/example_branch_datetime_operator.py
[2024-09-12T16:02:25.278+0000] {processor.py:914} INFO - Processing file /home/airflow/.local/lib/python3.12/site-packages/airflow/example_dags/example_branch_datetime_operator.py for tasks to queue
[2024-09-12T16:02:25.283+0000] {logging_mixin.py:190} INFO - [2024-09-12T16:02:25.282+0000] {dagbag.py:587} INFO - Filling up the DagBag from /home/airflow/.local/lib/python3.12/site-packages/airflow/example_dags/example_branch_datetime_operator.py
[2024-09-12T16:02:25.414+0000] {processor.py:925} INFO - DAG(s) 'example_branch_datetime_operator', 'example_branch_datetime_operator_3', 'example_branch_datetime_operator_2' retrieved from /home/airflow/.local/lib/python3.12/site-packages/airflow/example_dags/example_branch_datetime_operator.py
[2024-09-12T16:02:25.709+0000] {logging_mixin.py:190} INFO - [2024-09-12T16:02:25.709+0000] {dag.py:3211} INFO - Sync 3 DAGs
[2024-09-12T16:02:26.103+0000] {logging_mixin.py:190} INFO - [2024-09-12T16:02:26.102+0000] {dag.py:4138} INFO - Setting next_dagrun for example_branch_datetime_operator to 2024-09-11 00:00:00+00:00, run_after=2024-09-12 00:00:00+00:00
[2024-09-12T16:02:26.197+0000] {logging_mixin.py:190} INFO - [2024-09-12T16:02:26.196+0000] {dag.py:4138} INFO - Setting next_dagrun for example_branch_datetime_operator_2 to 2024-09-11 00:00:00+00:00, run_after=2024-09-12 00:00:00+00:00
[2024-09-12T16:02:26.218+0000] {logging_mixin.py:190} INFO - [2024-09-12T16:02:26.217+0000] {dag.py:4138} INFO - Setting next_dagrun for example_branch_datetime_operator_3 to 2024-09-11 00:00:00+00:00, run_after=2024-09-12 00:00:00+00:00
[2024-09-12T16:02:26.481+0000] {processor.py:208} INFO - Processing /home/airflow/.local/lib/python3.12/site-packages/airflow/example_dags/example_branch_datetime_operator.py took 1.249 seconds
[2024-09-12T16:03:23.495+0000] {processor.py:186} INFO - Started process (PID=3299) to work on /home/airflow/.local/lib/python3.12/site-packages/airflow/example_dags/example_branch_datetime_operator.py
[2024-09-12T16:03:23.509+0000] {processor.py:914} INFO - Processing file /home/airflow/.local/lib/python3.12/site-packages/airflow/example_dags/example_branch_datetime_operator.py for tasks to queue
[2024-09-12T16:03:23.518+0000] {logging_mixin.py:190} INFO - [2024-09-12T16:03:23.517+0000] {dagbag.py:587} INFO - Filling up the DagBag from /home/airflow/.local/lib/python3.12/site-packages/airflow/example_dags/example_branch_datetime_operator.py
[2024-09-12T16:03:23.598+0000] {processor.py:925} INFO - DAG(s) 'example_branch_datetime_operator_3', 'example_branch_datetime_operator', 'example_branch_datetime_operator_2' retrieved from /home/airflow/.local/lib/python3.12/site-packages/airflow/example_dags/example_branch_datetime_operator.py
[2024-09-12T16:03:23.861+0000] {logging_mixin.py:190} INFO - [2024-09-12T16:03:23.860+0000] {dag.py:3211} INFO - Sync 3 DAGs
[2024-09-12T16:03:24.860+0000] {logging_mixin.py:190} INFO - [2024-09-12T16:03:24.859+0000] {dag.py:4138} INFO - Setting next_dagrun for example_branch_datetime_operator to 2024-09-11 00:00:00+00:00, run_after=2024-09-12 00:00:00+00:00
[2024-09-12T16:03:24.900+0000] {logging_mixin.py:190} INFO - [2024-09-12T16:03:24.900+0000] {dag.py:4138} INFO - Setting next_dagrun for example_branch_datetime_operator_2 to 2024-09-11 00:00:00+00:00, run_after=2024-09-12 00:00:00+00:00
[2024-09-12T16:03:25.004+0000] {logging_mixin.py:190} INFO - [2024-09-12T16:03:25.004+0000] {dag.py:4138} INFO - Setting next_dagrun for example_branch_datetime_operator_3 to 2024-09-11 00:00:00+00:00, run_after=2024-09-12 00:00:00+00:00
[2024-09-12T16:03:25.340+0000] {processor.py:208} INFO - Processing /home/airflow/.local/lib/python3.12/site-packages/airflow/example_dags/example_branch_datetime_operator.py took 1.870 seconds
[2024-09-12T16:03:58.920+0000] {processor.py:186} INFO - Started process (PID=3365) to work on /home/airflow/.local/lib/python3.12/site-packages/airflow/example_dags/example_branch_datetime_operator.py
[2024-09-12T16:03:58.936+0000] {processor.py:914} INFO - Processing file /home/airflow/.local/lib/python3.12/site-packages/airflow/example_dags/example_branch_datetime_operator.py for tasks to queue
[2024-09-12T16:03:58.951+0000] {logging_mixin.py:190} INFO - [2024-09-12T16:03:58.950+0000] {dagbag.py:587} INFO - Filling up the DagBag from /home/airflow/.local/lib/python3.12/site-packages/airflow/example_dags/example_branch_datetime_operator.py
[2024-09-12T16:03:59.090+0000] {processor.py:925} INFO - DAG(s) 'example_branch_datetime_operator', 'example_branch_datetime_operator_2', 'example_branch_datetime_operator_3' retrieved from /home/airflow/.local/lib/python3.12/site-packages/airflow/example_dags/example_branch_datetime_operator.py
[2024-09-12T16:03:59.679+0000] {logging_mixin.py:190} INFO - [2024-09-12T16:03:59.678+0000] {dag.py:3211} INFO - Sync 3 DAGs
[2024-09-12T16:04:00.103+0000] {logging_mixin.py:190} INFO - [2024-09-12T16:04:00.099+0000] {dag.py:4138} INFO - Setting next_dagrun for example_branch_datetime_operator to 2024-09-11 00:00:00+00:00, run_after=2024-09-12 00:00:00+00:00
[2024-09-12T16:04:00.142+0000] {logging_mixin.py:190} INFO - [2024-09-12T16:04:00.142+0000] {dag.py:4138} INFO - Setting next_dagrun for example_branch_datetime_operator_2 to 2024-09-11 00:00:00+00:00, run_after=2024-09-12 00:00:00+00:00
[2024-09-12T16:04:00.162+0000] {logging_mixin.py:190} INFO - [2024-09-12T16:04:00.161+0000] {dag.py:4138} INFO - Setting next_dagrun for example_branch_datetime_operator_3 to 2024-09-11 00:00:00+00:00, run_after=2024-09-12 00:00:00+00:00
[2024-09-12T16:04:01.821+0000] {processor.py:208} INFO - Processing /home/airflow/.local/lib/python3.12/site-packages/airflow/example_dags/example_branch_datetime_operator.py took 3.025 seconds
[2024-09-12T16:05:42.625+0000] {processor.py:186} INFO - Started process (PID=3449) to work on /home/airflow/.local/lib/python3.12/site-packages/airflow/example_dags/example_branch_datetime_operator.py
[2024-09-12T16:05:42.643+0000] {processor.py:914} INFO - Processing file /home/airflow/.local/lib/python3.12/site-packages/airflow/example_dags/example_branch_datetime_operator.py for tasks to queue
[2024-09-12T16:05:42.659+0000] {logging_mixin.py:190} INFO - [2024-09-12T16:05:42.649+0000] {dagbag.py:587} INFO - Filling up the DagBag from /home/airflow/.local/lib/python3.12/site-packages/airflow/example_dags/example_branch_datetime_operator.py
[2024-09-12T16:05:42.946+0000] {processor.py:925} INFO - DAG(s) 'example_branch_datetime_operator', 'example_branch_datetime_operator_3', 'example_branch_datetime_operator_2' retrieved from /home/airflow/.local/lib/python3.12/site-packages/airflow/example_dags/example_branch_datetime_operator.py
[2024-09-12T16:05:43.313+0000] {logging_mixin.py:190} INFO - [2024-09-12T16:05:43.312+0000] {dag.py:3211} INFO - Sync 3 DAGs
[2024-09-12T16:05:45.075+0000] {logging_mixin.py:190} INFO - [2024-09-12T16:05:45.074+0000] {dag.py:4138} INFO - Setting next_dagrun for example_branch_datetime_operator to 2024-09-11 00:00:00+00:00, run_after=2024-09-12 00:00:00+00:00
[2024-09-12T16:05:45.155+0000] {logging_mixin.py:190} INFO - [2024-09-12T16:05:45.155+0000] {dag.py:4138} INFO - Setting next_dagrun for example_branch_datetime_operator_2 to 2024-09-11 00:00:00+00:00, run_after=2024-09-12 00:00:00+00:00
[2024-09-12T16:05:45.206+0000] {logging_mixin.py:190} INFO - [2024-09-12T16:05:45.205+0000] {dag.py:4138} INFO - Setting next_dagrun for example_branch_datetime_operator_3 to 2024-09-11 00:00:00+00:00, run_after=2024-09-12 00:00:00+00:00
[2024-09-12T16:05:45.618+0000] {processor.py:208} INFO - Processing /home/airflow/.local/lib/python3.12/site-packages/airflow/example_dags/example_branch_datetime_operator.py took 3.085 seconds
[2024-09-12T16:07:32.317+0000] {processor.py:186} INFO - Started process (PID=3530) to work on /home/airflow/.local/lib/python3.12/site-packages/airflow/example_dags/example_branch_datetime_operator.py
[2024-09-12T16:07:32.350+0000] {processor.py:914} INFO - Processing file /home/airflow/.local/lib/python3.12/site-packages/airflow/example_dags/example_branch_datetime_operator.py for tasks to queue
[2024-09-12T16:07:32.368+0000] {logging_mixin.py:190} INFO - [2024-09-12T16:07:32.367+0000] {dagbag.py:587} INFO - Filling up the DagBag from /home/airflow/.local/lib/python3.12/site-packages/airflow/example_dags/example_branch_datetime_operator.py
[2024-09-12T16:07:34.362+0000] {processor.py:925} INFO - DAG(s) 'example_branch_datetime_operator_2', 'example_branch_datetime_operator', 'example_branch_datetime_operator_3' retrieved from /home/airflow/.local/lib/python3.12/site-packages/airflow/example_dags/example_branch_datetime_operator.py
[2024-09-12T16:07:34.816+0000] {logging_mixin.py:190} INFO - [2024-09-12T16:07:34.815+0000] {dag.py:3211} INFO - Sync 3 DAGs
[2024-09-12T16:07:35.252+0000] {logging_mixin.py:190} INFO - [2024-09-12T16:07:35.225+0000] {dag.py:4138} INFO - Setting next_dagrun for example_branch_datetime_operator to 2024-09-11 00:00:00+00:00, run_after=2024-09-12 00:00:00+00:00
[2024-09-12T16:07:35.351+0000] {logging_mixin.py:190} INFO - [2024-09-12T16:07:35.350+0000] {dag.py:4138} INFO - Setting next_dagrun for example_branch_datetime_operator_2 to 2024-09-11 00:00:00+00:00, run_after=2024-09-12 00:00:00+00:00
[2024-09-12T16:07:35.380+0000] {logging_mixin.py:190} INFO - [2024-09-12T16:07:35.380+0000] {dag.py:4138} INFO - Setting next_dagrun for example_branch_datetime_operator_3 to 2024-09-11 00:00:00+00:00, run_after=2024-09-12 00:00:00+00:00
[2024-09-12T16:07:35.627+0000] {processor.py:208} INFO - Processing /home/airflow/.local/lib/python3.12/site-packages/airflow/example_dags/example_branch_datetime_operator.py took 3.381 seconds
[2024-09-12T16:08:19.744+0000] {processor.py:186} INFO - Started process (PID=3602) to work on /home/airflow/.local/lib/python3.12/site-packages/airflow/example_dags/example_branch_datetime_operator.py
[2024-09-12T16:08:19.759+0000] {processor.py:914} INFO - Processing file /home/airflow/.local/lib/python3.12/site-packages/airflow/example_dags/example_branch_datetime_operator.py for tasks to queue
[2024-09-12T16:08:19.765+0000] {logging_mixin.py:190} INFO - [2024-09-12T16:08:19.761+0000] {dagbag.py:587} INFO - Filling up the DagBag from /home/airflow/.local/lib/python3.12/site-packages/airflow/example_dags/example_branch_datetime_operator.py
[2024-09-12T16:08:19.878+0000] {processor.py:925} INFO - DAG(s) 'example_branch_datetime_operator_2', 'example_branch_datetime_operator_3', 'example_branch_datetime_operator' retrieved from /home/airflow/.local/lib/python3.12/site-packages/airflow/example_dags/example_branch_datetime_operator.py
[2024-09-12T16:08:28.489+0000] {logging_mixin.py:190} INFO - [2024-09-12T16:08:28.488+0000] {dag.py:3211} INFO - Sync 3 DAGs
[2024-09-12T16:08:28.726+0000] {logging_mixin.py:190} INFO - [2024-09-12T16:08:28.725+0000] {dag.py:4138} INFO - Setting next_dagrun for example_branch_datetime_operator to 2024-09-11 00:00:00+00:00, run_after=2024-09-12 00:00:00+00:00
[2024-09-12T16:08:28.760+0000] {logging_mixin.py:190} INFO - [2024-09-12T16:08:28.754+0000] {dag.py:4138} INFO - Setting next_dagrun for example_branch_datetime_operator_2 to 2024-09-11 00:00:00+00:00, run_after=2024-09-12 00:00:00+00:00
[2024-09-12T16:08:28.785+0000] {logging_mixin.py:190} INFO - [2024-09-12T16:08:28.785+0000] {dag.py:4138} INFO - Setting next_dagrun for example_branch_datetime_operator_3 to 2024-09-11 00:00:00+00:00, run_after=2024-09-12 00:00:00+00:00
[2024-09-12T16:08:28.913+0000] {processor.py:208} INFO - Processing /home/airflow/.local/lib/python3.12/site-packages/airflow/example_dags/example_branch_datetime_operator.py took 9.302 seconds
[2024-09-12T16:09:10.834+0000] {processor.py:186} INFO - Started process (PID=3656) to work on /home/airflow/.local/lib/python3.12/site-packages/airflow/example_dags/example_branch_datetime_operator.py
[2024-09-12T16:09:10.836+0000] {processor.py:914} INFO - Processing file /home/airflow/.local/lib/python3.12/site-packages/airflow/example_dags/example_branch_datetime_operator.py for tasks to queue
[2024-09-12T16:09:10.845+0000] {logging_mixin.py:190} INFO - [2024-09-12T16:09:10.840+0000] {dagbag.py:587} INFO - Filling up the DagBag from /home/airflow/.local/lib/python3.12/site-packages/airflow/example_dags/example_branch_datetime_operator.py
[2024-09-12T16:09:10.974+0000] {processor.py:925} INFO - DAG(s) 'example_branch_datetime_operator', 'example_branch_datetime_operator_3', 'example_branch_datetime_operator_2' retrieved from /home/airflow/.local/lib/python3.12/site-packages/airflow/example_dags/example_branch_datetime_operator.py
[2024-09-12T16:09:11.294+0000] {logging_mixin.py:190} INFO - [2024-09-12T16:09:11.294+0000] {dag.py:3211} INFO - Sync 3 DAGs
[2024-09-12T16:09:11.495+0000] {logging_mixin.py:190} INFO - [2024-09-12T16:09:11.492+0000] {dag.py:4138} INFO - Setting next_dagrun for example_branch_datetime_operator to 2024-09-11 00:00:00+00:00, run_after=2024-09-12 00:00:00+00:00
[2024-09-12T16:09:11.523+0000] {logging_mixin.py:190} INFO - [2024-09-12T16:09:11.522+0000] {dag.py:4138} INFO - Setting next_dagrun for example_branch_datetime_operator_2 to 2024-09-11 00:00:00+00:00, run_after=2024-09-12 00:00:00+00:00
[2024-09-12T16:09:11.541+0000] {logging_mixin.py:190} INFO - [2024-09-12T16:09:11.540+0000] {dag.py:4138} INFO - Setting next_dagrun for example_branch_datetime_operator_3 to 2024-09-11 00:00:00+00:00, run_after=2024-09-12 00:00:00+00:00
[2024-09-12T16:09:11.669+0000] {processor.py:208} INFO - Processing /home/airflow/.local/lib/python3.12/site-packages/airflow/example_dags/example_branch_datetime_operator.py took 0.866 seconds
[2024-09-12T16:09:44.875+0000] {processor.py:186} INFO - Started process (PID=3726) to work on /home/airflow/.local/lib/python3.12/site-packages/airflow/example_dags/example_branch_datetime_operator.py
[2024-09-12T16:09:44.886+0000] {processor.py:914} INFO - Processing file /home/airflow/.local/lib/python3.12/site-packages/airflow/example_dags/example_branch_datetime_operator.py for tasks to queue
[2024-09-12T16:09:44.890+0000] {logging_mixin.py:190} INFO - [2024-09-12T16:09:44.889+0000] {dagbag.py:587} INFO - Filling up the DagBag from /home/airflow/.local/lib/python3.12/site-packages/airflow/example_dags/example_branch_datetime_operator.py
[2024-09-12T16:09:44.950+0000] {processor.py:925} INFO - DAG(s) 'example_branch_datetime_operator', 'example_branch_datetime_operator_2', 'example_branch_datetime_operator_3' retrieved from /home/airflow/.local/lib/python3.12/site-packages/airflow/example_dags/example_branch_datetime_operator.py
[2024-09-12T16:09:45.192+0000] {logging_mixin.py:190} INFO - [2024-09-12T16:09:45.192+0000] {dag.py:3211} INFO - Sync 3 DAGs
[2024-09-12T16:09:45.524+0000] {logging_mixin.py:190} INFO - [2024-09-12T16:09:45.524+0000] {dag.py:4138} INFO - Setting next_dagrun for example_branch_datetime_operator to 2024-09-11 00:00:00+00:00, run_after=2024-09-12 00:00:00+00:00
[2024-09-12T16:09:45.573+0000] {logging_mixin.py:190} INFO - [2024-09-12T16:09:45.572+0000] {dag.py:4138} INFO - Setting next_dagrun for example_branch_datetime_operator_2 to 2024-09-11 00:00:00+00:00, run_after=2024-09-12 00:00:00+00:00
[2024-09-12T16:09:45.591+0000] {logging_mixin.py:190} INFO - [2024-09-12T16:09:45.589+0000] {dag.py:4138} INFO - Setting next_dagrun for example_branch_datetime_operator_3 to 2024-09-11 00:00:00+00:00, run_after=2024-09-12 00:00:00+00:00
[2024-09-12T16:09:45.720+0000] {processor.py:208} INFO - Processing /home/airflow/.local/lib/python3.12/site-packages/airflow/example_dags/example_branch_datetime_operator.py took 0.883 seconds
[2024-09-12T16:10:28.985+0000] {processor.py:186} INFO - Started process (PID=3745) to work on /home/airflow/.local/lib/python3.12/site-packages/airflow/example_dags/example_branch_datetime_operator.py
[2024-09-12T16:10:28.991+0000] {processor.py:914} INFO - Processing file /home/airflow/.local/lib/python3.12/site-packages/airflow/example_dags/example_branch_datetime_operator.py for tasks to queue
[2024-09-12T16:10:28.997+0000] {logging_mixin.py:190} INFO - [2024-09-12T16:10:28.995+0000] {dagbag.py:587} INFO - Filling up the DagBag from /home/airflow/.local/lib/python3.12/site-packages/airflow/example_dags/example_branch_datetime_operator.py
[2024-09-12T16:10:29.057+0000] {processor.py:925} INFO - DAG(s) 'example_branch_datetime_operator', 'example_branch_datetime_operator_3', 'example_branch_datetime_operator_2' retrieved from /home/airflow/.local/lib/python3.12/site-packages/airflow/example_dags/example_branch_datetime_operator.py
[2024-09-12T16:10:29.191+0000] {logging_mixin.py:190} INFO - [2024-09-12T16:10:29.191+0000] {dag.py:3211} INFO - Sync 3 DAGs
[2024-09-12T16:10:29.311+0000] {logging_mixin.py:190} INFO - [2024-09-12T16:10:29.311+0000] {dag.py:4138} INFO - Setting next_dagrun for example_branch_datetime_operator to 2024-09-11 00:00:00+00:00, run_after=2024-09-12 00:00:00+00:00
[2024-09-12T16:10:29.334+0000] {logging_mixin.py:190} INFO - [2024-09-12T16:10:29.333+0000] {dag.py:4138} INFO - Setting next_dagrun for example_branch_datetime_operator_2 to 2024-09-11 00:00:00+00:00, run_after=2024-09-12 00:00:00+00:00
[2024-09-12T16:10:29.346+0000] {logging_mixin.py:190} INFO - [2024-09-12T16:10:29.345+0000] {dag.py:4138} INFO - Setting next_dagrun for example_branch_datetime_operator_3 to 2024-09-11 00:00:00+00:00, run_after=2024-09-12 00:00:00+00:00
[2024-09-12T16:10:29.416+0000] {processor.py:208} INFO - Processing /home/airflow/.local/lib/python3.12/site-packages/airflow/example_dags/example_branch_datetime_operator.py took 0.456 seconds
[2024-09-12T16:10:59.958+0000] {processor.py:186} INFO - Started process (PID=3811) to work on /home/airflow/.local/lib/python3.12/site-packages/airflow/example_dags/example_branch_datetime_operator.py
[2024-09-12T16:10:59.962+0000] {processor.py:914} INFO - Processing file /home/airflow/.local/lib/python3.12/site-packages/airflow/example_dags/example_branch_datetime_operator.py for tasks to queue
[2024-09-12T16:10:59.971+0000] {logging_mixin.py:190} INFO - [2024-09-12T16:10:59.970+0000] {dagbag.py:587} INFO - Filling up the DagBag from /home/airflow/.local/lib/python3.12/site-packages/airflow/example_dags/example_branch_datetime_operator.py
[2024-09-12T16:11:00.031+0000] {processor.py:925} INFO - DAG(s) 'example_branch_datetime_operator_3', 'example_branch_datetime_operator', 'example_branch_datetime_operator_2' retrieved from /home/airflow/.local/lib/python3.12/site-packages/airflow/example_dags/example_branch_datetime_operator.py
[2024-09-12T16:11:00.170+0000] {logging_mixin.py:190} INFO - [2024-09-12T16:11:00.169+0000] {dag.py:3211} INFO - Sync 3 DAGs
[2024-09-12T16:11:00.272+0000] {logging_mixin.py:190} INFO - [2024-09-12T16:11:00.271+0000] {dag.py:4138} INFO - Setting next_dagrun for example_branch_datetime_operator to 2024-09-11 00:00:00+00:00, run_after=2024-09-12 00:00:00+00:00
[2024-09-12T16:11:00.288+0000] {logging_mixin.py:190} INFO - [2024-09-12T16:11:00.286+0000] {dag.py:4138} INFO - Setting next_dagrun for example_branch_datetime_operator_2 to 2024-09-11 00:00:00+00:00, run_after=2024-09-12 00:00:00+00:00
[2024-09-12T16:11:00.311+0000] {logging_mixin.py:190} INFO - [2024-09-12T16:11:00.311+0000] {dag.py:4138} INFO - Setting next_dagrun for example_branch_datetime_operator_3 to 2024-09-11 00:00:00+00:00, run_after=2024-09-12 00:00:00+00:00
[2024-09-12T16:11:00.409+0000] {processor.py:208} INFO - Processing /home/airflow/.local/lib/python3.12/site-packages/airflow/example_dags/example_branch_datetime_operator.py took 0.482 seconds
[2024-09-12T16:11:38.282+0000] {processor.py:186} INFO - Started process (PID=3864) to work on /home/airflow/.local/lib/python3.12/site-packages/airflow/example_dags/example_branch_datetime_operator.py
[2024-09-12T16:11:38.327+0000] {processor.py:914} INFO - Processing file /home/airflow/.local/lib/python3.12/site-packages/airflow/example_dags/example_branch_datetime_operator.py for tasks to queue
[2024-09-12T16:11:38.348+0000] {logging_mixin.py:190} INFO - [2024-09-12T16:11:38.333+0000] {dagbag.py:587} INFO - Filling up the DagBag from /home/airflow/.local/lib/python3.12/site-packages/airflow/example_dags/example_branch_datetime_operator.py
[2024-09-12T16:11:38.419+0000] {processor.py:925} INFO - DAG(s) 'example_branch_datetime_operator_3', 'example_branch_datetime_operator', 'example_branch_datetime_operator_2' retrieved from /home/airflow/.local/lib/python3.12/site-packages/airflow/example_dags/example_branch_datetime_operator.py
[2024-09-12T16:11:38.566+0000] {logging_mixin.py:190} INFO - [2024-09-12T16:11:38.565+0000] {dag.py:3211} INFO - Sync 3 DAGs
[2024-09-12T16:11:38.774+0000] {logging_mixin.py:190} INFO - [2024-09-12T16:11:38.774+0000] {dag.py:4138} INFO - Setting next_dagrun for example_branch_datetime_operator to 2024-09-11 00:00:00+00:00, run_after=2024-09-12 00:00:00+00:00
[2024-09-12T16:11:38.851+0000] {logging_mixin.py:190} INFO - [2024-09-12T16:11:38.851+0000] {dag.py:4138} INFO - Setting next_dagrun for example_branch_datetime_operator_2 to 2024-09-11 00:00:00+00:00, run_after=2024-09-12 00:00:00+00:00
[2024-09-12T16:11:38.871+0000] {logging_mixin.py:190} INFO - [2024-09-12T16:11:38.870+0000] {dag.py:4138} INFO - Setting next_dagrun for example_branch_datetime_operator_3 to 2024-09-11 00:00:00+00:00, run_after=2024-09-12 00:00:00+00:00
[2024-09-12T16:11:38.990+0000] {processor.py:208} INFO - Processing /home/airflow/.local/lib/python3.12/site-packages/airflow/example_dags/example_branch_datetime_operator.py took 0.754 seconds
[2024-09-12T16:12:36.087+0000] {processor.py:186} INFO - Started process (PID=3926) to work on /home/airflow/.local/lib/python3.12/site-packages/airflow/example_dags/example_branch_datetime_operator.py
[2024-09-12T16:12:36.121+0000] {processor.py:914} INFO - Processing file /home/airflow/.local/lib/python3.12/site-packages/airflow/example_dags/example_branch_datetime_operator.py for tasks to queue
[2024-09-12T16:12:36.171+0000] {logging_mixin.py:190} INFO - [2024-09-12T16:12:36.170+0000] {dagbag.py:587} INFO - Filling up the DagBag from /home/airflow/.local/lib/python3.12/site-packages/airflow/example_dags/example_branch_datetime_operator.py
[2024-09-12T16:12:36.343+0000] {processor.py:925} INFO - DAG(s) 'example_branch_datetime_operator_3', 'example_branch_datetime_operator', 'example_branch_datetime_operator_2' retrieved from /home/airflow/.local/lib/python3.12/site-packages/airflow/example_dags/example_branch_datetime_operator.py
[2024-09-12T16:12:36.674+0000] {logging_mixin.py:190} INFO - [2024-09-12T16:12:36.673+0000] {dag.py:3211} INFO - Sync 3 DAGs
[2024-09-12T16:12:36.908+0000] {logging_mixin.py:190} INFO - [2024-09-12T16:12:36.907+0000] {dag.py:4138} INFO - Setting next_dagrun for example_branch_datetime_operator to 2024-09-11 00:00:00+00:00, run_after=2024-09-12 00:00:00+00:00
[2024-09-12T16:12:36.943+0000] {logging_mixin.py:190} INFO - [2024-09-12T16:12:36.942+0000] {dag.py:4138} INFO - Setting next_dagrun for example_branch_datetime_operator_2 to 2024-09-11 00:00:00+00:00, run_after=2024-09-12 00:00:00+00:00
[2024-09-12T16:12:36.982+0000] {logging_mixin.py:190} INFO - [2024-09-12T16:12:36.981+0000] {dag.py:4138} INFO - Setting next_dagrun for example_branch_datetime_operator_3 to 2024-09-11 00:00:00+00:00, run_after=2024-09-12 00:00:00+00:00
[2024-09-12T16:12:37.213+0000] {processor.py:208} INFO - Processing /home/airflow/.local/lib/python3.12/site-packages/airflow/example_dags/example_branch_datetime_operator.py took 1.190 seconds
[2024-09-12T16:13:07.682+0000] {processor.py:186} INFO - Started process (PID=3988) to work on /home/airflow/.local/lib/python3.12/site-packages/airflow/example_dags/example_branch_datetime_operator.py
[2024-09-12T16:13:07.693+0000] {processor.py:914} INFO - Processing file /home/airflow/.local/lib/python3.12/site-packages/airflow/example_dags/example_branch_datetime_operator.py for tasks to queue
[2024-09-12T16:13:07.703+0000] {logging_mixin.py:190} INFO - [2024-09-12T16:13:07.702+0000] {dagbag.py:587} INFO - Filling up the DagBag from /home/airflow/.local/lib/python3.12/site-packages/airflow/example_dags/example_branch_datetime_operator.py
[2024-09-12T16:13:07.772+0000] {processor.py:925} INFO - DAG(s) 'example_branch_datetime_operator', 'example_branch_datetime_operator_2', 'example_branch_datetime_operator_3' retrieved from /home/airflow/.local/lib/python3.12/site-packages/airflow/example_dags/example_branch_datetime_operator.py
[2024-09-12T16:13:07.966+0000] {logging_mixin.py:190} INFO - [2024-09-12T16:13:07.966+0000] {dag.py:3211} INFO - Sync 3 DAGs
[2024-09-12T16:13:08.109+0000] {logging_mixin.py:190} INFO - [2024-09-12T16:13:08.108+0000] {dag.py:4138} INFO - Setting next_dagrun for example_branch_datetime_operator to 2024-09-11 00:00:00+00:00, run_after=2024-09-12 00:00:00+00:00
[2024-09-12T16:13:08.134+0000] {logging_mixin.py:190} INFO - [2024-09-12T16:13:08.134+0000] {dag.py:4138} INFO - Setting next_dagrun for example_branch_datetime_operator_2 to 2024-09-11 00:00:00+00:00, run_after=2024-09-12 00:00:00+00:00
[2024-09-12T16:13:08.146+0000] {logging_mixin.py:190} INFO - [2024-09-12T16:13:08.144+0000] {dag.py:4138} INFO - Setting next_dagrun for example_branch_datetime_operator_3 to 2024-09-11 00:00:00+00:00, run_after=2024-09-12 00:00:00+00:00
[2024-09-12T16:13:08.214+0000] {processor.py:208} INFO - Processing /home/airflow/.local/lib/python3.12/site-packages/airflow/example_dags/example_branch_datetime_operator.py took 0.565 seconds
[2024-09-12T16:13:46.302+0000] {processor.py:186} INFO - Started process (PID=4015) to work on /home/airflow/.local/lib/python3.12/site-packages/airflow/example_dags/example_branch_datetime_operator.py
[2024-09-12T16:13:46.321+0000] {processor.py:914} INFO - Processing file /home/airflow/.local/lib/python3.12/site-packages/airflow/example_dags/example_branch_datetime_operator.py for tasks to queue
[2024-09-12T16:13:46.338+0000] {logging_mixin.py:190} INFO - [2024-09-12T16:13:46.337+0000] {dagbag.py:587} INFO - Filling up the DagBag from /home/airflow/.local/lib/python3.12/site-packages/airflow/example_dags/example_branch_datetime_operator.py
[2024-09-12T16:13:46.521+0000] {processor.py:925} INFO - DAG(s) 'example_branch_datetime_operator', 'example_branch_datetime_operator_2', 'example_branch_datetime_operator_3' retrieved from /home/airflow/.local/lib/python3.12/site-packages/airflow/example_dags/example_branch_datetime_operator.py
[2024-09-12T16:13:46.756+0000] {logging_mixin.py:190} INFO - [2024-09-12T16:13:46.755+0000] {dag.py:3211} INFO - Sync 3 DAGs
[2024-09-12T16:13:46.998+0000] {logging_mixin.py:190} INFO - [2024-09-12T16:13:46.997+0000] {dag.py:4138} INFO - Setting next_dagrun for example_branch_datetime_operator to 2024-09-11 00:00:00+00:00, run_after=2024-09-12 00:00:00+00:00
[2024-09-12T16:13:47.038+0000] {logging_mixin.py:190} INFO - [2024-09-12T16:13:47.037+0000] {dag.py:4138} INFO - Setting next_dagrun for example_branch_datetime_operator_2 to 2024-09-11 00:00:00+00:00, run_after=2024-09-12 00:00:00+00:00
[2024-09-12T16:13:47.058+0000] {logging_mixin.py:190} INFO - [2024-09-12T16:13:47.055+0000] {dag.py:4138} INFO - Setting next_dagrun for example_branch_datetime_operator_3 to 2024-09-11 00:00:00+00:00, run_after=2024-09-12 00:00:00+00:00
[2024-09-12T16:13:47.165+0000] {processor.py:208} INFO - Processing /home/airflow/.local/lib/python3.12/site-packages/airflow/example_dags/example_branch_datetime_operator.py took 0.924 seconds
[2024-09-12T16:14:36.847+0000] {processor.py:186} INFO - Started process (PID=4075) to work on /home/airflow/.local/lib/python3.12/site-packages/airflow/example_dags/example_branch_datetime_operator.py
[2024-09-12T16:14:36.849+0000] {processor.py:914} INFO - Processing file /home/airflow/.local/lib/python3.12/site-packages/airflow/example_dags/example_branch_datetime_operator.py for tasks to queue
[2024-09-12T16:14:36.852+0000] {logging_mixin.py:190} INFO - [2024-09-12T16:14:36.851+0000] {dagbag.py:587} INFO - Filling up the DagBag from /home/airflow/.local/lib/python3.12/site-packages/airflow/example_dags/example_branch_datetime_operator.py
[2024-09-12T16:14:36.914+0000] {processor.py:925} INFO - DAG(s) 'example_branch_datetime_operator', 'example_branch_datetime_operator_3', 'example_branch_datetime_operator_2' retrieved from /home/airflow/.local/lib/python3.12/site-packages/airflow/example_dags/example_branch_datetime_operator.py
[2024-09-12T16:14:37.123+0000] {logging_mixin.py:190} INFO - [2024-09-12T16:14:37.122+0000] {dag.py:3211} INFO - Sync 3 DAGs
[2024-09-12T16:14:37.337+0000] {logging_mixin.py:190} INFO - [2024-09-12T16:14:37.335+0000] {dag.py:4138} INFO - Setting next_dagrun for example_branch_datetime_operator to 2024-09-11 00:00:00+00:00, run_after=2024-09-12 00:00:00+00:00
[2024-09-12T16:14:37.369+0000] {logging_mixin.py:190} INFO - [2024-09-12T16:14:37.368+0000] {dag.py:4138} INFO - Setting next_dagrun for example_branch_datetime_operator_2 to 2024-09-11 00:00:00+00:00, run_after=2024-09-12 00:00:00+00:00
[2024-09-12T16:14:37.386+0000] {logging_mixin.py:190} INFO - [2024-09-12T16:14:37.386+0000] {dag.py:4138} INFO - Setting next_dagrun for example_branch_datetime_operator_3 to 2024-09-11 00:00:00+00:00, run_after=2024-09-12 00:00:00+00:00
[2024-09-12T16:14:37.514+0000] {processor.py:208} INFO - Processing /home/airflow/.local/lib/python3.12/site-packages/airflow/example_dags/example_branch_datetime_operator.py took 0.705 seconds
[2024-09-12T16:15:09.293+0000] {processor.py:186} INFO - Started process (PID=4140) to work on /home/airflow/.local/lib/python3.12/site-packages/airflow/example_dags/example_branch_datetime_operator.py
[2024-09-12T16:15:09.294+0000] {processor.py:914} INFO - Processing file /home/airflow/.local/lib/python3.12/site-packages/airflow/example_dags/example_branch_datetime_operator.py for tasks to queue
[2024-09-12T16:15:09.306+0000] {logging_mixin.py:190} INFO - [2024-09-12T16:15:09.305+0000] {dagbag.py:587} INFO - Filling up the DagBag from /home/airflow/.local/lib/python3.12/site-packages/airflow/example_dags/example_branch_datetime_operator.py
[2024-09-12T16:15:09.360+0000] {processor.py:925} INFO - DAG(s) 'example_branch_datetime_operator', 'example_branch_datetime_operator_2', 'example_branch_datetime_operator_3' retrieved from /home/airflow/.local/lib/python3.12/site-packages/airflow/example_dags/example_branch_datetime_operator.py
[2024-09-12T16:15:09.493+0000] {logging_mixin.py:190} INFO - [2024-09-12T16:15:09.492+0000] {dag.py:3211} INFO - Sync 3 DAGs
[2024-09-12T16:15:09.590+0000] {logging_mixin.py:190} INFO - [2024-09-12T16:15:09.589+0000] {dag.py:4138} INFO - Setting next_dagrun for example_branch_datetime_operator to 2024-09-11 00:00:00+00:00, run_after=2024-09-12 00:00:00+00:00
[2024-09-12T16:15:09.618+0000] {logging_mixin.py:190} INFO - [2024-09-12T16:15:09.616+0000] {dag.py:4138} INFO - Setting next_dagrun for example_branch_datetime_operator_2 to 2024-09-11 00:00:00+00:00, run_after=2024-09-12 00:00:00+00:00
[2024-09-12T16:15:09.626+0000] {logging_mixin.py:190} INFO - [2024-09-12T16:15:09.626+0000] {dag.py:4138} INFO - Setting next_dagrun for example_branch_datetime_operator_3 to 2024-09-11 00:00:00+00:00, run_after=2024-09-12 00:00:00+00:00
[2024-09-12T16:15:09.705+0000] {processor.py:208} INFO - Processing /home/airflow/.local/lib/python3.12/site-packages/airflow/example_dags/example_branch_datetime_operator.py took 0.449 seconds
[2024-09-12T16:15:41.488+0000] {processor.py:186} INFO - Started process (PID=4210) to work on /home/airflow/.local/lib/python3.12/site-packages/airflow/example_dags/example_branch_datetime_operator.py
[2024-09-12T16:15:41.497+0000] {processor.py:914} INFO - Processing file /home/airflow/.local/lib/python3.12/site-packages/airflow/example_dags/example_branch_datetime_operator.py for tasks to queue
[2024-09-12T16:15:41.500+0000] {logging_mixin.py:190} INFO - [2024-09-12T16:15:41.500+0000] {dagbag.py:587} INFO - Filling up the DagBag from /home/airflow/.local/lib/python3.12/site-packages/airflow/example_dags/example_branch_datetime_operator.py
[2024-09-12T16:15:41.582+0000] {processor.py:925} INFO - DAG(s) 'example_branch_datetime_operator', 'example_branch_datetime_operator_2', 'example_branch_datetime_operator_3' retrieved from /home/airflow/.local/lib/python3.12/site-packages/airflow/example_dags/example_branch_datetime_operator.py
[2024-09-12T16:15:41.692+0000] {logging_mixin.py:190} INFO - [2024-09-12T16:15:41.692+0000] {dag.py:3211} INFO - Sync 3 DAGs
[2024-09-12T16:15:41.812+0000] {logging_mixin.py:190} INFO - [2024-09-12T16:15:41.810+0000] {dag.py:4138} INFO - Setting next_dagrun for example_branch_datetime_operator to 2024-09-11 00:00:00+00:00, run_after=2024-09-12 00:00:00+00:00
[2024-09-12T16:15:41.840+0000] {logging_mixin.py:190} INFO - [2024-09-12T16:15:41.840+0000] {dag.py:4138} INFO - Setting next_dagrun for example_branch_datetime_operator_2 to 2024-09-11 00:00:00+00:00, run_after=2024-09-12 00:00:00+00:00
[2024-09-12T16:15:41.855+0000] {logging_mixin.py:190} INFO - [2024-09-12T16:15:41.855+0000] {dag.py:4138} INFO - Setting next_dagrun for example_branch_datetime_operator_3 to 2024-09-11 00:00:00+00:00, run_after=2024-09-12 00:00:00+00:00
[2024-09-12T16:15:41.912+0000] {processor.py:208} INFO - Processing /home/airflow/.local/lib/python3.12/site-packages/airflow/example_dags/example_branch_datetime_operator.py took 0.447 seconds
[2024-09-12T16:16:29.865+0000] {processor.py:186} INFO - Started process (PID=4271) to work on /home/airflow/.local/lib/python3.12/site-packages/airflow/example_dags/example_branch_datetime_operator.py
[2024-09-12T16:16:29.871+0000] {processor.py:914} INFO - Processing file /home/airflow/.local/lib/python3.12/site-packages/airflow/example_dags/example_branch_datetime_operator.py for tasks to queue
[2024-09-12T16:16:29.888+0000] {logging_mixin.py:190} INFO - [2024-09-12T16:16:29.881+0000] {dagbag.py:587} INFO - Filling up the DagBag from /home/airflow/.local/lib/python3.12/site-packages/airflow/example_dags/example_branch_datetime_operator.py
[2024-09-12T16:16:29.972+0000] {processor.py:925} INFO - DAG(s) 'example_branch_datetime_operator_2', 'example_branch_datetime_operator', 'example_branch_datetime_operator_3' retrieved from /home/airflow/.local/lib/python3.12/site-packages/airflow/example_dags/example_branch_datetime_operator.py
[2024-09-12T16:16:30.163+0000] {logging_mixin.py:190} INFO - [2024-09-12T16:16:30.162+0000] {dag.py:3211} INFO - Sync 3 DAGs
[2024-09-12T16:16:30.377+0000] {logging_mixin.py:190} INFO - [2024-09-12T16:16:30.377+0000] {dag.py:4138} INFO - Setting next_dagrun for example_branch_datetime_operator to 2024-09-11 00:00:00+00:00, run_after=2024-09-12 00:00:00+00:00
[2024-09-12T16:16:30.396+0000] {logging_mixin.py:190} INFO - [2024-09-12T16:16:30.395+0000] {dag.py:4138} INFO - Setting next_dagrun for example_branch_datetime_operator_2 to 2024-09-11 00:00:00+00:00, run_after=2024-09-12 00:00:00+00:00
[2024-09-12T16:16:30.405+0000] {logging_mixin.py:190} INFO - [2024-09-12T16:16:30.405+0000] {dag.py:4138} INFO - Setting next_dagrun for example_branch_datetime_operator_3 to 2024-09-11 00:00:00+00:00, run_after=2024-09-12 00:00:00+00:00
[2024-09-12T16:16:30.474+0000] {processor.py:208} INFO - Processing /home/airflow/.local/lib/python3.12/site-packages/airflow/example_dags/example_branch_datetime_operator.py took 0.640 seconds
[2024-09-12T16:17:07.553+0000] {processor.py:186} INFO - Started process (PID=4338) to work on /home/airflow/.local/lib/python3.12/site-packages/airflow/example_dags/example_branch_datetime_operator.py
[2024-09-12T16:17:07.557+0000] {processor.py:914} INFO - Processing file /home/airflow/.local/lib/python3.12/site-packages/airflow/example_dags/example_branch_datetime_operator.py for tasks to queue
[2024-09-12T16:17:07.572+0000] {logging_mixin.py:190} INFO - [2024-09-12T16:17:07.571+0000] {dagbag.py:587} INFO - Filling up the DagBag from /home/airflow/.local/lib/python3.12/site-packages/airflow/example_dags/example_branch_datetime_operator.py
[2024-09-12T16:17:07.667+0000] {processor.py:925} INFO - DAG(s) 'example_branch_datetime_operator', 'example_branch_datetime_operator_2', 'example_branch_datetime_operator_3' retrieved from /home/airflow/.local/lib/python3.12/site-packages/airflow/example_dags/example_branch_datetime_operator.py
[2024-09-12T16:17:07.771+0000] {logging_mixin.py:190} INFO - [2024-09-12T16:17:07.767+0000] {dag.py:3211} INFO - Sync 3 DAGs
[2024-09-12T16:17:07.920+0000] {logging_mixin.py:190} INFO - [2024-09-12T16:17:07.920+0000] {dag.py:4138} INFO - Setting next_dagrun for example_branch_datetime_operator to 2024-09-11 00:00:00+00:00, run_after=2024-09-12 00:00:00+00:00
[2024-09-12T16:17:07.940+0000] {logging_mixin.py:190} INFO - [2024-09-12T16:17:07.940+0000] {dag.py:4138} INFO - Setting next_dagrun for example_branch_datetime_operator_2 to 2024-09-11 00:00:00+00:00, run_after=2024-09-12 00:00:00+00:00
[2024-09-12T16:17:07.960+0000] {logging_mixin.py:190} INFO - [2024-09-12T16:17:07.960+0000] {dag.py:4138} INFO - Setting next_dagrun for example_branch_datetime_operator_3 to 2024-09-11 00:00:00+00:00, run_after=2024-09-12 00:00:00+00:00
[2024-09-12T16:17:08.018+0000] {processor.py:208} INFO - Processing /home/airflow/.local/lib/python3.12/site-packages/airflow/example_dags/example_branch_datetime_operator.py took 0.487 seconds
[2024-09-12T16:17:50.487+0000] {processor.py:186} INFO - Started process (PID=4402) to work on /home/airflow/.local/lib/python3.12/site-packages/airflow/example_dags/example_branch_datetime_operator.py
[2024-09-12T16:17:50.490+0000] {processor.py:914} INFO - Processing file /home/airflow/.local/lib/python3.12/site-packages/airflow/example_dags/example_branch_datetime_operator.py for tasks to queue
[2024-09-12T16:17:50.501+0000] {logging_mixin.py:190} INFO - [2024-09-12T16:17:50.493+0000] {dagbag.py:587} INFO - Filling up the DagBag from /home/airflow/.local/lib/python3.12/site-packages/airflow/example_dags/example_branch_datetime_operator.py
[2024-09-12T16:17:50.593+0000] {processor.py:925} INFO - DAG(s) 'example_branch_datetime_operator_3', 'example_branch_datetime_operator_2', 'example_branch_datetime_operator' retrieved from /home/airflow/.local/lib/python3.12/site-packages/airflow/example_dags/example_branch_datetime_operator.py
[2024-09-12T16:17:50.748+0000] {logging_mixin.py:190} INFO - [2024-09-12T16:17:50.747+0000] {dag.py:3211} INFO - Sync 3 DAGs
[2024-09-12T16:17:51.059+0000] {logging_mixin.py:190} INFO - [2024-09-12T16:17:51.034+0000] {dag.py:4138} INFO - Setting next_dagrun for example_branch_datetime_operator to 2024-09-11 00:00:00+00:00, run_after=2024-09-12 00:00:00+00:00
[2024-09-12T16:17:51.107+0000] {logging_mixin.py:190} INFO - [2024-09-12T16:17:51.106+0000] {dag.py:4138} INFO - Setting next_dagrun for example_branch_datetime_operator_2 to 2024-09-11 00:00:00+00:00, run_after=2024-09-12 00:00:00+00:00
[2024-09-12T16:17:51.123+0000] {logging_mixin.py:190} INFO - [2024-09-12T16:17:51.122+0000] {dag.py:4138} INFO - Setting next_dagrun for example_branch_datetime_operator_3 to 2024-09-11 00:00:00+00:00, run_after=2024-09-12 00:00:00+00:00
[2024-09-12T16:17:51.225+0000] {processor.py:208} INFO - Processing /home/airflow/.local/lib/python3.12/site-packages/airflow/example_dags/example_branch_datetime_operator.py took 0.798 seconds
[2024-09-12T16:18:35.473+0000] {processor.py:186} INFO - Started process (PID=4457) to work on /home/airflow/.local/lib/python3.12/site-packages/airflow/example_dags/example_branch_datetime_operator.py
[2024-09-12T16:18:35.485+0000] {processor.py:914} INFO - Processing file /home/airflow/.local/lib/python3.12/site-packages/airflow/example_dags/example_branch_datetime_operator.py for tasks to queue
[2024-09-12T16:18:35.488+0000] {logging_mixin.py:190} INFO - [2024-09-12T16:18:35.488+0000] {dagbag.py:587} INFO - Filling up the DagBag from /home/airflow/.local/lib/python3.12/site-packages/airflow/example_dags/example_branch_datetime_operator.py
[2024-09-12T16:18:35.543+0000] {processor.py:925} INFO - DAG(s) 'example_branch_datetime_operator_3', 'example_branch_datetime_operator_2', 'example_branch_datetime_operator' retrieved from /home/airflow/.local/lib/python3.12/site-packages/airflow/example_dags/example_branch_datetime_operator.py
[2024-09-12T16:18:35.711+0000] {logging_mixin.py:190} INFO - [2024-09-12T16:18:35.705+0000] {dag.py:3211} INFO - Sync 3 DAGs
[2024-09-12T16:18:35.892+0000] {logging_mixin.py:190} INFO - [2024-09-12T16:18:35.892+0000] {dag.py:4138} INFO - Setting next_dagrun for example_branch_datetime_operator to 2024-09-11 00:00:00+00:00, run_after=2024-09-12 00:00:00+00:00
[2024-09-12T16:18:35.954+0000] {logging_mixin.py:190} INFO - [2024-09-12T16:18:35.954+0000] {dag.py:4138} INFO - Setting next_dagrun for example_branch_datetime_operator_2 to 2024-09-11 00:00:00+00:00, run_after=2024-09-12 00:00:00+00:00
[2024-09-12T16:18:35.964+0000] {logging_mixin.py:190} INFO - [2024-09-12T16:18:35.963+0000] {dag.py:4138} INFO - Setting next_dagrun for example_branch_datetime_operator_3 to 2024-09-11 00:00:00+00:00, run_after=2024-09-12 00:00:00+00:00
[2024-09-12T16:18:36.054+0000] {processor.py:208} INFO - Processing /home/airflow/.local/lib/python3.12/site-packages/airflow/example_dags/example_branch_datetime_operator.py took 0.604 seconds
[2024-09-12T16:19:13.542+0000] {processor.py:186} INFO - Started process (PID=4523) to work on /home/airflow/.local/lib/python3.12/site-packages/airflow/example_dags/example_branch_datetime_operator.py
[2024-09-12T16:19:13.544+0000] {processor.py:914} INFO - Processing file /home/airflow/.local/lib/python3.12/site-packages/airflow/example_dags/example_branch_datetime_operator.py for tasks to queue
[2024-09-12T16:19:13.549+0000] {logging_mixin.py:190} INFO - [2024-09-12T16:19:13.548+0000] {dagbag.py:587} INFO - Filling up the DagBag from /home/airflow/.local/lib/python3.12/site-packages/airflow/example_dags/example_branch_datetime_operator.py
[2024-09-12T16:19:13.652+0000] {processor.py:925} INFO - DAG(s) 'example_branch_datetime_operator_2', 'example_branch_datetime_operator', 'example_branch_datetime_operator_3' retrieved from /home/airflow/.local/lib/python3.12/site-packages/airflow/example_dags/example_branch_datetime_operator.py
[2024-09-12T16:19:13.885+0000] {logging_mixin.py:190} INFO - [2024-09-12T16:19:13.884+0000] {dag.py:3211} INFO - Sync 3 DAGs
[2024-09-12T16:19:14.082+0000] {logging_mixin.py:190} INFO - [2024-09-12T16:19:14.082+0000] {dag.py:4138} INFO - Setting next_dagrun for example_branch_datetime_operator to 2024-09-11 00:00:00+00:00, run_after=2024-09-12 00:00:00+00:00
[2024-09-12T16:19:14.143+0000] {logging_mixin.py:190} INFO - [2024-09-12T16:19:14.142+0000] {dag.py:4138} INFO - Setting next_dagrun for example_branch_datetime_operator_2 to 2024-09-11 00:00:00+00:00, run_after=2024-09-12 00:00:00+00:00
[2024-09-12T16:19:14.167+0000] {logging_mixin.py:190} INFO - [2024-09-12T16:19:14.166+0000] {dag.py:4138} INFO - Setting next_dagrun for example_branch_datetime_operator_3 to 2024-09-11 00:00:00+00:00, run_after=2024-09-12 00:00:00+00:00
[2024-09-12T16:19:14.415+0000] {processor.py:208} INFO - Processing /home/airflow/.local/lib/python3.12/site-packages/airflow/example_dags/example_branch_datetime_operator.py took 0.906 seconds
[2024-09-12T16:19:48.734+0000] {processor.py:186} INFO - Started process (PID=4595) to work on /home/airflow/.local/lib/python3.12/site-packages/airflow/example_dags/example_branch_datetime_operator.py
[2024-09-12T16:19:48.741+0000] {processor.py:914} INFO - Processing file /home/airflow/.local/lib/python3.12/site-packages/airflow/example_dags/example_branch_datetime_operator.py for tasks to queue
[2024-09-12T16:19:48.747+0000] {logging_mixin.py:190} INFO - [2024-09-12T16:19:48.746+0000] {dagbag.py:587} INFO - Filling up the DagBag from /home/airflow/.local/lib/python3.12/site-packages/airflow/example_dags/example_branch_datetime_operator.py
[2024-09-12T16:19:49.005+0000] {processor.py:925} INFO - DAG(s) 'example_branch_datetime_operator_2', 'example_branch_datetime_operator', 'example_branch_datetime_operator_3' retrieved from /home/airflow/.local/lib/python3.12/site-packages/airflow/example_dags/example_branch_datetime_operator.py
[2024-09-12T16:19:49.313+0000] {logging_mixin.py:190} INFO - [2024-09-12T16:19:49.312+0000] {dag.py:3211} INFO - Sync 3 DAGs
[2024-09-12T16:19:49.547+0000] {logging_mixin.py:190} INFO - [2024-09-12T16:19:49.546+0000] {dag.py:4138} INFO - Setting next_dagrun for example_branch_datetime_operator to 2024-09-11 00:00:00+00:00, run_after=2024-09-12 00:00:00+00:00
[2024-09-12T16:19:49.599+0000] {logging_mixin.py:190} INFO - [2024-09-12T16:19:49.598+0000] {dag.py:4138} INFO - Setting next_dagrun for example_branch_datetime_operator_2 to 2024-09-11 00:00:00+00:00, run_after=2024-09-12 00:00:00+00:00
[2024-09-12T16:19:49.614+0000] {logging_mixin.py:190} INFO - [2024-09-12T16:19:49.614+0000] {dag.py:4138} INFO - Setting next_dagrun for example_branch_datetime_operator_3 to 2024-09-11 00:00:00+00:00, run_after=2024-09-12 00:00:00+00:00
[2024-09-12T16:19:49.725+0000] {processor.py:208} INFO - Processing /home/airflow/.local/lib/python3.12/site-packages/airflow/example_dags/example_branch_datetime_operator.py took 1.060 seconds
[2024-09-12T16:20:45.280+0000] {processor.py:186} INFO - Started process (PID=4661) to work on /home/airflow/.local/lib/python3.12/site-packages/airflow/example_dags/example_branch_datetime_operator.py
[2024-09-12T16:20:45.283+0000] {processor.py:914} INFO - Processing file /home/airflow/.local/lib/python3.12/site-packages/airflow/example_dags/example_branch_datetime_operator.py for tasks to queue
[2024-09-12T16:20:45.297+0000] {logging_mixin.py:190} INFO - [2024-09-12T16:20:45.296+0000] {dagbag.py:587} INFO - Filling up the DagBag from /home/airflow/.local/lib/python3.12/site-packages/airflow/example_dags/example_branch_datetime_operator.py
[2024-09-12T16:20:45.359+0000] {processor.py:925} INFO - DAG(s) 'example_branch_datetime_operator_3', 'example_branch_datetime_operator_2', 'example_branch_datetime_operator' retrieved from /home/airflow/.local/lib/python3.12/site-packages/airflow/example_dags/example_branch_datetime_operator.py
[2024-09-12T16:20:45.717+0000] {logging_mixin.py:190} INFO - [2024-09-12T16:20:45.717+0000] {dag.py:3211} INFO - Sync 3 DAGs
[2024-09-12T16:20:46.031+0000] {logging_mixin.py:190} INFO - [2024-09-12T16:20:46.031+0000] {dag.py:4138} INFO - Setting next_dagrun for example_branch_datetime_operator to 2024-09-11 00:00:00+00:00, run_after=2024-09-12 00:00:00+00:00
[2024-09-12T16:20:46.097+0000] {logging_mixin.py:190} INFO - [2024-09-12T16:20:46.096+0000] {dag.py:4138} INFO - Setting next_dagrun for example_branch_datetime_operator_2 to 2024-09-11 00:00:00+00:00, run_after=2024-09-12 00:00:00+00:00
[2024-09-12T16:20:46.143+0000] {logging_mixin.py:190} INFO - [2024-09-12T16:20:46.143+0000] {dag.py:4138} INFO - Setting next_dagrun for example_branch_datetime_operator_3 to 2024-09-11 00:00:00+00:00, run_after=2024-09-12 00:00:00+00:00
[2024-09-12T16:20:46.328+0000] {processor.py:208} INFO - Processing /home/airflow/.local/lib/python3.12/site-packages/airflow/example_dags/example_branch_datetime_operator.py took 1.077 seconds
[2024-09-12T16:21:18.738+0000] {processor.py:186} INFO - Started process (PID=4722) to work on /home/airflow/.local/lib/python3.12/site-packages/airflow/example_dags/example_branch_datetime_operator.py
[2024-09-12T16:21:18.751+0000] {processor.py:914} INFO - Processing file /home/airflow/.local/lib/python3.12/site-packages/airflow/example_dags/example_branch_datetime_operator.py for tasks to queue
[2024-09-12T16:21:18.756+0000] {logging_mixin.py:190} INFO - [2024-09-12T16:21:18.754+0000] {dagbag.py:587} INFO - Filling up the DagBag from /home/airflow/.local/lib/python3.12/site-packages/airflow/example_dags/example_branch_datetime_operator.py
[2024-09-12T16:21:19.008+0000] {processor.py:925} INFO - DAG(s) 'example_branch_datetime_operator_2', 'example_branch_datetime_operator_3', 'example_branch_datetime_operator' retrieved from /home/airflow/.local/lib/python3.12/site-packages/airflow/example_dags/example_branch_datetime_operator.py
[2024-09-12T16:21:21.290+0000] {logging_mixin.py:190} INFO - [2024-09-12T16:21:21.289+0000] {dag.py:3211} INFO - Sync 3 DAGs
[2024-09-12T16:21:21.605+0000] {logging_mixin.py:190} INFO - [2024-09-12T16:21:21.604+0000] {dag.py:4138} INFO - Setting next_dagrun for example_branch_datetime_operator to 2024-09-11 00:00:00+00:00, run_after=2024-09-12 00:00:00+00:00
[2024-09-12T16:21:21.646+0000] {logging_mixin.py:190} INFO - [2024-09-12T16:21:21.646+0000] {dag.py:4138} INFO - Setting next_dagrun for example_branch_datetime_operator_2 to 2024-09-11 00:00:00+00:00, run_after=2024-09-12 00:00:00+00:00
[2024-09-12T16:21:21.697+0000] {logging_mixin.py:190} INFO - [2024-09-12T16:21:21.697+0000] {dag.py:4138} INFO - Setting next_dagrun for example_branch_datetime_operator_3 to 2024-09-11 00:00:00+00:00, run_after=2024-09-12 00:00:00+00:00
[2024-09-12T16:21:21.825+0000] {processor.py:208} INFO - Processing /home/airflow/.local/lib/python3.12/site-packages/airflow/example_dags/example_branch_datetime_operator.py took 3.264 seconds
[2024-09-12T16:22:05.273+0000] {processor.py:186} INFO - Started process (PID=4745) to work on /home/airflow/.local/lib/python3.12/site-packages/airflow/example_dags/example_branch_datetime_operator.py
[2024-09-12T16:22:05.285+0000] {processor.py:914} INFO - Processing file /home/airflow/.local/lib/python3.12/site-packages/airflow/example_dags/example_branch_datetime_operator.py for tasks to queue
[2024-09-12T16:22:05.292+0000] {logging_mixin.py:190} INFO - [2024-09-12T16:22:05.291+0000] {dagbag.py:587} INFO - Filling up the DagBag from /home/airflow/.local/lib/python3.12/site-packages/airflow/example_dags/example_branch_datetime_operator.py
[2024-09-12T16:22:05.409+0000] {processor.py:925} INFO - DAG(s) 'example_branch_datetime_operator', 'example_branch_datetime_operator_3', 'example_branch_datetime_operator_2' retrieved from /home/airflow/.local/lib/python3.12/site-packages/airflow/example_dags/example_branch_datetime_operator.py
[2024-09-12T16:22:05.717+0000] {logging_mixin.py:190} INFO - [2024-09-12T16:22:05.716+0000] {dag.py:3211} INFO - Sync 3 DAGs
[2024-09-12T16:22:05.974+0000] {logging_mixin.py:190} INFO - [2024-09-12T16:22:05.974+0000] {dag.py:4138} INFO - Setting next_dagrun for example_branch_datetime_operator to 2024-09-11 00:00:00+00:00, run_after=2024-09-12 00:00:00+00:00
[2024-09-12T16:22:06.140+0000] {logging_mixin.py:190} INFO - [2024-09-12T16:22:06.094+0000] {dag.py:4138} INFO - Setting next_dagrun for example_branch_datetime_operator_2 to 2024-09-11 00:00:00+00:00, run_after=2024-09-12 00:00:00+00:00
[2024-09-12T16:22:06.163+0000] {logging_mixin.py:190} INFO - [2024-09-12T16:22:06.162+0000] {dag.py:4138} INFO - Setting next_dagrun for example_branch_datetime_operator_3 to 2024-09-11 00:00:00+00:00, run_after=2024-09-12 00:00:00+00:00
[2024-09-12T16:22:06.335+0000] {processor.py:208} INFO - Processing /home/airflow/.local/lib/python3.12/site-packages/airflow/example_dags/example_branch_datetime_operator.py took 1.148 seconds
[2024-09-12T16:22:45.605+0000] {processor.py:186} INFO - Started process (PID=4812) to work on /home/airflow/.local/lib/python3.12/site-packages/airflow/example_dags/example_branch_datetime_operator.py
[2024-09-12T16:22:45.620+0000] {processor.py:914} INFO - Processing file /home/airflow/.local/lib/python3.12/site-packages/airflow/example_dags/example_branch_datetime_operator.py for tasks to queue
[2024-09-12T16:22:45.637+0000] {logging_mixin.py:190} INFO - [2024-09-12T16:22:45.636+0000] {dagbag.py:587} INFO - Filling up the DagBag from /home/airflow/.local/lib/python3.12/site-packages/airflow/example_dags/example_branch_datetime_operator.py
[2024-09-12T16:22:45.946+0000] {processor.py:925} INFO - DAG(s) 'example_branch_datetime_operator', 'example_branch_datetime_operator_2', 'example_branch_datetime_operator_3' retrieved from /home/airflow/.local/lib/python3.12/site-packages/airflow/example_dags/example_branch_datetime_operator.py
[2024-09-12T16:22:46.177+0000] {logging_mixin.py:190} INFO - [2024-09-12T16:22:46.177+0000] {dag.py:3211} INFO - Sync 3 DAGs
[2024-09-12T16:22:46.285+0000] {logging_mixin.py:190} INFO - [2024-09-12T16:22:46.284+0000] {dag.py:4138} INFO - Setting next_dagrun for example_branch_datetime_operator to 2024-09-11 00:00:00+00:00, run_after=2024-09-12 00:00:00+00:00
[2024-09-12T16:22:46.304+0000] {logging_mixin.py:190} INFO - [2024-09-12T16:22:46.303+0000] {dag.py:4138} INFO - Setting next_dagrun for example_branch_datetime_operator_2 to 2024-09-11 00:00:00+00:00, run_after=2024-09-12 00:00:00+00:00
[2024-09-12T16:22:46.312+0000] {logging_mixin.py:190} INFO - [2024-09-12T16:22:46.311+0000] {dag.py:4138} INFO - Setting next_dagrun for example_branch_datetime_operator_3 to 2024-09-11 00:00:00+00:00, run_after=2024-09-12 00:00:00+00:00
[2024-09-12T16:22:46.443+0000] {processor.py:208} INFO - Processing /home/airflow/.local/lib/python3.12/site-packages/airflow/example_dags/example_branch_datetime_operator.py took 0.931 seconds
[2024-09-12T16:23:29.285+0000] {processor.py:186} INFO - Started process (PID=4884) to work on /home/airflow/.local/lib/python3.12/site-packages/airflow/example_dags/example_branch_datetime_operator.py
[2024-09-12T16:23:29.300+0000] {processor.py:914} INFO - Processing file /home/airflow/.local/lib/python3.12/site-packages/airflow/example_dags/example_branch_datetime_operator.py for tasks to queue
[2024-09-12T16:23:29.303+0000] {logging_mixin.py:190} INFO - [2024-09-12T16:23:29.302+0000] {dagbag.py:587} INFO - Filling up the DagBag from /home/airflow/.local/lib/python3.12/site-packages/airflow/example_dags/example_branch_datetime_operator.py
[2024-09-12T16:23:29.462+0000] {processor.py:925} INFO - DAG(s) 'example_branch_datetime_operator', 'example_branch_datetime_operator_2', 'example_branch_datetime_operator_3' retrieved from /home/airflow/.local/lib/python3.12/site-packages/airflow/example_dags/example_branch_datetime_operator.py
[2024-09-12T16:23:29.937+0000] {logging_mixin.py:190} INFO - [2024-09-12T16:23:29.937+0000] {dag.py:3211} INFO - Sync 3 DAGs
[2024-09-12T16:23:30.256+0000] {logging_mixin.py:190} INFO - [2024-09-12T16:23:30.255+0000] {dag.py:4138} INFO - Setting next_dagrun for example_branch_datetime_operator to 2024-09-11 00:00:00+00:00, run_after=2024-09-12 00:00:00+00:00
[2024-09-12T16:23:30.423+0000] {logging_mixin.py:190} INFO - [2024-09-12T16:23:30.422+0000] {dag.py:4138} INFO - Setting next_dagrun for example_branch_datetime_operator_2 to 2024-09-11 00:00:00+00:00, run_after=2024-09-12 00:00:00+00:00
[2024-09-12T16:23:30.487+0000] {logging_mixin.py:190} INFO - [2024-09-12T16:23:30.487+0000] {dag.py:4138} INFO - Setting next_dagrun for example_branch_datetime_operator_3 to 2024-09-11 00:00:00+00:00, run_after=2024-09-12 00:00:00+00:00
