[2024-09-12T14:58:34.485+0000] {processor.py:186} INFO - Started process (PID=77) to work on /home/airflow/.local/lib/python3.12/site-packages/airflow/example_dags/example_sensors.py
[2024-09-12T14:58:34.497+0000] {processor.py:914} INFO - Processing file /home/airflow/.local/lib/python3.12/site-packages/airflow/example_dags/example_sensors.py for tasks to queue
[2024-09-12T14:58:34.515+0000] {logging_mixin.py:190} INFO - [2024-09-12T14:58:34.514+0000] {dagbag.py:587} INFO - Filling up the DagBag from /home/airflow/.local/lib/python3.12/site-packages/airflow/example_dags/example_sensors.py
[2024-09-12T14:58:34.630+0000] {processor.py:925} INFO - DAG(s) 'example_sensors' retrieved from /home/airflow/.local/lib/python3.12/site-packages/airflow/example_dags/example_sensors.py
[2024-09-12T14:58:34.911+0000] {logging_mixin.py:190} INFO - [2024-09-12T14:58:34.900+0000] {dag.py:3211} INFO - Sync 1 DAGs
[2024-09-12T14:58:35.055+0000] {logging_mixin.py:190} INFO - [2024-09-12T14:58:35.054+0000] {dag.py:4138} INFO - Setting next_dagrun for example_sensors to None, run_after=None
[2024-09-12T14:58:35.177+0000] {processor.py:208} INFO - Processing /home/airflow/.local/lib/python3.12/site-packages/airflow/example_dags/example_sensors.py took 0.724 seconds
[2024-09-12T14:59:30.338+0000] {processor.py:186} INFO - Started process (PID=152) to work on /home/airflow/.local/lib/python3.12/site-packages/airflow/example_dags/example_sensors.py
[2024-09-12T14:59:30.353+0000] {processor.py:914} INFO - Processing file /home/airflow/.local/lib/python3.12/site-packages/airflow/example_dags/example_sensors.py for tasks to queue
[2024-09-12T14:59:30.371+0000] {logging_mixin.py:190} INFO - [2024-09-12T14:59:30.371+0000] {dagbag.py:587} INFO - Filling up the DagBag from /home/airflow/.local/lib/python3.12/site-packages/airflow/example_dags/example_sensors.py
[2024-09-12T14:59:30.413+0000] {processor.py:925} INFO - DAG(s) 'example_sensors' retrieved from /home/airflow/.local/lib/python3.12/site-packages/airflow/example_dags/example_sensors.py
[2024-09-12T14:59:30.544+0000] {logging_mixin.py:190} INFO - [2024-09-12T14:59:30.544+0000] {dag.py:3211} INFO - Sync 1 DAGs
[2024-09-12T14:59:30.640+0000] {logging_mixin.py:190} INFO - [2024-09-12T14:59:30.640+0000] {dag.py:4138} INFO - Setting next_dagrun for example_sensors to None, run_after=None
[2024-09-12T14:59:30.765+0000] {processor.py:208} INFO - Processing /home/airflow/.local/lib/python3.12/site-packages/airflow/example_dags/example_sensors.py took 0.449 seconds
[2024-09-12T15:00:23.752+0000] {processor.py:186} INFO - Started process (PID=224) to work on /home/airflow/.local/lib/python3.12/site-packages/airflow/example_dags/example_sensors.py
[2024-09-12T15:00:23.765+0000] {processor.py:914} INFO - Processing file /home/airflow/.local/lib/python3.12/site-packages/airflow/example_dags/example_sensors.py for tasks to queue
[2024-09-12T15:00:23.782+0000] {logging_mixin.py:190} INFO - [2024-09-12T15:00:23.781+0000] {dagbag.py:587} INFO - Filling up the DagBag from /home/airflow/.local/lib/python3.12/site-packages/airflow/example_dags/example_sensors.py
[2024-09-12T15:00:23.871+0000] {processor.py:925} INFO - DAG(s) 'example_sensors' retrieved from /home/airflow/.local/lib/python3.12/site-packages/airflow/example_dags/example_sensors.py
[2024-09-12T15:00:24.171+0000] {logging_mixin.py:190} INFO - [2024-09-12T15:00:24.171+0000] {dag.py:3211} INFO - Sync 1 DAGs
[2024-09-12T15:00:24.284+0000] {logging_mixin.py:190} INFO - [2024-09-12T15:00:24.284+0000] {dag.py:4138} INFO - Setting next_dagrun for example_sensors to None, run_after=None
[2024-09-12T15:00:24.565+0000] {processor.py:208} INFO - Processing /home/airflow/.local/lib/python3.12/site-packages/airflow/example_dags/example_sensors.py took 0.877 seconds
[2024-09-12T15:01:37.298+0000] {processor.py:186} INFO - Started process (PID=300) to work on /home/airflow/.local/lib/python3.12/site-packages/airflow/example_dags/example_sensors.py
[2024-09-12T15:01:37.314+0000] {processor.py:914} INFO - Processing file /home/airflow/.local/lib/python3.12/site-packages/airflow/example_dags/example_sensors.py for tasks to queue
[2024-09-12T15:01:37.332+0000] {logging_mixin.py:190} INFO - [2024-09-12T15:01:37.331+0000] {dagbag.py:587} INFO - Filling up the DagBag from /home/airflow/.local/lib/python3.12/site-packages/airflow/example_dags/example_sensors.py
[2024-09-12T15:01:37.565+0000] {processor.py:925} INFO - DAG(s) 'example_sensors' retrieved from /home/airflow/.local/lib/python3.12/site-packages/airflow/example_dags/example_sensors.py
[2024-09-12T15:01:37.879+0000] {logging_mixin.py:190} INFO - [2024-09-12T15:01:37.878+0000] {dag.py:3211} INFO - Sync 1 DAGs
[2024-09-12T15:01:38.099+0000] {logging_mixin.py:190} INFO - [2024-09-12T15:01:38.099+0000] {dag.py:4138} INFO - Setting next_dagrun for example_sensors to None, run_after=None
[2024-09-12T15:01:38.478+0000] {processor.py:208} INFO - Processing /home/airflow/.local/lib/python3.12/site-packages/airflow/example_dags/example_sensors.py took 1.234 seconds
[2024-09-12T15:02:30.345+0000] {processor.py:186} INFO - Started process (PID=349) to work on /home/airflow/.local/lib/python3.12/site-packages/airflow/example_dags/example_sensors.py
[2024-09-12T15:02:30.375+0000] {processor.py:914} INFO - Processing file /home/airflow/.local/lib/python3.12/site-packages/airflow/example_dags/example_sensors.py for tasks to queue
[2024-09-12T15:02:30.392+0000] {logging_mixin.py:190} INFO - [2024-09-12T15:02:30.391+0000] {dagbag.py:587} INFO - Filling up the DagBag from /home/airflow/.local/lib/python3.12/site-packages/airflow/example_dags/example_sensors.py
[2024-09-12T15:02:30.805+0000] {processor.py:925} INFO - DAG(s) 'example_sensors' retrieved from /home/airflow/.local/lib/python3.12/site-packages/airflow/example_dags/example_sensors.py
[2024-09-12T15:02:31.561+0000] {logging_mixin.py:190} INFO - [2024-09-12T15:02:31.561+0000] {dag.py:3211} INFO - Sync 1 DAGs
[2024-09-12T15:02:32.202+0000] {logging_mixin.py:190} INFO - [2024-09-12T15:02:32.201+0000] {dag.py:4138} INFO - Setting next_dagrun for example_sensors to None, run_after=None
[2024-09-12T15:02:32.716+0000] {processor.py:208} INFO - Processing /home/airflow/.local/lib/python3.12/site-packages/airflow/example_dags/example_sensors.py took 2.470 seconds
[2024-09-12T15:03:53.917+0000] {processor.py:186} INFO - Started process (PID=397) to work on /home/airflow/.local/lib/python3.12/site-packages/airflow/example_dags/example_sensors.py
[2024-09-12T15:03:53.919+0000] {processor.py:914} INFO - Processing file /home/airflow/.local/lib/python3.12/site-packages/airflow/example_dags/example_sensors.py for tasks to queue
[2024-09-12T15:03:53.921+0000] {logging_mixin.py:190} INFO - [2024-09-12T15:03:53.921+0000] {dagbag.py:587} INFO - Filling up the DagBag from /home/airflow/.local/lib/python3.12/site-packages/airflow/example_dags/example_sensors.py
[2024-09-12T15:03:54.017+0000] {processor.py:925} INFO - DAG(s) 'example_sensors' retrieved from /home/airflow/.local/lib/python3.12/site-packages/airflow/example_dags/example_sensors.py
[2024-09-12T15:03:54.412+0000] {logging_mixin.py:190} INFO - [2024-09-12T15:03:54.399+0000] {dag.py:3211} INFO - Sync 1 DAGs
[2024-09-12T15:03:54.638+0000] {logging_mixin.py:190} INFO - [2024-09-12T15:03:54.637+0000] {dag.py:4138} INFO - Setting next_dagrun for example_sensors to None, run_after=None
[2024-09-12T15:03:54.931+0000] {processor.py:208} INFO - Processing /home/airflow/.local/lib/python3.12/site-packages/airflow/example_dags/example_sensors.py took 1.122 seconds
[2024-09-12T15:04:44.490+0000] {processor.py:186} INFO - Started process (PID=468) to work on /home/airflow/.local/lib/python3.12/site-packages/airflow/example_dags/example_sensors.py
[2024-09-12T15:04:44.505+0000] {processor.py:914} INFO - Processing file /home/airflow/.local/lib/python3.12/site-packages/airflow/example_dags/example_sensors.py for tasks to queue
[2024-09-12T15:04:44.522+0000] {logging_mixin.py:190} INFO - [2024-09-12T15:04:44.522+0000] {dagbag.py:587} INFO - Filling up the DagBag from /home/airflow/.local/lib/python3.12/site-packages/airflow/example_dags/example_sensors.py
[2024-09-12T15:04:44.723+0000] {processor.py:925} INFO - DAG(s) 'example_sensors' retrieved from /home/airflow/.local/lib/python3.12/site-packages/airflow/example_dags/example_sensors.py
[2024-09-12T15:04:45.050+0000] {logging_mixin.py:190} INFO - [2024-09-12T15:04:45.049+0000] {dag.py:3211} INFO - Sync 1 DAGs
[2024-09-12T15:04:45.183+0000] {logging_mixin.py:190} INFO - [2024-09-12T15:04:45.183+0000] {dag.py:4138} INFO - Setting next_dagrun for example_sensors to None, run_after=None
[2024-09-12T15:04:45.400+0000] {processor.py:208} INFO - Processing /home/airflow/.local/lib/python3.12/site-packages/airflow/example_dags/example_sensors.py took 0.965 seconds
[2024-09-12T15:05:41.150+0000] {processor.py:186} INFO - Started process (PID=526) to work on /home/airflow/.local/lib/python3.12/site-packages/airflow/example_dags/example_sensors.py
[2024-09-12T15:05:41.183+0000] {processor.py:914} INFO - Processing file /home/airflow/.local/lib/python3.12/site-packages/airflow/example_dags/example_sensors.py for tasks to queue
[2024-09-12T15:05:41.228+0000] {logging_mixin.py:190} INFO - [2024-09-12T15:05:41.227+0000] {dagbag.py:587} INFO - Filling up the DagBag from /home/airflow/.local/lib/python3.12/site-packages/airflow/example_dags/example_sensors.py
[2024-09-12T15:05:41.467+0000] {processor.py:925} INFO - DAG(s) 'example_sensors' retrieved from /home/airflow/.local/lib/python3.12/site-packages/airflow/example_dags/example_sensors.py
[2024-09-12T15:05:41.675+0000] {logging_mixin.py:190} INFO - [2024-09-12T15:05:41.674+0000] {dag.py:3211} INFO - Sync 1 DAGs
[2024-09-12T15:05:41.799+0000] {logging_mixin.py:190} INFO - [2024-09-12T15:05:41.798+0000] {dag.py:4138} INFO - Setting next_dagrun for example_sensors to None, run_after=None
[2024-09-12T15:05:42.033+0000] {processor.py:208} INFO - Processing /home/airflow/.local/lib/python3.12/site-packages/airflow/example_dags/example_sensors.py took 0.964 seconds
[2024-09-12T15:06:15.677+0000] {processor.py:186} INFO - Started process (PID=565) to work on /home/airflow/.local/lib/python3.12/site-packages/airflow/example_dags/example_sensors.py
[2024-09-12T15:06:15.680+0000] {processor.py:914} INFO - Processing file /home/airflow/.local/lib/python3.12/site-packages/airflow/example_dags/example_sensors.py for tasks to queue
[2024-09-12T15:06:15.683+0000] {logging_mixin.py:190} INFO - [2024-09-12T15:06:15.682+0000] {dagbag.py:587} INFO - Filling up the DagBag from /home/airflow/.local/lib/python3.12/site-packages/airflow/example_dags/example_sensors.py
[2024-09-12T15:06:15.752+0000] {processor.py:925} INFO - DAG(s) 'example_sensors' retrieved from /home/airflow/.local/lib/python3.12/site-packages/airflow/example_dags/example_sensors.py
[2024-09-12T15:06:15.921+0000] {logging_mixin.py:190} INFO - [2024-09-12T15:06:15.921+0000] {dag.py:3211} INFO - Sync 1 DAGs
[2024-09-12T15:06:16.005+0000] {logging_mixin.py:190} INFO - [2024-09-12T15:06:16.005+0000] {dag.py:4138} INFO - Setting next_dagrun for example_sensors to None, run_after=None
[2024-09-12T15:06:16.229+0000] {processor.py:208} INFO - Processing /home/airflow/.local/lib/python3.12/site-packages/airflow/example_dags/example_sensors.py took 0.587 seconds
[2024-09-12T15:06:59.169+0000] {processor.py:186} INFO - Started process (PID=618) to work on /home/airflow/.local/lib/python3.12/site-packages/airflow/example_dags/example_sensors.py
[2024-09-12T15:06:59.185+0000] {processor.py:914} INFO - Processing file /home/airflow/.local/lib/python3.12/site-packages/airflow/example_dags/example_sensors.py for tasks to queue
[2024-09-12T15:06:59.219+0000] {logging_mixin.py:190} INFO - [2024-09-12T15:06:59.219+0000] {dagbag.py:587} INFO - Filling up the DagBag from /home/airflow/.local/lib/python3.12/site-packages/airflow/example_dags/example_sensors.py
[2024-09-12T15:06:59.361+0000] {processor.py:925} INFO - DAG(s) 'example_sensors' retrieved from /home/airflow/.local/lib/python3.12/site-packages/airflow/example_dags/example_sensors.py
[2024-09-12T15:07:00.206+0000] {logging_mixin.py:190} INFO - [2024-09-12T15:07:00.206+0000] {dag.py:3211} INFO - Sync 1 DAGs
[2024-09-12T15:07:00.412+0000] {logging_mixin.py:190} INFO - [2024-09-12T15:07:00.398+0000] {dag.py:4138} INFO - Setting next_dagrun for example_sensors to None, run_after=None
[2024-09-12T15:07:00.648+0000] {processor.py:208} INFO - Processing /home/airflow/.local/lib/python3.12/site-packages/airflow/example_dags/example_sensors.py took 1.540 seconds
[2024-09-12T15:07:40.039+0000] {processor.py:186} INFO - Started process (PID=665) to work on /home/airflow/.local/lib/python3.12/site-packages/airflow/example_dags/example_sensors.py
[2024-09-12T15:07:40.052+0000] {processor.py:914} INFO - Processing file /home/airflow/.local/lib/python3.12/site-packages/airflow/example_dags/example_sensors.py for tasks to queue
[2024-09-12T15:07:40.069+0000] {logging_mixin.py:190} INFO - [2024-09-12T15:07:40.069+0000] {dagbag.py:587} INFO - Filling up the DagBag from /home/airflow/.local/lib/python3.12/site-packages/airflow/example_dags/example_sensors.py
[2024-09-12T15:07:40.232+0000] {processor.py:925} INFO - DAG(s) 'example_sensors' retrieved from /home/airflow/.local/lib/python3.12/site-packages/airflow/example_dags/example_sensors.py
[2024-09-12T15:07:40.446+0000] {logging_mixin.py:190} INFO - [2024-09-12T15:07:40.445+0000] {dag.py:3211} INFO - Sync 1 DAGs
[2024-09-12T15:07:40.657+0000] {logging_mixin.py:190} INFO - [2024-09-12T15:07:40.657+0000] {dag.py:4138} INFO - Setting next_dagrun for example_sensors to None, run_after=None
[2024-09-12T15:07:40.998+0000] {processor.py:208} INFO - Processing /home/airflow/.local/lib/python3.12/site-packages/airflow/example_dags/example_sensors.py took 1.024 seconds
[2024-09-12T15:08:20.069+0000] {processor.py:186} INFO - Started process (PID=705) to work on /home/airflow/.local/lib/python3.12/site-packages/airflow/example_dags/example_sensors.py
[2024-09-12T15:08:20.085+0000] {processor.py:914} INFO - Processing file /home/airflow/.local/lib/python3.12/site-packages/airflow/example_dags/example_sensors.py for tasks to queue
[2024-09-12T15:08:20.102+0000] {logging_mixin.py:190} INFO - [2024-09-12T15:08:20.101+0000] {dagbag.py:587} INFO - Filling up the DagBag from /home/airflow/.local/lib/python3.12/site-packages/airflow/example_dags/example_sensors.py
[2024-09-12T15:08:20.204+0000] {processor.py:925} INFO - DAG(s) 'example_sensors' retrieved from /home/airflow/.local/lib/python3.12/site-packages/airflow/example_dags/example_sensors.py
[2024-09-12T15:08:20.516+0000] {logging_mixin.py:190} INFO - [2024-09-12T15:08:20.516+0000] {dag.py:3211} INFO - Sync 1 DAGs
[2024-09-12T15:08:20.693+0000] {logging_mixin.py:190} INFO - [2024-09-12T15:08:20.692+0000] {dag.py:4138} INFO - Setting next_dagrun for example_sensors to None, run_after=None
[2024-09-12T15:08:21.052+0000] {processor.py:208} INFO - Processing /home/airflow/.local/lib/python3.12/site-packages/airflow/example_dags/example_sensors.py took 1.166 seconds
[2024-09-12T15:09:09.538+0000] {processor.py:186} INFO - Started process (PID=754) to work on /home/airflow/.local/lib/python3.12/site-packages/airflow/example_dags/example_sensors.py
[2024-09-12T15:09:09.554+0000] {processor.py:914} INFO - Processing file /home/airflow/.local/lib/python3.12/site-packages/airflow/example_dags/example_sensors.py for tasks to queue
[2024-09-12T15:09:09.595+0000] {logging_mixin.py:190} INFO - [2024-09-12T15:09:09.594+0000] {dagbag.py:587} INFO - Filling up the DagBag from /home/airflow/.local/lib/python3.12/site-packages/airflow/example_dags/example_sensors.py
[2024-09-12T15:09:09.748+0000] {processor.py:925} INFO - DAG(s) 'example_sensors' retrieved from /home/airflow/.local/lib/python3.12/site-packages/airflow/example_dags/example_sensors.py
[2024-09-12T15:09:10.004+0000] {logging_mixin.py:190} INFO - [2024-09-12T15:09:10.004+0000] {dag.py:3211} INFO - Sync 1 DAGs
[2024-09-12T15:09:10.120+0000] {logging_mixin.py:190} INFO - [2024-09-12T15:09:10.119+0000] {dag.py:4138} INFO - Setting next_dagrun for example_sensors to None, run_after=None
[2024-09-12T15:09:10.381+0000] {processor.py:208} INFO - Processing /home/airflow/.local/lib/python3.12/site-packages/airflow/example_dags/example_sensors.py took 0.872 seconds
[2024-09-12T15:09:49.716+0000] {processor.py:186} INFO - Started process (PID=794) to work on /home/airflow/.local/lib/python3.12/site-packages/airflow/example_dags/example_sensors.py
[2024-09-12T15:09:49.736+0000] {processor.py:914} INFO - Processing file /home/airflow/.local/lib/python3.12/site-packages/airflow/example_dags/example_sensors.py for tasks to queue
[2024-09-12T15:09:49.749+0000] {logging_mixin.py:190} INFO - [2024-09-12T15:09:49.741+0000] {dagbag.py:587} INFO - Filling up the DagBag from /home/airflow/.local/lib/python3.12/site-packages/airflow/example_dags/example_sensors.py
[2024-09-12T15:09:49.955+0000] {processor.py:925} INFO - DAG(s) 'example_sensors' retrieved from /home/airflow/.local/lib/python3.12/site-packages/airflow/example_dags/example_sensors.py
[2024-09-12T15:09:50.310+0000] {logging_mixin.py:190} INFO - [2024-09-12T15:09:50.309+0000] {dag.py:3211} INFO - Sync 1 DAGs
[2024-09-12T15:09:50.463+0000] {logging_mixin.py:190} INFO - [2024-09-12T15:09:50.457+0000] {dag.py:4138} INFO - Setting next_dagrun for example_sensors to None, run_after=None
[2024-09-12T15:09:50.787+0000] {processor.py:208} INFO - Processing /home/airflow/.local/lib/python3.12/site-packages/airflow/example_dags/example_sensors.py took 1.196 seconds
[2024-09-12T15:10:47.931+0000] {processor.py:186} INFO - Started process (PID=860) to work on /home/airflow/.local/lib/python3.12/site-packages/airflow/example_dags/example_sensors.py
[2024-09-12T15:10:47.945+0000] {processor.py:914} INFO - Processing file /home/airflow/.local/lib/python3.12/site-packages/airflow/example_dags/example_sensors.py for tasks to queue
[2024-09-12T15:10:47.951+0000] {logging_mixin.py:190} INFO - [2024-09-12T15:10:47.950+0000] {dagbag.py:587} INFO - Filling up the DagBag from /home/airflow/.local/lib/python3.12/site-packages/airflow/example_dags/example_sensors.py
[2024-09-12T15:10:48.107+0000] {processor.py:925} INFO - DAG(s) 'example_sensors' retrieved from /home/airflow/.local/lib/python3.12/site-packages/airflow/example_dags/example_sensors.py
[2024-09-12T15:10:48.630+0000] {logging_mixin.py:190} INFO - [2024-09-12T15:10:48.630+0000] {dag.py:3211} INFO - Sync 1 DAGs
[2024-09-12T15:10:48.772+0000] {logging_mixin.py:190} INFO - [2024-09-12T15:10:48.772+0000] {dag.py:4138} INFO - Setting next_dagrun for example_sensors to None, run_after=None
[2024-09-12T15:10:49.040+0000] {processor.py:208} INFO - Processing /home/airflow/.local/lib/python3.12/site-packages/airflow/example_dags/example_sensors.py took 1.134 seconds
[2024-09-12T15:11:37.458+0000] {processor.py:186} INFO - Started process (PID=933) to work on /home/airflow/.local/lib/python3.12/site-packages/airflow/example_dags/example_sensors.py
[2024-09-12T15:11:37.473+0000] {processor.py:914} INFO - Processing file /home/airflow/.local/lib/python3.12/site-packages/airflow/example_dags/example_sensors.py for tasks to queue
[2024-09-12T15:11:37.495+0000] {logging_mixin.py:190} INFO - [2024-09-12T15:11:37.494+0000] {dagbag.py:587} INFO - Filling up the DagBag from /home/airflow/.local/lib/python3.12/site-packages/airflow/example_dags/example_sensors.py
[2024-09-12T15:11:37.599+0000] {processor.py:925} INFO - DAG(s) 'example_sensors' retrieved from /home/airflow/.local/lib/python3.12/site-packages/airflow/example_dags/example_sensors.py
[2024-09-12T15:11:37.846+0000] {logging_mixin.py:190} INFO - [2024-09-12T15:11:37.846+0000] {dag.py:3211} INFO - Sync 1 DAGs
[2024-09-12T15:11:38.152+0000] {logging_mixin.py:190} INFO - [2024-09-12T15:11:38.150+0000] {dag.py:4138} INFO - Setting next_dagrun for example_sensors to None, run_after=None
[2024-09-12T15:11:38.458+0000] {processor.py:208} INFO - Processing /home/airflow/.local/lib/python3.12/site-packages/airflow/example_dags/example_sensors.py took 1.067 seconds
[2024-09-12T15:14:56.177+0000] {processor.py:186} INFO - Started process (PID=84) to work on /home/airflow/.local/lib/python3.12/site-packages/airflow/example_dags/example_sensors.py
[2024-09-12T15:14:56.206+0000] {processor.py:914} INFO - Processing file /home/airflow/.local/lib/python3.12/site-packages/airflow/example_dags/example_sensors.py for tasks to queue
[2024-09-12T15:14:56.240+0000] {logging_mixin.py:190} INFO - [2024-09-12T15:14:56.239+0000] {dagbag.py:587} INFO - Filling up the DagBag from /home/airflow/.local/lib/python3.12/site-packages/airflow/example_dags/example_sensors.py
[2024-09-12T15:14:56.471+0000] {processor.py:925} INFO - DAG(s) 'example_sensors' retrieved from /home/airflow/.local/lib/python3.12/site-packages/airflow/example_dags/example_sensors.py
[2024-09-12T15:14:56.781+0000] {logging_mixin.py:190} INFO - [2024-09-12T15:14:56.780+0000] {dag.py:3211} INFO - Sync 1 DAGs
[2024-09-12T15:14:56.947+0000] {logging_mixin.py:190} INFO - [2024-09-12T15:14:56.936+0000] {dag.py:4138} INFO - Setting next_dagrun for example_sensors to None, run_after=None
[2024-09-12T15:14:57.093+0000] {processor.py:208} INFO - Processing /home/airflow/.local/lib/python3.12/site-packages/airflow/example_dags/example_sensors.py took 0.968 seconds
[2024-09-12T15:15:49.062+0000] {processor.py:186} INFO - Started process (PID=149) to work on /home/airflow/.local/lib/python3.12/site-packages/airflow/example_dags/example_sensors.py
[2024-09-12T15:15:49.084+0000] {processor.py:914} INFO - Processing file /home/airflow/.local/lib/python3.12/site-packages/airflow/example_dags/example_sensors.py for tasks to queue
[2024-09-12T15:15:49.185+0000] {logging_mixin.py:190} INFO - [2024-09-12T15:15:49.142+0000] {dagbag.py:587} INFO - Filling up the DagBag from /home/airflow/.local/lib/python3.12/site-packages/airflow/example_dags/example_sensors.py
[2024-09-12T15:15:49.504+0000] {processor.py:925} INFO - DAG(s) 'example_sensors' retrieved from /home/airflow/.local/lib/python3.12/site-packages/airflow/example_dags/example_sensors.py
[2024-09-12T15:15:49.765+0000] {logging_mixin.py:190} INFO - [2024-09-12T15:15:49.764+0000] {dag.py:3211} INFO - Sync 1 DAGs
[2024-09-12T15:15:49.974+0000] {logging_mixin.py:190} INFO - [2024-09-12T15:15:49.974+0000] {dag.py:4138} INFO - Setting next_dagrun for example_sensors to None, run_after=None
[2024-09-12T15:15:50.316+0000] {processor.py:208} INFO - Processing /home/airflow/.local/lib/python3.12/site-packages/airflow/example_dags/example_sensors.py took 1.330 seconds
[2024-09-12T15:16:52.857+0000] {processor.py:186} INFO - Started process (PID=210) to work on /home/airflow/.local/lib/python3.12/site-packages/airflow/example_dags/example_sensors.py
[2024-09-12T15:16:52.971+0000] {processor.py:914} INFO - Processing file /home/airflow/.local/lib/python3.12/site-packages/airflow/example_dags/example_sensors.py for tasks to queue
[2024-09-12T15:16:52.985+0000] {logging_mixin.py:190} INFO - [2024-09-12T15:16:52.983+0000] {dagbag.py:587} INFO - Filling up the DagBag from /home/airflow/.local/lib/python3.12/site-packages/airflow/example_dags/example_sensors.py
[2024-09-12T15:16:53.166+0000] {processor.py:925} INFO - DAG(s) 'example_sensors' retrieved from /home/airflow/.local/lib/python3.12/site-packages/airflow/example_dags/example_sensors.py
[2024-09-12T15:16:53.475+0000] {logging_mixin.py:190} INFO - [2024-09-12T15:16:53.462+0000] {dag.py:3211} INFO - Sync 1 DAGs
[2024-09-12T15:16:53.669+0000] {logging_mixin.py:190} INFO - [2024-09-12T15:16:53.669+0000] {dag.py:4138} INFO - Setting next_dagrun for example_sensors to None, run_after=None
[2024-09-12T15:16:54.024+0000] {processor.py:208} INFO - Processing /home/airflow/.local/lib/python3.12/site-packages/airflow/example_dags/example_sensors.py took 1.264 seconds
[2024-09-12T15:17:33.642+0000] {processor.py:186} INFO - Started process (PID=260) to work on /home/airflow/.local/lib/python3.12/site-packages/airflow/example_dags/example_sensors.py
[2024-09-12T15:17:33.658+0000] {processor.py:914} INFO - Processing file /home/airflow/.local/lib/python3.12/site-packages/airflow/example_dags/example_sensors.py for tasks to queue
[2024-09-12T15:17:33.675+0000] {logging_mixin.py:190} INFO - [2024-09-12T15:17:33.674+0000] {dagbag.py:587} INFO - Filling up the DagBag from /home/airflow/.local/lib/python3.12/site-packages/airflow/example_dags/example_sensors.py
[2024-09-12T15:17:33.796+0000] {processor.py:925} INFO - DAG(s) 'example_sensors' retrieved from /home/airflow/.local/lib/python3.12/site-packages/airflow/example_dags/example_sensors.py
[2024-09-12T15:17:34.080+0000] {logging_mixin.py:190} INFO - [2024-09-12T15:17:34.072+0000] {dag.py:3211} INFO - Sync 1 DAGs
[2024-09-12T15:17:34.259+0000] {logging_mixin.py:190} INFO - [2024-09-12T15:17:34.258+0000] {dag.py:4138} INFO - Setting next_dagrun for example_sensors to None, run_after=None
[2024-09-12T15:17:34.469+0000] {processor.py:208} INFO - Processing /home/airflow/.local/lib/python3.12/site-packages/airflow/example_dags/example_sensors.py took 0.915 seconds
[2024-09-12T15:18:22.760+0000] {processor.py:186} INFO - Started process (PID=320) to work on /home/airflow/.local/lib/python3.12/site-packages/airflow/example_dags/example_sensors.py
[2024-09-12T15:18:22.781+0000] {processor.py:914} INFO - Processing file /home/airflow/.local/lib/python3.12/site-packages/airflow/example_dags/example_sensors.py for tasks to queue
[2024-09-12T15:18:22.799+0000] {logging_mixin.py:190} INFO - [2024-09-12T15:18:22.799+0000] {dagbag.py:587} INFO - Filling up the DagBag from /home/airflow/.local/lib/python3.12/site-packages/airflow/example_dags/example_sensors.py
[2024-09-12T15:18:22.922+0000] {processor.py:925} INFO - DAG(s) 'example_sensors' retrieved from /home/airflow/.local/lib/python3.12/site-packages/airflow/example_dags/example_sensors.py
[2024-09-12T15:18:23.230+0000] {logging_mixin.py:190} INFO - [2024-09-12T15:18:23.226+0000] {dag.py:3211} INFO - Sync 1 DAGs
[2024-09-12T15:18:23.500+0000] {logging_mixin.py:190} INFO - [2024-09-12T15:18:23.499+0000] {dag.py:4138} INFO - Setting next_dagrun for example_sensors to None, run_after=None
[2024-09-12T15:18:23.716+0000] {processor.py:208} INFO - Processing /home/airflow/.local/lib/python3.12/site-packages/airflow/example_dags/example_sensors.py took 1.035 seconds
[2024-09-12T15:19:11.932+0000] {processor.py:186} INFO - Started process (PID=380) to work on /home/airflow/.local/lib/python3.12/site-packages/airflow/example_dags/example_sensors.py
[2024-09-12T15:19:11.953+0000] {processor.py:914} INFO - Processing file /home/airflow/.local/lib/python3.12/site-packages/airflow/example_dags/example_sensors.py for tasks to queue
[2024-09-12T15:19:11.987+0000] {logging_mixin.py:190} INFO - [2024-09-12T15:19:11.973+0000] {dagbag.py:587} INFO - Filling up the DagBag from /home/airflow/.local/lib/python3.12/site-packages/airflow/example_dags/example_sensors.py
[2024-09-12T15:19:12.162+0000] {processor.py:925} INFO - DAG(s) 'example_sensors' retrieved from /home/airflow/.local/lib/python3.12/site-packages/airflow/example_dags/example_sensors.py
[2024-09-12T15:19:12.329+0000] {logging_mixin.py:190} INFO - [2024-09-12T15:19:12.329+0000] {dag.py:3211} INFO - Sync 1 DAGs
[2024-09-12T15:19:12.582+0000] {logging_mixin.py:190} INFO - [2024-09-12T15:19:12.581+0000] {dag.py:4138} INFO - Setting next_dagrun for example_sensors to None, run_after=None
[2024-09-12T15:19:12.933+0000] {processor.py:208} INFO - Processing /home/airflow/.local/lib/python3.12/site-packages/airflow/example_dags/example_sensors.py took 1.042 seconds
[2024-09-12T15:20:00.790+0000] {processor.py:186} INFO - Started process (PID=448) to work on /home/airflow/.local/lib/python3.12/site-packages/airflow/example_dags/example_sensors.py
[2024-09-12T15:20:00.805+0000] {processor.py:914} INFO - Processing file /home/airflow/.local/lib/python3.12/site-packages/airflow/example_dags/example_sensors.py for tasks to queue
[2024-09-12T15:20:00.853+0000] {logging_mixin.py:190} INFO - [2024-09-12T15:20:00.852+0000] {dagbag.py:587} INFO - Filling up the DagBag from /home/airflow/.local/lib/python3.12/site-packages/airflow/example_dags/example_sensors.py
[2024-09-12T15:20:01.105+0000] {processor.py:925} INFO - DAG(s) 'example_sensors' retrieved from /home/airflow/.local/lib/python3.12/site-packages/airflow/example_dags/example_sensors.py
[2024-09-12T15:20:01.485+0000] {logging_mixin.py:190} INFO - [2024-09-12T15:20:01.485+0000] {dag.py:3211} INFO - Sync 1 DAGs
[2024-09-12T15:20:02.091+0000] {logging_mixin.py:190} INFO - [2024-09-12T15:20:02.090+0000] {dag.py:4138} INFO - Setting next_dagrun for example_sensors to None, run_after=None
[2024-09-12T15:20:02.468+0000] {processor.py:208} INFO - Processing /home/airflow/.local/lib/python3.12/site-packages/airflow/example_dags/example_sensors.py took 1.826 seconds
[2024-09-12T15:20:39.124+0000] {processor.py:186} INFO - Started process (PID=496) to work on /home/airflow/.local/lib/python3.12/site-packages/airflow/example_dags/example_sensors.py
[2024-09-12T15:20:39.141+0000] {processor.py:914} INFO - Processing file /home/airflow/.local/lib/python3.12/site-packages/airflow/example_dags/example_sensors.py for tasks to queue
[2024-09-12T15:20:39.174+0000] {logging_mixin.py:190} INFO - [2024-09-12T15:20:39.173+0000] {dagbag.py:587} INFO - Filling up the DagBag from /home/airflow/.local/lib/python3.12/site-packages/airflow/example_dags/example_sensors.py
[2024-09-12T15:20:39.227+0000] {processor.py:925} INFO - DAG(s) 'example_sensors' retrieved from /home/airflow/.local/lib/python3.12/site-packages/airflow/example_dags/example_sensors.py
[2024-09-12T15:20:39.340+0000] {logging_mixin.py:190} INFO - [2024-09-12T15:20:39.339+0000] {dag.py:3211} INFO - Sync 1 DAGs
[2024-09-12T15:20:39.439+0000] {logging_mixin.py:190} INFO - [2024-09-12T15:20:39.439+0000] {dag.py:4138} INFO - Setting next_dagrun for example_sensors to None, run_after=None
[2024-09-12T15:20:39.629+0000] {processor.py:208} INFO - Processing /home/airflow/.local/lib/python3.12/site-packages/airflow/example_dags/example_sensors.py took 0.545 seconds
[2024-09-12T15:21:37.725+0000] {processor.py:186} INFO - Started process (PID=560) to work on /home/airflow/.local/lib/python3.12/site-packages/airflow/example_dags/example_sensors.py
[2024-09-12T15:21:37.741+0000] {processor.py:914} INFO - Processing file /home/airflow/.local/lib/python3.12/site-packages/airflow/example_dags/example_sensors.py for tasks to queue
[2024-09-12T15:21:37.796+0000] {logging_mixin.py:190} INFO - [2024-09-12T15:21:37.795+0000] {dagbag.py:587} INFO - Filling up the DagBag from /home/airflow/.local/lib/python3.12/site-packages/airflow/example_dags/example_sensors.py
[2024-09-12T15:21:37.937+0000] {processor.py:925} INFO - DAG(s) 'example_sensors' retrieved from /home/airflow/.local/lib/python3.12/site-packages/airflow/example_dags/example_sensors.py
[2024-09-12T15:21:38.439+0000] {logging_mixin.py:190} INFO - [2024-09-12T15:21:38.411+0000] {dag.py:3211} INFO - Sync 1 DAGs
[2024-09-12T15:21:38.716+0000] {logging_mixin.py:190} INFO - [2024-09-12T15:21:38.715+0000] {dag.py:4138} INFO - Setting next_dagrun for example_sensors to None, run_after=None
[2024-09-12T15:21:39.048+0000] {processor.py:208} INFO - Processing /home/airflow/.local/lib/python3.12/site-packages/airflow/example_dags/example_sensors.py took 1.405 seconds
[2024-09-12T15:22:28.592+0000] {processor.py:186} INFO - Started process (PID=611) to work on /home/airflow/.local/lib/python3.12/site-packages/airflow/example_dags/example_sensors.py
[2024-09-12T15:22:28.622+0000] {processor.py:914} INFO - Processing file /home/airflow/.local/lib/python3.12/site-packages/airflow/example_dags/example_sensors.py for tasks to queue
[2024-09-12T15:22:28.688+0000] {logging_mixin.py:190} INFO - [2024-09-12T15:22:28.687+0000] {dagbag.py:587} INFO - Filling up the DagBag from /home/airflow/.local/lib/python3.12/site-packages/airflow/example_dags/example_sensors.py
[2024-09-12T15:22:28.816+0000] {processor.py:925} INFO - DAG(s) 'example_sensors' retrieved from /home/airflow/.local/lib/python3.12/site-packages/airflow/example_dags/example_sensors.py
[2024-09-12T15:22:29.098+0000] {logging_mixin.py:190} INFO - [2024-09-12T15:22:29.092+0000] {dag.py:3211} INFO - Sync 1 DAGs
[2024-09-12T15:22:29.279+0000] {logging_mixin.py:190} INFO - [2024-09-12T15:22:29.278+0000] {dag.py:4138} INFO - Setting next_dagrun for example_sensors to None, run_after=None
[2024-09-12T15:22:29.502+0000] {processor.py:208} INFO - Processing /home/airflow/.local/lib/python3.12/site-packages/airflow/example_dags/example_sensors.py took 0.990 seconds
[2024-09-12T15:23:26.531+0000] {processor.py:186} INFO - Started process (PID=687) to work on /home/airflow/.local/lib/python3.12/site-packages/airflow/example_dags/example_sensors.py
[2024-09-12T15:23:26.550+0000] {processor.py:914} INFO - Processing file /home/airflow/.local/lib/python3.12/site-packages/airflow/example_dags/example_sensors.py for tasks to queue
[2024-09-12T15:23:26.583+0000] {logging_mixin.py:190} INFO - [2024-09-12T15:23:26.582+0000] {dagbag.py:587} INFO - Filling up the DagBag from /home/airflow/.local/lib/python3.12/site-packages/airflow/example_dags/example_sensors.py
[2024-09-12T15:23:26.751+0000] {processor.py:925} INFO - DAG(s) 'example_sensors' retrieved from /home/airflow/.local/lib/python3.12/site-packages/airflow/example_dags/example_sensors.py
[2024-09-12T15:23:27.355+0000] {logging_mixin.py:190} INFO - [2024-09-12T15:23:27.354+0000] {dag.py:3211} INFO - Sync 1 DAGs
[2024-09-12T15:23:27.654+0000] {logging_mixin.py:190} INFO - [2024-09-12T15:23:27.653+0000] {dag.py:4138} INFO - Setting next_dagrun for example_sensors to None, run_after=None
[2024-09-12T15:23:27.903+0000] {processor.py:208} INFO - Processing /home/airflow/.local/lib/python3.12/site-packages/airflow/example_dags/example_sensors.py took 1.398 seconds
[2024-09-12T15:24:38.442+0000] {processor.py:186} INFO - Started process (PID=774) to work on /home/airflow/.local/lib/python3.12/site-packages/airflow/example_dags/example_sensors.py
[2024-09-12T15:24:38.479+0000] {processor.py:914} INFO - Processing file /home/airflow/.local/lib/python3.12/site-packages/airflow/example_dags/example_sensors.py for tasks to queue
[2024-09-12T15:24:38.750+0000] {logging_mixin.py:190} INFO - [2024-09-12T15:24:38.739+0000] {dagbag.py:587} INFO - Filling up the DagBag from /home/airflow/.local/lib/python3.12/site-packages/airflow/example_dags/example_sensors.py
[2024-09-12T15:24:39.025+0000] {processor.py:925} INFO - DAG(s) 'example_sensors' retrieved from /home/airflow/.local/lib/python3.12/site-packages/airflow/example_dags/example_sensors.py
[2024-09-12T15:24:39.553+0000] {logging_mixin.py:190} INFO - [2024-09-12T15:24:39.552+0000] {dag.py:3211} INFO - Sync 1 DAGs
[2024-09-12T15:24:39.782+0000] {logging_mixin.py:190} INFO - [2024-09-12T15:24:39.782+0000] {dag.py:4138} INFO - Setting next_dagrun for example_sensors to None, run_after=None
[2024-09-12T15:24:40.424+0000] {processor.py:208} INFO - Processing /home/airflow/.local/lib/python3.12/site-packages/airflow/example_dags/example_sensors.py took 2.199 seconds
[2024-09-12T15:25:23.682+0000] {processor.py:186} INFO - Started process (PID=806) to work on /home/airflow/.local/lib/python3.12/site-packages/airflow/example_dags/example_sensors.py
[2024-09-12T15:25:23.695+0000] {processor.py:914} INFO - Processing file /home/airflow/.local/lib/python3.12/site-packages/airflow/example_dags/example_sensors.py for tasks to queue
[2024-09-12T15:25:23.713+0000] {logging_mixin.py:190} INFO - [2024-09-12T15:25:23.712+0000] {dagbag.py:587} INFO - Filling up the DagBag from /home/airflow/.local/lib/python3.12/site-packages/airflow/example_dags/example_sensors.py
[2024-09-12T15:25:23.857+0000] {processor.py:925} INFO - DAG(s) 'example_sensors' retrieved from /home/airflow/.local/lib/python3.12/site-packages/airflow/example_dags/example_sensors.py
[2024-09-12T15:25:24.889+0000] {logging_mixin.py:190} INFO - [2024-09-12T15:25:24.889+0000] {dag.py:3211} INFO - Sync 1 DAGs
[2024-09-12T15:25:25.622+0000] {logging_mixin.py:190} INFO - [2024-09-12T15:25:25.622+0000] {dag.py:4138} INFO - Setting next_dagrun for example_sensors to None, run_after=None
[2024-09-12T15:25:26.630+0000] {processor.py:208} INFO - Processing /home/airflow/.local/lib/python3.12/site-packages/airflow/example_dags/example_sensors.py took 3.014 seconds
[2024-09-12T15:26:40.149+0000] {processor.py:186} INFO - Started process (PID=860) to work on /home/airflow/.local/lib/python3.12/site-packages/airflow/example_dags/example_sensors.py
[2024-09-12T15:26:40.151+0000] {processor.py:914} INFO - Processing file /home/airflow/.local/lib/python3.12/site-packages/airflow/example_dags/example_sensors.py for tasks to queue
[2024-09-12T15:26:40.184+0000] {logging_mixin.py:190} INFO - [2024-09-12T15:26:40.184+0000] {dagbag.py:587} INFO - Filling up the DagBag from /home/airflow/.local/lib/python3.12/site-packages/airflow/example_dags/example_sensors.py
[2024-09-12T15:26:40.410+0000] {processor.py:925} INFO - DAG(s) 'example_sensors' retrieved from /home/airflow/.local/lib/python3.12/site-packages/airflow/example_dags/example_sensors.py
[2024-09-12T15:26:40.994+0000] {logging_mixin.py:190} INFO - [2024-09-12T15:26:40.994+0000] {dag.py:3211} INFO - Sync 1 DAGs
[2024-09-12T15:26:41.359+0000] {logging_mixin.py:190} INFO - [2024-09-12T15:26:41.359+0000] {dag.py:4138} INFO - Setting next_dagrun for example_sensors to None, run_after=None
[2024-09-12T15:26:41.706+0000] {processor.py:208} INFO - Processing /home/airflow/.local/lib/python3.12/site-packages/airflow/example_dags/example_sensors.py took 1.658 seconds
[2024-09-12T15:27:15.114+0000] {processor.py:186} INFO - Started process (PID=901) to work on /home/airflow/.local/lib/python3.12/site-packages/airflow/example_dags/example_sensors.py
[2024-09-12T15:27:15.130+0000] {processor.py:914} INFO - Processing file /home/airflow/.local/lib/python3.12/site-packages/airflow/example_dags/example_sensors.py for tasks to queue
[2024-09-12T15:27:15.148+0000] {logging_mixin.py:190} INFO - [2024-09-12T15:27:15.147+0000] {dagbag.py:587} INFO - Filling up the DagBag from /home/airflow/.local/lib/python3.12/site-packages/airflow/example_dags/example_sensors.py
[2024-09-12T15:27:15.293+0000] {processor.py:925} INFO - DAG(s) 'example_sensors' retrieved from /home/airflow/.local/lib/python3.12/site-packages/airflow/example_dags/example_sensors.py
[2024-09-12T15:27:15.647+0000] {logging_mixin.py:190} INFO - [2024-09-12T15:27:15.646+0000] {dag.py:3211} INFO - Sync 1 DAGs
[2024-09-12T15:27:15.856+0000] {logging_mixin.py:190} INFO - [2024-09-12T15:27:15.855+0000] {dag.py:4138} INFO - Setting next_dagrun for example_sensors to None, run_after=None
[2024-09-12T15:27:16.067+0000] {processor.py:208} INFO - Processing /home/airflow/.local/lib/python3.12/site-packages/airflow/example_dags/example_sensors.py took 1.052 seconds
[2024-09-12T15:28:06.202+0000] {processor.py:186} INFO - Started process (PID=960) to work on /home/airflow/.local/lib/python3.12/site-packages/airflow/example_dags/example_sensors.py
[2024-09-12T15:28:06.216+0000] {processor.py:914} INFO - Processing file /home/airflow/.local/lib/python3.12/site-packages/airflow/example_dags/example_sensors.py for tasks to queue
[2024-09-12T15:28:06.235+0000] {logging_mixin.py:190} INFO - [2024-09-12T15:28:06.234+0000] {dagbag.py:587} INFO - Filling up the DagBag from /home/airflow/.local/lib/python3.12/site-packages/airflow/example_dags/example_sensors.py
[2024-09-12T15:28:06.338+0000] {processor.py:925} INFO - DAG(s) 'example_sensors' retrieved from /home/airflow/.local/lib/python3.12/site-packages/airflow/example_dags/example_sensors.py
[2024-09-12T15:28:06.687+0000] {logging_mixin.py:190} INFO - [2024-09-12T15:28:06.686+0000] {dag.py:3211} INFO - Sync 1 DAGs
[2024-09-12T15:28:06.816+0000] {logging_mixin.py:190} INFO - [2024-09-12T15:28:06.816+0000] {dag.py:4138} INFO - Setting next_dagrun for example_sensors to None, run_after=None
[2024-09-12T15:28:07.056+0000] {processor.py:208} INFO - Processing /home/airflow/.local/lib/python3.12/site-packages/airflow/example_dags/example_sensors.py took 0.893 seconds
[2024-09-12T15:28:56.206+0000] {processor.py:186} INFO - Started process (PID=1033) to work on /home/airflow/.local/lib/python3.12/site-packages/airflow/example_dags/example_sensors.py
[2024-09-12T15:28:56.208+0000] {processor.py:914} INFO - Processing file /home/airflow/.local/lib/python3.12/site-packages/airflow/example_dags/example_sensors.py for tasks to queue
[2024-09-12T15:28:56.366+0000] {logging_mixin.py:190} INFO - [2024-09-12T15:28:56.363+0000] {dagbag.py:587} INFO - Filling up the DagBag from /home/airflow/.local/lib/python3.12/site-packages/airflow/example_dags/example_sensors.py
[2024-09-12T15:28:56.587+0000] {processor.py:925} INFO - DAG(s) 'example_sensors' retrieved from /home/airflow/.local/lib/python3.12/site-packages/airflow/example_dags/example_sensors.py
[2024-09-12T15:28:57.103+0000] {logging_mixin.py:190} INFO - [2024-09-12T15:28:57.103+0000] {dag.py:3211} INFO - Sync 1 DAGs
[2024-09-12T15:28:57.333+0000] {logging_mixin.py:190} INFO - [2024-09-12T15:28:57.333+0000] {dag.py:4138} INFO - Setting next_dagrun for example_sensors to None, run_after=None
[2024-09-12T15:28:57.470+0000] {processor.py:208} INFO - Processing /home/airflow/.local/lib/python3.12/site-packages/airflow/example_dags/example_sensors.py took 1.367 seconds
[2024-09-12T15:29:34.664+0000] {processor.py:186} INFO - Started process (PID=1086) to work on /home/airflow/.local/lib/python3.12/site-packages/airflow/example_dags/example_sensors.py
[2024-09-12T15:29:34.681+0000] {processor.py:914} INFO - Processing file /home/airflow/.local/lib/python3.12/site-packages/airflow/example_dags/example_sensors.py for tasks to queue
[2024-09-12T15:29:34.757+0000] {logging_mixin.py:190} INFO - [2024-09-12T15:29:34.756+0000] {dagbag.py:587} INFO - Filling up the DagBag from /home/airflow/.local/lib/python3.12/site-packages/airflow/example_dags/example_sensors.py
[2024-09-12T15:29:34.888+0000] {processor.py:925} INFO - DAG(s) 'example_sensors' retrieved from /home/airflow/.local/lib/python3.12/site-packages/airflow/example_dags/example_sensors.py
[2024-09-12T15:29:35.065+0000] {logging_mixin.py:190} INFO - [2024-09-12T15:29:35.064+0000] {dag.py:3211} INFO - Sync 1 DAGs
[2024-09-12T15:29:35.224+0000] {logging_mixin.py:190} INFO - [2024-09-12T15:29:35.222+0000] {dag.py:4138} INFO - Setting next_dagrun for example_sensors to None, run_after=None
[2024-09-12T15:29:35.382+0000] {processor.py:208} INFO - Processing /home/airflow/.local/lib/python3.12/site-packages/airflow/example_dags/example_sensors.py took 0.776 seconds
[2024-09-12T15:30:55.206+0000] {processor.py:186} INFO - Started process (PID=1134) to work on /home/airflow/.local/lib/python3.12/site-packages/airflow/example_dags/example_sensors.py
[2024-09-12T15:30:55.221+0000] {processor.py:914} INFO - Processing file /home/airflow/.local/lib/python3.12/site-packages/airflow/example_dags/example_sensors.py for tasks to queue
[2024-09-12T15:30:55.238+0000] {logging_mixin.py:190} INFO - [2024-09-12T15:30:55.237+0000] {dagbag.py:587} INFO - Filling up the DagBag from /home/airflow/.local/lib/python3.12/site-packages/airflow/example_dags/example_sensors.py
[2024-09-12T15:30:55.381+0000] {processor.py:925} INFO - DAG(s) 'example_sensors' retrieved from /home/airflow/.local/lib/python3.12/site-packages/airflow/example_dags/example_sensors.py
[2024-09-12T15:30:55.870+0000] {logging_mixin.py:190} INFO - [2024-09-12T15:30:55.869+0000] {dag.py:3211} INFO - Sync 1 DAGs
[2024-09-12T15:30:56.053+0000] {logging_mixin.py:190} INFO - [2024-09-12T15:30:56.052+0000] {dag.py:4138} INFO - Setting next_dagrun for example_sensors to None, run_after=None
[2024-09-12T15:30:56.339+0000] {processor.py:208} INFO - Processing /home/airflow/.local/lib/python3.12/site-packages/airflow/example_dags/example_sensors.py took 1.213 seconds
[2024-09-12T15:31:45.312+0000] {processor.py:186} INFO - Started process (PID=1197) to work on /home/airflow/.local/lib/python3.12/site-packages/airflow/example_dags/example_sensors.py
[2024-09-12T15:31:45.324+0000] {processor.py:914} INFO - Processing file /home/airflow/.local/lib/python3.12/site-packages/airflow/example_dags/example_sensors.py for tasks to queue
[2024-09-12T15:31:45.346+0000] {logging_mixin.py:190} INFO - [2024-09-12T15:31:45.345+0000] {dagbag.py:587} INFO - Filling up the DagBag from /home/airflow/.local/lib/python3.12/site-packages/airflow/example_dags/example_sensors.py
[2024-09-12T15:31:45.430+0000] {processor.py:925} INFO - DAG(s) 'example_sensors' retrieved from /home/airflow/.local/lib/python3.12/site-packages/airflow/example_dags/example_sensors.py
[2024-09-12T15:31:45.616+0000] {logging_mixin.py:190} INFO - [2024-09-12T15:31:45.615+0000] {dag.py:3211} INFO - Sync 1 DAGs
[2024-09-12T15:31:45.756+0000] {logging_mixin.py:190} INFO - [2024-09-12T15:31:45.755+0000] {dag.py:4138} INFO - Setting next_dagrun for example_sensors to None, run_after=None
[2024-09-12T15:31:45.838+0000] {processor.py:208} INFO - Processing /home/airflow/.local/lib/python3.12/site-packages/airflow/example_dags/example_sensors.py took 0.559 seconds
[2024-09-12T15:32:28.822+0000] {processor.py:186} INFO - Started process (PID=1262) to work on /home/airflow/.local/lib/python3.12/site-packages/airflow/example_dags/example_sensors.py
[2024-09-12T15:32:28.826+0000] {processor.py:914} INFO - Processing file /home/airflow/.local/lib/python3.12/site-packages/airflow/example_dags/example_sensors.py for tasks to queue
[2024-09-12T15:32:28.830+0000] {logging_mixin.py:190} INFO - [2024-09-12T15:32:28.829+0000] {dagbag.py:587} INFO - Filling up the DagBag from /home/airflow/.local/lib/python3.12/site-packages/airflow/example_dags/example_sensors.py
[2024-09-12T15:32:28.948+0000] {processor.py:925} INFO - DAG(s) 'example_sensors' retrieved from /home/airflow/.local/lib/python3.12/site-packages/airflow/example_dags/example_sensors.py
[2024-09-12T15:32:29.104+0000] {logging_mixin.py:190} INFO - [2024-09-12T15:32:29.103+0000] {dag.py:3211} INFO - Sync 1 DAGs
[2024-09-12T15:32:29.178+0000] {logging_mixin.py:190} INFO - [2024-09-12T15:32:29.178+0000] {dag.py:4138} INFO - Setting next_dagrun for example_sensors to None, run_after=None
[2024-09-12T15:32:29.311+0000] {processor.py:208} INFO - Processing /home/airflow/.local/lib/python3.12/site-packages/airflow/example_dags/example_sensors.py took 0.539 seconds
[2024-09-12T15:33:07.563+0000] {processor.py:186} INFO - Started process (PID=1305) to work on /home/airflow/.local/lib/python3.12/site-packages/airflow/example_dags/example_sensors.py
[2024-09-12T15:33:07.568+0000] {processor.py:914} INFO - Processing file /home/airflow/.local/lib/python3.12/site-packages/airflow/example_dags/example_sensors.py for tasks to queue
[2024-09-12T15:33:07.571+0000] {logging_mixin.py:190} INFO - [2024-09-12T15:33:07.570+0000] {dagbag.py:587} INFO - Filling up the DagBag from /home/airflow/.local/lib/python3.12/site-packages/airflow/example_dags/example_sensors.py
[2024-09-12T15:33:07.687+0000] {processor.py:925} INFO - DAG(s) 'example_sensors' retrieved from /home/airflow/.local/lib/python3.12/site-packages/airflow/example_dags/example_sensors.py
[2024-09-12T15:33:07.959+0000] {logging_mixin.py:190} INFO - [2024-09-12T15:33:07.958+0000] {dag.py:3211} INFO - Sync 1 DAGs
[2024-09-12T15:33:08.092+0000] {logging_mixin.py:190} INFO - [2024-09-12T15:33:08.088+0000] {dag.py:4138} INFO - Setting next_dagrun for example_sensors to None, run_after=None
[2024-09-12T15:33:08.357+0000] {processor.py:208} INFO - Processing /home/airflow/.local/lib/python3.12/site-packages/airflow/example_dags/example_sensors.py took 0.818 seconds
[2024-09-12T15:33:51.122+0000] {processor.py:186} INFO - Started process (PID=1370) to work on /home/airflow/.local/lib/python3.12/site-packages/airflow/example_dags/example_sensors.py
[2024-09-12T15:33:51.126+0000] {processor.py:914} INFO - Processing file /home/airflow/.local/lib/python3.12/site-packages/airflow/example_dags/example_sensors.py for tasks to queue
[2024-09-12T15:33:51.129+0000] {logging_mixin.py:190} INFO - [2024-09-12T15:33:51.129+0000] {dagbag.py:587} INFO - Filling up the DagBag from /home/airflow/.local/lib/python3.12/site-packages/airflow/example_dags/example_sensors.py
[2024-09-12T15:33:51.265+0000] {processor.py:925} INFO - DAG(s) 'example_sensors' retrieved from /home/airflow/.local/lib/python3.12/site-packages/airflow/example_dags/example_sensors.py
[2024-09-12T15:33:51.458+0000] {logging_mixin.py:190} INFO - [2024-09-12T15:33:51.458+0000] {dag.py:3211} INFO - Sync 1 DAGs
[2024-09-12T15:33:51.544+0000] {logging_mixin.py:190} INFO - [2024-09-12T15:33:51.543+0000] {dag.py:4138} INFO - Setting next_dagrun for example_sensors to None, run_after=None
[2024-09-12T15:33:51.665+0000] {processor.py:208} INFO - Processing /home/airflow/.local/lib/python3.12/site-packages/airflow/example_dags/example_sensors.py took 0.609 seconds
[2024-09-12T15:34:27.181+0000] {processor.py:186} INFO - Started process (PID=1431) to work on /home/airflow/.local/lib/python3.12/site-packages/airflow/example_dags/example_sensors.py
[2024-09-12T15:34:27.204+0000] {processor.py:914} INFO - Processing file /home/airflow/.local/lib/python3.12/site-packages/airflow/example_dags/example_sensors.py for tasks to queue
[2024-09-12T15:34:27.221+0000] {logging_mixin.py:190} INFO - [2024-09-12T15:34:27.221+0000] {dagbag.py:587} INFO - Filling up the DagBag from /home/airflow/.local/lib/python3.12/site-packages/airflow/example_dags/example_sensors.py
[2024-09-12T15:34:27.326+0000] {processor.py:925} INFO - DAG(s) 'example_sensors' retrieved from /home/airflow/.local/lib/python3.12/site-packages/airflow/example_dags/example_sensors.py
[2024-09-12T15:34:27.544+0000] {logging_mixin.py:190} INFO - [2024-09-12T15:34:27.528+0000] {dag.py:3211} INFO - Sync 1 DAGs
[2024-09-12T15:34:27.788+0000] {logging_mixin.py:190} INFO - [2024-09-12T15:34:27.746+0000] {dag.py:4138} INFO - Setting next_dagrun for example_sensors to None, run_after=None
[2024-09-12T15:34:27.987+0000] {processor.py:208} INFO - Processing /home/airflow/.local/lib/python3.12/site-packages/airflow/example_dags/example_sensors.py took 0.855 seconds
[2024-09-12T15:35:20.573+0000] {processor.py:186} INFO - Started process (PID=1504) to work on /home/airflow/.local/lib/python3.12/site-packages/airflow/example_dags/example_sensors.py
[2024-09-12T15:35:20.594+0000] {processor.py:914} INFO - Processing file /home/airflow/.local/lib/python3.12/site-packages/airflow/example_dags/example_sensors.py for tasks to queue
[2024-09-12T15:35:20.627+0000] {logging_mixin.py:190} INFO - [2024-09-12T15:35:20.626+0000] {dagbag.py:587} INFO - Filling up the DagBag from /home/airflow/.local/lib/python3.12/site-packages/airflow/example_dags/example_sensors.py
[2024-09-12T15:35:20.858+0000] {processor.py:925} INFO - DAG(s) 'example_sensors' retrieved from /home/airflow/.local/lib/python3.12/site-packages/airflow/example_dags/example_sensors.py
[2024-09-12T15:35:21.456+0000] {logging_mixin.py:190} INFO - [2024-09-12T15:35:21.455+0000] {dag.py:3211} INFO - Sync 1 DAGs
[2024-09-12T15:35:21.603+0000] {logging_mixin.py:190} INFO - [2024-09-12T15:35:21.603+0000] {dag.py:4138} INFO - Setting next_dagrun for example_sensors to None, run_after=None
[2024-09-12T15:35:21.919+0000] {processor.py:208} INFO - Processing /home/airflow/.local/lib/python3.12/site-packages/airflow/example_dags/example_sensors.py took 1.422 seconds
[2024-09-12T15:36:04.158+0000] {processor.py:186} INFO - Started process (PID=1554) to work on /home/airflow/.local/lib/python3.12/site-packages/airflow/example_dags/example_sensors.py
[2024-09-12T15:36:04.161+0000] {processor.py:914} INFO - Processing file /home/airflow/.local/lib/python3.12/site-packages/airflow/example_dags/example_sensors.py for tasks to queue
[2024-09-12T15:36:04.165+0000] {logging_mixin.py:190} INFO - [2024-09-12T15:36:04.165+0000] {dagbag.py:587} INFO - Filling up the DagBag from /home/airflow/.local/lib/python3.12/site-packages/airflow/example_dags/example_sensors.py
[2024-09-12T15:36:04.279+0000] {processor.py:925} INFO - DAG(s) 'example_sensors' retrieved from /home/airflow/.local/lib/python3.12/site-packages/airflow/example_dags/example_sensors.py
[2024-09-12T15:36:04.760+0000] {logging_mixin.py:190} INFO - [2024-09-12T15:36:04.760+0000] {dag.py:3211} INFO - Sync 1 DAGs
[2024-09-12T15:36:05.003+0000] {logging_mixin.py:190} INFO - [2024-09-12T15:36:05.003+0000] {dag.py:4138} INFO - Setting next_dagrun for example_sensors to None, run_after=None
[2024-09-12T15:36:05.315+0000] {processor.py:208} INFO - Processing /home/airflow/.local/lib/python3.12/site-packages/airflow/example_dags/example_sensors.py took 1.177 seconds
[2024-09-12T15:36:39.328+0000] {processor.py:186} INFO - Started process (PID=1587) to work on /home/airflow/.local/lib/python3.12/site-packages/airflow/example_dags/example_sensors.py
[2024-09-12T15:36:39.341+0000] {processor.py:914} INFO - Processing file /home/airflow/.local/lib/python3.12/site-packages/airflow/example_dags/example_sensors.py for tasks to queue
[2024-09-12T15:36:39.345+0000] {logging_mixin.py:190} INFO - [2024-09-12T15:36:39.344+0000] {dagbag.py:587} INFO - Filling up the DagBag from /home/airflow/.local/lib/python3.12/site-packages/airflow/example_dags/example_sensors.py
[2024-09-12T15:36:39.482+0000] {processor.py:925} INFO - DAG(s) 'example_sensors' retrieved from /home/airflow/.local/lib/python3.12/site-packages/airflow/example_dags/example_sensors.py
[2024-09-12T15:36:39.764+0000] {logging_mixin.py:190} INFO - [2024-09-12T15:36:39.763+0000] {dag.py:3211} INFO - Sync 1 DAGs
[2024-09-12T15:36:39.910+0000] {logging_mixin.py:190} INFO - [2024-09-12T15:36:39.909+0000] {dag.py:4138} INFO - Setting next_dagrun for example_sensors to None, run_after=None
[2024-09-12T15:36:40.059+0000] {processor.py:208} INFO - Processing /home/airflow/.local/lib/python3.12/site-packages/airflow/example_dags/example_sensors.py took 0.769 seconds
[2024-09-12T15:37:44.120+0000] {processor.py:186} INFO - Started process (PID=1667) to work on /home/airflow/.local/lib/python3.12/site-packages/airflow/example_dags/example_sensors.py
[2024-09-12T15:37:44.136+0000] {processor.py:914} INFO - Processing file /home/airflow/.local/lib/python3.12/site-packages/airflow/example_dags/example_sensors.py for tasks to queue
[2024-09-12T15:37:44.140+0000] {logging_mixin.py:190} INFO - [2024-09-12T15:37:44.139+0000] {dagbag.py:587} INFO - Filling up the DagBag from /home/airflow/.local/lib/python3.12/site-packages/airflow/example_dags/example_sensors.py
[2024-09-12T15:37:44.350+0000] {processor.py:925} INFO - DAG(s) 'example_sensors' retrieved from /home/airflow/.local/lib/python3.12/site-packages/airflow/example_dags/example_sensors.py
[2024-09-12T15:37:44.604+0000] {logging_mixin.py:190} INFO - [2024-09-12T15:37:44.603+0000] {dag.py:3211} INFO - Sync 1 DAGs
[2024-09-12T15:37:44.763+0000] {logging_mixin.py:190} INFO - [2024-09-12T15:37:44.745+0000] {dag.py:4138} INFO - Setting next_dagrun for example_sensors to None, run_after=None
[2024-09-12T15:37:45.087+0000] {processor.py:208} INFO - Processing /home/airflow/.local/lib/python3.12/site-packages/airflow/example_dags/example_sensors.py took 1.023 seconds
[2024-09-12T15:38:39.660+0000] {processor.py:186} INFO - Started process (PID=1713) to work on /home/airflow/.local/lib/python3.12/site-packages/airflow/example_dags/example_sensors.py
[2024-09-12T15:38:39.672+0000] {processor.py:914} INFO - Processing file /home/airflow/.local/lib/python3.12/site-packages/airflow/example_dags/example_sensors.py for tasks to queue
[2024-09-12T15:38:39.682+0000] {logging_mixin.py:190} INFO - [2024-09-12T15:38:39.681+0000] {dagbag.py:587} INFO - Filling up the DagBag from /home/airflow/.local/lib/python3.12/site-packages/airflow/example_dags/example_sensors.py
[2024-09-12T15:38:39.989+0000] {processor.py:925} INFO - DAG(s) 'example_sensors' retrieved from /home/airflow/.local/lib/python3.12/site-packages/airflow/example_dags/example_sensors.py
[2024-09-12T15:38:44.727+0000] {logging_mixin.py:190} INFO - [2024-09-12T15:38:44.726+0000] {dag.py:3211} INFO - Sync 1 DAGs
[2024-09-12T15:38:45.236+0000] {logging_mixin.py:190} INFO - [2024-09-12T15:38:45.221+0000] {dag.py:4138} INFO - Setting next_dagrun for example_sensors to None, run_after=None
[2024-09-12T15:38:45.658+0000] {processor.py:208} INFO - Processing /home/airflow/.local/lib/python3.12/site-packages/airflow/example_dags/example_sensors.py took 6.071 seconds
[2024-09-12T15:39:36.747+0000] {processor.py:186} INFO - Started process (PID=1766) to work on /home/airflow/.local/lib/python3.12/site-packages/airflow/example_dags/example_sensors.py
[2024-09-12T15:39:36.777+0000] {processor.py:914} INFO - Processing file /home/airflow/.local/lib/python3.12/site-packages/airflow/example_dags/example_sensors.py for tasks to queue
[2024-09-12T15:39:36.798+0000] {logging_mixin.py:190} INFO - [2024-09-12T15:39:36.797+0000] {dagbag.py:587} INFO - Filling up the DagBag from /home/airflow/.local/lib/python3.12/site-packages/airflow/example_dags/example_sensors.py
[2024-09-12T15:39:36.867+0000] {processor.py:925} INFO - DAG(s) 'example_sensors' retrieved from /home/airflow/.local/lib/python3.12/site-packages/airflow/example_dags/example_sensors.py
[2024-09-12T15:39:37.076+0000] {logging_mixin.py:190} INFO - [2024-09-12T15:39:37.075+0000] {dag.py:3211} INFO - Sync 1 DAGs
[2024-09-12T15:39:37.215+0000] {logging_mixin.py:190} INFO - [2024-09-12T15:39:37.214+0000] {dag.py:4138} INFO - Setting next_dagrun for example_sensors to None, run_after=None
[2024-09-12T15:39:37.374+0000] {processor.py:208} INFO - Processing /home/airflow/.local/lib/python3.12/site-packages/airflow/example_dags/example_sensors.py took 0.689 seconds
[2024-09-12T15:40:23.057+0000] {processor.py:186} INFO - Started process (PID=1817) to work on /home/airflow/.local/lib/python3.12/site-packages/airflow/example_dags/example_sensors.py
[2024-09-12T15:40:23.071+0000] {processor.py:914} INFO - Processing file /home/airflow/.local/lib/python3.12/site-packages/airflow/example_dags/example_sensors.py for tasks to queue
[2024-09-12T15:40:23.106+0000] {logging_mixin.py:190} INFO - [2024-09-12T15:40:23.102+0000] {dagbag.py:587} INFO - Filling up the DagBag from /home/airflow/.local/lib/python3.12/site-packages/airflow/example_dags/example_sensors.py
[2024-09-12T15:40:23.391+0000] {processor.py:925} INFO - DAG(s) 'example_sensors' retrieved from /home/airflow/.local/lib/python3.12/site-packages/airflow/example_dags/example_sensors.py
[2024-09-12T15:40:23.927+0000] {logging_mixin.py:190} INFO - [2024-09-12T15:40:23.923+0000] {dag.py:3211} INFO - Sync 1 DAGs
[2024-09-12T15:40:24.275+0000] {logging_mixin.py:190} INFO - [2024-09-12T15:40:24.274+0000] {dag.py:4138} INFO - Setting next_dagrun for example_sensors to None, run_after=None
[2024-09-12T15:40:24.642+0000] {processor.py:208} INFO - Processing /home/airflow/.local/lib/python3.12/site-packages/airflow/example_dags/example_sensors.py took 1.704 seconds
[2024-09-12T15:44:20.853+0000] {processor.py:186} INFO - Started process (PID=1885) to work on /home/airflow/.local/lib/python3.12/site-packages/airflow/example_dags/example_sensors.py
[2024-09-12T15:44:20.869+0000] {processor.py:914} INFO - Processing file /home/airflow/.local/lib/python3.12/site-packages/airflow/example_dags/example_sensors.py for tasks to queue
[2024-09-12T15:44:20.885+0000] {logging_mixin.py:190} INFO - [2024-09-12T15:44:20.874+0000] {dagbag.py:587} INFO - Filling up the DagBag from /home/airflow/.local/lib/python3.12/site-packages/airflow/example_dags/example_sensors.py
[2024-09-12T15:44:21.064+0000] {processor.py:925} INFO - DAG(s) 'example_sensors' retrieved from /home/airflow/.local/lib/python3.12/site-packages/airflow/example_dags/example_sensors.py
[2024-09-12T15:44:21.784+0000] {logging_mixin.py:190} INFO - [2024-09-12T15:44:21.784+0000] {dag.py:3211} INFO - Sync 1 DAGs
[2024-09-12T15:44:21.944+0000] {logging_mixin.py:190} INFO - [2024-09-12T15:44:21.933+0000] {dag.py:4138} INFO - Setting next_dagrun for example_sensors to None, run_after=None
[2024-09-12T15:44:22.326+0000] {processor.py:208} INFO - Processing /home/airflow/.local/lib/python3.12/site-packages/airflow/example_dags/example_sensors.py took 1.552 seconds
[2024-09-12T15:45:15.189+0000] {processor.py:186} INFO - Started process (PID=1952) to work on /home/airflow/.local/lib/python3.12/site-packages/airflow/example_dags/example_sensors.py
[2024-09-12T15:45:15.197+0000] {processor.py:914} INFO - Processing file /home/airflow/.local/lib/python3.12/site-packages/airflow/example_dags/example_sensors.py for tasks to queue
[2024-09-12T15:45:15.213+0000] {logging_mixin.py:190} INFO - [2024-09-12T15:45:15.212+0000] {dagbag.py:587} INFO - Filling up the DagBag from /home/airflow/.local/lib/python3.12/site-packages/airflow/example_dags/example_sensors.py
[2024-09-12T15:45:15.291+0000] {processor.py:925} INFO - DAG(s) 'example_sensors' retrieved from /home/airflow/.local/lib/python3.12/site-packages/airflow/example_dags/example_sensors.py
[2024-09-12T15:45:15.434+0000] {logging_mixin.py:190} INFO - [2024-09-12T15:45:15.433+0000] {dag.py:3211} INFO - Sync 1 DAGs
[2024-09-12T15:45:15.548+0000] {logging_mixin.py:190} INFO - [2024-09-12T15:45:15.547+0000] {dag.py:4138} INFO - Setting next_dagrun for example_sensors to None, run_after=None
[2024-09-12T15:45:15.781+0000] {processor.py:208} INFO - Processing /home/airflow/.local/lib/python3.12/site-packages/airflow/example_dags/example_sensors.py took 0.610 seconds
[2024-09-12T15:45:53.914+0000] {processor.py:186} INFO - Started process (PID=2004) to work on /home/airflow/.local/lib/python3.12/site-packages/airflow/example_dags/example_sensors.py
[2024-09-12T15:45:53.928+0000] {processor.py:914} INFO - Processing file /home/airflow/.local/lib/python3.12/site-packages/airflow/example_dags/example_sensors.py for tasks to queue
[2024-09-12T15:45:53.946+0000] {logging_mixin.py:190} INFO - [2024-09-12T15:45:53.945+0000] {dagbag.py:587} INFO - Filling up the DagBag from /home/airflow/.local/lib/python3.12/site-packages/airflow/example_dags/example_sensors.py
[2024-09-12T15:45:54.097+0000] {processor.py:925} INFO - DAG(s) 'example_sensors' retrieved from /home/airflow/.local/lib/python3.12/site-packages/airflow/example_dags/example_sensors.py
[2024-09-12T15:45:54.373+0000] {logging_mixin.py:190} INFO - [2024-09-12T15:45:54.373+0000] {dag.py:3211} INFO - Sync 1 DAGs
[2024-09-12T15:45:54.454+0000] {logging_mixin.py:190} INFO - [2024-09-12T15:45:54.453+0000] {dag.py:4138} INFO - Setting next_dagrun for example_sensors to None, run_after=None
[2024-09-12T15:45:54.538+0000] {processor.py:208} INFO - Processing /home/airflow/.local/lib/python3.12/site-packages/airflow/example_dags/example_sensors.py took 0.693 seconds
[2024-09-12T15:46:50.685+0000] {processor.py:186} INFO - Started process (PID=2069) to work on /home/airflow/.local/lib/python3.12/site-packages/airflow/example_dags/example_sensors.py
[2024-09-12T15:46:50.714+0000] {processor.py:914} INFO - Processing file /home/airflow/.local/lib/python3.12/site-packages/airflow/example_dags/example_sensors.py for tasks to queue
[2024-09-12T15:46:50.732+0000] {logging_mixin.py:190} INFO - [2024-09-12T15:46:50.731+0000] {dagbag.py:587} INFO - Filling up the DagBag from /home/airflow/.local/lib/python3.12/site-packages/airflow/example_dags/example_sensors.py
[2024-09-12T15:46:50.837+0000] {processor.py:925} INFO - DAG(s) 'example_sensors' retrieved from /home/airflow/.local/lib/python3.12/site-packages/airflow/example_dags/example_sensors.py
[2024-09-12T15:46:51.090+0000] {logging_mixin.py:190} INFO - [2024-09-12T15:46:51.089+0000] {dag.py:3211} INFO - Sync 1 DAGs
[2024-09-12T15:46:51.297+0000] {logging_mixin.py:190} INFO - [2024-09-12T15:46:51.295+0000] {dag.py:4138} INFO - Setting next_dagrun for example_sensors to None, run_after=None
[2024-09-12T15:46:51.449+0000] {processor.py:208} INFO - Processing /home/airflow/.local/lib/python3.12/site-packages/airflow/example_dags/example_sensors.py took 0.783 seconds
[2024-09-12T15:47:43.159+0000] {processor.py:186} INFO - Started process (PID=2134) to work on /home/airflow/.local/lib/python3.12/site-packages/airflow/example_dags/example_sensors.py
[2024-09-12T15:47:43.161+0000] {processor.py:914} INFO - Processing file /home/airflow/.local/lib/python3.12/site-packages/airflow/example_dags/example_sensors.py for tasks to queue
[2024-09-12T15:47:43.193+0000] {logging_mixin.py:190} INFO - [2024-09-12T15:47:43.192+0000] {dagbag.py:587} INFO - Filling up the DagBag from /home/airflow/.local/lib/python3.12/site-packages/airflow/example_dags/example_sensors.py
[2024-09-12T15:47:43.365+0000] {processor.py:925} INFO - DAG(s) 'example_sensors' retrieved from /home/airflow/.local/lib/python3.12/site-packages/airflow/example_dags/example_sensors.py
[2024-09-12T15:47:43.521+0000] {logging_mixin.py:190} INFO - [2024-09-12T15:47:43.520+0000] {dag.py:3211} INFO - Sync 1 DAGs
[2024-09-12T15:47:43.591+0000] {logging_mixin.py:190} INFO - [2024-09-12T15:47:43.590+0000] {dag.py:4138} INFO - Setting next_dagrun for example_sensors to None, run_after=None
[2024-09-12T15:47:43.775+0000] {processor.py:208} INFO - Processing /home/airflow/.local/lib/python3.12/site-packages/airflow/example_dags/example_sensors.py took 0.656 seconds
[2024-09-12T15:48:27.605+0000] {processor.py:186} INFO - Started process (PID=2200) to work on /home/airflow/.local/lib/python3.12/site-packages/airflow/example_dags/example_sensors.py
[2024-09-12T15:48:27.616+0000] {processor.py:914} INFO - Processing file /home/airflow/.local/lib/python3.12/site-packages/airflow/example_dags/example_sensors.py for tasks to queue
[2024-09-12T15:48:27.640+0000] {logging_mixin.py:190} INFO - [2024-09-12T15:48:27.639+0000] {dagbag.py:587} INFO - Filling up the DagBag from /home/airflow/.local/lib/python3.12/site-packages/airflow/example_dags/example_sensors.py
[2024-09-12T15:48:27.782+0000] {processor.py:925} INFO - DAG(s) 'example_sensors' retrieved from /home/airflow/.local/lib/python3.12/site-packages/airflow/example_dags/example_sensors.py
[2024-09-12T15:48:28.077+0000] {logging_mixin.py:190} INFO - [2024-09-12T15:48:28.063+0000] {dag.py:3211} INFO - Sync 1 DAGs
[2024-09-12T15:48:28.186+0000] {logging_mixin.py:190} INFO - [2024-09-12T15:48:28.185+0000] {dag.py:4138} INFO - Setting next_dagrun for example_sensors to None, run_after=None
[2024-09-12T15:48:28.317+0000] {processor.py:208} INFO - Processing /home/airflow/.local/lib/python3.12/site-packages/airflow/example_dags/example_sensors.py took 0.756 seconds
[2024-09-12T15:49:12.847+0000] {processor.py:186} INFO - Started process (PID=2246) to work on /home/airflow/.local/lib/python3.12/site-packages/airflow/example_dags/example_sensors.py
[2024-09-12T15:49:12.866+0000] {processor.py:914} INFO - Processing file /home/airflow/.local/lib/python3.12/site-packages/airflow/example_dags/example_sensors.py for tasks to queue
[2024-09-12T15:49:12.880+0000] {logging_mixin.py:190} INFO - [2024-09-12T15:49:12.879+0000] {dagbag.py:587} INFO - Filling up the DagBag from /home/airflow/.local/lib/python3.12/site-packages/airflow/example_dags/example_sensors.py
[2024-09-12T15:49:13.323+0000] {processor.py:925} INFO - DAG(s) 'example_sensors' retrieved from /home/airflow/.local/lib/python3.12/site-packages/airflow/example_dags/example_sensors.py
[2024-09-12T15:49:13.700+0000] {logging_mixin.py:190} INFO - [2024-09-12T15:49:13.699+0000] {dag.py:3211} INFO - Sync 1 DAGs
[2024-09-12T15:49:13.971+0000] {logging_mixin.py:190} INFO - [2024-09-12T15:49:13.970+0000] {dag.py:4138} INFO - Setting next_dagrun for example_sensors to None, run_after=None
[2024-09-12T15:49:14.146+0000] {processor.py:208} INFO - Processing /home/airflow/.local/lib/python3.12/site-packages/airflow/example_dags/example_sensors.py took 1.462 seconds
[2024-09-12T15:50:12.290+0000] {processor.py:186} INFO - Started process (PID=2323) to work on /home/airflow/.local/lib/python3.12/site-packages/airflow/example_dags/example_sensors.py
[2024-09-12T15:50:12.302+0000] {processor.py:914} INFO - Processing file /home/airflow/.local/lib/python3.12/site-packages/airflow/example_dags/example_sensors.py for tasks to queue
[2024-09-12T15:50:12.308+0000] {logging_mixin.py:190} INFO - [2024-09-12T15:50:12.307+0000] {dagbag.py:587} INFO - Filling up the DagBag from /home/airflow/.local/lib/python3.12/site-packages/airflow/example_dags/example_sensors.py
[2024-09-12T15:50:12.413+0000] {processor.py:925} INFO - DAG(s) 'example_sensors' retrieved from /home/airflow/.local/lib/python3.12/site-packages/airflow/example_dags/example_sensors.py
[2024-09-12T15:50:12.624+0000] {logging_mixin.py:190} INFO - [2024-09-12T15:50:12.623+0000] {dag.py:3211} INFO - Sync 1 DAGs
[2024-09-12T15:50:12.695+0000] {logging_mixin.py:190} INFO - [2024-09-12T15:50:12.695+0000] {dag.py:4138} INFO - Setting next_dagrun for example_sensors to None, run_after=None
[2024-09-12T15:50:12.895+0000] {processor.py:208} INFO - Processing /home/airflow/.local/lib/python3.12/site-packages/airflow/example_dags/example_sensors.py took 0.639 seconds
[2024-09-12T15:50:53.164+0000] {processor.py:186} INFO - Started process (PID=2378) to work on /home/airflow/.local/lib/python3.12/site-packages/airflow/example_dags/example_sensors.py
[2024-09-12T15:50:53.175+0000] {processor.py:914} INFO - Processing file /home/airflow/.local/lib/python3.12/site-packages/airflow/example_dags/example_sensors.py for tasks to queue
[2024-09-12T15:50:53.184+0000] {logging_mixin.py:190} INFO - [2024-09-12T15:50:53.179+0000] {dagbag.py:587} INFO - Filling up the DagBag from /home/airflow/.local/lib/python3.12/site-packages/airflow/example_dags/example_sensors.py
[2024-09-12T15:50:53.329+0000] {processor.py:925} INFO - DAG(s) 'example_sensors' retrieved from /home/airflow/.local/lib/python3.12/site-packages/airflow/example_dags/example_sensors.py
[2024-09-12T15:51:02.594+0000] {logging_mixin.py:190} INFO - [2024-09-12T15:51:02.582+0000] {dag.py:3211} INFO - Sync 1 DAGs
[2024-09-12T15:51:02.809+0000] {logging_mixin.py:190} INFO - [2024-09-12T15:51:02.806+0000] {dag.py:4138} INFO - Setting next_dagrun for example_sensors to None, run_after=None
[2024-09-12T15:51:03.237+0000] {processor.py:208} INFO - Processing /home/airflow/.local/lib/python3.12/site-packages/airflow/example_dags/example_sensors.py took 10.111 seconds
[2024-09-12T15:51:49.755+0000] {processor.py:186} INFO - Started process (PID=2429) to work on /home/airflow/.local/lib/python3.12/site-packages/airflow/example_dags/example_sensors.py
[2024-09-12T15:51:49.757+0000] {processor.py:914} INFO - Processing file /home/airflow/.local/lib/python3.12/site-packages/airflow/example_dags/example_sensors.py for tasks to queue
[2024-09-12T15:51:49.767+0000] {logging_mixin.py:190} INFO - [2024-09-12T15:51:49.765+0000] {dagbag.py:587} INFO - Filling up the DagBag from /home/airflow/.local/lib/python3.12/site-packages/airflow/example_dags/example_sensors.py
[2024-09-12T15:51:49.863+0000] {processor.py:925} INFO - DAG(s) 'example_sensors' retrieved from /home/airflow/.local/lib/python3.12/site-packages/airflow/example_dags/example_sensors.py
[2024-09-12T15:51:50.107+0000] {logging_mixin.py:190} INFO - [2024-09-12T15:51:50.106+0000] {dag.py:3211} INFO - Sync 1 DAGs
[2024-09-12T15:51:50.228+0000] {logging_mixin.py:190} INFO - [2024-09-12T15:51:50.225+0000] {dag.py:4138} INFO - Setting next_dagrun for example_sensors to None, run_after=None
[2024-09-12T15:51:50.389+0000] {processor.py:208} INFO - Processing /home/airflow/.local/lib/python3.12/site-packages/airflow/example_dags/example_sensors.py took 0.682 seconds
[2024-09-12T15:52:23.675+0000] {processor.py:186} INFO - Started process (PID=2494) to work on /home/airflow/.local/lib/python3.12/site-packages/airflow/example_dags/example_sensors.py
[2024-09-12T15:52:23.684+0000] {processor.py:914} INFO - Processing file /home/airflow/.local/lib/python3.12/site-packages/airflow/example_dags/example_sensors.py for tasks to queue
[2024-09-12T15:52:23.687+0000] {logging_mixin.py:190} INFO - [2024-09-12T15:52:23.686+0000] {dagbag.py:587} INFO - Filling up the DagBag from /home/airflow/.local/lib/python3.12/site-packages/airflow/example_dags/example_sensors.py
[2024-09-12T15:52:23.878+0000] {processor.py:925} INFO - DAG(s) 'example_sensors' retrieved from /home/airflow/.local/lib/python3.12/site-packages/airflow/example_dags/example_sensors.py
[2024-09-12T15:52:24.123+0000] {logging_mixin.py:190} INFO - [2024-09-12T15:52:24.122+0000] {dag.py:3211} INFO - Sync 1 DAGs
[2024-09-12T15:52:24.229+0000] {logging_mixin.py:190} INFO - [2024-09-12T15:52:24.226+0000] {dag.py:4138} INFO - Setting next_dagrun for example_sensors to None, run_after=None
[2024-09-12T15:52:24.355+0000] {processor.py:208} INFO - Processing /home/airflow/.local/lib/python3.12/site-packages/airflow/example_dags/example_sensors.py took 0.725 seconds
[2024-09-12T15:52:57.632+0000] {processor.py:186} INFO - Started process (PID=2549) to work on /home/airflow/.local/lib/python3.12/site-packages/airflow/example_dags/example_sensors.py
[2024-09-12T15:52:57.636+0000] {processor.py:914} INFO - Processing file /home/airflow/.local/lib/python3.12/site-packages/airflow/example_dags/example_sensors.py for tasks to queue
[2024-09-12T15:52:57.639+0000] {logging_mixin.py:190} INFO - [2024-09-12T15:52:57.638+0000] {dagbag.py:587} INFO - Filling up the DagBag from /home/airflow/.local/lib/python3.12/site-packages/airflow/example_dags/example_sensors.py
[2024-09-12T15:52:57.749+0000] {processor.py:925} INFO - DAG(s) 'example_sensors' retrieved from /home/airflow/.local/lib/python3.12/site-packages/airflow/example_dags/example_sensors.py
[2024-09-12T15:52:57.925+0000] {logging_mixin.py:190} INFO - [2024-09-12T15:52:57.924+0000] {dag.py:3211} INFO - Sync 1 DAGs
[2024-09-12T15:52:58.182+0000] {logging_mixin.py:190} INFO - [2024-09-12T15:52:58.167+0000] {dag.py:4138} INFO - Setting next_dagrun for example_sensors to None, run_after=None
[2024-09-12T15:52:58.347+0000] {processor.py:208} INFO - Processing /home/airflow/.local/lib/python3.12/site-packages/airflow/example_dags/example_sensors.py took 0.767 seconds
[2024-09-12T15:53:32.586+0000] {processor.py:186} INFO - Started process (PID=2615) to work on /home/airflow/.local/lib/python3.12/site-packages/airflow/example_dags/example_sensors.py
[2024-09-12T15:53:32.590+0000] {processor.py:914} INFO - Processing file /home/airflow/.local/lib/python3.12/site-packages/airflow/example_dags/example_sensors.py for tasks to queue
[2024-09-12T15:53:32.602+0000] {logging_mixin.py:190} INFO - [2024-09-12T15:53:32.601+0000] {dagbag.py:587} INFO - Filling up the DagBag from /home/airflow/.local/lib/python3.12/site-packages/airflow/example_dags/example_sensors.py
[2024-09-12T15:53:32.667+0000] {processor.py:925} INFO - DAG(s) 'example_sensors' retrieved from /home/airflow/.local/lib/python3.12/site-packages/airflow/example_dags/example_sensors.py
[2024-09-12T15:53:32.822+0000] {logging_mixin.py:190} INFO - [2024-09-12T15:53:32.822+0000] {dag.py:3211} INFO - Sync 1 DAGs
[2024-09-12T15:53:32.911+0000] {logging_mixin.py:190} INFO - [2024-09-12T15:53:32.911+0000] {dag.py:4138} INFO - Setting next_dagrun for example_sensors to None, run_after=None
[2024-09-12T15:53:32.994+0000] {processor.py:208} INFO - Processing /home/airflow/.local/lib/python3.12/site-packages/airflow/example_dags/example_sensors.py took 0.437 seconds
[2024-09-12T15:54:04.424+0000] {processor.py:186} INFO - Started process (PID=2663) to work on /home/airflow/.local/lib/python3.12/site-packages/airflow/example_dags/example_sensors.py
[2024-09-12T15:54:04.445+0000] {processor.py:914} INFO - Processing file /home/airflow/.local/lib/python3.12/site-packages/airflow/example_dags/example_sensors.py for tasks to queue
[2024-09-12T15:54:04.453+0000] {logging_mixin.py:190} INFO - [2024-09-12T15:54:04.452+0000] {dagbag.py:587} INFO - Filling up the DagBag from /home/airflow/.local/lib/python3.12/site-packages/airflow/example_dags/example_sensors.py
[2024-09-12T15:54:04.556+0000] {processor.py:925} INFO - DAG(s) 'example_sensors' retrieved from /home/airflow/.local/lib/python3.12/site-packages/airflow/example_dags/example_sensors.py
[2024-09-12T15:54:04.700+0000] {logging_mixin.py:190} INFO - [2024-09-12T15:54:04.700+0000] {dag.py:3211} INFO - Sync 1 DAGs
[2024-09-12T15:54:04.790+0000] {logging_mixin.py:190} INFO - [2024-09-12T15:54:04.790+0000] {dag.py:4138} INFO - Setting next_dagrun for example_sensors to None, run_after=None
[2024-09-12T15:54:04.970+0000] {processor.py:208} INFO - Processing /home/airflow/.local/lib/python3.12/site-packages/airflow/example_dags/example_sensors.py took 0.583 seconds
[2024-09-12T15:55:41.500+0000] {processor.py:186} INFO - Started process (PID=2744) to work on /home/airflow/.local/lib/python3.12/site-packages/airflow/example_dags/example_sensors.py
[2024-09-12T15:55:41.509+0000] {processor.py:914} INFO - Processing file /home/airflow/.local/lib/python3.12/site-packages/airflow/example_dags/example_sensors.py for tasks to queue
[2024-09-12T15:55:41.514+0000] {logging_mixin.py:190} INFO - [2024-09-12T15:55:41.513+0000] {dagbag.py:587} INFO - Filling up the DagBag from /home/airflow/.local/lib/python3.12/site-packages/airflow/example_dags/example_sensors.py
[2024-09-12T15:55:41.602+0000] {processor.py:925} INFO - DAG(s) 'example_sensors' retrieved from /home/airflow/.local/lib/python3.12/site-packages/airflow/example_dags/example_sensors.py
[2024-09-12T15:55:41.817+0000] {logging_mixin.py:190} INFO - [2024-09-12T15:55:41.816+0000] {dag.py:3211} INFO - Sync 1 DAGs
[2024-09-12T15:55:41.897+0000] {logging_mixin.py:190} INFO - [2024-09-12T15:55:41.896+0000] {dag.py:4138} INFO - Setting next_dagrun for example_sensors to None, run_after=None
[2024-09-12T15:55:42.015+0000] {processor.py:208} INFO - Processing /home/airflow/.local/lib/python3.12/site-packages/airflow/example_dags/example_sensors.py took 0.540 seconds
[2024-09-12T15:56:37.096+0000] {processor.py:186} INFO - Started process (PID=2803) to work on /home/airflow/.local/lib/python3.12/site-packages/airflow/example_dags/example_sensors.py
[2024-09-12T15:56:37.112+0000] {processor.py:914} INFO - Processing file /home/airflow/.local/lib/python3.12/site-packages/airflow/example_dags/example_sensors.py for tasks to queue
[2024-09-12T15:56:37.125+0000] {logging_mixin.py:190} INFO - [2024-09-12T15:56:37.122+0000] {dagbag.py:587} INFO - Filling up the DagBag from /home/airflow/.local/lib/python3.12/site-packages/airflow/example_dags/example_sensors.py
[2024-09-12T15:56:37.258+0000] {processor.py:925} INFO - DAG(s) 'example_sensors' retrieved from /home/airflow/.local/lib/python3.12/site-packages/airflow/example_dags/example_sensors.py
[2024-09-12T15:56:37.562+0000] {logging_mixin.py:190} INFO - [2024-09-12T15:56:37.561+0000] {dag.py:3211} INFO - Sync 1 DAGs
[2024-09-12T15:56:37.696+0000] {logging_mixin.py:190} INFO - [2024-09-12T15:56:37.695+0000] {dag.py:4138} INFO - Setting next_dagrun for example_sensors to None, run_after=None
[2024-09-12T15:56:37.838+0000] {processor.py:208} INFO - Processing /home/airflow/.local/lib/python3.12/site-packages/airflow/example_dags/example_sensors.py took 0.784 seconds
[2024-09-12T15:57:12.986+0000] {processor.py:186} INFO - Started process (PID=2872) to work on /home/airflow/.local/lib/python3.12/site-packages/airflow/example_dags/example_sensors.py
[2024-09-12T15:57:13.002+0000] {processor.py:914} INFO - Processing file /home/airflow/.local/lib/python3.12/site-packages/airflow/example_dags/example_sensors.py for tasks to queue
[2024-09-12T15:57:13.012+0000] {logging_mixin.py:190} INFO - [2024-09-12T15:57:13.011+0000] {dagbag.py:587} INFO - Filling up the DagBag from /home/airflow/.local/lib/python3.12/site-packages/airflow/example_dags/example_sensors.py
[2024-09-12T15:57:13.064+0000] {processor.py:925} INFO - DAG(s) 'example_sensors' retrieved from /home/airflow/.local/lib/python3.12/site-packages/airflow/example_dags/example_sensors.py
[2024-09-12T15:57:13.187+0000] {logging_mixin.py:190} INFO - [2024-09-12T15:57:13.186+0000] {dag.py:3211} INFO - Sync 1 DAGs
[2024-09-12T15:57:13.252+0000] {logging_mixin.py:190} INFO - [2024-09-12T15:57:13.251+0000] {dag.py:4138} INFO - Setting next_dagrun for example_sensors to None, run_after=None
[2024-09-12T15:57:13.322+0000] {processor.py:208} INFO - Processing /home/airflow/.local/lib/python3.12/site-packages/airflow/example_dags/example_sensors.py took 0.357 seconds
[2024-09-12T15:57:53.811+0000] {processor.py:186} INFO - Started process (PID=2930) to work on /home/airflow/.local/lib/python3.12/site-packages/airflow/example_dags/example_sensors.py
[2024-09-12T15:57:53.843+0000] {processor.py:914} INFO - Processing file /home/airflow/.local/lib/python3.12/site-packages/airflow/example_dags/example_sensors.py for tasks to queue
[2024-09-12T15:57:53.855+0000] {logging_mixin.py:190} INFO - [2024-09-12T15:57:53.855+0000] {dagbag.py:587} INFO - Filling up the DagBag from /home/airflow/.local/lib/python3.12/site-packages/airflow/example_dags/example_sensors.py
[2024-09-12T15:57:53.968+0000] {processor.py:925} INFO - DAG(s) 'example_sensors' retrieved from /home/airflow/.local/lib/python3.12/site-packages/airflow/example_dags/example_sensors.py
[2024-09-12T15:57:54.319+0000] {logging_mixin.py:190} INFO - [2024-09-12T15:57:54.318+0000] {dag.py:3211} INFO - Sync 1 DAGs
[2024-09-12T15:57:54.536+0000] {logging_mixin.py:190} INFO - [2024-09-12T15:57:54.536+0000] {dag.py:4138} INFO - Setting next_dagrun for example_sensors to None, run_after=None
[2024-09-12T15:57:54.833+0000] {processor.py:208} INFO - Processing /home/airflow/.local/lib/python3.12/site-packages/airflow/example_dags/example_sensors.py took 1.079 seconds
[2024-09-12T15:59:12.485+0000] {processor.py:186} INFO - Started process (PID=2995) to work on /home/airflow/.local/lib/python3.12/site-packages/airflow/example_dags/example_sensors.py
[2024-09-12T15:59:12.489+0000] {processor.py:914} INFO - Processing file /home/airflow/.local/lib/python3.12/site-packages/airflow/example_dags/example_sensors.py for tasks to queue
[2024-09-12T15:59:12.500+0000] {logging_mixin.py:190} INFO - [2024-09-12T15:59:12.499+0000] {dagbag.py:587} INFO - Filling up the DagBag from /home/airflow/.local/lib/python3.12/site-packages/airflow/example_dags/example_sensors.py
[2024-09-12T15:59:12.699+0000] {processor.py:925} INFO - DAG(s) 'example_sensors' retrieved from /home/airflow/.local/lib/python3.12/site-packages/airflow/example_dags/example_sensors.py
[2024-09-12T15:59:12.981+0000] {logging_mixin.py:190} INFO - [2024-09-12T15:59:12.979+0000] {dag.py:3211} INFO - Sync 1 DAGs
[2024-09-12T15:59:13.129+0000] {logging_mixin.py:190} INFO - [2024-09-12T15:59:13.128+0000] {dag.py:4138} INFO - Setting next_dagrun for example_sensors to None, run_after=None
[2024-09-12T15:59:13.345+0000] {processor.py:208} INFO - Processing /home/airflow/.local/lib/python3.12/site-packages/airflow/example_dags/example_sensors.py took 0.964 seconds
[2024-09-12T16:00:10.901+0000] {processor.py:186} INFO - Started process (PID=3071) to work on /home/airflow/.local/lib/python3.12/site-packages/airflow/example_dags/example_sensors.py
[2024-09-12T16:00:10.912+0000] {processor.py:914} INFO - Processing file /home/airflow/.local/lib/python3.12/site-packages/airflow/example_dags/example_sensors.py for tasks to queue
[2024-09-12T16:00:10.916+0000] {logging_mixin.py:190} INFO - [2024-09-12T16:00:10.915+0000] {dagbag.py:587} INFO - Filling up the DagBag from /home/airflow/.local/lib/python3.12/site-packages/airflow/example_dags/example_sensors.py
[2024-09-12T16:00:10.999+0000] {processor.py:925} INFO - DAG(s) 'example_sensors' retrieved from /home/airflow/.local/lib/python3.12/site-packages/airflow/example_dags/example_sensors.py
[2024-09-12T16:00:11.209+0000] {logging_mixin.py:190} INFO - [2024-09-12T16:00:11.209+0000] {dag.py:3211} INFO - Sync 1 DAGs
[2024-09-12T16:00:11.307+0000] {logging_mixin.py:190} INFO - [2024-09-12T16:00:11.307+0000] {dag.py:4138} INFO - Setting next_dagrun for example_sensors to None, run_after=None
[2024-09-12T16:00:11.391+0000] {processor.py:208} INFO - Processing /home/airflow/.local/lib/python3.12/site-packages/airflow/example_dags/example_sensors.py took 0.531 seconds
[2024-09-12T16:00:52.911+0000] {processor.py:186} INFO - Started process (PID=3136) to work on /home/airflow/.local/lib/python3.12/site-packages/airflow/example_dags/example_sensors.py
[2024-09-12T16:00:52.928+0000] {processor.py:914} INFO - Processing file /home/airflow/.local/lib/python3.12/site-packages/airflow/example_dags/example_sensors.py for tasks to queue
[2024-09-12T16:00:52.936+0000] {logging_mixin.py:190} INFO - [2024-09-12T16:00:52.933+0000] {dagbag.py:587} INFO - Filling up the DagBag from /home/airflow/.local/lib/python3.12/site-packages/airflow/example_dags/example_sensors.py
[2024-09-12T16:00:53.004+0000] {processor.py:925} INFO - DAG(s) 'example_sensors' retrieved from /home/airflow/.local/lib/python3.12/site-packages/airflow/example_dags/example_sensors.py
[2024-09-12T16:00:53.175+0000] {logging_mixin.py:190} INFO - [2024-09-12T16:00:53.174+0000] {dag.py:3211} INFO - Sync 1 DAGs
[2024-09-12T16:00:53.282+0000] {logging_mixin.py:190} INFO - [2024-09-12T16:00:53.279+0000] {dag.py:4138} INFO - Setting next_dagrun for example_sensors to None, run_after=None
[2024-09-12T16:00:53.415+0000] {processor.py:208} INFO - Processing /home/airflow/.local/lib/python3.12/site-packages/airflow/example_dags/example_sensors.py took 0.523 seconds
[2024-09-12T16:01:42.574+0000] {processor.py:186} INFO - Started process (PID=3200) to work on /home/airflow/.local/lib/python3.12/site-packages/airflow/example_dags/example_sensors.py
[2024-09-12T16:01:42.579+0000] {processor.py:914} INFO - Processing file /home/airflow/.local/lib/python3.12/site-packages/airflow/example_dags/example_sensors.py for tasks to queue
[2024-09-12T16:01:42.592+0000] {logging_mixin.py:190} INFO - [2024-09-12T16:01:42.591+0000] {dagbag.py:587} INFO - Filling up the DagBag from /home/airflow/.local/lib/python3.12/site-packages/airflow/example_dags/example_sensors.py
[2024-09-12T16:01:42.681+0000] {processor.py:925} INFO - DAG(s) 'example_sensors' retrieved from /home/airflow/.local/lib/python3.12/site-packages/airflow/example_dags/example_sensors.py
[2024-09-12T16:01:42.890+0000] {logging_mixin.py:190} INFO - [2024-09-12T16:01:42.889+0000] {dag.py:3211} INFO - Sync 1 DAGs
[2024-09-12T16:01:43.149+0000] {logging_mixin.py:190} INFO - [2024-09-12T16:01:43.137+0000] {dag.py:4138} INFO - Setting next_dagrun for example_sensors to None, run_after=None
[2024-09-12T16:01:43.362+0000] {processor.py:208} INFO - Processing /home/airflow/.local/lib/python3.12/site-packages/airflow/example_dags/example_sensors.py took 0.851 seconds
[2024-09-12T16:02:21.839+0000] {processor.py:186} INFO - Started process (PID=3245) to work on /home/airflow/.local/lib/python3.12/site-packages/airflow/example_dags/example_sensors.py
[2024-09-12T16:02:21.855+0000] {processor.py:914} INFO - Processing file /home/airflow/.local/lib/python3.12/site-packages/airflow/example_dags/example_sensors.py for tasks to queue
[2024-09-12T16:02:21.875+0000] {logging_mixin.py:190} INFO - [2024-09-12T16:02:21.872+0000] {dagbag.py:587} INFO - Filling up the DagBag from /home/airflow/.local/lib/python3.12/site-packages/airflow/example_dags/example_sensors.py
[2024-09-12T16:02:22.004+0000] {processor.py:925} INFO - DAG(s) 'example_sensors' retrieved from /home/airflow/.local/lib/python3.12/site-packages/airflow/example_dags/example_sensors.py
[2024-09-12T16:02:22.220+0000] {logging_mixin.py:190} INFO - [2024-09-12T16:02:22.219+0000] {dag.py:3211} INFO - Sync 1 DAGs
[2024-09-12T16:02:22.286+0000] {logging_mixin.py:190} INFO - [2024-09-12T16:02:22.285+0000] {dag.py:4138} INFO - Setting next_dagrun for example_sensors to None, run_after=None
[2024-09-12T16:02:22.363+0000] {processor.py:208} INFO - Processing /home/airflow/.local/lib/python3.12/site-packages/airflow/example_dags/example_sensors.py took 0.562 seconds
[2024-09-12T16:03:18.469+0000] {processor.py:186} INFO - Started process (PID=3295) to work on /home/airflow/.local/lib/python3.12/site-packages/airflow/example_dags/example_sensors.py
[2024-09-12T16:03:18.478+0000] {processor.py:914} INFO - Processing file /home/airflow/.local/lib/python3.12/site-packages/airflow/example_dags/example_sensors.py for tasks to queue
[2024-09-12T16:03:18.487+0000] {logging_mixin.py:190} INFO - [2024-09-12T16:03:18.486+0000] {dagbag.py:587} INFO - Filling up the DagBag from /home/airflow/.local/lib/python3.12/site-packages/airflow/example_dags/example_sensors.py
[2024-09-12T16:03:18.572+0000] {processor.py:925} INFO - DAG(s) 'example_sensors' retrieved from /home/airflow/.local/lib/python3.12/site-packages/airflow/example_dags/example_sensors.py
[2024-09-12T16:03:18.932+0000] {logging_mixin.py:190} INFO - [2024-09-12T16:03:18.932+0000] {dag.py:3211} INFO - Sync 1 DAGs
[2024-09-12T16:03:19.104+0000] {logging_mixin.py:190} INFO - [2024-09-12T16:03:19.103+0000] {dag.py:4138} INFO - Setting next_dagrun for example_sensors to None, run_after=None
[2024-09-12T16:03:20.457+0000] {processor.py:208} INFO - Processing /home/airflow/.local/lib/python3.12/site-packages/airflow/example_dags/example_sensors.py took 2.030 seconds
[2024-09-12T16:03:52.125+0000] {processor.py:186} INFO - Started process (PID=3357) to work on /home/airflow/.local/lib/python3.12/site-packages/airflow/example_dags/example_sensors.py
[2024-09-12T16:03:52.134+0000] {processor.py:914} INFO - Processing file /home/airflow/.local/lib/python3.12/site-packages/airflow/example_dags/example_sensors.py for tasks to queue
[2024-09-12T16:03:52.139+0000] {logging_mixin.py:190} INFO - [2024-09-12T16:03:52.138+0000] {dagbag.py:587} INFO - Filling up the DagBag from /home/airflow/.local/lib/python3.12/site-packages/airflow/example_dags/example_sensors.py
[2024-09-12T16:03:52.225+0000] {processor.py:925} INFO - DAG(s) 'example_sensors' retrieved from /home/airflow/.local/lib/python3.12/site-packages/airflow/example_dags/example_sensors.py
[2024-09-12T16:03:52.442+0000] {logging_mixin.py:190} INFO - [2024-09-12T16:03:52.442+0000] {dag.py:3211} INFO - Sync 1 DAGs
[2024-09-12T16:03:52.522+0000] {logging_mixin.py:190} INFO - [2024-09-12T16:03:52.521+0000] {dag.py:4138} INFO - Setting next_dagrun for example_sensors to None, run_after=None
[2024-09-12T16:03:52.714+0000] {processor.py:208} INFO - Processing /home/airflow/.local/lib/python3.12/site-packages/airflow/example_dags/example_sensors.py took 0.640 seconds
[2024-09-12T16:05:06.209+0000] {processor.py:186} INFO - Started process (PID=3436) to work on /home/airflow/.local/lib/python3.12/site-packages/airflow/example_dags/example_sensors.py
[2024-09-12T16:05:06.211+0000] {processor.py:914} INFO - Processing file /home/airflow/.local/lib/python3.12/site-packages/airflow/example_dags/example_sensors.py for tasks to queue
[2024-09-12T16:05:06.218+0000] {logging_mixin.py:190} INFO - [2024-09-12T16:05:06.217+0000] {dagbag.py:587} INFO - Filling up the DagBag from /home/airflow/.local/lib/python3.12/site-packages/airflow/example_dags/example_sensors.py
[2024-09-12T16:05:06.284+0000] {processor.py:925} INFO - DAG(s) 'example_sensors' retrieved from /home/airflow/.local/lib/python3.12/site-packages/airflow/example_dags/example_sensors.py
[2024-09-12T16:05:06.468+0000] {logging_mixin.py:190} INFO - [2024-09-12T16:05:06.467+0000] {dag.py:3211} INFO - Sync 1 DAGs
[2024-09-12T16:05:06.624+0000] {logging_mixin.py:190} INFO - [2024-09-12T16:05:06.624+0000] {dag.py:4138} INFO - Setting next_dagrun for example_sensors to None, run_after=None
[2024-09-12T16:05:13.218+0000] {processor.py:208} INFO - Processing /home/airflow/.local/lib/python3.12/site-packages/airflow/example_dags/example_sensors.py took 7.028 seconds
[2024-09-12T16:06:12.572+0000] {processor.py:186} INFO - Started process (PID=3476) to work on /home/airflow/.local/lib/python3.12/site-packages/airflow/example_dags/example_sensors.py
[2024-09-12T16:06:12.587+0000] {processor.py:914} INFO - Processing file /home/airflow/.local/lib/python3.12/site-packages/airflow/example_dags/example_sensors.py for tasks to queue
[2024-09-12T16:06:12.592+0000] {logging_mixin.py:190} INFO - [2024-09-12T16:06:12.591+0000] {dagbag.py:587} INFO - Filling up the DagBag from /home/airflow/.local/lib/python3.12/site-packages/airflow/example_dags/example_sensors.py
[2024-09-12T16:06:12.660+0000] {processor.py:925} INFO - DAG(s) 'example_sensors' retrieved from /home/airflow/.local/lib/python3.12/site-packages/airflow/example_dags/example_sensors.py
[2024-09-12T16:06:12.775+0000] {logging_mixin.py:190} INFO - [2024-09-12T16:06:12.774+0000] {dag.py:3211} INFO - Sync 1 DAGs
[2024-09-12T16:06:12.923+0000] {logging_mixin.py:190} INFO - [2024-09-12T16:06:12.923+0000] {dag.py:4138} INFO - Setting next_dagrun for example_sensors to None, run_after=None
[2024-09-12T16:06:13.129+0000] {processor.py:208} INFO - Processing /home/airflow/.local/lib/python3.12/site-packages/airflow/example_dags/example_sensors.py took 0.589 seconds
[2024-09-12T16:07:27.453+0000] {processor.py:186} INFO - Started process (PID=3526) to work on /home/airflow/.local/lib/python3.12/site-packages/airflow/example_dags/example_sensors.py
[2024-09-12T16:07:27.463+0000] {processor.py:914} INFO - Processing file /home/airflow/.local/lib/python3.12/site-packages/airflow/example_dags/example_sensors.py for tasks to queue
[2024-09-12T16:07:27.467+0000] {logging_mixin.py:190} INFO - [2024-09-12T16:07:27.466+0000] {dagbag.py:587} INFO - Filling up the DagBag from /home/airflow/.local/lib/python3.12/site-packages/airflow/example_dags/example_sensors.py
[2024-09-12T16:07:27.610+0000] {processor.py:925} INFO - DAG(s) 'example_sensors' retrieved from /home/airflow/.local/lib/python3.12/site-packages/airflow/example_dags/example_sensors.py
[2024-09-12T16:07:28.730+0000] {logging_mixin.py:190} INFO - [2024-09-12T16:07:28.729+0000] {dag.py:3211} INFO - Sync 1 DAGs
[2024-09-12T16:07:28.856+0000] {logging_mixin.py:190} INFO - [2024-09-12T16:07:28.855+0000] {dag.py:4138} INFO - Setting next_dagrun for example_sensors to None, run_after=None
[2024-09-12T16:07:29.077+0000] {processor.py:208} INFO - Processing /home/airflow/.local/lib/python3.12/site-packages/airflow/example_dags/example_sensors.py took 1.652 seconds
[2024-09-12T16:08:16.705+0000] {processor.py:186} INFO - Started process (PID=3598) to work on /home/airflow/.local/lib/python3.12/site-packages/airflow/example_dags/example_sensors.py
[2024-09-12T16:08:16.717+0000] {processor.py:914} INFO - Processing file /home/airflow/.local/lib/python3.12/site-packages/airflow/example_dags/example_sensors.py for tasks to queue
[2024-09-12T16:08:16.722+0000] {logging_mixin.py:190} INFO - [2024-09-12T16:08:16.721+0000] {dagbag.py:587} INFO - Filling up the DagBag from /home/airflow/.local/lib/python3.12/site-packages/airflow/example_dags/example_sensors.py
[2024-09-12T16:08:16.806+0000] {processor.py:925} INFO - DAG(s) 'example_sensors' retrieved from /home/airflow/.local/lib/python3.12/site-packages/airflow/example_dags/example_sensors.py
[2024-09-12T16:08:17.558+0000] {logging_mixin.py:190} INFO - [2024-09-12T16:08:17.557+0000] {dag.py:3211} INFO - Sync 1 DAGs
[2024-09-12T16:08:17.781+0000] {logging_mixin.py:190} INFO - [2024-09-12T16:08:17.781+0000] {dag.py:4138} INFO - Setting next_dagrun for example_sensors to None, run_after=None
[2024-09-12T16:08:17.953+0000] {processor.py:208} INFO - Processing /home/airflow/.local/lib/python3.12/site-packages/airflow/example_dags/example_sensors.py took 1.322 seconds
[2024-09-12T16:09:09.243+0000] {processor.py:186} INFO - Started process (PID=3652) to work on /home/airflow/.local/lib/python3.12/site-packages/airflow/example_dags/example_sensors.py
[2024-09-12T16:09:09.249+0000] {processor.py:914} INFO - Processing file /home/airflow/.local/lib/python3.12/site-packages/airflow/example_dags/example_sensors.py for tasks to queue
[2024-09-12T16:09:09.254+0000] {logging_mixin.py:190} INFO - [2024-09-12T16:09:09.252+0000] {dagbag.py:587} INFO - Filling up the DagBag from /home/airflow/.local/lib/python3.12/site-packages/airflow/example_dags/example_sensors.py
[2024-09-12T16:09:09.301+0000] {processor.py:925} INFO - DAG(s) 'example_sensors' retrieved from /home/airflow/.local/lib/python3.12/site-packages/airflow/example_dags/example_sensors.py
[2024-09-12T16:09:09.510+0000] {logging_mixin.py:190} INFO - [2024-09-12T16:09:09.507+0000] {dag.py:3211} INFO - Sync 1 DAGs
[2024-09-12T16:09:09.606+0000] {logging_mixin.py:190} INFO - [2024-09-12T16:09:09.582+0000] {dag.py:4138} INFO - Setting next_dagrun for example_sensors to None, run_after=None
[2024-09-12T16:09:09.741+0000] {processor.py:208} INFO - Processing /home/airflow/.local/lib/python3.12/site-packages/airflow/example_dags/example_sensors.py took 0.580 seconds
[2024-09-12T16:09:41.292+0000] {processor.py:186} INFO - Started process (PID=3720) to work on /home/airflow/.local/lib/python3.12/site-packages/airflow/example_dags/example_sensors.py
[2024-09-12T16:09:41.305+0000] {processor.py:914} INFO - Processing file /home/airflow/.local/lib/python3.12/site-packages/airflow/example_dags/example_sensors.py for tasks to queue
[2024-09-12T16:09:41.314+0000] {logging_mixin.py:190} INFO - [2024-09-12T16:09:41.310+0000] {dagbag.py:587} INFO - Filling up the DagBag from /home/airflow/.local/lib/python3.12/site-packages/airflow/example_dags/example_sensors.py
[2024-09-12T16:09:41.416+0000] {processor.py:925} INFO - DAG(s) 'example_sensors' retrieved from /home/airflow/.local/lib/python3.12/site-packages/airflow/example_dags/example_sensors.py
[2024-09-12T16:09:41.553+0000] {logging_mixin.py:190} INFO - [2024-09-12T16:09:41.552+0000] {dag.py:3211} INFO - Sync 1 DAGs
[2024-09-12T16:09:41.660+0000] {logging_mixin.py:190} INFO - [2024-09-12T16:09:41.660+0000] {dag.py:4138} INFO - Setting next_dagrun for example_sensors to None, run_after=None
[2024-09-12T16:09:41.853+0000] {processor.py:208} INFO - Processing /home/airflow/.local/lib/python3.12/site-packages/airflow/example_dags/example_sensors.py took 0.626 seconds
[2024-09-12T16:10:24.970+0000] {processor.py:186} INFO - Started process (PID=3741) to work on /home/airflow/.local/lib/python3.12/site-packages/airflow/example_dags/example_sensors.py
[2024-09-12T16:10:24.987+0000] {processor.py:914} INFO - Processing file /home/airflow/.local/lib/python3.12/site-packages/airflow/example_dags/example_sensors.py for tasks to queue
[2024-09-12T16:10:24.992+0000] {logging_mixin.py:190} INFO - [2024-09-12T16:10:24.989+0000] {dagbag.py:587} INFO - Filling up the DagBag from /home/airflow/.local/lib/python3.12/site-packages/airflow/example_dags/example_sensors.py
[2024-09-12T16:10:25.099+0000] {processor.py:925} INFO - DAG(s) 'example_sensors' retrieved from /home/airflow/.local/lib/python3.12/site-packages/airflow/example_dags/example_sensors.py
[2024-09-12T16:10:25.265+0000] {logging_mixin.py:190} INFO - [2024-09-12T16:10:25.265+0000] {dag.py:3211} INFO - Sync 1 DAGs
[2024-09-12T16:10:25.347+0000] {logging_mixin.py:190} INFO - [2024-09-12T16:10:25.345+0000] {dag.py:4138} INFO - Setting next_dagrun for example_sensors to None, run_after=None
[2024-09-12T16:10:25.427+0000] {processor.py:208} INFO - Processing /home/airflow/.local/lib/python3.12/site-packages/airflow/example_dags/example_sensors.py took 0.494 seconds
[2024-09-12T16:10:55.869+0000] {processor.py:186} INFO - Started process (PID=3807) to work on /home/airflow/.local/lib/python3.12/site-packages/airflow/example_dags/example_sensors.py
[2024-09-12T16:10:55.872+0000] {processor.py:914} INFO - Processing file /home/airflow/.local/lib/python3.12/site-packages/airflow/example_dags/example_sensors.py for tasks to queue
[2024-09-12T16:10:55.884+0000] {logging_mixin.py:190} INFO - [2024-09-12T16:10:55.883+0000] {dagbag.py:587} INFO - Filling up the DagBag from /home/airflow/.local/lib/python3.12/site-packages/airflow/example_dags/example_sensors.py
[2024-09-12T16:10:55.949+0000] {processor.py:925} INFO - DAG(s) 'example_sensors' retrieved from /home/airflow/.local/lib/python3.12/site-packages/airflow/example_dags/example_sensors.py
[2024-09-12T16:10:56.114+0000] {logging_mixin.py:190} INFO - [2024-09-12T16:10:56.114+0000] {dag.py:3211} INFO - Sync 1 DAGs
[2024-09-12T16:10:56.195+0000] {logging_mixin.py:190} INFO - [2024-09-12T16:10:56.194+0000] {dag.py:4138} INFO - Setting next_dagrun for example_sensors to None, run_after=None
[2024-09-12T16:10:56.305+0000] {processor.py:208} INFO - Processing /home/airflow/.local/lib/python3.12/site-packages/airflow/example_dags/example_sensors.py took 0.469 seconds
[2024-09-12T16:11:35.946+0000] {processor.py:186} INFO - Started process (PID=3856) to work on /home/airflow/.local/lib/python3.12/site-packages/airflow/example_dags/example_sensors.py
[2024-09-12T16:11:35.964+0000] {processor.py:914} INFO - Processing file /home/airflow/.local/lib/python3.12/site-packages/airflow/example_dags/example_sensors.py for tasks to queue
[2024-09-12T16:11:35.973+0000] {logging_mixin.py:190} INFO - [2024-09-12T16:11:35.971+0000] {dagbag.py:587} INFO - Filling up the DagBag from /home/airflow/.local/lib/python3.12/site-packages/airflow/example_dags/example_sensors.py
[2024-09-12T16:11:36.106+0000] {processor.py:925} INFO - DAG(s) 'example_sensors' retrieved from /home/airflow/.local/lib/python3.12/site-packages/airflow/example_dags/example_sensors.py
[2024-09-12T16:11:36.313+0000] {logging_mixin.py:190} INFO - [2024-09-12T16:11:36.304+0000] {dag.py:3211} INFO - Sync 1 DAGs
[2024-09-12T16:11:36.457+0000] {logging_mixin.py:190} INFO - [2024-09-12T16:11:36.448+0000] {dag.py:4138} INFO - Setting next_dagrun for example_sensors to None, run_after=None
[2024-09-12T16:11:36.745+0000] {processor.py:208} INFO - Processing /home/airflow/.local/lib/python3.12/site-packages/airflow/example_dags/example_sensors.py took 0.847 seconds
[2024-09-12T16:12:31.833+0000] {processor.py:186} INFO - Started process (PID=3922) to work on /home/airflow/.local/lib/python3.12/site-packages/airflow/example_dags/example_sensors.py
[2024-09-12T16:12:31.848+0000] {processor.py:914} INFO - Processing file /home/airflow/.local/lib/python3.12/site-packages/airflow/example_dags/example_sensors.py for tasks to queue
[2024-09-12T16:12:31.864+0000] {logging_mixin.py:190} INFO - [2024-09-12T16:12:31.862+0000] {dagbag.py:587} INFO - Filling up the DagBag from /home/airflow/.local/lib/python3.12/site-packages/airflow/example_dags/example_sensors.py
[2024-09-12T16:12:32.106+0000] {processor.py:925} INFO - DAG(s) 'example_sensors' retrieved from /home/airflow/.local/lib/python3.12/site-packages/airflow/example_dags/example_sensors.py
[2024-09-12T16:12:32.546+0000] {logging_mixin.py:190} INFO - [2024-09-12T16:12:32.545+0000] {dag.py:3211} INFO - Sync 1 DAGs
[2024-09-12T16:12:32.636+0000] {logging_mixin.py:190} INFO - [2024-09-12T16:12:32.635+0000] {dag.py:4138} INFO - Setting next_dagrun for example_sensors to None, run_after=None
[2024-09-12T16:12:32.726+0000] {processor.py:208} INFO - Processing /home/airflow/.local/lib/python3.12/site-packages/airflow/example_dags/example_sensors.py took 0.968 seconds
[2024-09-12T16:13:03.211+0000] {processor.py:186} INFO - Started process (PID=3984) to work on /home/airflow/.local/lib/python3.12/site-packages/airflow/example_dags/example_sensors.py
[2024-09-12T16:13:03.219+0000] {processor.py:914} INFO - Processing file /home/airflow/.local/lib/python3.12/site-packages/airflow/example_dags/example_sensors.py for tasks to queue
[2024-09-12T16:13:03.227+0000] {logging_mixin.py:190} INFO - [2024-09-12T16:13:03.226+0000] {dagbag.py:587} INFO - Filling up the DagBag from /home/airflow/.local/lib/python3.12/site-packages/airflow/example_dags/example_sensors.py
[2024-09-12T16:13:03.346+0000] {processor.py:925} INFO - DAG(s) 'example_sensors' retrieved from /home/airflow/.local/lib/python3.12/site-packages/airflow/example_dags/example_sensors.py
[2024-09-12T16:13:03.583+0000] {logging_mixin.py:190} INFO - [2024-09-12T16:13:03.583+0000] {dag.py:3211} INFO - Sync 1 DAGs
[2024-09-12T16:13:03.691+0000] {logging_mixin.py:190} INFO - [2024-09-12T16:13:03.691+0000] {dag.py:4138} INFO - Setting next_dagrun for example_sensors to None, run_after=None
[2024-09-12T16:13:03.777+0000] {processor.py:208} INFO - Processing /home/airflow/.local/lib/python3.12/site-packages/airflow/example_dags/example_sensors.py took 0.602 seconds
[2024-09-12T16:13:44.411+0000] {processor.py:186} INFO - Started process (PID=4011) to work on /home/airflow/.local/lib/python3.12/site-packages/airflow/example_dags/example_sensors.py
[2024-09-12T16:13:44.456+0000] {processor.py:914} INFO - Processing file /home/airflow/.local/lib/python3.12/site-packages/airflow/example_dags/example_sensors.py for tasks to queue
[2024-09-12T16:13:44.464+0000] {logging_mixin.py:190} INFO - [2024-09-12T16:13:44.463+0000] {dagbag.py:587} INFO - Filling up the DagBag from /home/airflow/.local/lib/python3.12/site-packages/airflow/example_dags/example_sensors.py
[2024-09-12T16:13:44.609+0000] {processor.py:925} INFO - DAG(s) 'example_sensors' retrieved from /home/airflow/.local/lib/python3.12/site-packages/airflow/example_dags/example_sensors.py
[2024-09-12T16:13:44.833+0000] {logging_mixin.py:190} INFO - [2024-09-12T16:13:44.832+0000] {dag.py:3211} INFO - Sync 1 DAGs
[2024-09-12T16:13:44.989+0000] {logging_mixin.py:190} INFO - [2024-09-12T16:13:44.988+0000] {dag.py:4138} INFO - Setting next_dagrun for example_sensors to None, run_after=None
[2024-09-12T16:13:45.203+0000] {processor.py:208} INFO - Processing /home/airflow/.local/lib/python3.12/site-packages/airflow/example_dags/example_sensors.py took 0.887 seconds
[2024-09-12T16:14:35.401+0000] {processor.py:186} INFO - Started process (PID=4071) to work on /home/airflow/.local/lib/python3.12/site-packages/airflow/example_dags/example_sensors.py
[2024-09-12T16:14:35.404+0000] {processor.py:914} INFO - Processing file /home/airflow/.local/lib/python3.12/site-packages/airflow/example_dags/example_sensors.py for tasks to queue
[2024-09-12T16:14:35.410+0000] {logging_mixin.py:190} INFO - [2024-09-12T16:14:35.409+0000] {dagbag.py:587} INFO - Filling up the DagBag from /home/airflow/.local/lib/python3.12/site-packages/airflow/example_dags/example_sensors.py
[2024-09-12T16:14:35.531+0000] {processor.py:925} INFO - DAG(s) 'example_sensors' retrieved from /home/airflow/.local/lib/python3.12/site-packages/airflow/example_dags/example_sensors.py
[2024-09-12T16:14:35.806+0000] {logging_mixin.py:190} INFO - [2024-09-12T16:14:35.801+0000] {dag.py:3211} INFO - Sync 1 DAGs
[2024-09-12T16:14:35.899+0000] {logging_mixin.py:190} INFO - [2024-09-12T16:14:35.898+0000] {dag.py:4138} INFO - Setting next_dagrun for example_sensors to None, run_after=None
[2024-09-12T16:14:35.981+0000] {processor.py:208} INFO - Processing /home/airflow/.local/lib/python3.12/site-packages/airflow/example_dags/example_sensors.py took 0.624 seconds
[2024-09-12T16:15:07.821+0000] {processor.py:186} INFO - Started process (PID=4136) to work on /home/airflow/.local/lib/python3.12/site-packages/airflow/example_dags/example_sensors.py
[2024-09-12T16:15:07.823+0000] {processor.py:914} INFO - Processing file /home/airflow/.local/lib/python3.12/site-packages/airflow/example_dags/example_sensors.py for tasks to queue
[2024-09-12T16:15:07.826+0000] {logging_mixin.py:190} INFO - [2024-09-12T16:15:07.825+0000] {dagbag.py:587} INFO - Filling up the DagBag from /home/airflow/.local/lib/python3.12/site-packages/airflow/example_dags/example_sensors.py
[2024-09-12T16:15:07.864+0000] {processor.py:925} INFO - DAG(s) 'example_sensors' retrieved from /home/airflow/.local/lib/python3.12/site-packages/airflow/example_dags/example_sensors.py
[2024-09-12T16:15:07.951+0000] {logging_mixin.py:190} INFO - [2024-09-12T16:15:07.951+0000] {dag.py:3211} INFO - Sync 1 DAGs
[2024-09-12T16:15:08.009+0000] {logging_mixin.py:190} INFO - [2024-09-12T16:15:08.008+0000] {dag.py:4138} INFO - Setting next_dagrun for example_sensors to None, run_after=None
[2024-09-12T16:15:08.084+0000] {processor.py:208} INFO - Processing /home/airflow/.local/lib/python3.12/site-packages/airflow/example_dags/example_sensors.py took 0.295 seconds
[2024-09-12T16:15:40.228+0000] {processor.py:186} INFO - Started process (PID=4206) to work on /home/airflow/.local/lib/python3.12/site-packages/airflow/example_dags/example_sensors.py
[2024-09-12T16:15:40.239+0000] {processor.py:914} INFO - Processing file /home/airflow/.local/lib/python3.12/site-packages/airflow/example_dags/example_sensors.py for tasks to queue
[2024-09-12T16:15:40.244+0000] {logging_mixin.py:190} INFO - [2024-09-12T16:15:40.243+0000] {dagbag.py:587} INFO - Filling up the DagBag from /home/airflow/.local/lib/python3.12/site-packages/airflow/example_dags/example_sensors.py
[2024-09-12T16:15:40.314+0000] {processor.py:925} INFO - DAG(s) 'example_sensors' retrieved from /home/airflow/.local/lib/python3.12/site-packages/airflow/example_dags/example_sensors.py
[2024-09-12T16:15:40.433+0000] {logging_mixin.py:190} INFO - [2024-09-12T16:15:40.433+0000] {dag.py:3211} INFO - Sync 1 DAGs
[2024-09-12T16:15:40.491+0000] {logging_mixin.py:190} INFO - [2024-09-12T16:15:40.491+0000] {dag.py:4138} INFO - Setting next_dagrun for example_sensors to None, run_after=None
[2024-09-12T16:15:40.576+0000] {processor.py:208} INFO - Processing /home/airflow/.local/lib/python3.12/site-packages/airflow/example_dags/example_sensors.py took 0.361 seconds
[2024-09-12T16:16:27.090+0000] {processor.py:186} INFO - Started process (PID=4267) to work on /home/airflow/.local/lib/python3.12/site-packages/airflow/example_dags/example_sensors.py
[2024-09-12T16:16:27.103+0000] {processor.py:914} INFO - Processing file /home/airflow/.local/lib/python3.12/site-packages/airflow/example_dags/example_sensors.py for tasks to queue
[2024-09-12T16:16:27.107+0000] {logging_mixin.py:190} INFO - [2024-09-12T16:16:27.106+0000] {dagbag.py:587} INFO - Filling up the DagBag from /home/airflow/.local/lib/python3.12/site-packages/airflow/example_dags/example_sensors.py
[2024-09-12T16:16:27.169+0000] {processor.py:925} INFO - DAG(s) 'example_sensors' retrieved from /home/airflow/.local/lib/python3.12/site-packages/airflow/example_dags/example_sensors.py
[2024-09-12T16:16:27.326+0000] {logging_mixin.py:190} INFO - [2024-09-12T16:16:27.325+0000] {dag.py:3211} INFO - Sync 1 DAGs
[2024-09-12T16:16:27.404+0000] {logging_mixin.py:190} INFO - [2024-09-12T16:16:27.404+0000] {dag.py:4138} INFO - Setting next_dagrun for example_sensors to None, run_after=None
[2024-09-12T16:16:27.518+0000] {processor.py:208} INFO - Processing /home/airflow/.local/lib/python3.12/site-packages/airflow/example_dags/example_sensors.py took 0.451 seconds
[2024-09-12T16:17:05.557+0000] {processor.py:186} INFO - Started process (PID=4329) to work on /home/airflow/.local/lib/python3.12/site-packages/airflow/example_dags/example_sensors.py
[2024-09-12T16:17:05.567+0000] {processor.py:914} INFO - Processing file /home/airflow/.local/lib/python3.12/site-packages/airflow/example_dags/example_sensors.py for tasks to queue
[2024-09-12T16:17:05.573+0000] {logging_mixin.py:190} INFO - [2024-09-12T16:17:05.572+0000] {dagbag.py:587} INFO - Filling up the DagBag from /home/airflow/.local/lib/python3.12/site-packages/airflow/example_dags/example_sensors.py
[2024-09-12T16:17:05.647+0000] {processor.py:925} INFO - DAG(s) 'example_sensors' retrieved from /home/airflow/.local/lib/python3.12/site-packages/airflow/example_dags/example_sensors.py
[2024-09-12T16:17:05.764+0000] {logging_mixin.py:190} INFO - [2024-09-12T16:17:05.764+0000] {dag.py:3211} INFO - Sync 1 DAGs
[2024-09-12T16:17:05.851+0000] {logging_mixin.py:190} INFO - [2024-09-12T16:17:05.850+0000] {dag.py:4138} INFO - Setting next_dagrun for example_sensors to None, run_after=None
[2024-09-12T16:17:05.963+0000] {processor.py:208} INFO - Processing /home/airflow/.local/lib/python3.12/site-packages/airflow/example_dags/example_sensors.py took 0.449 seconds
[2024-09-12T16:17:48.996+0000] {processor.py:186} INFO - Started process (PID=4398) to work on /home/airflow/.local/lib/python3.12/site-packages/airflow/example_dags/example_sensors.py
[2024-09-12T16:17:49.001+0000] {processor.py:914} INFO - Processing file /home/airflow/.local/lib/python3.12/site-packages/airflow/example_dags/example_sensors.py for tasks to queue
[2024-09-12T16:17:49.006+0000] {logging_mixin.py:190} INFO - [2024-09-12T16:17:49.004+0000] {dagbag.py:587} INFO - Filling up the DagBag from /home/airflow/.local/lib/python3.12/site-packages/airflow/example_dags/example_sensors.py
[2024-09-12T16:17:49.064+0000] {processor.py:925} INFO - DAG(s) 'example_sensors' retrieved from /home/airflow/.local/lib/python3.12/site-packages/airflow/example_dags/example_sensors.py
[2024-09-12T16:17:49.219+0000] {logging_mixin.py:190} INFO - [2024-09-12T16:17:49.219+0000] {dag.py:3211} INFO - Sync 1 DAGs
[2024-09-12T16:17:49.379+0000] {logging_mixin.py:190} INFO - [2024-09-12T16:17:49.379+0000] {dag.py:4138} INFO - Setting next_dagrun for example_sensors to None, run_after=None
[2024-09-12T16:17:49.502+0000] {processor.py:208} INFO - Processing /home/airflow/.local/lib/python3.12/site-packages/airflow/example_dags/example_sensors.py took 0.531 seconds
[2024-09-12T16:18:34.117+0000] {processor.py:186} INFO - Started process (PID=4453) to work on /home/airflow/.local/lib/python3.12/site-packages/airflow/example_dags/example_sensors.py
[2024-09-12T16:18:34.119+0000] {processor.py:914} INFO - Processing file /home/airflow/.local/lib/python3.12/site-packages/airflow/example_dags/example_sensors.py for tasks to queue
[2024-09-12T16:18:34.137+0000] {logging_mixin.py:190} INFO - [2024-09-12T16:18:34.137+0000] {dagbag.py:587} INFO - Filling up the DagBag from /home/airflow/.local/lib/python3.12/site-packages/airflow/example_dags/example_sensors.py
[2024-09-12T16:18:34.197+0000] {processor.py:925} INFO - DAG(s) 'example_sensors' retrieved from /home/airflow/.local/lib/python3.12/site-packages/airflow/example_dags/example_sensors.py
[2024-09-12T16:18:34.336+0000] {logging_mixin.py:190} INFO - [2024-09-12T16:18:34.335+0000] {dag.py:3211} INFO - Sync 1 DAGs
[2024-09-12T16:18:34.401+0000] {logging_mixin.py:190} INFO - [2024-09-12T16:18:34.401+0000] {dag.py:4138} INFO - Setting next_dagrun for example_sensors to None, run_after=None
[2024-09-12T16:18:34.492+0000] {processor.py:208} INFO - Processing /home/airflow/.local/lib/python3.12/site-packages/airflow/example_dags/example_sensors.py took 0.401 seconds
[2024-09-12T16:19:08.607+0000] {processor.py:186} INFO - Started process (PID=4515) to work on /home/airflow/.local/lib/python3.12/site-packages/airflow/example_dags/example_sensors.py
[2024-09-12T16:19:08.613+0000] {processor.py:914} INFO - Processing file /home/airflow/.local/lib/python3.12/site-packages/airflow/example_dags/example_sensors.py for tasks to queue
[2024-09-12T16:19:08.617+0000] {logging_mixin.py:190} INFO - [2024-09-12T16:19:08.616+0000] {dagbag.py:587} INFO - Filling up the DagBag from /home/airflow/.local/lib/python3.12/site-packages/airflow/example_dags/example_sensors.py
[2024-09-12T16:19:08.714+0000] {processor.py:925} INFO - DAG(s) 'example_sensors' retrieved from /home/airflow/.local/lib/python3.12/site-packages/airflow/example_dags/example_sensors.py
[2024-09-12T16:19:08.896+0000] {logging_mixin.py:190} INFO - [2024-09-12T16:19:08.895+0000] {dag.py:3211} INFO - Sync 1 DAGs
[2024-09-12T16:19:08.973+0000] {logging_mixin.py:190} INFO - [2024-09-12T16:19:08.972+0000] {dag.py:4138} INFO - Setting next_dagrun for example_sensors to None, run_after=None
[2024-09-12T16:19:09.093+0000] {processor.py:208} INFO - Processing /home/airflow/.local/lib/python3.12/site-packages/airflow/example_dags/example_sensors.py took 0.506 seconds
[2024-09-12T16:19:41.866+0000] {processor.py:186} INFO - Started process (PID=4583) to work on /home/airflow/.local/lib/python3.12/site-packages/airflow/example_dags/example_sensors.py
[2024-09-12T16:19:41.883+0000] {processor.py:914} INFO - Processing file /home/airflow/.local/lib/python3.12/site-packages/airflow/example_dags/example_sensors.py for tasks to queue
[2024-09-12T16:19:41.894+0000] {logging_mixin.py:190} INFO - [2024-09-12T16:19:41.894+0000] {dagbag.py:587} INFO - Filling up the DagBag from /home/airflow/.local/lib/python3.12/site-packages/airflow/example_dags/example_sensors.py
[2024-09-12T16:19:42.039+0000] {processor.py:925} INFO - DAG(s) 'example_sensors' retrieved from /home/airflow/.local/lib/python3.12/site-packages/airflow/example_dags/example_sensors.py
[2024-09-12T16:19:42.281+0000] {logging_mixin.py:190} INFO - [2024-09-12T16:19:42.280+0000] {dag.py:3211} INFO - Sync 1 DAGs
[2024-09-12T16:19:42.400+0000] {logging_mixin.py:190} INFO - [2024-09-12T16:19:42.400+0000] {dag.py:4138} INFO - Setting next_dagrun for example_sensors to None, run_after=None
[2024-09-12T16:19:42.512+0000] {processor.py:208} INFO - Processing /home/airflow/.local/lib/python3.12/site-packages/airflow/example_dags/example_sensors.py took 0.717 seconds
[2024-09-12T16:20:24.628+0000] {processor.py:186} INFO - Started process (PID=4651) to work on /home/airflow/.local/lib/python3.12/site-packages/airflow/example_dags/example_sensors.py
[2024-09-12T16:20:24.652+0000] {processor.py:914} INFO - Processing file /home/airflow/.local/lib/python3.12/site-packages/airflow/example_dags/example_sensors.py for tasks to queue
[2024-09-12T16:20:24.701+0000] {logging_mixin.py:190} INFO - [2024-09-12T16:20:24.655+0000] {dagbag.py:587} INFO - Filling up the DagBag from /home/airflow/.local/lib/python3.12/site-packages/airflow/example_dags/example_sensors.py
[2024-09-12T16:20:24.832+0000] {processor.py:925} INFO - DAG(s) 'example_sensors' retrieved from /home/airflow/.local/lib/python3.12/site-packages/airflow/example_dags/example_sensors.py
[2024-09-12T16:20:26.518+0000] {logging_mixin.py:190} INFO - [2024-09-12T16:20:26.492+0000] {dag.py:3211} INFO - Sync 1 DAGs
[2024-09-12T16:20:27.079+0000] {logging_mixin.py:190} INFO - [2024-09-12T16:20:27.019+0000] {dag.py:4138} INFO - Setting next_dagrun for example_sensors to None, run_after=None
[2024-09-12T16:20:36.682+0000] {processor.py:208} INFO - Processing /home/airflow/.local/lib/python3.12/site-packages/airflow/example_dags/example_sensors.py took 12.149 seconds
[2024-09-12T16:21:14.431+0000] {processor.py:186} INFO - Started process (PID=4712) to work on /home/airflow/.local/lib/python3.12/site-packages/airflow/example_dags/example_sensors.py
[2024-09-12T16:21:14.438+0000] {processor.py:914} INFO - Processing file /home/airflow/.local/lib/python3.12/site-packages/airflow/example_dags/example_sensors.py for tasks to queue
[2024-09-12T16:21:14.442+0000] {logging_mixin.py:190} INFO - [2024-09-12T16:21:14.441+0000] {dagbag.py:587} INFO - Filling up the DagBag from /home/airflow/.local/lib/python3.12/site-packages/airflow/example_dags/example_sensors.py
[2024-09-12T16:21:14.545+0000] {processor.py:925} INFO - DAG(s) 'example_sensors' retrieved from /home/airflow/.local/lib/python3.12/site-packages/airflow/example_dags/example_sensors.py
[2024-09-12T16:21:14.696+0000] {logging_mixin.py:190} INFO - [2024-09-12T16:21:14.695+0000] {dag.py:3211} INFO - Sync 1 DAGs
[2024-09-12T16:21:14.765+0000] {logging_mixin.py:190} INFO - [2024-09-12T16:21:14.764+0000] {dag.py:4138} INFO - Setting next_dagrun for example_sensors to None, run_after=None
[2024-09-12T16:21:14.894+0000] {processor.py:208} INFO - Processing /home/airflow/.local/lib/python3.12/site-packages/airflow/example_dags/example_sensors.py took 0.504 seconds
[2024-09-12T16:22:00.958+0000] {processor.py:186} INFO - Started process (PID=4741) to work on /home/airflow/.local/lib/python3.12/site-packages/airflow/example_dags/example_sensors.py
[2024-09-12T16:22:00.975+0000] {processor.py:914} INFO - Processing file /home/airflow/.local/lib/python3.12/site-packages/airflow/example_dags/example_sensors.py for tasks to queue
[2024-09-12T16:22:00.986+0000] {logging_mixin.py:190} INFO - [2024-09-12T16:22:00.985+0000] {dagbag.py:587} INFO - Filling up the DagBag from /home/airflow/.local/lib/python3.12/site-packages/airflow/example_dags/example_sensors.py
[2024-09-12T16:22:01.079+0000] {processor.py:925} INFO - DAG(s) 'example_sensors' retrieved from /home/airflow/.local/lib/python3.12/site-packages/airflow/example_dags/example_sensors.py
[2024-09-12T16:22:01.323+0000] {logging_mixin.py:190} INFO - [2024-09-12T16:22:01.323+0000] {dag.py:3211} INFO - Sync 1 DAGs
[2024-09-12T16:22:01.421+0000] {logging_mixin.py:190} INFO - [2024-09-12T16:22:01.421+0000] {dag.py:4138} INFO - Setting next_dagrun for example_sensors to None, run_after=None
[2024-09-12T16:22:01.728+0000] {processor.py:208} INFO - Processing /home/airflow/.local/lib/python3.12/site-packages/airflow/example_dags/example_sensors.py took 0.867 seconds
[2024-09-12T16:22:36.587+0000] {processor.py:186} INFO - Started process (PID=4803) to work on /home/airflow/.local/lib/python3.12/site-packages/airflow/example_dags/example_sensors.py
[2024-09-12T16:22:36.594+0000] {processor.py:914} INFO - Processing file /home/airflow/.local/lib/python3.12/site-packages/airflow/example_dags/example_sensors.py for tasks to queue
[2024-09-12T16:22:36.607+0000] {logging_mixin.py:190} INFO - [2024-09-12T16:22:36.606+0000] {dagbag.py:587} INFO - Filling up the DagBag from /home/airflow/.local/lib/python3.12/site-packages/airflow/example_dags/example_sensors.py
[2024-09-12T16:22:36.786+0000] {processor.py:925} INFO - DAG(s) 'example_sensors' retrieved from /home/airflow/.local/lib/python3.12/site-packages/airflow/example_dags/example_sensors.py
[2024-09-12T16:22:37.174+0000] {logging_mixin.py:190} INFO - [2024-09-12T16:22:37.147+0000] {dag.py:3211} INFO - Sync 1 DAGs
[2024-09-12T16:22:37.378+0000] {logging_mixin.py:190} INFO - [2024-09-12T16:22:37.377+0000] {dag.py:4138} INFO - Setting next_dagrun for example_sensors to None, run_after=None
[2024-09-12T16:22:37.552+0000] {processor.py:208} INFO - Processing /home/airflow/.local/lib/python3.12/site-packages/airflow/example_dags/example_sensors.py took 1.067 seconds
[2024-09-12T16:23:15.525+0000] {processor.py:186} INFO - Started process (PID=4864) to work on /home/airflow/.local/lib/python3.12/site-packages/airflow/example_dags/example_sensors.py
[2024-09-12T16:23:15.654+0000] {processor.py:914} INFO - Processing file /home/airflow/.local/lib/python3.12/site-packages/airflow/example_dags/example_sensors.py for tasks to queue
[2024-09-12T16:23:15.786+0000] {logging_mixin.py:190} INFO - [2024-09-12T16:23:15.785+0000] {dagbag.py:587} INFO - Filling up the DagBag from /home/airflow/.local/lib/python3.12/site-packages/airflow/example_dags/example_sensors.py
[2024-09-12T16:23:16.038+0000] {processor.py:925} INFO - DAG(s) 'example_sensors' retrieved from /home/airflow/.local/lib/python3.12/site-packages/airflow/example_dags/example_sensors.py
[2024-09-12T16:23:16.595+0000] {logging_mixin.py:190} INFO - [2024-09-12T16:23:16.595+0000] {dag.py:3211} INFO - Sync 1 DAGs
[2024-09-12T16:23:16.805+0000] {logging_mixin.py:190} INFO - [2024-09-12T16:23:16.805+0000] {dag.py:4138} INFO - Setting next_dagrun for example_sensors to None, run_after=None
[2024-09-12T16:23:17.206+0000] {processor.py:208} INFO - Processing /home/airflow/.local/lib/python3.12/site-packages/airflow/example_dags/example_sensors.py took 1.904 seconds
