[2024-09-12T14:58:39.936+0000] {processor.py:186} INFO - Started process (PID=89) to work on /home/airflow/.local/lib/python3.12/site-packages/airflow/example_dags/example_branch_python_dop_operator_3.py
[2024-09-12T14:58:39.938+0000] {processor.py:914} INFO - Processing file /home/airflow/.local/lib/python3.12/site-packages/airflow/example_dags/example_branch_python_dop_operator_3.py for tasks to queue
[2024-09-12T14:58:39.953+0000] {logging_mixin.py:190} INFO - [2024-09-12T14:58:39.953+0000] {dagbag.py:587} INFO - Filling up the DagBag from /home/airflow/.local/lib/python3.12/site-packages/airflow/example_dags/example_branch_python_dop_operator_3.py
[2024-09-12T14:58:40.025+0000] {processor.py:925} INFO - DAG(s) 'example_branch_dop_operator_v3' retrieved from /home/airflow/.local/lib/python3.12/site-packages/airflow/example_dags/example_branch_python_dop_operator_3.py
[2024-09-12T14:58:40.265+0000] {logging_mixin.py:190} INFO - [2024-09-12T14:58:40.264+0000] {dag.py:3211} INFO - Sync 1 DAGs
[2024-09-12T14:58:40.571+0000] {logging_mixin.py:190} INFO - [2024-09-12T14:58:40.571+0000] {dag.py:4138} INFO - Setting next_dagrun for example_branch_dop_operator_v3 to 2024-09-12 14:57:00+00:00, run_after=2024-09-12 14:58:00+00:00
[2024-09-12T14:58:40.878+0000] {processor.py:208} INFO - Processing /home/airflow/.local/lib/python3.12/site-packages/airflow/example_dags/example_branch_python_dop_operator_3.py took 0.991 seconds
[2024-09-12T14:59:37.176+0000] {processor.py:186} INFO - Started process (PID=160) to work on /home/airflow/.local/lib/python3.12/site-packages/airflow/example_dags/example_branch_python_dop_operator_3.py
[2024-09-12T14:59:37.193+0000] {processor.py:914} INFO - Processing file /home/airflow/.local/lib/python3.12/site-packages/airflow/example_dags/example_branch_python_dop_operator_3.py for tasks to queue
[2024-09-12T14:59:37.254+0000] {logging_mixin.py:190} INFO - [2024-09-12T14:59:37.253+0000] {dagbag.py:587} INFO - Filling up the DagBag from /home/airflow/.local/lib/python3.12/site-packages/airflow/example_dags/example_branch_python_dop_operator_3.py
[2024-09-12T14:59:37.318+0000] {processor.py:925} INFO - DAG(s) 'example_branch_dop_operator_v3' retrieved from /home/airflow/.local/lib/python3.12/site-packages/airflow/example_dags/example_branch_python_dop_operator_3.py
[2024-09-12T14:59:37.462+0000] {logging_mixin.py:190} INFO - [2024-09-12T14:59:37.462+0000] {dag.py:3211} INFO - Sync 1 DAGs
[2024-09-12T14:59:37.690+0000] {logging_mixin.py:190} INFO - [2024-09-12T14:59:37.690+0000] {dag.py:4138} INFO - Setting next_dagrun for example_branch_dop_operator_v3 to 2024-09-12 14:58:00+00:00, run_after=2024-09-12 14:59:00+00:00
[2024-09-12T14:59:37.861+0000] {processor.py:208} INFO - Processing /home/airflow/.local/lib/python3.12/site-packages/airflow/example_dags/example_branch_python_dop_operator_3.py took 0.724 seconds
[2024-09-12T15:00:32.842+0000] {processor.py:186} INFO - Started process (PID=236) to work on /home/airflow/.local/lib/python3.12/site-packages/airflow/example_dags/example_branch_python_dop_operator_3.py
[2024-09-12T15:00:32.855+0000] {processor.py:914} INFO - Processing file /home/airflow/.local/lib/python3.12/site-packages/airflow/example_dags/example_branch_python_dop_operator_3.py for tasks to queue
[2024-09-12T15:00:32.872+0000] {logging_mixin.py:190} INFO - [2024-09-12T15:00:32.872+0000] {dagbag.py:587} INFO - Filling up the DagBag from /home/airflow/.local/lib/python3.12/site-packages/airflow/example_dags/example_branch_python_dop_operator_3.py
[2024-09-12T15:00:33.034+0000] {processor.py:925} INFO - DAG(s) 'example_branch_dop_operator_v3' retrieved from /home/airflow/.local/lib/python3.12/site-packages/airflow/example_dags/example_branch_python_dop_operator_3.py
[2024-09-12T15:00:33.240+0000] {logging_mixin.py:190} INFO - [2024-09-12T15:00:33.228+0000] {dag.py:3211} INFO - Sync 1 DAGs
[2024-09-12T15:00:33.559+0000] {logging_mixin.py:190} INFO - [2024-09-12T15:00:33.559+0000] {dag.py:4138} INFO - Setting next_dagrun for example_branch_dop_operator_v3 to 2024-09-12 14:59:00+00:00, run_after=2024-09-12 15:00:00+00:00
[2024-09-12T15:00:33.814+0000] {processor.py:208} INFO - Processing /home/airflow/.local/lib/python3.12/site-packages/airflow/example_dags/example_branch_python_dop_operator_3.py took 1.026 seconds
[2024-09-12T15:01:49.272+0000] {processor.py:186} INFO - Started process (PID=308) to work on /home/airflow/.local/lib/python3.12/site-packages/airflow/example_dags/example_branch_python_dop_operator_3.py
[2024-09-12T15:01:49.305+0000] {processor.py:914} INFO - Processing file /home/airflow/.local/lib/python3.12/site-packages/airflow/example_dags/example_branch_python_dop_operator_3.py for tasks to queue
[2024-09-12T15:01:49.418+0000] {logging_mixin.py:190} INFO - [2024-09-12T15:01:49.417+0000] {dagbag.py:587} INFO - Filling up the DagBag from /home/airflow/.local/lib/python3.12/site-packages/airflow/example_dags/example_branch_python_dop_operator_3.py
[2024-09-12T15:01:49.787+0000] {processor.py:925} INFO - DAG(s) 'example_branch_dop_operator_v3' retrieved from /home/airflow/.local/lib/python3.12/site-packages/airflow/example_dags/example_branch_python_dop_operator_3.py
[2024-09-12T15:01:50.061+0000] {logging_mixin.py:190} INFO - [2024-09-12T15:01:50.061+0000] {dag.py:3211} INFO - Sync 1 DAGs
[2024-09-12T15:01:50.487+0000] {logging_mixin.py:190} INFO - [2024-09-12T15:01:50.444+0000] {dag.py:4138} INFO - Setting next_dagrun for example_branch_dop_operator_v3 to 2024-09-12 15:00:00+00:00, run_after=2024-09-12 15:01:00+00:00
[2024-09-12T15:01:50.722+0000] {processor.py:208} INFO - Processing /home/airflow/.local/lib/python3.12/site-packages/airflow/example_dags/example_branch_python_dop_operator_3.py took 1.530 seconds
[2024-09-12T15:04:03.358+0000] {processor.py:186} INFO - Started process (PID=410) to work on /home/airflow/.local/lib/python3.12/site-packages/airflow/example_dags/example_branch_python_dop_operator_3.py
[2024-09-12T15:04:03.371+0000] {processor.py:914} INFO - Processing file /home/airflow/.local/lib/python3.12/site-packages/airflow/example_dags/example_branch_python_dop_operator_3.py for tasks to queue
[2024-09-12T15:04:03.374+0000] {logging_mixin.py:190} INFO - [2024-09-12T15:04:03.373+0000] {dagbag.py:587} INFO - Filling up the DagBag from /home/airflow/.local/lib/python3.12/site-packages/airflow/example_dags/example_branch_python_dop_operator_3.py
[2024-09-12T15:04:03.550+0000] {processor.py:925} INFO - DAG(s) 'example_branch_dop_operator_v3' retrieved from /home/airflow/.local/lib/python3.12/site-packages/airflow/example_dags/example_branch_python_dop_operator_3.py
[2024-09-12T15:04:03.780+0000] {logging_mixin.py:190} INFO - [2024-09-12T15:04:03.769+0000] {dag.py:3211} INFO - Sync 1 DAGs
[2024-09-12T15:04:04.030+0000] {logging_mixin.py:190} INFO - [2024-09-12T15:04:04.029+0000] {dag.py:4138} INFO - Setting next_dagrun for example_branch_dop_operator_v3 to 2024-09-12 15:03:00+00:00, run_after=2024-09-12 15:04:00+00:00
[2024-09-12T15:04:04.246+0000] {processor.py:208} INFO - Processing /home/airflow/.local/lib/python3.12/site-packages/airflow/example_dags/example_branch_python_dop_operator_3.py took 0.994 seconds
[2024-09-12T15:04:54.605+0000] {processor.py:186} INFO - Started process (PID=476) to work on /home/airflow/.local/lib/python3.12/site-packages/airflow/example_dags/example_branch_python_dop_operator_3.py
[2024-09-12T15:04:54.609+0000] {processor.py:914} INFO - Processing file /home/airflow/.local/lib/python3.12/site-packages/airflow/example_dags/example_branch_python_dop_operator_3.py for tasks to queue
[2024-09-12T15:04:54.612+0000] {logging_mixin.py:190} INFO - [2024-09-12T15:04:54.611+0000] {dagbag.py:587} INFO - Filling up the DagBag from /home/airflow/.local/lib/python3.12/site-packages/airflow/example_dags/example_branch_python_dop_operator_3.py
[2024-09-12T15:04:54.638+0000] {processor.py:925} INFO - DAG(s) 'example_branch_dop_operator_v3' retrieved from /home/airflow/.local/lib/python3.12/site-packages/airflow/example_dags/example_branch_python_dop_operator_3.py
[2024-09-12T15:04:54.710+0000] {logging_mixin.py:190} INFO - [2024-09-12T15:04:54.710+0000] {dag.py:3211} INFO - Sync 1 DAGs
[2024-09-12T15:04:54.815+0000] {logging_mixin.py:190} INFO - [2024-09-12T15:04:54.814+0000] {dag.py:4138} INFO - Setting next_dagrun for example_branch_dop_operator_v3 to 2024-09-12 15:03:00+00:00, run_after=2024-09-12 15:04:00+00:00
[2024-09-12T15:04:55.034+0000] {processor.py:208} INFO - Processing /home/airflow/.local/lib/python3.12/site-packages/airflow/example_dags/example_branch_python_dop_operator_3.py took 0.440 seconds
[2024-09-12T15:05:53.421+0000] {processor.py:186} INFO - Started process (PID=537) to work on /home/airflow/.local/lib/python3.12/site-packages/airflow/example_dags/example_branch_python_dop_operator_3.py
[2024-09-12T15:05:53.434+0000] {processor.py:914} INFO - Processing file /home/airflow/.local/lib/python3.12/site-packages/airflow/example_dags/example_branch_python_dop_operator_3.py for tasks to queue
[2024-09-12T15:05:53.440+0000] {logging_mixin.py:190} INFO - [2024-09-12T15:05:53.439+0000] {dagbag.py:587} INFO - Filling up the DagBag from /home/airflow/.local/lib/python3.12/site-packages/airflow/example_dags/example_branch_python_dop_operator_3.py
[2024-09-12T15:05:53.605+0000] {processor.py:925} INFO - DAG(s) 'example_branch_dop_operator_v3' retrieved from /home/airflow/.local/lib/python3.12/site-packages/airflow/example_dags/example_branch_python_dop_operator_3.py
[2024-09-12T15:05:53.775+0000] {logging_mixin.py:190} INFO - [2024-09-12T15:05:53.761+0000] {dag.py:3211} INFO - Sync 1 DAGs
[2024-09-12T15:05:54.105+0000] {logging_mixin.py:190} INFO - [2024-09-12T15:05:54.105+0000] {dag.py:4138} INFO - Setting next_dagrun for example_branch_dop_operator_v3 to 2024-09-12 15:04:00+00:00, run_after=2024-09-12 15:05:00+00:00
[2024-09-12T15:05:54.213+0000] {processor.py:208} INFO - Processing /home/airflow/.local/lib/python3.12/site-packages/airflow/example_dags/example_branch_python_dop_operator_3.py took 0.847 seconds
[2024-09-12T15:06:49.811+0000] {processor.py:186} INFO - Started process (PID=609) to work on /home/airflow/.local/lib/python3.12/site-packages/airflow/example_dags/example_branch_python_dop_operator_3.py
[2024-09-12T15:06:49.824+0000] {processor.py:914} INFO - Processing file /home/airflow/.local/lib/python3.12/site-packages/airflow/example_dags/example_branch_python_dop_operator_3.py for tasks to queue
[2024-09-12T15:06:49.842+0000] {logging_mixin.py:190} INFO - [2024-09-12T15:06:49.841+0000] {dagbag.py:587} INFO - Filling up the DagBag from /home/airflow/.local/lib/python3.12/site-packages/airflow/example_dags/example_branch_python_dop_operator_3.py
[2024-09-12T15:06:50.059+0000] {processor.py:925} INFO - DAG(s) 'example_branch_dop_operator_v3' retrieved from /home/airflow/.local/lib/python3.12/site-packages/airflow/example_dags/example_branch_python_dop_operator_3.py
[2024-09-12T15:06:50.320+0000] {logging_mixin.py:190} INFO - [2024-09-12T15:06:50.319+0000] {dag.py:3211} INFO - Sync 1 DAGs
[2024-09-12T15:06:50.826+0000] {logging_mixin.py:190} INFO - [2024-09-12T15:06:50.782+0000] {dag.py:4138} INFO - Setting next_dagrun for example_branch_dop_operator_v3 to 2024-09-12 15:05:00+00:00, run_after=2024-09-12 15:06:00+00:00
[2024-09-12T15:06:51.290+0000] {processor.py:208} INFO - Processing /home/airflow/.local/lib/python3.12/site-packages/airflow/example_dags/example_branch_python_dop_operator_3.py took 1.545 seconds
[2024-09-12T15:07:54.119+0000] {processor.py:186} INFO - Started process (PID=673) to work on /home/airflow/.local/lib/python3.12/site-packages/airflow/example_dags/example_branch_python_dop_operator_3.py
[2024-09-12T15:07:54.133+0000] {processor.py:914} INFO - Processing file /home/airflow/.local/lib/python3.12/site-packages/airflow/example_dags/example_branch_python_dop_operator_3.py for tasks to queue
[2024-09-12T15:07:54.150+0000] {logging_mixin.py:190} INFO - [2024-09-12T15:07:54.149+0000] {dagbag.py:587} INFO - Filling up the DagBag from /home/airflow/.local/lib/python3.12/site-packages/airflow/example_dags/example_branch_python_dop_operator_3.py
[2024-09-12T15:07:54.365+0000] {processor.py:925} INFO - DAG(s) 'example_branch_dop_operator_v3' retrieved from /home/airflow/.local/lib/python3.12/site-packages/airflow/example_dags/example_branch_python_dop_operator_3.py
[2024-09-12T15:07:54.841+0000] {logging_mixin.py:190} INFO - [2024-09-12T15:07:54.837+0000] {dag.py:3211} INFO - Sync 1 DAGs
[2024-09-12T15:07:55.199+0000] {logging_mixin.py:190} INFO - [2024-09-12T15:07:55.199+0000] {dag.py:4138} INFO - Setting next_dagrun for example_branch_dop_operator_v3 to 2024-09-12 15:06:00+00:00, run_after=2024-09-12 15:07:00+00:00
[2024-09-12T15:07:55.522+0000] {processor.py:208} INFO - Processing /home/airflow/.local/lib/python3.12/site-packages/airflow/example_dags/example_branch_python_dop_operator_3.py took 1.562 seconds
[2024-09-12T15:09:21.845+0000] {processor.py:186} INFO - Started process (PID=762) to work on /home/airflow/.local/lib/python3.12/site-packages/airflow/example_dags/example_branch_python_dop_operator_3.py
[2024-09-12T15:09:21.874+0000] {processor.py:914} INFO - Processing file /home/airflow/.local/lib/python3.12/site-packages/airflow/example_dags/example_branch_python_dop_operator_3.py for tasks to queue
[2024-09-12T15:09:21.877+0000] {logging_mixin.py:190} INFO - [2024-09-12T15:09:21.876+0000] {dagbag.py:587} INFO - Filling up the DagBag from /home/airflow/.local/lib/python3.12/site-packages/airflow/example_dags/example_branch_python_dop_operator_3.py
[2024-09-12T15:09:22.091+0000] {processor.py:925} INFO - DAG(s) 'example_branch_dop_operator_v3' retrieved from /home/airflow/.local/lib/python3.12/site-packages/airflow/example_dags/example_branch_python_dop_operator_3.py
[2024-09-12T15:09:22.535+0000] {logging_mixin.py:190} INFO - [2024-09-12T15:09:22.534+0000] {dag.py:3211} INFO - Sync 1 DAGs
[2024-09-12T15:09:23.387+0000] {logging_mixin.py:190} INFO - [2024-09-12T15:09:23.386+0000] {dag.py:4138} INFO - Setting next_dagrun for example_branch_dop_operator_v3 to 2024-09-12 15:08:00+00:00, run_after=2024-09-12 15:09:00+00:00
[2024-09-12T15:09:24.110+0000] {processor.py:208} INFO - Processing /home/airflow/.local/lib/python3.12/site-packages/airflow/example_dags/example_branch_python_dop_operator_3.py took 2.335 seconds
[2024-09-12T15:10:21.837+0000] {processor.py:186} INFO - Started process (PID=835) to work on /home/airflow/.local/lib/python3.12/site-packages/airflow/example_dags/example_branch_python_dop_operator_3.py
[2024-09-12T15:10:21.840+0000] {processor.py:914} INFO - Processing file /home/airflow/.local/lib/python3.12/site-packages/airflow/example_dags/example_branch_python_dop_operator_3.py for tasks to queue
[2024-09-12T15:10:21.853+0000] {logging_mixin.py:190} INFO - [2024-09-12T15:10:21.850+0000] {dagbag.py:587} INFO - Filling up the DagBag from /home/airflow/.local/lib/python3.12/site-packages/airflow/example_dags/example_branch_python_dop_operator_3.py
[2024-09-12T15:10:21.979+0000] {processor.py:925} INFO - DAG(s) 'example_branch_dop_operator_v3' retrieved from /home/airflow/.local/lib/python3.12/site-packages/airflow/example_dags/example_branch_python_dop_operator_3.py
[2024-09-12T15:10:22.339+0000] {logging_mixin.py:190} INFO - [2024-09-12T15:10:22.339+0000] {dag.py:3211} INFO - Sync 1 DAGs
[2024-09-12T15:10:22.769+0000] {logging_mixin.py:190} INFO - [2024-09-12T15:10:22.769+0000] {dag.py:4138} INFO - Setting next_dagrun for example_branch_dop_operator_v3 to 2024-09-12 15:09:00+00:00, run_after=2024-09-12 15:10:00+00:00
[2024-09-12T15:10:23.074+0000] {processor.py:208} INFO - Processing /home/airflow/.local/lib/python3.12/site-packages/airflow/example_dags/example_branch_python_dop_operator_3.py took 1.291 seconds
[2024-09-12T15:11:19.726+0000] {processor.py:186} INFO - Started process (PID=910) to work on /home/airflow/.local/lib/python3.12/site-packages/airflow/example_dags/example_branch_python_dop_operator_3.py
[2024-09-12T15:11:19.737+0000] {processor.py:914} INFO - Processing file /home/airflow/.local/lib/python3.12/site-packages/airflow/example_dags/example_branch_python_dop_operator_3.py for tasks to queue
[2024-09-12T15:11:19.759+0000] {logging_mixin.py:190} INFO - [2024-09-12T15:11:19.758+0000] {dagbag.py:587} INFO - Filling up the DagBag from /home/airflow/.local/lib/python3.12/site-packages/airflow/example_dags/example_branch_python_dop_operator_3.py
[2024-09-12T15:11:19.911+0000] {processor.py:925} INFO - DAG(s) 'example_branch_dop_operator_v3' retrieved from /home/airflow/.local/lib/python3.12/site-packages/airflow/example_dags/example_branch_python_dop_operator_3.py
[2024-09-12T15:11:20.314+0000] {logging_mixin.py:190} INFO - [2024-09-12T15:11:20.314+0000] {dag.py:3211} INFO - Sync 1 DAGs
[2024-09-12T15:11:20.837+0000] {logging_mixin.py:190} INFO - [2024-09-12T15:11:20.837+0000] {dag.py:4138} INFO - Setting next_dagrun for example_branch_dop_operator_v3 to 2024-09-12 15:10:00+00:00, run_after=2024-09-12 15:11:00+00:00
[2024-09-12T15:11:21.024+0000] {processor.py:208} INFO - Processing /home/airflow/.local/lib/python3.12/site-packages/airflow/example_dags/example_branch_python_dop_operator_3.py took 1.330 seconds
[2024-09-12T15:15:04.912+0000] {processor.py:186} INFO - Started process (PID=92) to work on /home/airflow/.local/lib/python3.12/site-packages/airflow/example_dags/example_branch_python_dop_operator_3.py
[2024-09-12T15:15:04.967+0000] {processor.py:914} INFO - Processing file /home/airflow/.local/lib/python3.12/site-packages/airflow/example_dags/example_branch_python_dop_operator_3.py for tasks to queue
[2024-09-12T15:15:04.989+0000] {logging_mixin.py:190} INFO - [2024-09-12T15:15:04.988+0000] {dagbag.py:587} INFO - Filling up the DagBag from /home/airflow/.local/lib/python3.12/site-packages/airflow/example_dags/example_branch_python_dop_operator_3.py
[2024-09-12T15:15:05.148+0000] {processor.py:925} INFO - DAG(s) 'example_branch_dop_operator_v3' retrieved from /home/airflow/.local/lib/python3.12/site-packages/airflow/example_dags/example_branch_python_dop_operator_3.py
[2024-09-12T15:15:05.482+0000] {logging_mixin.py:190} INFO - [2024-09-12T15:15:05.481+0000] {dag.py:3211} INFO - Sync 1 DAGs
[2024-09-12T15:15:05.796+0000] {logging_mixin.py:190} INFO - [2024-09-12T15:15:05.785+0000] {dag.py:4138} INFO - Setting next_dagrun for example_branch_dop_operator_v3 to 2024-09-12 15:14:00+00:00, run_after=2024-09-12 15:15:00+00:00
[2024-09-12T15:15:06.006+0000] {processor.py:208} INFO - Processing /home/airflow/.local/lib/python3.12/site-packages/airflow/example_dags/example_branch_python_dop_operator_3.py took 1.152 seconds
[2024-09-12T15:15:59.522+0000] {processor.py:186} INFO - Started process (PID=163) to work on /home/airflow/.local/lib/python3.12/site-packages/airflow/example_dags/example_branch_python_dop_operator_3.py
[2024-09-12T15:15:59.539+0000] {processor.py:914} INFO - Processing file /home/airflow/.local/lib/python3.12/site-packages/airflow/example_dags/example_branch_python_dop_operator_3.py for tasks to queue
[2024-09-12T15:15:59.662+0000] {logging_mixin.py:190} INFO - [2024-09-12T15:15:59.662+0000] {dagbag.py:587} INFO - Filling up the DagBag from /home/airflow/.local/lib/python3.12/site-packages/airflow/example_dags/example_branch_python_dop_operator_3.py
[2024-09-12T15:15:59.799+0000] {processor.py:925} INFO - DAG(s) 'example_branch_dop_operator_v3' retrieved from /home/airflow/.local/lib/python3.12/site-packages/airflow/example_dags/example_branch_python_dop_operator_3.py
[2024-09-12T15:16:00.463+0000] {logging_mixin.py:190} INFO - [2024-09-12T15:16:00.462+0000] {dag.py:3211} INFO - Sync 1 DAGs
[2024-09-12T15:16:00.800+0000] {logging_mixin.py:190} INFO - [2024-09-12T15:16:00.738+0000] {dag.py:4138} INFO - Setting next_dagrun for example_branch_dop_operator_v3 to 2024-09-12 15:15:00+00:00, run_after=2024-09-12 15:16:00+00:00
[2024-09-12T15:16:00.979+0000] {processor.py:208} INFO - Processing /home/airflow/.local/lib/python3.12/site-packages/airflow/example_dags/example_branch_python_dop_operator_3.py took 1.476 seconds
[2024-09-12T15:17:03.369+0000] {processor.py:186} INFO - Started process (PID=224) to work on /home/airflow/.local/lib/python3.12/site-packages/airflow/example_dags/example_branch_python_dop_operator_3.py
[2024-09-12T15:17:03.372+0000] {processor.py:914} INFO - Processing file /home/airflow/.local/lib/python3.12/site-packages/airflow/example_dags/example_branch_python_dop_operator_3.py for tasks to queue
[2024-09-12T15:17:03.457+0000] {logging_mixin.py:190} INFO - [2024-09-12T15:17:03.456+0000] {dagbag.py:587} INFO - Filling up the DagBag from /home/airflow/.local/lib/python3.12/site-packages/airflow/example_dags/example_branch_python_dop_operator_3.py
[2024-09-12T15:17:03.543+0000] {processor.py:925} INFO - DAG(s) 'example_branch_dop_operator_v3' retrieved from /home/airflow/.local/lib/python3.12/site-packages/airflow/example_dags/example_branch_python_dop_operator_3.py
[2024-09-12T15:17:03.869+0000] {logging_mixin.py:190} INFO - [2024-09-12T15:17:03.868+0000] {dag.py:3211} INFO - Sync 1 DAGs
[2024-09-12T15:17:04.794+0000] {logging_mixin.py:190} INFO - [2024-09-12T15:17:04.794+0000] {dag.py:4138} INFO - Setting next_dagrun for example_branch_dop_operator_v3 to 2024-09-12 15:16:00+00:00, run_after=2024-09-12 15:17:00+00:00
[2024-09-12T15:17:05.236+0000] {processor.py:208} INFO - Processing /home/airflow/.local/lib/python3.12/site-packages/airflow/example_dags/example_branch_python_dop_operator_3.py took 1.982 seconds
[2024-09-12T15:18:06.037+0000] {processor.py:186} INFO - Started process (PID=299) to work on /home/airflow/.local/lib/python3.12/site-packages/airflow/example_dags/example_branch_python_dop_operator_3.py
[2024-09-12T15:18:06.072+0000] {processor.py:914} INFO - Processing file /home/airflow/.local/lib/python3.12/site-packages/airflow/example_dags/example_branch_python_dop_operator_3.py for tasks to queue
[2024-09-12T15:18:06.113+0000] {logging_mixin.py:190} INFO - [2024-09-12T15:18:06.112+0000] {dagbag.py:587} INFO - Filling up the DagBag from /home/airflow/.local/lib/python3.12/site-packages/airflow/example_dags/example_branch_python_dop_operator_3.py
[2024-09-12T15:18:06.222+0000] {processor.py:925} INFO - DAG(s) 'example_branch_dop_operator_v3' retrieved from /home/airflow/.local/lib/python3.12/site-packages/airflow/example_dags/example_branch_python_dop_operator_3.py
[2024-09-12T15:18:06.571+0000] {logging_mixin.py:190} INFO - [2024-09-12T15:18:06.571+0000] {dag.py:3211} INFO - Sync 1 DAGs
[2024-09-12T15:18:07.028+0000] {logging_mixin.py:190} INFO - [2024-09-12T15:18:07.028+0000] {dag.py:4138} INFO - Setting next_dagrun for example_branch_dop_operator_v3 to 2024-09-12 15:17:00+00:00, run_after=2024-09-12 15:18:00+00:00
[2024-09-12T15:18:07.292+0000] {processor.py:208} INFO - Processing /home/airflow/.local/lib/python3.12/site-packages/airflow/example_dags/example_branch_python_dop_operator_3.py took 1.409 seconds
[2024-09-12T15:18:45.049+0000] {processor.py:186} INFO - Started process (PID=354) to work on /home/airflow/.local/lib/python3.12/site-packages/airflow/example_dags/example_branch_python_dop_operator_3.py
[2024-09-12T15:18:45.065+0000] {processor.py:914} INFO - Processing file /home/airflow/.local/lib/python3.12/site-packages/airflow/example_dags/example_branch_python_dop_operator_3.py for tasks to queue
[2024-09-12T15:18:45.113+0000] {logging_mixin.py:190} INFO - [2024-09-12T15:18:45.113+0000] {dagbag.py:587} INFO - Filling up the DagBag from /home/airflow/.local/lib/python3.12/site-packages/airflow/example_dags/example_branch_python_dop_operator_3.py
[2024-09-12T15:18:45.555+0000] {processor.py:925} INFO - DAG(s) 'example_branch_dop_operator_v3' retrieved from /home/airflow/.local/lib/python3.12/site-packages/airflow/example_dags/example_branch_python_dop_operator_3.py
[2024-09-12T15:18:46.185+0000] {logging_mixin.py:190} INFO - [2024-09-12T15:18:46.184+0000] {dag.py:3211} INFO - Sync 1 DAGs
[2024-09-12T15:18:47.192+0000] {logging_mixin.py:190} INFO - [2024-09-12T15:18:47.191+0000] {dag.py:4138} INFO - Setting next_dagrun for example_branch_dop_operator_v3 to 2024-09-12 15:17:00+00:00, run_after=2024-09-12 15:18:00+00:00
[2024-09-12T15:18:47.510+0000] {processor.py:208} INFO - Processing /home/airflow/.local/lib/python3.12/site-packages/airflow/example_dags/example_branch_python_dop_operator_3.py took 2.502 seconds
[2024-09-12T15:19:40.624+0000] {processor.py:186} INFO - Started process (PID=412) to work on /home/airflow/.local/lib/python3.12/site-packages/airflow/example_dags/example_branch_python_dop_operator_3.py
[2024-09-12T15:19:40.634+0000] {processor.py:914} INFO - Processing file /home/airflow/.local/lib/python3.12/site-packages/airflow/example_dags/example_branch_python_dop_operator_3.py for tasks to queue
[2024-09-12T15:19:40.656+0000] {logging_mixin.py:190} INFO - [2024-09-12T15:19:40.655+0000] {dagbag.py:587} INFO - Filling up the DagBag from /home/airflow/.local/lib/python3.12/site-packages/airflow/example_dags/example_branch_python_dop_operator_3.py
[2024-09-12T15:19:40.704+0000] {processor.py:925} INFO - DAG(s) 'example_branch_dop_operator_v3' retrieved from /home/airflow/.local/lib/python3.12/site-packages/airflow/example_dags/example_branch_python_dop_operator_3.py
[2024-09-12T15:19:40.818+0000] {logging_mixin.py:190} INFO - [2024-09-12T15:19:40.817+0000] {dag.py:3211} INFO - Sync 1 DAGs
[2024-09-12T15:19:40.989+0000] {logging_mixin.py:190} INFO - [2024-09-12T15:19:40.988+0000] {dag.py:4138} INFO - Setting next_dagrun for example_branch_dop_operator_v3 to 2024-09-12 15:18:00+00:00, run_after=2024-09-12 15:19:00+00:00
[2024-09-12T15:19:41.068+0000] {processor.py:208} INFO - Processing /home/airflow/.local/lib/python3.12/site-packages/airflow/example_dags/example_branch_python_dop_operator_3.py took 0.501 seconds
[2024-09-12T15:20:42.185+0000] {processor.py:186} INFO - Started process (PID=500) to work on /home/airflow/.local/lib/python3.12/site-packages/airflow/example_dags/example_branch_python_dop_operator_3.py
[2024-09-12T15:20:42.199+0000] {processor.py:914} INFO - Processing file /home/airflow/.local/lib/python3.12/site-packages/airflow/example_dags/example_branch_python_dop_operator_3.py for tasks to queue
[2024-09-12T15:20:42.216+0000] {logging_mixin.py:190} INFO - [2024-09-12T15:20:42.215+0000] {dagbag.py:587} INFO - Filling up the DagBag from /home/airflow/.local/lib/python3.12/site-packages/airflow/example_dags/example_branch_python_dop_operator_3.py
[2024-09-12T15:20:42.348+0000] {processor.py:925} INFO - DAG(s) 'example_branch_dop_operator_v3' retrieved from /home/airflow/.local/lib/python3.12/site-packages/airflow/example_dags/example_branch_python_dop_operator_3.py
[2024-09-12T15:20:42.623+0000] {logging_mixin.py:190} INFO - [2024-09-12T15:20:42.623+0000] {dag.py:3211} INFO - Sync 1 DAGs
[2024-09-12T15:20:42.906+0000] {logging_mixin.py:190} INFO - [2024-09-12T15:20:42.905+0000] {dag.py:4138} INFO - Setting next_dagrun for example_branch_dop_operator_v3 to 2024-09-12 15:19:00+00:00, run_after=2024-09-12 15:20:00+00:00
[2024-09-12T15:20:43.265+0000] {processor.py:208} INFO - Processing /home/airflow/.local/lib/python3.12/site-packages/airflow/example_dags/example_branch_python_dop_operator_3.py took 1.163 seconds
[2024-09-12T15:21:41.734+0000] {processor.py:186} INFO - Started process (PID=564) to work on /home/airflow/.local/lib/python3.12/site-packages/airflow/example_dags/example_branch_python_dop_operator_3.py
[2024-09-12T15:21:41.748+0000] {processor.py:914} INFO - Processing file /home/airflow/.local/lib/python3.12/site-packages/airflow/example_dags/example_branch_python_dop_operator_3.py for tasks to queue
[2024-09-12T15:21:41.766+0000] {logging_mixin.py:190} INFO - [2024-09-12T15:21:41.765+0000] {dagbag.py:587} INFO - Filling up the DagBag from /home/airflow/.local/lib/python3.12/site-packages/airflow/example_dags/example_branch_python_dop_operator_3.py
[2024-09-12T15:21:41.999+0000] {processor.py:925} INFO - DAG(s) 'example_branch_dop_operator_v3' retrieved from /home/airflow/.local/lib/python3.12/site-packages/airflow/example_dags/example_branch_python_dop_operator_3.py
[2024-09-12T15:21:42.386+0000] {logging_mixin.py:190} INFO - [2024-09-12T15:21:42.386+0000] {dag.py:3211} INFO - Sync 1 DAGs
[2024-09-12T15:21:42.687+0000] {logging_mixin.py:190} INFO - [2024-09-12T15:21:42.687+0000] {dag.py:4138} INFO - Setting next_dagrun for example_branch_dop_operator_v3 to 2024-09-12 15:20:00+00:00, run_after=2024-09-12 15:21:00+00:00
[2024-09-12T15:21:42.888+0000] {processor.py:208} INFO - Processing /home/airflow/.local/lib/python3.12/site-packages/airflow/example_dags/example_branch_python_dop_operator_3.py took 1.205 seconds
[2024-09-12T15:22:37.544+0000] {processor.py:186} INFO - Started process (PID=629) to work on /home/airflow/.local/lib/python3.12/site-packages/airflow/example_dags/example_branch_python_dop_operator_3.py
[2024-09-12T15:22:37.551+0000] {processor.py:914} INFO - Processing file /home/airflow/.local/lib/python3.12/site-packages/airflow/example_dags/example_branch_python_dop_operator_3.py for tasks to queue
[2024-09-12T15:22:37.562+0000] {logging_mixin.py:190} INFO - [2024-09-12T15:22:37.562+0000] {dagbag.py:587} INFO - Filling up the DagBag from /home/airflow/.local/lib/python3.12/site-packages/airflow/example_dags/example_branch_python_dop_operator_3.py
[2024-09-12T15:22:37.721+0000] {processor.py:925} INFO - DAG(s) 'example_branch_dop_operator_v3' retrieved from /home/airflow/.local/lib/python3.12/site-packages/airflow/example_dags/example_branch_python_dop_operator_3.py
[2024-09-12T15:22:38.030+0000] {logging_mixin.py:190} INFO - [2024-09-12T15:22:38.030+0000] {dag.py:3211} INFO - Sync 1 DAGs
[2024-09-12T15:22:38.301+0000] {logging_mixin.py:190} INFO - [2024-09-12T15:22:38.301+0000] {dag.py:4138} INFO - Setting next_dagrun for example_branch_dop_operator_v3 to 2024-09-12 15:21:00+00:00, run_after=2024-09-12 15:22:00+00:00
[2024-09-12T15:22:38.488+0000] {processor.py:208} INFO - Processing /home/airflow/.local/lib/python3.12/site-packages/airflow/example_dags/example_branch_python_dop_operator_3.py took 1.000 seconds
[2024-09-12T15:23:36.992+0000] {processor.py:186} INFO - Started process (PID=701) to work on /home/airflow/.local/lib/python3.12/site-packages/airflow/example_dags/example_branch_python_dop_operator_3.py
[2024-09-12T15:23:37.036+0000] {processor.py:914} INFO - Processing file /home/airflow/.local/lib/python3.12/site-packages/airflow/example_dags/example_branch_python_dop_operator_3.py for tasks to queue
[2024-09-12T15:23:37.085+0000] {logging_mixin.py:190} INFO - [2024-09-12T15:23:37.085+0000] {dagbag.py:587} INFO - Filling up the DagBag from /home/airflow/.local/lib/python3.12/site-packages/airflow/example_dags/example_branch_python_dop_operator_3.py
[2024-09-12T15:23:37.224+0000] {processor.py:925} INFO - DAG(s) 'example_branch_dop_operator_v3' retrieved from /home/airflow/.local/lib/python3.12/site-packages/airflow/example_dags/example_branch_python_dop_operator_3.py
[2024-09-12T15:23:37.626+0000] {logging_mixin.py:190} INFO - [2024-09-12T15:23:37.625+0000] {dag.py:3211} INFO - Sync 1 DAGs
[2024-09-12T15:23:37.898+0000] {logging_mixin.py:190} INFO - [2024-09-12T15:23:37.898+0000] {dag.py:4138} INFO - Setting next_dagrun for example_branch_dop_operator_v3 to 2024-09-12 15:22:00+00:00, run_after=2024-09-12 15:23:00+00:00
[2024-09-12T15:23:38.028+0000] {processor.py:208} INFO - Processing /home/airflow/.local/lib/python3.12/site-packages/airflow/example_dags/example_branch_python_dop_operator_3.py took 1.095 seconds
[2024-09-12T15:24:56.613+0000] {processor.py:186} INFO - Started process (PID=782) to work on /home/airflow/.local/lib/python3.12/site-packages/airflow/example_dags/example_branch_python_dop_operator_3.py
[2024-09-12T15:24:56.657+0000] {processor.py:914} INFO - Processing file /home/airflow/.local/lib/python3.12/site-packages/airflow/example_dags/example_branch_python_dop_operator_3.py for tasks to queue
[2024-09-12T15:24:56.696+0000] {logging_mixin.py:190} INFO - [2024-09-12T15:24:56.695+0000] {dagbag.py:587} INFO - Filling up the DagBag from /home/airflow/.local/lib/python3.12/site-packages/airflow/example_dags/example_branch_python_dop_operator_3.py
[2024-09-12T15:24:56.916+0000] {processor.py:925} INFO - DAG(s) 'example_branch_dop_operator_v3' retrieved from /home/airflow/.local/lib/python3.12/site-packages/airflow/example_dags/example_branch_python_dop_operator_3.py
[2024-09-12T15:24:57.102+0000] {logging_mixin.py:190} INFO - [2024-09-12T15:24:57.102+0000] {dag.py:3211} INFO - Sync 1 DAGs
[2024-09-12T15:24:57.434+0000] {logging_mixin.py:190} INFO - [2024-09-12T15:24:57.433+0000] {dag.py:4138} INFO - Setting next_dagrun for example_branch_dop_operator_v3 to 2024-09-12 15:23:00+00:00, run_after=2024-09-12 15:24:00+00:00
[2024-09-12T15:24:57.827+0000] {processor.py:208} INFO - Processing /home/airflow/.local/lib/python3.12/site-packages/airflow/example_dags/example_branch_python_dop_operator_3.py took 1.313 seconds
[2024-09-12T15:26:51.614+0000] {processor.py:186} INFO - Started process (PID=868) to work on /home/airflow/.local/lib/python3.12/site-packages/airflow/example_dags/example_branch_python_dop_operator_3.py
[2024-09-12T15:26:51.646+0000] {processor.py:914} INFO - Processing file /home/airflow/.local/lib/python3.12/site-packages/airflow/example_dags/example_branch_python_dop_operator_3.py for tasks to queue
[2024-09-12T15:26:51.662+0000] {logging_mixin.py:190} INFO - [2024-09-12T15:26:51.661+0000] {dagbag.py:587} INFO - Filling up the DagBag from /home/airflow/.local/lib/python3.12/site-packages/airflow/example_dags/example_branch_python_dop_operator_3.py
[2024-09-12T15:26:51.862+0000] {processor.py:925} INFO - DAG(s) 'example_branch_dop_operator_v3' retrieved from /home/airflow/.local/lib/python3.12/site-packages/airflow/example_dags/example_branch_python_dop_operator_3.py
[2024-09-12T15:26:52.118+0000] {logging_mixin.py:190} INFO - [2024-09-12T15:26:52.114+0000] {dag.py:3211} INFO - Sync 1 DAGs
[2024-09-12T15:26:52.510+0000] {logging_mixin.py:190} INFO - [2024-09-12T15:26:52.510+0000] {dag.py:4138} INFO - Setting next_dagrun for example_branch_dop_operator_v3 to 2024-09-12 15:25:00+00:00, run_after=2024-09-12 15:26:00+00:00
[2024-09-12T15:26:52.789+0000] {processor.py:208} INFO - Processing /home/airflow/.local/lib/python3.12/site-packages/airflow/example_dags/example_branch_python_dop_operator_3.py took 1.251 seconds
[2024-09-12T15:27:48.784+0000] {processor.py:186} INFO - Started process (PID=940) to work on /home/airflow/.local/lib/python3.12/site-packages/airflow/example_dags/example_branch_python_dop_operator_3.py
[2024-09-12T15:27:48.802+0000] {processor.py:914} INFO - Processing file /home/airflow/.local/lib/python3.12/site-packages/airflow/example_dags/example_branch_python_dop_operator_3.py for tasks to queue
[2024-09-12T15:27:48.832+0000] {logging_mixin.py:190} INFO - [2024-09-12T15:27:48.831+0000] {dagbag.py:587} INFO - Filling up the DagBag from /home/airflow/.local/lib/python3.12/site-packages/airflow/example_dags/example_branch_python_dop_operator_3.py
[2024-09-12T15:27:48.960+0000] {processor.py:925} INFO - DAG(s) 'example_branch_dop_operator_v3' retrieved from /home/airflow/.local/lib/python3.12/site-packages/airflow/example_dags/example_branch_python_dop_operator_3.py
[2024-09-12T15:27:49.113+0000] {logging_mixin.py:190} INFO - [2024-09-12T15:27:49.113+0000] {dag.py:3211} INFO - Sync 1 DAGs
[2024-09-12T15:27:49.440+0000] {logging_mixin.py:190} INFO - [2024-09-12T15:27:49.414+0000] {dag.py:4138} INFO - Setting next_dagrun for example_branch_dop_operator_v3 to 2024-09-12 15:26:00+00:00, run_after=2024-09-12 15:27:00+00:00
[2024-09-12T15:27:49.687+0000] {processor.py:208} INFO - Processing /home/airflow/.local/lib/python3.12/site-packages/airflow/example_dags/example_branch_python_dop_operator_3.py took 0.971 seconds
[2024-09-12T15:28:28.744+0000] {processor.py:186} INFO - Started process (PID=994) to work on /home/airflow/.local/lib/python3.12/site-packages/airflow/example_dags/example_branch_python_dop_operator_3.py
[2024-09-12T15:28:28.752+0000] {processor.py:914} INFO - Processing file /home/airflow/.local/lib/python3.12/site-packages/airflow/example_dags/example_branch_python_dop_operator_3.py for tasks to queue
[2024-09-12T15:28:28.787+0000] {logging_mixin.py:190} INFO - [2024-09-12T15:28:28.786+0000] {dagbag.py:587} INFO - Filling up the DagBag from /home/airflow/.local/lib/python3.12/site-packages/airflow/example_dags/example_branch_python_dop_operator_3.py
[2024-09-12T15:28:28.862+0000] {processor.py:925} INFO - DAG(s) 'example_branch_dop_operator_v3' retrieved from /home/airflow/.local/lib/python3.12/site-packages/airflow/example_dags/example_branch_python_dop_operator_3.py
[2024-09-12T15:28:28.960+0000] {logging_mixin.py:190} INFO - [2024-09-12T15:28:28.960+0000] {dag.py:3211} INFO - Sync 1 DAGs
[2024-09-12T15:28:29.169+0000] {logging_mixin.py:190} INFO - [2024-09-12T15:28:29.168+0000] {dag.py:4138} INFO - Setting next_dagrun for example_branch_dop_operator_v3 to 2024-09-12 15:27:00+00:00, run_after=2024-09-12 15:28:00+00:00
[2024-09-12T15:28:29.409+0000] {processor.py:208} INFO - Processing /home/airflow/.local/lib/python3.12/site-packages/airflow/example_dags/example_branch_python_dop_operator_3.py took 0.726 seconds
[2024-09-12T15:29:17.958+0000] {processor.py:186} INFO - Started process (PID=1064) to work on /home/airflow/.local/lib/python3.12/site-packages/airflow/example_dags/example_branch_python_dop_operator_3.py
[2024-09-12T15:29:18.015+0000] {processor.py:914} INFO - Processing file /home/airflow/.local/lib/python3.12/site-packages/airflow/example_dags/example_branch_python_dop_operator_3.py for tasks to queue
[2024-09-12T15:29:18.036+0000] {logging_mixin.py:190} INFO - [2024-09-12T15:29:18.035+0000] {dagbag.py:587} INFO - Filling up the DagBag from /home/airflow/.local/lib/python3.12/site-packages/airflow/example_dags/example_branch_python_dop_operator_3.py
[2024-09-12T15:29:18.222+0000] {processor.py:925} INFO - DAG(s) 'example_branch_dop_operator_v3' retrieved from /home/airflow/.local/lib/python3.12/site-packages/airflow/example_dags/example_branch_python_dop_operator_3.py
[2024-09-12T15:29:18.516+0000] {logging_mixin.py:190} INFO - [2024-09-12T15:29:18.515+0000] {dag.py:3211} INFO - Sync 1 DAGs
[2024-09-12T15:29:18.753+0000] {logging_mixin.py:190} INFO - [2024-09-12T15:29:18.752+0000] {dag.py:4138} INFO - Setting next_dagrun for example_branch_dop_operator_v3 to 2024-09-12 15:28:00+00:00, run_after=2024-09-12 15:29:00+00:00
[2024-09-12T15:29:18.986+0000] {processor.py:208} INFO - Processing /home/airflow/.local/lib/python3.12/site-packages/airflow/example_dags/example_branch_python_dop_operator_3.py took 1.043 seconds
[2024-09-12T15:31:08.753+0000] {processor.py:186} INFO - Started process (PID=1145) to work on /home/airflow/.local/lib/python3.12/site-packages/airflow/example_dags/example_branch_python_dop_operator_3.py
[2024-09-12T15:31:08.755+0000] {processor.py:914} INFO - Processing file /home/airflow/.local/lib/python3.12/site-packages/airflow/example_dags/example_branch_python_dop_operator_3.py for tasks to queue
[2024-09-12T15:31:08.758+0000] {logging_mixin.py:190} INFO - [2024-09-12T15:31:08.758+0000] {dagbag.py:587} INFO - Filling up the DagBag from /home/airflow/.local/lib/python3.12/site-packages/airflow/example_dags/example_branch_python_dop_operator_3.py
[2024-09-12T15:31:08.837+0000] {processor.py:925} INFO - DAG(s) 'example_branch_dop_operator_v3' retrieved from /home/airflow/.local/lib/python3.12/site-packages/airflow/example_dags/example_branch_python_dop_operator_3.py
[2024-09-12T15:31:08.943+0000] {logging_mixin.py:190} INFO - [2024-09-12T15:31:08.942+0000] {dag.py:3211} INFO - Sync 1 DAGs
[2024-09-12T15:31:09.196+0000] {logging_mixin.py:190} INFO - [2024-09-12T15:31:09.167+0000] {dag.py:4138} INFO - Setting next_dagrun for example_branch_dop_operator_v3 to 2024-09-12 15:30:00+00:00, run_after=2024-09-12 15:31:00+00:00
[2024-09-12T15:31:09.828+0000] {processor.py:208} INFO - Processing /home/airflow/.local/lib/python3.12/site-packages/airflow/example_dags/example_branch_python_dop_operator_3.py took 1.110 seconds
[2024-09-12T15:31:49.012+0000] {processor.py:186} INFO - Started process (PID=1205) to work on /home/airflow/.local/lib/python3.12/site-packages/airflow/example_dags/example_branch_python_dop_operator_3.py
[2024-09-12T15:31:49.028+0000] {processor.py:914} INFO - Processing file /home/airflow/.local/lib/python3.12/site-packages/airflow/example_dags/example_branch_python_dop_operator_3.py for tasks to queue
[2024-09-12T15:31:49.040+0000] {logging_mixin.py:190} INFO - [2024-09-12T15:31:49.039+0000] {dagbag.py:587} INFO - Filling up the DagBag from /home/airflow/.local/lib/python3.12/site-packages/airflow/example_dags/example_branch_python_dop_operator_3.py
[2024-09-12T15:31:49.132+0000] {processor.py:925} INFO - DAG(s) 'example_branch_dop_operator_v3' retrieved from /home/airflow/.local/lib/python3.12/site-packages/airflow/example_dags/example_branch_python_dop_operator_3.py
[2024-09-12T15:31:49.276+0000] {logging_mixin.py:190} INFO - [2024-09-12T15:31:49.275+0000] {dag.py:3211} INFO - Sync 1 DAGs
[2024-09-12T15:31:49.475+0000] {logging_mixin.py:190} INFO - [2024-09-12T15:31:49.475+0000] {dag.py:4138} INFO - Setting next_dagrun for example_branch_dop_operator_v3 to 2024-09-12 15:30:00+00:00, run_after=2024-09-12 15:31:00+00:00
[2024-09-12T15:31:49.685+0000] {processor.py:208} INFO - Processing /home/airflow/.local/lib/python3.12/site-packages/airflow/example_dags/example_branch_python_dop_operator_3.py took 0.827 seconds
[2024-09-12T15:32:32.312+0000] {processor.py:186} INFO - Started process (PID=1270) to work on /home/airflow/.local/lib/python3.12/site-packages/airflow/example_dags/example_branch_python_dop_operator_3.py
[2024-09-12T15:32:32.317+0000] {processor.py:914} INFO - Processing file /home/airflow/.local/lib/python3.12/site-packages/airflow/example_dags/example_branch_python_dop_operator_3.py for tasks to queue
[2024-09-12T15:32:32.354+0000] {logging_mixin.py:190} INFO - [2024-09-12T15:32:32.353+0000] {dagbag.py:587} INFO - Filling up the DagBag from /home/airflow/.local/lib/python3.12/site-packages/airflow/example_dags/example_branch_python_dop_operator_3.py
[2024-09-12T15:32:32.419+0000] {processor.py:925} INFO - DAG(s) 'example_branch_dop_operator_v3' retrieved from /home/airflow/.local/lib/python3.12/site-packages/airflow/example_dags/example_branch_python_dop_operator_3.py
[2024-09-12T15:32:32.626+0000] {logging_mixin.py:190} INFO - [2024-09-12T15:32:32.626+0000] {dag.py:3211} INFO - Sync 1 DAGs
[2024-09-12T15:32:32.909+0000] {logging_mixin.py:190} INFO - [2024-09-12T15:32:32.908+0000] {dag.py:4138} INFO - Setting next_dagrun for example_branch_dop_operator_v3 to 2024-09-12 15:31:00+00:00, run_after=2024-09-12 15:32:00+00:00
[2024-09-12T15:32:33.146+0000] {processor.py:208} INFO - Processing /home/airflow/.local/lib/python3.12/site-packages/airflow/example_dags/example_branch_python_dop_operator_3.py took 0.885 seconds
[2024-09-12T15:33:13.787+0000] {processor.py:186} INFO - Started process (PID=1313) to work on /home/airflow/.local/lib/python3.12/site-packages/airflow/example_dags/example_branch_python_dop_operator_3.py
[2024-09-12T15:33:13.789+0000] {processor.py:914} INFO - Processing file /home/airflow/.local/lib/python3.12/site-packages/airflow/example_dags/example_branch_python_dop_operator_3.py for tasks to queue
[2024-09-12T15:33:13.792+0000] {logging_mixin.py:190} INFO - [2024-09-12T15:33:13.791+0000] {dagbag.py:587} INFO - Filling up the DagBag from /home/airflow/.local/lib/python3.12/site-packages/airflow/example_dags/example_branch_python_dop_operator_3.py
[2024-09-12T15:33:13.833+0000] {processor.py:925} INFO - DAG(s) 'example_branch_dop_operator_v3' retrieved from /home/airflow/.local/lib/python3.12/site-packages/airflow/example_dags/example_branch_python_dop_operator_3.py
[2024-09-12T15:33:13.897+0000] {logging_mixin.py:190} INFO - [2024-09-12T15:33:13.896+0000] {dag.py:3211} INFO - Sync 1 DAGs
[2024-09-12T15:33:13.994+0000] {logging_mixin.py:190} INFO - [2024-09-12T15:33:13.994+0000] {dag.py:4138} INFO - Setting next_dagrun for example_branch_dop_operator_v3 to 2024-09-12 15:32:00+00:00, run_after=2024-09-12 15:33:00+00:00
[2024-09-12T15:33:14.063+0000] {processor.py:208} INFO - Processing /home/airflow/.local/lib/python3.12/site-packages/airflow/example_dags/example_branch_python_dop_operator_3.py took 0.301 seconds
[2024-09-12T15:33:55.938+0000] {processor.py:186} INFO - Started process (PID=1378) to work on /home/airflow/.local/lib/python3.12/site-packages/airflow/example_dags/example_branch_python_dop_operator_3.py
[2024-09-12T15:33:55.956+0000] {processor.py:914} INFO - Processing file /home/airflow/.local/lib/python3.12/site-packages/airflow/example_dags/example_branch_python_dop_operator_3.py for tasks to queue
[2024-09-12T15:33:55.970+0000] {logging_mixin.py:190} INFO - [2024-09-12T15:33:55.970+0000] {dagbag.py:587} INFO - Filling up the DagBag from /home/airflow/.local/lib/python3.12/site-packages/airflow/example_dags/example_branch_python_dop_operator_3.py
[2024-09-12T15:33:56.066+0000] {processor.py:925} INFO - DAG(s) 'example_branch_dop_operator_v3' retrieved from /home/airflow/.local/lib/python3.12/site-packages/airflow/example_dags/example_branch_python_dop_operator_3.py
[2024-09-12T15:33:56.190+0000] {logging_mixin.py:190} INFO - [2024-09-12T15:33:56.189+0000] {dag.py:3211} INFO - Sync 1 DAGs
[2024-09-12T15:33:56.395+0000] {logging_mixin.py:190} INFO - [2024-09-12T15:33:56.395+0000] {dag.py:4138} INFO - Setting next_dagrun for example_branch_dop_operator_v3 to 2024-09-12 15:32:00+00:00, run_after=2024-09-12 15:33:00+00:00
[2024-09-12T15:33:56.604+0000] {processor.py:208} INFO - Processing /home/airflow/.local/lib/python3.12/site-packages/airflow/example_dags/example_branch_python_dop_operator_3.py took 0.712 seconds
[2024-09-12T15:34:34.782+0000] {processor.py:186} INFO - Started process (PID=1450) to work on /home/airflow/.local/lib/python3.12/site-packages/airflow/example_dags/example_branch_python_dop_operator_3.py
[2024-09-12T15:34:34.797+0000] {processor.py:914} INFO - Processing file /home/airflow/.local/lib/python3.12/site-packages/airflow/example_dags/example_branch_python_dop_operator_3.py for tasks to queue
[2024-09-12T15:34:34.815+0000] {logging_mixin.py:190} INFO - [2024-09-12T15:34:34.814+0000] {dagbag.py:587} INFO - Filling up the DagBag from /home/airflow/.local/lib/python3.12/site-packages/airflow/example_dags/example_branch_python_dop_operator_3.py
[2024-09-12T15:34:34.983+0000] {processor.py:925} INFO - DAG(s) 'example_branch_dop_operator_v3' retrieved from /home/airflow/.local/lib/python3.12/site-packages/airflow/example_dags/example_branch_python_dop_operator_3.py
[2024-09-12T15:34:35.332+0000] {logging_mixin.py:190} INFO - [2024-09-12T15:34:35.332+0000] {dag.py:3211} INFO - Sync 1 DAGs
[2024-09-12T15:34:35.726+0000] {logging_mixin.py:190} INFO - [2024-09-12T15:34:35.725+0000] {dag.py:4138} INFO - Setting next_dagrun for example_branch_dop_operator_v3 to 2024-09-12 15:33:00+00:00, run_after=2024-09-12 15:34:00+00:00
[2024-09-12T15:34:35.944+0000] {processor.py:208} INFO - Processing /home/airflow/.local/lib/python3.12/site-packages/airflow/example_dags/example_branch_python_dop_operator_3.py took 1.215 seconds
[2024-09-12T15:35:31.552+0000] {processor.py:186} INFO - Started process (PID=1517) to work on /home/airflow/.local/lib/python3.12/site-packages/airflow/example_dags/example_branch_python_dop_operator_3.py
[2024-09-12T15:35:31.559+0000] {processor.py:914} INFO - Processing file /home/airflow/.local/lib/python3.12/site-packages/airflow/example_dags/example_branch_python_dop_operator_3.py for tasks to queue
[2024-09-12T15:35:31.636+0000] {logging_mixin.py:190} INFO - [2024-09-12T15:35:31.635+0000] {dagbag.py:587} INFO - Filling up the DagBag from /home/airflow/.local/lib/python3.12/site-packages/airflow/example_dags/example_branch_python_dop_operator_3.py
[2024-09-12T15:35:31.818+0000] {processor.py:925} INFO - DAG(s) 'example_branch_dop_operator_v3' retrieved from /home/airflow/.local/lib/python3.12/site-packages/airflow/example_dags/example_branch_python_dop_operator_3.py
[2024-09-12T15:35:31.963+0000] {logging_mixin.py:190} INFO - [2024-09-12T15:35:31.963+0000] {dag.py:3211} INFO - Sync 1 DAGs
[2024-09-12T15:35:32.283+0000] {logging_mixin.py:190} INFO - [2024-09-12T15:35:32.283+0000] {dag.py:4138} INFO - Setting next_dagrun for example_branch_dop_operator_v3 to 2024-09-12 15:34:00+00:00, run_after=2024-09-12 15:35:00+00:00
[2024-09-12T15:35:32.570+0000] {processor.py:208} INFO - Processing /home/airflow/.local/lib/python3.12/site-packages/airflow/example_dags/example_branch_python_dop_operator_3.py took 1.051 seconds
[2024-09-12T15:36:44.346+0000] {processor.py:186} INFO - Started process (PID=1593) to work on /home/airflow/.local/lib/python3.12/site-packages/airflow/example_dags/example_branch_python_dop_operator_3.py
[2024-09-12T15:36:44.362+0000] {processor.py:914} INFO - Processing file /home/airflow/.local/lib/python3.12/site-packages/airflow/example_dags/example_branch_python_dop_operator_3.py for tasks to queue
[2024-09-12T15:36:44.368+0000] {logging_mixin.py:190} INFO - [2024-09-12T15:36:44.367+0000] {dagbag.py:587} INFO - Filling up the DagBag from /home/airflow/.local/lib/python3.12/site-packages/airflow/example_dags/example_branch_python_dop_operator_3.py
[2024-09-12T15:36:44.520+0000] {processor.py:925} INFO - DAG(s) 'example_branch_dop_operator_v3' retrieved from /home/airflow/.local/lib/python3.12/site-packages/airflow/example_dags/example_branch_python_dop_operator_3.py
[2024-09-12T15:36:44.870+0000] {logging_mixin.py:190} INFO - [2024-09-12T15:36:44.869+0000] {dag.py:3211} INFO - Sync 1 DAGs
[2024-09-12T15:36:45.338+0000] {logging_mixin.py:190} INFO - [2024-09-12T15:36:45.338+0000] {dag.py:4138} INFO - Setting next_dagrun for example_branch_dop_operator_v3 to 2024-09-12 15:35:00+00:00, run_after=2024-09-12 15:36:00+00:00
[2024-09-12T15:36:45.558+0000] {processor.py:208} INFO - Processing /home/airflow/.local/lib/python3.12/site-packages/airflow/example_dags/example_branch_python_dop_operator_3.py took 1.291 seconds
[2024-09-12T15:37:51.632+0000] {processor.py:186} INFO - Started process (PID=1675) to work on /home/airflow/.local/lib/python3.12/site-packages/airflow/example_dags/example_branch_python_dop_operator_3.py
[2024-09-12T15:37:51.645+0000] {processor.py:914} INFO - Processing file /home/airflow/.local/lib/python3.12/site-packages/airflow/example_dags/example_branch_python_dop_operator_3.py for tasks to queue
[2024-09-12T15:37:51.649+0000] {logging_mixin.py:190} INFO - [2024-09-12T15:37:51.648+0000] {dagbag.py:587} INFO - Filling up the DagBag from /home/airflow/.local/lib/python3.12/site-packages/airflow/example_dags/example_branch_python_dop_operator_3.py
[2024-09-12T15:37:51.740+0000] {processor.py:925} INFO - DAG(s) 'example_branch_dop_operator_v3' retrieved from /home/airflow/.local/lib/python3.12/site-packages/airflow/example_dags/example_branch_python_dop_operator_3.py
[2024-09-12T15:37:52.073+0000] {logging_mixin.py:190} INFO - [2024-09-12T15:37:52.072+0000] {dag.py:3211} INFO - Sync 1 DAGs
[2024-09-12T15:37:52.257+0000] {logging_mixin.py:190} INFO - [2024-09-12T15:37:52.256+0000] {dag.py:4138} INFO - Setting next_dagrun for example_branch_dop_operator_v3 to 2024-09-12 15:36:00+00:00, run_after=2024-09-12 15:37:00+00:00
[2024-09-12T15:37:52.724+0000] {processor.py:208} INFO - Processing /home/airflow/.local/lib/python3.12/site-packages/airflow/example_dags/example_branch_python_dop_operator_3.py took 1.116 seconds
[2024-09-12T15:38:58.978+0000] {processor.py:186} INFO - Started process (PID=1726) to work on /home/airflow/.local/lib/python3.12/site-packages/airflow/example_dags/example_branch_python_dop_operator_3.py
[2024-09-12T15:38:58.992+0000] {processor.py:914} INFO - Processing file /home/airflow/.local/lib/python3.12/site-packages/airflow/example_dags/example_branch_python_dop_operator_3.py for tasks to queue
[2024-09-12T15:38:59.010+0000] {logging_mixin.py:190} INFO - [2024-09-12T15:38:59.009+0000] {dagbag.py:587} INFO - Filling up the DagBag from /home/airflow/.local/lib/python3.12/site-packages/airflow/example_dags/example_branch_python_dop_operator_3.py
[2024-09-12T15:38:59.455+0000] {processor.py:925} INFO - DAG(s) 'example_branch_dop_operator_v3' retrieved from /home/airflow/.local/lib/python3.12/site-packages/airflow/example_dags/example_branch_python_dop_operator_3.py
[2024-09-12T15:39:00.077+0000] {logging_mixin.py:190} INFO - [2024-09-12T15:39:00.077+0000] {dag.py:3211} INFO - Sync 1 DAGs
[2024-09-12T15:39:00.419+0000] {logging_mixin.py:190} INFO - [2024-09-12T15:39:00.400+0000] {dag.py:4138} INFO - Setting next_dagrun for example_branch_dop_operator_v3 to 2024-09-12 15:38:00+00:00, run_after=2024-09-12 15:39:00+00:00
[2024-09-12T15:39:00.830+0000] {processor.py:208} INFO - Processing /home/airflow/.local/lib/python3.12/site-packages/airflow/example_dags/example_branch_python_dop_operator_3.py took 1.930 seconds
[2024-09-12T15:39:42.683+0000] {processor.py:186} INFO - Started process (PID=1774) to work on /home/airflow/.local/lib/python3.12/site-packages/airflow/example_dags/example_branch_python_dop_operator_3.py
[2024-09-12T15:39:42.691+0000] {processor.py:914} INFO - Processing file /home/airflow/.local/lib/python3.12/site-packages/airflow/example_dags/example_branch_python_dop_operator_3.py for tasks to queue
[2024-09-12T15:39:42.713+0000] {logging_mixin.py:190} INFO - [2024-09-12T15:39:42.712+0000] {dagbag.py:587} INFO - Filling up the DagBag from /home/airflow/.local/lib/python3.12/site-packages/airflow/example_dags/example_branch_python_dop_operator_3.py
[2024-09-12T15:39:42.821+0000] {processor.py:925} INFO - DAG(s) 'example_branch_dop_operator_v3' retrieved from /home/airflow/.local/lib/python3.12/site-packages/airflow/example_dags/example_branch_python_dop_operator_3.py
[2024-09-12T15:39:43.063+0000] {logging_mixin.py:190} INFO - [2024-09-12T15:39:43.062+0000] {dag.py:3211} INFO - Sync 1 DAGs
[2024-09-12T15:39:43.441+0000] {logging_mixin.py:190} INFO - [2024-09-12T15:39:43.440+0000] {dag.py:4138} INFO - Setting next_dagrun for example_branch_dop_operator_v3 to 2024-09-12 15:38:00+00:00, run_after=2024-09-12 15:39:00+00:00
[2024-09-12T15:39:43.732+0000] {processor.py:208} INFO - Processing /home/airflow/.local/lib/python3.12/site-packages/airflow/example_dags/example_branch_python_dop_operator_3.py took 1.108 seconds
[2024-09-12T15:41:06.537+0000] {processor.py:186} INFO - Started process (PID=1831) to work on /home/airflow/.local/lib/python3.12/site-packages/airflow/example_dags/example_branch_python_dop_operator_3.py
[2024-09-12T15:41:06.552+0000] {processor.py:914} INFO - Processing file /home/airflow/.local/lib/python3.12/site-packages/airflow/example_dags/example_branch_python_dop_operator_3.py for tasks to queue
[2024-09-12T15:41:06.589+0000] {logging_mixin.py:190} INFO - [2024-09-12T15:41:06.588+0000] {dagbag.py:587} INFO - Filling up the DagBag from /home/airflow/.local/lib/python3.12/site-packages/airflow/example_dags/example_branch_python_dop_operator_3.py
[2024-09-12T15:41:06.891+0000] {processor.py:925} INFO - DAG(s) 'example_branch_dop_operator_v3' retrieved from /home/airflow/.local/lib/python3.12/site-packages/airflow/example_dags/example_branch_python_dop_operator_3.py
[2024-09-12T15:41:07.349+0000] {logging_mixin.py:190} INFO - [2024-09-12T15:41:07.348+0000] {dag.py:3211} INFO - Sync 1 DAGs
[2024-09-12T15:41:07.810+0000] {logging_mixin.py:190} INFO - [2024-09-12T15:41:07.809+0000] {dag.py:4138} INFO - Setting next_dagrun for example_branch_dop_operator_v3 to 2024-09-12 15:40:00+00:00, run_after=2024-09-12 15:41:00+00:00
[2024-09-12T15:41:08.145+0000] {processor.py:208} INFO - Processing /home/airflow/.local/lib/python3.12/site-packages/airflow/example_dags/example_branch_python_dop_operator_3.py took 1.695 seconds
[2024-09-12T15:44:32.345+0000] {processor.py:186} INFO - Started process (PID=1896) to work on /home/airflow/.local/lib/python3.12/site-packages/airflow/example_dags/example_branch_python_dop_operator_3.py
[2024-09-12T15:44:32.364+0000] {processor.py:914} INFO - Processing file /home/airflow/.local/lib/python3.12/site-packages/airflow/example_dags/example_branch_python_dop_operator_3.py for tasks to queue
[2024-09-12T15:44:32.385+0000] {logging_mixin.py:190} INFO - [2024-09-12T15:44:32.384+0000] {dagbag.py:587} INFO - Filling up the DagBag from /home/airflow/.local/lib/python3.12/site-packages/airflow/example_dags/example_branch_python_dop_operator_3.py
[2024-09-12T15:44:32.495+0000] {processor.py:925} INFO - DAG(s) 'example_branch_dop_operator_v3' retrieved from /home/airflow/.local/lib/python3.12/site-packages/airflow/example_dags/example_branch_python_dop_operator_3.py
[2024-09-12T15:44:32.678+0000] {logging_mixin.py:190} INFO - [2024-09-12T15:44:32.677+0000] {dag.py:3211} INFO - Sync 1 DAGs
[2024-09-12T15:44:32.994+0000] {logging_mixin.py:190} INFO - [2024-09-12T15:44:32.993+0000] {dag.py:4138} INFO - Setting next_dagrun for example_branch_dop_operator_v3 to 2024-09-12 15:43:00+00:00, run_after=2024-09-12 15:44:00+00:00
[2024-09-12T15:44:33.212+0000] {processor.py:208} INFO - Processing /home/airflow/.local/lib/python3.12/site-packages/airflow/example_dags/example_branch_python_dop_operator_3.py took 0.918 seconds
[2024-09-12T15:45:22.568+0000] {processor.py:186} INFO - Started process (PID=1965) to work on /home/airflow/.local/lib/python3.12/site-packages/airflow/example_dags/example_branch_python_dop_operator_3.py
[2024-09-12T15:45:22.582+0000] {processor.py:914} INFO - Processing file /home/airflow/.local/lib/python3.12/site-packages/airflow/example_dags/example_branch_python_dop_operator_3.py for tasks to queue
[2024-09-12T15:45:22.606+0000] {logging_mixin.py:190} INFO - [2024-09-12T15:45:22.597+0000] {dagbag.py:587} INFO - Filling up the DagBag from /home/airflow/.local/lib/python3.12/site-packages/airflow/example_dags/example_branch_python_dop_operator_3.py
[2024-09-12T15:45:22.791+0000] {processor.py:925} INFO - DAG(s) 'example_branch_dop_operator_v3' retrieved from /home/airflow/.local/lib/python3.12/site-packages/airflow/example_dags/example_branch_python_dop_operator_3.py
[2024-09-12T15:45:23.080+0000] {logging_mixin.py:190} INFO - [2024-09-12T15:45:23.079+0000] {dag.py:3211} INFO - Sync 1 DAGs
[2024-09-12T15:45:23.405+0000] {logging_mixin.py:190} INFO - [2024-09-12T15:45:23.405+0000] {dag.py:4138} INFO - Setting next_dagrun for example_branch_dop_operator_v3 to 2024-09-12 15:44:00+00:00, run_after=2024-09-12 15:45:00+00:00
[2024-09-12T15:45:23.588+0000] {processor.py:208} INFO - Processing /home/airflow/.local/lib/python3.12/site-packages/airflow/example_dags/example_branch_python_dop_operator_3.py took 1.077 seconds
[2024-09-12T15:46:26.166+0000] {processor.py:186} INFO - Started process (PID=2041) to work on /home/airflow/.local/lib/python3.12/site-packages/airflow/example_dags/example_branch_python_dop_operator_3.py
[2024-09-12T15:46:26.182+0000] {processor.py:914} INFO - Processing file /home/airflow/.local/lib/python3.12/site-packages/airflow/example_dags/example_branch_python_dop_operator_3.py for tasks to queue
[2024-09-12T15:46:26.203+0000] {logging_mixin.py:190} INFO - [2024-09-12T15:46:26.185+0000] {dagbag.py:587} INFO - Filling up the DagBag from /home/airflow/.local/lib/python3.12/site-packages/airflow/example_dags/example_branch_python_dop_operator_3.py
[2024-09-12T15:46:26.398+0000] {processor.py:925} INFO - DAG(s) 'example_branch_dop_operator_v3' retrieved from /home/airflow/.local/lib/python3.12/site-packages/airflow/example_dags/example_branch_python_dop_operator_3.py
[2024-09-12T15:46:26.718+0000] {logging_mixin.py:190} INFO - [2024-09-12T15:46:26.714+0000] {dag.py:3211} INFO - Sync 1 DAGs
[2024-09-12T15:46:27.007+0000] {logging_mixin.py:190} INFO - [2024-09-12T15:46:27.007+0000] {dag.py:4138} INFO - Setting next_dagrun for example_branch_dop_operator_v3 to 2024-09-12 15:45:00+00:00, run_after=2024-09-12 15:46:00+00:00
[2024-09-12T15:46:27.203+0000] {processor.py:208} INFO - Processing /home/airflow/.local/lib/python3.12/site-packages/airflow/example_dags/example_branch_python_dop_operator_3.py took 1.078 seconds
[2024-09-12T15:47:15.601+0000] {processor.py:186} INFO - Started process (PID=2104) to work on /home/airflow/.local/lib/python3.12/site-packages/airflow/example_dags/example_branch_python_dop_operator_3.py
[2024-09-12T15:47:15.629+0000] {processor.py:914} INFO - Processing file /home/airflow/.local/lib/python3.12/site-packages/airflow/example_dags/example_branch_python_dop_operator_3.py for tasks to queue
[2024-09-12T15:47:15.661+0000] {logging_mixin.py:190} INFO - [2024-09-12T15:47:15.660+0000] {dagbag.py:587} INFO - Filling up the DagBag from /home/airflow/.local/lib/python3.12/site-packages/airflow/example_dags/example_branch_python_dop_operator_3.py
[2024-09-12T15:47:15.769+0000] {processor.py:925} INFO - DAG(s) 'example_branch_dop_operator_v3' retrieved from /home/airflow/.local/lib/python3.12/site-packages/airflow/example_dags/example_branch_python_dop_operator_3.py
[2024-09-12T15:47:16.006+0000] {logging_mixin.py:190} INFO - [2024-09-12T15:47:16.006+0000] {dag.py:3211} INFO - Sync 1 DAGs
[2024-09-12T15:47:16.219+0000] {logging_mixin.py:190} INFO - [2024-09-12T15:47:16.218+0000] {dag.py:4138} INFO - Setting next_dagrun for example_branch_dop_operator_v3 to 2024-09-12 15:46:00+00:00, run_after=2024-09-12 15:47:00+00:00
[2024-09-12T15:47:16.450+0000] {processor.py:208} INFO - Processing /home/airflow/.local/lib/python3.12/site-packages/airflow/example_dags/example_branch_python_dop_operator_3.py took 0.931 seconds
[2024-09-12T15:48:09.449+0000] {processor.py:186} INFO - Started process (PID=2178) to work on /home/airflow/.local/lib/python3.12/site-packages/airflow/example_dags/example_branch_python_dop_operator_3.py
[2024-09-12T15:48:09.462+0000] {processor.py:914} INFO - Processing file /home/airflow/.local/lib/python3.12/site-packages/airflow/example_dags/example_branch_python_dop_operator_3.py for tasks to queue
[2024-09-12T15:48:09.484+0000] {logging_mixin.py:190} INFO - [2024-09-12T15:48:09.483+0000] {dagbag.py:587} INFO - Filling up the DagBag from /home/airflow/.local/lib/python3.12/site-packages/airflow/example_dags/example_branch_python_dop_operator_3.py
[2024-09-12T15:48:09.705+0000] {processor.py:925} INFO - DAG(s) 'example_branch_dop_operator_v3' retrieved from /home/airflow/.local/lib/python3.12/site-packages/airflow/example_dags/example_branch_python_dop_operator_3.py
[2024-09-12T15:48:09.914+0000] {logging_mixin.py:190} INFO - [2024-09-12T15:48:09.913+0000] {dag.py:3211} INFO - Sync 1 DAGs
[2024-09-12T15:48:10.098+0000] {logging_mixin.py:190} INFO - [2024-09-12T15:48:10.095+0000] {dag.py:4138} INFO - Setting next_dagrun for example_branch_dop_operator_v3 to 2024-09-12 15:47:00+00:00, run_after=2024-09-12 15:48:00+00:00
[2024-09-12T15:48:10.247+0000] {processor.py:208} INFO - Processing /home/airflow/.local/lib/python3.12/site-packages/airflow/example_dags/example_branch_python_dop_operator_3.py took 0.880 seconds
[2024-09-12T15:48:42.648+0000] {processor.py:186} INFO - Started process (PID=2223) to work on /home/airflow/.local/lib/python3.12/site-packages/airflow/example_dags/example_branch_python_dop_operator_3.py
[2024-09-12T15:48:42.652+0000] {processor.py:914} INFO - Processing file /home/airflow/.local/lib/python3.12/site-packages/airflow/example_dags/example_branch_python_dop_operator_3.py for tasks to queue
[2024-09-12T15:48:42.674+0000] {logging_mixin.py:190} INFO - [2024-09-12T15:48:42.673+0000] {dagbag.py:587} INFO - Filling up the DagBag from /home/airflow/.local/lib/python3.12/site-packages/airflow/example_dags/example_branch_python_dop_operator_3.py
[2024-09-12T15:48:42.842+0000] {processor.py:925} INFO - DAG(s) 'example_branch_dop_operator_v3' retrieved from /home/airflow/.local/lib/python3.12/site-packages/airflow/example_dags/example_branch_python_dop_operator_3.py
[2024-09-12T15:48:43.007+0000] {logging_mixin.py:190} INFO - [2024-09-12T15:48:43.006+0000] {dag.py:3211} INFO - Sync 1 DAGs
[2024-09-12T15:48:43.271+0000] {logging_mixin.py:190} INFO - [2024-09-12T15:48:43.270+0000] {dag.py:4138} INFO - Setting next_dagrun for example_branch_dop_operator_v3 to 2024-09-12 15:47:00+00:00, run_after=2024-09-12 15:48:00+00:00
[2024-09-12T15:48:43.451+0000] {processor.py:208} INFO - Processing /home/airflow/.local/lib/python3.12/site-packages/airflow/example_dags/example_branch_python_dop_operator_3.py took 0.855 seconds
[2024-09-12T15:49:43.693+0000] {processor.py:186} INFO - Started process (PID=2283) to work on /home/airflow/.local/lib/python3.12/site-packages/airflow/example_dags/example_branch_python_dop_operator_3.py
[2024-09-12T15:49:43.710+0000] {processor.py:914} INFO - Processing file /home/airflow/.local/lib/python3.12/site-packages/airflow/example_dags/example_branch_python_dop_operator_3.py for tasks to queue
[2024-09-12T15:49:43.728+0000] {logging_mixin.py:190} INFO - [2024-09-12T15:49:43.727+0000] {dagbag.py:587} INFO - Filling up the DagBag from /home/airflow/.local/lib/python3.12/site-packages/airflow/example_dags/example_branch_python_dop_operator_3.py
[2024-09-12T15:49:43.799+0000] {processor.py:925} INFO - DAG(s) 'example_branch_dop_operator_v3' retrieved from /home/airflow/.local/lib/python3.12/site-packages/airflow/example_dags/example_branch_python_dop_operator_3.py
[2024-09-12T15:49:43.938+0000] {logging_mixin.py:190} INFO - [2024-09-12T15:49:43.937+0000] {dag.py:3211} INFO - Sync 1 DAGs
[2024-09-12T15:49:44.123+0000] {logging_mixin.py:190} INFO - [2024-09-12T15:49:44.122+0000] {dag.py:4138} INFO - Setting next_dagrun for example_branch_dop_operator_v3 to 2024-09-12 15:48:00+00:00, run_after=2024-09-12 15:49:00+00:00
[2024-09-12T15:49:44.207+0000] {processor.py:208} INFO - Processing /home/airflow/.local/lib/python3.12/site-packages/airflow/example_dags/example_branch_python_dop_operator_3.py took 0.569 seconds
[2024-09-12T15:50:22.933+0000] {processor.py:186} INFO - Started process (PID=2349) to work on /home/airflow/.local/lib/python3.12/site-packages/airflow/example_dags/example_branch_python_dop_operator_3.py
[2024-09-12T15:50:22.944+0000] {processor.py:914} INFO - Processing file /home/airflow/.local/lib/python3.12/site-packages/airflow/example_dags/example_branch_python_dop_operator_3.py for tasks to queue
[2024-09-12T15:50:22.947+0000] {logging_mixin.py:190} INFO - [2024-09-12T15:50:22.947+0000] {dagbag.py:587} INFO - Filling up the DagBag from /home/airflow/.local/lib/python3.12/site-packages/airflow/example_dags/example_branch_python_dop_operator_3.py
[2024-09-12T15:50:23.011+0000] {processor.py:925} INFO - DAG(s) 'example_branch_dop_operator_v3' retrieved from /home/airflow/.local/lib/python3.12/site-packages/airflow/example_dags/example_branch_python_dop_operator_3.py
[2024-09-12T15:50:23.150+0000] {logging_mixin.py:190} INFO - [2024-09-12T15:50:23.148+0000] {dag.py:3211} INFO - Sync 1 DAGs
[2024-09-12T15:50:23.344+0000] {logging_mixin.py:190} INFO - [2024-09-12T15:50:23.343+0000] {dag.py:4138} INFO - Setting next_dagrun for example_branch_dop_operator_v3 to 2024-09-12 15:49:00+00:00, run_after=2024-09-12 15:50:00+00:00
[2024-09-12T15:50:23.449+0000] {processor.py:208} INFO - Processing /home/airflow/.local/lib/python3.12/site-packages/airflow/example_dags/example_branch_python_dop_operator_3.py took 0.550 seconds
[2024-09-12T15:51:54.426+0000] {processor.py:186} INFO - Started process (PID=2437) to work on /home/airflow/.local/lib/python3.12/site-packages/airflow/example_dags/example_branch_python_dop_operator_3.py
[2024-09-12T15:51:54.434+0000] {processor.py:914} INFO - Processing file /home/airflow/.local/lib/python3.12/site-packages/airflow/example_dags/example_branch_python_dop_operator_3.py for tasks to queue
[2024-09-12T15:51:54.439+0000] {logging_mixin.py:190} INFO - [2024-09-12T15:51:54.438+0000] {dagbag.py:587} INFO - Filling up the DagBag from /home/airflow/.local/lib/python3.12/site-packages/airflow/example_dags/example_branch_python_dop_operator_3.py
[2024-09-12T15:51:54.486+0000] {processor.py:925} INFO - DAG(s) 'example_branch_dop_operator_v3' retrieved from /home/airflow/.local/lib/python3.12/site-packages/airflow/example_dags/example_branch_python_dop_operator_3.py
[2024-09-12T15:51:54.579+0000] {logging_mixin.py:190} INFO - [2024-09-12T15:51:54.578+0000] {dag.py:3211} INFO - Sync 1 DAGs
[2024-09-12T15:51:54.675+0000] {logging_mixin.py:190} INFO - [2024-09-12T15:51:54.674+0000] {dag.py:4138} INFO - Setting next_dagrun for example_branch_dop_operator_v3 to 2024-09-12 15:50:00+00:00, run_after=2024-09-12 15:51:00+00:00
[2024-09-12T15:51:54.754+0000] {processor.py:208} INFO - Processing /home/airflow/.local/lib/python3.12/site-packages/airflow/example_dags/example_branch_python_dop_operator_3.py took 0.350 seconds
[2024-09-12T15:52:26.481+0000] {processor.py:186} INFO - Started process (PID=2502) to work on /home/airflow/.local/lib/python3.12/site-packages/airflow/example_dags/example_branch_python_dop_operator_3.py
[2024-09-12T15:52:26.483+0000] {processor.py:914} INFO - Processing file /home/airflow/.local/lib/python3.12/site-packages/airflow/example_dags/example_branch_python_dop_operator_3.py for tasks to queue
[2024-09-12T15:52:26.493+0000] {logging_mixin.py:190} INFO - [2024-09-12T15:52:26.492+0000] {dagbag.py:587} INFO - Filling up the DagBag from /home/airflow/.local/lib/python3.12/site-packages/airflow/example_dags/example_branch_python_dop_operator_3.py
[2024-09-12T15:52:26.531+0000] {processor.py:925} INFO - DAG(s) 'example_branch_dop_operator_v3' retrieved from /home/airflow/.local/lib/python3.12/site-packages/airflow/example_dags/example_branch_python_dop_operator_3.py
[2024-09-12T15:52:26.635+0000] {logging_mixin.py:190} INFO - [2024-09-12T15:52:26.634+0000] {dag.py:3211} INFO - Sync 1 DAGs
[2024-09-12T15:52:26.785+0000] {logging_mixin.py:190} INFO - [2024-09-12T15:52:26.785+0000] {dag.py:4138} INFO - Setting next_dagrun for example_branch_dop_operator_v3 to 2024-09-12 15:51:00+00:00, run_after=2024-09-12 15:52:00+00:00
[2024-09-12T15:52:26.913+0000] {processor.py:208} INFO - Processing /home/airflow/.local/lib/python3.12/site-packages/airflow/example_dags/example_branch_python_dop_operator_3.py took 0.465 seconds
[2024-09-12T15:53:16.946+0000] {processor.py:186} INFO - Started process (PID=2576) to work on /home/airflow/.local/lib/python3.12/site-packages/airflow/example_dags/example_branch_python_dop_operator_3.py
[2024-09-12T15:53:16.952+0000] {processor.py:914} INFO - Processing file /home/airflow/.local/lib/python3.12/site-packages/airflow/example_dags/example_branch_python_dop_operator_3.py for tasks to queue
[2024-09-12T15:53:16.957+0000] {logging_mixin.py:190} INFO - [2024-09-12T15:53:16.955+0000] {dagbag.py:587} INFO - Filling up the DagBag from /home/airflow/.local/lib/python3.12/site-packages/airflow/example_dags/example_branch_python_dop_operator_3.py
[2024-09-12T15:53:17.012+0000] {processor.py:925} INFO - DAG(s) 'example_branch_dop_operator_v3' retrieved from /home/airflow/.local/lib/python3.12/site-packages/airflow/example_dags/example_branch_python_dop_operator_3.py
[2024-09-12T15:53:17.079+0000] {logging_mixin.py:190} INFO - [2024-09-12T15:53:17.078+0000] {dag.py:3211} INFO - Sync 1 DAGs
[2024-09-12T15:53:17.197+0000] {logging_mixin.py:190} INFO - [2024-09-12T15:53:17.197+0000] {dag.py:4138} INFO - Setting next_dagrun for example_branch_dop_operator_v3 to 2024-09-12 15:52:00+00:00, run_after=2024-09-12 15:53:00+00:00
[2024-09-12T15:53:17.397+0000] {processor.py:208} INFO - Processing /home/airflow/.local/lib/python3.12/site-packages/airflow/example_dags/example_branch_python_dop_operator_3.py took 0.475 seconds
[2024-09-12T15:53:49.493+0000] {processor.py:186} INFO - Started process (PID=2639) to work on /home/airflow/.local/lib/python3.12/site-packages/airflow/example_dags/example_branch_python_dop_operator_3.py
[2024-09-12T15:53:49.501+0000] {processor.py:914} INFO - Processing file /home/airflow/.local/lib/python3.12/site-packages/airflow/example_dags/example_branch_python_dop_operator_3.py for tasks to queue
[2024-09-12T15:53:49.507+0000] {logging_mixin.py:190} INFO - [2024-09-12T15:53:49.504+0000] {dagbag.py:587} INFO - Filling up the DagBag from /home/airflow/.local/lib/python3.12/site-packages/airflow/example_dags/example_branch_python_dop_operator_3.py
[2024-09-12T15:53:49.585+0000] {processor.py:925} INFO - DAG(s) 'example_branch_dop_operator_v3' retrieved from /home/airflow/.local/lib/python3.12/site-packages/airflow/example_dags/example_branch_python_dop_operator_3.py
[2024-09-12T15:53:49.883+0000] {logging_mixin.py:190} INFO - [2024-09-12T15:53:49.882+0000] {dag.py:3211} INFO - Sync 1 DAGs
[2024-09-12T15:53:50.062+0000] {logging_mixin.py:190} INFO - [2024-09-12T15:53:50.061+0000] {dag.py:4138} INFO - Setting next_dagrun for example_branch_dop_operator_v3 to 2024-09-12 15:52:00+00:00, run_after=2024-09-12 15:53:00+00:00
[2024-09-12T15:53:50.187+0000] {processor.py:208} INFO - Processing /home/airflow/.local/lib/python3.12/site-packages/airflow/example_dags/example_branch_python_dop_operator_3.py took 0.725 seconds
[2024-09-12T15:55:06.984+0000] {processor.py:186} INFO - Started process (PID=2706) to work on /home/airflow/.local/lib/python3.12/site-packages/airflow/example_dags/example_branch_python_dop_operator_3.py
[2024-09-12T15:55:06.997+0000] {processor.py:914} INFO - Processing file /home/airflow/.local/lib/python3.12/site-packages/airflow/example_dags/example_branch_python_dop_operator_3.py for tasks to queue
[2024-09-12T15:55:07.040+0000] {logging_mixin.py:190} INFO - [2024-09-12T15:55:07.033+0000] {dagbag.py:587} INFO - Filling up the DagBag from /home/airflow/.local/lib/python3.12/site-packages/airflow/example_dags/example_branch_python_dop_operator_3.py
[2024-09-12T15:55:07.181+0000] {processor.py:925} INFO - DAG(s) 'example_branch_dop_operator_v3' retrieved from /home/airflow/.local/lib/python3.12/site-packages/airflow/example_dags/example_branch_python_dop_operator_3.py
[2024-09-12T15:55:07.330+0000] {logging_mixin.py:190} INFO - [2024-09-12T15:55:07.330+0000] {dag.py:3211} INFO - Sync 1 DAGs
[2024-09-12T15:55:07.576+0000] {logging_mixin.py:190} INFO - [2024-09-12T15:55:07.575+0000] {dag.py:4138} INFO - Setting next_dagrun for example_branch_dop_operator_v3 to 2024-09-12 15:54:00+00:00, run_after=2024-09-12 15:55:00+00:00
[2024-09-12T15:55:07.707+0000] {processor.py:208} INFO - Processing /home/airflow/.local/lib/python3.12/site-packages/airflow/example_dags/example_branch_python_dop_operator_3.py took 0.765 seconds
[2024-09-12T15:55:44.196+0000] {processor.py:186} INFO - Started process (PID=2752) to work on /home/airflow/.local/lib/python3.12/site-packages/airflow/example_dags/example_branch_python_dop_operator_3.py
[2024-09-12T15:55:44.205+0000] {processor.py:914} INFO - Processing file /home/airflow/.local/lib/python3.12/site-packages/airflow/example_dags/example_branch_python_dop_operator_3.py for tasks to queue
[2024-09-12T15:55:44.212+0000] {logging_mixin.py:190} INFO - [2024-09-12T15:55:44.207+0000] {dagbag.py:587} INFO - Filling up the DagBag from /home/airflow/.local/lib/python3.12/site-packages/airflow/example_dags/example_branch_python_dop_operator_3.py
[2024-09-12T15:55:44.290+0000] {processor.py:925} INFO - DAG(s) 'example_branch_dop_operator_v3' retrieved from /home/airflow/.local/lib/python3.12/site-packages/airflow/example_dags/example_branch_python_dop_operator_3.py
[2024-09-12T15:55:44.463+0000] {logging_mixin.py:190} INFO - [2024-09-12T15:55:44.463+0000] {dag.py:3211} INFO - Sync 1 DAGs
[2024-09-12T15:55:44.597+0000] {logging_mixin.py:190} INFO - [2024-09-12T15:55:44.597+0000] {dag.py:4138} INFO - Setting next_dagrun for example_branch_dop_operator_v3 to 2024-09-12 15:54:00+00:00, run_after=2024-09-12 15:55:00+00:00
[2024-09-12T15:55:44.745+0000] {processor.py:208} INFO - Processing /home/airflow/.local/lib/python3.12/site-packages/airflow/example_dags/example_branch_python_dop_operator_3.py took 0.579 seconds
[2024-09-12T15:56:46.101+0000] {processor.py:186} INFO - Started process (PID=2815) to work on /home/airflow/.local/lib/python3.12/site-packages/airflow/example_dags/example_branch_python_dop_operator_3.py
[2024-09-12T15:56:46.107+0000] {processor.py:914} INFO - Processing file /home/airflow/.local/lib/python3.12/site-packages/airflow/example_dags/example_branch_python_dop_operator_3.py for tasks to queue
[2024-09-12T15:56:46.116+0000] {logging_mixin.py:190} INFO - [2024-09-12T15:56:46.116+0000] {dagbag.py:587} INFO - Filling up the DagBag from /home/airflow/.local/lib/python3.12/site-packages/airflow/example_dags/example_branch_python_dop_operator_3.py
[2024-09-12T15:56:46.237+0000] {processor.py:925} INFO - DAG(s) 'example_branch_dop_operator_v3' retrieved from /home/airflow/.local/lib/python3.12/site-packages/airflow/example_dags/example_branch_python_dop_operator_3.py
[2024-09-12T15:56:46.373+0000] {logging_mixin.py:190} INFO - [2024-09-12T15:56:46.372+0000] {dag.py:3211} INFO - Sync 1 DAGs
[2024-09-12T15:56:46.542+0000] {logging_mixin.py:190} INFO - [2024-09-12T15:56:46.542+0000] {dag.py:4138} INFO - Setting next_dagrun for example_branch_dop_operator_v3 to 2024-09-12 15:55:00+00:00, run_after=2024-09-12 15:56:00+00:00
[2024-09-12T15:56:46.676+0000] {processor.py:208} INFO - Processing /home/airflow/.local/lib/python3.12/site-packages/airflow/example_dags/example_branch_python_dop_operator_3.py took 0.624 seconds
[2024-09-12T15:57:17.500+0000] {processor.py:186} INFO - Started process (PID=2880) to work on /home/airflow/.local/lib/python3.12/site-packages/airflow/example_dags/example_branch_python_dop_operator_3.py
[2024-09-12T15:57:17.528+0000] {processor.py:914} INFO - Processing file /home/airflow/.local/lib/python3.12/site-packages/airflow/example_dags/example_branch_python_dop_operator_3.py for tasks to queue
[2024-09-12T15:57:17.533+0000] {logging_mixin.py:190} INFO - [2024-09-12T15:57:17.532+0000] {dagbag.py:587} INFO - Filling up the DagBag from /home/airflow/.local/lib/python3.12/site-packages/airflow/example_dags/example_branch_python_dop_operator_3.py
[2024-09-12T15:57:17.590+0000] {processor.py:925} INFO - DAG(s) 'example_branch_dop_operator_v3' retrieved from /home/airflow/.local/lib/python3.12/site-packages/airflow/example_dags/example_branch_python_dop_operator_3.py
[2024-09-12T15:57:17.898+0000] {logging_mixin.py:190} INFO - [2024-09-12T15:57:17.898+0000] {dag.py:3211} INFO - Sync 1 DAGs
[2024-09-12T15:57:18.115+0000] {logging_mixin.py:190} INFO - [2024-09-12T15:57:18.115+0000] {dag.py:4138} INFO - Setting next_dagrun for example_branch_dop_operator_v3 to 2024-09-12 15:56:00+00:00, run_after=2024-09-12 15:57:00+00:00
[2024-09-12T15:57:18.227+0000] {processor.py:208} INFO - Processing /home/airflow/.local/lib/python3.12/site-packages/airflow/example_dags/example_branch_python_dop_operator_3.py took 0.759 seconds
[2024-09-12T15:57:57.813+0000] {processor.py:186} INFO - Started process (PID=2938) to work on /home/airflow/.local/lib/python3.12/site-packages/airflow/example_dags/example_branch_python_dop_operator_3.py
[2024-09-12T15:57:57.830+0000] {processor.py:914} INFO - Processing file /home/airflow/.local/lib/python3.12/site-packages/airflow/example_dags/example_branch_python_dop_operator_3.py for tasks to queue
[2024-09-12T15:57:57.835+0000] {logging_mixin.py:190} INFO - [2024-09-12T15:57:57.834+0000] {dagbag.py:587} INFO - Filling up the DagBag from /home/airflow/.local/lib/python3.12/site-packages/airflow/example_dags/example_branch_python_dop_operator_3.py
[2024-09-12T15:57:57.962+0000] {processor.py:925} INFO - DAG(s) 'example_branch_dop_operator_v3' retrieved from /home/airflow/.local/lib/python3.12/site-packages/airflow/example_dags/example_branch_python_dop_operator_3.py
[2024-09-12T15:57:58.105+0000] {logging_mixin.py:190} INFO - [2024-09-12T15:57:58.104+0000] {dag.py:3211} INFO - Sync 1 DAGs
[2024-09-12T15:57:58.309+0000] {logging_mixin.py:190} INFO - [2024-09-12T15:57:58.308+0000] {dag.py:4138} INFO - Setting next_dagrun for example_branch_dop_operator_v3 to 2024-09-12 15:56:00+00:00, run_after=2024-09-12 15:57:00+00:00
[2024-09-12T15:57:58.470+0000] {processor.py:208} INFO - Processing /home/airflow/.local/lib/python3.12/site-packages/airflow/example_dags/example_branch_python_dop_operator_3.py took 0.683 seconds
[2024-09-12T15:59:16.763+0000] {processor.py:186} INFO - Started process (PID=3003) to work on /home/airflow/.local/lib/python3.12/site-packages/airflow/example_dags/example_branch_python_dop_operator_3.py
[2024-09-12T15:59:16.775+0000] {processor.py:914} INFO - Processing file /home/airflow/.local/lib/python3.12/site-packages/airflow/example_dags/example_branch_python_dop_operator_3.py for tasks to queue
[2024-09-12T15:59:16.778+0000] {logging_mixin.py:190} INFO - [2024-09-12T15:59:16.777+0000] {dagbag.py:587} INFO - Filling up the DagBag from /home/airflow/.local/lib/python3.12/site-packages/airflow/example_dags/example_branch_python_dop_operator_3.py
[2024-09-12T15:59:16.927+0000] {processor.py:925} INFO - DAG(s) 'example_branch_dop_operator_v3' retrieved from /home/airflow/.local/lib/python3.12/site-packages/airflow/example_dags/example_branch_python_dop_operator_3.py
[2024-09-12T15:59:17.134+0000] {logging_mixin.py:190} INFO - [2024-09-12T15:59:17.133+0000] {dag.py:3211} INFO - Sync 1 DAGs
[2024-09-12T15:59:17.605+0000] {logging_mixin.py:190} INFO - [2024-09-12T15:59:17.604+0000] {dag.py:4138} INFO - Setting next_dagrun for example_branch_dop_operator_v3 to 2024-09-12 15:58:00+00:00, run_after=2024-09-12 15:59:00+00:00
[2024-09-12T15:59:17.914+0000] {processor.py:208} INFO - Processing /home/airflow/.local/lib/python3.12/site-packages/airflow/example_dags/example_branch_python_dop_operator_3.py took 1.252 seconds
[2024-09-12T16:00:16.054+0000] {processor.py:186} INFO - Started process (PID=3079) to work on /home/airflow/.local/lib/python3.12/site-packages/airflow/example_dags/example_branch_python_dop_operator_3.py
[2024-09-12T16:00:16.058+0000] {processor.py:914} INFO - Processing file /home/airflow/.local/lib/python3.12/site-packages/airflow/example_dags/example_branch_python_dop_operator_3.py for tasks to queue
[2024-09-12T16:00:16.062+0000] {logging_mixin.py:190} INFO - [2024-09-12T16:00:16.061+0000] {dagbag.py:587} INFO - Filling up the DagBag from /home/airflow/.local/lib/python3.12/site-packages/airflow/example_dags/example_branch_python_dop_operator_3.py
[2024-09-12T16:00:16.121+0000] {processor.py:925} INFO - DAG(s) 'example_branch_dop_operator_v3' retrieved from /home/airflow/.local/lib/python3.12/site-packages/airflow/example_dags/example_branch_python_dop_operator_3.py
[2024-09-12T16:00:16.248+0000] {logging_mixin.py:190} INFO - [2024-09-12T16:00:16.248+0000] {dag.py:3211} INFO - Sync 1 DAGs
[2024-09-12T16:00:16.374+0000] {logging_mixin.py:190} INFO - [2024-09-12T16:00:16.373+0000] {dag.py:4138} INFO - Setting next_dagrun for example_branch_dop_operator_v3 to 2024-09-12 15:59:00+00:00, run_after=2024-09-12 16:00:00+00:00
[2024-09-12T16:00:16.483+0000] {processor.py:208} INFO - Processing /home/airflow/.local/lib/python3.12/site-packages/airflow/example_dags/example_branch_python_dop_operator_3.py took 0.462 seconds
[2024-09-12T16:00:55.580+0000] {processor.py:186} INFO - Started process (PID=3144) to work on /home/airflow/.local/lib/python3.12/site-packages/airflow/example_dags/example_branch_python_dop_operator_3.py
[2024-09-12T16:00:55.594+0000] {processor.py:914} INFO - Processing file /home/airflow/.local/lib/python3.12/site-packages/airflow/example_dags/example_branch_python_dop_operator_3.py for tasks to queue
[2024-09-12T16:00:55.600+0000] {logging_mixin.py:190} INFO - [2024-09-12T16:00:55.599+0000] {dagbag.py:587} INFO - Filling up the DagBag from /home/airflow/.local/lib/python3.12/site-packages/airflow/example_dags/example_branch_python_dop_operator_3.py
[2024-09-12T16:00:55.656+0000] {processor.py:925} INFO - DAG(s) 'example_branch_dop_operator_v3' retrieved from /home/airflow/.local/lib/python3.12/site-packages/airflow/example_dags/example_branch_python_dop_operator_3.py
[2024-09-12T16:00:55.825+0000] {logging_mixin.py:190} INFO - [2024-09-12T16:00:55.824+0000] {dag.py:3211} INFO - Sync 1 DAGs
[2024-09-12T16:00:56.006+0000] {logging_mixin.py:190} INFO - [2024-09-12T16:00:56.005+0000] {dag.py:4138} INFO - Setting next_dagrun for example_branch_dop_operator_v3 to 2024-09-12 15:59:00+00:00, run_after=2024-09-12 16:00:00+00:00
[2024-09-12T16:00:56.079+0000] {processor.py:208} INFO - Processing /home/airflow/.local/lib/python3.12/site-packages/airflow/example_dags/example_branch_python_dop_operator_3.py took 0.526 seconds
[2024-09-12T16:01:49.967+0000] {processor.py:186} INFO - Started process (PID=3208) to work on /home/airflow/.local/lib/python3.12/site-packages/airflow/example_dags/example_branch_python_dop_operator_3.py
[2024-09-12T16:01:50.013+0000] {processor.py:914} INFO - Processing file /home/airflow/.local/lib/python3.12/site-packages/airflow/example_dags/example_branch_python_dop_operator_3.py for tasks to queue
[2024-09-12T16:01:50.017+0000] {logging_mixin.py:190} INFO - [2024-09-12T16:01:50.016+0000] {dagbag.py:587} INFO - Filling up the DagBag from /home/airflow/.local/lib/python3.12/site-packages/airflow/example_dags/example_branch_python_dop_operator_3.py
[2024-09-12T16:01:50.184+0000] {processor.py:925} INFO - DAG(s) 'example_branch_dop_operator_v3' retrieved from /home/airflow/.local/lib/python3.12/site-packages/airflow/example_dags/example_branch_python_dop_operator_3.py
[2024-09-12T16:01:50.596+0000] {logging_mixin.py:190} INFO - [2024-09-12T16:01:50.595+0000] {dag.py:3211} INFO - Sync 1 DAGs
[2024-09-12T16:01:50.927+0000] {logging_mixin.py:190} INFO - [2024-09-12T16:01:50.906+0000] {dag.py:4138} INFO - Setting next_dagrun for example_branch_dop_operator_v3 to 2024-09-12 16:00:00+00:00, run_after=2024-09-12 16:01:00+00:00
[2024-09-12T16:01:52.299+0000] {processor.py:208} INFO - Processing /home/airflow/.local/lib/python3.12/site-packages/airflow/example_dags/example_branch_python_dop_operator_3.py took 2.370 seconds
[2024-09-12T16:03:26.392+0000] {processor.py:186} INFO - Started process (PID=3303) to work on /home/airflow/.local/lib/python3.12/site-packages/airflow/example_dags/example_branch_python_dop_operator_3.py
[2024-09-12T16:03:26.400+0000] {processor.py:914} INFO - Processing file /home/airflow/.local/lib/python3.12/site-packages/airflow/example_dags/example_branch_python_dop_operator_3.py for tasks to queue
[2024-09-12T16:03:26.406+0000] {logging_mixin.py:190} INFO - [2024-09-12T16:03:26.405+0000] {dagbag.py:587} INFO - Filling up the DagBag from /home/airflow/.local/lib/python3.12/site-packages/airflow/example_dags/example_branch_python_dop_operator_3.py
[2024-09-12T16:03:26.488+0000] {processor.py:925} INFO - DAG(s) 'example_branch_dop_operator_v3' retrieved from /home/airflow/.local/lib/python3.12/site-packages/airflow/example_dags/example_branch_python_dop_operator_3.py
[2024-09-12T16:03:26.645+0000] {logging_mixin.py:190} INFO - [2024-09-12T16:03:26.644+0000] {dag.py:3211} INFO - Sync 1 DAGs
[2024-09-12T16:03:26.845+0000] {logging_mixin.py:190} INFO - [2024-09-12T16:03:26.844+0000] {dag.py:4138} INFO - Setting next_dagrun for example_branch_dop_operator_v3 to 2024-09-12 16:02:00+00:00, run_after=2024-09-12 16:03:00+00:00
[2024-09-12T16:03:27.043+0000] {processor.py:208} INFO - Processing /home/airflow/.local/lib/python3.12/site-packages/airflow/example_dags/example_branch_python_dop_operator_3.py took 0.687 seconds
[2024-09-12T16:04:02.103+0000] {processor.py:186} INFO - Started process (PID=3378) to work on /home/airflow/.local/lib/python3.12/site-packages/airflow/example_dags/example_branch_python_dop_operator_3.py
[2024-09-12T16:04:02.109+0000] {processor.py:914} INFO - Processing file /home/airflow/.local/lib/python3.12/site-packages/airflow/example_dags/example_branch_python_dop_operator_3.py for tasks to queue
[2024-09-12T16:04:02.115+0000] {logging_mixin.py:190} INFO - [2024-09-12T16:04:02.113+0000] {dagbag.py:587} INFO - Filling up the DagBag from /home/airflow/.local/lib/python3.12/site-packages/airflow/example_dags/example_branch_python_dop_operator_3.py
[2024-09-12T16:04:02.241+0000] {processor.py:925} INFO - DAG(s) 'example_branch_dop_operator_v3' retrieved from /home/airflow/.local/lib/python3.12/site-packages/airflow/example_dags/example_branch_python_dop_operator_3.py
[2024-09-12T16:04:02.345+0000] {logging_mixin.py:190} INFO - [2024-09-12T16:04:02.344+0000] {dag.py:3211} INFO - Sync 1 DAGs
[2024-09-12T16:04:02.489+0000] {logging_mixin.py:190} INFO - [2024-09-12T16:04:02.489+0000] {dag.py:4138} INFO - Setting next_dagrun for example_branch_dop_operator_v3 to 2024-09-12 16:03:00+00:00, run_after=2024-09-12 16:04:00+00:00
[2024-09-12T16:04:04.112+0000] {processor.py:208} INFO - Processing /home/airflow/.local/lib/python3.12/site-packages/airflow/example_dags/example_branch_python_dop_operator_3.py took 2.037 seconds
[2024-09-12T16:05:47.815+0000] {processor.py:186} INFO - Started process (PID=3453) to work on /home/airflow/.local/lib/python3.12/site-packages/airflow/example_dags/example_branch_python_dop_operator_3.py
[2024-09-12T16:05:47.828+0000] {processor.py:914} INFO - Processing file /home/airflow/.local/lib/python3.12/site-packages/airflow/example_dags/example_branch_python_dop_operator_3.py for tasks to queue
[2024-09-12T16:05:47.837+0000] {logging_mixin.py:190} INFO - [2024-09-12T16:05:47.831+0000] {dagbag.py:587} INFO - Filling up the DagBag from /home/airflow/.local/lib/python3.12/site-packages/airflow/example_dags/example_branch_python_dop_operator_3.py
[2024-09-12T16:05:47.919+0000] {processor.py:925} INFO - DAG(s) 'example_branch_dop_operator_v3' retrieved from /home/airflow/.local/lib/python3.12/site-packages/airflow/example_dags/example_branch_python_dop_operator_3.py
[2024-09-12T16:05:48.038+0000] {logging_mixin.py:190} INFO - [2024-09-12T16:05:48.038+0000] {dag.py:3211} INFO - Sync 1 DAGs
[2024-09-12T16:05:48.903+0000] {logging_mixin.py:190} INFO - [2024-09-12T16:05:48.903+0000] {dag.py:4138} INFO - Setting next_dagrun for example_branch_dop_operator_v3 to 2024-09-12 16:04:00+00:00, run_after=2024-09-12 16:05:00+00:00
[2024-09-12T16:05:48.971+0000] {processor.py:208} INFO - Processing /home/airflow/.local/lib/python3.12/site-packages/airflow/example_dags/example_branch_python_dop_operator_3.py took 1.198 seconds
[2024-09-12T16:07:39.384+0000] {processor.py:186} INFO - Started process (PID=3540) to work on /home/airflow/.local/lib/python3.12/site-packages/airflow/example_dags/example_branch_python_dop_operator_3.py
[2024-09-12T16:07:39.403+0000] {processor.py:914} INFO - Processing file /home/airflow/.local/lib/python3.12/site-packages/airflow/example_dags/example_branch_python_dop_operator_3.py for tasks to queue
[2024-09-12T16:07:39.415+0000] {logging_mixin.py:190} INFO - [2024-09-12T16:07:39.414+0000] {dagbag.py:587} INFO - Filling up the DagBag from /home/airflow/.local/lib/python3.12/site-packages/airflow/example_dags/example_branch_python_dop_operator_3.py
[2024-09-12T16:07:39.494+0000] {processor.py:925} INFO - DAG(s) 'example_branch_dop_operator_v3' retrieved from /home/airflow/.local/lib/python3.12/site-packages/airflow/example_dags/example_branch_python_dop_operator_3.py
[2024-09-12T16:07:39.837+0000] {logging_mixin.py:190} INFO - [2024-09-12T16:07:39.837+0000] {dag.py:3211} INFO - Sync 1 DAGs
[2024-09-12T16:07:40.252+0000] {logging_mixin.py:190} INFO - [2024-09-12T16:07:40.251+0000] {dag.py:4138} INFO - Setting next_dagrun for example_branch_dop_operator_v3 to 2024-09-12 16:06:00+00:00, run_after=2024-09-12 16:07:00+00:00
[2024-09-12T16:07:40.515+0000] {processor.py:208} INFO - Processing /home/airflow/.local/lib/python3.12/site-packages/airflow/example_dags/example_branch_python_dop_operator_3.py took 1.171 seconds
[2024-09-12T16:08:32.319+0000] {processor.py:186} INFO - Started process (PID=3606) to work on /home/airflow/.local/lib/python3.12/site-packages/airflow/example_dags/example_branch_python_dop_operator_3.py
[2024-09-12T16:08:32.322+0000] {processor.py:914} INFO - Processing file /home/airflow/.local/lib/python3.12/site-packages/airflow/example_dags/example_branch_python_dop_operator_3.py for tasks to queue
[2024-09-12T16:08:32.343+0000] {logging_mixin.py:190} INFO - [2024-09-12T16:08:32.342+0000] {dagbag.py:587} INFO - Filling up the DagBag from /home/airflow/.local/lib/python3.12/site-packages/airflow/example_dags/example_branch_python_dop_operator_3.py
[2024-09-12T16:08:32.477+0000] {processor.py:925} INFO - DAG(s) 'example_branch_dop_operator_v3' retrieved from /home/airflow/.local/lib/python3.12/site-packages/airflow/example_dags/example_branch_python_dop_operator_3.py
[2024-09-12T16:08:34.284+0000] {logging_mixin.py:190} INFO - [2024-09-12T16:08:34.262+0000] {dag.py:3211} INFO - Sync 1 DAGs
[2024-09-12T16:08:34.675+0000] {logging_mixin.py:190} INFO - [2024-09-12T16:08:34.675+0000] {dag.py:4138} INFO - Setting next_dagrun for example_branch_dop_operator_v3 to 2024-09-12 16:07:00+00:00, run_after=2024-09-12 16:08:00+00:00
[2024-09-12T16:08:34.833+0000] {processor.py:208} INFO - Processing /home/airflow/.local/lib/python3.12/site-packages/airflow/example_dags/example_branch_python_dop_operator_3.py took 2.545 seconds
[2024-09-12T16:09:12.467+0000] {processor.py:186} INFO - Started process (PID=3660) to work on /home/airflow/.local/lib/python3.12/site-packages/airflow/example_dags/example_branch_python_dop_operator_3.py
[2024-09-12T16:09:12.469+0000] {processor.py:914} INFO - Processing file /home/airflow/.local/lib/python3.12/site-packages/airflow/example_dags/example_branch_python_dop_operator_3.py for tasks to queue
[2024-09-12T16:09:12.472+0000] {logging_mixin.py:190} INFO - [2024-09-12T16:09:12.472+0000] {dagbag.py:587} INFO - Filling up the DagBag from /home/airflow/.local/lib/python3.12/site-packages/airflow/example_dags/example_branch_python_dop_operator_3.py
[2024-09-12T16:09:12.528+0000] {processor.py:925} INFO - DAG(s) 'example_branch_dop_operator_v3' retrieved from /home/airflow/.local/lib/python3.12/site-packages/airflow/example_dags/example_branch_python_dop_operator_3.py
[2024-09-12T16:09:12.676+0000] {logging_mixin.py:190} INFO - [2024-09-12T16:09:12.676+0000] {dag.py:3211} INFO - Sync 1 DAGs
[2024-09-12T16:09:12.780+0000] {logging_mixin.py:190} INFO - [2024-09-12T16:09:12.779+0000] {dag.py:4138} INFO - Setting next_dagrun for example_branch_dop_operator_v3 to 2024-09-12 16:08:00+00:00, run_after=2024-09-12 16:09:00+00:00
[2024-09-12T16:09:12.848+0000] {processor.py:208} INFO - Processing /home/airflow/.local/lib/python3.12/site-packages/airflow/example_dags/example_branch_python_dop_operator_3.py took 0.411 seconds
[2024-09-12T16:09:58.311+0000] {processor.py:186} INFO - Started process (PID=3730) to work on /home/airflow/.local/lib/python3.12/site-packages/airflow/example_dags/example_branch_python_dop_operator_3.py
[2024-09-12T16:09:58.338+0000] {processor.py:914} INFO - Processing file /home/airflow/.local/lib/python3.12/site-packages/airflow/example_dags/example_branch_python_dop_operator_3.py for tasks to queue
[2024-09-12T16:09:58.358+0000] {logging_mixin.py:190} INFO - [2024-09-12T16:09:58.357+0000] {dagbag.py:587} INFO - Filling up the DagBag from /home/airflow/.local/lib/python3.12/site-packages/airflow/example_dags/example_branch_python_dop_operator_3.py
[2024-09-12T16:09:58.465+0000] {processor.py:925} INFO - DAG(s) 'example_branch_dop_operator_v3' retrieved from /home/airflow/.local/lib/python3.12/site-packages/airflow/example_dags/example_branch_python_dop_operator_3.py
[2024-09-12T16:10:19.749+0000] {logging_mixin.py:190} INFO - [2024-09-12T16:10:19.748+0000] {dag.py:3211} INFO - Sync 1 DAGs
[2024-09-12T16:10:20.042+0000] {logging_mixin.py:190} INFO - [2024-09-12T16:10:20.041+0000] {dag.py:4138} INFO - Setting next_dagrun for example_branch_dop_operator_v3 to 2024-09-12 16:09:00+00:00, run_after=2024-09-12 16:10:00+00:00
[2024-09-12T16:10:20.228+0000] {processor.py:208} INFO - Processing /home/airflow/.local/lib/python3.12/site-packages/airflow/example_dags/example_branch_python_dop_operator_3.py took 21.969 seconds
[2024-09-12T16:10:52.095+0000] {processor.py:186} INFO - Started process (PID=3800) to work on /home/airflow/.local/lib/python3.12/site-packages/airflow/example_dags/example_branch_python_dop_operator_3.py
[2024-09-12T16:10:52.103+0000] {processor.py:914} INFO - Processing file /home/airflow/.local/lib/python3.12/site-packages/airflow/example_dags/example_branch_python_dop_operator_3.py for tasks to queue
[2024-09-12T16:10:52.110+0000] {logging_mixin.py:190} INFO - [2024-09-12T16:10:52.110+0000] {dagbag.py:587} INFO - Filling up the DagBag from /home/airflow/.local/lib/python3.12/site-packages/airflow/example_dags/example_branch_python_dop_operator_3.py
[2024-09-12T16:10:52.172+0000] {processor.py:925} INFO - DAG(s) 'example_branch_dop_operator_v3' retrieved from /home/airflow/.local/lib/python3.12/site-packages/airflow/example_dags/example_branch_python_dop_operator_3.py
[2024-09-12T16:10:52.308+0000] {logging_mixin.py:190} INFO - [2024-09-12T16:10:52.308+0000] {dag.py:3211} INFO - Sync 1 DAGs
[2024-09-12T16:10:52.468+0000] {logging_mixin.py:190} INFO - [2024-09-12T16:10:52.468+0000] {dag.py:4138} INFO - Setting next_dagrun for example_branch_dop_operator_v3 to 2024-09-12 16:09:00+00:00, run_after=2024-09-12 16:10:00+00:00
[2024-09-12T16:10:52.632+0000] {processor.py:208} INFO - Processing /home/airflow/.local/lib/python3.12/site-packages/airflow/example_dags/example_branch_python_dop_operator_3.py took 0.563 seconds
[2024-09-12T16:11:39.867+0000] {processor.py:186} INFO - Started process (PID=3868) to work on /home/airflow/.local/lib/python3.12/site-packages/airflow/example_dags/example_branch_python_dop_operator_3.py
[2024-09-12T16:11:39.871+0000] {processor.py:914} INFO - Processing file /home/airflow/.local/lib/python3.12/site-packages/airflow/example_dags/example_branch_python_dop_operator_3.py for tasks to queue
[2024-09-12T16:11:39.881+0000] {logging_mixin.py:190} INFO - [2024-09-12T16:11:39.878+0000] {dagbag.py:587} INFO - Filling up the DagBag from /home/airflow/.local/lib/python3.12/site-packages/airflow/example_dags/example_branch_python_dop_operator_3.py
[2024-09-12T16:11:39.939+0000] {processor.py:925} INFO - DAG(s) 'example_branch_dop_operator_v3' retrieved from /home/airflow/.local/lib/python3.12/site-packages/airflow/example_dags/example_branch_python_dop_operator_3.py
[2024-09-12T16:11:40.038+0000] {logging_mixin.py:190} INFO - [2024-09-12T16:11:40.038+0000] {dag.py:3211} INFO - Sync 1 DAGs
[2024-09-12T16:11:40.180+0000] {logging_mixin.py:190} INFO - [2024-09-12T16:11:40.180+0000] {dag.py:4138} INFO - Setting next_dagrun for example_branch_dop_operator_v3 to 2024-09-12 16:10:00+00:00, run_after=2024-09-12 16:11:00+00:00
[2024-09-12T16:11:40.272+0000] {processor.py:208} INFO - Processing /home/airflow/.local/lib/python3.12/site-packages/airflow/example_dags/example_branch_python_dop_operator_3.py took 0.433 seconds
[2024-09-12T16:12:38.876+0000] {processor.py:186} INFO - Started process (PID=3930) to work on /home/airflow/.local/lib/python3.12/site-packages/airflow/example_dags/example_branch_python_dop_operator_3.py
[2024-09-12T16:12:38.888+0000] {processor.py:914} INFO - Processing file /home/airflow/.local/lib/python3.12/site-packages/airflow/example_dags/example_branch_python_dop_operator_3.py for tasks to queue
[2024-09-12T16:12:38.926+0000] {logging_mixin.py:190} INFO - [2024-09-12T16:12:38.925+0000] {dagbag.py:587} INFO - Filling up the DagBag from /home/airflow/.local/lib/python3.12/site-packages/airflow/example_dags/example_branch_python_dop_operator_3.py
[2024-09-12T16:12:38.980+0000] {processor.py:925} INFO - DAG(s) 'example_branch_dop_operator_v3' retrieved from /home/airflow/.local/lib/python3.12/site-packages/airflow/example_dags/example_branch_python_dop_operator_3.py
[2024-09-12T16:12:39.142+0000] {logging_mixin.py:190} INFO - [2024-09-12T16:12:39.141+0000] {dag.py:3211} INFO - Sync 1 DAGs
[2024-09-12T16:12:39.361+0000] {logging_mixin.py:190} INFO - [2024-09-12T16:12:39.361+0000] {dag.py:4138} INFO - Setting next_dagrun for example_branch_dop_operator_v3 to 2024-09-12 16:11:00+00:00, run_after=2024-09-12 16:12:00+00:00
[2024-09-12T16:12:39.501+0000] {processor.py:208} INFO - Processing /home/airflow/.local/lib/python3.12/site-packages/airflow/example_dags/example_branch_python_dop_operator_3.py took 0.660 seconds
[2024-09-12T16:13:10.919+0000] {processor.py:186} INFO - Started process (PID=3996) to work on /home/airflow/.local/lib/python3.12/site-packages/airflow/example_dags/example_branch_python_dop_operator_3.py
[2024-09-12T16:13:10.932+0000] {processor.py:914} INFO - Processing file /home/airflow/.local/lib/python3.12/site-packages/airflow/example_dags/example_branch_python_dop_operator_3.py for tasks to queue
[2024-09-12T16:13:10.939+0000] {logging_mixin.py:190} INFO - [2024-09-12T16:13:10.938+0000] {dagbag.py:587} INFO - Filling up the DagBag from /home/airflow/.local/lib/python3.12/site-packages/airflow/example_dags/example_branch_python_dop_operator_3.py
[2024-09-12T16:13:11.019+0000] {processor.py:925} INFO - DAG(s) 'example_branch_dop_operator_v3' retrieved from /home/airflow/.local/lib/python3.12/site-packages/airflow/example_dags/example_branch_python_dop_operator_3.py
[2024-09-12T16:13:11.147+0000] {logging_mixin.py:190} INFO - [2024-09-12T16:13:11.147+0000] {dag.py:3211} INFO - Sync 1 DAGs
[2024-09-12T16:13:11.286+0000] {logging_mixin.py:190} INFO - [2024-09-12T16:13:11.286+0000] {dag.py:4138} INFO - Setting next_dagrun for example_branch_dop_operator_v3 to 2024-09-12 16:12:00+00:00, run_after=2024-09-12 16:13:00+00:00
[2024-09-12T16:13:11.394+0000] {processor.py:208} INFO - Processing /home/airflow/.local/lib/python3.12/site-packages/airflow/example_dags/example_branch_python_dop_operator_3.py took 0.514 seconds
[2024-09-12T16:13:48.713+0000] {processor.py:186} INFO - Started process (PID=4019) to work on /home/airflow/.local/lib/python3.12/site-packages/airflow/example_dags/example_branch_python_dop_operator_3.py
[2024-09-12T16:13:48.716+0000] {processor.py:914} INFO - Processing file /home/airflow/.local/lib/python3.12/site-packages/airflow/example_dags/example_branch_python_dop_operator_3.py for tasks to queue
[2024-09-12T16:13:48.720+0000] {logging_mixin.py:190} INFO - [2024-09-12T16:13:48.719+0000] {dagbag.py:587} INFO - Filling up the DagBag from /home/airflow/.local/lib/python3.12/site-packages/airflow/example_dags/example_branch_python_dop_operator_3.py
[2024-09-12T16:13:48.821+0000] {processor.py:925} INFO - DAG(s) 'example_branch_dop_operator_v3' retrieved from /home/airflow/.local/lib/python3.12/site-packages/airflow/example_dags/example_branch_python_dop_operator_3.py
[2024-09-12T16:13:49.074+0000] {logging_mixin.py:190} INFO - [2024-09-12T16:13:49.073+0000] {dag.py:3211} INFO - Sync 1 DAGs
[2024-09-12T16:13:49.247+0000] {logging_mixin.py:190} INFO - [2024-09-12T16:13:49.246+0000] {dag.py:4138} INFO - Setting next_dagrun for example_branch_dop_operator_v3 to 2024-09-12 16:12:00+00:00, run_after=2024-09-12 16:13:00+00:00
[2024-09-12T16:13:49.321+0000] {processor.py:208} INFO - Processing /home/airflow/.local/lib/python3.12/site-packages/airflow/example_dags/example_branch_python_dop_operator_3.py took 0.675 seconds
[2024-09-12T16:14:38.132+0000] {processor.py:186} INFO - Started process (PID=4079) to work on /home/airflow/.local/lib/python3.12/site-packages/airflow/example_dags/example_branch_python_dop_operator_3.py
[2024-09-12T16:14:38.146+0000] {processor.py:914} INFO - Processing file /home/airflow/.local/lib/python3.12/site-packages/airflow/example_dags/example_branch_python_dop_operator_3.py for tasks to queue
[2024-09-12T16:14:38.165+0000] {logging_mixin.py:190} INFO - [2024-09-12T16:14:38.164+0000] {dagbag.py:587} INFO - Filling up the DagBag from /home/airflow/.local/lib/python3.12/site-packages/airflow/example_dags/example_branch_python_dop_operator_3.py
[2024-09-12T16:14:38.250+0000] {processor.py:925} INFO - DAG(s) 'example_branch_dop_operator_v3' retrieved from /home/airflow/.local/lib/python3.12/site-packages/airflow/example_dags/example_branch_python_dop_operator_3.py
[2024-09-12T16:14:38.377+0000] {logging_mixin.py:190} INFO - [2024-09-12T16:14:38.377+0000] {dag.py:3211} INFO - Sync 1 DAGs
[2024-09-12T16:14:38.571+0000] {logging_mixin.py:190} INFO - [2024-09-12T16:14:38.571+0000] {dag.py:4138} INFO - Setting next_dagrun for example_branch_dop_operator_v3 to 2024-09-12 16:13:00+00:00, run_after=2024-09-12 16:14:00+00:00
[2024-09-12T16:14:38.724+0000] {processor.py:208} INFO - Processing /home/airflow/.local/lib/python3.12/site-packages/airflow/example_dags/example_branch_python_dop_operator_3.py took 0.619 seconds
[2024-09-12T16:15:10.180+0000] {processor.py:186} INFO - Started process (PID=4144) to work on /home/airflow/.local/lib/python3.12/site-packages/airflow/example_dags/example_branch_python_dop_operator_3.py
[2024-09-12T16:15:10.187+0000] {processor.py:914} INFO - Processing file /home/airflow/.local/lib/python3.12/site-packages/airflow/example_dags/example_branch_python_dop_operator_3.py for tasks to queue
[2024-09-12T16:15:10.197+0000] {logging_mixin.py:190} INFO - [2024-09-12T16:15:10.196+0000] {dagbag.py:587} INFO - Filling up the DagBag from /home/airflow/.local/lib/python3.12/site-packages/airflow/example_dags/example_branch_python_dop_operator_3.py
[2024-09-12T16:15:10.271+0000] {processor.py:925} INFO - DAG(s) 'example_branch_dop_operator_v3' retrieved from /home/airflow/.local/lib/python3.12/site-packages/airflow/example_dags/example_branch_python_dop_operator_3.py
[2024-09-12T16:15:10.349+0000] {logging_mixin.py:190} INFO - [2024-09-12T16:15:10.348+0000] {dag.py:3211} INFO - Sync 1 DAGs
[2024-09-12T16:15:10.519+0000] {logging_mixin.py:190} INFO - [2024-09-12T16:15:10.519+0000] {dag.py:4138} INFO - Setting next_dagrun for example_branch_dop_operator_v3 to 2024-09-12 16:14:00+00:00, run_after=2024-09-12 16:15:00+00:00
[2024-09-12T16:15:10.677+0000] {processor.py:208} INFO - Processing /home/airflow/.local/lib/python3.12/site-packages/airflow/example_dags/example_branch_python_dop_operator_3.py took 0.520 seconds
[2024-09-12T16:15:42.459+0000] {processor.py:186} INFO - Started process (PID=4214) to work on /home/airflow/.local/lib/python3.12/site-packages/airflow/example_dags/example_branch_python_dop_operator_3.py
[2024-09-12T16:15:42.464+0000] {processor.py:914} INFO - Processing file /home/airflow/.local/lib/python3.12/site-packages/airflow/example_dags/example_branch_python_dop_operator_3.py for tasks to queue
[2024-09-12T16:15:42.471+0000] {logging_mixin.py:190} INFO - [2024-09-12T16:15:42.469+0000] {dagbag.py:587} INFO - Filling up the DagBag from /home/airflow/.local/lib/python3.12/site-packages/airflow/example_dags/example_branch_python_dop_operator_3.py
[2024-09-12T16:15:42.547+0000] {processor.py:925} INFO - DAG(s) 'example_branch_dop_operator_v3' retrieved from /home/airflow/.local/lib/python3.12/site-packages/airflow/example_dags/example_branch_python_dop_operator_3.py
[2024-09-12T16:15:42.703+0000] {logging_mixin.py:190} INFO - [2024-09-12T16:15:42.702+0000] {dag.py:3211} INFO - Sync 1 DAGs
[2024-09-12T16:15:42.960+0000] {logging_mixin.py:190} INFO - [2024-09-12T16:15:42.959+0000] {dag.py:4138} INFO - Setting next_dagrun for example_branch_dop_operator_v3 to 2024-09-12 16:14:00+00:00, run_after=2024-09-12 16:15:00+00:00
[2024-09-12T16:15:43.220+0000] {processor.py:208} INFO - Processing /home/airflow/.local/lib/python3.12/site-packages/airflow/example_dags/example_branch_python_dop_operator_3.py took 0.793 seconds
[2024-09-12T16:16:31.501+0000] {processor.py:186} INFO - Started process (PID=4275) to work on /home/airflow/.local/lib/python3.12/site-packages/airflow/example_dags/example_branch_python_dop_operator_3.py
[2024-09-12T16:16:31.515+0000] {processor.py:914} INFO - Processing file /home/airflow/.local/lib/python3.12/site-packages/airflow/example_dags/example_branch_python_dop_operator_3.py for tasks to queue
[2024-09-12T16:16:31.520+0000] {logging_mixin.py:190} INFO - [2024-09-12T16:16:31.519+0000] {dagbag.py:587} INFO - Filling up the DagBag from /home/airflow/.local/lib/python3.12/site-packages/airflow/example_dags/example_branch_python_dop_operator_3.py
[2024-09-12T16:16:31.606+0000] {processor.py:925} INFO - DAG(s) 'example_branch_dop_operator_v3' retrieved from /home/airflow/.local/lib/python3.12/site-packages/airflow/example_dags/example_branch_python_dop_operator_3.py
[2024-09-12T16:16:31.705+0000] {logging_mixin.py:190} INFO - [2024-09-12T16:16:31.704+0000] {dag.py:3211} INFO - Sync 1 DAGs
[2024-09-12T16:16:31.988+0000] {logging_mixin.py:190} INFO - [2024-09-12T16:16:31.987+0000] {dag.py:4138} INFO - Setting next_dagrun for example_branch_dop_operator_v3 to 2024-09-12 16:15:00+00:00, run_after=2024-09-12 16:16:00+00:00
[2024-09-12T16:16:32.164+0000] {processor.py:208} INFO - Processing /home/airflow/.local/lib/python3.12/site-packages/airflow/example_dags/example_branch_python_dop_operator_3.py took 0.692 seconds
[2024-09-12T16:17:09.045+0000] {processor.py:186} INFO - Started process (PID=4342) to work on /home/airflow/.local/lib/python3.12/site-packages/airflow/example_dags/example_branch_python_dop_operator_3.py
[2024-09-12T16:17:09.052+0000] {processor.py:914} INFO - Processing file /home/airflow/.local/lib/python3.12/site-packages/airflow/example_dags/example_branch_python_dop_operator_3.py for tasks to queue
[2024-09-12T16:17:09.058+0000] {logging_mixin.py:190} INFO - [2024-09-12T16:17:09.057+0000] {dagbag.py:587} INFO - Filling up the DagBag from /home/airflow/.local/lib/python3.12/site-packages/airflow/example_dags/example_branch_python_dop_operator_3.py
[2024-09-12T16:17:09.222+0000] {processor.py:925} INFO - DAG(s) 'example_branch_dop_operator_v3' retrieved from /home/airflow/.local/lib/python3.12/site-packages/airflow/example_dags/example_branch_python_dop_operator_3.py
[2024-09-12T16:17:09.348+0000] {logging_mixin.py:190} INFO - [2024-09-12T16:17:09.348+0000] {dag.py:3211} INFO - Sync 1 DAGs
[2024-09-12T16:17:09.462+0000] {logging_mixin.py:190} INFO - [2024-09-12T16:17:09.462+0000] {dag.py:4138} INFO - Setting next_dagrun for example_branch_dop_operator_v3 to 2024-09-12 16:16:00+00:00, run_after=2024-09-12 16:17:00+00:00
[2024-09-12T16:17:09.535+0000] {processor.py:208} INFO - Processing /home/airflow/.local/lib/python3.12/site-packages/airflow/example_dags/example_branch_python_dop_operator_3.py took 0.521 seconds
[2024-09-12T16:17:52.097+0000] {processor.py:186} INFO - Started process (PID=4406) to work on /home/airflow/.local/lib/python3.12/site-packages/airflow/example_dags/example_branch_python_dop_operator_3.py
[2024-09-12T16:17:52.113+0000] {processor.py:914} INFO - Processing file /home/airflow/.local/lib/python3.12/site-packages/airflow/example_dags/example_branch_python_dop_operator_3.py for tasks to queue
[2024-09-12T16:17:52.121+0000] {logging_mixin.py:190} INFO - [2024-09-12T16:17:52.120+0000] {dagbag.py:587} INFO - Filling up the DagBag from /home/airflow/.local/lib/python3.12/site-packages/airflow/example_dags/example_branch_python_dop_operator_3.py
[2024-09-12T16:17:52.222+0000] {processor.py:925} INFO - DAG(s) 'example_branch_dop_operator_v3' retrieved from /home/airflow/.local/lib/python3.12/site-packages/airflow/example_dags/example_branch_python_dop_operator_3.py
[2024-09-12T16:17:52.318+0000] {logging_mixin.py:190} INFO - [2024-09-12T16:17:52.317+0000] {dag.py:3211} INFO - Sync 1 DAGs
[2024-09-12T16:17:52.484+0000] {logging_mixin.py:190} INFO - [2024-09-12T16:17:52.483+0000] {dag.py:4138} INFO - Setting next_dagrun for example_branch_dop_operator_v3 to 2024-09-12 16:16:00+00:00, run_after=2024-09-12 16:17:00+00:00
[2024-09-12T16:17:52.607+0000] {processor.py:208} INFO - Processing /home/airflow/.local/lib/python3.12/site-packages/airflow/example_dags/example_branch_python_dop_operator_3.py took 0.542 seconds
[2024-09-12T16:18:37.502+0000] {processor.py:186} INFO - Started process (PID=4461) to work on /home/airflow/.local/lib/python3.12/site-packages/airflow/example_dags/example_branch_python_dop_operator_3.py
[2024-09-12T16:18:37.520+0000] {processor.py:914} INFO - Processing file /home/airflow/.local/lib/python3.12/site-packages/airflow/example_dags/example_branch_python_dop_operator_3.py for tasks to queue
[2024-09-12T16:18:37.568+0000] {logging_mixin.py:190} INFO - [2024-09-12T16:18:37.566+0000] {dagbag.py:587} INFO - Filling up the DagBag from /home/airflow/.local/lib/python3.12/site-packages/airflow/example_dags/example_branch_python_dop_operator_3.py
[2024-09-12T16:18:37.799+0000] {processor.py:925} INFO - DAG(s) 'example_branch_dop_operator_v3' retrieved from /home/airflow/.local/lib/python3.12/site-packages/airflow/example_dags/example_branch_python_dop_operator_3.py
[2024-09-12T16:18:38.081+0000] {logging_mixin.py:190} INFO - [2024-09-12T16:18:38.081+0000] {dag.py:3211} INFO - Sync 1 DAGs
[2024-09-12T16:18:38.665+0000] {logging_mixin.py:190} INFO - [2024-09-12T16:18:38.665+0000] {dag.py:4138} INFO - Setting next_dagrun for example_branch_dop_operator_v3 to 2024-09-12 16:17:00+00:00, run_after=2024-09-12 16:18:00+00:00
[2024-09-12T16:18:38.947+0000] {processor.py:208} INFO - Processing /home/airflow/.local/lib/python3.12/site-packages/airflow/example_dags/example_branch_python_dop_operator_3.py took 1.482 seconds
[2024-09-12T16:19:15.808+0000] {processor.py:186} INFO - Started process (PID=4534) to work on /home/airflow/.local/lib/python3.12/site-packages/airflow/example_dags/example_branch_python_dop_operator_3.py
[2024-09-12T16:19:15.823+0000] {processor.py:914} INFO - Processing file /home/airflow/.local/lib/python3.12/site-packages/airflow/example_dags/example_branch_python_dop_operator_3.py for tasks to queue
[2024-09-12T16:19:15.832+0000] {logging_mixin.py:190} INFO - [2024-09-12T16:19:15.831+0000] {dagbag.py:587} INFO - Filling up the DagBag from /home/airflow/.local/lib/python3.12/site-packages/airflow/example_dags/example_branch_python_dop_operator_3.py
[2024-09-12T16:19:15.917+0000] {processor.py:925} INFO - DAG(s) 'example_branch_dop_operator_v3' retrieved from /home/airflow/.local/lib/python3.12/site-packages/airflow/example_dags/example_branch_python_dop_operator_3.py
[2024-09-12T16:19:16.218+0000] {logging_mixin.py:190} INFO - [2024-09-12T16:19:16.217+0000] {dag.py:3211} INFO - Sync 1 DAGs
[2024-09-12T16:19:16.487+0000] {logging_mixin.py:190} INFO - [2024-09-12T16:19:16.486+0000] {dag.py:4138} INFO - Setting next_dagrun for example_branch_dop_operator_v3 to 2024-09-12 16:18:00+00:00, run_after=2024-09-12 16:19:00+00:00
[2024-09-12T16:19:16.695+0000] {processor.py:208} INFO - Processing /home/airflow/.local/lib/python3.12/site-packages/airflow/example_dags/example_branch_python_dop_operator_3.py took 0.946 seconds
[2024-09-12T16:19:53.966+0000] {processor.py:186} INFO - Started process (PID=4603) to work on /home/airflow/.local/lib/python3.12/site-packages/airflow/example_dags/example_branch_python_dop_operator_3.py
[2024-09-12T16:19:53.975+0000] {processor.py:914} INFO - Processing file /home/airflow/.local/lib/python3.12/site-packages/airflow/example_dags/example_branch_python_dop_operator_3.py for tasks to queue
[2024-09-12T16:19:53.991+0000] {logging_mixin.py:190} INFO - [2024-09-12T16:19:53.991+0000] {dagbag.py:587} INFO - Filling up the DagBag from /home/airflow/.local/lib/python3.12/site-packages/airflow/example_dags/example_branch_python_dop_operator_3.py
[2024-09-12T16:19:54.065+0000] {processor.py:925} INFO - DAG(s) 'example_branch_dop_operator_v3' retrieved from /home/airflow/.local/lib/python3.12/site-packages/airflow/example_dags/example_branch_python_dop_operator_3.py
[2024-09-12T16:19:54.450+0000] {logging_mixin.py:190} INFO - [2024-09-12T16:19:54.443+0000] {dag.py:3211} INFO - Sync 1 DAGs
[2024-09-12T16:19:54.668+0000] {logging_mixin.py:190} INFO - [2024-09-12T16:19:54.667+0000] {dag.py:4138} INFO - Setting next_dagrun for example_branch_dop_operator_v3 to 2024-09-12 16:18:00+00:00, run_after=2024-09-12 16:19:00+00:00
[2024-09-12T16:19:54.875+0000] {processor.py:208} INFO - Processing /home/airflow/.local/lib/python3.12/site-packages/airflow/example_dags/example_branch_python_dop_operator_3.py took 0.933 seconds
[2024-09-12T16:20:48.870+0000] {processor.py:186} INFO - Started process (PID=4665) to work on /home/airflow/.local/lib/python3.12/site-packages/airflow/example_dags/example_branch_python_dop_operator_3.py
[2024-09-12T16:20:48.875+0000] {processor.py:914} INFO - Processing file /home/airflow/.local/lib/python3.12/site-packages/airflow/example_dags/example_branch_python_dop_operator_3.py for tasks to queue
[2024-09-12T16:20:48.890+0000] {logging_mixin.py:190} INFO - [2024-09-12T16:20:48.889+0000] {dagbag.py:587} INFO - Filling up the DagBag from /home/airflow/.local/lib/python3.12/site-packages/airflow/example_dags/example_branch_python_dop_operator_3.py
[2024-09-12T16:20:48.968+0000] {processor.py:925} INFO - DAG(s) 'example_branch_dop_operator_v3' retrieved from /home/airflow/.local/lib/python3.12/site-packages/airflow/example_dags/example_branch_python_dop_operator_3.py
[2024-09-12T16:20:49.211+0000] {logging_mixin.py:190} INFO - [2024-09-12T16:20:49.211+0000] {dag.py:3211} INFO - Sync 1 DAGs
[2024-09-12T16:20:49.404+0000] {logging_mixin.py:190} INFO - [2024-09-12T16:20:49.403+0000] {dag.py:4138} INFO - Setting next_dagrun for example_branch_dop_operator_v3 to 2024-09-12 16:19:00+00:00, run_after=2024-09-12 16:20:00+00:00
[2024-09-12T16:20:49.522+0000] {processor.py:208} INFO - Processing /home/airflow/.local/lib/python3.12/site-packages/airflow/example_dags/example_branch_python_dop_operator_3.py took 0.772 seconds
[2024-09-12T16:22:09.735+0000] {processor.py:186} INFO - Started process (PID=4749) to work on /home/airflow/.local/lib/python3.12/site-packages/airflow/example_dags/example_branch_python_dop_operator_3.py
[2024-09-12T16:22:09.739+0000] {processor.py:914} INFO - Processing file /home/airflow/.local/lib/python3.12/site-packages/airflow/example_dags/example_branch_python_dop_operator_3.py for tasks to queue
[2024-09-12T16:22:09.746+0000] {logging_mixin.py:190} INFO - [2024-09-12T16:22:09.745+0000] {dagbag.py:587} INFO - Filling up the DagBag from /home/airflow/.local/lib/python3.12/site-packages/airflow/example_dags/example_branch_python_dop_operator_3.py
[2024-09-12T16:22:09.823+0000] {processor.py:925} INFO - DAG(s) 'example_branch_dop_operator_v3' retrieved from /home/airflow/.local/lib/python3.12/site-packages/airflow/example_dags/example_branch_python_dop_operator_3.py
[2024-09-12T16:22:09.936+0000] {logging_mixin.py:190} INFO - [2024-09-12T16:22:09.935+0000] {dag.py:3211} INFO - Sync 1 DAGs
[2024-09-12T16:22:10.055+0000] {logging_mixin.py:190} INFO - [2024-09-12T16:22:10.054+0000] {dag.py:4138} INFO - Setting next_dagrun for example_branch_dop_operator_v3 to 2024-09-12 16:21:00+00:00, run_after=2024-09-12 16:22:00+00:00
[2024-09-12T16:22:10.115+0000] {processor.py:208} INFO - Processing /home/airflow/.local/lib/python3.12/site-packages/airflow/example_dags/example_branch_python_dop_operator_3.py took 0.410 seconds
[2024-09-12T16:22:49.171+0000] {processor.py:186} INFO - Started process (PID=4816) to work on /home/airflow/.local/lib/python3.12/site-packages/airflow/example_dags/example_branch_python_dop_operator_3.py
[2024-09-12T16:22:49.178+0000] {processor.py:914} INFO - Processing file /home/airflow/.local/lib/python3.12/site-packages/airflow/example_dags/example_branch_python_dop_operator_3.py for tasks to queue
[2024-09-12T16:22:49.182+0000] {logging_mixin.py:190} INFO - [2024-09-12T16:22:49.181+0000] {dagbag.py:587} INFO - Filling up the DagBag from /home/airflow/.local/lib/python3.12/site-packages/airflow/example_dags/example_branch_python_dop_operator_3.py
[2024-09-12T16:22:49.273+0000] {processor.py:925} INFO - DAG(s) 'example_branch_dop_operator_v3' retrieved from /home/airflow/.local/lib/python3.12/site-packages/airflow/example_dags/example_branch_python_dop_operator_3.py
[2024-09-12T16:22:49.437+0000] {logging_mixin.py:190} INFO - [2024-09-12T16:22:49.437+0000] {dag.py:3211} INFO - Sync 1 DAGs
[2024-09-12T16:22:49.644+0000] {logging_mixin.py:190} INFO - [2024-09-12T16:22:49.635+0000] {dag.py:4138} INFO - Setting next_dagrun for example_branch_dop_operator_v3 to 2024-09-12 16:21:00+00:00, run_after=2024-09-12 16:22:00+00:00
[2024-09-12T16:22:49.891+0000] {processor.py:208} INFO - Processing /home/airflow/.local/lib/python3.12/site-packages/airflow/example_dags/example_branch_python_dop_operator_3.py took 0.834 seconds
