[2024-09-12T14:59:05.601+0000] {processor.py:186} INFO - Started process (PID=124) to work on /home/airflow/.local/lib/python3.12/site-packages/airflow/example_dags/example_dataset_alias.py
[2024-09-12T14:59:05.604+0000] {processor.py:914} INFO - Processing file /home/airflow/.local/lib/python3.12/site-packages/airflow/example_dags/example_dataset_alias.py for tasks to queue
[2024-09-12T14:59:05.609+0000] {logging_mixin.py:190} INFO - [2024-09-12T14:59:05.608+0000] {dagbag.py:587} INFO - Filling up the DagBag from /home/airflow/.local/lib/python3.12/site-packages/airflow/example_dags/example_dataset_alias.py
[2024-09-12T14:59:06.990+0000] {processor.py:925} INFO - DAG(s) 'dataset_alias_example_alias_producer', 'dataset_s3_bucket_consumer', 'dataset_s3_bucket_producer', 'dataset_alias_example_alias_consumer' retrieved from /home/airflow/.local/lib/python3.12/site-packages/airflow/example_dags/example_dataset_alias.py
[2024-09-12T14:59:07.275+0000] {logging_mixin.py:190} INFO - [2024-09-12T14:59:07.275+0000] {dag.py:3211} INFO - Sync 4 DAGs
[2024-09-12T14:59:07.539+0000] {logging_mixin.py:190} INFO - [2024-09-12T14:59:07.539+0000] {dag.py:4138} INFO - Setting next_dagrun for dataset_alias_example_alias_consumer to None, run_after=None
[2024-09-12T14:59:07.601+0000] {logging_mixin.py:190} INFO - [2024-09-12T14:59:07.601+0000] {dag.py:4138} INFO - Setting next_dagrun for dataset_alias_example_alias_producer to None, run_after=None
[2024-09-12T14:59:07.619+0000] {logging_mixin.py:190} INFO - [2024-09-12T14:59:07.618+0000] {dag.py:4138} INFO - Setting next_dagrun for dataset_s3_bucket_consumer to None, run_after=None
[2024-09-12T14:59:07.636+0000] {logging_mixin.py:190} INFO - [2024-09-12T14:59:07.636+0000] {dag.py:4138} INFO - Setting next_dagrun for dataset_s3_bucket_producer to None, run_after=None
[2024-09-12T14:59:08.070+0000] {processor.py:208} INFO - Processing /home/airflow/.local/lib/python3.12/site-packages/airflow/example_dags/example_dataset_alias.py took 2.506 seconds
[2024-09-12T15:00:06.583+0000] {processor.py:186} INFO - Started process (PID=200) to work on /home/airflow/.local/lib/python3.12/site-packages/airflow/example_dags/example_dataset_alias.py
[2024-09-12T15:00:06.653+0000] {processor.py:914} INFO - Processing file /home/airflow/.local/lib/python3.12/site-packages/airflow/example_dags/example_dataset_alias.py for tasks to queue
[2024-09-12T15:00:06.671+0000] {logging_mixin.py:190} INFO - [2024-09-12T15:00:06.670+0000] {dagbag.py:587} INFO - Filling up the DagBag from /home/airflow/.local/lib/python3.12/site-packages/airflow/example_dags/example_dataset_alias.py
[2024-09-12T15:00:08.231+0000] {processor.py:925} INFO - DAG(s) 'dataset_s3_bucket_consumer', 'dataset_alias_example_alias_consumer', 'dataset_alias_example_alias_producer', 'dataset_s3_bucket_producer' retrieved from /home/airflow/.local/lib/python3.12/site-packages/airflow/example_dags/example_dataset_alias.py
[2024-09-12T15:00:08.374+0000] {logging_mixin.py:190} INFO - [2024-09-12T15:00:08.373+0000] {dag.py:3211} INFO - Sync 4 DAGs
[2024-09-12T15:00:08.525+0000] {logging_mixin.py:190} INFO - [2024-09-12T15:00:08.516+0000] {dag.py:4138} INFO - Setting next_dagrun for dataset_alias_example_alias_consumer to None, run_after=None
[2024-09-12T15:00:08.574+0000] {logging_mixin.py:190} INFO - [2024-09-12T15:00:08.574+0000] {dag.py:4138} INFO - Setting next_dagrun for dataset_alias_example_alias_producer to None, run_after=None
[2024-09-12T15:00:08.609+0000] {logging_mixin.py:190} INFO - [2024-09-12T15:00:08.608+0000] {dag.py:4138} INFO - Setting next_dagrun for dataset_s3_bucket_consumer to None, run_after=None
[2024-09-12T15:00:08.624+0000] {logging_mixin.py:190} INFO - [2024-09-12T15:00:08.624+0000] {dag.py:4138} INFO - Setting next_dagrun for dataset_s3_bucket_producer to None, run_after=None
[2024-09-12T15:00:08.830+0000] {processor.py:208} INFO - Processing /home/airflow/.local/lib/python3.12/site-packages/airflow/example_dags/example_dataset_alias.py took 2.315 seconds
[2024-09-12T15:01:13.848+0000] {processor.py:186} INFO - Started process (PID=276) to work on /home/airflow/.local/lib/python3.12/site-packages/airflow/example_dags/example_dataset_alias.py
[2024-09-12T15:01:13.861+0000] {processor.py:914} INFO - Processing file /home/airflow/.local/lib/python3.12/site-packages/airflow/example_dags/example_dataset_alias.py for tasks to queue
[2024-09-12T15:01:13.878+0000] {logging_mixin.py:190} INFO - [2024-09-12T15:01:13.877+0000] {dagbag.py:587} INFO - Filling up the DagBag from /home/airflow/.local/lib/python3.12/site-packages/airflow/example_dags/example_dataset_alias.py
[2024-09-12T15:01:16.604+0000] {processor.py:925} INFO - DAG(s) 'dataset_s3_bucket_producer', 'dataset_s3_bucket_consumer', 'dataset_alias_example_alias_consumer', 'dataset_alias_example_alias_producer' retrieved from /home/airflow/.local/lib/python3.12/site-packages/airflow/example_dags/example_dataset_alias.py
[2024-09-12T15:01:16.809+0000] {logging_mixin.py:190} INFO - [2024-09-12T15:01:16.809+0000] {dag.py:3211} INFO - Sync 4 DAGs
[2024-09-12T15:01:17.180+0000] {logging_mixin.py:190} INFO - [2024-09-12T15:01:17.179+0000] {dag.py:4138} INFO - Setting next_dagrun for dataset_alias_example_alias_consumer to None, run_after=None
[2024-09-12T15:01:17.235+0000] {logging_mixin.py:190} INFO - [2024-09-12T15:01:17.235+0000] {dag.py:4138} INFO - Setting next_dagrun for dataset_alias_example_alias_producer to None, run_after=None
[2024-09-12T15:01:17.252+0000] {logging_mixin.py:190} INFO - [2024-09-12T15:01:17.252+0000] {dag.py:4138} INFO - Setting next_dagrun for dataset_s3_bucket_consumer to None, run_after=None
[2024-09-12T15:01:17.299+0000] {logging_mixin.py:190} INFO - [2024-09-12T15:01:17.292+0000] {dag.py:4138} INFO - Setting next_dagrun for dataset_s3_bucket_producer to None, run_after=None
[2024-09-12T15:01:17.691+0000] {processor.py:208} INFO - Processing /home/airflow/.local/lib/python3.12/site-packages/airflow/example_dags/example_dataset_alias.py took 3.942 seconds
[2024-09-12T15:03:31.475+0000] {processor.py:186} INFO - Started process (PID=379) to work on /home/airflow/.local/lib/python3.12/site-packages/airflow/example_dags/example_dataset_alias.py
[2024-09-12T15:03:31.490+0000] {processor.py:914} INFO - Processing file /home/airflow/.local/lib/python3.12/site-packages/airflow/example_dags/example_dataset_alias.py for tasks to queue
[2024-09-12T15:03:31.594+0000] {logging_mixin.py:190} INFO - [2024-09-12T15:03:31.594+0000] {dagbag.py:587} INFO - Filling up the DagBag from /home/airflow/.local/lib/python3.12/site-packages/airflow/example_dags/example_dataset_alias.py
[2024-09-12T15:03:33.540+0000] {processor.py:925} INFO - DAG(s) 'dataset_alias_example_alias_consumer', 'dataset_s3_bucket_consumer', 'dataset_s3_bucket_producer', 'dataset_alias_example_alias_producer' retrieved from /home/airflow/.local/lib/python3.12/site-packages/airflow/example_dags/example_dataset_alias.py
[2024-09-12T15:03:33.974+0000] {logging_mixin.py:190} INFO - [2024-09-12T15:03:33.974+0000] {dag.py:3211} INFO - Sync 4 DAGs
[2024-09-12T15:03:34.363+0000] {logging_mixin.py:190} INFO - [2024-09-12T15:03:34.363+0000] {dag.py:4138} INFO - Setting next_dagrun for dataset_alias_example_alias_consumer to None, run_after=None
[2024-09-12T15:03:34.392+0000] {logging_mixin.py:190} INFO - [2024-09-12T15:03:34.392+0000] {dag.py:4138} INFO - Setting next_dagrun for dataset_alias_example_alias_producer to None, run_after=None
[2024-09-12T15:03:34.410+0000] {logging_mixin.py:190} INFO - [2024-09-12T15:03:34.409+0000] {dag.py:4138} INFO - Setting next_dagrun for dataset_s3_bucket_consumer to None, run_after=None
[2024-09-12T15:03:34.426+0000] {logging_mixin.py:190} INFO - [2024-09-12T15:03:34.425+0000] {dag.py:4138} INFO - Setting next_dagrun for dataset_s3_bucket_producer to None, run_after=None
[2024-09-12T15:03:34.711+0000] {processor.py:208} INFO - Processing /home/airflow/.local/lib/python3.12/site-packages/airflow/example_dags/example_dataset_alias.py took 3.393 seconds
[2024-09-12T15:04:29.178+0000] {processor.py:186} INFO - Started process (PID=451) to work on /home/airflow/.local/lib/python3.12/site-packages/airflow/example_dags/example_dataset_alias.py
[2024-09-12T15:04:29.212+0000] {processor.py:914} INFO - Processing file /home/airflow/.local/lib/python3.12/site-packages/airflow/example_dags/example_dataset_alias.py for tasks to queue
[2024-09-12T15:04:29.229+0000] {logging_mixin.py:190} INFO - [2024-09-12T15:04:29.214+0000] {dagbag.py:587} INFO - Filling up the DagBag from /home/airflow/.local/lib/python3.12/site-packages/airflow/example_dags/example_dataset_alias.py
[2024-09-12T15:04:31.959+0000] {processor.py:925} INFO - DAG(s) 'dataset_s3_bucket_producer', 'dataset_alias_example_alias_consumer', 'dataset_alias_example_alias_producer', 'dataset_s3_bucket_consumer' retrieved from /home/airflow/.local/lib/python3.12/site-packages/airflow/example_dags/example_dataset_alias.py
[2024-09-12T15:04:32.284+0000] {logging_mixin.py:190} INFO - [2024-09-12T15:04:32.283+0000] {dag.py:3211} INFO - Sync 4 DAGs
[2024-09-12T15:04:32.692+0000] {logging_mixin.py:190} INFO - [2024-09-12T15:04:32.692+0000] {dag.py:4138} INFO - Setting next_dagrun for dataset_alias_example_alias_consumer to None, run_after=None
[2024-09-12T15:04:32.727+0000] {logging_mixin.py:190} INFO - [2024-09-12T15:04:32.726+0000] {dag.py:4138} INFO - Setting next_dagrun for dataset_alias_example_alias_producer to None, run_after=None
[2024-09-12T15:04:32.748+0000] {logging_mixin.py:190} INFO - [2024-09-12T15:04:32.748+0000] {dag.py:4138} INFO - Setting next_dagrun for dataset_s3_bucket_consumer to None, run_after=None
[2024-09-12T15:04:32.783+0000] {logging_mixin.py:190} INFO - [2024-09-12T15:04:32.783+0000] {dag.py:4138} INFO - Setting next_dagrun for dataset_s3_bucket_producer to None, run_after=None
[2024-09-12T15:04:33.200+0000] {processor.py:208} INFO - Processing /home/airflow/.local/lib/python3.12/site-packages/airflow/example_dags/example_dataset_alias.py took 4.060 seconds
[2024-09-12T15:05:31.334+0000] {processor.py:186} INFO - Started process (PID=517) to work on /home/airflow/.local/lib/python3.12/site-packages/airflow/example_dags/example_dataset_alias.py
[2024-09-12T15:05:31.394+0000] {processor.py:914} INFO - Processing file /home/airflow/.local/lib/python3.12/site-packages/airflow/example_dags/example_dataset_alias.py for tasks to queue
[2024-09-12T15:05:31.400+0000] {logging_mixin.py:190} INFO - [2024-09-12T15:05:31.396+0000] {dagbag.py:587} INFO - Filling up the DagBag from /home/airflow/.local/lib/python3.12/site-packages/airflow/example_dags/example_dataset_alias.py
[2024-09-12T15:05:34.286+0000] {processor.py:925} INFO - DAG(s) 'dataset_s3_bucket_producer', 'dataset_alias_example_alias_consumer', 'dataset_alias_example_alias_producer', 'dataset_s3_bucket_consumer' retrieved from /home/airflow/.local/lib/python3.12/site-packages/airflow/example_dags/example_dataset_alias.py
[2024-09-12T15:05:34.586+0000] {logging_mixin.py:190} INFO - [2024-09-12T15:05:34.586+0000] {dag.py:3211} INFO - Sync 4 DAGs
[2024-09-12T15:05:34.876+0000] {logging_mixin.py:190} INFO - [2024-09-12T15:05:34.875+0000] {dag.py:4138} INFO - Setting next_dagrun for dataset_alias_example_alias_consumer to None, run_after=None
[2024-09-12T15:05:34.987+0000] {logging_mixin.py:190} INFO - [2024-09-12T15:05:34.987+0000] {dag.py:4138} INFO - Setting next_dagrun for dataset_alias_example_alias_producer to None, run_after=None
[2024-09-12T15:05:35.025+0000] {logging_mixin.py:190} INFO - [2024-09-12T15:05:35.025+0000] {dag.py:4138} INFO - Setting next_dagrun for dataset_s3_bucket_consumer to None, run_after=None
[2024-09-12T15:05:35.042+0000] {logging_mixin.py:190} INFO - [2024-09-12T15:05:35.042+0000] {dag.py:4138} INFO - Setting next_dagrun for dataset_s3_bucket_producer to None, run_after=None
[2024-09-12T15:05:35.314+0000] {processor.py:208} INFO - Processing /home/airflow/.local/lib/python3.12/site-packages/airflow/example_dags/example_dataset_alias.py took 4.062 seconds
[2024-09-12T15:06:29.766+0000] {processor.py:186} INFO - Started process (PID=591) to work on /home/airflow/.local/lib/python3.12/site-packages/airflow/example_dags/example_dataset_alias.py
[2024-09-12T15:06:29.801+0000] {processor.py:914} INFO - Processing file /home/airflow/.local/lib/python3.12/site-packages/airflow/example_dags/example_dataset_alias.py for tasks to queue
[2024-09-12T15:06:29.821+0000] {logging_mixin.py:190} INFO - [2024-09-12T15:06:29.820+0000] {dagbag.py:587} INFO - Filling up the DagBag from /home/airflow/.local/lib/python3.12/site-packages/airflow/example_dags/example_dataset_alias.py
[2024-09-12T15:06:31.911+0000] {processor.py:925} INFO - DAG(s) 'dataset_s3_bucket_producer', 'dataset_s3_bucket_consumer', 'dataset_alias_example_alias_consumer', 'dataset_alias_example_alias_producer' retrieved from /home/airflow/.local/lib/python3.12/site-packages/airflow/example_dags/example_dataset_alias.py
[2024-09-12T15:06:32.096+0000] {logging_mixin.py:190} INFO - [2024-09-12T15:06:32.096+0000] {dag.py:3211} INFO - Sync 4 DAGs
[2024-09-12T15:06:32.375+0000] {logging_mixin.py:190} INFO - [2024-09-12T15:06:32.374+0000] {dag.py:4138} INFO - Setting next_dagrun for dataset_alias_example_alias_consumer to None, run_after=None
[2024-09-12T15:06:32.418+0000] {logging_mixin.py:190} INFO - [2024-09-12T15:06:32.417+0000] {dag.py:4138} INFO - Setting next_dagrun for dataset_alias_example_alias_producer to None, run_after=None
[2024-09-12T15:06:32.438+0000] {logging_mixin.py:190} INFO - [2024-09-12T15:06:32.437+0000] {dag.py:4138} INFO - Setting next_dagrun for dataset_s3_bucket_consumer to None, run_after=None
[2024-09-12T15:06:32.442+0000] {logging_mixin.py:190} INFO - [2024-09-12T15:06:32.442+0000] {dag.py:4138} INFO - Setting next_dagrun for dataset_s3_bucket_producer to None, run_after=None
[2024-09-12T15:06:32.824+0000] {processor.py:208} INFO - Processing /home/airflow/.local/lib/python3.12/site-packages/airflow/example_dags/example_dataset_alias.py took 3.101 seconds
[2024-09-12T15:08:11.259+0000] {processor.py:186} INFO - Started process (PID=696) to work on /home/airflow/.local/lib/python3.12/site-packages/airflow/example_dags/example_dataset_alias.py
[2024-09-12T15:08:11.279+0000] {processor.py:914} INFO - Processing file /home/airflow/.local/lib/python3.12/site-packages/airflow/example_dags/example_dataset_alias.py for tasks to queue
[2024-09-12T15:08:11.370+0000] {logging_mixin.py:190} INFO - [2024-09-12T15:08:11.370+0000] {dagbag.py:587} INFO - Filling up the DagBag from /home/airflow/.local/lib/python3.12/site-packages/airflow/example_dags/example_dataset_alias.py
[2024-09-12T15:08:13.940+0000] {processor.py:925} INFO - DAG(s) 'dataset_s3_bucket_consumer', 'dataset_alias_example_alias_consumer', 'dataset_alias_example_alias_producer', 'dataset_s3_bucket_producer' retrieved from /home/airflow/.local/lib/python3.12/site-packages/airflow/example_dags/example_dataset_alias.py
[2024-09-12T15:08:14.109+0000] {logging_mixin.py:190} INFO - [2024-09-12T15:08:14.109+0000] {dag.py:3211} INFO - Sync 4 DAGs
[2024-09-12T15:08:14.677+0000] {logging_mixin.py:190} INFO - [2024-09-12T15:08:14.663+0000] {dag.py:4138} INFO - Setting next_dagrun for dataset_alias_example_alias_consumer to None, run_after=None
[2024-09-12T15:08:14.805+0000] {logging_mixin.py:190} INFO - [2024-09-12T15:08:14.797+0000] {dag.py:4138} INFO - Setting next_dagrun for dataset_alias_example_alias_producer to None, run_after=None
[2024-09-12T15:08:14.823+0000] {logging_mixin.py:190} INFO - [2024-09-12T15:08:14.822+0000] {dag.py:4138} INFO - Setting next_dagrun for dataset_s3_bucket_consumer to None, run_after=None
[2024-09-12T15:08:14.845+0000] {logging_mixin.py:190} INFO - [2024-09-12T15:08:14.845+0000] {dag.py:4138} INFO - Setting next_dagrun for dataset_s3_bucket_producer to None, run_after=None
[2024-09-12T15:08:15.341+0000] {processor.py:208} INFO - Processing /home/airflow/.local/lib/python3.12/site-packages/airflow/example_dags/example_dataset_alias.py took 4.165 seconds
[2024-09-12T15:09:42.083+0000] {processor.py:186} INFO - Started process (PID=785) to work on /home/airflow/.local/lib/python3.12/site-packages/airflow/example_dags/example_dataset_alias.py
[2024-09-12T15:09:42.092+0000] {processor.py:914} INFO - Processing file /home/airflow/.local/lib/python3.12/site-packages/airflow/example_dags/example_dataset_alias.py for tasks to queue
[2024-09-12T15:09:42.101+0000] {logging_mixin.py:190} INFO - [2024-09-12T15:09:42.098+0000] {dagbag.py:587} INFO - Filling up the DagBag from /home/airflow/.local/lib/python3.12/site-packages/airflow/example_dags/example_dataset_alias.py
[2024-09-12T15:09:44.053+0000] {processor.py:925} INFO - DAG(s) 'dataset_s3_bucket_producer', 'dataset_s3_bucket_consumer', 'dataset_alias_example_alias_consumer', 'dataset_alias_example_alias_producer' retrieved from /home/airflow/.local/lib/python3.12/site-packages/airflow/example_dags/example_dataset_alias.py
[2024-09-12T15:09:44.373+0000] {logging_mixin.py:190} INFO - [2024-09-12T15:09:44.373+0000] {dag.py:3211} INFO - Sync 4 DAGs
[2024-09-12T15:09:44.676+0000] {logging_mixin.py:190} INFO - [2024-09-12T15:09:44.675+0000] {dag.py:4138} INFO - Setting next_dagrun for dataset_alias_example_alias_consumer to None, run_after=None
[2024-09-12T15:09:44.736+0000] {logging_mixin.py:190} INFO - [2024-09-12T15:09:44.736+0000] {dag.py:4138} INFO - Setting next_dagrun for dataset_alias_example_alias_producer to None, run_after=None
[2024-09-12T15:09:44.768+0000] {logging_mixin.py:190} INFO - [2024-09-12T15:09:44.768+0000] {dag.py:4138} INFO - Setting next_dagrun for dataset_s3_bucket_consumer to None, run_after=None
[2024-09-12T15:09:44.785+0000] {logging_mixin.py:190} INFO - [2024-09-12T15:09:44.785+0000] {dag.py:4138} INFO - Setting next_dagrun for dataset_s3_bucket_producer to None, run_after=None
[2024-09-12T15:09:45.283+0000] {processor.py:208} INFO - Processing /home/airflow/.local/lib/python3.12/site-packages/airflow/example_dags/example_dataset_alias.py took 3.239 seconds
[2024-09-12T15:11:01.266+0000] {processor.py:186} INFO - Started process (PID=877) to work on /home/airflow/.local/lib/python3.12/site-packages/airflow/example_dags/example_dataset_alias.py
[2024-09-12T15:11:01.273+0000] {processor.py:914} INFO - Processing file /home/airflow/.local/lib/python3.12/site-packages/airflow/example_dags/example_dataset_alias.py for tasks to queue
[2024-09-12T15:11:01.297+0000] {logging_mixin.py:190} INFO - [2024-09-12T15:11:01.296+0000] {dagbag.py:587} INFO - Filling up the DagBag from /home/airflow/.local/lib/python3.12/site-packages/airflow/example_dags/example_dataset_alias.py
[2024-09-12T15:11:03.201+0000] {processor.py:925} INFO - DAG(s) 'dataset_alias_example_alias_consumer', 'dataset_s3_bucket_consumer', 'dataset_s3_bucket_producer', 'dataset_alias_example_alias_producer' retrieved from /home/airflow/.local/lib/python3.12/site-packages/airflow/example_dags/example_dataset_alias.py
[2024-09-12T15:11:03.401+0000] {logging_mixin.py:190} INFO - [2024-09-12T15:11:03.400+0000] {dag.py:3211} INFO - Sync 4 DAGs
[2024-09-12T15:11:03.719+0000] {logging_mixin.py:190} INFO - [2024-09-12T15:11:03.718+0000] {dag.py:4138} INFO - Setting next_dagrun for dataset_alias_example_alias_consumer to None, run_after=None
[2024-09-12T15:11:03.739+0000] {logging_mixin.py:190} INFO - [2024-09-12T15:11:03.739+0000] {dag.py:4138} INFO - Setting next_dagrun for dataset_alias_example_alias_producer to None, run_after=None
[2024-09-12T15:11:03.782+0000] {logging_mixin.py:190} INFO - [2024-09-12T15:11:03.781+0000] {dag.py:4138} INFO - Setting next_dagrun for dataset_s3_bucket_consumer to None, run_after=None
[2024-09-12T15:11:03.799+0000] {logging_mixin.py:190} INFO - [2024-09-12T15:11:03.799+0000] {dag.py:4138} INFO - Setting next_dagrun for dataset_s3_bucket_producer to None, run_after=None
[2024-09-12T15:11:04.071+0000] {processor.py:208} INFO - Processing /home/airflow/.local/lib/python3.12/site-packages/airflow/example_dags/example_dataset_alias.py took 2.829 seconds
[2024-09-12T15:15:31.213+0000] {processor.py:186} INFO - Started process (PID=126) to work on /home/airflow/.local/lib/python3.12/site-packages/airflow/example_dags/example_dataset_alias.py
[2024-09-12T15:15:31.219+0000] {processor.py:914} INFO - Processing file /home/airflow/.local/lib/python3.12/site-packages/airflow/example_dags/example_dataset_alias.py for tasks to queue
[2024-09-12T15:15:31.235+0000] {logging_mixin.py:190} INFO - [2024-09-12T15:15:31.235+0000] {dagbag.py:587} INFO - Filling up the DagBag from /home/airflow/.local/lib/python3.12/site-packages/airflow/example_dags/example_dataset_alias.py
[2024-09-12T15:15:32.875+0000] {processor.py:925} INFO - DAG(s) 'dataset_alias_example_alias_producer', 'dataset_s3_bucket_consumer', 'dataset_s3_bucket_producer', 'dataset_alias_example_alias_consumer' retrieved from /home/airflow/.local/lib/python3.12/site-packages/airflow/example_dags/example_dataset_alias.py
[2024-09-12T15:15:33.101+0000] {logging_mixin.py:190} INFO - [2024-09-12T15:15:33.101+0000] {dag.py:3211} INFO - Sync 4 DAGs
[2024-09-12T15:15:33.226+0000] {logging_mixin.py:190} INFO - [2024-09-12T15:15:33.226+0000] {dag.py:4138} INFO - Setting next_dagrun for dataset_alias_example_alias_consumer to None, run_after=None
[2024-09-12T15:15:33.240+0000] {logging_mixin.py:190} INFO - [2024-09-12T15:15:33.240+0000] {dag.py:4138} INFO - Setting next_dagrun for dataset_alias_example_alias_producer to None, run_after=None
[2024-09-12T15:15:33.269+0000] {logging_mixin.py:190} INFO - [2024-09-12T15:15:33.262+0000] {dag.py:4138} INFO - Setting next_dagrun for dataset_s3_bucket_consumer to None, run_after=None
[2024-09-12T15:15:33.292+0000] {logging_mixin.py:190} INFO - [2024-09-12T15:15:33.292+0000] {dag.py:4138} INFO - Setting next_dagrun for dataset_s3_bucket_producer to None, run_after=None
[2024-09-12T15:15:33.483+0000] {processor.py:208} INFO - Processing /home/airflow/.local/lib/python3.12/site-packages/airflow/example_dags/example_dataset_alias.py took 2.351 seconds
[2024-09-12T15:16:35.956+0000] {processor.py:186} INFO - Started process (PID=198) to work on /home/airflow/.local/lib/python3.12/site-packages/airflow/example_dags/example_dataset_alias.py
[2024-09-12T15:16:35.978+0000] {processor.py:914} INFO - Processing file /home/airflow/.local/lib/python3.12/site-packages/airflow/example_dags/example_dataset_alias.py for tasks to queue
[2024-09-12T15:16:36.016+0000] {logging_mixin.py:190} INFO - [2024-09-12T15:16:36.015+0000] {dagbag.py:587} INFO - Filling up the DagBag from /home/airflow/.local/lib/python3.12/site-packages/airflow/example_dags/example_dataset_alias.py
[2024-09-12T15:16:38.837+0000] {processor.py:925} INFO - DAG(s) 'dataset_s3_bucket_producer', 'dataset_alias_example_alias_consumer', 'dataset_s3_bucket_consumer', 'dataset_alias_example_alias_producer' retrieved from /home/airflow/.local/lib/python3.12/site-packages/airflow/example_dags/example_dataset_alias.py
[2024-09-12T15:16:39.498+0000] {logging_mixin.py:190} INFO - [2024-09-12T15:16:39.498+0000] {dag.py:3211} INFO - Sync 4 DAGs
[2024-09-12T15:16:39.971+0000] {logging_mixin.py:190} INFO - [2024-09-12T15:16:39.971+0000] {dag.py:4138} INFO - Setting next_dagrun for dataset_alias_example_alias_consumer to None, run_after=None
[2024-09-12T15:16:40.368+0000] {logging_mixin.py:190} INFO - [2024-09-12T15:16:40.367+0000] {dag.py:4138} INFO - Setting next_dagrun for dataset_alias_example_alias_producer to None, run_after=None
[2024-09-12T15:16:40.445+0000] {logging_mixin.py:190} INFO - [2024-09-12T15:16:40.444+0000] {dag.py:4138} INFO - Setting next_dagrun for dataset_s3_bucket_consumer to None, run_after=None
[2024-09-12T15:16:40.524+0000] {logging_mixin.py:190} INFO - [2024-09-12T15:16:40.524+0000] {dag.py:4138} INFO - Setting next_dagrun for dataset_s3_bucket_producer to None, run_after=None
[2024-09-12T15:16:41.334+0000] {processor.py:208} INFO - Processing /home/airflow/.local/lib/python3.12/site-packages/airflow/example_dags/example_dataset_alias.py took 5.527 seconds
[2024-09-12T15:17:52.263+0000] {processor.py:186} INFO - Started process (PID=281) to work on /home/airflow/.local/lib/python3.12/site-packages/airflow/example_dags/example_dataset_alias.py
[2024-09-12T15:17:52.271+0000] {processor.py:914} INFO - Processing file /home/airflow/.local/lib/python3.12/site-packages/airflow/example_dags/example_dataset_alias.py for tasks to queue
[2024-09-12T15:17:52.286+0000] {logging_mixin.py:190} INFO - [2024-09-12T15:17:52.281+0000] {dagbag.py:587} INFO - Filling up the DagBag from /home/airflow/.local/lib/python3.12/site-packages/airflow/example_dags/example_dataset_alias.py
[2024-09-12T15:17:54.896+0000] {processor.py:925} INFO - DAG(s) 'dataset_alias_example_alias_consumer', 'dataset_s3_bucket_consumer', 'dataset_alias_example_alias_producer', 'dataset_s3_bucket_producer' retrieved from /home/airflow/.local/lib/python3.12/site-packages/airflow/example_dags/example_dataset_alias.py
[2024-09-12T15:17:55.236+0000] {logging_mixin.py:190} INFO - [2024-09-12T15:17:55.235+0000] {dag.py:3211} INFO - Sync 4 DAGs
[2024-09-12T15:17:55.505+0000] {logging_mixin.py:190} INFO - [2024-09-12T15:17:55.505+0000] {dag.py:4138} INFO - Setting next_dagrun for dataset_alias_example_alias_consumer to None, run_after=None
[2024-09-12T15:17:55.532+0000] {logging_mixin.py:190} INFO - [2024-09-12T15:17:55.532+0000] {dag.py:4138} INFO - Setting next_dagrun for dataset_alias_example_alias_producer to None, run_after=None
[2024-09-12T15:17:55.559+0000] {logging_mixin.py:190} INFO - [2024-09-12T15:17:55.559+0000] {dag.py:4138} INFO - Setting next_dagrun for dataset_s3_bucket_consumer to None, run_after=None
[2024-09-12T15:17:55.574+0000] {logging_mixin.py:190} INFO - [2024-09-12T15:17:55.574+0000] {dag.py:4138} INFO - Setting next_dagrun for dataset_s3_bucket_producer to None, run_after=None
[2024-09-12T15:17:55.847+0000] {processor.py:208} INFO - Processing /home/airflow/.local/lib/python3.12/site-packages/airflow/example_dags/example_dataset_alias.py took 3.654 seconds
[2024-09-12T15:18:56.108+0000] {processor.py:186} INFO - Started process (PID=368) to work on /home/airflow/.local/lib/python3.12/site-packages/airflow/example_dags/example_dataset_alias.py
[2024-09-12T15:18:56.116+0000] {processor.py:914} INFO - Processing file /home/airflow/.local/lib/python3.12/site-packages/airflow/example_dags/example_dataset_alias.py for tasks to queue
[2024-09-12T15:18:56.136+0000] {logging_mixin.py:190} INFO - [2024-09-12T15:18:56.132+0000] {dagbag.py:587} INFO - Filling up the DagBag from /home/airflow/.local/lib/python3.12/site-packages/airflow/example_dags/example_dataset_alias.py
[2024-09-12T15:18:57.509+0000] {processor.py:925} INFO - DAG(s) 'dataset_s3_bucket_producer', 'dataset_s3_bucket_consumer', 'dataset_alias_example_alias_consumer', 'dataset_alias_example_alias_producer' retrieved from /home/airflow/.local/lib/python3.12/site-packages/airflow/example_dags/example_dataset_alias.py
[2024-09-12T15:18:57.896+0000] {logging_mixin.py:190} INFO - [2024-09-12T15:18:57.895+0000] {dag.py:3211} INFO - Sync 4 DAGs
[2024-09-12T15:18:58.175+0000] {logging_mixin.py:190} INFO - [2024-09-12T15:18:58.175+0000] {dag.py:4138} INFO - Setting next_dagrun for dataset_alias_example_alias_consumer to None, run_after=None
[2024-09-12T15:18:58.216+0000] {logging_mixin.py:190} INFO - [2024-09-12T15:18:58.211+0000] {dag.py:4138} INFO - Setting next_dagrun for dataset_alias_example_alias_producer to None, run_after=None
[2024-09-12T15:18:58.232+0000] {logging_mixin.py:190} INFO - [2024-09-12T15:18:58.231+0000] {dag.py:4138} INFO - Setting next_dagrun for dataset_s3_bucket_consumer to None, run_after=None
[2024-09-12T15:18:58.246+0000] {logging_mixin.py:190} INFO - [2024-09-12T15:18:58.246+0000] {dag.py:4138} INFO - Setting next_dagrun for dataset_s3_bucket_producer to None, run_after=None
[2024-09-12T15:18:58.557+0000] {processor.py:208} INFO - Processing /home/airflow/.local/lib/python3.12/site-packages/airflow/example_dags/example_dataset_alias.py took 2.507 seconds
[2024-09-12T15:19:49.250+0000] {processor.py:186} INFO - Started process (PID=425) to work on /home/airflow/.local/lib/python3.12/site-packages/airflow/example_dags/example_dataset_alias.py
[2024-09-12T15:19:49.253+0000] {processor.py:914} INFO - Processing file /home/airflow/.local/lib/python3.12/site-packages/airflow/example_dags/example_dataset_alias.py for tasks to queue
[2024-09-12T15:19:49.270+0000] {logging_mixin.py:190} INFO - [2024-09-12T15:19:49.269+0000] {dagbag.py:587} INFO - Filling up the DagBag from /home/airflow/.local/lib/python3.12/site-packages/airflow/example_dags/example_dataset_alias.py
[2024-09-12T15:19:50.346+0000] {processor.py:925} INFO - DAG(s) 'dataset_s3_bucket_consumer', 'dataset_alias_example_alias_consumer', 'dataset_s3_bucket_producer', 'dataset_alias_example_alias_producer' retrieved from /home/airflow/.local/lib/python3.12/site-packages/airflow/example_dags/example_dataset_alias.py
[2024-09-12T15:19:50.519+0000] {logging_mixin.py:190} INFO - [2024-09-12T15:19:50.518+0000] {dag.py:3211} INFO - Sync 4 DAGs
[2024-09-12T15:19:50.650+0000] {logging_mixin.py:190} INFO - [2024-09-12T15:19:50.649+0000] {dag.py:4138} INFO - Setting next_dagrun for dataset_alias_example_alias_consumer to None, run_after=None
[2024-09-12T15:19:50.667+0000] {logging_mixin.py:190} INFO - [2024-09-12T15:19:50.666+0000] {dag.py:4138} INFO - Setting next_dagrun for dataset_alias_example_alias_producer to None, run_after=None
[2024-09-12T15:19:50.682+0000] {logging_mixin.py:190} INFO - [2024-09-12T15:19:50.681+0000] {dag.py:4138} INFO - Setting next_dagrun for dataset_s3_bucket_consumer to None, run_after=None
[2024-09-12T15:19:50.686+0000] {logging_mixin.py:190} INFO - [2024-09-12T15:19:50.686+0000] {dag.py:4138} INFO - Setting next_dagrun for dataset_s3_bucket_producer to None, run_after=None
[2024-09-12T15:19:50.871+0000] {processor.py:208} INFO - Processing /home/airflow/.local/lib/python3.12/site-packages/airflow/example_dags/example_dataset_alias.py took 1.712 seconds
[2024-09-12T15:20:54.170+0000] {processor.py:186} INFO - Started process (PID=513) to work on /home/airflow/.local/lib/python3.12/site-packages/airflow/example_dags/example_dataset_alias.py
[2024-09-12T15:20:54.183+0000] {processor.py:914} INFO - Processing file /home/airflow/.local/lib/python3.12/site-packages/airflow/example_dags/example_dataset_alias.py for tasks to queue
[2024-09-12T15:20:54.206+0000] {logging_mixin.py:190} INFO - [2024-09-12T15:20:54.205+0000] {dagbag.py:587} INFO - Filling up the DagBag from /home/airflow/.local/lib/python3.12/site-packages/airflow/example_dags/example_dataset_alias.py
[2024-09-12T15:20:55.626+0000] {processor.py:925} INFO - DAG(s) 'dataset_alias_example_alias_producer', 'dataset_alias_example_alias_consumer', 'dataset_s3_bucket_consumer', 'dataset_s3_bucket_producer' retrieved from /home/airflow/.local/lib/python3.12/site-packages/airflow/example_dags/example_dataset_alias.py
[2024-09-12T15:20:55.701+0000] {logging_mixin.py:190} INFO - [2024-09-12T15:20:55.700+0000] {dag.py:3211} INFO - Sync 4 DAGs
[2024-09-12T15:20:55.791+0000] {logging_mixin.py:190} INFO - [2024-09-12T15:20:55.791+0000] {dag.py:4138} INFO - Setting next_dagrun for dataset_alias_example_alias_consumer to None, run_after=None
[2024-09-12T15:20:55.807+0000] {logging_mixin.py:190} INFO - [2024-09-12T15:20:55.807+0000] {dag.py:4138} INFO - Setting next_dagrun for dataset_alias_example_alias_producer to None, run_after=None
[2024-09-12T15:20:55.821+0000] {logging_mixin.py:190} INFO - [2024-09-12T15:20:55.817+0000] {dag.py:4138} INFO - Setting next_dagrun for dataset_s3_bucket_consumer to None, run_after=None
[2024-09-12T15:20:55.826+0000] {logging_mixin.py:190} INFO - [2024-09-12T15:20:55.825+0000] {dag.py:4138} INFO - Setting next_dagrun for dataset_s3_bucket_producer to None, run_after=None
[2024-09-12T15:20:55.936+0000] {processor.py:208} INFO - Processing /home/airflow/.local/lib/python3.12/site-packages/airflow/example_dags/example_dataset_alias.py took 1.781 seconds
[2024-09-12T15:22:03.232+0000] {processor.py:186} INFO - Started process (PID=588) to work on /home/airflow/.local/lib/python3.12/site-packages/airflow/example_dags/example_dataset_alias.py
[2024-09-12T15:22:03.246+0000] {processor.py:914} INFO - Processing file /home/airflow/.local/lib/python3.12/site-packages/airflow/example_dags/example_dataset_alias.py for tasks to queue
[2024-09-12T15:22:03.271+0000] {logging_mixin.py:190} INFO - [2024-09-12T15:22:03.270+0000] {dagbag.py:587} INFO - Filling up the DagBag from /home/airflow/.local/lib/python3.12/site-packages/airflow/example_dags/example_dataset_alias.py
[2024-09-12T15:22:06.751+0000] {processor.py:925} INFO - DAG(s) 'dataset_alias_example_alias_consumer', 'dataset_s3_bucket_producer', 'dataset_alias_example_alias_producer', 'dataset_s3_bucket_consumer' retrieved from /home/airflow/.local/lib/python3.12/site-packages/airflow/example_dags/example_dataset_alias.py
[2024-09-12T15:22:07.650+0000] {logging_mixin.py:190} INFO - [2024-09-12T15:22:07.573+0000] {dag.py:3211} INFO - Sync 4 DAGs
[2024-09-12T15:22:08.594+0000] {logging_mixin.py:190} INFO - [2024-09-12T15:22:08.594+0000] {dag.py:4138} INFO - Setting next_dagrun for dataset_alias_example_alias_consumer to None, run_after=None
[2024-09-12T15:22:08.627+0000] {logging_mixin.py:190} INFO - [2024-09-12T15:22:08.626+0000] {dag.py:4138} INFO - Setting next_dagrun for dataset_alias_example_alias_producer to None, run_after=None
[2024-09-12T15:22:08.643+0000] {logging_mixin.py:190} INFO - [2024-09-12T15:22:08.643+0000] {dag.py:4138} INFO - Setting next_dagrun for dataset_s3_bucket_consumer to None, run_after=None
[2024-09-12T15:22:08.660+0000] {logging_mixin.py:190} INFO - [2024-09-12T15:22:08.659+0000] {dag.py:4138} INFO - Setting next_dagrun for dataset_s3_bucket_producer to None, run_after=None
[2024-09-12T15:22:09.185+0000] {processor.py:208} INFO - Processing /home/airflow/.local/lib/python3.12/site-packages/airflow/example_dags/example_dataset_alias.py took 6.062 seconds
[2024-09-12T15:23:09.585+0000] {processor.py:186} INFO - Started process (PID=665) to work on /home/airflow/.local/lib/python3.12/site-packages/airflow/example_dags/example_dataset_alias.py
[2024-09-12T15:23:09.653+0000] {processor.py:914} INFO - Processing file /home/airflow/.local/lib/python3.12/site-packages/airflow/example_dags/example_dataset_alias.py for tasks to queue
[2024-09-12T15:23:09.780+0000] {logging_mixin.py:190} INFO - [2024-09-12T15:23:09.780+0000] {dagbag.py:587} INFO - Filling up the DagBag from /home/airflow/.local/lib/python3.12/site-packages/airflow/example_dags/example_dataset_alias.py
[2024-09-12T15:23:12.910+0000] {processor.py:925} INFO - DAG(s) 'dataset_s3_bucket_producer', 'dataset_alias_example_alias_producer', 'dataset_alias_example_alias_consumer', 'dataset_s3_bucket_consumer' retrieved from /home/airflow/.local/lib/python3.12/site-packages/airflow/example_dags/example_dataset_alias.py
[2024-09-12T15:23:13.397+0000] {logging_mixin.py:190} INFO - [2024-09-12T15:23:13.396+0000] {dag.py:3211} INFO - Sync 4 DAGs
[2024-09-12T15:23:13.999+0000] {logging_mixin.py:190} INFO - [2024-09-12T15:23:13.998+0000] {dag.py:4138} INFO - Setting next_dagrun for dataset_alias_example_alias_consumer to None, run_after=None
[2024-09-12T15:23:14.051+0000] {logging_mixin.py:190} INFO - [2024-09-12T15:23:14.051+0000] {dag.py:4138} INFO - Setting next_dagrun for dataset_alias_example_alias_producer to None, run_after=None
[2024-09-12T15:23:14.070+0000] {logging_mixin.py:190} INFO - [2024-09-12T15:23:14.069+0000] {dag.py:4138} INFO - Setting next_dagrun for dataset_s3_bucket_consumer to None, run_after=None
[2024-09-12T15:23:14.103+0000] {logging_mixin.py:190} INFO - [2024-09-12T15:23:14.102+0000] {dag.py:4138} INFO - Setting next_dagrun for dataset_s3_bucket_producer to None, run_after=None
[2024-09-12T15:23:14.491+0000] {processor.py:208} INFO - Processing /home/airflow/.local/lib/python3.12/site-packages/airflow/example_dags/example_dataset_alias.py took 4.928 seconds
[2024-09-12T15:24:13.408+0000] {processor.py:186} INFO - Started process (PID=741) to work on /home/airflow/.local/lib/python3.12/site-packages/airflow/example_dags/example_dataset_alias.py
[2024-09-12T15:24:13.410+0000] {processor.py:914} INFO - Processing file /home/airflow/.local/lib/python3.12/site-packages/airflow/example_dags/example_dataset_alias.py for tasks to queue
[2024-09-12T15:24:13.425+0000] {logging_mixin.py:190} INFO - [2024-09-12T15:24:13.425+0000] {dagbag.py:587} INFO - Filling up the DagBag from /home/airflow/.local/lib/python3.12/site-packages/airflow/example_dags/example_dataset_alias.py
[2024-09-12T15:24:14.899+0000] {processor.py:925} INFO - DAG(s) 'dataset_s3_bucket_producer', 'dataset_s3_bucket_consumer', 'dataset_alias_example_alias_producer', 'dataset_alias_example_alias_consumer' retrieved from /home/airflow/.local/lib/python3.12/site-packages/airflow/example_dags/example_dataset_alias.py
[2024-09-12T15:24:15.102+0000] {logging_mixin.py:190} INFO - [2024-09-12T15:24:15.100+0000] {dag.py:3211} INFO - Sync 4 DAGs
[2024-09-12T15:24:15.284+0000] {logging_mixin.py:190} INFO - [2024-09-12T15:24:15.284+0000] {dag.py:4138} INFO - Setting next_dagrun for dataset_alias_example_alias_consumer to None, run_after=None
[2024-09-12T15:24:15.309+0000] {logging_mixin.py:190} INFO - [2024-09-12T15:24:15.309+0000] {dag.py:4138} INFO - Setting next_dagrun for dataset_alias_example_alias_producer to None, run_after=None
[2024-09-12T15:24:15.352+0000] {logging_mixin.py:190} INFO - [2024-09-12T15:24:15.330+0000] {dag.py:4138} INFO - Setting next_dagrun for dataset_s3_bucket_consumer to None, run_after=None
[2024-09-12T15:24:15.358+0000] {logging_mixin.py:190} INFO - [2024-09-12T15:24:15.357+0000] {dag.py:4138} INFO - Setting next_dagrun for dataset_s3_bucket_producer to None, run_after=None
[2024-09-12T15:24:15.614+0000] {processor.py:208} INFO - Processing /home/airflow/.local/lib/python3.12/site-packages/airflow/example_dags/example_dataset_alias.py took 2.255 seconds
[2024-09-12T15:26:11.208+0000] {processor.py:186} INFO - Started process (PID=831) to work on /home/airflow/.local/lib/python3.12/site-packages/airflow/example_dags/example_dataset_alias.py
[2024-09-12T15:26:11.382+0000] {processor.py:914} INFO - Processing file /home/airflow/.local/lib/python3.12/site-packages/airflow/example_dags/example_dataset_alias.py for tasks to queue
[2024-09-12T15:26:11.400+0000] {logging_mixin.py:190} INFO - [2024-09-12T15:26:11.399+0000] {dagbag.py:587} INFO - Filling up the DagBag from /home/airflow/.local/lib/python3.12/site-packages/airflow/example_dags/example_dataset_alias.py
[2024-09-12T15:26:15.834+0000] {processor.py:925} INFO - DAG(s) 'dataset_s3_bucket_consumer', 'dataset_alias_example_alias_consumer', 'dataset_s3_bucket_producer', 'dataset_alias_example_alias_producer' retrieved from /home/airflow/.local/lib/python3.12/site-packages/airflow/example_dags/example_dataset_alias.py
[2024-09-12T15:26:16.649+0000] {logging_mixin.py:190} INFO - [2024-09-12T15:26:16.648+0000] {dag.py:3211} INFO - Sync 4 DAGs
[2024-09-12T15:26:17.501+0000] {logging_mixin.py:190} INFO - [2024-09-12T15:26:17.501+0000] {dag.py:4138} INFO - Setting next_dagrun for dataset_alias_example_alias_consumer to None, run_after=None
[2024-09-12T15:26:17.533+0000] {logging_mixin.py:190} INFO - [2024-09-12T15:26:17.532+0000] {dag.py:4138} INFO - Setting next_dagrun for dataset_alias_example_alias_producer to None, run_after=None
[2024-09-12T15:26:17.566+0000] {logging_mixin.py:190} INFO - [2024-09-12T15:26:17.564+0000] {dag.py:4138} INFO - Setting next_dagrun for dataset_s3_bucket_consumer to None, run_after=None
[2024-09-12T15:26:17.613+0000] {logging_mixin.py:190} INFO - [2024-09-12T15:26:17.613+0000] {dag.py:4138} INFO - Setting next_dagrun for dataset_s3_bucket_producer to None, run_after=None
[2024-09-12T15:26:18.209+0000] {processor.py:208} INFO - Processing /home/airflow/.local/lib/python3.12/site-packages/airflow/example_dags/example_dataset_alias.py took 7.110 seconds
[2024-09-12T15:27:21.518+0000] {processor.py:186} INFO - Started process (PID=906) to work on /home/airflow/.local/lib/python3.12/site-packages/airflow/example_dags/example_dataset_alias.py
[2024-09-12T15:27:21.529+0000] {processor.py:914} INFO - Processing file /home/airflow/.local/lib/python3.12/site-packages/airflow/example_dags/example_dataset_alias.py for tasks to queue
[2024-09-12T15:27:21.547+0000] {logging_mixin.py:190} INFO - [2024-09-12T15:27:21.546+0000] {dagbag.py:587} INFO - Filling up the DagBag from /home/airflow/.local/lib/python3.12/site-packages/airflow/example_dags/example_dataset_alias.py
[2024-09-12T15:27:23.750+0000] {processor.py:925} INFO - DAG(s) 'dataset_s3_bucket_consumer', 'dataset_alias_example_alias_consumer', 'dataset_alias_example_alias_producer', 'dataset_s3_bucket_producer' retrieved from /home/airflow/.local/lib/python3.12/site-packages/airflow/example_dags/example_dataset_alias.py
[2024-09-12T15:27:24.025+0000] {logging_mixin.py:190} INFO - [2024-09-12T15:27:24.012+0000] {dag.py:3211} INFO - Sync 4 DAGs
[2024-09-12T15:27:24.442+0000] {logging_mixin.py:190} INFO - [2024-09-12T15:27:24.442+0000] {dag.py:4138} INFO - Setting next_dagrun for dataset_alias_example_alias_consumer to None, run_after=None
[2024-09-12T15:27:24.490+0000] {logging_mixin.py:190} INFO - [2024-09-12T15:27:24.490+0000] {dag.py:4138} INFO - Setting next_dagrun for dataset_alias_example_alias_producer to None, run_after=None
[2024-09-12T15:27:24.522+0000] {logging_mixin.py:190} INFO - [2024-09-12T15:27:24.521+0000] {dag.py:4138} INFO - Setting next_dagrun for dataset_s3_bucket_consumer to None, run_after=None
[2024-09-12T15:27:24.538+0000] {logging_mixin.py:190} INFO - [2024-09-12T15:27:24.537+0000] {dag.py:4138} INFO - Setting next_dagrun for dataset_s3_bucket_producer to None, run_after=None
[2024-09-12T15:27:25.226+0000] {processor.py:208} INFO - Processing /home/airflow/.local/lib/python3.12/site-packages/airflow/example_dags/example_dataset_alias.py took 3.738 seconds
[2024-09-12T15:28:17.077+0000] {processor.py:186} INFO - Started process (PID=978) to work on /home/airflow/.local/lib/python3.12/site-packages/airflow/example_dags/example_dataset_alias.py
[2024-09-12T15:28:17.081+0000] {processor.py:914} INFO - Processing file /home/airflow/.local/lib/python3.12/site-packages/airflow/example_dags/example_dataset_alias.py for tasks to queue
[2024-09-12T15:28:17.117+0000] {logging_mixin.py:190} INFO - [2024-09-12T15:28:17.117+0000] {dagbag.py:587} INFO - Filling up the DagBag from /home/airflow/.local/lib/python3.12/site-packages/airflow/example_dags/example_dataset_alias.py
[2024-09-12T15:28:18.347+0000] {processor.py:925} INFO - DAG(s) 'dataset_s3_bucket_consumer', 'dataset_s3_bucket_producer', 'dataset_alias_example_alias_producer', 'dataset_alias_example_alias_consumer' retrieved from /home/airflow/.local/lib/python3.12/site-packages/airflow/example_dags/example_dataset_alias.py
[2024-09-12T15:28:18.524+0000] {logging_mixin.py:190} INFO - [2024-09-12T15:28:18.524+0000] {dag.py:3211} INFO - Sync 4 DAGs
[2024-09-12T15:28:18.702+0000] {logging_mixin.py:190} INFO - [2024-09-12T15:28:18.701+0000] {dag.py:4138} INFO - Setting next_dagrun for dataset_alias_example_alias_consumer to None, run_after=None
[2024-09-12T15:28:18.727+0000] {logging_mixin.py:190} INFO - [2024-09-12T15:28:18.727+0000] {dag.py:4138} INFO - Setting next_dagrun for dataset_alias_example_alias_producer to None, run_after=None
[2024-09-12T15:28:18.753+0000] {logging_mixin.py:190} INFO - [2024-09-12T15:28:18.753+0000] {dag.py:4138} INFO - Setting next_dagrun for dataset_s3_bucket_consumer to None, run_after=None
[2024-09-12T15:28:18.762+0000] {logging_mixin.py:190} INFO - [2024-09-12T15:28:18.761+0000] {dag.py:4138} INFO - Setting next_dagrun for dataset_s3_bucket_producer to None, run_after=None
[2024-09-12T15:28:19.094+0000] {processor.py:208} INFO - Processing /home/airflow/.local/lib/python3.12/site-packages/airflow/example_dags/example_dataset_alias.py took 2.062 seconds
[2024-09-12T15:29:08.701+0000] {processor.py:186} INFO - Started process (PID=1045) to work on /home/airflow/.local/lib/python3.12/site-packages/airflow/example_dags/example_dataset_alias.py
[2024-09-12T15:29:08.723+0000] {processor.py:914} INFO - Processing file /home/airflow/.local/lib/python3.12/site-packages/airflow/example_dags/example_dataset_alias.py for tasks to queue
[2024-09-12T15:29:08.737+0000] {logging_mixin.py:190} INFO - [2024-09-12T15:29:08.736+0000] {dagbag.py:587} INFO - Filling up the DagBag from /home/airflow/.local/lib/python3.12/site-packages/airflow/example_dags/example_dataset_alias.py
[2024-09-12T15:29:10.566+0000] {processor.py:925} INFO - DAG(s) 'dataset_s3_bucket_consumer', 'dataset_alias_example_alias_consumer', 'dataset_s3_bucket_producer', 'dataset_alias_example_alias_producer' retrieved from /home/airflow/.local/lib/python3.12/site-packages/airflow/example_dags/example_dataset_alias.py
[2024-09-12T15:29:10.794+0000] {logging_mixin.py:190} INFO - [2024-09-12T15:29:10.790+0000] {dag.py:3211} INFO - Sync 4 DAGs
[2024-09-12T15:29:11.097+0000] {logging_mixin.py:190} INFO - [2024-09-12T15:29:11.097+0000] {dag.py:4138} INFO - Setting next_dagrun for dataset_alias_example_alias_consumer to None, run_after=None
[2024-09-12T15:29:11.150+0000] {logging_mixin.py:190} INFO - [2024-09-12T15:29:11.145+0000] {dag.py:4138} INFO - Setting next_dagrun for dataset_alias_example_alias_producer to None, run_after=None
[2024-09-12T15:29:11.164+0000] {logging_mixin.py:190} INFO - [2024-09-12T15:29:11.164+0000] {dag.py:4138} INFO - Setting next_dagrun for dataset_s3_bucket_consumer to None, run_after=None
[2024-09-12T15:29:11.172+0000] {logging_mixin.py:190} INFO - [2024-09-12T15:29:11.171+0000] {dag.py:4138} INFO - Setting next_dagrun for dataset_s3_bucket_producer to None, run_after=None
[2024-09-12T15:29:11.488+0000] {processor.py:208} INFO - Processing /home/airflow/.local/lib/python3.12/site-packages/airflow/example_dags/example_dataset_alias.py took 2.879 seconds
[2024-09-12T15:30:37.611+0000] {processor.py:186} INFO - Started process (PID=1119) to work on /home/airflow/.local/lib/python3.12/site-packages/airflow/example_dags/example_dataset_alias.py
[2024-09-12T15:30:37.613+0000] {processor.py:914} INFO - Processing file /home/airflow/.local/lib/python3.12/site-packages/airflow/example_dags/example_dataset_alias.py for tasks to queue
[2024-09-12T15:30:37.667+0000] {logging_mixin.py:190} INFO - [2024-09-12T15:30:37.658+0000] {dagbag.py:587} INFO - Filling up the DagBag from /home/airflow/.local/lib/python3.12/site-packages/airflow/example_dags/example_dataset_alias.py
[2024-09-12T15:30:46.231+0000] {processor.py:925} INFO - DAG(s) 'dataset_s3_bucket_producer', 'dataset_alias_example_alias_producer', 'dataset_alias_example_alias_consumer', 'dataset_s3_bucket_consumer' retrieved from /home/airflow/.local/lib/python3.12/site-packages/airflow/example_dags/example_dataset_alias.py
[2024-09-12T15:30:46.680+0000] {logging_mixin.py:190} INFO - [2024-09-12T15:30:46.680+0000] {dag.py:3211} INFO - Sync 4 DAGs
[2024-09-12T15:30:46.981+0000] {logging_mixin.py:190} INFO - [2024-09-12T15:30:46.970+0000] {dag.py:4138} INFO - Setting next_dagrun for dataset_alias_example_alias_consumer to None, run_after=None
[2024-09-12T15:30:47.001+0000] {logging_mixin.py:190} INFO - [2024-09-12T15:30:47.001+0000] {dag.py:4138} INFO - Setting next_dagrun for dataset_alias_example_alias_producer to None, run_after=None
[2024-09-12T15:30:47.062+0000] {logging_mixin.py:190} INFO - [2024-09-12T15:30:47.062+0000] {dag.py:4138} INFO - Setting next_dagrun for dataset_s3_bucket_consumer to None, run_after=None
[2024-09-12T15:30:47.078+0000] {logging_mixin.py:190} INFO - [2024-09-12T15:30:47.078+0000] {dag.py:4138} INFO - Setting next_dagrun for dataset_s3_bucket_producer to None, run_after=None
[2024-09-12T15:30:47.752+0000] {processor.py:208} INFO - Processing /home/airflow/.local/lib/python3.12/site-packages/airflow/example_dags/example_dataset_alias.py took 10.048 seconds
[2024-09-12T15:31:51.940+0000] {processor.py:186} INFO - Started process (PID=1209) to work on /home/airflow/.local/lib/python3.12/site-packages/airflow/example_dags/example_dataset_alias.py
[2024-09-12T15:31:51.971+0000] {processor.py:914} INFO - Processing file /home/airflow/.local/lib/python3.12/site-packages/airflow/example_dags/example_dataset_alias.py for tasks to queue
[2024-09-12T15:31:51.991+0000] {logging_mixin.py:190} INFO - [2024-09-12T15:31:51.990+0000] {dagbag.py:587} INFO - Filling up the DagBag from /home/airflow/.local/lib/python3.12/site-packages/airflow/example_dags/example_dataset_alias.py
[2024-09-12T15:31:53.931+0000] {processor.py:925} INFO - DAG(s) 'dataset_alias_example_alias_consumer', 'dataset_alias_example_alias_producer', 'dataset_s3_bucket_producer', 'dataset_s3_bucket_consumer' retrieved from /home/airflow/.local/lib/python3.12/site-packages/airflow/example_dags/example_dataset_alias.py
[2024-09-12T15:31:54.115+0000] {logging_mixin.py:190} INFO - [2024-09-12T15:31:54.115+0000] {dag.py:3211} INFO - Sync 4 DAGs
[2024-09-12T15:31:54.320+0000] {logging_mixin.py:190} INFO - [2024-09-12T15:31:54.319+0000] {dag.py:4138} INFO - Setting next_dagrun for dataset_alias_example_alias_consumer to None, run_after=None
[2024-09-12T15:31:54.357+0000] {logging_mixin.py:190} INFO - [2024-09-12T15:31:54.356+0000] {dag.py:4138} INFO - Setting next_dagrun for dataset_alias_example_alias_producer to None, run_after=None
[2024-09-12T15:31:54.420+0000] {logging_mixin.py:190} INFO - [2024-09-12T15:31:54.420+0000] {dag.py:4138} INFO - Setting next_dagrun for dataset_s3_bucket_consumer to None, run_after=None
[2024-09-12T15:31:54.424+0000] {logging_mixin.py:190} INFO - [2024-09-12T15:31:54.424+0000] {dag.py:4138} INFO - Setting next_dagrun for dataset_s3_bucket_producer to None, run_after=None
[2024-09-12T15:31:54.622+0000] {processor.py:208} INFO - Processing /home/airflow/.local/lib/python3.12/site-packages/airflow/example_dags/example_dataset_alias.py took 2.758 seconds
[2024-09-12T15:32:34.432+0000] {processor.py:186} INFO - Started process (PID=1274) to work on /home/airflow/.local/lib/python3.12/site-packages/airflow/example_dags/example_dataset_alias.py
[2024-09-12T15:32:34.447+0000] {processor.py:914} INFO - Processing file /home/airflow/.local/lib/python3.12/site-packages/airflow/example_dags/example_dataset_alias.py for tasks to queue
[2024-09-12T15:32:34.462+0000] {logging_mixin.py:190} INFO - [2024-09-12T15:32:34.462+0000] {dagbag.py:587} INFO - Filling up the DagBag from /home/airflow/.local/lib/python3.12/site-packages/airflow/example_dags/example_dataset_alias.py
[2024-09-12T15:32:37.879+0000] {processor.py:925} INFO - DAG(s) 'dataset_s3_bucket_producer', 'dataset_s3_bucket_consumer', 'dataset_alias_example_alias_producer', 'dataset_alias_example_alias_consumer' retrieved from /home/airflow/.local/lib/python3.12/site-packages/airflow/example_dags/example_dataset_alias.py
[2024-09-12T15:32:38.145+0000] {logging_mixin.py:190} INFO - [2024-09-12T15:32:38.143+0000] {dag.py:3211} INFO - Sync 4 DAGs
[2024-09-12T15:32:38.460+0000] {logging_mixin.py:190} INFO - [2024-09-12T15:32:38.440+0000] {dag.py:4138} INFO - Setting next_dagrun for dataset_alias_example_alias_consumer to None, run_after=None
[2024-09-12T15:32:38.502+0000] {logging_mixin.py:190} INFO - [2024-09-12T15:32:38.501+0000] {dag.py:4138} INFO - Setting next_dagrun for dataset_alias_example_alias_producer to None, run_after=None
[2024-09-12T15:32:38.534+0000] {logging_mixin.py:190} INFO - [2024-09-12T15:32:38.534+0000] {dag.py:4138} INFO - Setting next_dagrun for dataset_s3_bucket_consumer to None, run_after=None
[2024-09-12T15:32:38.552+0000] {logging_mixin.py:190} INFO - [2024-09-12T15:32:38.552+0000] {dag.py:4138} INFO - Setting next_dagrun for dataset_s3_bucket_producer to None, run_after=None
[2024-09-12T15:32:38.877+0000] {processor.py:208} INFO - Processing /home/airflow/.local/lib/python3.12/site-packages/airflow/example_dags/example_dataset_alias.py took 4.489 seconds
[2024-09-12T15:33:45.431+0000] {processor.py:186} INFO - Started process (PID=1363) to work on /home/airflow/.local/lib/python3.12/site-packages/airflow/example_dags/example_dataset_alias.py
[2024-09-12T15:33:45.440+0000] {processor.py:914} INFO - Processing file /home/airflow/.local/lib/python3.12/site-packages/airflow/example_dags/example_dataset_alias.py for tasks to queue
[2024-09-12T15:33:45.451+0000] {logging_mixin.py:190} INFO - [2024-09-12T15:33:45.442+0000] {dagbag.py:587} INFO - Filling up the DagBag from /home/airflow/.local/lib/python3.12/site-packages/airflow/example_dags/example_dataset_alias.py
[2024-09-12T15:33:46.791+0000] {processor.py:925} INFO - DAG(s) 'dataset_s3_bucket_producer', 'dataset_alias_example_alias_producer', 'dataset_alias_example_alias_consumer', 'dataset_s3_bucket_consumer' retrieved from /home/airflow/.local/lib/python3.12/site-packages/airflow/example_dags/example_dataset_alias.py
[2024-09-12T15:33:46.980+0000] {logging_mixin.py:190} INFO - [2024-09-12T15:33:46.979+0000] {dag.py:3211} INFO - Sync 4 DAGs
[2024-09-12T15:33:47.139+0000] {logging_mixin.py:190} INFO - [2024-09-12T15:33:47.138+0000] {dag.py:4138} INFO - Setting next_dagrun for dataset_alias_example_alias_consumer to None, run_after=None
[2024-09-12T15:33:47.158+0000] {logging_mixin.py:190} INFO - [2024-09-12T15:33:47.158+0000] {dag.py:4138} INFO - Setting next_dagrun for dataset_alias_example_alias_producer to None, run_after=None
[2024-09-12T15:33:47.175+0000] {logging_mixin.py:190} INFO - [2024-09-12T15:33:47.174+0000] {dag.py:4138} INFO - Setting next_dagrun for dataset_s3_bucket_consumer to None, run_after=None
[2024-09-12T15:33:47.197+0000] {logging_mixin.py:190} INFO - [2024-09-12T15:33:47.196+0000] {dag.py:4138} INFO - Setting next_dagrun for dataset_s3_bucket_producer to None, run_after=None
[2024-09-12T15:33:47.532+0000] {processor.py:208} INFO - Processing /home/airflow/.local/lib/python3.12/site-packages/airflow/example_dags/example_dataset_alias.py took 2.135 seconds
[2024-09-12T15:34:31.158+0000] {processor.py:186} INFO - Started process (PID=1444) to work on /home/airflow/.local/lib/python3.12/site-packages/airflow/example_dags/example_dataset_alias.py
[2024-09-12T15:34:31.169+0000] {processor.py:914} INFO - Processing file /home/airflow/.local/lib/python3.12/site-packages/airflow/example_dags/example_dataset_alias.py for tasks to queue
[2024-09-12T15:34:31.175+0000] {logging_mixin.py:190} INFO - [2024-09-12T15:34:31.172+0000] {dagbag.py:587} INFO - Filling up the DagBag from /home/airflow/.local/lib/python3.12/site-packages/airflow/example_dags/example_dataset_alias.py
[2024-09-12T15:34:32.313+0000] {processor.py:925} INFO - DAG(s) 'dataset_s3_bucket_consumer', 'dataset_s3_bucket_producer', 'dataset_alias_example_alias_producer', 'dataset_alias_example_alias_consumer' retrieved from /home/airflow/.local/lib/python3.12/site-packages/airflow/example_dags/example_dataset_alias.py
[2024-09-12T15:34:32.449+0000] {logging_mixin.py:190} INFO - [2024-09-12T15:34:32.449+0000] {dag.py:3211} INFO - Sync 4 DAGs
[2024-09-12T15:34:32.562+0000] {logging_mixin.py:190} INFO - [2024-09-12T15:34:32.562+0000] {dag.py:4138} INFO - Setting next_dagrun for dataset_alias_example_alias_consumer to None, run_after=None
[2024-09-12T15:34:32.624+0000] {logging_mixin.py:190} INFO - [2024-09-12T15:34:32.595+0000] {dag.py:4138} INFO - Setting next_dagrun for dataset_alias_example_alias_producer to None, run_after=None
[2024-09-12T15:34:32.636+0000] {logging_mixin.py:190} INFO - [2024-09-12T15:34:32.636+0000] {dag.py:4138} INFO - Setting next_dagrun for dataset_s3_bucket_consumer to None, run_after=None
[2024-09-12T15:34:32.642+0000] {logging_mixin.py:190} INFO - [2024-09-12T15:34:32.642+0000] {dag.py:4138} INFO - Setting next_dagrun for dataset_s3_bucket_producer to None, run_after=None
[2024-09-12T15:34:32.931+0000] {processor.py:208} INFO - Processing /home/airflow/.local/lib/python3.12/site-packages/airflow/example_dags/example_dataset_alias.py took 1.827 seconds
[2024-09-12T15:35:49.193+0000] {processor.py:186} INFO - Started process (PID=1533) to work on /home/airflow/.local/lib/python3.12/site-packages/airflow/example_dags/example_dataset_alias.py
[2024-09-12T15:35:49.212+0000] {processor.py:914} INFO - Processing file /home/airflow/.local/lib/python3.12/site-packages/airflow/example_dags/example_dataset_alias.py for tasks to queue
[2024-09-12T15:35:49.215+0000] {logging_mixin.py:190} INFO - [2024-09-12T15:35:49.215+0000] {dagbag.py:587} INFO - Filling up the DagBag from /home/airflow/.local/lib/python3.12/site-packages/airflow/example_dags/example_dataset_alias.py
[2024-09-12T15:35:51.149+0000] {processor.py:925} INFO - DAG(s) 'dataset_s3_bucket_consumer', 'dataset_alias_example_alias_consumer', 'dataset_s3_bucket_producer', 'dataset_alias_example_alias_producer' retrieved from /home/airflow/.local/lib/python3.12/site-packages/airflow/example_dags/example_dataset_alias.py
[2024-09-12T15:35:51.642+0000] {logging_mixin.py:190} INFO - [2024-09-12T15:35:51.641+0000] {dag.py:3211} INFO - Sync 4 DAGs
[2024-09-12T15:35:52.090+0000] {logging_mixin.py:190} INFO - [2024-09-12T15:35:52.089+0000] {dag.py:4138} INFO - Setting next_dagrun for dataset_alias_example_alias_consumer to None, run_after=None
[2024-09-12T15:35:52.109+0000] {logging_mixin.py:190} INFO - [2024-09-12T15:35:52.108+0000] {dag.py:4138} INFO - Setting next_dagrun for dataset_alias_example_alias_producer to None, run_after=None
[2024-09-12T15:35:52.162+0000] {logging_mixin.py:190} INFO - [2024-09-12T15:35:52.150+0000] {dag.py:4138} INFO - Setting next_dagrun for dataset_s3_bucket_consumer to None, run_after=None
[2024-09-12T15:35:52.195+0000] {logging_mixin.py:190} INFO - [2024-09-12T15:35:52.194+0000] {dag.py:4138} INFO - Setting next_dagrun for dataset_s3_bucket_producer to None, run_after=None
[2024-09-12T15:35:52.439+0000] {processor.py:208} INFO - Processing /home/airflow/.local/lib/python3.12/site-packages/airflow/example_dags/example_dataset_alias.py took 3.320 seconds
[2024-09-12T15:36:58.160+0000] {processor.py:186} INFO - Started process (PID=1609) to work on /home/airflow/.local/lib/python3.12/site-packages/airflow/example_dags/example_dataset_alias.py
[2024-09-12T15:36:58.168+0000] {processor.py:914} INFO - Processing file /home/airflow/.local/lib/python3.12/site-packages/airflow/example_dags/example_dataset_alias.py for tasks to queue
[2024-09-12T15:36:58.178+0000] {logging_mixin.py:190} INFO - [2024-09-12T15:36:58.177+0000] {dagbag.py:587} INFO - Filling up the DagBag from /home/airflow/.local/lib/python3.12/site-packages/airflow/example_dags/example_dataset_alias.py
[2024-09-12T15:36:59.610+0000] {processor.py:925} INFO - DAG(s) 'dataset_s3_bucket_consumer', 'dataset_s3_bucket_producer', 'dataset_alias_example_alias_consumer', 'dataset_alias_example_alias_producer' retrieved from /home/airflow/.local/lib/python3.12/site-packages/airflow/example_dags/example_dataset_alias.py
[2024-09-12T15:37:00.158+0000] {logging_mixin.py:190} INFO - [2024-09-12T15:37:00.157+0000] {dag.py:3211} INFO - Sync 4 DAGs
[2024-09-12T15:37:00.425+0000] {logging_mixin.py:190} INFO - [2024-09-12T15:37:00.425+0000] {dag.py:4138} INFO - Setting next_dagrun for dataset_alias_example_alias_consumer to None, run_after=None
[2024-09-12T15:37:00.489+0000] {logging_mixin.py:190} INFO - [2024-09-12T15:37:00.488+0000] {dag.py:4138} INFO - Setting next_dagrun for dataset_alias_example_alias_producer to None, run_after=None
[2024-09-12T15:37:00.538+0000] {logging_mixin.py:190} INFO - [2024-09-12T15:37:00.537+0000] {dag.py:4138} INFO - Setting next_dagrun for dataset_s3_bucket_consumer to None, run_after=None
[2024-09-12T15:37:00.557+0000] {logging_mixin.py:190} INFO - [2024-09-12T15:37:00.556+0000] {dag.py:4138} INFO - Setting next_dagrun for dataset_s3_bucket_producer to None, run_after=None
[2024-09-12T15:37:00.845+0000] {processor.py:208} INFO - Processing /home/airflow/.local/lib/python3.12/site-packages/airflow/example_dags/example_dataset_alias.py took 2.709 seconds
[2024-09-12T15:38:14.233+0000] {processor.py:186} INFO - Started process (PID=1698) to work on /home/airflow/.local/lib/python3.12/site-packages/airflow/example_dags/example_dataset_alias.py
[2024-09-12T15:38:14.250+0000] {processor.py:914} INFO - Processing file /home/airflow/.local/lib/python3.12/site-packages/airflow/example_dags/example_dataset_alias.py for tasks to queue
[2024-09-12T15:38:14.256+0000] {logging_mixin.py:190} INFO - [2024-09-12T15:38:14.255+0000] {dagbag.py:587} INFO - Filling up the DagBag from /home/airflow/.local/lib/python3.12/site-packages/airflow/example_dags/example_dataset_alias.py
[2024-09-12T15:38:18.657+0000] {processor.py:925} INFO - DAG(s) 'dataset_s3_bucket_consumer', 'dataset_alias_example_alias_consumer', 'dataset_s3_bucket_producer', 'dataset_alias_example_alias_producer' retrieved from /home/airflow/.local/lib/python3.12/site-packages/airflow/example_dags/example_dataset_alias.py
[2024-09-12T15:38:19.045+0000] {logging_mixin.py:190} INFO - [2024-09-12T15:38:19.044+0000] {dag.py:3211} INFO - Sync 4 DAGs
[2024-09-12T15:38:19.545+0000] {logging_mixin.py:190} INFO - [2024-09-12T15:38:19.544+0000] {dag.py:4138} INFO - Setting next_dagrun for dataset_alias_example_alias_consumer to None, run_after=None
[2024-09-12T15:38:19.606+0000] {logging_mixin.py:190} INFO - [2024-09-12T15:38:19.605+0000] {dag.py:4138} INFO - Setting next_dagrun for dataset_alias_example_alias_producer to None, run_after=None
[2024-09-12T15:38:19.651+0000] {logging_mixin.py:190} INFO - [2024-09-12T15:38:19.651+0000] {dag.py:4138} INFO - Setting next_dagrun for dataset_s3_bucket_consumer to None, run_after=None
[2024-09-12T15:38:19.699+0000] {logging_mixin.py:190} INFO - [2024-09-12T15:38:19.699+0000] {dag.py:4138} INFO - Setting next_dagrun for dataset_s3_bucket_producer to None, run_after=None
[2024-09-12T15:38:20.363+0000] {processor.py:208} INFO - Processing /home/airflow/.local/lib/python3.12/site-packages/airflow/example_dags/example_dataset_alias.py took 6.235 seconds
[2024-09-12T15:40:02.233+0000] {processor.py:186} INFO - Started process (PID=1796) to work on /home/airflow/.local/lib/python3.12/site-packages/airflow/example_dags/example_dataset_alias.py
[2024-09-12T15:40:02.295+0000] {processor.py:914} INFO - Processing file /home/airflow/.local/lib/python3.12/site-packages/airflow/example_dags/example_dataset_alias.py for tasks to queue
[2024-09-12T15:40:02.349+0000] {logging_mixin.py:190} INFO - [2024-09-12T15:40:02.349+0000] {dagbag.py:587} INFO - Filling up the DagBag from /home/airflow/.local/lib/python3.12/site-packages/airflow/example_dags/example_dataset_alias.py
[2024-09-12T15:40:05.521+0000] {processor.py:925} INFO - DAG(s) 'dataset_s3_bucket_consumer', 'dataset_s3_bucket_producer', 'dataset_alias_example_alias_consumer', 'dataset_alias_example_alias_producer' retrieved from /home/airflow/.local/lib/python3.12/site-packages/airflow/example_dags/example_dataset_alias.py
[2024-09-12T15:40:06.230+0000] {logging_mixin.py:190} INFO - [2024-09-12T15:40:06.229+0000] {dag.py:3211} INFO - Sync 4 DAGs
[2024-09-12T15:40:06.757+0000] {logging_mixin.py:190} INFO - [2024-09-12T15:40:06.727+0000] {dag.py:4138} INFO - Setting next_dagrun for dataset_alias_example_alias_consumer to None, run_after=None
[2024-09-12T15:40:06.788+0000] {logging_mixin.py:190} INFO - [2024-09-12T15:40:06.787+0000] {dag.py:4138} INFO - Setting next_dagrun for dataset_alias_example_alias_producer to None, run_after=None
[2024-09-12T15:40:06.842+0000] {logging_mixin.py:190} INFO - [2024-09-12T15:40:06.842+0000] {dag.py:4138} INFO - Setting next_dagrun for dataset_s3_bucket_consumer to None, run_after=None
[2024-09-12T15:40:06.861+0000] {logging_mixin.py:190} INFO - [2024-09-12T15:40:06.860+0000] {dag.py:4138} INFO - Setting next_dagrun for dataset_s3_bucket_producer to None, run_after=None
[2024-09-12T15:40:07.279+0000] {processor.py:208} INFO - Processing /home/airflow/.local/lib/python3.12/site-packages/airflow/example_dags/example_dataset_alias.py took 5.221 seconds
[2024-09-12T15:45:05.074+0000] {processor.py:186} INFO - Started process (PID=1935) to work on /home/airflow/.local/lib/python3.12/site-packages/airflow/example_dags/example_dataset_alias.py
[2024-09-12T15:45:05.080+0000] {processor.py:914} INFO - Processing file /home/airflow/.local/lib/python3.12/site-packages/airflow/example_dags/example_dataset_alias.py for tasks to queue
[2024-09-12T15:45:05.093+0000] {logging_mixin.py:190} INFO - [2024-09-12T15:45:05.092+0000] {dagbag.py:587} INFO - Filling up the DagBag from /home/airflow/.local/lib/python3.12/site-packages/airflow/example_dags/example_dataset_alias.py
[2024-09-12T15:45:06.656+0000] {processor.py:925} INFO - DAG(s) 'dataset_s3_bucket_consumer', 'dataset_s3_bucket_producer', 'dataset_alias_example_alias_consumer', 'dataset_alias_example_alias_producer' retrieved from /home/airflow/.local/lib/python3.12/site-packages/airflow/example_dags/example_dataset_alias.py
[2024-09-12T15:45:06.847+0000] {logging_mixin.py:190} INFO - [2024-09-12T15:45:06.847+0000] {dag.py:3211} INFO - Sync 4 DAGs
[2024-09-12T15:45:07.003+0000] {logging_mixin.py:190} INFO - [2024-09-12T15:45:07.002+0000] {dag.py:4138} INFO - Setting next_dagrun for dataset_alias_example_alias_consumer to None, run_after=None
[2024-09-12T15:45:07.020+0000] {logging_mixin.py:190} INFO - [2024-09-12T15:45:07.020+0000] {dag.py:4138} INFO - Setting next_dagrun for dataset_alias_example_alias_producer to None, run_after=None
[2024-09-12T15:45:07.038+0000] {logging_mixin.py:190} INFO - [2024-09-12T15:45:07.038+0000] {dag.py:4138} INFO - Setting next_dagrun for dataset_s3_bucket_consumer to None, run_after=None
[2024-09-12T15:45:07.048+0000] {logging_mixin.py:190} INFO - [2024-09-12T15:45:07.048+0000] {dag.py:4138} INFO - Setting next_dagrun for dataset_s3_bucket_producer to None, run_after=None
[2024-09-12T15:45:07.155+0000] {processor.py:208} INFO - Processing /home/airflow/.local/lib/python3.12/site-packages/airflow/example_dags/example_dataset_alias.py took 2.102 seconds
[2024-09-12T15:45:59.567+0000] {processor.py:186} INFO - Started process (PID=2013) to work on /home/airflow/.local/lib/python3.12/site-packages/airflow/example_dags/example_dataset_alias.py
[2024-09-12T15:45:59.575+0000] {processor.py:914} INFO - Processing file /home/airflow/.local/lib/python3.12/site-packages/airflow/example_dags/example_dataset_alias.py for tasks to queue
[2024-09-12T15:45:59.585+0000] {logging_mixin.py:190} INFO - [2024-09-12T15:45:59.577+0000] {dagbag.py:587} INFO - Filling up the DagBag from /home/airflow/.local/lib/python3.12/site-packages/airflow/example_dags/example_dataset_alias.py
[2024-09-12T15:46:01.040+0000] {processor.py:925} INFO - DAG(s) 'dataset_s3_bucket_consumer', 'dataset_alias_example_alias_consumer', 'dataset_alias_example_alias_producer', 'dataset_s3_bucket_producer' retrieved from /home/airflow/.local/lib/python3.12/site-packages/airflow/example_dags/example_dataset_alias.py
[2024-09-12T15:46:01.227+0000] {logging_mixin.py:190} INFO - [2024-09-12T15:46:01.226+0000] {dag.py:3211} INFO - Sync 4 DAGs
[2024-09-12T15:46:01.404+0000] {logging_mixin.py:190} INFO - [2024-09-12T15:46:01.404+0000] {dag.py:4138} INFO - Setting next_dagrun for dataset_alias_example_alias_consumer to None, run_after=None
[2024-09-12T15:46:01.465+0000] {logging_mixin.py:190} INFO - [2024-09-12T15:46:01.463+0000] {dag.py:4138} INFO - Setting next_dagrun for dataset_alias_example_alias_producer to None, run_after=None
[2024-09-12T15:46:01.478+0000] {logging_mixin.py:190} INFO - [2024-09-12T15:46:01.477+0000] {dag.py:4138} INFO - Setting next_dagrun for dataset_s3_bucket_consumer to None, run_after=None
[2024-09-12T15:46:01.494+0000] {logging_mixin.py:190} INFO - [2024-09-12T15:46:01.493+0000] {dag.py:4138} INFO - Setting next_dagrun for dataset_s3_bucket_producer to None, run_after=None
[2024-09-12T15:46:01.862+0000] {processor.py:208} INFO - Processing /home/airflow/.local/lib/python3.12/site-packages/airflow/example_dags/example_dataset_alias.py took 2.323 seconds
[2024-09-12T15:47:00.170+0000] {processor.py:186} INFO - Started process (PID=2086) to work on /home/airflow/.local/lib/python3.12/site-packages/airflow/example_dags/example_dataset_alias.py
[2024-09-12T15:47:00.174+0000] {processor.py:914} INFO - Processing file /home/airflow/.local/lib/python3.12/site-packages/airflow/example_dags/example_dataset_alias.py for tasks to queue
[2024-09-12T15:47:00.188+0000] {logging_mixin.py:190} INFO - [2024-09-12T15:47:00.187+0000] {dagbag.py:587} INFO - Filling up the DagBag from /home/airflow/.local/lib/python3.12/site-packages/airflow/example_dags/example_dataset_alias.py
[2024-09-12T15:47:02.138+0000] {processor.py:925} INFO - DAG(s) 'dataset_alias_example_alias_consumer', 'dataset_s3_bucket_consumer', 'dataset_alias_example_alias_producer', 'dataset_s3_bucket_producer' retrieved from /home/airflow/.local/lib/python3.12/site-packages/airflow/example_dags/example_dataset_alias.py
[2024-09-12T15:47:02.288+0000] {logging_mixin.py:190} INFO - [2024-09-12T15:47:02.280+0000] {dag.py:3211} INFO - Sync 4 DAGs
[2024-09-12T15:47:02.435+0000] {logging_mixin.py:190} INFO - [2024-09-12T15:47:02.434+0000] {dag.py:4138} INFO - Setting next_dagrun for dataset_alias_example_alias_consumer to None, run_after=None
[2024-09-12T15:47:02.481+0000] {logging_mixin.py:190} INFO - [2024-09-12T15:47:02.481+0000] {dag.py:4138} INFO - Setting next_dagrun for dataset_alias_example_alias_producer to None, run_after=None
[2024-09-12T15:47:02.498+0000] {logging_mixin.py:190} INFO - [2024-09-12T15:47:02.498+0000] {dag.py:4138} INFO - Setting next_dagrun for dataset_s3_bucket_consumer to None, run_after=None
[2024-09-12T15:47:02.515+0000] {logging_mixin.py:190} INFO - [2024-09-12T15:47:02.514+0000] {dag.py:4138} INFO - Setting next_dagrun for dataset_s3_bucket_producer to None, run_after=None
[2024-09-12T15:47:02.823+0000] {processor.py:208} INFO - Processing /home/airflow/.local/lib/python3.12/site-packages/airflow/example_dags/example_dataset_alias.py took 2.700 seconds
[2024-09-12T15:48:00.036+0000] {processor.py:186} INFO - Started process (PID=2160) to work on /home/airflow/.local/lib/python3.12/site-packages/airflow/example_dags/example_dataset_alias.py
[2024-09-12T15:48:00.048+0000] {processor.py:914} INFO - Processing file /home/airflow/.local/lib/python3.12/site-packages/airflow/example_dags/example_dataset_alias.py for tasks to queue
[2024-09-12T15:48:00.055+0000] {logging_mixin.py:190} INFO - [2024-09-12T15:48:00.055+0000] {dagbag.py:587} INFO - Filling up the DagBag from /home/airflow/.local/lib/python3.12/site-packages/airflow/example_dags/example_dataset_alias.py
[2024-09-12T15:48:01.300+0000] {processor.py:925} INFO - DAG(s) 'dataset_alias_example_alias_consumer', 'dataset_s3_bucket_consumer', 'dataset_s3_bucket_producer', 'dataset_alias_example_alias_producer' retrieved from /home/airflow/.local/lib/python3.12/site-packages/airflow/example_dags/example_dataset_alias.py
[2024-09-12T15:48:01.422+0000] {logging_mixin.py:190} INFO - [2024-09-12T15:48:01.422+0000] {dag.py:3211} INFO - Sync 4 DAGs
[2024-09-12T15:48:02.265+0000] {logging_mixin.py:190} INFO - [2024-09-12T15:48:02.265+0000] {dag.py:4138} INFO - Setting next_dagrun for dataset_alias_example_alias_consumer to None, run_after=None
[2024-09-12T15:48:02.288+0000] {logging_mixin.py:190} INFO - [2024-09-12T15:48:02.287+0000] {dag.py:4138} INFO - Setting next_dagrun for dataset_alias_example_alias_producer to None, run_after=None
[2024-09-12T15:48:02.301+0000] {logging_mixin.py:190} INFO - [2024-09-12T15:48:02.301+0000] {dag.py:4138} INFO - Setting next_dagrun for dataset_s3_bucket_consumer to None, run_after=None
[2024-09-12T15:48:02.308+0000] {logging_mixin.py:190} INFO - [2024-09-12T15:48:02.307+0000] {dag.py:4138} INFO - Setting next_dagrun for dataset_s3_bucket_producer to None, run_after=None
[2024-09-12T15:48:02.424+0000] {processor.py:208} INFO - Processing /home/airflow/.local/lib/python3.12/site-packages/airflow/example_dags/example_dataset_alias.py took 2.436 seconds
[2024-09-12T15:48:48.107+0000] {processor.py:186} INFO - Started process (PID=2228) to work on /home/airflow/.local/lib/python3.12/site-packages/airflow/example_dags/example_dataset_alias.py
[2024-09-12T15:48:48.116+0000] {processor.py:914} INFO - Processing file /home/airflow/.local/lib/python3.12/site-packages/airflow/example_dags/example_dataset_alias.py for tasks to queue
[2024-09-12T15:48:48.121+0000] {logging_mixin.py:190} INFO - [2024-09-12T15:48:48.120+0000] {dagbag.py:587} INFO - Filling up the DagBag from /home/airflow/.local/lib/python3.12/site-packages/airflow/example_dags/example_dataset_alias.py
[2024-09-12T15:48:49.179+0000] {processor.py:925} INFO - DAG(s) 'dataset_s3_bucket_producer', 'dataset_alias_example_alias_producer', 'dataset_s3_bucket_consumer', 'dataset_alias_example_alias_consumer' retrieved from /home/airflow/.local/lib/python3.12/site-packages/airflow/example_dags/example_dataset_alias.py
[2024-09-12T15:48:50.481+0000] {logging_mixin.py:190} INFO - [2024-09-12T15:48:50.480+0000] {dag.py:3211} INFO - Sync 4 DAGs
[2024-09-12T15:48:50.608+0000] {logging_mixin.py:190} INFO - [2024-09-12T15:48:50.607+0000] {dag.py:4138} INFO - Setting next_dagrun for dataset_alias_example_alias_consumer to None, run_after=None
[2024-09-12T15:48:50.623+0000] {logging_mixin.py:190} INFO - [2024-09-12T15:48:50.622+0000] {dag.py:4138} INFO - Setting next_dagrun for dataset_alias_example_alias_producer to None, run_after=None
[2024-09-12T15:48:50.657+0000] {logging_mixin.py:190} INFO - [2024-09-12T15:48:50.657+0000] {dag.py:4138} INFO - Setting next_dagrun for dataset_s3_bucket_consumer to None, run_after=None
[2024-09-12T15:48:50.669+0000] {logging_mixin.py:190} INFO - [2024-09-12T15:48:50.669+0000] {dag.py:4138} INFO - Setting next_dagrun for dataset_s3_bucket_producer to None, run_after=None
[2024-09-12T15:48:50.843+0000] {processor.py:208} INFO - Processing /home/airflow/.local/lib/python3.12/site-packages/airflow/example_dags/example_dataset_alias.py took 2.768 seconds
[2024-09-12T15:50:01.949+0000] {processor.py:186} INFO - Started process (PID=2306) to work on /home/airflow/.local/lib/python3.12/site-packages/airflow/example_dags/example_dataset_alias.py
[2024-09-12T15:50:01.969+0000] {processor.py:914} INFO - Processing file /home/airflow/.local/lib/python3.12/site-packages/airflow/example_dags/example_dataset_alias.py for tasks to queue
[2024-09-12T15:50:01.974+0000] {logging_mixin.py:190} INFO - [2024-09-12T15:50:01.971+0000] {dagbag.py:587} INFO - Filling up the DagBag from /home/airflow/.local/lib/python3.12/site-packages/airflow/example_dags/example_dataset_alias.py
[2024-09-12T15:50:03.222+0000] {processor.py:925} INFO - DAG(s) 'dataset_alias_example_alias_producer', 'dataset_alias_example_alias_consumer', 'dataset_s3_bucket_consumer', 'dataset_s3_bucket_producer' retrieved from /home/airflow/.local/lib/python3.12/site-packages/airflow/example_dags/example_dataset_alias.py
[2024-09-12T15:50:04.353+0000] {logging_mixin.py:190} INFO - [2024-09-12T15:50:04.352+0000] {dag.py:3211} INFO - Sync 4 DAGs
[2024-09-12T15:50:04.531+0000] {logging_mixin.py:190} INFO - [2024-09-12T15:50:04.530+0000] {dag.py:4138} INFO - Setting next_dagrun for dataset_alias_example_alias_consumer to None, run_after=None
[2024-09-12T15:50:04.552+0000] {logging_mixin.py:190} INFO - [2024-09-12T15:50:04.552+0000] {dag.py:4138} INFO - Setting next_dagrun for dataset_alias_example_alias_producer to None, run_after=None
[2024-09-12T15:50:04.564+0000] {logging_mixin.py:190} INFO - [2024-09-12T15:50:04.562+0000] {dag.py:4138} INFO - Setting next_dagrun for dataset_s3_bucket_consumer to None, run_after=None
[2024-09-12T15:50:04.580+0000] {logging_mixin.py:190} INFO - [2024-09-12T15:50:04.580+0000] {dag.py:4138} INFO - Setting next_dagrun for dataset_s3_bucket_producer to None, run_after=None
[2024-09-12T15:50:04.727+0000] {processor.py:208} INFO - Processing /home/airflow/.local/lib/python3.12/site-packages/airflow/example_dags/example_dataset_alias.py took 2.800 seconds
[2024-09-12T15:51:32.964+0000] {processor.py:186} INFO - Started process (PID=2406) to work on /home/airflow/.local/lib/python3.12/site-packages/airflow/example_dags/example_dataset_alias.py
[2024-09-12T15:51:32.970+0000] {processor.py:914} INFO - Processing file /home/airflow/.local/lib/python3.12/site-packages/airflow/example_dags/example_dataset_alias.py for tasks to queue
[2024-09-12T15:51:32.974+0000] {logging_mixin.py:190} INFO - [2024-09-12T15:51:32.973+0000] {dagbag.py:587} INFO - Filling up the DagBag from /home/airflow/.local/lib/python3.12/site-packages/airflow/example_dags/example_dataset_alias.py
[2024-09-12T15:51:34.185+0000] {processor.py:925} INFO - DAG(s) 'dataset_s3_bucket_consumer', 'dataset_s3_bucket_producer', 'dataset_alias_example_alias_producer', 'dataset_alias_example_alias_consumer' retrieved from /home/airflow/.local/lib/python3.12/site-packages/airflow/example_dags/example_dataset_alias.py
[2024-09-12T15:51:34.434+0000] {logging_mixin.py:190} INFO - [2024-09-12T15:51:34.433+0000] {dag.py:3211} INFO - Sync 4 DAGs
[2024-09-12T15:51:34.624+0000] {logging_mixin.py:190} INFO - [2024-09-12T15:51:34.623+0000] {dag.py:4138} INFO - Setting next_dagrun for dataset_alias_example_alias_consumer to None, run_after=None
[2024-09-12T15:51:34.676+0000] {logging_mixin.py:190} INFO - [2024-09-12T15:51:34.675+0000] {dag.py:4138} INFO - Setting next_dagrun for dataset_alias_example_alias_producer to None, run_after=None
[2024-09-12T15:51:34.714+0000] {logging_mixin.py:190} INFO - [2024-09-12T15:51:34.714+0000] {dag.py:4138} INFO - Setting next_dagrun for dataset_s3_bucket_consumer to None, run_after=None
[2024-09-12T15:51:34.759+0000] {logging_mixin.py:190} INFO - [2024-09-12T15:51:34.758+0000] {dag.py:4138} INFO - Setting next_dagrun for dataset_s3_bucket_producer to None, run_after=None
[2024-09-12T15:51:35.022+0000] {processor.py:208} INFO - Processing /home/airflow/.local/lib/python3.12/site-packages/airflow/example_dags/example_dataset_alias.py took 2.086 seconds
[2024-09-12T15:52:14.567+0000] {processor.py:186} INFO - Started process (PID=2472) to work on /home/airflow/.local/lib/python3.12/site-packages/airflow/example_dags/example_dataset_alias.py
[2024-09-12T15:52:14.570+0000] {processor.py:914} INFO - Processing file /home/airflow/.local/lib/python3.12/site-packages/airflow/example_dags/example_dataset_alias.py for tasks to queue
[2024-09-12T15:52:14.573+0000] {logging_mixin.py:190} INFO - [2024-09-12T15:52:14.572+0000] {dagbag.py:587} INFO - Filling up the DagBag from /home/airflow/.local/lib/python3.12/site-packages/airflow/example_dags/example_dataset_alias.py
[2024-09-12T15:52:16.353+0000] {processor.py:925} INFO - DAG(s) 'dataset_s3_bucket_consumer', 'dataset_alias_example_alias_producer', 'dataset_s3_bucket_producer', 'dataset_alias_example_alias_consumer' retrieved from /home/airflow/.local/lib/python3.12/site-packages/airflow/example_dags/example_dataset_alias.py
[2024-09-12T15:52:16.474+0000] {logging_mixin.py:190} INFO - [2024-09-12T15:52:16.473+0000] {dag.py:3211} INFO - Sync 4 DAGs
[2024-09-12T15:52:16.603+0000] {logging_mixin.py:190} INFO - [2024-09-12T15:52:16.603+0000] {dag.py:4138} INFO - Setting next_dagrun for dataset_alias_example_alias_consumer to None, run_after=None
[2024-09-12T15:52:16.612+0000] {logging_mixin.py:190} INFO - [2024-09-12T15:52:16.612+0000] {dag.py:4138} INFO - Setting next_dagrun for dataset_alias_example_alias_producer to None, run_after=None
[2024-09-12T15:52:16.628+0000] {logging_mixin.py:190} INFO - [2024-09-12T15:52:16.627+0000] {dag.py:4138} INFO - Setting next_dagrun for dataset_s3_bucket_consumer to None, run_after=None
[2024-09-12T15:52:16.632+0000] {logging_mixin.py:190} INFO - [2024-09-12T15:52:16.632+0000] {dag.py:4138} INFO - Setting next_dagrun for dataset_s3_bucket_producer to None, run_after=None
[2024-09-12T15:52:16.944+0000] {processor.py:208} INFO - Processing /home/airflow/.local/lib/python3.12/site-packages/airflow/example_dags/example_dataset_alias.py took 2.406 seconds
[2024-09-12T15:53:00.727+0000] {processor.py:186} INFO - Started process (PID=2556) to work on /home/airflow/.local/lib/python3.12/site-packages/airflow/example_dags/example_dataset_alias.py
[2024-09-12T15:53:00.729+0000] {processor.py:914} INFO - Processing file /home/airflow/.local/lib/python3.12/site-packages/airflow/example_dags/example_dataset_alias.py for tasks to queue
[2024-09-12T15:53:00.736+0000] {logging_mixin.py:190} INFO - [2024-09-12T15:53:00.735+0000] {dagbag.py:587} INFO - Filling up the DagBag from /home/airflow/.local/lib/python3.12/site-packages/airflow/example_dags/example_dataset_alias.py
[2024-09-12T15:53:05.532+0000] {processor.py:925} INFO - DAG(s) 'dataset_alias_example_alias_producer', 'dataset_s3_bucket_consumer', 'dataset_alias_example_alias_consumer', 'dataset_s3_bucket_producer' retrieved from /home/airflow/.local/lib/python3.12/site-packages/airflow/example_dags/example_dataset_alias.py
[2024-09-12T15:53:05.753+0000] {logging_mixin.py:190} INFO - [2024-09-12T15:53:05.752+0000] {dag.py:3211} INFO - Sync 4 DAGs
[2024-09-12T15:53:05.926+0000] {logging_mixin.py:190} INFO - [2024-09-12T15:53:05.926+0000] {dag.py:4138} INFO - Setting next_dagrun for dataset_alias_example_alias_consumer to None, run_after=None
[2024-09-12T15:53:05.940+0000] {logging_mixin.py:190} INFO - [2024-09-12T15:53:05.940+0000] {dag.py:4138} INFO - Setting next_dagrun for dataset_alias_example_alias_producer to None, run_after=None
[2024-09-12T15:53:05.973+0000] {logging_mixin.py:190} INFO - [2024-09-12T15:53:05.972+0000] {dag.py:4138} INFO - Setting next_dagrun for dataset_s3_bucket_consumer to None, run_after=None
[2024-09-12T15:53:05.991+0000] {logging_mixin.py:190} INFO - [2024-09-12T15:53:05.990+0000] {dag.py:4138} INFO - Setting next_dagrun for dataset_s3_bucket_producer to None, run_after=None
[2024-09-12T15:53:06.183+0000] {processor.py:208} INFO - Processing /home/airflow/.local/lib/python3.12/site-packages/airflow/example_dags/example_dataset_alias.py took 5.499 seconds
[2024-09-12T15:53:37.247+0000] {processor.py:186} INFO - Started process (PID=2622) to work on /home/airflow/.local/lib/python3.12/site-packages/airflow/example_dags/example_dataset_alias.py
[2024-09-12T15:53:37.252+0000] {processor.py:914} INFO - Processing file /home/airflow/.local/lib/python3.12/site-packages/airflow/example_dags/example_dataset_alias.py for tasks to queue
[2024-09-12T15:53:37.258+0000] {logging_mixin.py:190} INFO - [2024-09-12T15:53:37.256+0000] {dagbag.py:587} INFO - Filling up the DagBag from /home/airflow/.local/lib/python3.12/site-packages/airflow/example_dags/example_dataset_alias.py
[2024-09-12T15:53:39.442+0000] {processor.py:925} INFO - DAG(s) 'dataset_s3_bucket_consumer', 'dataset_s3_bucket_producer', 'dataset_alias_example_alias_consumer', 'dataset_alias_example_alias_producer' retrieved from /home/airflow/.local/lib/python3.12/site-packages/airflow/example_dags/example_dataset_alias.py
[2024-09-12T15:53:39.573+0000] {logging_mixin.py:190} INFO - [2024-09-12T15:53:39.573+0000] {dag.py:3211} INFO - Sync 4 DAGs
[2024-09-12T15:53:39.736+0000] {logging_mixin.py:190} INFO - [2024-09-12T15:53:39.729+0000] {dag.py:4138} INFO - Setting next_dagrun for dataset_alias_example_alias_consumer to None, run_after=None
[2024-09-12T15:53:39.782+0000] {logging_mixin.py:190} INFO - [2024-09-12T15:53:39.782+0000] {dag.py:4138} INFO - Setting next_dagrun for dataset_alias_example_alias_producer to None, run_after=None
[2024-09-12T15:53:39.795+0000] {logging_mixin.py:190} INFO - [2024-09-12T15:53:39.795+0000] {dag.py:4138} INFO - Setting next_dagrun for dataset_s3_bucket_consumer to None, run_after=None
[2024-09-12T15:53:39.814+0000] {logging_mixin.py:190} INFO - [2024-09-12T15:53:39.813+0000] {dag.py:4138} INFO - Setting next_dagrun for dataset_s3_bucket_producer to None, run_after=None
[2024-09-12T15:53:40.038+0000] {processor.py:208} INFO - Processing /home/airflow/.local/lib/python3.12/site-packages/airflow/example_dags/example_dataset_alias.py took 2.841 seconds
[2024-09-12T15:55:23.139+0000] {processor.py:186} INFO - Started process (PID=2717) to work on /home/airflow/.local/lib/python3.12/site-packages/airflow/example_dags/example_dataset_alias.py
[2024-09-12T15:55:23.158+0000] {processor.py:914} INFO - Processing file /home/airflow/.local/lib/python3.12/site-packages/airflow/example_dags/example_dataset_alias.py for tasks to queue
[2024-09-12T15:55:23.200+0000] {logging_mixin.py:190} INFO - [2024-09-12T15:55:23.192+0000] {dagbag.py:587} INFO - Filling up the DagBag from /home/airflow/.local/lib/python3.12/site-packages/airflow/example_dags/example_dataset_alias.py
[2024-09-12T15:55:31.274+0000] {processor.py:925} INFO - DAG(s) 'dataset_alias_example_alias_consumer', 'dataset_s3_bucket_consumer', 'dataset_alias_example_alias_producer', 'dataset_s3_bucket_producer' retrieved from /home/airflow/.local/lib/python3.12/site-packages/airflow/example_dags/example_dataset_alias.py
[2024-09-12T15:55:31.418+0000] {logging_mixin.py:190} INFO - [2024-09-12T15:55:31.417+0000] {dag.py:3211} INFO - Sync 4 DAGs
[2024-09-12T15:55:31.500+0000] {logging_mixin.py:190} INFO - [2024-09-12T15:55:31.499+0000] {dag.py:4138} INFO - Setting next_dagrun for dataset_alias_example_alias_consumer to None, run_after=None
[2024-09-12T15:55:31.513+0000] {logging_mixin.py:190} INFO - [2024-09-12T15:55:31.509+0000] {dag.py:4138} INFO - Setting next_dagrun for dataset_alias_example_alias_producer to None, run_after=None
[2024-09-12T15:55:31.520+0000] {logging_mixin.py:190} INFO - [2024-09-12T15:55:31.520+0000] {dag.py:4138} INFO - Setting next_dagrun for dataset_s3_bucket_consumer to None, run_after=None
[2024-09-12T15:55:31.536+0000] {logging_mixin.py:190} INFO - [2024-09-12T15:55:31.535+0000] {dag.py:4138} INFO - Setting next_dagrun for dataset_s3_bucket_producer to None, run_after=None
[2024-09-12T15:55:31.654+0000] {processor.py:208} INFO - Processing /home/airflow/.local/lib/python3.12/site-packages/airflow/example_dags/example_dataset_alias.py took 8.565 seconds
[2024-09-12T15:56:02.672+0000] {processor.py:186} INFO - Started process (PID=2783) to work on /home/airflow/.local/lib/python3.12/site-packages/airflow/example_dags/example_dataset_alias.py
[2024-09-12T15:56:02.676+0000] {processor.py:914} INFO - Processing file /home/airflow/.local/lib/python3.12/site-packages/airflow/example_dags/example_dataset_alias.py for tasks to queue
[2024-09-12T15:56:02.746+0000] {logging_mixin.py:190} INFO - [2024-09-12T15:56:02.745+0000] {dagbag.py:587} INFO - Filling up the DagBag from /home/airflow/.local/lib/python3.12/site-packages/airflow/example_dags/example_dataset_alias.py
[2024-09-12T15:56:05.810+0000] {processor.py:925} INFO - DAG(s) 'dataset_alias_example_alias_producer', 'dataset_s3_bucket_consumer', 'dataset_alias_example_alias_consumer', 'dataset_s3_bucket_producer' retrieved from /home/airflow/.local/lib/python3.12/site-packages/airflow/example_dags/example_dataset_alias.py
[2024-09-12T15:56:05.974+0000] {logging_mixin.py:190} INFO - [2024-09-12T15:56:05.974+0000] {dag.py:3211} INFO - Sync 4 DAGs
[2024-09-12T15:56:06.136+0000] {logging_mixin.py:190} INFO - [2024-09-12T15:56:06.130+0000] {dag.py:4138} INFO - Setting next_dagrun for dataset_alias_example_alias_consumer to None, run_after=None
[2024-09-12T15:56:06.149+0000] {logging_mixin.py:190} INFO - [2024-09-12T15:56:06.148+0000] {dag.py:4138} INFO - Setting next_dagrun for dataset_alias_example_alias_producer to None, run_after=None
[2024-09-12T15:56:06.180+0000] {logging_mixin.py:190} INFO - [2024-09-12T15:56:06.172+0000] {dag.py:4138} INFO - Setting next_dagrun for dataset_s3_bucket_consumer to None, run_after=None
[2024-09-12T15:56:06.191+0000] {logging_mixin.py:190} INFO - [2024-09-12T15:56:06.190+0000] {dag.py:4138} INFO - Setting next_dagrun for dataset_s3_bucket_producer to None, run_after=None
[2024-09-12T15:56:06.483+0000] {processor.py:208} INFO - Processing /home/airflow/.local/lib/python3.12/site-packages/airflow/example_dags/example_dataset_alias.py took 5.272 seconds
[2024-09-12T15:57:07.977+0000] {processor.py:186} INFO - Started process (PID=2866) to work on /home/airflow/.local/lib/python3.12/site-packages/airflow/example_dags/example_dataset_alias.py
[2024-09-12T15:57:07.979+0000] {processor.py:914} INFO - Processing file /home/airflow/.local/lib/python3.12/site-packages/airflow/example_dags/example_dataset_alias.py for tasks to queue
[2024-09-12T15:57:07.984+0000] {logging_mixin.py:190} INFO - [2024-09-12T15:57:07.983+0000] {dagbag.py:587} INFO - Filling up the DagBag from /home/airflow/.local/lib/python3.12/site-packages/airflow/example_dags/example_dataset_alias.py
[2024-09-12T15:57:10.067+0000] {processor.py:925} INFO - DAG(s) 'dataset_s3_bucket_consumer', 'dataset_alias_example_alias_producer', 'dataset_s3_bucket_producer', 'dataset_alias_example_alias_consumer' retrieved from /home/airflow/.local/lib/python3.12/site-packages/airflow/example_dags/example_dataset_alias.py
[2024-09-12T15:57:10.160+0000] {logging_mixin.py:190} INFO - [2024-09-12T15:57:10.160+0000] {dag.py:3211} INFO - Sync 4 DAGs
[2024-09-12T15:57:10.250+0000] {logging_mixin.py:190} INFO - [2024-09-12T15:57:10.248+0000] {dag.py:4138} INFO - Setting next_dagrun for dataset_alias_example_alias_consumer to None, run_after=None
[2024-09-12T15:57:10.257+0000] {logging_mixin.py:190} INFO - [2024-09-12T15:57:10.256+0000] {dag.py:4138} INFO - Setting next_dagrun for dataset_alias_example_alias_producer to None, run_after=None
[2024-09-12T15:57:10.270+0000] {logging_mixin.py:190} INFO - [2024-09-12T15:57:10.269+0000] {dag.py:4138} INFO - Setting next_dagrun for dataset_s3_bucket_consumer to None, run_after=None
[2024-09-12T15:57:10.280+0000] {logging_mixin.py:190} INFO - [2024-09-12T15:57:10.280+0000] {dag.py:4138} INFO - Setting next_dagrun for dataset_s3_bucket_producer to None, run_after=None
[2024-09-12T15:57:10.370+0000] {processor.py:208} INFO - Processing /home/airflow/.local/lib/python3.12/site-packages/airflow/example_dags/example_dataset_alias.py took 2.406 seconds
[2024-09-12T15:58:05.171+0000] {processor.py:186} INFO - Started process (PID=2952) to work on /home/airflow/.local/lib/python3.12/site-packages/airflow/example_dags/example_dataset_alias.py
[2024-09-12T15:58:05.187+0000] {processor.py:914} INFO - Processing file /home/airflow/.local/lib/python3.12/site-packages/airflow/example_dags/example_dataset_alias.py for tasks to queue
[2024-09-12T15:58:05.208+0000] {logging_mixin.py:190} INFO - [2024-09-12T15:58:05.207+0000] {dagbag.py:587} INFO - Filling up the DagBag from /home/airflow/.local/lib/python3.12/site-packages/airflow/example_dags/example_dataset_alias.py
[2024-09-12T15:58:13.699+0000] {processor.py:925} INFO - DAG(s) 'dataset_s3_bucket_consumer', 'dataset_s3_bucket_producer', 'dataset_alias_example_alias_consumer', 'dataset_alias_example_alias_producer' retrieved from /home/airflow/.local/lib/python3.12/site-packages/airflow/example_dags/example_dataset_alias.py
[2024-09-12T15:58:14.222+0000] {logging_mixin.py:190} INFO - [2024-09-12T15:58:14.173+0000] {dag.py:3211} INFO - Sync 4 DAGs
[2024-09-12T15:58:14.446+0000] {logging_mixin.py:190} INFO - [2024-09-12T15:58:14.445+0000] {dag.py:4138} INFO - Setting next_dagrun for dataset_alias_example_alias_consumer to None, run_after=None
[2024-09-12T15:58:14.472+0000] {logging_mixin.py:190} INFO - [2024-09-12T15:58:14.471+0000] {dag.py:4138} INFO - Setting next_dagrun for dataset_alias_example_alias_producer to None, run_after=None
[2024-09-12T15:58:14.505+0000] {logging_mixin.py:190} INFO - [2024-09-12T15:58:14.505+0000] {dag.py:4138} INFO - Setting next_dagrun for dataset_s3_bucket_consumer to None, run_after=None
[2024-09-12T15:58:14.511+0000] {logging_mixin.py:190} INFO - [2024-09-12T15:58:14.510+0000] {dag.py:4138} INFO - Setting next_dagrun for dataset_s3_bucket_producer to None, run_after=None
[2024-09-12T15:58:14.789+0000] {processor.py:208} INFO - Processing /home/airflow/.local/lib/python3.12/site-packages/airflow/example_dags/example_dataset_alias.py took 9.657 seconds
[2024-09-12T15:59:25.736+0000] {processor.py:186} INFO - Started process (PID=3023) to work on /home/airflow/.local/lib/python3.12/site-packages/airflow/example_dags/example_dataset_alias.py
[2024-09-12T15:59:25.752+0000] {processor.py:914} INFO - Processing file /home/airflow/.local/lib/python3.12/site-packages/airflow/example_dags/example_dataset_alias.py for tasks to queue
[2024-09-12T15:59:25.756+0000] {logging_mixin.py:190} INFO - [2024-09-12T15:59:25.755+0000] {dagbag.py:587} INFO - Filling up the DagBag from /home/airflow/.local/lib/python3.12/site-packages/airflow/example_dags/example_dataset_alias.py
[2024-09-12T15:59:35.941+0000] {processor.py:925} INFO - DAG(s) 'dataset_alias_example_alias_producer', 'dataset_alias_example_alias_consumer', 'dataset_s3_bucket_consumer', 'dataset_s3_bucket_producer' retrieved from /home/airflow/.local/lib/python3.12/site-packages/airflow/example_dags/example_dataset_alias.py
[2024-09-12T15:59:36.153+0000] {logging_mixin.py:190} INFO - [2024-09-12T15:59:36.153+0000] {dag.py:3211} INFO - Sync 4 DAGs
[2024-09-12T15:59:36.352+0000] {logging_mixin.py:190} INFO - [2024-09-12T15:59:36.351+0000] {dag.py:4138} INFO - Setting next_dagrun for dataset_alias_example_alias_consumer to None, run_after=None
[2024-09-12T15:59:36.365+0000] {logging_mixin.py:190} INFO - [2024-09-12T15:59:36.365+0000] {dag.py:4138} INFO - Setting next_dagrun for dataset_alias_example_alias_producer to None, run_after=None
[2024-09-12T15:59:36.375+0000] {logging_mixin.py:190} INFO - [2024-09-12T15:59:36.374+0000] {dag.py:4138} INFO - Setting next_dagrun for dataset_s3_bucket_consumer to None, run_after=None
[2024-09-12T15:59:36.400+0000] {logging_mixin.py:190} INFO - [2024-09-12T15:59:36.400+0000] {dag.py:4138} INFO - Setting next_dagrun for dataset_s3_bucket_producer to None, run_after=None
[2024-09-12T15:59:36.577+0000] {processor.py:208} INFO - Processing /home/airflow/.local/lib/python3.12/site-packages/airflow/example_dags/example_dataset_alias.py took 10.860 seconds
[2024-09-12T16:00:32.137+0000] {processor.py:186} INFO - Started process (PID=3099) to work on /home/airflow/.local/lib/python3.12/site-packages/airflow/example_dags/example_dataset_alias.py
[2024-09-12T16:00:32.139+0000] {processor.py:914} INFO - Processing file /home/airflow/.local/lib/python3.12/site-packages/airflow/example_dags/example_dataset_alias.py for tasks to queue
[2024-09-12T16:00:32.155+0000] {logging_mixin.py:190} INFO - [2024-09-12T16:00:32.154+0000] {dagbag.py:587} INFO - Filling up the DagBag from /home/airflow/.local/lib/python3.12/site-packages/airflow/example_dags/example_dataset_alias.py
[2024-09-12T16:00:36.048+0000] {processor.py:925} INFO - DAG(s) 'dataset_alias_example_alias_consumer', 'dataset_alias_example_alias_producer', 'dataset_s3_bucket_producer', 'dataset_s3_bucket_consumer' retrieved from /home/airflow/.local/lib/python3.12/site-packages/airflow/example_dags/example_dataset_alias.py
[2024-09-12T16:00:36.177+0000] {logging_mixin.py:190} INFO - [2024-09-12T16:00:36.176+0000] {dag.py:3211} INFO - Sync 4 DAGs
[2024-09-12T16:00:36.301+0000] {logging_mixin.py:190} INFO - [2024-09-12T16:00:36.301+0000] {dag.py:4138} INFO - Setting next_dagrun for dataset_alias_example_alias_consumer to None, run_after=None
[2024-09-12T16:00:36.316+0000] {logging_mixin.py:190} INFO - [2024-09-12T16:00:36.316+0000] {dag.py:4138} INFO - Setting next_dagrun for dataset_alias_example_alias_producer to None, run_after=None
[2024-09-12T16:00:36.319+0000] {logging_mixin.py:190} INFO - [2024-09-12T16:00:36.319+0000] {dag.py:4138} INFO - Setting next_dagrun for dataset_s3_bucket_consumer to None, run_after=None
[2024-09-12T16:00:36.332+0000] {logging_mixin.py:190} INFO - [2024-09-12T16:00:36.332+0000] {dag.py:4138} INFO - Setting next_dagrun for dataset_s3_bucket_producer to None, run_after=None
[2024-09-12T16:00:37.020+0000] {processor.py:208} INFO - Processing /home/airflow/.local/lib/python3.12/site-packages/airflow/example_dags/example_dataset_alias.py took 4.905 seconds
[2024-09-12T16:01:08.047+0000] {processor.py:186} INFO - Started process (PID=3168) to work on /home/airflow/.local/lib/python3.12/site-packages/airflow/example_dags/example_dataset_alias.py
[2024-09-12T16:01:08.054+0000] {processor.py:914} INFO - Processing file /home/airflow/.local/lib/python3.12/site-packages/airflow/example_dags/example_dataset_alias.py for tasks to queue
[2024-09-12T16:01:08.061+0000] {logging_mixin.py:190} INFO - [2024-09-12T16:01:08.059+0000] {dagbag.py:587} INFO - Filling up the DagBag from /home/airflow/.local/lib/python3.12/site-packages/airflow/example_dags/example_dataset_alias.py
[2024-09-12T16:01:10.640+0000] {processor.py:925} INFO - DAG(s) 'dataset_s3_bucket_consumer', 'dataset_s3_bucket_producer', 'dataset_alias_example_alias_producer', 'dataset_alias_example_alias_consumer' retrieved from /home/airflow/.local/lib/python3.12/site-packages/airflow/example_dags/example_dataset_alias.py
[2024-09-12T16:01:10.859+0000] {logging_mixin.py:190} INFO - [2024-09-12T16:01:10.858+0000] {dag.py:3211} INFO - Sync 4 DAGs
[2024-09-12T16:01:11.005+0000] {logging_mixin.py:190} INFO - [2024-09-12T16:01:11.002+0000] {dag.py:4138} INFO - Setting next_dagrun for dataset_alias_example_alias_consumer to None, run_after=None
[2024-09-12T16:01:11.020+0000] {logging_mixin.py:190} INFO - [2024-09-12T16:01:11.020+0000] {dag.py:4138} INFO - Setting next_dagrun for dataset_alias_example_alias_producer to None, run_after=None
[2024-09-12T16:01:11.027+0000] {logging_mixin.py:190} INFO - [2024-09-12T16:01:11.027+0000] {dag.py:4138} INFO - Setting next_dagrun for dataset_s3_bucket_consumer to None, run_after=None
[2024-09-12T16:01:11.039+0000] {logging_mixin.py:190} INFO - [2024-09-12T16:01:11.038+0000] {dag.py:4138} INFO - Setting next_dagrun for dataset_s3_bucket_producer to None, run_after=None
[2024-09-12T16:01:11.248+0000] {processor.py:208} INFO - Processing /home/airflow/.local/lib/python3.12/site-packages/airflow/example_dags/example_dataset_alias.py took 3.234 seconds
[2024-09-12T16:02:59.662+0000] {processor.py:186} INFO - Started process (PID=3283) to work on /home/airflow/.local/lib/python3.12/site-packages/airflow/example_dags/example_dataset_alias.py
[2024-09-12T16:02:59.664+0000] {processor.py:914} INFO - Processing file /home/airflow/.local/lib/python3.12/site-packages/airflow/example_dags/example_dataset_alias.py for tasks to queue
[2024-09-12T16:02:59.667+0000] {logging_mixin.py:190} INFO - [2024-09-12T16:02:59.666+0000] {dagbag.py:587} INFO - Filling up the DagBag from /home/airflow/.local/lib/python3.12/site-packages/airflow/example_dags/example_dataset_alias.py
[2024-09-12T16:03:07.810+0000] {processor.py:925} INFO - DAG(s) 'dataset_s3_bucket_consumer', 'dataset_alias_example_alias_producer', 'dataset_alias_example_alias_consumer', 'dataset_s3_bucket_producer' retrieved from /home/airflow/.local/lib/python3.12/site-packages/airflow/example_dags/example_dataset_alias.py
[2024-09-12T16:03:07.919+0000] {logging_mixin.py:190} INFO - [2024-09-12T16:03:07.919+0000] {dag.py:3211} INFO - Sync 4 DAGs
[2024-09-12T16:03:08.009+0000] {logging_mixin.py:190} INFO - [2024-09-12T16:03:08.009+0000] {dag.py:4138} INFO - Setting next_dagrun for dataset_alias_example_alias_consumer to None, run_after=None
[2024-09-12T16:03:08.024+0000] {logging_mixin.py:190} INFO - [2024-09-12T16:03:08.024+0000] {dag.py:4138} INFO - Setting next_dagrun for dataset_alias_example_alias_producer to None, run_after=None
[2024-09-12T16:03:08.036+0000] {logging_mixin.py:190} INFO - [2024-09-12T16:03:08.035+0000] {dag.py:4138} INFO - Setting next_dagrun for dataset_s3_bucket_consumer to None, run_after=None
[2024-09-12T16:03:08.049+0000] {logging_mixin.py:190} INFO - [2024-09-12T16:03:08.045+0000] {dag.py:4138} INFO - Setting next_dagrun for dataset_s3_bucket_producer to None, run_after=None
[2024-09-12T16:03:08.181+0000] {processor.py:208} INFO - Processing /home/airflow/.local/lib/python3.12/site-packages/airflow/example_dags/example_dataset_alias.py took 8.556 seconds
[2024-09-12T16:03:45.533+0000] {processor.py:186} INFO - Started process (PID=3348) to work on /home/airflow/.local/lib/python3.12/site-packages/airflow/example_dags/example_dataset_alias.py
[2024-09-12T16:03:45.541+0000] {processor.py:914} INFO - Processing file /home/airflow/.local/lib/python3.12/site-packages/airflow/example_dags/example_dataset_alias.py for tasks to queue
[2024-09-12T16:03:45.545+0000] {logging_mixin.py:190} INFO - [2024-09-12T16:03:45.544+0000] {dagbag.py:587} INFO - Filling up the DagBag from /home/airflow/.local/lib/python3.12/site-packages/airflow/example_dags/example_dataset_alias.py
[2024-09-12T16:03:48.005+0000] {processor.py:925} INFO - DAG(s) 'dataset_s3_bucket_consumer', 'dataset_alias_example_alias_consumer', 'dataset_s3_bucket_producer', 'dataset_alias_example_alias_producer' retrieved from /home/airflow/.local/lib/python3.12/site-packages/airflow/example_dags/example_dataset_alias.py
[2024-09-12T16:03:48.303+0000] {logging_mixin.py:190} INFO - [2024-09-12T16:03:48.302+0000] {dag.py:3211} INFO - Sync 4 DAGs
[2024-09-12T16:03:48.440+0000] {logging_mixin.py:190} INFO - [2024-09-12T16:03:48.439+0000] {dag.py:4138} INFO - Setting next_dagrun for dataset_alias_example_alias_consumer to None, run_after=None
[2024-09-12T16:03:48.468+0000] {logging_mixin.py:190} INFO - [2024-09-12T16:03:48.468+0000] {dag.py:4138} INFO - Setting next_dagrun for dataset_alias_example_alias_producer to None, run_after=None
[2024-09-12T16:03:48.473+0000] {logging_mixin.py:190} INFO - [2024-09-12T16:03:48.473+0000] {dag.py:4138} INFO - Setting next_dagrun for dataset_s3_bucket_consumer to None, run_after=None
[2024-09-12T16:03:48.479+0000] {logging_mixin.py:190} INFO - [2024-09-12T16:03:48.478+0000] {dag.py:4138} INFO - Setting next_dagrun for dataset_s3_bucket_producer to None, run_after=None
[2024-09-12T16:03:48.623+0000] {processor.py:208} INFO - Processing /home/airflow/.local/lib/python3.12/site-packages/airflow/example_dags/example_dataset_alias.py took 3.142 seconds
[2024-09-12T16:04:38.744+0000] {processor.py:186} INFO - Started process (PID=3413) to work on /home/airflow/.local/lib/python3.12/site-packages/airflow/example_dags/example_dataset_alias.py
[2024-09-12T16:04:38.751+0000] {processor.py:914} INFO - Processing file /home/airflow/.local/lib/python3.12/site-packages/airflow/example_dags/example_dataset_alias.py for tasks to queue
[2024-09-12T16:04:38.755+0000] {logging_mixin.py:190} INFO - [2024-09-12T16:04:38.754+0000] {dagbag.py:587} INFO - Filling up the DagBag from /home/airflow/.local/lib/python3.12/site-packages/airflow/example_dags/example_dataset_alias.py
[2024-09-12T16:04:43.974+0000] {processor.py:925} INFO - DAG(s) 'dataset_alias_example_alias_producer', 'dataset_s3_bucket_producer', 'dataset_alias_example_alias_consumer', 'dataset_s3_bucket_consumer' retrieved from /home/airflow/.local/lib/python3.12/site-packages/airflow/example_dags/example_dataset_alias.py
[2024-09-12T16:04:44.111+0000] {logging_mixin.py:190} INFO - [2024-09-12T16:04:44.105+0000] {dag.py:3211} INFO - Sync 4 DAGs
[2024-09-12T16:04:44.276+0000] {logging_mixin.py:190} INFO - [2024-09-12T16:04:44.275+0000] {dag.py:4138} INFO - Setting next_dagrun for dataset_alias_example_alias_consumer to None, run_after=None
[2024-09-12T16:04:44.290+0000] {logging_mixin.py:190} INFO - [2024-09-12T16:04:44.288+0000] {dag.py:4138} INFO - Setting next_dagrun for dataset_alias_example_alias_producer to None, run_after=None
[2024-09-12T16:04:44.302+0000] {logging_mixin.py:190} INFO - [2024-09-12T16:04:44.301+0000] {dag.py:4138} INFO - Setting next_dagrun for dataset_s3_bucket_consumer to None, run_after=None
[2024-09-12T16:04:44.307+0000] {logging_mixin.py:190} INFO - [2024-09-12T16:04:44.306+0000] {dag.py:4138} INFO - Setting next_dagrun for dataset_s3_bucket_producer to None, run_after=None
[2024-09-12T16:04:44.514+0000] {processor.py:208} INFO - Processing /home/airflow/.local/lib/python3.12/site-packages/airflow/example_dags/example_dataset_alias.py took 5.838 seconds
[2024-09-12T16:07:05.216+0000] {processor.py:186} INFO - Started process (PID=3506) to work on /home/airflow/.local/lib/python3.12/site-packages/airflow/example_dags/example_dataset_alias.py
[2024-09-12T16:07:05.220+0000] {processor.py:914} INFO - Processing file /home/airflow/.local/lib/python3.12/site-packages/airflow/example_dags/example_dataset_alias.py for tasks to queue
[2024-09-12T16:07:05.223+0000] {logging_mixin.py:190} INFO - [2024-09-12T16:07:05.222+0000] {dagbag.py:587} INFO - Filling up the DagBag from /home/airflow/.local/lib/python3.12/site-packages/airflow/example_dags/example_dataset_alias.py
[2024-09-12T16:07:10.190+0000] {processor.py:925} INFO - DAG(s) 'dataset_s3_bucket_producer', 'dataset_alias_example_alias_producer', 'dataset_s3_bucket_consumer', 'dataset_alias_example_alias_consumer' retrieved from /home/airflow/.local/lib/python3.12/site-packages/airflow/example_dags/example_dataset_alias.py
[2024-09-12T16:07:10.296+0000] {logging_mixin.py:190} INFO - [2024-09-12T16:07:10.296+0000] {dag.py:3211} INFO - Sync 4 DAGs
[2024-09-12T16:07:10.411+0000] {logging_mixin.py:190} INFO - [2024-09-12T16:07:10.410+0000] {dag.py:4138} INFO - Setting next_dagrun for dataset_alias_example_alias_consumer to None, run_after=None
[2024-09-12T16:07:10.423+0000] {logging_mixin.py:190} INFO - [2024-09-12T16:07:10.423+0000] {dag.py:4138} INFO - Setting next_dagrun for dataset_alias_example_alias_producer to None, run_after=None
[2024-09-12T16:07:10.438+0000] {logging_mixin.py:190} INFO - [2024-09-12T16:07:10.437+0000] {dag.py:4138} INFO - Setting next_dagrun for dataset_s3_bucket_consumer to None, run_after=None
[2024-09-12T16:07:10.452+0000] {logging_mixin.py:190} INFO - [2024-09-12T16:07:10.451+0000] {dag.py:4138} INFO - Setting next_dagrun for dataset_s3_bucket_producer to None, run_after=None
[2024-09-12T16:07:10.521+0000] {processor.py:208} INFO - Processing /home/airflow/.local/lib/python3.12/site-packages/airflow/example_dags/example_dataset_alias.py took 5.333 seconds
[2024-09-12T16:08:08.681+0000] {processor.py:186} INFO - Started process (PID=3584) to work on /home/airflow/.local/lib/python3.12/site-packages/airflow/example_dags/example_dataset_alias.py
[2024-09-12T16:08:08.709+0000] {processor.py:914} INFO - Processing file /home/airflow/.local/lib/python3.12/site-packages/airflow/example_dags/example_dataset_alias.py for tasks to queue
[2024-09-12T16:08:08.713+0000] {logging_mixin.py:190} INFO - [2024-09-12T16:08:08.712+0000] {dagbag.py:587} INFO - Filling up the DagBag from /home/airflow/.local/lib/python3.12/site-packages/airflow/example_dags/example_dataset_alias.py
[2024-09-12T16:08:11.413+0000] {processor.py:925} INFO - DAG(s) 'dataset_alias_example_alias_consumer', 'dataset_s3_bucket_producer', 'dataset_alias_example_alias_producer', 'dataset_s3_bucket_consumer' retrieved from /home/airflow/.local/lib/python3.12/site-packages/airflow/example_dags/example_dataset_alias.py
[2024-09-12T16:08:11.597+0000] {logging_mixin.py:190} INFO - [2024-09-12T16:08:11.597+0000] {dag.py:3211} INFO - Sync 4 DAGs
[2024-09-12T16:08:11.797+0000] {logging_mixin.py:190} INFO - [2024-09-12T16:08:11.797+0000] {dag.py:4138} INFO - Setting next_dagrun for dataset_alias_example_alias_consumer to None, run_after=None
[2024-09-12T16:08:11.814+0000] {logging_mixin.py:190} INFO - [2024-09-12T16:08:11.813+0000] {dag.py:4138} INFO - Setting next_dagrun for dataset_alias_example_alias_producer to None, run_after=None
[2024-09-12T16:08:11.826+0000] {logging_mixin.py:190} INFO - [2024-09-12T16:08:11.826+0000] {dag.py:4138} INFO - Setting next_dagrun for dataset_s3_bucket_consumer to None, run_after=None
[2024-09-12T16:08:11.831+0000] {logging_mixin.py:190} INFO - [2024-09-12T16:08:11.830+0000] {dag.py:4138} INFO - Setting next_dagrun for dataset_s3_bucket_producer to None, run_after=None
[2024-09-12T16:08:11.990+0000] {processor.py:208} INFO - Processing /home/airflow/.local/lib/python3.12/site-packages/airflow/example_dags/example_dataset_alias.py took 3.349 seconds
[2024-09-12T16:09:04.195+0000] {processor.py:186} INFO - Started process (PID=3646) to work on /home/airflow/.local/lib/python3.12/site-packages/airflow/example_dags/example_dataset_alias.py
[2024-09-12T16:09:04.208+0000] {processor.py:914} INFO - Processing file /home/airflow/.local/lib/python3.12/site-packages/airflow/example_dags/example_dataset_alias.py for tasks to queue
[2024-09-12T16:09:04.216+0000] {logging_mixin.py:190} INFO - [2024-09-12T16:09:04.215+0000] {dagbag.py:587} INFO - Filling up the DagBag from /home/airflow/.local/lib/python3.12/site-packages/airflow/example_dags/example_dataset_alias.py
[2024-09-12T16:09:06.930+0000] {processor.py:925} INFO - DAG(s) 'dataset_s3_bucket_consumer', 'dataset_alias_example_alias_consumer', 'dataset_s3_bucket_producer', 'dataset_alias_example_alias_producer' retrieved from /home/airflow/.local/lib/python3.12/site-packages/airflow/example_dags/example_dataset_alias.py
[2024-09-12T16:09:07.175+0000] {logging_mixin.py:190} INFO - [2024-09-12T16:09:07.174+0000] {dag.py:3211} INFO - Sync 4 DAGs
[2024-09-12T16:09:07.355+0000] {logging_mixin.py:190} INFO - [2024-09-12T16:09:07.354+0000] {dag.py:4138} INFO - Setting next_dagrun for dataset_alias_example_alias_consumer to None, run_after=None
[2024-09-12T16:09:07.362+0000] {logging_mixin.py:190} INFO - [2024-09-12T16:09:07.360+0000] {dag.py:4138} INFO - Setting next_dagrun for dataset_alias_example_alias_producer to None, run_after=None
[2024-09-12T16:09:07.376+0000] {logging_mixin.py:190} INFO - [2024-09-12T16:09:07.376+0000] {dag.py:4138} INFO - Setting next_dagrun for dataset_s3_bucket_consumer to None, run_after=None
[2024-09-12T16:09:07.384+0000] {logging_mixin.py:190} INFO - [2024-09-12T16:09:07.382+0000] {dag.py:4138} INFO - Setting next_dagrun for dataset_s3_bucket_producer to None, run_after=None
[2024-09-12T16:09:07.487+0000] {processor.py:208} INFO - Processing /home/airflow/.local/lib/python3.12/site-packages/airflow/example_dags/example_dataset_alias.py took 3.343 seconds
[2024-09-12T16:09:38.276+0000] {processor.py:186} INFO - Started process (PID=3717) to work on /home/airflow/.local/lib/python3.12/site-packages/airflow/example_dags/example_dataset_alias.py
[2024-09-12T16:09:38.289+0000] {processor.py:914} INFO - Processing file /home/airflow/.local/lib/python3.12/site-packages/airflow/example_dags/example_dataset_alias.py for tasks to queue
[2024-09-12T16:09:38.296+0000] {logging_mixin.py:190} INFO - [2024-09-12T16:09:38.295+0000] {dagbag.py:587} INFO - Filling up the DagBag from /home/airflow/.local/lib/python3.12/site-packages/airflow/example_dags/example_dataset_alias.py
[2024-09-12T16:09:39.531+0000] {processor.py:925} INFO - DAG(s) 'dataset_s3_bucket_consumer', 'dataset_s3_bucket_producer', 'dataset_alias_example_alias_consumer', 'dataset_alias_example_alias_producer' retrieved from /home/airflow/.local/lib/python3.12/site-packages/airflow/example_dags/example_dataset_alias.py
[2024-09-12T16:09:39.807+0000] {logging_mixin.py:190} INFO - [2024-09-12T16:09:39.806+0000] {dag.py:3211} INFO - Sync 4 DAGs
[2024-09-12T16:09:39.979+0000] {logging_mixin.py:190} INFO - [2024-09-12T16:09:39.968+0000] {dag.py:4138} INFO - Setting next_dagrun for dataset_alias_example_alias_consumer to None, run_after=None
[2024-09-12T16:09:39.991+0000] {logging_mixin.py:190} INFO - [2024-09-12T16:09:39.991+0000] {dag.py:4138} INFO - Setting next_dagrun for dataset_alias_example_alias_producer to None, run_after=None
[2024-09-12T16:09:40.016+0000] {logging_mixin.py:190} INFO - [2024-09-12T16:09:40.016+0000] {dag.py:4138} INFO - Setting next_dagrun for dataset_s3_bucket_consumer to None, run_after=None
[2024-09-12T16:09:40.038+0000] {logging_mixin.py:190} INFO - [2024-09-12T16:09:40.038+0000] {dag.py:4138} INFO - Setting next_dagrun for dataset_s3_bucket_producer to None, run_after=None
[2024-09-12T16:09:40.326+0000] {processor.py:208} INFO - Processing /home/airflow/.local/lib/python3.12/site-packages/airflow/example_dags/example_dataset_alias.py took 2.074 seconds
[2024-09-12T16:10:45.958+0000] {processor.py:186} INFO - Started process (PID=3777) to work on /home/airflow/.local/lib/python3.12/site-packages/airflow/example_dags/example_dataset_alias.py
[2024-09-12T16:10:45.961+0000] {processor.py:914} INFO - Processing file /home/airflow/.local/lib/python3.12/site-packages/airflow/example_dags/example_dataset_alias.py for tasks to queue
[2024-09-12T16:10:45.967+0000] {logging_mixin.py:190} INFO - [2024-09-12T16:10:45.964+0000] {dagbag.py:587} INFO - Filling up the DagBag from /home/airflow/.local/lib/python3.12/site-packages/airflow/example_dags/example_dataset_alias.py
[2024-09-12T16:10:46.912+0000] {processor.py:925} INFO - DAG(s) 'dataset_alias_example_alias_consumer', 'dataset_alias_example_alias_producer', 'dataset_s3_bucket_consumer', 'dataset_s3_bucket_producer' retrieved from /home/airflow/.local/lib/python3.12/site-packages/airflow/example_dags/example_dataset_alias.py
[2024-09-12T16:10:47.002+0000] {logging_mixin.py:190} INFO - [2024-09-12T16:10:46.999+0000] {dag.py:3211} INFO - Sync 4 DAGs
[2024-09-12T16:10:47.103+0000] {logging_mixin.py:190} INFO - [2024-09-12T16:10:47.103+0000] {dag.py:4138} INFO - Setting next_dagrun for dataset_alias_example_alias_consumer to None, run_after=None
[2024-09-12T16:10:47.113+0000] {logging_mixin.py:190} INFO - [2024-09-12T16:10:47.112+0000] {dag.py:4138} INFO - Setting next_dagrun for dataset_alias_example_alias_producer to None, run_after=None
[2024-09-12T16:10:47.122+0000] {logging_mixin.py:190} INFO - [2024-09-12T16:10:47.121+0000] {dag.py:4138} INFO - Setting next_dagrun for dataset_s3_bucket_consumer to None, run_after=None
[2024-09-12T16:10:47.126+0000] {logging_mixin.py:190} INFO - [2024-09-12T16:10:47.126+0000] {dag.py:4138} INFO - Setting next_dagrun for dataset_s3_bucket_producer to None, run_after=None
[2024-09-12T16:10:47.259+0000] {processor.py:208} INFO - Processing /home/airflow/.local/lib/python3.12/site-packages/airflow/example_dags/example_dataset_alias.py took 1.327 seconds
[2024-09-12T16:11:33.489+0000] {processor.py:186} INFO - Started process (PID=3852) to work on /home/airflow/.local/lib/python3.12/site-packages/airflow/example_dags/example_dataset_alias.py
[2024-09-12T16:11:33.494+0000] {processor.py:914} INFO - Processing file /home/airflow/.local/lib/python3.12/site-packages/airflow/example_dags/example_dataset_alias.py for tasks to queue
[2024-09-12T16:11:33.502+0000] {logging_mixin.py:190} INFO - [2024-09-12T16:11:33.501+0000] {dagbag.py:587} INFO - Filling up the DagBag from /home/airflow/.local/lib/python3.12/site-packages/airflow/example_dags/example_dataset_alias.py
[2024-09-12T16:11:34.848+0000] {processor.py:925} INFO - DAG(s) 'dataset_s3_bucket_producer', 'dataset_alias_example_alias_consumer', 'dataset_s3_bucket_consumer', 'dataset_alias_example_alias_producer' retrieved from /home/airflow/.local/lib/python3.12/site-packages/airflow/example_dags/example_dataset_alias.py
[2024-09-12T16:11:34.933+0000] {logging_mixin.py:190} INFO - [2024-09-12T16:11:34.932+0000] {dag.py:3211} INFO - Sync 4 DAGs
[2024-09-12T16:11:35.059+0000] {logging_mixin.py:190} INFO - [2024-09-12T16:11:35.058+0000] {dag.py:4138} INFO - Setting next_dagrun for dataset_alias_example_alias_consumer to None, run_after=None
[2024-09-12T16:11:35.075+0000] {logging_mixin.py:190} INFO - [2024-09-12T16:11:35.075+0000] {dag.py:4138} INFO - Setting next_dagrun for dataset_alias_example_alias_producer to None, run_after=None
[2024-09-12T16:11:35.087+0000] {logging_mixin.py:190} INFO - [2024-09-12T16:11:35.082+0000] {dag.py:4138} INFO - Setting next_dagrun for dataset_s3_bucket_consumer to None, run_after=None
[2024-09-12T16:11:35.117+0000] {logging_mixin.py:190} INFO - [2024-09-12T16:11:35.113+0000] {dag.py:4138} INFO - Setting next_dagrun for dataset_s3_bucket_producer to None, run_after=None
[2024-09-12T16:11:35.303+0000] {processor.py:208} INFO - Processing /home/airflow/.local/lib/python3.12/site-packages/airflow/example_dags/example_dataset_alias.py took 1.856 seconds
[2024-09-12T16:12:43.203+0000] {processor.py:186} INFO - Started process (PID=3938) to work on /home/airflow/.local/lib/python3.12/site-packages/airflow/example_dags/example_dataset_alias.py
[2024-09-12T16:12:43.241+0000] {processor.py:914} INFO - Processing file /home/airflow/.local/lib/python3.12/site-packages/airflow/example_dags/example_dataset_alias.py for tasks to queue
[2024-09-12T16:12:43.281+0000] {logging_mixin.py:190} INFO - [2024-09-12T16:12:43.281+0000] {dagbag.py:587} INFO - Filling up the DagBag from /home/airflow/.local/lib/python3.12/site-packages/airflow/example_dags/example_dataset_alias.py
[2024-09-12T16:12:45.229+0000] {processor.py:925} INFO - DAG(s) 'dataset_alias_example_alias_consumer', 'dataset_s3_bucket_consumer', 'dataset_s3_bucket_producer', 'dataset_alias_example_alias_producer' retrieved from /home/airflow/.local/lib/python3.12/site-packages/airflow/example_dags/example_dataset_alias.py
[2024-09-12T16:12:45.565+0000] {logging_mixin.py:190} INFO - [2024-09-12T16:12:45.565+0000] {dag.py:3211} INFO - Sync 4 DAGs
[2024-09-12T16:12:45.963+0000] {logging_mixin.py:190} INFO - [2024-09-12T16:12:45.962+0000] {dag.py:4138} INFO - Setting next_dagrun for dataset_alias_example_alias_consumer to None, run_after=None
[2024-09-12T16:12:46.001+0000] {logging_mixin.py:190} INFO - [2024-09-12T16:12:46.000+0000] {dag.py:4138} INFO - Setting next_dagrun for dataset_alias_example_alias_producer to None, run_after=None
[2024-09-12T16:12:46.017+0000] {logging_mixin.py:190} INFO - [2024-09-12T16:12:46.017+0000] {dag.py:4138} INFO - Setting next_dagrun for dataset_s3_bucket_consumer to None, run_after=None
[2024-09-12T16:12:46.022+0000] {logging_mixin.py:190} INFO - [2024-09-12T16:12:46.022+0000] {dag.py:4138} INFO - Setting next_dagrun for dataset_s3_bucket_producer to None, run_after=None
[2024-09-12T16:12:46.262+0000] {processor.py:208} INFO - Processing /home/airflow/.local/lib/python3.12/site-packages/airflow/example_dags/example_dataset_alias.py took 3.158 seconds
[2024-09-12T16:14:09.992+0000] {processor.py:186} INFO - Started process (PID=4046) to work on /home/airflow/.local/lib/python3.12/site-packages/airflow/example_dags/example_dataset_alias.py
[2024-09-12T16:14:10.004+0000] {processor.py:914} INFO - Processing file /home/airflow/.local/lib/python3.12/site-packages/airflow/example_dags/example_dataset_alias.py for tasks to queue
[2024-09-12T16:14:10.029+0000] {logging_mixin.py:190} INFO - [2024-09-12T16:14:10.028+0000] {dagbag.py:587} INFO - Filling up the DagBag from /home/airflow/.local/lib/python3.12/site-packages/airflow/example_dags/example_dataset_alias.py
[2024-09-12T16:14:28.559+0000] {logging_mixin.py:190} INFO - [2024-09-12T16:14:23.402+0000] {dagbag.py:386} ERROR - Failed to import: /home/airflow/.local/lib/python3.12/site-packages/airflow/example_dags/example_dataset_alias.py
Traceback (most recent call last):
  File "/home/airflow/.local/lib/python3.12/site-packages/sqlalchemy/engine/base.py", line 3371, in _wrap_pool_connect
    return fn()
           ^^^^
  File "/home/airflow/.local/lib/python3.12/site-packages/sqlalchemy/pool/base.py", line 327, in connect
    return _ConnectionFairy._checkout(self)
           ^^^^^^^^^^^^^^^^^^^^^^^^^^^^^^^^
  File "/home/airflow/.local/lib/python3.12/site-packages/sqlalchemy/pool/base.py", line 894, in _checkout
    fairy = _ConnectionRecord.checkout(pool)
            ^^^^^^^^^^^^^^^^^^^^^^^^^^^^^^^^
  File "/home/airflow/.local/lib/python3.12/site-packages/sqlalchemy/pool/base.py", line 493, in checkout
    rec = pool._do_get()
          ^^^^^^^^^^^^^^
  File "/home/airflow/.local/lib/python3.12/site-packages/sqlalchemy/pool/impl.py", line 145, in _do_get
    with util.safe_reraise():
  File "/home/airflow/.local/lib/python3.12/site-packages/sqlalchemy/util/langhelpers.py", line 70, in __exit__
    compat.raise_(
  File "/home/airflow/.local/lib/python3.12/site-packages/sqlalchemy/util/compat.py", line 211, in raise_
    raise exception
  File "/home/airflow/.local/lib/python3.12/site-packages/sqlalchemy/pool/impl.py", line 143, in _do_get
    return self._create_connection()
           ^^^^^^^^^^^^^^^^^^^^^^^^^
  File "/home/airflow/.local/lib/python3.12/site-packages/sqlalchemy/pool/base.py", line 273, in _create_connection
    return _ConnectionRecord(self)
           ^^^^^^^^^^^^^^^^^^^^^^^
  File "/home/airflow/.local/lib/python3.12/site-packages/sqlalchemy/pool/base.py", line 388, in __init__
    self.__connect()
  File "/home/airflow/.local/lib/python3.12/site-packages/sqlalchemy/pool/base.py", line 690, in __connect
    with util.safe_reraise():
  File "/home/airflow/.local/lib/python3.12/site-packages/sqlalchemy/util/langhelpers.py", line 70, in __exit__
    compat.raise_(
  File "/home/airflow/.local/lib/python3.12/site-packages/sqlalchemy/util/compat.py", line 211, in raise_
    raise exception
  File "/home/airflow/.local/lib/python3.12/site-packages/sqlalchemy/pool/base.py", line 686, in __connect
    self.dbapi_connection = connection = pool._invoke_creator(self)
                                         ^^^^^^^^^^^^^^^^^^^^^^^^^^
  File "/home/airflow/.local/lib/python3.12/site-packages/sqlalchemy/engine/create.py", line 574, in connect
    return dialect.connect(*cargs, **cparams)
           ^^^^^^^^^^^^^^^^^^^^^^^^^^^^^^^^^^
  File "/home/airflow/.local/lib/python3.12/site-packages/sqlalchemy/engine/default.py", line 598, in connect
    return self.dbapi.connect(*cargs, **cparams)
           ^^^^^^^^^^^^^^^^^^^^^^^^^^^^^^^^^^^^^
  File "/home/airflow/.local/lib/python3.12/site-packages/psycopg2/__init__.py", line 122, in connect
    conn = _connect(dsn, connection_factory=connection_factory, **kwasync)
           ^^^^^^^^^^^^^^^^^^^^^^^^^^^^^^^^^^^^^^^^^^^^^^^^^^^^^^^^^^^^^^^
psycopg2.OperationalError: could not translate host name "postgres" to address: Temporary failure in name resolution


The above exception was the direct cause of the following exception:

Traceback (most recent call last):
  File "/home/airflow/.local/lib/python3.12/site-packages/airflow/models/dagbag.py", line 382, in parse
    loader.exec_module(new_module)
  File "<frozen importlib._bootstrap_external>", line 995, in exec_module
  File "<frozen importlib._bootstrap>", line 488, in _call_with_frames_removed
  File "/home/airflow/.local/lib/python3.12/site-packages/airflow/example_dags/example_dataset_alias.py", line 88, in <module>
    with DAG(
         ^^^^
  File "/home/airflow/.local/lib/python3.12/site-packages/airflow/models/dag.py", line 684, in __init__
    self.timetable = DatasetTriggeredTimetable(DatasetAll(*schedule))
                                               ^^^^^^^^^^^^^^^^^^^^^
  File "/home/airflow/.local/lib/python3.12/site-packages/airflow/datasets/__init__.py", line 330, in __init__
    _DatasetAliasCondition(obj.name) if isinstance(obj, DatasetAlias) else obj for obj in objects
    ^^^^^^^^^^^^^^^^^^^^^^^^^^^^^^^^
  File "/home/airflow/.local/lib/python3.12/site-packages/airflow/datasets/__init__.py", line 392, in __init__
    self.objects = expand_alias_to_datasets(name)
                   ^^^^^^^^^^^^^^^^^^^^^^^^^^^^^^
  File "/home/airflow/.local/lib/python3.12/site-packages/airflow/api_internal/internal_api_call.py", line 139, in wrapper
    return func(*args, **kwargs)
           ^^^^^^^^^^^^^^^^^^^^^
  File "/home/airflow/.local/lib/python3.12/site-packages/airflow/utils/session.py", line 97, in wrapper
    return func(*args, session=session, **kwargs)
           ^^^^^^^^^^^^^^^^^^^^^^^^^^^^^^^^^^^^^^
  File "/home/airflow/.local/lib/python3.12/site-packages/airflow/datasets/__init__.py", line 152, in expand_alias_to_datasets
    dataset_alias_obj = session.scalar(
                        ^^^^^^^^^^^^^^^
  File "/home/airflow/.local/lib/python3.12/site-packages/sqlalchemy/orm/session.py", line 1747, in scalar
    return self.execute(
           ^^^^^^^^^^^^^
  File "/home/airflow/.local/lib/python3.12/site-packages/sqlalchemy/orm/session.py", line 1716, in execute
    conn = self._connection_for_bind(bind)
           ^^^^^^^^^^^^^^^^^^^^^^^^^^^^^^^
  File "/home/airflow/.local/lib/python3.12/site-packages/sqlalchemy/orm/session.py", line 1555, in _connection_for_bind
    return self._transaction._connection_for_bind(
           ^^^^^^^^^^^^^^^^^^^^^^^^^^^^^^^^^^^^^^^
  File "/home/airflow/.local/lib/python3.12/site-packages/sqlalchemy/orm/session.py", line 750, in _connection_for_bind
    conn = bind.connect()
           ^^^^^^^^^^^^^^
  File "/home/airflow/.local/lib/python3.12/site-packages/sqlalchemy/future/engine.py", line 412, in connect
    return super(Engine, self).connect()
           ^^^^^^^^^^^^^^^^^^^^^^^^^^^^^
  File "/home/airflow/.local/lib/python3.12/site-packages/sqlalchemy/engine/base.py", line 3325, in connect
    return self._connection_cls(self, close_with_result=close_with_result)
           ^^^^^^^^^^^^^^^^^^^^^^^^^^^^^^^^^^^^^^^^^^^^^^^^^^^^^^^^^^^^^^^
  File "/home/airflow/.local/lib/python3.12/site-packages/sqlalchemy/engine/base.py", line 96, in __init__
    else engine.raw_connection()
         ^^^^^^^^^^^^^^^^^^^^^^^
  File "/home/airflow/.local/lib/python3.12/site-packages/sqlalchemy/engine/base.py", line 3404, in raw_connection
    return self._wrap_pool_connect(self.pool.connect, _connection)
           ^^^^^^^^^^^^^^^^^^^^^^^^^^^^^^^^^^^^^^^^^^^^^^^^^^^^^^^
  File "/home/airflow/.local/lib/python3.12/site-packages/sqlalchemy/engine/base.py", line 3374, in _wrap_pool_connect
    Connection._handle_dbapi_exception_noconnection(
  File "/home/airflow/.local/lib/python3.12/site-packages/sqlalchemy/engine/base.py", line 2208, in _handle_dbapi_exception_noconnection
    util.raise_(
  File "/home/airflow/.local/lib/python3.12/site-packages/sqlalchemy/util/compat.py", line 211, in raise_
    raise exception
  File "/home/airflow/.local/lib/python3.12/site-packages/sqlalchemy/engine/base.py", line 3371, in _wrap_pool_connect
    return fn()
           ^^^^
  File "/home/airflow/.local/lib/python3.12/site-packages/sqlalchemy/pool/base.py", line 327, in connect
    return _ConnectionFairy._checkout(self)
           ^^^^^^^^^^^^^^^^^^^^^^^^^^^^^^^^
  File "/home/airflow/.local/lib/python3.12/site-packages/sqlalchemy/pool/base.py", line 894, in _checkout
    fairy = _ConnectionRecord.checkout(pool)
            ^^^^^^^^^^^^^^^^^^^^^^^^^^^^^^^^
  File "/home/airflow/.local/lib/python3.12/site-packages/sqlalchemy/pool/base.py", line 493, in checkout
    rec = pool._do_get()
          ^^^^^^^^^^^^^^
  File "/home/airflow/.local/lib/python3.12/site-packages/sqlalchemy/pool/impl.py", line 145, in _do_get
    with util.safe_reraise():
  File "/home/airflow/.local/lib/python3.12/site-packages/sqlalchemy/util/langhelpers.py", line 70, in __exit__
    compat.raise_(
  File "/home/airflow/.local/lib/python3.12/site-packages/sqlalchemy/util/compat.py", line 211, in raise_
    raise exception
  File "/home/airflow/.local/lib/python3.12/site-packages/sqlalchemy/pool/impl.py", line 143, in _do_get
    return self._create_connection()
           ^^^^^^^^^^^^^^^^^^^^^^^^^
  File "/home/airflow/.local/lib/python3.12/site-packages/sqlalchemy/pool/base.py", line 273, in _create_connection
    return _ConnectionRecord(self)
           ^^^^^^^^^^^^^^^^^^^^^^^
  File "/home/airflow/.local/lib/python3.12/site-packages/sqlalchemy/pool/base.py", line 388, in __init__
    self.__connect()
  File "/home/airflow/.local/lib/python3.12/site-packages/sqlalchemy/pool/base.py", line 690, in __connect
    with util.safe_reraise():
  File "/home/airflow/.local/lib/python3.12/site-packages/sqlalchemy/util/langhelpers.py", line 70, in __exit__
    compat.raise_(
  File "/home/airflow/.local/lib/python3.12/site-packages/sqlalchemy/util/compat.py", line 211, in raise_
    raise exception
  File "/home/airflow/.local/lib/python3.12/site-packages/sqlalchemy/pool/base.py", line 686, in __connect
    self.dbapi_connection = connection = pool._invoke_creator(self)
                                         ^^^^^^^^^^^^^^^^^^^^^^^^^^
  File "/home/airflow/.local/lib/python3.12/site-packages/sqlalchemy/engine/create.py", line 574, in connect
    return dialect.connect(*cargs, **cparams)
           ^^^^^^^^^^^^^^^^^^^^^^^^^^^^^^^^^^
  File "/home/airflow/.local/lib/python3.12/site-packages/sqlalchemy/engine/default.py", line 598, in connect
    return self.dbapi.connect(*cargs, **cparams)
           ^^^^^^^^^^^^^^^^^^^^^^^^^^^^^^^^^^^^^
  File "/home/airflow/.local/lib/python3.12/site-packages/psycopg2/__init__.py", line 122, in connect
    conn = _connect(dsn, connection_factory=connection_factory, **kwasync)
           ^^^^^^^^^^^^^^^^^^^^^^^^^^^^^^^^^^^^^^^^^^^^^^^^^^^^^^^^^^^^^^^
sqlalchemy.exc.OperationalError: (psycopg2.OperationalError) could not translate host name "postgres" to address: Temporary failure in name resolution

(Background on this error at: https://sqlalche.me/e/14/e3q8)
[2024-09-12T16:14:28.583+0000] {processor.py:927} WARNING - No viable dags retrieved from /home/airflow/.local/lib/python3.12/site-packages/airflow/example_dags/example_dataset_alias.py
[2024-09-12T16:14:30.216+0000] {processor.py:208} INFO - Processing /home/airflow/.local/lib/python3.12/site-packages/airflow/example_dags/example_dataset_alias.py took 20.434 seconds
[2024-09-12T16:15:00.742+0000] {processor.py:186} INFO - Started process (PID=4113) to work on /home/airflow/.local/lib/python3.12/site-packages/airflow/example_dags/example_dataset_alias.py
[2024-09-12T16:15:00.751+0000] {processor.py:914} INFO - Processing file /home/airflow/.local/lib/python3.12/site-packages/airflow/example_dags/example_dataset_alias.py for tasks to queue
[2024-09-12T16:15:00.756+0000] {logging_mixin.py:190} INFO - [2024-09-12T16:15:00.754+0000] {dagbag.py:587} INFO - Filling up the DagBag from /home/airflow/.local/lib/python3.12/site-packages/airflow/example_dags/example_dataset_alias.py
[2024-09-12T16:15:01.648+0000] {processor.py:925} INFO - DAG(s) 'dataset_alias_example_alias_producer', 'dataset_s3_bucket_producer', 'dataset_alias_example_alias_consumer', 'dataset_s3_bucket_consumer' retrieved from /home/airflow/.local/lib/python3.12/site-packages/airflow/example_dags/example_dataset_alias.py
[2024-09-12T16:15:02.198+0000] {logging_mixin.py:190} INFO - [2024-09-12T16:15:02.197+0000] {dag.py:3211} INFO - Sync 4 DAGs
[2024-09-12T16:15:02.310+0000] {logging_mixin.py:190} INFO - [2024-09-12T16:15:02.308+0000] {dag.py:4138} INFO - Setting next_dagrun for dataset_alias_example_alias_consumer to None, run_after=None
[2024-09-12T16:15:02.330+0000] {logging_mixin.py:190} INFO - [2024-09-12T16:15:02.329+0000] {dag.py:4138} INFO - Setting next_dagrun for dataset_alias_example_alias_producer to None, run_after=None
[2024-09-12T16:15:02.333+0000] {logging_mixin.py:190} INFO - [2024-09-12T16:15:02.333+0000] {dag.py:4138} INFO - Setting next_dagrun for dataset_s3_bucket_consumer to None, run_after=None
[2024-09-12T16:15:02.339+0000] {logging_mixin.py:190} INFO - [2024-09-12T16:15:02.338+0000] {dag.py:4138} INFO - Setting next_dagrun for dataset_s3_bucket_producer to None, run_after=None
[2024-09-12T16:15:02.527+0000] {processor.py:208} INFO - Processing /home/airflow/.local/lib/python3.12/site-packages/airflow/example_dags/example_dataset_alias.py took 1.814 seconds
[2024-09-12T16:15:33.253+0000] {processor.py:186} INFO - Started process (PID=4184) to work on /home/airflow/.local/lib/python3.12/site-packages/airflow/example_dags/example_dataset_alias.py
[2024-09-12T16:15:33.257+0000] {processor.py:914} INFO - Processing file /home/airflow/.local/lib/python3.12/site-packages/airflow/example_dags/example_dataset_alias.py for tasks to queue
[2024-09-12T16:15:33.262+0000] {logging_mixin.py:190} INFO - [2024-09-12T16:15:33.261+0000] {dagbag.py:587} INFO - Filling up the DagBag from /home/airflow/.local/lib/python3.12/site-packages/airflow/example_dags/example_dataset_alias.py
[2024-09-12T16:15:34.374+0000] {processor.py:925} INFO - DAG(s) 'dataset_s3_bucket_consumer', 'dataset_alias_example_alias_consumer', 'dataset_s3_bucket_producer', 'dataset_alias_example_alias_producer' retrieved from /home/airflow/.local/lib/python3.12/site-packages/airflow/example_dags/example_dataset_alias.py
[2024-09-12T16:15:34.558+0000] {logging_mixin.py:190} INFO - [2024-09-12T16:15:34.558+0000] {dag.py:3211} INFO - Sync 4 DAGs
[2024-09-12T16:15:34.749+0000] {logging_mixin.py:190} INFO - [2024-09-12T16:15:34.748+0000] {dag.py:4138} INFO - Setting next_dagrun for dataset_alias_example_alias_consumer to None, run_after=None
[2024-09-12T16:15:34.766+0000] {logging_mixin.py:190} INFO - [2024-09-12T16:15:34.766+0000] {dag.py:4138} INFO - Setting next_dagrun for dataset_alias_example_alias_producer to None, run_after=None
[2024-09-12T16:15:34.774+0000] {logging_mixin.py:190} INFO - [2024-09-12T16:15:34.774+0000] {dag.py:4138} INFO - Setting next_dagrun for dataset_s3_bucket_consumer to None, run_after=None
[2024-09-12T16:15:34.784+0000] {logging_mixin.py:190} INFO - [2024-09-12T16:15:34.783+0000] {dag.py:4138} INFO - Setting next_dagrun for dataset_s3_bucket_producer to None, run_after=None
[2024-09-12T16:15:34.914+0000] {processor.py:208} INFO - Processing /home/airflow/.local/lib/python3.12/site-packages/airflow/example_dags/example_dataset_alias.py took 1.712 seconds
[2024-09-12T16:16:10.796+0000] {processor.py:186} INFO - Started process (PID=4254) to work on /home/airflow/.local/lib/python3.12/site-packages/airflow/example_dags/example_dataset_alias.py
[2024-09-12T16:16:10.818+0000] {processor.py:914} INFO - Processing file /home/airflow/.local/lib/python3.12/site-packages/airflow/example_dags/example_dataset_alias.py for tasks to queue
[2024-09-12T16:16:10.839+0000] {logging_mixin.py:190} INFO - [2024-09-12T16:16:10.838+0000] {dagbag.py:587} INFO - Filling up the DagBag from /home/airflow/.local/lib/python3.12/site-packages/airflow/example_dags/example_dataset_alias.py
[2024-09-12T16:16:13.152+0000] {processor.py:925} INFO - DAG(s) 'dataset_alias_example_alias_producer', 'dataset_s3_bucket_consumer', 'dataset_alias_example_alias_consumer', 'dataset_s3_bucket_producer' retrieved from /home/airflow/.local/lib/python3.12/site-packages/airflow/example_dags/example_dataset_alias.py
[2024-09-12T16:16:13.330+0000] {logging_mixin.py:190} INFO - [2024-09-12T16:16:13.329+0000] {dag.py:3211} INFO - Sync 4 DAGs
[2024-09-12T16:16:13.519+0000] {logging_mixin.py:190} INFO - [2024-09-12T16:16:13.518+0000] {dag.py:4138} INFO - Setting next_dagrun for dataset_alias_example_alias_consumer to None, run_after=None
[2024-09-12T16:16:13.548+0000] {logging_mixin.py:190} INFO - [2024-09-12T16:16:13.548+0000] {dag.py:4138} INFO - Setting next_dagrun for dataset_alias_example_alias_producer to None, run_after=None
[2024-09-12T16:16:13.566+0000] {logging_mixin.py:190} INFO - [2024-09-12T16:16:13.566+0000] {dag.py:4138} INFO - Setting next_dagrun for dataset_s3_bucket_consumer to None, run_after=None
[2024-09-12T16:16:13.597+0000] {logging_mixin.py:190} INFO - [2024-09-12T16:16:13.597+0000] {dag.py:4138} INFO - Setting next_dagrun for dataset_s3_bucket_producer to None, run_after=None
[2024-09-12T16:16:13.952+0000] {processor.py:208} INFO - Processing /home/airflow/.local/lib/python3.12/site-packages/airflow/example_dags/example_dataset_alias.py took 3.187 seconds
[2024-09-12T16:16:59.041+0000] {processor.py:186} INFO - Started process (PID=4323) to work on /home/airflow/.local/lib/python3.12/site-packages/airflow/example_dags/example_dataset_alias.py
[2024-09-12T16:16:59.087+0000] {processor.py:914} INFO - Processing file /home/airflow/.local/lib/python3.12/site-packages/airflow/example_dags/example_dataset_alias.py for tasks to queue
[2024-09-12T16:16:59.091+0000] {logging_mixin.py:190} INFO - [2024-09-12T16:16:59.090+0000] {dagbag.py:587} INFO - Filling up the DagBag from /home/airflow/.local/lib/python3.12/site-packages/airflow/example_dags/example_dataset_alias.py
[2024-09-12T16:17:03.260+0000] {processor.py:925} INFO - DAG(s) 'dataset_alias_example_alias_consumer', 'dataset_s3_bucket_producer', 'dataset_s3_bucket_consumer', 'dataset_alias_example_alias_producer' retrieved from /home/airflow/.local/lib/python3.12/site-packages/airflow/example_dags/example_dataset_alias.py
[2024-09-12T16:17:03.406+0000] {logging_mixin.py:190} INFO - [2024-09-12T16:17:03.405+0000] {dag.py:3211} INFO - Sync 4 DAGs
[2024-09-12T16:17:03.524+0000] {logging_mixin.py:190} INFO - [2024-09-12T16:17:03.524+0000] {dag.py:4138} INFO - Setting next_dagrun for dataset_alias_example_alias_consumer to None, run_after=None
[2024-09-12T16:17:03.540+0000] {logging_mixin.py:190} INFO - [2024-09-12T16:17:03.540+0000] {dag.py:4138} INFO - Setting next_dagrun for dataset_alias_example_alias_producer to None, run_after=None
[2024-09-12T16:17:03.544+0000] {logging_mixin.py:190} INFO - [2024-09-12T16:17:03.543+0000] {dag.py:4138} INFO - Setting next_dagrun for dataset_s3_bucket_consumer to None, run_after=None
[2024-09-12T16:17:03.549+0000] {logging_mixin.py:190} INFO - [2024-09-12T16:17:03.548+0000] {dag.py:4138} INFO - Setting next_dagrun for dataset_s3_bucket_producer to None, run_after=None
[2024-09-12T16:17:03.651+0000] {processor.py:208} INFO - Processing /home/airflow/.local/lib/python3.12/site-packages/airflow/example_dags/example_dataset_alias.py took 4.655 seconds
[2024-09-12T16:17:42.386+0000] {processor.py:186} INFO - Started process (PID=4383) to work on /home/airflow/.local/lib/python3.12/site-packages/airflow/example_dags/example_dataset_alias.py
[2024-09-12T16:17:42.393+0000] {processor.py:914} INFO - Processing file /home/airflow/.local/lib/python3.12/site-packages/airflow/example_dags/example_dataset_alias.py for tasks to queue
[2024-09-12T16:17:42.400+0000] {logging_mixin.py:190} INFO - [2024-09-12T16:17:42.398+0000] {dagbag.py:587} INFO - Filling up the DagBag from /home/airflow/.local/lib/python3.12/site-packages/airflow/example_dags/example_dataset_alias.py
[2024-09-12T16:17:44.116+0000] {processor.py:925} INFO - DAG(s) 'dataset_s3_bucket_producer', 'dataset_alias_example_alias_producer', 'dataset_alias_example_alias_consumer', 'dataset_s3_bucket_consumer' retrieved from /home/airflow/.local/lib/python3.12/site-packages/airflow/example_dags/example_dataset_alias.py
[2024-09-12T16:17:44.480+0000] {logging_mixin.py:190} INFO - [2024-09-12T16:17:44.479+0000] {dag.py:3211} INFO - Sync 4 DAGs
[2024-09-12T16:17:44.711+0000] {logging_mixin.py:190} INFO - [2024-09-12T16:17:44.710+0000] {dag.py:4138} INFO - Setting next_dagrun for dataset_alias_example_alias_consumer to None, run_after=None
[2024-09-12T16:17:44.727+0000] {logging_mixin.py:190} INFO - [2024-09-12T16:17:44.726+0000] {dag.py:4138} INFO - Setting next_dagrun for dataset_alias_example_alias_producer to None, run_after=None
[2024-09-12T16:17:44.736+0000] {logging_mixin.py:190} INFO - [2024-09-12T16:17:44.736+0000] {dag.py:4138} INFO - Setting next_dagrun for dataset_s3_bucket_consumer to None, run_after=None
[2024-09-12T16:17:44.755+0000] {logging_mixin.py:190} INFO - [2024-09-12T16:17:44.754+0000] {dag.py:4138} INFO - Setting next_dagrun for dataset_s3_bucket_producer to None, run_after=None
[2024-09-12T16:17:44.897+0000] {processor.py:208} INFO - Processing /home/airflow/.local/lib/python3.12/site-packages/airflow/example_dags/example_dataset_alias.py took 2.633 seconds
[2024-09-12T16:18:31.383+0000] {processor.py:186} INFO - Started process (PID=4449) to work on /home/airflow/.local/lib/python3.12/site-packages/airflow/example_dags/example_dataset_alias.py
[2024-09-12T16:18:31.389+0000] {processor.py:914} INFO - Processing file /home/airflow/.local/lib/python3.12/site-packages/airflow/example_dags/example_dataset_alias.py for tasks to queue
[2024-09-12T16:18:31.394+0000] {logging_mixin.py:190} INFO - [2024-09-12T16:18:31.393+0000] {dagbag.py:587} INFO - Filling up the DagBag from /home/airflow/.local/lib/python3.12/site-packages/airflow/example_dags/example_dataset_alias.py
[2024-09-12T16:18:33.667+0000] {processor.py:925} INFO - DAG(s) 'dataset_s3_bucket_producer', 'dataset_s3_bucket_consumer', 'dataset_alias_example_alias_producer', 'dataset_alias_example_alias_consumer' retrieved from /home/airflow/.local/lib/python3.12/site-packages/airflow/example_dags/example_dataset_alias.py
[2024-09-12T16:18:33.783+0000] {logging_mixin.py:190} INFO - [2024-09-12T16:18:33.783+0000] {dag.py:3211} INFO - Sync 4 DAGs
[2024-09-12T16:18:33.940+0000] {logging_mixin.py:190} INFO - [2024-09-12T16:18:33.940+0000] {dag.py:4138} INFO - Setting next_dagrun for dataset_alias_example_alias_consumer to None, run_after=None
[2024-09-12T16:18:33.947+0000] {logging_mixin.py:190} INFO - [2024-09-12T16:18:33.946+0000] {dag.py:4138} INFO - Setting next_dagrun for dataset_alias_example_alias_producer to None, run_after=None
[2024-09-12T16:18:33.953+0000] {logging_mixin.py:190} INFO - [2024-09-12T16:18:33.952+0000] {dag.py:4138} INFO - Setting next_dagrun for dataset_s3_bucket_consumer to None, run_after=None
[2024-09-12T16:18:33.960+0000] {logging_mixin.py:190} INFO - [2024-09-12T16:18:33.959+0000] {dag.py:4138} INFO - Setting next_dagrun for dataset_s3_bucket_producer to None, run_after=None
[2024-09-12T16:18:34.034+0000] {processor.py:208} INFO - Processing /home/airflow/.local/lib/python3.12/site-packages/airflow/example_dags/example_dataset_alias.py took 2.681 seconds
[2024-09-12T16:19:11.260+0000] {processor.py:186} INFO - Started process (PID=4520) to work on /home/airflow/.local/lib/python3.12/site-packages/airflow/example_dags/example_dataset_alias.py
[2024-09-12T16:19:11.264+0000] {processor.py:914} INFO - Processing file /home/airflow/.local/lib/python3.12/site-packages/airflow/example_dags/example_dataset_alias.py for tasks to queue
[2024-09-12T16:19:11.270+0000] {logging_mixin.py:190} INFO - [2024-09-12T16:19:11.269+0000] {dagbag.py:587} INFO - Filling up the DagBag from /home/airflow/.local/lib/python3.12/site-packages/airflow/example_dags/example_dataset_alias.py
[2024-09-12T16:19:12.349+0000] {processor.py:925} INFO - DAG(s) 'dataset_s3_bucket_consumer', 'dataset_alias_example_alias_consumer', 'dataset_s3_bucket_producer', 'dataset_alias_example_alias_producer' retrieved from /home/airflow/.local/lib/python3.12/site-packages/airflow/example_dags/example_dataset_alias.py
[2024-09-12T16:19:12.968+0000] {logging_mixin.py:190} INFO - [2024-09-12T16:19:12.967+0000] {dag.py:3211} INFO - Sync 4 DAGs
[2024-09-12T16:19:13.162+0000] {logging_mixin.py:190} INFO - [2024-09-12T16:19:13.161+0000] {dag.py:4138} INFO - Setting next_dagrun for dataset_alias_example_alias_consumer to None, run_after=None
[2024-09-12T16:19:13.180+0000] {logging_mixin.py:190} INFO - [2024-09-12T16:19:13.179+0000] {dag.py:4138} INFO - Setting next_dagrun for dataset_alias_example_alias_producer to None, run_after=None
[2024-09-12T16:19:13.191+0000] {logging_mixin.py:190} INFO - [2024-09-12T16:19:13.191+0000] {dag.py:4138} INFO - Setting next_dagrun for dataset_s3_bucket_consumer to None, run_after=None
[2024-09-12T16:19:13.209+0000] {logging_mixin.py:190} INFO - [2024-09-12T16:19:13.208+0000] {dag.py:4138} INFO - Setting next_dagrun for dataset_s3_bucket_producer to None, run_after=None
[2024-09-12T16:19:13.364+0000] {processor.py:208} INFO - Processing /home/airflow/.local/lib/python3.12/site-packages/airflow/example_dags/example_dataset_alias.py took 2.148 seconds
[2024-09-12T16:19:51.951+0000] {processor.py:186} INFO - Started process (PID=4600) to work on /home/airflow/.local/lib/python3.12/site-packages/airflow/example_dags/example_dataset_alias.py
[2024-09-12T16:19:51.978+0000] {processor.py:914} INFO - Processing file /home/airflow/.local/lib/python3.12/site-packages/airflow/example_dags/example_dataset_alias.py for tasks to queue
[2024-09-12T16:19:51.983+0000] {logging_mixin.py:190} INFO - [2024-09-12T16:19:51.982+0000] {dagbag.py:587} INFO - Filling up the DagBag from /home/airflow/.local/lib/python3.12/site-packages/airflow/example_dags/example_dataset_alias.py
[2024-09-12T16:19:53.968+0000] {processor.py:925} INFO - DAG(s) 'dataset_alias_example_alias_producer', 'dataset_alias_example_alias_consumer', 'dataset_s3_bucket_consumer', 'dataset_s3_bucket_producer' retrieved from /home/airflow/.local/lib/python3.12/site-packages/airflow/example_dags/example_dataset_alias.py
[2024-09-12T16:19:54.281+0000] {logging_mixin.py:190} INFO - [2024-09-12T16:19:54.277+0000] {dag.py:3211} INFO - Sync 4 DAGs
[2024-09-12T16:19:54.615+0000] {logging_mixin.py:190} INFO - [2024-09-12T16:19:54.615+0000] {dag.py:4138} INFO - Setting next_dagrun for dataset_alias_example_alias_consumer to None, run_after=None
[2024-09-12T16:19:54.641+0000] {logging_mixin.py:190} INFO - [2024-09-12T16:19:54.640+0000] {dag.py:4138} INFO - Setting next_dagrun for dataset_alias_example_alias_producer to None, run_after=None
[2024-09-12T16:19:54.647+0000] {logging_mixin.py:190} INFO - [2024-09-12T16:19:54.647+0000] {dag.py:4138} INFO - Setting next_dagrun for dataset_s3_bucket_consumer to None, run_after=None
[2024-09-12T16:19:54.651+0000] {logging_mixin.py:190} INFO - [2024-09-12T16:19:54.650+0000] {dag.py:4138} INFO - Setting next_dagrun for dataset_s3_bucket_producer to None, run_after=None
[2024-09-12T16:19:54.822+0000] {processor.py:208} INFO - Processing /home/airflow/.local/lib/python3.12/site-packages/airflow/example_dags/example_dataset_alias.py took 2.895 seconds
[2024-09-12T16:21:06.256+0000] {processor.py:186} INFO - Started process (PID=4698) to work on /home/airflow/.local/lib/python3.12/site-packages/airflow/example_dags/example_dataset_alias.py
[2024-09-12T16:21:06.271+0000] {processor.py:914} INFO - Processing file /home/airflow/.local/lib/python3.12/site-packages/airflow/example_dags/example_dataset_alias.py for tasks to queue
[2024-09-12T16:21:06.280+0000] {logging_mixin.py:190} INFO - [2024-09-12T16:21:06.279+0000] {dagbag.py:587} INFO - Filling up the DagBag from /home/airflow/.local/lib/python3.12/site-packages/airflow/example_dags/example_dataset_alias.py
[2024-09-12T16:21:07.231+0000] {processor.py:925} INFO - DAG(s) 'dataset_alias_example_alias_producer', 'dataset_alias_example_alias_consumer', 'dataset_s3_bucket_producer', 'dataset_s3_bucket_consumer' retrieved from /home/airflow/.local/lib/python3.12/site-packages/airflow/example_dags/example_dataset_alias.py
[2024-09-12T16:21:07.343+0000] {logging_mixin.py:190} INFO - [2024-09-12T16:21:07.343+0000] {dag.py:3211} INFO - Sync 4 DAGs
[2024-09-12T16:21:07.609+0000] {logging_mixin.py:190} INFO - [2024-09-12T16:21:07.609+0000] {dag.py:4138} INFO - Setting next_dagrun for dataset_alias_example_alias_consumer to None, run_after=None
[2024-09-12T16:21:07.640+0000] {logging_mixin.py:190} INFO - [2024-09-12T16:21:07.637+0000] {dag.py:4138} INFO - Setting next_dagrun for dataset_alias_example_alias_producer to None, run_after=None
[2024-09-12T16:21:07.698+0000] {logging_mixin.py:190} INFO - [2024-09-12T16:21:07.697+0000] {dag.py:4138} INFO - Setting next_dagrun for dataset_s3_bucket_consumer to None, run_after=None
[2024-09-12T16:21:07.712+0000] {logging_mixin.py:190} INFO - [2024-09-12T16:21:07.710+0000] {dag.py:4138} INFO - Setting next_dagrun for dataset_s3_bucket_producer to None, run_after=None
[2024-09-12T16:21:07.926+0000] {processor.py:208} INFO - Processing /home/airflow/.local/lib/python3.12/site-packages/airflow/example_dags/example_dataset_alias.py took 1.699 seconds
[2024-09-12T16:22:25.794+0000] {processor.py:186} INFO - Started process (PID=4784) to work on /home/airflow/.local/lib/python3.12/site-packages/airflow/example_dags/example_dataset_alias.py
[2024-09-12T16:22:25.803+0000] {processor.py:914} INFO - Processing file /home/airflow/.local/lib/python3.12/site-packages/airflow/example_dags/example_dataset_alias.py for tasks to queue
[2024-09-12T16:22:25.808+0000] {logging_mixin.py:190} INFO - [2024-09-12T16:22:25.807+0000] {dagbag.py:587} INFO - Filling up the DagBag from /home/airflow/.local/lib/python3.12/site-packages/airflow/example_dags/example_dataset_alias.py
[2024-09-12T16:22:27.124+0000] {processor.py:925} INFO - DAG(s) 'dataset_alias_example_alias_consumer', 'dataset_s3_bucket_consumer', 'dataset_alias_example_alias_producer', 'dataset_s3_bucket_producer' retrieved from /home/airflow/.local/lib/python3.12/site-packages/airflow/example_dags/example_dataset_alias.py
[2024-09-12T16:22:27.383+0000] {logging_mixin.py:190} INFO - [2024-09-12T16:22:27.382+0000] {dag.py:3211} INFO - Sync 4 DAGs
[2024-09-12T16:22:27.653+0000] {logging_mixin.py:190} INFO - [2024-09-12T16:22:27.652+0000] {dag.py:4138} INFO - Setting next_dagrun for dataset_alias_example_alias_consumer to None, run_after=None
[2024-09-12T16:22:27.702+0000] {logging_mixin.py:190} INFO - [2024-09-12T16:22:27.701+0000] {dag.py:4138} INFO - Setting next_dagrun for dataset_alias_example_alias_producer to None, run_after=None
[2024-09-12T16:22:27.708+0000] {logging_mixin.py:190} INFO - [2024-09-12T16:22:27.708+0000] {dag.py:4138} INFO - Setting next_dagrun for dataset_s3_bucket_consumer to None, run_after=None
[2024-09-12T16:22:27.722+0000] {logging_mixin.py:190} INFO - [2024-09-12T16:22:27.722+0000] {dag.py:4138} INFO - Setting next_dagrun for dataset_s3_bucket_producer to None, run_after=None
[2024-09-12T16:22:27.852+0000] {processor.py:208} INFO - Processing /home/airflow/.local/lib/python3.12/site-packages/airflow/example_dags/example_dataset_alias.py took 2.081 seconds
[2024-09-12T16:23:06.440+0000] {processor.py:186} INFO - Started process (PID=4850) to work on /home/airflow/.local/lib/python3.12/site-packages/airflow/example_dags/example_dataset_alias.py
[2024-09-12T16:23:06.442+0000] {processor.py:914} INFO - Processing file /home/airflow/.local/lib/python3.12/site-packages/airflow/example_dags/example_dataset_alias.py for tasks to queue
[2024-09-12T16:23:06.450+0000] {logging_mixin.py:190} INFO - [2024-09-12T16:23:06.447+0000] {dagbag.py:587} INFO - Filling up the DagBag from /home/airflow/.local/lib/python3.12/site-packages/airflow/example_dags/example_dataset_alias.py
[2024-09-12T16:23:08.127+0000] {processor.py:925} INFO - DAG(s) 'dataset_s3_bucket_producer', 'dataset_s3_bucket_consumer', 'dataset_alias_example_alias_consumer', 'dataset_alias_example_alias_producer' retrieved from /home/airflow/.local/lib/python3.12/site-packages/airflow/example_dags/example_dataset_alias.py
[2024-09-12T16:23:08.359+0000] {logging_mixin.py:190} INFO - [2024-09-12T16:23:08.358+0000] {dag.py:3211} INFO - Sync 4 DAGs
[2024-09-12T16:23:08.517+0000] {logging_mixin.py:190} INFO - [2024-09-12T16:23:08.515+0000] {dag.py:4138} INFO - Setting next_dagrun for dataset_alias_example_alias_consumer to None, run_after=None
[2024-09-12T16:23:08.534+0000] {logging_mixin.py:190} INFO - [2024-09-12T16:23:08.534+0000] {dag.py:4138} INFO - Setting next_dagrun for dataset_alias_example_alias_producer to None, run_after=None
[2024-09-12T16:23:08.540+0000] {logging_mixin.py:190} INFO - [2024-09-12T16:23:08.540+0000] {dag.py:4138} INFO - Setting next_dagrun for dataset_s3_bucket_consumer to None, run_after=None
[2024-09-12T16:23:08.559+0000] {logging_mixin.py:190} INFO - [2024-09-12T16:23:08.558+0000] {dag.py:4138} INFO - Setting next_dagrun for dataset_s3_bucket_producer to None, run_after=None
[2024-09-12T16:23:08.810+0000] {processor.py:208} INFO - Processing /home/airflow/.local/lib/python3.12/site-packages/airflow/example_dags/example_dataset_alias.py took 2.403 seconds
