[2024-09-12T14:58:49.881+0000] {processor.py:186} INFO - Started process (PID=104) to work on /home/airflow/.local/lib/python3.12/site-packages/airflow/example_dags/example_task_group.py
[2024-09-12T14:58:49.924+0000] {processor.py:914} INFO - Processing file /home/airflow/.local/lib/python3.12/site-packages/airflow/example_dags/example_task_group.py for tasks to queue
[2024-09-12T14:58:49.953+0000] {logging_mixin.py:190} INFO - [2024-09-12T14:58:49.932+0000] {dagbag.py:587} INFO - Filling up the DagBag from /home/airflow/.local/lib/python3.12/site-packages/airflow/example_dags/example_task_group.py
[2024-09-12T14:58:50.065+0000] {processor.py:925} INFO - DAG(s) 'example_task_group' retrieved from /home/airflow/.local/lib/python3.12/site-packages/airflow/example_dags/example_task_group.py
[2024-09-12T14:58:50.413+0000] {logging_mixin.py:190} INFO - [2024-09-12T14:58:50.413+0000] {dag.py:3211} INFO - Sync 1 DAGs
[2024-09-12T14:58:50.790+0000] {logging_mixin.py:190} INFO - [2024-09-12T14:58:50.790+0000] {dag.py:4138} INFO - Setting next_dagrun for example_task_group to 2024-09-11 00:00:00+00:00, run_after=2024-09-12 00:00:00+00:00
[2024-09-12T14:58:50.986+0000] {processor.py:208} INFO - Processing /home/airflow/.local/lib/python3.12/site-packages/airflow/example_dags/example_task_group.py took 1.129 seconds
[2024-09-12T14:59:45.167+0000] {processor.py:186} INFO - Started process (PID=169) to work on /home/airflow/.local/lib/python3.12/site-packages/airflow/example_dags/example_task_group.py
[2024-09-12T14:59:45.180+0000] {processor.py:914} INFO - Processing file /home/airflow/.local/lib/python3.12/site-packages/airflow/example_dags/example_task_group.py for tasks to queue
[2024-09-12T14:59:45.197+0000] {logging_mixin.py:190} INFO - [2024-09-12T14:59:45.197+0000] {dagbag.py:587} INFO - Filling up the DagBag from /home/airflow/.local/lib/python3.12/site-packages/airflow/example_dags/example_task_group.py
[2024-09-12T14:59:45.296+0000] {processor.py:925} INFO - DAG(s) 'example_task_group' retrieved from /home/airflow/.local/lib/python3.12/site-packages/airflow/example_dags/example_task_group.py
[2024-09-12T14:59:45.633+0000] {logging_mixin.py:190} INFO - [2024-09-12T14:59:45.632+0000] {dag.py:3211} INFO - Sync 1 DAGs
[2024-09-12T14:59:46.005+0000] {logging_mixin.py:190} INFO - [2024-09-12T14:59:46.004+0000] {dag.py:4138} INFO - Setting next_dagrun for example_task_group to 2024-09-11 00:00:00+00:00, run_after=2024-09-12 00:00:00+00:00
[2024-09-12T14:59:46.267+0000] {processor.py:208} INFO - Processing /home/airflow/.local/lib/python3.12/site-packages/airflow/example_dags/example_task_group.py took 1.150 seconds
[2024-09-12T15:00:47.111+0000] {processor.py:186} INFO - Started process (PID=250) to work on /home/airflow/.local/lib/python3.12/site-packages/airflow/example_dags/example_task_group.py
[2024-09-12T15:00:47.140+0000] {processor.py:914} INFO - Processing file /home/airflow/.local/lib/python3.12/site-packages/airflow/example_dags/example_task_group.py for tasks to queue
[2024-09-12T15:00:47.236+0000] {logging_mixin.py:190} INFO - [2024-09-12T15:00:47.144+0000] {dagbag.py:587} INFO - Filling up the DagBag from /home/airflow/.local/lib/python3.12/site-packages/airflow/example_dags/example_task_group.py
[2024-09-12T15:00:47.476+0000] {processor.py:925} INFO - DAG(s) 'example_task_group' retrieved from /home/airflow/.local/lib/python3.12/site-packages/airflow/example_dags/example_task_group.py
[2024-09-12T15:00:47.734+0000] {logging_mixin.py:190} INFO - [2024-09-12T15:00:47.734+0000] {dag.py:3211} INFO - Sync 1 DAGs
[2024-09-12T15:00:48.004+0000] {logging_mixin.py:190} INFO - [2024-09-12T15:00:48.004+0000] {dag.py:4138} INFO - Setting next_dagrun for example_task_group to 2024-09-11 00:00:00+00:00, run_after=2024-09-12 00:00:00+00:00
[2024-09-12T15:00:48.312+0000] {processor.py:208} INFO - Processing /home/airflow/.local/lib/python3.12/site-packages/airflow/example_dags/example_task_group.py took 1.300 seconds
[2024-09-12T15:02:01.924+0000] {processor.py:186} INFO - Started process (PID=322) to work on /home/airflow/.local/lib/python3.12/site-packages/airflow/example_dags/example_task_group.py
[2024-09-12T15:02:01.938+0000] {processor.py:914} INFO - Processing file /home/airflow/.local/lib/python3.12/site-packages/airflow/example_dags/example_task_group.py for tasks to queue
[2024-09-12T15:02:01.970+0000] {logging_mixin.py:190} INFO - [2024-09-12T15:02:01.970+0000] {dagbag.py:587} INFO - Filling up the DagBag from /home/airflow/.local/lib/python3.12/site-packages/airflow/example_dags/example_task_group.py
[2024-09-12T15:02:02.098+0000] {processor.py:925} INFO - DAG(s) 'example_task_group' retrieved from /home/airflow/.local/lib/python3.12/site-packages/airflow/example_dags/example_task_group.py
[2024-09-12T15:02:02.496+0000] {logging_mixin.py:190} INFO - [2024-09-12T15:02:02.495+0000] {dag.py:3211} INFO - Sync 1 DAGs
[2024-09-12T15:02:03.059+0000] {logging_mixin.py:190} INFO - [2024-09-12T15:02:03.059+0000] {dag.py:4138} INFO - Setting next_dagrun for example_task_group to 2024-09-11 00:00:00+00:00, run_after=2024-09-12 00:00:00+00:00
[2024-09-12T15:02:03.523+0000] {processor.py:208} INFO - Processing /home/airflow/.local/lib/python3.12/site-packages/airflow/example_dags/example_task_group.py took 1.680 seconds
[2024-09-12T15:04:09.816+0000] {processor.py:186} INFO - Started process (PID=419) to work on /home/airflow/.local/lib/python3.12/site-packages/airflow/example_dags/example_task_group.py
[2024-09-12T15:04:09.832+0000] {processor.py:914} INFO - Processing file /home/airflow/.local/lib/python3.12/site-packages/airflow/example_dags/example_task_group.py for tasks to queue
[2024-09-12T15:04:09.838+0000] {logging_mixin.py:190} INFO - [2024-09-12T15:04:09.837+0000] {dagbag.py:587} INFO - Filling up the DagBag from /home/airflow/.local/lib/python3.12/site-packages/airflow/example_dags/example_task_group.py
[2024-09-12T15:04:09.962+0000] {processor.py:925} INFO - DAG(s) 'example_task_group' retrieved from /home/airflow/.local/lib/python3.12/site-packages/airflow/example_dags/example_task_group.py
[2024-09-12T15:04:10.159+0000] {logging_mixin.py:190} INFO - [2024-09-12T15:04:10.159+0000] {dag.py:3211} INFO - Sync 1 DAGs
[2024-09-12T15:04:10.374+0000] {logging_mixin.py:190} INFO - [2024-09-12T15:04:10.373+0000] {dag.py:4138} INFO - Setting next_dagrun for example_task_group to 2024-09-11 00:00:00+00:00, run_after=2024-09-12 00:00:00+00:00
[2024-09-12T15:04:10.630+0000] {processor.py:208} INFO - Processing /home/airflow/.local/lib/python3.12/site-packages/airflow/example_dags/example_task_group.py took 0.862 seconds
[2024-09-12T15:05:03.918+0000] {processor.py:186} INFO - Started process (PID=490) to work on /home/airflow/.local/lib/python3.12/site-packages/airflow/example_dags/example_task_group.py
[2024-09-12T15:05:03.926+0000] {processor.py:914} INFO - Processing file /home/airflow/.local/lib/python3.12/site-packages/airflow/example_dags/example_task_group.py for tasks to queue
[2024-09-12T15:05:03.942+0000] {logging_mixin.py:190} INFO - [2024-09-12T15:05:03.941+0000] {dagbag.py:587} INFO - Filling up the DagBag from /home/airflow/.local/lib/python3.12/site-packages/airflow/example_dags/example_task_group.py
[2024-09-12T15:05:04.049+0000] {processor.py:925} INFO - DAG(s) 'example_task_group' retrieved from /home/airflow/.local/lib/python3.12/site-packages/airflow/example_dags/example_task_group.py
[2024-09-12T15:05:04.264+0000] {logging_mixin.py:190} INFO - [2024-09-12T15:05:04.263+0000] {dag.py:3211} INFO - Sync 1 DAGs
[2024-09-12T15:05:04.470+0000] {logging_mixin.py:190} INFO - [2024-09-12T15:05:04.469+0000] {dag.py:4138} INFO - Setting next_dagrun for example_task_group to 2024-09-11 00:00:00+00:00, run_after=2024-09-12 00:00:00+00:00
[2024-09-12T15:05:04.778+0000] {processor.py:208} INFO - Processing /home/airflow/.local/lib/python3.12/site-packages/airflow/example_dags/example_task_group.py took 0.986 seconds
[2024-09-12T15:06:04.486+0000] {processor.py:186} INFO - Started process (PID=552) to work on /home/airflow/.local/lib/python3.12/site-packages/airflow/example_dags/example_task_group.py
[2024-09-12T15:06:04.523+0000] {processor.py:914} INFO - Processing file /home/airflow/.local/lib/python3.12/site-packages/airflow/example_dags/example_task_group.py for tasks to queue
[2024-09-12T15:06:04.629+0000] {logging_mixin.py:190} INFO - [2024-09-12T15:06:04.629+0000] {dagbag.py:587} INFO - Filling up the DagBag from /home/airflow/.local/lib/python3.12/site-packages/airflow/example_dags/example_task_group.py
[2024-09-12T15:06:04.754+0000] {processor.py:925} INFO - DAG(s) 'example_task_group' retrieved from /home/airflow/.local/lib/python3.12/site-packages/airflow/example_dags/example_task_group.py
[2024-09-12T15:06:05.111+0000] {logging_mixin.py:190} INFO - [2024-09-12T15:06:05.110+0000] {dag.py:3211} INFO - Sync 1 DAGs
[2024-09-12T15:06:05.668+0000] {logging_mixin.py:190} INFO - [2024-09-12T15:06:05.667+0000] {dag.py:4138} INFO - Setting next_dagrun for example_task_group to 2024-09-11 00:00:00+00:00, run_after=2024-09-12 00:00:00+00:00
[2024-09-12T15:06:05.988+0000] {processor.py:208} INFO - Processing /home/airflow/.local/lib/python3.12/site-packages/airflow/example_dags/example_task_group.py took 1.606 seconds
[2024-09-12T15:07:02.877+0000] {processor.py:186} INFO - Started process (PID=627) to work on /home/airflow/.local/lib/python3.12/site-packages/airflow/example_dags/example_task_group.py
[2024-09-12T15:07:02.892+0000] {processor.py:914} INFO - Processing file /home/airflow/.local/lib/python3.12/site-packages/airflow/example_dags/example_task_group.py for tasks to queue
[2024-09-12T15:07:02.925+0000] {logging_mixin.py:190} INFO - [2024-09-12T15:07:02.925+0000] {dagbag.py:587} INFO - Filling up the DagBag from /home/airflow/.local/lib/python3.12/site-packages/airflow/example_dags/example_task_group.py
[2024-09-12T15:07:03.132+0000] {processor.py:925} INFO - DAG(s) 'example_task_group' retrieved from /home/airflow/.local/lib/python3.12/site-packages/airflow/example_dags/example_task_group.py
[2024-09-12T15:07:03.420+0000] {logging_mixin.py:190} INFO - [2024-09-12T15:07:03.420+0000] {dag.py:3211} INFO - Sync 1 DAGs
[2024-09-12T15:07:04.050+0000] {logging_mixin.py:190} INFO - [2024-09-12T15:07:04.006+0000] {dag.py:4138} INFO - Setting next_dagrun for example_task_group to 2024-09-11 00:00:00+00:00, run_after=2024-09-12 00:00:00+00:00
[2024-09-12T15:07:04.405+0000] {processor.py:208} INFO - Processing /home/airflow/.local/lib/python3.12/site-packages/airflow/example_dags/example_task_group.py took 1.642 seconds
[2024-09-12T15:08:24.415+0000] {processor.py:186} INFO - Started process (PID=710) to work on /home/airflow/.local/lib/python3.12/site-packages/airflow/example_dags/example_task_group.py
[2024-09-12T15:08:24.418+0000] {processor.py:914} INFO - Processing file /home/airflow/.local/lib/python3.12/site-packages/airflow/example_dags/example_task_group.py for tasks to queue
[2024-09-12T15:08:24.471+0000] {logging_mixin.py:190} INFO - [2024-09-12T15:08:24.470+0000] {dagbag.py:587} INFO - Filling up the DagBag from /home/airflow/.local/lib/python3.12/site-packages/airflow/example_dags/example_task_group.py
[2024-09-12T15:08:24.655+0000] {processor.py:925} INFO - DAG(s) 'example_task_group' retrieved from /home/airflow/.local/lib/python3.12/site-packages/airflow/example_dags/example_task_group.py
[2024-09-12T15:08:24.969+0000] {logging_mixin.py:190} INFO - [2024-09-12T15:08:24.968+0000] {dag.py:3211} INFO - Sync 1 DAGs
[2024-09-12T15:08:25.227+0000] {logging_mixin.py:190} INFO - [2024-09-12T15:08:25.226+0000] {dag.py:4138} INFO - Setting next_dagrun for example_task_group to 2024-09-11 00:00:00+00:00, run_after=2024-09-12 00:00:00+00:00
[2024-09-12T15:08:25.582+0000] {processor.py:208} INFO - Processing /home/airflow/.local/lib/python3.12/site-packages/airflow/example_dags/example_task_group.py took 1.288 seconds
[2024-09-12T15:09:33.959+0000] {processor.py:186} INFO - Started process (PID=778) to work on /home/airflow/.local/lib/python3.12/site-packages/airflow/example_dags/example_task_group.py
[2024-09-12T15:09:33.974+0000] {processor.py:914} INFO - Processing file /home/airflow/.local/lib/python3.12/site-packages/airflow/example_dags/example_task_group.py for tasks to queue
[2024-09-12T15:09:33.991+0000] {logging_mixin.py:190} INFO - [2024-09-12T15:09:33.991+0000] {dagbag.py:587} INFO - Filling up the DagBag from /home/airflow/.local/lib/python3.12/site-packages/airflow/example_dags/example_task_group.py
[2024-09-12T15:09:34.158+0000] {processor.py:925} INFO - DAG(s) 'example_task_group' retrieved from /home/airflow/.local/lib/python3.12/site-packages/airflow/example_dags/example_task_group.py
[2024-09-12T15:09:34.457+0000] {logging_mixin.py:190} INFO - [2024-09-12T15:09:34.456+0000] {dag.py:3211} INFO - Sync 1 DAGs
[2024-09-12T15:09:34.677+0000] {logging_mixin.py:190} INFO - [2024-09-12T15:09:34.676+0000] {dag.py:4138} INFO - Setting next_dagrun for example_task_group to 2024-09-11 00:00:00+00:00, run_after=2024-09-12 00:00:00+00:00
[2024-09-12T15:09:35.073+0000] {processor.py:208} INFO - Processing /home/airflow/.local/lib/python3.12/site-packages/airflow/example_dags/example_task_group.py took 1.183 seconds
[2024-09-12T15:10:36.487+0000] {processor.py:186} INFO - Started process (PID=850) to work on /home/airflow/.local/lib/python3.12/site-packages/airflow/example_dags/example_task_group.py
[2024-09-12T15:10:36.489+0000] {processor.py:914} INFO - Processing file /home/airflow/.local/lib/python3.12/site-packages/airflow/example_dags/example_task_group.py for tasks to queue
[2024-09-12T15:10:36.499+0000] {logging_mixin.py:190} INFO - [2024-09-12T15:10:36.496+0000] {dagbag.py:587} INFO - Filling up the DagBag from /home/airflow/.local/lib/python3.12/site-packages/airflow/example_dags/example_task_group.py
[2024-09-12T15:10:36.565+0000] {processor.py:925} INFO - DAG(s) 'example_task_group' retrieved from /home/airflow/.local/lib/python3.12/site-packages/airflow/example_dags/example_task_group.py
[2024-09-12T15:10:37.056+0000] {logging_mixin.py:190} INFO - [2024-09-12T15:10:37.055+0000] {dag.py:3211} INFO - Sync 1 DAGs
[2024-09-12T15:10:37.360+0000] {logging_mixin.py:190} INFO - [2024-09-12T15:10:37.360+0000] {dag.py:4138} INFO - Setting next_dagrun for example_task_group to 2024-09-11 00:00:00+00:00, run_after=2024-09-12 00:00:00+00:00
[2024-09-12T15:10:37.515+0000] {processor.py:208} INFO - Processing /home/airflow/.local/lib/python3.12/site-packages/airflow/example_dags/example_task_group.py took 1.056 seconds
[2024-09-12T15:11:31.867+0000] {processor.py:186} INFO - Started process (PID=919) to work on /home/airflow/.local/lib/python3.12/site-packages/airflow/example_dags/example_task_group.py
[2024-09-12T15:11:31.870+0000] {processor.py:914} INFO - Processing file /home/airflow/.local/lib/python3.12/site-packages/airflow/example_dags/example_task_group.py for tasks to queue
[2024-09-12T15:11:31.888+0000] {logging_mixin.py:190} INFO - [2024-09-12T15:11:31.873+0000] {dagbag.py:587} INFO - Filling up the DagBag from /home/airflow/.local/lib/python3.12/site-packages/airflow/example_dags/example_task_group.py
[2024-09-12T15:11:32.023+0000] {processor.py:925} INFO - DAG(s) 'example_task_group' retrieved from /home/airflow/.local/lib/python3.12/site-packages/airflow/example_dags/example_task_group.py
[2024-09-12T15:11:32.395+0000] {logging_mixin.py:190} INFO - [2024-09-12T15:11:32.394+0000] {dag.py:3211} INFO - Sync 1 DAGs
[2024-09-12T15:11:32.826+0000] {logging_mixin.py:190} INFO - [2024-09-12T15:11:32.825+0000] {dag.py:4138} INFO - Setting next_dagrun for example_task_group to 2024-09-11 00:00:00+00:00, run_after=2024-09-12 00:00:00+00:00
[2024-09-12T15:11:33.199+0000] {processor.py:208} INFO - Processing /home/airflow/.local/lib/python3.12/site-packages/airflow/example_dags/example_task_group.py took 1.498 seconds
[2024-09-12T15:15:13.546+0000] {processor.py:186} INFO - Started process (PID=101) to work on /home/airflow/.local/lib/python3.12/site-packages/airflow/example_dags/example_task_group.py
[2024-09-12T15:15:13.562+0000] {processor.py:914} INFO - Processing file /home/airflow/.local/lib/python3.12/site-packages/airflow/example_dags/example_task_group.py for tasks to queue
[2024-09-12T15:15:13.580+0000] {logging_mixin.py:190} INFO - [2024-09-12T15:15:13.580+0000] {dagbag.py:587} INFO - Filling up the DagBag from /home/airflow/.local/lib/python3.12/site-packages/airflow/example_dags/example_task_group.py
[2024-09-12T15:15:13.697+0000] {processor.py:925} INFO - DAG(s) 'example_task_group' retrieved from /home/airflow/.local/lib/python3.12/site-packages/airflow/example_dags/example_task_group.py
[2024-09-12T15:15:14.001+0000] {logging_mixin.py:190} INFO - [2024-09-12T15:15:14.000+0000] {dag.py:3211} INFO - Sync 1 DAGs
[2024-09-12T15:15:14.197+0000] {logging_mixin.py:190} INFO - [2024-09-12T15:15:14.176+0000] {dag.py:4138} INFO - Setting next_dagrun for example_task_group to 2024-09-11 00:00:00+00:00, run_after=2024-09-12 00:00:00+00:00
[2024-09-12T15:15:14.382+0000] {processor.py:208} INFO - Processing /home/airflow/.local/lib/python3.12/site-packages/airflow/example_dags/example_task_group.py took 0.887 seconds
[2024-09-12T15:16:10.370+0000] {processor.py:186} INFO - Started process (PID=172) to work on /home/airflow/.local/lib/python3.12/site-packages/airflow/example_dags/example_task_group.py
[2024-09-12T15:16:10.372+0000] {processor.py:914} INFO - Processing file /home/airflow/.local/lib/python3.12/site-packages/airflow/example_dags/example_task_group.py for tasks to queue
[2024-09-12T15:16:10.402+0000] {logging_mixin.py:190} INFO - [2024-09-12T15:16:10.402+0000] {dagbag.py:587} INFO - Filling up the DagBag from /home/airflow/.local/lib/python3.12/site-packages/airflow/example_dags/example_task_group.py
[2024-09-12T15:16:10.568+0000] {processor.py:925} INFO - DAG(s) 'example_task_group' retrieved from /home/airflow/.local/lib/python3.12/site-packages/airflow/example_dags/example_task_group.py
[2024-09-12T15:16:10.982+0000] {logging_mixin.py:190} INFO - [2024-09-12T15:16:10.981+0000] {dag.py:3211} INFO - Sync 1 DAGs
[2024-09-12T15:16:11.283+0000] {logging_mixin.py:190} INFO - [2024-09-12T15:16:11.283+0000] {dag.py:4138} INFO - Setting next_dagrun for example_task_group to 2024-09-11 00:00:00+00:00, run_after=2024-09-12 00:00:00+00:00
[2024-09-12T15:16:12.063+0000] {processor.py:208} INFO - Processing /home/airflow/.local/lib/python3.12/site-packages/airflow/example_dags/example_task_group.py took 1.787 seconds
[2024-09-12T15:17:21.864+0000] {processor.py:186} INFO - Started process (PID=237) to work on /home/airflow/.local/lib/python3.12/site-packages/airflow/example_dags/example_task_group.py
[2024-09-12T15:17:21.878+0000] {processor.py:914} INFO - Processing file /home/airflow/.local/lib/python3.12/site-packages/airflow/example_dags/example_task_group.py for tasks to queue
[2024-09-12T15:17:21.883+0000] {logging_mixin.py:190} INFO - [2024-09-12T15:17:21.882+0000] {dagbag.py:587} INFO - Filling up the DagBag from /home/airflow/.local/lib/python3.12/site-packages/airflow/example_dags/example_task_group.py
[2024-09-12T15:17:21.962+0000] {processor.py:925} INFO - DAG(s) 'example_task_group' retrieved from /home/airflow/.local/lib/python3.12/site-packages/airflow/example_dags/example_task_group.py
[2024-09-12T15:17:22.216+0000] {logging_mixin.py:190} INFO - [2024-09-12T15:17:22.216+0000] {dag.py:3211} INFO - Sync 1 DAGs
[2024-09-12T15:17:22.538+0000] {logging_mixin.py:190} INFO - [2024-09-12T15:17:22.538+0000] {dag.py:4138} INFO - Setting next_dagrun for example_task_group to 2024-09-11 00:00:00+00:00, run_after=2024-09-12 00:00:00+00:00
[2024-09-12T15:17:22.778+0000] {processor.py:208} INFO - Processing /home/airflow/.local/lib/python3.12/site-packages/airflow/example_dags/example_task_group.py took 0.963 seconds
[2024-09-12T15:18:16.176+0000] {processor.py:186} INFO - Started process (PID=308) to work on /home/airflow/.local/lib/python3.12/site-packages/airflow/example_dags/example_task_group.py
[2024-09-12T15:18:16.189+0000] {processor.py:914} INFO - Processing file /home/airflow/.local/lib/python3.12/site-packages/airflow/example_dags/example_task_group.py for tasks to queue
[2024-09-12T15:18:16.209+0000] {logging_mixin.py:190} INFO - [2024-09-12T15:18:16.209+0000] {dagbag.py:587} INFO - Filling up the DagBag from /home/airflow/.local/lib/python3.12/site-packages/airflow/example_dags/example_task_group.py
[2024-09-12T15:18:16.304+0000] {processor.py:925} INFO - DAG(s) 'example_task_group' retrieved from /home/airflow/.local/lib/python3.12/site-packages/airflow/example_dags/example_task_group.py
[2024-09-12T15:18:16.546+0000] {logging_mixin.py:190} INFO - [2024-09-12T15:18:16.545+0000] {dag.py:3211} INFO - Sync 1 DAGs
[2024-09-12T15:18:17.152+0000] {logging_mixin.py:190} INFO - [2024-09-12T15:18:17.152+0000] {dag.py:4138} INFO - Setting next_dagrun for example_task_group to 2024-09-11 00:00:00+00:00, run_after=2024-09-12 00:00:00+00:00
[2024-09-12T15:18:17.434+0000] {processor.py:208} INFO - Processing /home/airflow/.local/lib/python3.12/site-packages/airflow/example_dags/example_task_group.py took 1.291 seconds
[2024-09-12T15:19:28.793+0000] {processor.py:186} INFO - Started process (PID=396) to work on /home/airflow/.local/lib/python3.12/site-packages/airflow/example_dags/example_task_group.py
[2024-09-12T15:19:28.801+0000] {processor.py:914} INFO - Processing file /home/airflow/.local/lib/python3.12/site-packages/airflow/example_dags/example_task_group.py for tasks to queue
[2024-09-12T15:19:28.863+0000] {logging_mixin.py:190} INFO - [2024-09-12T15:19:28.837+0000] {dagbag.py:587} INFO - Filling up the DagBag from /home/airflow/.local/lib/python3.12/site-packages/airflow/example_dags/example_task_group.py
[2024-09-12T15:19:29.021+0000] {processor.py:925} INFO - DAG(s) 'example_task_group' retrieved from /home/airflow/.local/lib/python3.12/site-packages/airflow/example_dags/example_task_group.py
[2024-09-12T15:19:29.441+0000] {logging_mixin.py:190} INFO - [2024-09-12T15:19:29.440+0000] {dag.py:3211} INFO - Sync 1 DAGs
[2024-09-12T15:19:29.986+0000] {logging_mixin.py:190} INFO - [2024-09-12T15:19:29.985+0000] {dag.py:4138} INFO - Setting next_dagrun for example_task_group to 2024-09-11 00:00:00+00:00, run_after=2024-09-12 00:00:00+00:00
[2024-09-12T15:19:30.188+0000] {processor.py:208} INFO - Processing /home/airflow/.local/lib/python3.12/site-packages/airflow/example_dags/example_task_group.py took 1.454 seconds
[2024-09-12T15:20:21.244+0000] {processor.py:186} INFO - Started process (PID=465) to work on /home/airflow/.local/lib/python3.12/site-packages/airflow/example_dags/example_task_group.py
[2024-09-12T15:20:21.261+0000] {processor.py:914} INFO - Processing file /home/airflow/.local/lib/python3.12/site-packages/airflow/example_dags/example_task_group.py for tasks to queue
[2024-09-12T15:20:21.282+0000] {logging_mixin.py:190} INFO - [2024-09-12T15:20:21.280+0000] {dagbag.py:587} INFO - Filling up the DagBag from /home/airflow/.local/lib/python3.12/site-packages/airflow/example_dags/example_task_group.py
[2024-09-12T15:20:21.389+0000] {processor.py:925} INFO - DAG(s) 'example_task_group' retrieved from /home/airflow/.local/lib/python3.12/site-packages/airflow/example_dags/example_task_group.py
[2024-09-12T15:20:21.603+0000] {logging_mixin.py:190} INFO - [2024-09-12T15:20:21.602+0000] {dag.py:3211} INFO - Sync 1 DAGs
[2024-09-12T15:20:21.883+0000] {logging_mixin.py:190} INFO - [2024-09-12T15:20:21.883+0000] {dag.py:4138} INFO - Setting next_dagrun for example_task_group to 2024-09-11 00:00:00+00:00, run_after=2024-09-12 00:00:00+00:00
[2024-09-12T15:20:22.194+0000] {processor.py:208} INFO - Processing /home/airflow/.local/lib/python3.12/site-packages/airflow/example_dags/example_task_group.py took 1.032 seconds
[2024-09-12T15:21:29.934+0000] {processor.py:186} INFO - Started process (PID=553) to work on /home/airflow/.local/lib/python3.12/site-packages/airflow/example_dags/example_task_group.py
[2024-09-12T15:21:29.950+0000] {processor.py:914} INFO - Processing file /home/airflow/.local/lib/python3.12/site-packages/airflow/example_dags/example_task_group.py for tasks to queue
[2024-09-12T15:21:29.967+0000] {logging_mixin.py:190} INFO - [2024-09-12T15:21:29.966+0000] {dagbag.py:587} INFO - Filling up the DagBag from /home/airflow/.local/lib/python3.12/site-packages/airflow/example_dags/example_task_group.py
[2024-09-12T15:21:30.195+0000] {processor.py:925} INFO - DAG(s) 'example_task_group' retrieved from /home/airflow/.local/lib/python3.12/site-packages/airflow/example_dags/example_task_group.py
[2024-09-12T15:21:30.415+0000] {logging_mixin.py:190} INFO - [2024-09-12T15:21:30.415+0000] {dag.py:3211} INFO - Sync 1 DAGs
[2024-09-12T15:21:30.940+0000] {logging_mixin.py:190} INFO - [2024-09-12T15:21:30.940+0000] {dag.py:4138} INFO - Setting next_dagrun for example_task_group to 2024-09-11 00:00:00+00:00, run_after=2024-09-12 00:00:00+00:00
[2024-09-12T15:21:31.356+0000] {processor.py:208} INFO - Processing /home/airflow/.local/lib/python3.12/site-packages/airflow/example_dags/example_task_group.py took 1.505 seconds
[2024-09-12T15:22:45.829+0000] {processor.py:186} INFO - Started process (PID=638) to work on /home/airflow/.local/lib/python3.12/site-packages/airflow/example_dags/example_task_group.py
[2024-09-12T15:22:45.848+0000] {processor.py:914} INFO - Processing file /home/airflow/.local/lib/python3.12/site-packages/airflow/example_dags/example_task_group.py for tasks to queue
[2024-09-12T15:22:45.868+0000] {logging_mixin.py:190} INFO - [2024-09-12T15:22:45.868+0000] {dagbag.py:587} INFO - Filling up the DagBag from /home/airflow/.local/lib/python3.12/site-packages/airflow/example_dags/example_task_group.py
[2024-09-12T15:22:46.008+0000] {processor.py:925} INFO - DAG(s) 'example_task_group' retrieved from /home/airflow/.local/lib/python3.12/site-packages/airflow/example_dags/example_task_group.py
[2024-09-12T15:22:46.385+0000] {logging_mixin.py:190} INFO - [2024-09-12T15:22:46.384+0000] {dag.py:3211} INFO - Sync 1 DAGs
[2024-09-12T15:22:46.653+0000] {logging_mixin.py:190} INFO - [2024-09-12T15:22:46.653+0000] {dag.py:4138} INFO - Setting next_dagrun for example_task_group to 2024-09-11 00:00:00+00:00, run_after=2024-09-12 00:00:00+00:00
[2024-09-12T15:22:47.115+0000] {processor.py:208} INFO - Processing /home/airflow/.local/lib/python3.12/site-packages/airflow/example_dags/example_task_group.py took 1.360 seconds
[2024-09-12T15:23:52.526+0000] {processor.py:186} INFO - Started process (PID=714) to work on /home/airflow/.local/lib/python3.12/site-packages/airflow/example_dags/example_task_group.py
[2024-09-12T15:23:52.529+0000] {processor.py:914} INFO - Processing file /home/airflow/.local/lib/python3.12/site-packages/airflow/example_dags/example_task_group.py for tasks to queue
[2024-09-12T15:23:52.559+0000] {logging_mixin.py:190} INFO - [2024-09-12T15:23:52.553+0000] {dagbag.py:587} INFO - Filling up the DagBag from /home/airflow/.local/lib/python3.12/site-packages/airflow/example_dags/example_task_group.py
[2024-09-12T15:23:52.602+0000] {processor.py:925} INFO - DAG(s) 'example_task_group' retrieved from /home/airflow/.local/lib/python3.12/site-packages/airflow/example_dags/example_task_group.py
[2024-09-12T15:23:52.775+0000] {logging_mixin.py:190} INFO - [2024-09-12T15:23:52.775+0000] {dag.py:3211} INFO - Sync 1 DAGs
[2024-09-12T15:23:52.942+0000] {logging_mixin.py:190} INFO - [2024-09-12T15:23:52.941+0000] {dag.py:4138} INFO - Setting next_dagrun for example_task_group to 2024-09-11 00:00:00+00:00, run_after=2024-09-12 00:00:00+00:00
[2024-09-12T15:23:53.094+0000] {processor.py:208} INFO - Processing /home/airflow/.local/lib/python3.12/site-packages/airflow/example_dags/example_task_group.py took 0.599 seconds
[2024-09-12T15:25:05.264+0000] {processor.py:186} INFO - Started process (PID=797) to work on /home/airflow/.local/lib/python3.12/site-packages/airflow/example_dags/example_task_group.py
[2024-09-12T15:25:05.293+0000] {processor.py:914} INFO - Processing file /home/airflow/.local/lib/python3.12/site-packages/airflow/example_dags/example_task_group.py for tasks to queue
[2024-09-12T15:25:05.373+0000] {logging_mixin.py:190} INFO - [2024-09-12T15:25:05.372+0000] {dagbag.py:587} INFO - Filling up the DagBag from /home/airflow/.local/lib/python3.12/site-packages/airflow/example_dags/example_task_group.py
[2024-09-12T15:25:05.503+0000] {processor.py:925} INFO - DAG(s) 'example_task_group' retrieved from /home/airflow/.local/lib/python3.12/site-packages/airflow/example_dags/example_task_group.py
[2024-09-12T15:25:05.691+0000] {logging_mixin.py:190} INFO - [2024-09-12T15:25:05.675+0000] {dag.py:3211} INFO - Sync 1 DAGs
[2024-09-12T15:25:05.997+0000] {logging_mixin.py:190} INFO - [2024-09-12T15:25:05.996+0000] {dag.py:4138} INFO - Setting next_dagrun for example_task_group to 2024-09-11 00:00:00+00:00, run_after=2024-09-12 00:00:00+00:00
[2024-09-12T15:25:06.393+0000] {processor.py:208} INFO - Processing /home/airflow/.local/lib/python3.12/site-packages/airflow/example_dags/example_task_group.py took 1.166 seconds
[2024-09-12T15:26:58.568+0000] {processor.py:186} INFO - Started process (PID=877) to work on /home/airflow/.local/lib/python3.12/site-packages/airflow/example_dags/example_task_group.py
[2024-09-12T15:26:58.571+0000] {processor.py:914} INFO - Processing file /home/airflow/.local/lib/python3.12/site-packages/airflow/example_dags/example_task_group.py for tasks to queue
[2024-09-12T15:26:58.620+0000] {logging_mixin.py:190} INFO - [2024-09-12T15:26:58.619+0000] {dagbag.py:587} INFO - Filling up the DagBag from /home/airflow/.local/lib/python3.12/site-packages/airflow/example_dags/example_task_group.py
[2024-09-12T15:26:58.697+0000] {processor.py:925} INFO - DAG(s) 'example_task_group' retrieved from /home/airflow/.local/lib/python3.12/site-packages/airflow/example_dags/example_task_group.py
[2024-09-12T15:26:59.018+0000] {logging_mixin.py:190} INFO - [2024-09-12T15:26:59.017+0000] {dag.py:3211} INFO - Sync 1 DAGs
[2024-09-12T15:26:59.429+0000] {logging_mixin.py:190} INFO - [2024-09-12T15:26:59.428+0000] {dag.py:4138} INFO - Setting next_dagrun for example_task_group to 2024-09-11 00:00:00+00:00, run_after=2024-09-12 00:00:00+00:00
[2024-09-12T15:26:59.623+0000] {processor.py:208} INFO - Processing /home/airflow/.local/lib/python3.12/site-packages/airflow/example_dags/example_task_group.py took 1.171 seconds
[2024-09-12T15:27:57.939+0000] {processor.py:186} INFO - Started process (PID=949) to work on /home/airflow/.local/lib/python3.12/site-packages/airflow/example_dags/example_task_group.py
[2024-09-12T15:27:57.950+0000] {processor.py:914} INFO - Processing file /home/airflow/.local/lib/python3.12/site-packages/airflow/example_dags/example_task_group.py for tasks to queue
[2024-09-12T15:27:57.986+0000] {logging_mixin.py:190} INFO - [2024-09-12T15:27:57.985+0000] {dagbag.py:587} INFO - Filling up the DagBag from /home/airflow/.local/lib/python3.12/site-packages/airflow/example_dags/example_task_group.py
[2024-09-12T15:27:58.085+0000] {processor.py:925} INFO - DAG(s) 'example_task_group' retrieved from /home/airflow/.local/lib/python3.12/site-packages/airflow/example_dags/example_task_group.py
[2024-09-12T15:27:58.249+0000] {logging_mixin.py:190} INFO - [2024-09-12T15:27:58.249+0000] {dag.py:3211} INFO - Sync 1 DAGs
[2024-09-12T15:27:58.606+0000] {logging_mixin.py:190} INFO - [2024-09-12T15:27:58.605+0000] {dag.py:4138} INFO - Setting next_dagrun for example_task_group to 2024-09-11 00:00:00+00:00, run_after=2024-09-12 00:00:00+00:00
[2024-09-12T15:27:58.893+0000] {processor.py:208} INFO - Processing /home/airflow/.local/lib/python3.12/site-packages/airflow/example_dags/example_task_group.py took 0.986 seconds
[2024-09-12T15:28:43.779+0000] {processor.py:186} INFO - Started process (PID=1022) to work on /home/airflow/.local/lib/python3.12/site-packages/airflow/example_dags/example_task_group.py
[2024-09-12T15:28:43.785+0000] {processor.py:914} INFO - Processing file /home/airflow/.local/lib/python3.12/site-packages/airflow/example_dags/example_task_group.py for tasks to queue
[2024-09-12T15:28:43.799+0000] {logging_mixin.py:190} INFO - [2024-09-12T15:28:43.798+0000] {dagbag.py:587} INFO - Filling up the DagBag from /home/airflow/.local/lib/python3.12/site-packages/airflow/example_dags/example_task_group.py
[2024-09-12T15:28:43.949+0000] {processor.py:925} INFO - DAG(s) 'example_task_group' retrieved from /home/airflow/.local/lib/python3.12/site-packages/airflow/example_dags/example_task_group.py
[2024-09-12T15:28:44.073+0000] {logging_mixin.py:190} INFO - [2024-09-12T15:28:44.071+0000] {dag.py:3211} INFO - Sync 1 DAGs
[2024-09-12T15:28:44.239+0000] {logging_mixin.py:190} INFO - [2024-09-12T15:28:44.238+0000] {dag.py:4138} INFO - Setting next_dagrun for example_task_group to 2024-09-11 00:00:00+00:00, run_after=2024-09-12 00:00:00+00:00
[2024-09-12T15:28:44.349+0000] {processor.py:208} INFO - Processing /home/airflow/.local/lib/python3.12/site-packages/airflow/example_dags/example_task_group.py took 0.601 seconds
[2024-09-12T15:29:35.261+0000] {processor.py:186} INFO - Started process (PID=1087) to work on /home/airflow/.local/lib/python3.12/site-packages/airflow/example_dags/example_task_group.py
[2024-09-12T15:29:35.267+0000] {processor.py:914} INFO - Processing file /home/airflow/.local/lib/python3.12/site-packages/airflow/example_dags/example_task_group.py for tasks to queue
[2024-09-12T15:29:35.282+0000] {logging_mixin.py:190} INFO - [2024-09-12T15:29:35.281+0000] {dagbag.py:587} INFO - Filling up the DagBag from /home/airflow/.local/lib/python3.12/site-packages/airflow/example_dags/example_task_group.py
[2024-09-12T15:29:35.393+0000] {processor.py:925} INFO - DAG(s) 'example_task_group' retrieved from /home/airflow/.local/lib/python3.12/site-packages/airflow/example_dags/example_task_group.py
[2024-09-12T15:29:35.571+0000] {logging_mixin.py:190} INFO - [2024-09-12T15:29:35.570+0000] {dag.py:3211} INFO - Sync 1 DAGs
[2024-09-12T15:29:35.810+0000] {logging_mixin.py:190} INFO - [2024-09-12T15:29:35.809+0000] {dag.py:4138} INFO - Setting next_dagrun for example_task_group to 2024-09-11 00:00:00+00:00, run_after=2024-09-12 00:00:00+00:00
[2024-09-12T15:29:35.919+0000] {processor.py:208} INFO - Processing /home/airflow/.local/lib/python3.12/site-packages/airflow/example_dags/example_task_group.py took 0.706 seconds
[2024-09-12T15:31:22.516+0000] {processor.py:186} INFO - Started process (PID=1159) to work on /home/airflow/.local/lib/python3.12/site-packages/airflow/example_dags/example_task_group.py
[2024-09-12T15:31:22.536+0000] {processor.py:914} INFO - Processing file /home/airflow/.local/lib/python3.12/site-packages/airflow/example_dags/example_task_group.py for tasks to queue
[2024-09-12T15:31:22.540+0000] {logging_mixin.py:190} INFO - [2024-09-12T15:31:22.539+0000] {dagbag.py:587} INFO - Filling up the DagBag from /home/airflow/.local/lib/python3.12/site-packages/airflow/example_dags/example_task_group.py
[2024-09-12T15:31:22.616+0000] {processor.py:925} INFO - DAG(s) 'example_task_group' retrieved from /home/airflow/.local/lib/python3.12/site-packages/airflow/example_dags/example_task_group.py
[2024-09-12T15:31:22.694+0000] {logging_mixin.py:190} INFO - [2024-09-12T15:31:22.693+0000] {dag.py:3211} INFO - Sync 1 DAGs
[2024-09-12T15:31:22.806+0000] {logging_mixin.py:190} INFO - [2024-09-12T15:31:22.806+0000] {dag.py:4138} INFO - Setting next_dagrun for example_task_group to 2024-09-11 00:00:00+00:00, run_after=2024-09-12 00:00:00+00:00
[2024-09-12T15:31:22.929+0000] {processor.py:208} INFO - Processing /home/airflow/.local/lib/python3.12/site-packages/airflow/example_dags/example_task_group.py took 0.436 seconds
[2024-09-12T15:32:00.896+0000] {processor.py:186} INFO - Started process (PID=1221) to work on /home/airflow/.local/lib/python3.12/site-packages/airflow/example_dags/example_task_group.py
[2024-09-12T15:32:00.911+0000] {processor.py:914} INFO - Processing file /home/airflow/.local/lib/python3.12/site-packages/airflow/example_dags/example_task_group.py for tasks to queue
[2024-09-12T15:32:00.926+0000] {logging_mixin.py:190} INFO - [2024-09-12T15:32:00.913+0000] {dagbag.py:587} INFO - Filling up the DagBag from /home/airflow/.local/lib/python3.12/site-packages/airflow/example_dags/example_task_group.py
[2024-09-12T15:32:01.012+0000] {processor.py:925} INFO - DAG(s) 'example_task_group' retrieved from /home/airflow/.local/lib/python3.12/site-packages/airflow/example_dags/example_task_group.py
[2024-09-12T15:32:01.148+0000] {logging_mixin.py:190} INFO - [2024-09-12T15:32:01.147+0000] {dag.py:3211} INFO - Sync 1 DAGs
[2024-09-12T15:32:01.475+0000] {logging_mixin.py:190} INFO - [2024-09-12T15:32:01.475+0000] {dag.py:4138} INFO - Setting next_dagrun for example_task_group to 2024-09-11 00:00:00+00:00, run_after=2024-09-12 00:00:00+00:00
[2024-09-12T15:32:01.604+0000] {processor.py:208} INFO - Processing /home/airflow/.local/lib/python3.12/site-packages/airflow/example_dags/example_task_group.py took 0.728 seconds
[2024-09-12T15:32:58.562+0000] {processor.py:186} INFO - Started process (PID=1290) to work on /home/airflow/.local/lib/python3.12/site-packages/airflow/example_dags/example_task_group.py
[2024-09-12T15:32:58.590+0000] {processor.py:914} INFO - Processing file /home/airflow/.local/lib/python3.12/site-packages/airflow/example_dags/example_task_group.py for tasks to queue
[2024-09-12T15:32:58.594+0000] {logging_mixin.py:190} INFO - [2024-09-12T15:32:58.592+0000] {dagbag.py:587} INFO - Filling up the DagBag from /home/airflow/.local/lib/python3.12/site-packages/airflow/example_dags/example_task_group.py
[2024-09-12T15:32:58.757+0000] {processor.py:925} INFO - DAG(s) 'example_task_group' retrieved from /home/airflow/.local/lib/python3.12/site-packages/airflow/example_dags/example_task_group.py
[2024-09-12T15:32:58.953+0000] {logging_mixin.py:190} INFO - [2024-09-12T15:32:58.953+0000] {dag.py:3211} INFO - Sync 1 DAGs
[2024-09-12T15:32:59.132+0000] {logging_mixin.py:190} INFO - [2024-09-12T15:32:59.131+0000] {dag.py:4138} INFO - Setting next_dagrun for example_task_group to 2024-09-11 00:00:00+00:00, run_after=2024-09-12 00:00:00+00:00
[2024-09-12T15:32:59.278+0000] {processor.py:208} INFO - Processing /home/airflow/.local/lib/python3.12/site-packages/airflow/example_dags/example_task_group.py took 0.752 seconds
[2024-09-12T15:33:39.850+0000] {processor.py:186} INFO - Started process (PID=1354) to work on /home/airflow/.local/lib/python3.12/site-packages/airflow/example_dags/example_task_group.py
[2024-09-12T15:33:39.874+0000] {processor.py:914} INFO - Processing file /home/airflow/.local/lib/python3.12/site-packages/airflow/example_dags/example_task_group.py for tasks to queue
[2024-09-12T15:33:39.877+0000] {logging_mixin.py:190} INFO - [2024-09-12T15:33:39.876+0000] {dagbag.py:587} INFO - Filling up the DagBag from /home/airflow/.local/lib/python3.12/site-packages/airflow/example_dags/example_task_group.py
[2024-09-12T15:33:39.966+0000] {processor.py:925} INFO - DAG(s) 'example_task_group' retrieved from /home/airflow/.local/lib/python3.12/site-packages/airflow/example_dags/example_task_group.py
[2024-09-12T15:33:40.070+0000] {logging_mixin.py:190} INFO - [2024-09-12T15:33:40.069+0000] {dag.py:3211} INFO - Sync 1 DAGs
[2024-09-12T15:33:40.185+0000] {logging_mixin.py:190} INFO - [2024-09-12T15:33:40.184+0000] {dag.py:4138} INFO - Setting next_dagrun for example_task_group to 2024-09-11 00:00:00+00:00, run_after=2024-09-12 00:00:00+00:00
[2024-09-12T15:33:40.262+0000] {processor.py:208} INFO - Processing /home/airflow/.local/lib/python3.12/site-packages/airflow/example_dags/example_task_group.py took 0.454 seconds
[2024-09-12T15:34:20.894+0000] {processor.py:186} INFO - Started process (PID=1420) to work on /home/airflow/.local/lib/python3.12/site-packages/airflow/example_dags/example_task_group.py
[2024-09-12T15:34:20.921+0000] {processor.py:914} INFO - Processing file /home/airflow/.local/lib/python3.12/site-packages/airflow/example_dags/example_task_group.py for tasks to queue
[2024-09-12T15:34:20.926+0000] {logging_mixin.py:190} INFO - [2024-09-12T15:34:20.925+0000] {dagbag.py:587} INFO - Filling up the DagBag from /home/airflow/.local/lib/python3.12/site-packages/airflow/example_dags/example_task_group.py
[2024-09-12T15:34:21.055+0000] {processor.py:925} INFO - DAG(s) 'example_task_group' retrieved from /home/airflow/.local/lib/python3.12/site-packages/airflow/example_dags/example_task_group.py
[2024-09-12T15:34:21.220+0000] {logging_mixin.py:190} INFO - [2024-09-12T15:34:21.220+0000] {dag.py:3211} INFO - Sync 1 DAGs
[2024-09-12T15:34:21.497+0000] {logging_mixin.py:190} INFO - [2024-09-12T15:34:21.496+0000] {dag.py:4138} INFO - Setting next_dagrun for example_task_group to 2024-09-11 00:00:00+00:00, run_after=2024-09-12 00:00:00+00:00
[2024-09-12T15:34:21.626+0000] {processor.py:208} INFO - Processing /home/airflow/.local/lib/python3.12/site-packages/airflow/example_dags/example_task_group.py took 0.776 seconds
[2024-09-12T15:35:05.209+0000] {processor.py:186} INFO - Started process (PID=1493) to work on /home/airflow/.local/lib/python3.12/site-packages/airflow/example_dags/example_task_group.py
[2024-09-12T15:35:05.251+0000] {processor.py:914} INFO - Processing file /home/airflow/.local/lib/python3.12/site-packages/airflow/example_dags/example_task_group.py for tasks to queue
[2024-09-12T15:35:05.288+0000] {logging_mixin.py:190} INFO - [2024-09-12T15:35:05.255+0000] {dagbag.py:587} INFO - Filling up the DagBag from /home/airflow/.local/lib/python3.12/site-packages/airflow/example_dags/example_task_group.py
[2024-09-12T15:35:05.479+0000] {processor.py:925} INFO - DAG(s) 'example_task_group' retrieved from /home/airflow/.local/lib/python3.12/site-packages/airflow/example_dags/example_task_group.py
[2024-09-12T15:35:06.032+0000] {logging_mixin.py:190} INFO - [2024-09-12T15:35:06.031+0000] {dag.py:3211} INFO - Sync 1 DAGs
[2024-09-12T15:35:06.450+0000] {logging_mixin.py:190} INFO - [2024-09-12T15:35:06.450+0000] {dag.py:4138} INFO - Setting next_dagrun for example_task_group to 2024-09-11 00:00:00+00:00, run_after=2024-09-12 00:00:00+00:00
[2024-09-12T15:35:06.593+0000] {processor.py:208} INFO - Processing /home/airflow/.local/lib/python3.12/site-packages/airflow/example_dags/example_task_group.py took 1.456 seconds
[2024-09-12T15:36:25.883+0000] {processor.py:186} INFO - Started process (PID=1562) to work on /home/airflow/.local/lib/python3.12/site-packages/airflow/example_dags/example_task_group.py
[2024-09-12T15:36:25.885+0000] {processor.py:914} INFO - Processing file /home/airflow/.local/lib/python3.12/site-packages/airflow/example_dags/example_task_group.py for tasks to queue
[2024-09-12T15:36:25.899+0000] {logging_mixin.py:190} INFO - [2024-09-12T15:36:25.898+0000] {dagbag.py:587} INFO - Filling up the DagBag from /home/airflow/.local/lib/python3.12/site-packages/airflow/example_dags/example_task_group.py
[2024-09-12T15:36:26.042+0000] {processor.py:925} INFO - DAG(s) 'example_task_group' retrieved from /home/airflow/.local/lib/python3.12/site-packages/airflow/example_dags/example_task_group.py
[2024-09-12T15:36:26.171+0000] {logging_mixin.py:190} INFO - [2024-09-12T15:36:26.170+0000] {dag.py:3211} INFO - Sync 1 DAGs
[2024-09-12T15:36:26.329+0000] {logging_mixin.py:190} INFO - [2024-09-12T15:36:26.329+0000] {dag.py:4138} INFO - Setting next_dagrun for example_task_group to 2024-09-11 00:00:00+00:00, run_after=2024-09-12 00:00:00+00:00
[2024-09-12T15:36:26.406+0000] {processor.py:208} INFO - Processing /home/airflow/.local/lib/python3.12/site-packages/airflow/example_dags/example_task_group.py took 0.661 seconds
[2024-09-12T15:37:20.248+0000] {processor.py:186} INFO - Started process (PID=1634) to work on /home/airflow/.local/lib/python3.12/site-packages/airflow/example_dags/example_task_group.py
[2024-09-12T15:37:20.306+0000] {processor.py:914} INFO - Processing file /home/airflow/.local/lib/python3.12/site-packages/airflow/example_dags/example_task_group.py for tasks to queue
[2024-09-12T15:37:20.315+0000] {logging_mixin.py:190} INFO - [2024-09-12T15:37:20.311+0000] {dagbag.py:587} INFO - Filling up the DagBag from /home/airflow/.local/lib/python3.12/site-packages/airflow/example_dags/example_task_group.py
[2024-09-12T15:37:20.546+0000] {processor.py:925} INFO - DAG(s) 'example_task_group' retrieved from /home/airflow/.local/lib/python3.12/site-packages/airflow/example_dags/example_task_group.py
[2024-09-12T15:37:20.809+0000] {logging_mixin.py:190} INFO - [2024-09-12T15:37:20.809+0000] {dag.py:3211} INFO - Sync 1 DAGs
[2024-09-12T15:37:21.208+0000] {logging_mixin.py:190} INFO - [2024-09-12T15:37:21.207+0000] {dag.py:4138} INFO - Setting next_dagrun for example_task_group to 2024-09-11 00:00:00+00:00, run_after=2024-09-12 00:00:00+00:00
[2024-09-12T15:37:21.744+0000] {processor.py:208} INFO - Processing /home/airflow/.local/lib/python3.12/site-packages/airflow/example_dags/example_task_group.py took 1.528 seconds
[2024-09-12T15:39:12.286+0000] {processor.py:186} INFO - Started process (PID=1741) to work on /home/airflow/.local/lib/python3.12/site-packages/airflow/example_dags/example_task_group.py
[2024-09-12T15:39:12.294+0000] {processor.py:914} INFO - Processing file /home/airflow/.local/lib/python3.12/site-packages/airflow/example_dags/example_task_group.py for tasks to queue
[2024-09-12T15:39:12.312+0000] {logging_mixin.py:190} INFO - [2024-09-12T15:39:12.311+0000] {dagbag.py:587} INFO - Filling up the DagBag from /home/airflow/.local/lib/python3.12/site-packages/airflow/example_dags/example_task_group.py
[2024-09-12T15:39:12.450+0000] {processor.py:925} INFO - DAG(s) 'example_task_group' retrieved from /home/airflow/.local/lib/python3.12/site-packages/airflow/example_dags/example_task_group.py
[2024-09-12T15:39:12.724+0000] {logging_mixin.py:190} INFO - [2024-09-12T15:39:12.724+0000] {dag.py:3211} INFO - Sync 1 DAGs
[2024-09-12T15:39:13.141+0000] {logging_mixin.py:190} INFO - [2024-09-12T15:39:13.128+0000] {dag.py:4138} INFO - Setting next_dagrun for example_task_group to 2024-09-11 00:00:00+00:00, run_after=2024-09-12 00:00:00+00:00
[2024-09-12T15:39:13.465+0000] {processor.py:208} INFO - Processing /home/airflow/.local/lib/python3.12/site-packages/airflow/example_dags/example_task_group.py took 1.318 seconds
[2024-09-12T15:41:32.824+0000] {processor.py:186} INFO - Started process (PID=1846) to work on /home/airflow/.local/lib/python3.12/site-packages/airflow/example_dags/example_task_group.py
[2024-09-12T15:41:32.837+0000] {processor.py:914} INFO - Processing file /home/airflow/.local/lib/python3.12/site-packages/airflow/example_dags/example_task_group.py for tasks to queue
[2024-09-12T15:41:32.855+0000] {logging_mixin.py:190} INFO - [2024-09-12T15:41:32.854+0000] {dagbag.py:587} INFO - Filling up the DagBag from /home/airflow/.local/lib/python3.12/site-packages/airflow/example_dags/example_task_group.py
[2024-09-12T15:41:33.141+0000] {processor.py:925} INFO - DAG(s) 'example_task_group' retrieved from /home/airflow/.local/lib/python3.12/site-packages/airflow/example_dags/example_task_group.py
[2024-09-12T15:41:33.687+0000] {logging_mixin.py:190} INFO - [2024-09-12T15:41:33.679+0000] {dag.py:3211} INFO - Sync 1 DAGs
[2024-09-12T15:41:34.131+0000] {logging_mixin.py:190} INFO - [2024-09-12T15:41:34.130+0000] {dag.py:4138} INFO - Setting next_dagrun for example_task_group to 2024-09-11 00:00:00+00:00, run_after=2024-09-12 00:00:00+00:00
[2024-09-12T15:41:34.495+0000] {processor.py:208} INFO - Processing /home/airflow/.local/lib/python3.12/site-packages/airflow/example_dags/example_task_group.py took 1.785 seconds
[2024-09-12T15:44:42.063+0000] {processor.py:186} INFO - Started process (PID=1905) to work on /home/airflow/.local/lib/python3.12/site-packages/airflow/example_dags/example_task_group.py
[2024-09-12T15:44:42.077+0000] {processor.py:914} INFO - Processing file /home/airflow/.local/lib/python3.12/site-packages/airflow/example_dags/example_task_group.py for tasks to queue
[2024-09-12T15:44:42.099+0000] {logging_mixin.py:190} INFO - [2024-09-12T15:44:42.099+0000] {dagbag.py:587} INFO - Filling up the DagBag from /home/airflow/.local/lib/python3.12/site-packages/airflow/example_dags/example_task_group.py
[2024-09-12T15:44:42.211+0000] {processor.py:925} INFO - DAG(s) 'example_task_group' retrieved from /home/airflow/.local/lib/python3.12/site-packages/airflow/example_dags/example_task_group.py
[2024-09-12T15:44:42.327+0000] {logging_mixin.py:190} INFO - [2024-09-12T15:44:42.324+0000] {dag.py:3211} INFO - Sync 1 DAGs
[2024-09-12T15:44:42.524+0000] {logging_mixin.py:190} INFO - [2024-09-12T15:44:42.523+0000] {dag.py:4138} INFO - Setting next_dagrun for example_task_group to 2024-09-11 00:00:00+00:00, run_after=2024-09-12 00:00:00+00:00
[2024-09-12T15:44:42.735+0000] {processor.py:208} INFO - Processing /home/airflow/.local/lib/python3.12/site-packages/airflow/example_dags/example_task_group.py took 0.685 seconds
[2024-09-12T15:45:31.874+0000] {processor.py:186} INFO - Started process (PID=1974) to work on /home/airflow/.local/lib/python3.12/site-packages/airflow/example_dags/example_task_group.py
[2024-09-12T15:45:31.880+0000] {processor.py:914} INFO - Processing file /home/airflow/.local/lib/python3.12/site-packages/airflow/example_dags/example_task_group.py for tasks to queue
[2024-09-12T15:45:31.896+0000] {logging_mixin.py:190} INFO - [2024-09-12T15:45:31.890+0000] {dagbag.py:587} INFO - Filling up the DagBag from /home/airflow/.local/lib/python3.12/site-packages/airflow/example_dags/example_task_group.py
[2024-09-12T15:45:31.979+0000] {processor.py:925} INFO - DAG(s) 'example_task_group' retrieved from /home/airflow/.local/lib/python3.12/site-packages/airflow/example_dags/example_task_group.py
[2024-09-12T15:45:32.161+0000] {logging_mixin.py:190} INFO - [2024-09-12T15:45:32.160+0000] {dag.py:3211} INFO - Sync 1 DAGs
[2024-09-12T15:45:32.374+0000] {logging_mixin.py:190} INFO - [2024-09-12T15:45:32.373+0000] {dag.py:4138} INFO - Setting next_dagrun for example_task_group to 2024-09-11 00:00:00+00:00, run_after=2024-09-12 00:00:00+00:00
[2024-09-12T15:45:34.095+0000] {processor.py:208} INFO - Processing /home/airflow/.local/lib/python3.12/site-packages/airflow/example_dags/example_task_group.py took 2.283 seconds
[2024-09-12T15:46:36.063+0000] {processor.py:186} INFO - Started process (PID=2050) to work on /home/airflow/.local/lib/python3.12/site-packages/airflow/example_dags/example_task_group.py
[2024-09-12T15:46:36.065+0000] {processor.py:914} INFO - Processing file /home/airflow/.local/lib/python3.12/site-packages/airflow/example_dags/example_task_group.py for tasks to queue
[2024-09-12T15:46:36.085+0000] {logging_mixin.py:190} INFO - [2024-09-12T15:46:36.082+0000] {dagbag.py:587} INFO - Filling up the DagBag from /home/airflow/.local/lib/python3.12/site-packages/airflow/example_dags/example_task_group.py
[2024-09-12T15:46:36.154+0000] {processor.py:925} INFO - DAG(s) 'example_task_group' retrieved from /home/airflow/.local/lib/python3.12/site-packages/airflow/example_dags/example_task_group.py
[2024-09-12T15:46:36.293+0000] {logging_mixin.py:190} INFO - [2024-09-12T15:46:36.291+0000] {dag.py:3211} INFO - Sync 1 DAGs
[2024-09-12T15:46:36.524+0000] {logging_mixin.py:190} INFO - [2024-09-12T15:46:36.523+0000] {dag.py:4138} INFO - Setting next_dagrun for example_task_group to 2024-09-11 00:00:00+00:00, run_after=2024-09-12 00:00:00+00:00
[2024-09-12T15:46:36.739+0000] {processor.py:208} INFO - Processing /home/airflow/.local/lib/python3.12/site-packages/airflow/example_dags/example_task_group.py took 0.712 seconds
[2024-09-12T15:47:32.673+0000] {processor.py:186} INFO - Started process (PID=2123) to work on /home/airflow/.local/lib/python3.12/site-packages/airflow/example_dags/example_task_group.py
[2024-09-12T15:47:32.718+0000] {processor.py:914} INFO - Processing file /home/airflow/.local/lib/python3.12/site-packages/airflow/example_dags/example_task_group.py for tasks to queue
[2024-09-12T15:47:32.734+0000] {logging_mixin.py:190} INFO - [2024-09-12T15:47:32.733+0000] {dagbag.py:587} INFO - Filling up the DagBag from /home/airflow/.local/lib/python3.12/site-packages/airflow/example_dags/example_task_group.py
[2024-09-12T15:47:32.837+0000] {processor.py:925} INFO - DAG(s) 'example_task_group' retrieved from /home/airflow/.local/lib/python3.12/site-packages/airflow/example_dags/example_task_group.py
[2024-09-12T15:47:33.120+0000] {logging_mixin.py:190} INFO - [2024-09-12T15:47:33.120+0000] {dag.py:3211} INFO - Sync 1 DAGs
[2024-09-12T15:47:33.595+0000] {logging_mixin.py:190} INFO - [2024-09-12T15:47:33.593+0000] {dag.py:4138} INFO - Setting next_dagrun for example_task_group to 2024-09-11 00:00:00+00:00, run_after=2024-09-12 00:00:00+00:00
[2024-09-12T15:47:33.968+0000] {processor.py:208} INFO - Processing /home/airflow/.local/lib/python3.12/site-packages/airflow/example_dags/example_task_group.py took 1.355 seconds
[2024-09-12T15:48:22.242+0000] {processor.py:186} INFO - Started process (PID=2187) to work on /home/airflow/.local/lib/python3.12/site-packages/airflow/example_dags/example_task_group.py
[2024-09-12T15:48:22.276+0000] {processor.py:914} INFO - Processing file /home/airflow/.local/lib/python3.12/site-packages/airflow/example_dags/example_task_group.py for tasks to queue
[2024-09-12T15:48:22.301+0000] {logging_mixin.py:190} INFO - [2024-09-12T15:48:22.301+0000] {dagbag.py:587} INFO - Filling up the DagBag from /home/airflow/.local/lib/python3.12/site-packages/airflow/example_dags/example_task_group.py
[2024-09-12T15:48:22.500+0000] {processor.py:925} INFO - DAG(s) 'example_task_group' retrieved from /home/airflow/.local/lib/python3.12/site-packages/airflow/example_dags/example_task_group.py
[2024-09-12T15:48:22.812+0000] {logging_mixin.py:190} INFO - [2024-09-12T15:48:22.811+0000] {dag.py:3211} INFO - Sync 1 DAGs
[2024-09-12T15:48:23.124+0000] {logging_mixin.py:190} INFO - [2024-09-12T15:48:23.123+0000] {dag.py:4138} INFO - Setting next_dagrun for example_task_group to 2024-09-11 00:00:00+00:00, run_after=2024-09-12 00:00:00+00:00
[2024-09-12T15:48:23.414+0000] {processor.py:208} INFO - Processing /home/airflow/.local/lib/python3.12/site-packages/airflow/example_dags/example_task_group.py took 1.197 seconds
[2024-09-12T15:49:32.962+0000] {processor.py:186} INFO - Started process (PID=2266) to work on /home/airflow/.local/lib/python3.12/site-packages/airflow/example_dags/example_task_group.py
[2024-09-12T15:49:32.972+0000] {processor.py:914} INFO - Processing file /home/airflow/.local/lib/python3.12/site-packages/airflow/example_dags/example_task_group.py for tasks to queue
[2024-09-12T15:49:32.982+0000] {logging_mixin.py:190} INFO - [2024-09-12T15:49:32.981+0000] {dagbag.py:587} INFO - Filling up the DagBag from /home/airflow/.local/lib/python3.12/site-packages/airflow/example_dags/example_task_group.py
[2024-09-12T15:49:33.147+0000] {processor.py:925} INFO - DAG(s) 'example_task_group' retrieved from /home/airflow/.local/lib/python3.12/site-packages/airflow/example_dags/example_task_group.py
[2024-09-12T15:49:33.445+0000] {logging_mixin.py:190} INFO - [2024-09-12T15:49:33.444+0000] {dag.py:3211} INFO - Sync 1 DAGs
[2024-09-12T15:49:33.637+0000] {logging_mixin.py:190} INFO - [2024-09-12T15:49:33.637+0000] {dag.py:4138} INFO - Setting next_dagrun for example_task_group to 2024-09-11 00:00:00+00:00, run_after=2024-09-12 00:00:00+00:00
[2024-09-12T15:49:33.792+0000] {processor.py:208} INFO - Processing /home/airflow/.local/lib/python3.12/site-packages/airflow/example_dags/example_task_group.py took 0.888 seconds
[2024-09-12T15:50:18.907+0000] {processor.py:186} INFO - Started process (PID=2337) to work on /home/airflow/.local/lib/python3.12/site-packages/airflow/example_dags/example_task_group.py
[2024-09-12T15:50:18.923+0000] {processor.py:914} INFO - Processing file /home/airflow/.local/lib/python3.12/site-packages/airflow/example_dags/example_task_group.py for tasks to queue
[2024-09-12T15:50:18.928+0000] {logging_mixin.py:190} INFO - [2024-09-12T15:50:18.927+0000] {dagbag.py:587} INFO - Filling up the DagBag from /home/airflow/.local/lib/python3.12/site-packages/airflow/example_dags/example_task_group.py
[2024-09-12T15:50:18.973+0000] {processor.py:925} INFO - DAG(s) 'example_task_group' retrieved from /home/airflow/.local/lib/python3.12/site-packages/airflow/example_dags/example_task_group.py
[2024-09-12T15:50:19.074+0000] {logging_mixin.py:190} INFO - [2024-09-12T15:50:19.073+0000] {dag.py:3211} INFO - Sync 1 DAGs
[2024-09-12T15:50:19.158+0000] {logging_mixin.py:190} INFO - [2024-09-12T15:50:19.157+0000] {dag.py:4138} INFO - Setting next_dagrun for example_task_group to 2024-09-11 00:00:00+00:00, run_after=2024-09-12 00:00:00+00:00
[2024-09-12T15:50:19.252+0000] {processor.py:208} INFO - Processing /home/airflow/.local/lib/python3.12/site-packages/airflow/example_dags/example_task_group.py took 0.371 seconds
[2024-09-12T15:51:29.694+0000] {processor.py:186} INFO - Started process (PID=2402) to work on /home/airflow/.local/lib/python3.12/site-packages/airflow/example_dags/example_task_group.py
[2024-09-12T15:51:29.704+0000] {processor.py:914} INFO - Processing file /home/airflow/.local/lib/python3.12/site-packages/airflow/example_dags/example_task_group.py for tasks to queue
[2024-09-12T15:51:29.736+0000] {logging_mixin.py:190} INFO - [2024-09-12T15:51:29.722+0000] {dagbag.py:587} INFO - Filling up the DagBag from /home/airflow/.local/lib/python3.12/site-packages/airflow/example_dags/example_task_group.py
[2024-09-12T15:51:29.860+0000] {processor.py:925} INFO - DAG(s) 'example_task_group' retrieved from /home/airflow/.local/lib/python3.12/site-packages/airflow/example_dags/example_task_group.py
[2024-09-12T15:51:30.075+0000] {logging_mixin.py:190} INFO - [2024-09-12T15:51:30.073+0000] {dag.py:3211} INFO - Sync 1 DAGs
[2024-09-12T15:51:30.313+0000] {logging_mixin.py:190} INFO - [2024-09-12T15:51:30.310+0000] {dag.py:4138} INFO - Setting next_dagrun for example_task_group to 2024-09-11 00:00:00+00:00, run_after=2024-09-12 00:00:00+00:00
[2024-09-12T15:51:30.468+0000] {processor.py:208} INFO - Processing /home/airflow/.local/lib/python3.12/site-packages/airflow/example_dags/example_task_group.py took 1.003 seconds
[2024-09-12T15:52:13.147+0000] {processor.py:186} INFO - Started process (PID=2468) to work on /home/airflow/.local/lib/python3.12/site-packages/airflow/example_dags/example_task_group.py
[2024-09-12T15:52:13.156+0000] {processor.py:914} INFO - Processing file /home/airflow/.local/lib/python3.12/site-packages/airflow/example_dags/example_task_group.py for tasks to queue
[2024-09-12T15:52:13.165+0000] {logging_mixin.py:190} INFO - [2024-09-12T15:52:13.164+0000] {dagbag.py:587} INFO - Filling up the DagBag from /home/airflow/.local/lib/python3.12/site-packages/airflow/example_dags/example_task_group.py
[2024-09-12T15:52:13.246+0000] {processor.py:925} INFO - DAG(s) 'example_task_group' retrieved from /home/airflow/.local/lib/python3.12/site-packages/airflow/example_dags/example_task_group.py
[2024-09-12T15:52:13.358+0000] {logging_mixin.py:190} INFO - [2024-09-12T15:52:13.357+0000] {dag.py:3211} INFO - Sync 1 DAGs
[2024-09-12T15:52:13.555+0000] {logging_mixin.py:190} INFO - [2024-09-12T15:52:13.555+0000] {dag.py:4138} INFO - Setting next_dagrun for example_task_group to 2024-09-11 00:00:00+00:00, run_after=2024-09-12 00:00:00+00:00
[2024-09-12T15:52:13.682+0000] {processor.py:208} INFO - Processing /home/airflow/.local/lib/python3.12/site-packages/airflow/example_dags/example_task_group.py took 0.565 seconds
[2024-09-12T15:52:54.084+0000] {processor.py:186} INFO - Started process (PID=2539) to work on /home/airflow/.local/lib/python3.12/site-packages/airflow/example_dags/example_task_group.py
[2024-09-12T15:52:54.092+0000] {processor.py:914} INFO - Processing file /home/airflow/.local/lib/python3.12/site-packages/airflow/example_dags/example_task_group.py for tasks to queue
[2024-09-12T15:52:54.099+0000] {logging_mixin.py:190} INFO - [2024-09-12T15:52:54.098+0000] {dagbag.py:587} INFO - Filling up the DagBag from /home/airflow/.local/lib/python3.12/site-packages/airflow/example_dags/example_task_group.py
[2024-09-12T15:52:54.189+0000] {processor.py:925} INFO - DAG(s) 'example_task_group' retrieved from /home/airflow/.local/lib/python3.12/site-packages/airflow/example_dags/example_task_group.py
[2024-09-12T15:52:54.412+0000] {logging_mixin.py:190} INFO - [2024-09-12T15:52:54.409+0000] {dag.py:3211} INFO - Sync 1 DAGs
[2024-09-12T15:52:54.596+0000] {logging_mixin.py:190} INFO - [2024-09-12T15:52:54.595+0000] {dag.py:4138} INFO - Setting next_dagrun for example_task_group to 2024-09-11 00:00:00+00:00, run_after=2024-09-12 00:00:00+00:00
[2024-09-12T15:52:54.832+0000] {processor.py:208} INFO - Processing /home/airflow/.local/lib/python3.12/site-packages/airflow/example_dags/example_task_group.py took 0.819 seconds
[2024-09-12T15:53:30.856+0000] {processor.py:186} INFO - Started process (PID=2610) to work on /home/airflow/.local/lib/python3.12/site-packages/airflow/example_dags/example_task_group.py
[2024-09-12T15:53:30.870+0000] {processor.py:914} INFO - Processing file /home/airflow/.local/lib/python3.12/site-packages/airflow/example_dags/example_task_group.py for tasks to queue
[2024-09-12T15:53:30.874+0000] {logging_mixin.py:190} INFO - [2024-09-12T15:53:30.873+0000] {dagbag.py:587} INFO - Filling up the DagBag from /home/airflow/.local/lib/python3.12/site-packages/airflow/example_dags/example_task_group.py
[2024-09-12T15:53:30.922+0000] {processor.py:925} INFO - DAG(s) 'example_task_group' retrieved from /home/airflow/.local/lib/python3.12/site-packages/airflow/example_dags/example_task_group.py
[2024-09-12T15:53:31.000+0000] {logging_mixin.py:190} INFO - [2024-09-12T15:53:30.997+0000] {dag.py:3211} INFO - Sync 1 DAGs
[2024-09-12T15:53:31.079+0000] {logging_mixin.py:190} INFO - [2024-09-12T15:53:31.078+0000] {dag.py:4138} INFO - Setting next_dagrun for example_task_group to 2024-09-11 00:00:00+00:00, run_after=2024-09-12 00:00:00+00:00
[2024-09-12T15:53:31.140+0000] {processor.py:208} INFO - Processing /home/airflow/.local/lib/python3.12/site-packages/airflow/example_dags/example_task_group.py took 0.298 seconds
[2024-09-12T15:54:14.945+0000] {processor.py:186} INFO - Started process (PID=2668) to work on /home/airflow/.local/lib/python3.12/site-packages/airflow/example_dags/example_task_group.py
[2024-09-12T15:54:14.948+0000] {processor.py:914} INFO - Processing file /home/airflow/.local/lib/python3.12/site-packages/airflow/example_dags/example_task_group.py for tasks to queue
[2024-09-12T15:54:14.961+0000] {logging_mixin.py:190} INFO - [2024-09-12T15:54:14.960+0000] {dagbag.py:587} INFO - Filling up the DagBag from /home/airflow/.local/lib/python3.12/site-packages/airflow/example_dags/example_task_group.py
[2024-09-12T15:54:15.041+0000] {processor.py:925} INFO - DAG(s) 'example_task_group' retrieved from /home/airflow/.local/lib/python3.12/site-packages/airflow/example_dags/example_task_group.py
[2024-09-12T15:54:15.203+0000] {logging_mixin.py:190} INFO - [2024-09-12T15:54:15.202+0000] {dag.py:3211} INFO - Sync 1 DAGs
[2024-09-12T15:54:15.371+0000] {logging_mixin.py:190} INFO - [2024-09-12T15:54:15.371+0000] {dag.py:4138} INFO - Setting next_dagrun for example_task_group to 2024-09-11 00:00:00+00:00, run_after=2024-09-12 00:00:00+00:00
[2024-09-12T15:54:15.482+0000] {processor.py:208} INFO - Processing /home/airflow/.local/lib/python3.12/site-packages/airflow/example_dags/example_task_group.py took 0.579 seconds
[2024-09-12T15:55:47.669+0000] {processor.py:186} INFO - Started process (PID=2760) to work on /home/airflow/.local/lib/python3.12/site-packages/airflow/example_dags/example_task_group.py
[2024-09-12T15:55:47.674+0000] {processor.py:914} INFO - Processing file /home/airflow/.local/lib/python3.12/site-packages/airflow/example_dags/example_task_group.py for tasks to queue
[2024-09-12T15:55:47.679+0000] {logging_mixin.py:190} INFO - [2024-09-12T15:55:47.678+0000] {dagbag.py:587} INFO - Filling up the DagBag from /home/airflow/.local/lib/python3.12/site-packages/airflow/example_dags/example_task_group.py
[2024-09-12T15:55:47.763+0000] {processor.py:925} INFO - DAG(s) 'example_task_group' retrieved from /home/airflow/.local/lib/python3.12/site-packages/airflow/example_dags/example_task_group.py
[2024-09-12T15:55:47.945+0000] {logging_mixin.py:190} INFO - [2024-09-12T15:55:47.942+0000] {dag.py:3211} INFO - Sync 1 DAGs
[2024-09-12T15:55:48.084+0000] {logging_mixin.py:190} INFO - [2024-09-12T15:55:48.084+0000] {dag.py:4138} INFO - Setting next_dagrun for example_task_group to 2024-09-11 00:00:00+00:00, run_after=2024-09-12 00:00:00+00:00
[2024-09-12T15:55:48.189+0000] {processor.py:208} INFO - Processing /home/airflow/.local/lib/python3.12/site-packages/airflow/example_dags/example_task_group.py took 0.540 seconds
[2024-09-12T15:56:49.429+0000] {processor.py:186} INFO - Started process (PID=2824) to work on /home/airflow/.local/lib/python3.12/site-packages/airflow/example_dags/example_task_group.py
[2024-09-12T15:56:49.433+0000] {processor.py:914} INFO - Processing file /home/airflow/.local/lib/python3.12/site-packages/airflow/example_dags/example_task_group.py for tasks to queue
[2024-09-12T15:56:49.441+0000] {logging_mixin.py:190} INFO - [2024-09-12T15:56:49.440+0000] {dagbag.py:587} INFO - Filling up the DagBag from /home/airflow/.local/lib/python3.12/site-packages/airflow/example_dags/example_task_group.py
[2024-09-12T15:56:49.489+0000] {processor.py:925} INFO - DAG(s) 'example_task_group' retrieved from /home/airflow/.local/lib/python3.12/site-packages/airflow/example_dags/example_task_group.py
[2024-09-12T15:56:49.616+0000] {logging_mixin.py:190} INFO - [2024-09-12T15:56:49.615+0000] {dag.py:3211} INFO - Sync 1 DAGs
[2024-09-12T15:56:49.723+0000] {logging_mixin.py:190} INFO - [2024-09-12T15:56:49.722+0000] {dag.py:4138} INFO - Setting next_dagrun for example_task_group to 2024-09-11 00:00:00+00:00, run_after=2024-09-12 00:00:00+00:00
[2024-09-12T15:56:49.846+0000] {processor.py:208} INFO - Processing /home/airflow/.local/lib/python3.12/site-packages/airflow/example_dags/example_task_group.py took 0.454 seconds
[2024-09-12T15:57:20.768+0000] {processor.py:186} INFO - Started process (PID=2888) to work on /home/airflow/.local/lib/python3.12/site-packages/airflow/example_dags/example_task_group.py
[2024-09-12T15:57:20.789+0000] {processor.py:914} INFO - Processing file /home/airflow/.local/lib/python3.12/site-packages/airflow/example_dags/example_task_group.py for tasks to queue
[2024-09-12T15:57:20.793+0000] {logging_mixin.py:190} INFO - [2024-09-12T15:57:20.792+0000] {dagbag.py:587} INFO - Filling up the DagBag from /home/airflow/.local/lib/python3.12/site-packages/airflow/example_dags/example_task_group.py
[2024-09-12T15:57:20.878+0000] {processor.py:925} INFO - DAG(s) 'example_task_group' retrieved from /home/airflow/.local/lib/python3.12/site-packages/airflow/example_dags/example_task_group.py
[2024-09-12T15:57:21.025+0000] {logging_mixin.py:190} INFO - [2024-09-12T15:57:21.023+0000] {dag.py:3211} INFO - Sync 1 DAGs
[2024-09-12T15:57:21.130+0000] {logging_mixin.py:190} INFO - [2024-09-12T15:57:21.130+0000] {dag.py:4138} INFO - Setting next_dagrun for example_task_group to 2024-09-11 00:00:00+00:00, run_after=2024-09-12 00:00:00+00:00
[2024-09-12T15:57:21.301+0000] {processor.py:208} INFO - Processing /home/airflow/.local/lib/python3.12/site-packages/airflow/example_dags/example_task_group.py took 0.579 seconds
[2024-09-12T15:58:01.484+0000] {processor.py:186} INFO - Started process (PID=2946) to work on /home/airflow/.local/lib/python3.12/site-packages/airflow/example_dags/example_task_group.py
[2024-09-12T15:58:01.489+0000] {processor.py:914} INFO - Processing file /home/airflow/.local/lib/python3.12/site-packages/airflow/example_dags/example_task_group.py for tasks to queue
[2024-09-12T15:58:01.519+0000] {logging_mixin.py:190} INFO - [2024-09-12T15:58:01.516+0000] {dagbag.py:587} INFO - Filling up the DagBag from /home/airflow/.local/lib/python3.12/site-packages/airflow/example_dags/example_task_group.py
[2024-09-12T15:58:01.736+0000] {processor.py:925} INFO - DAG(s) 'example_task_group' retrieved from /home/airflow/.local/lib/python3.12/site-packages/airflow/example_dags/example_task_group.py
[2024-09-12T15:58:02.106+0000] {logging_mixin.py:190} INFO - [2024-09-12T15:58:02.100+0000] {dag.py:3211} INFO - Sync 1 DAGs
[2024-09-12T15:58:02.488+0000] {logging_mixin.py:190} INFO - [2024-09-12T15:58:02.487+0000] {dag.py:4138} INFO - Setting next_dagrun for example_task_group to 2024-09-11 00:00:00+00:00, run_after=2024-09-12 00:00:00+00:00
[2024-09-12T15:58:02.734+0000] {processor.py:208} INFO - Processing /home/airflow/.local/lib/python3.12/site-packages/airflow/example_dags/example_task_group.py took 1.307 seconds
[2024-09-12T15:59:21.914+0000] {processor.py:186} INFO - Started process (PID=3017) to work on /home/airflow/.local/lib/python3.12/site-packages/airflow/example_dags/example_task_group.py
[2024-09-12T15:59:21.930+0000] {processor.py:914} INFO - Processing file /home/airflow/.local/lib/python3.12/site-packages/airflow/example_dags/example_task_group.py for tasks to queue
[2024-09-12T15:59:21.936+0000] {logging_mixin.py:190} INFO - [2024-09-12T15:59:21.935+0000] {dagbag.py:587} INFO - Filling up the DagBag from /home/airflow/.local/lib/python3.12/site-packages/airflow/example_dags/example_task_group.py
[2024-09-12T15:59:22.177+0000] {processor.py:925} INFO - DAG(s) 'example_task_group' retrieved from /home/airflow/.local/lib/python3.12/site-packages/airflow/example_dags/example_task_group.py
[2024-09-12T15:59:22.445+0000] {logging_mixin.py:190} INFO - [2024-09-12T15:59:22.437+0000] {dag.py:3211} INFO - Sync 1 DAGs
[2024-09-12T15:59:22.749+0000] {logging_mixin.py:190} INFO - [2024-09-12T15:59:22.748+0000] {dag.py:4138} INFO - Setting next_dagrun for example_task_group to 2024-09-11 00:00:00+00:00, run_after=2024-09-12 00:00:00+00:00
[2024-09-12T15:59:22.934+0000] {processor.py:208} INFO - Processing /home/airflow/.local/lib/python3.12/site-packages/airflow/example_dags/example_task_group.py took 1.066 seconds
[2024-09-12T16:00:21.359+0000] {processor.py:186} INFO - Started process (PID=3093) to work on /home/airflow/.local/lib/python3.12/site-packages/airflow/example_dags/example_task_group.py
[2024-09-12T16:00:21.374+0000] {processor.py:914} INFO - Processing file /home/airflow/.local/lib/python3.12/site-packages/airflow/example_dags/example_task_group.py for tasks to queue
[2024-09-12T16:00:21.378+0000] {logging_mixin.py:190} INFO - [2024-09-12T16:00:21.377+0000] {dagbag.py:587} INFO - Filling up the DagBag from /home/airflow/.local/lib/python3.12/site-packages/airflow/example_dags/example_task_group.py
[2024-09-12T16:00:21.523+0000] {processor.py:925} INFO - DAG(s) 'example_task_group' retrieved from /home/airflow/.local/lib/python3.12/site-packages/airflow/example_dags/example_task_group.py
[2024-09-12T16:00:21.687+0000] {logging_mixin.py:190} INFO - [2024-09-12T16:00:21.685+0000] {dag.py:3211} INFO - Sync 1 DAGs
[2024-09-12T16:00:21.926+0000] {logging_mixin.py:190} INFO - [2024-09-12T16:00:21.923+0000] {dag.py:4138} INFO - Setting next_dagrun for example_task_group to 2024-09-11 00:00:00+00:00, run_after=2024-09-12 00:00:00+00:00
[2024-09-12T16:00:22.029+0000] {processor.py:208} INFO - Processing /home/airflow/.local/lib/python3.12/site-packages/airflow/example_dags/example_task_group.py took 0.722 seconds
[2024-09-12T16:00:59.136+0000] {processor.py:186} INFO - Started process (PID=3155) to work on /home/airflow/.local/lib/python3.12/site-packages/airflow/example_dags/example_task_group.py
[2024-09-12T16:00:59.142+0000] {processor.py:914} INFO - Processing file /home/airflow/.local/lib/python3.12/site-packages/airflow/example_dags/example_task_group.py for tasks to queue
[2024-09-12T16:00:59.153+0000] {logging_mixin.py:190} INFO - [2024-09-12T16:00:59.151+0000] {dagbag.py:587} INFO - Filling up the DagBag from /home/airflow/.local/lib/python3.12/site-packages/airflow/example_dags/example_task_group.py
[2024-09-12T16:00:59.318+0000] {processor.py:925} INFO - DAG(s) 'example_task_group' retrieved from /home/airflow/.local/lib/python3.12/site-packages/airflow/example_dags/example_task_group.py
[2024-09-12T16:00:59.519+0000] {logging_mixin.py:190} INFO - [2024-09-12T16:00:59.518+0000] {dag.py:3211} INFO - Sync 1 DAGs
[2024-09-12T16:00:59.781+0000] {logging_mixin.py:190} INFO - [2024-09-12T16:00:59.781+0000] {dag.py:4138} INFO - Setting next_dagrun for example_task_group to 2024-09-11 00:00:00+00:00, run_after=2024-09-12 00:00:00+00:00
[2024-09-12T16:00:59.930+0000] {processor.py:208} INFO - Processing /home/airflow/.local/lib/python3.12/site-packages/airflow/example_dags/example_task_group.py took 0.870 seconds
[2024-09-12T16:02:00.428+0000] {processor.py:186} INFO - Started process (PID=3222) to work on /home/airflow/.local/lib/python3.12/site-packages/airflow/example_dags/example_task_group.py
[2024-09-12T16:02:00.448+0000] {processor.py:914} INFO - Processing file /home/airflow/.local/lib/python3.12/site-packages/airflow/example_dags/example_task_group.py for tasks to queue
[2024-09-12T16:02:00.461+0000] {logging_mixin.py:190} INFO - [2024-09-12T16:02:00.460+0000] {dagbag.py:587} INFO - Filling up the DagBag from /home/airflow/.local/lib/python3.12/site-packages/airflow/example_dags/example_task_group.py
[2024-09-12T16:02:00.542+0000] {processor.py:925} INFO - DAG(s) 'example_task_group' retrieved from /home/airflow/.local/lib/python3.12/site-packages/airflow/example_dags/example_task_group.py
[2024-09-12T16:02:00.671+0000] {logging_mixin.py:190} INFO - [2024-09-12T16:02:00.671+0000] {dag.py:3211} INFO - Sync 1 DAGs
[2024-09-12T16:02:03.085+0000] {logging_mixin.py:190} INFO - [2024-09-12T16:02:03.084+0000] {dag.py:4138} INFO - Setting next_dagrun for example_task_group to 2024-09-11 00:00:00+00:00, run_after=2024-09-12 00:00:00+00:00
[2024-09-12T16:02:03.338+0000] {processor.py:208} INFO - Processing /home/airflow/.local/lib/python3.12/site-packages/airflow/example_dags/example_task_group.py took 2.939 seconds
[2024-09-12T16:03:31.258+0000] {processor.py:186} INFO - Started process (PID=3317) to work on /home/airflow/.local/lib/python3.12/site-packages/airflow/example_dags/example_task_group.py
[2024-09-12T16:03:31.274+0000] {processor.py:914} INFO - Processing file /home/airflow/.local/lib/python3.12/site-packages/airflow/example_dags/example_task_group.py for tasks to queue
[2024-09-12T16:03:31.282+0000] {logging_mixin.py:190} INFO - [2024-09-12T16:03:31.281+0000] {dagbag.py:587} INFO - Filling up the DagBag from /home/airflow/.local/lib/python3.12/site-packages/airflow/example_dags/example_task_group.py
[2024-09-12T16:03:31.374+0000] {processor.py:925} INFO - DAG(s) 'example_task_group' retrieved from /home/airflow/.local/lib/python3.12/site-packages/airflow/example_dags/example_task_group.py
[2024-09-12T16:03:31.655+0000] {logging_mixin.py:190} INFO - [2024-09-12T16:03:31.638+0000] {dag.py:3211} INFO - Sync 1 DAGs
[2024-09-12T16:03:31.848+0000] {logging_mixin.py:190} INFO - [2024-09-12T16:03:31.846+0000] {dag.py:4138} INFO - Setting next_dagrun for example_task_group to 2024-09-11 00:00:00+00:00, run_after=2024-09-12 00:00:00+00:00
[2024-09-12T16:03:32.028+0000] {processor.py:208} INFO - Processing /home/airflow/.local/lib/python3.12/site-packages/airflow/example_dags/example_task_group.py took 0.807 seconds
[2024-09-12T16:04:14.339+0000] {processor.py:186} INFO - Started process (PID=3387) to work on /home/airflow/.local/lib/python3.12/site-packages/airflow/example_dags/example_task_group.py
[2024-09-12T16:04:14.400+0000] {processor.py:914} INFO - Processing file /home/airflow/.local/lib/python3.12/site-packages/airflow/example_dags/example_task_group.py for tasks to queue
[2024-09-12T16:04:14.412+0000] {logging_mixin.py:190} INFO - [2024-09-12T16:04:14.410+0000] {dagbag.py:587} INFO - Filling up the DagBag from /home/airflow/.local/lib/python3.12/site-packages/airflow/example_dags/example_task_group.py
[2024-09-12T16:04:14.510+0000] {processor.py:925} INFO - DAG(s) 'example_task_group' retrieved from /home/airflow/.local/lib/python3.12/site-packages/airflow/example_dags/example_task_group.py
[2024-09-12T16:04:14.654+0000] {logging_mixin.py:190} INFO - [2024-09-12T16:04:14.654+0000] {dag.py:3211} INFO - Sync 1 DAGs
[2024-09-12T16:04:16.311+0000] {logging_mixin.py:190} INFO - [2024-09-12T16:04:16.310+0000] {dag.py:4138} INFO - Setting next_dagrun for example_task_group to 2024-09-11 00:00:00+00:00, run_after=2024-09-12 00:00:00+00:00
[2024-09-12T16:04:16.541+0000] {processor.py:208} INFO - Processing /home/airflow/.local/lib/python3.12/site-packages/airflow/example_dags/example_task_group.py took 2.232 seconds
[2024-09-12T16:06:04.540+0000] {processor.py:186} INFO - Started process (PID=3466) to work on /home/airflow/.local/lib/python3.12/site-packages/airflow/example_dags/example_task_group.py
[2024-09-12T16:06:04.546+0000] {processor.py:914} INFO - Processing file /home/airflow/.local/lib/python3.12/site-packages/airflow/example_dags/example_task_group.py for tasks to queue
[2024-09-12T16:06:04.551+0000] {logging_mixin.py:190} INFO - [2024-09-12T16:06:04.550+0000] {dagbag.py:587} INFO - Filling up the DagBag from /home/airflow/.local/lib/python3.12/site-packages/airflow/example_dags/example_task_group.py
[2024-09-12T16:06:04.605+0000] {processor.py:925} INFO - DAG(s) 'example_task_group' retrieved from /home/airflow/.local/lib/python3.12/site-packages/airflow/example_dags/example_task_group.py
[2024-09-12T16:06:04.694+0000] {logging_mixin.py:190} INFO - [2024-09-12T16:06:04.694+0000] {dag.py:3211} INFO - Sync 1 DAGs
[2024-09-12T16:06:04.817+0000] {logging_mixin.py:190} INFO - [2024-09-12T16:06:04.817+0000] {dag.py:4138} INFO - Setting next_dagrun for example_task_group to 2024-09-11 00:00:00+00:00, run_after=2024-09-12 00:00:00+00:00
[2024-09-12T16:06:04.924+0000] {processor.py:208} INFO - Processing /home/airflow/.local/lib/python3.12/site-packages/airflow/example_dags/example_task_group.py took 0.465 seconds
[2024-09-12T16:07:47.654+0000] {processor.py:186} INFO - Started process (PID=3549) to work on /home/airflow/.local/lib/python3.12/site-packages/airflow/example_dags/example_task_group.py
[2024-09-12T16:07:47.669+0000] {processor.py:914} INFO - Processing file /home/airflow/.local/lib/python3.12/site-packages/airflow/example_dags/example_task_group.py for tasks to queue
[2024-09-12T16:07:47.706+0000] {logging_mixin.py:190} INFO - [2024-09-12T16:07:47.699+0000] {dagbag.py:587} INFO - Filling up the DagBag from /home/airflow/.local/lib/python3.12/site-packages/airflow/example_dags/example_task_group.py
[2024-09-12T16:07:47.758+0000] {processor.py:925} INFO - DAG(s) 'example_task_group' retrieved from /home/airflow/.local/lib/python3.12/site-packages/airflow/example_dags/example_task_group.py
[2024-09-12T16:07:47.940+0000] {logging_mixin.py:190} INFO - [2024-09-12T16:07:47.938+0000] {dag.py:3211} INFO - Sync 1 DAGs
[2024-09-12T16:07:48.220+0000] {logging_mixin.py:190} INFO - [2024-09-12T16:07:48.220+0000] {dag.py:4138} INFO - Setting next_dagrun for example_task_group to 2024-09-11 00:00:00+00:00, run_after=2024-09-12 00:00:00+00:00
[2024-09-12T16:07:48.629+0000] {processor.py:208} INFO - Processing /home/airflow/.local/lib/python3.12/site-packages/airflow/example_dags/example_task_group.py took 1.142 seconds
[2024-09-12T16:08:49.861+0000] {processor.py:186} INFO - Started process (PID=3626) to work on /home/airflow/.local/lib/python3.12/site-packages/airflow/example_dags/example_task_group.py
[2024-09-12T16:08:49.863+0000] {processor.py:914} INFO - Processing file /home/airflow/.local/lib/python3.12/site-packages/airflow/example_dags/example_task_group.py for tasks to queue
[2024-09-12T16:08:49.877+0000] {logging_mixin.py:190} INFO - [2024-09-12T16:08:49.876+0000] {dagbag.py:587} INFO - Filling up the DagBag from /home/airflow/.local/lib/python3.12/site-packages/airflow/example_dags/example_task_group.py
[2024-09-12T16:08:49.974+0000] {processor.py:925} INFO - DAG(s) 'example_task_group' retrieved from /home/airflow/.local/lib/python3.12/site-packages/airflow/example_dags/example_task_group.py
[2024-09-12T16:08:50.103+0000] {logging_mixin.py:190} INFO - [2024-09-12T16:08:50.102+0000] {dag.py:3211} INFO - Sync 1 DAGs
[2024-09-12T16:08:50.213+0000] {logging_mixin.py:190} INFO - [2024-09-12T16:08:50.213+0000] {dag.py:4138} INFO - Setting next_dagrun for example_task_group to 2024-09-11 00:00:00+00:00, run_after=2024-09-12 00:00:00+00:00
[2024-09-12T16:08:50.284+0000] {processor.py:208} INFO - Processing /home/airflow/.local/lib/python3.12/site-packages/airflow/example_dags/example_task_group.py took 0.462 seconds
[2024-09-12T16:09:20.553+0000] {processor.py:186} INFO - Started process (PID=3688) to work on /home/airflow/.local/lib/python3.12/site-packages/airflow/example_dags/example_task_group.py
[2024-09-12T16:09:20.555+0000] {processor.py:914} INFO - Processing file /home/airflow/.local/lib/python3.12/site-packages/airflow/example_dags/example_task_group.py for tasks to queue
[2024-09-12T16:09:20.560+0000] {logging_mixin.py:190} INFO - [2024-09-12T16:09:20.559+0000] {dagbag.py:587} INFO - Filling up the DagBag from /home/airflow/.local/lib/python3.12/site-packages/airflow/example_dags/example_task_group.py
[2024-09-12T16:09:20.597+0000] {processor.py:925} INFO - DAG(s) 'example_task_group' retrieved from /home/airflow/.local/lib/python3.12/site-packages/airflow/example_dags/example_task_group.py
[2024-09-12T16:09:20.646+0000] {logging_mixin.py:190} INFO - [2024-09-12T16:09:20.644+0000] {dag.py:3211} INFO - Sync 1 DAGs
[2024-09-12T16:09:20.714+0000] {logging_mixin.py:190} INFO - [2024-09-12T16:09:20.713+0000] {dag.py:4138} INFO - Setting next_dagrun for example_task_group to 2024-09-11 00:00:00+00:00, run_after=2024-09-12 00:00:00+00:00
[2024-09-12T16:09:20.764+0000] {processor.py:208} INFO - Processing /home/airflow/.local/lib/python3.12/site-packages/airflow/example_dags/example_task_group.py took 0.230 seconds
[2024-09-12T16:10:36.157+0000] {processor.py:186} INFO - Started process (PID=3757) to work on /home/airflow/.local/lib/python3.12/site-packages/airflow/example_dags/example_task_group.py
[2024-09-12T16:10:36.163+0000] {processor.py:914} INFO - Processing file /home/airflow/.local/lib/python3.12/site-packages/airflow/example_dags/example_task_group.py for tasks to queue
[2024-09-12T16:10:36.169+0000] {logging_mixin.py:190} INFO - [2024-09-12T16:10:36.167+0000] {dagbag.py:587} INFO - Filling up the DagBag from /home/airflow/.local/lib/python3.12/site-packages/airflow/example_dags/example_task_group.py
[2024-09-12T16:10:36.250+0000] {processor.py:925} INFO - DAG(s) 'example_task_group' retrieved from /home/airflow/.local/lib/python3.12/site-packages/airflow/example_dags/example_task_group.py
[2024-09-12T16:10:36.376+0000] {logging_mixin.py:190} INFO - [2024-09-12T16:10:36.375+0000] {dag.py:3211} INFO - Sync 1 DAGs
[2024-09-12T16:10:36.578+0000] {logging_mixin.py:190} INFO - [2024-09-12T16:10:36.577+0000] {dag.py:4138} INFO - Setting next_dagrun for example_task_group to 2024-09-11 00:00:00+00:00, run_after=2024-09-12 00:00:00+00:00
[2024-09-12T16:10:36.717+0000] {processor.py:208} INFO - Processing /home/airflow/.local/lib/python3.12/site-packages/airflow/example_dags/example_task_group.py took 0.610 seconds
[2024-09-12T16:11:16.456+0000] {processor.py:186} INFO - Started process (PID=3823) to work on /home/airflow/.local/lib/python3.12/site-packages/airflow/example_dags/example_task_group.py
[2024-09-12T16:11:16.465+0000] {processor.py:914} INFO - Processing file /home/airflow/.local/lib/python3.12/site-packages/airflow/example_dags/example_task_group.py for tasks to queue
[2024-09-12T16:11:16.471+0000] {logging_mixin.py:190} INFO - [2024-09-12T16:11:16.470+0000] {dagbag.py:587} INFO - Filling up the DagBag from /home/airflow/.local/lib/python3.12/site-packages/airflow/example_dags/example_task_group.py
[2024-09-12T16:11:16.574+0000] {processor.py:925} INFO - DAG(s) 'example_task_group' retrieved from /home/airflow/.local/lib/python3.12/site-packages/airflow/example_dags/example_task_group.py
[2024-09-12T16:11:16.739+0000] {logging_mixin.py:190} INFO - [2024-09-12T16:11:16.738+0000] {dag.py:3211} INFO - Sync 1 DAGs
[2024-09-12T16:11:16.854+0000] {logging_mixin.py:190} INFO - [2024-09-12T16:11:16.853+0000] {dag.py:4138} INFO - Setting next_dagrun for example_task_group to 2024-09-11 00:00:00+00:00, run_after=2024-09-12 00:00:00+00:00
[2024-09-12T16:11:16.957+0000] {processor.py:208} INFO - Processing /home/airflow/.local/lib/python3.12/site-packages/airflow/example_dags/example_task_group.py took 0.575 seconds
[2024-09-12T16:12:18.249+0000] {processor.py:186} INFO - Started process (PID=3898) to work on /home/airflow/.local/lib/python3.12/site-packages/airflow/example_dags/example_task_group.py
[2024-09-12T16:12:18.263+0000] {processor.py:914} INFO - Processing file /home/airflow/.local/lib/python3.12/site-packages/airflow/example_dags/example_task_group.py for tasks to queue
[2024-09-12T16:12:18.284+0000] {logging_mixin.py:190} INFO - [2024-09-12T16:12:18.283+0000] {dagbag.py:587} INFO - Filling up the DagBag from /home/airflow/.local/lib/python3.12/site-packages/airflow/example_dags/example_task_group.py
[2024-09-12T16:12:18.481+0000] {processor.py:925} INFO - DAG(s) 'example_task_group' retrieved from /home/airflow/.local/lib/python3.12/site-packages/airflow/example_dags/example_task_group.py
[2024-09-12T16:12:18.975+0000] {logging_mixin.py:190} INFO - [2024-09-12T16:12:18.974+0000] {dag.py:3211} INFO - Sync 1 DAGs
[2024-09-12T16:12:19.556+0000] {logging_mixin.py:190} INFO - [2024-09-12T16:12:19.555+0000] {dag.py:4138} INFO - Setting next_dagrun for example_task_group to 2024-09-11 00:00:00+00:00, run_after=2024-09-12 00:00:00+00:00
[2024-09-12T16:12:19.746+0000] {processor.py:208} INFO - Processing /home/airflow/.local/lib/python3.12/site-packages/airflow/example_dags/example_task_group.py took 1.647 seconds
[2024-09-12T16:12:53.096+0000] {processor.py:186} INFO - Started process (PID=3961) to work on /home/airflow/.local/lib/python3.12/site-packages/airflow/example_dags/example_task_group.py
[2024-09-12T16:12:53.098+0000] {processor.py:914} INFO - Processing file /home/airflow/.local/lib/python3.12/site-packages/airflow/example_dags/example_task_group.py for tasks to queue
[2024-09-12T16:12:53.107+0000] {logging_mixin.py:190} INFO - [2024-09-12T16:12:53.106+0000] {dagbag.py:587} INFO - Filling up the DagBag from /home/airflow/.local/lib/python3.12/site-packages/airflow/example_dags/example_task_group.py
[2024-09-12T16:12:53.175+0000] {processor.py:925} INFO - DAG(s) 'example_task_group' retrieved from /home/airflow/.local/lib/python3.12/site-packages/airflow/example_dags/example_task_group.py
[2024-09-12T16:12:53.502+0000] {logging_mixin.py:190} INFO - [2024-09-12T16:12:53.501+0000] {dag.py:3211} INFO - Sync 1 DAGs
[2024-09-12T16:12:53.666+0000] {logging_mixin.py:190} INFO - [2024-09-12T16:12:53.665+0000] {dag.py:4138} INFO - Setting next_dagrun for example_task_group to 2024-09-11 00:00:00+00:00, run_after=2024-09-12 00:00:00+00:00
[2024-09-12T16:12:53.763+0000] {processor.py:208} INFO - Processing /home/airflow/.local/lib/python3.12/site-packages/airflow/example_dags/example_task_group.py took 0.707 seconds
[2024-09-12T16:13:51.635+0000] {processor.py:186} INFO - Started process (PID=4023) to work on /home/airflow/.local/lib/python3.12/site-packages/airflow/example_dags/example_task_group.py
[2024-09-12T16:13:51.640+0000] {processor.py:914} INFO - Processing file /home/airflow/.local/lib/python3.12/site-packages/airflow/example_dags/example_task_group.py for tasks to queue
[2024-09-12T16:13:51.651+0000] {logging_mixin.py:190} INFO - [2024-09-12T16:13:51.650+0000] {dagbag.py:587} INFO - Filling up the DagBag from /home/airflow/.local/lib/python3.12/site-packages/airflow/example_dags/example_task_group.py
[2024-09-12T16:13:51.736+0000] {processor.py:925} INFO - DAG(s) 'example_task_group' retrieved from /home/airflow/.local/lib/python3.12/site-packages/airflow/example_dags/example_task_group.py
[2024-09-12T16:13:51.881+0000] {logging_mixin.py:190} INFO - [2024-09-12T16:13:51.878+0000] {dag.py:3211} INFO - Sync 1 DAGs
[2024-09-12T16:13:52.171+0000] {logging_mixin.py:190} INFO - [2024-09-12T16:13:52.145+0000] {dag.py:4138} INFO - Setting next_dagrun for example_task_group to 2024-09-11 00:00:00+00:00, run_after=2024-09-12 00:00:00+00:00
[2024-09-12T16:13:52.295+0000] {processor.py:208} INFO - Processing /home/airflow/.local/lib/python3.12/site-packages/airflow/example_dags/example_task_group.py took 0.690 seconds
[2024-09-12T16:14:43.887+0000] {processor.py:186} INFO - Started process (PID=4092) to work on /home/airflow/.local/lib/python3.12/site-packages/airflow/example_dags/example_task_group.py
[2024-09-12T16:14:43.890+0000] {processor.py:914} INFO - Processing file /home/airflow/.local/lib/python3.12/site-packages/airflow/example_dags/example_task_group.py for tasks to queue
[2024-09-12T16:14:43.901+0000] {logging_mixin.py:190} INFO - [2024-09-12T16:14:43.900+0000] {dagbag.py:587} INFO - Filling up the DagBag from /home/airflow/.local/lib/python3.12/site-packages/airflow/example_dags/example_task_group.py
[2024-09-12T16:14:43.965+0000] {processor.py:925} INFO - DAG(s) 'example_task_group' retrieved from /home/airflow/.local/lib/python3.12/site-packages/airflow/example_dags/example_task_group.py
[2024-09-12T16:14:44.102+0000] {logging_mixin.py:190} INFO - [2024-09-12T16:14:44.102+0000] {dag.py:3211} INFO - Sync 1 DAGs
[2024-09-12T16:14:44.206+0000] {logging_mixin.py:190} INFO - [2024-09-12T16:14:44.206+0000] {dag.py:4138} INFO - Setting next_dagrun for example_task_group to 2024-09-11 00:00:00+00:00, run_after=2024-09-12 00:00:00+00:00
[2024-09-12T16:14:44.314+0000] {processor.py:208} INFO - Processing /home/airflow/.local/lib/python3.12/site-packages/airflow/example_dags/example_task_group.py took 0.498 seconds
[2024-09-12T16:15:15.314+0000] {processor.py:186} INFO - Started process (PID=4153) to work on /home/airflow/.local/lib/python3.12/site-packages/airflow/example_dags/example_task_group.py
[2024-09-12T16:15:15.318+0000] {processor.py:914} INFO - Processing file /home/airflow/.local/lib/python3.12/site-packages/airflow/example_dags/example_task_group.py for tasks to queue
[2024-09-12T16:15:15.329+0000] {logging_mixin.py:190} INFO - [2024-09-12T16:15:15.328+0000] {dagbag.py:587} INFO - Filling up the DagBag from /home/airflow/.local/lib/python3.12/site-packages/airflow/example_dags/example_task_group.py
[2024-09-12T16:15:15.386+0000] {processor.py:925} INFO - DAG(s) 'example_task_group' retrieved from /home/airflow/.local/lib/python3.12/site-packages/airflow/example_dags/example_task_group.py
[2024-09-12T16:15:15.498+0000] {logging_mixin.py:190} INFO - [2024-09-12T16:15:15.497+0000] {dag.py:3211} INFO - Sync 1 DAGs
[2024-09-12T16:15:15.683+0000] {logging_mixin.py:190} INFO - [2024-09-12T16:15:15.683+0000] {dag.py:4138} INFO - Setting next_dagrun for example_task_group to 2024-09-11 00:00:00+00:00, run_after=2024-09-12 00:00:00+00:00
[2024-09-12T16:15:15.758+0000] {processor.py:208} INFO - Processing /home/airflow/.local/lib/python3.12/site-packages/airflow/example_dags/example_task_group.py took 0.485 seconds
[2024-09-12T16:15:46.512+0000] {processor.py:186} INFO - Started process (PID=4223) to work on /home/airflow/.local/lib/python3.12/site-packages/airflow/example_dags/example_task_group.py
[2024-09-12T16:15:46.515+0000] {processor.py:914} INFO - Processing file /home/airflow/.local/lib/python3.12/site-packages/airflow/example_dags/example_task_group.py for tasks to queue
[2024-09-12T16:15:46.522+0000] {logging_mixin.py:190} INFO - [2024-09-12T16:15:46.521+0000] {dagbag.py:587} INFO - Filling up the DagBag from /home/airflow/.local/lib/python3.12/site-packages/airflow/example_dags/example_task_group.py
[2024-09-12T16:15:46.572+0000] {processor.py:925} INFO - DAG(s) 'example_task_group' retrieved from /home/airflow/.local/lib/python3.12/site-packages/airflow/example_dags/example_task_group.py
[2024-09-12T16:15:46.700+0000] {logging_mixin.py:190} INFO - [2024-09-12T16:15:46.700+0000] {dag.py:3211} INFO - Sync 1 DAGs
[2024-09-12T16:15:46.824+0000] {logging_mixin.py:190} INFO - [2024-09-12T16:15:46.823+0000] {dag.py:4138} INFO - Setting next_dagrun for example_task_group to 2024-09-11 00:00:00+00:00, run_after=2024-09-12 00:00:00+00:00
[2024-09-12T16:15:46.967+0000] {processor.py:208} INFO - Processing /home/airflow/.local/lib/python3.12/site-packages/airflow/example_dags/example_task_group.py took 0.484 seconds
[2024-09-12T16:16:38.127+0000] {processor.py:186} INFO - Started process (PID=4293) to work on /home/airflow/.local/lib/python3.12/site-packages/airflow/example_dags/example_task_group.py
[2024-09-12T16:16:38.134+0000] {processor.py:914} INFO - Processing file /home/airflow/.local/lib/python3.12/site-packages/airflow/example_dags/example_task_group.py for tasks to queue
[2024-09-12T16:16:38.151+0000] {logging_mixin.py:190} INFO - [2024-09-12T16:16:38.149+0000] {dagbag.py:587} INFO - Filling up the DagBag from /home/airflow/.local/lib/python3.12/site-packages/airflow/example_dags/example_task_group.py
[2024-09-12T16:16:38.290+0000] {processor.py:925} INFO - DAG(s) 'example_task_group' retrieved from /home/airflow/.local/lib/python3.12/site-packages/airflow/example_dags/example_task_group.py
[2024-09-12T16:16:38.575+0000] {logging_mixin.py:190} INFO - [2024-09-12T16:16:38.574+0000] {dag.py:3211} INFO - Sync 1 DAGs
[2024-09-12T16:16:38.756+0000] {logging_mixin.py:190} INFO - [2024-09-12T16:16:38.755+0000] {dag.py:4138} INFO - Setting next_dagrun for example_task_group to 2024-09-11 00:00:00+00:00, run_after=2024-09-12 00:00:00+00:00
[2024-09-12T16:16:38.856+0000] {processor.py:208} INFO - Processing /home/airflow/.local/lib/python3.12/site-packages/airflow/example_dags/example_task_group.py took 0.769 seconds
[2024-09-12T16:17:30.177+0000] {processor.py:186} INFO - Started process (PID=4358) to work on /home/airflow/.local/lib/python3.12/site-packages/airflow/example_dags/example_task_group.py
[2024-09-12T16:17:30.192+0000] {processor.py:914} INFO - Processing file /home/airflow/.local/lib/python3.12/site-packages/airflow/example_dags/example_task_group.py for tasks to queue
[2024-09-12T16:17:30.196+0000] {logging_mixin.py:190} INFO - [2024-09-12T16:17:30.195+0000] {dagbag.py:587} INFO - Filling up the DagBag from /home/airflow/.local/lib/python3.12/site-packages/airflow/example_dags/example_task_group.py
[2024-09-12T16:17:30.576+0000] {processor.py:925} INFO - DAG(s) 'example_task_group' retrieved from /home/airflow/.local/lib/python3.12/site-packages/airflow/example_dags/example_task_group.py
[2024-09-12T16:17:30.831+0000] {logging_mixin.py:190} INFO - [2024-09-12T16:17:30.830+0000] {dag.py:3211} INFO - Sync 1 DAGs
[2024-09-12T16:17:31.017+0000] {logging_mixin.py:190} INFO - [2024-09-12T16:17:31.014+0000] {dag.py:4138} INFO - Setting next_dagrun for example_task_group to 2024-09-11 00:00:00+00:00, run_after=2024-09-12 00:00:00+00:00
[2024-09-12T16:17:31.177+0000] {processor.py:208} INFO - Processing /home/airflow/.local/lib/python3.12/site-packages/airflow/example_dags/example_task_group.py took 1.030 seconds
[2024-09-12T16:18:02.022+0000] {processor.py:186} INFO - Started process (PID=4419) to work on /home/airflow/.local/lib/python3.12/site-packages/airflow/example_dags/example_task_group.py
[2024-09-12T16:18:02.035+0000] {processor.py:914} INFO - Processing file /home/airflow/.local/lib/python3.12/site-packages/airflow/example_dags/example_task_group.py for tasks to queue
[2024-09-12T16:18:02.053+0000] {logging_mixin.py:190} INFO - [2024-09-12T16:18:02.052+0000] {dagbag.py:587} INFO - Filling up the DagBag from /home/airflow/.local/lib/python3.12/site-packages/airflow/example_dags/example_task_group.py
[2024-09-12T16:18:02.174+0000] {processor.py:925} INFO - DAG(s) 'example_task_group' retrieved from /home/airflow/.local/lib/python3.12/site-packages/airflow/example_dags/example_task_group.py
[2024-09-12T16:18:02.401+0000] {logging_mixin.py:190} INFO - [2024-09-12T16:18:02.400+0000] {dag.py:3211} INFO - Sync 1 DAGs
[2024-09-12T16:18:02.895+0000] {logging_mixin.py:190} INFO - [2024-09-12T16:18:02.894+0000] {dag.py:4138} INFO - Setting next_dagrun for example_task_group to 2024-09-11 00:00:00+00:00, run_after=2024-09-12 00:00:00+00:00
[2024-09-12T16:18:03.234+0000] {processor.py:208} INFO - Processing /home/airflow/.local/lib/python3.12/site-packages/airflow/example_dags/example_task_group.py took 1.254 seconds
[2024-09-12T16:18:48.877+0000] {processor.py:186} INFO - Started process (PID=4492) to work on /home/airflow/.local/lib/python3.12/site-packages/airflow/example_dags/example_task_group.py
[2024-09-12T16:18:48.880+0000] {processor.py:914} INFO - Processing file /home/airflow/.local/lib/python3.12/site-packages/airflow/example_dags/example_task_group.py for tasks to queue
[2024-09-12T16:18:48.895+0000] {logging_mixin.py:190} INFO - [2024-09-12T16:18:48.894+0000] {dagbag.py:587} INFO - Filling up the DagBag from /home/airflow/.local/lib/python3.12/site-packages/airflow/example_dags/example_task_group.py
[2024-09-12T16:18:48.949+0000] {processor.py:925} INFO - DAG(s) 'example_task_group' retrieved from /home/airflow/.local/lib/python3.12/site-packages/airflow/example_dags/example_task_group.py
[2024-09-12T16:18:49.061+0000] {logging_mixin.py:190} INFO - [2024-09-12T16:18:49.060+0000] {dag.py:3211} INFO - Sync 1 DAGs
[2024-09-12T16:18:49.179+0000] {logging_mixin.py:190} INFO - [2024-09-12T16:18:49.178+0000] {dag.py:4138} INFO - Setting next_dagrun for example_task_group to 2024-09-11 00:00:00+00:00, run_after=2024-09-12 00:00:00+00:00
[2024-09-12T16:18:49.286+0000] {processor.py:208} INFO - Processing /home/airflow/.local/lib/python3.12/site-packages/airflow/example_dags/example_task_group.py took 0.448 seconds
[2024-09-12T16:19:23.316+0000] {processor.py:186} INFO - Started process (PID=4543) to work on /home/airflow/.local/lib/python3.12/site-packages/airflow/example_dags/example_task_group.py
[2024-09-12T16:19:23.327+0000] {processor.py:914} INFO - Processing file /home/airflow/.local/lib/python3.12/site-packages/airflow/example_dags/example_task_group.py for tasks to queue
[2024-09-12T16:19:23.335+0000] {logging_mixin.py:190} INFO - [2024-09-12T16:19:23.333+0000] {dagbag.py:587} INFO - Filling up the DagBag from /home/airflow/.local/lib/python3.12/site-packages/airflow/example_dags/example_task_group.py
[2024-09-12T16:19:23.598+0000] {processor.py:925} INFO - DAG(s) 'example_task_group' retrieved from /home/airflow/.local/lib/python3.12/site-packages/airflow/example_dags/example_task_group.py
[2024-09-12T16:19:23.961+0000] {logging_mixin.py:190} INFO - [2024-09-12T16:19:23.960+0000] {dag.py:3211} INFO - Sync 1 DAGs
[2024-09-12T16:19:24.137+0000] {logging_mixin.py:190} INFO - [2024-09-12T16:19:24.137+0000] {dag.py:4138} INFO - Setting next_dagrun for example_task_group to 2024-09-11 00:00:00+00:00, run_after=2024-09-12 00:00:00+00:00
[2024-09-12T16:19:24.316+0000] {processor.py:208} INFO - Processing /home/airflow/.local/lib/python3.12/site-packages/airflow/example_dags/example_task_group.py took 1.054 seconds
[2024-09-12T16:19:59.922+0000] {processor.py:186} INFO - Started process (PID=4612) to work on /home/airflow/.local/lib/python3.12/site-packages/airflow/example_dags/example_task_group.py
[2024-09-12T16:19:59.937+0000] {processor.py:914} INFO - Processing file /home/airflow/.local/lib/python3.12/site-packages/airflow/example_dags/example_task_group.py for tasks to queue
[2024-09-12T16:19:59.957+0000] {logging_mixin.py:190} INFO - [2024-09-12T16:19:59.954+0000] {dagbag.py:587} INFO - Filling up the DagBag from /home/airflow/.local/lib/python3.12/site-packages/airflow/example_dags/example_task_group.py
[2024-09-12T16:20:00.007+0000] {processor.py:925} INFO - DAG(s) 'example_task_group' retrieved from /home/airflow/.local/lib/python3.12/site-packages/airflow/example_dags/example_task_group.py
[2024-09-12T16:20:00.152+0000] {logging_mixin.py:190} INFO - [2024-09-12T16:20:00.152+0000] {dag.py:3211} INFO - Sync 1 DAGs
[2024-09-12T16:20:00.438+0000] {logging_mixin.py:190} INFO - [2024-09-12T16:20:00.437+0000] {dag.py:4138} INFO - Setting next_dagrun for example_task_group to 2024-09-11 00:00:00+00:00, run_after=2024-09-12 00:00:00+00:00
[2024-09-12T16:20:00.760+0000] {processor.py:208} INFO - Processing /home/airflow/.local/lib/python3.12/site-packages/airflow/example_dags/example_task_group.py took 0.891 seconds
[2024-09-12T16:20:58.162+0000] {processor.py:186} INFO - Started process (PID=4684) to work on /home/airflow/.local/lib/python3.12/site-packages/airflow/example_dags/example_task_group.py
[2024-09-12T16:20:58.167+0000] {processor.py:914} INFO - Processing file /home/airflow/.local/lib/python3.12/site-packages/airflow/example_dags/example_task_group.py for tasks to queue
[2024-09-12T16:20:58.175+0000] {logging_mixin.py:190} INFO - [2024-09-12T16:20:58.175+0000] {dagbag.py:587} INFO - Filling up the DagBag from /home/airflow/.local/lib/python3.12/site-packages/airflow/example_dags/example_task_group.py
[2024-09-12T16:20:58.253+0000] {processor.py:925} INFO - DAG(s) 'example_task_group' retrieved from /home/airflow/.local/lib/python3.12/site-packages/airflow/example_dags/example_task_group.py
[2024-09-12T16:20:58.342+0000] {logging_mixin.py:190} INFO - [2024-09-12T16:20:58.342+0000] {dag.py:3211} INFO - Sync 1 DAGs
[2024-09-12T16:20:58.475+0000] {logging_mixin.py:190} INFO - [2024-09-12T16:20:58.474+0000] {dag.py:4138} INFO - Setting next_dagrun for example_task_group to 2024-09-11 00:00:00+00:00, run_after=2024-09-12 00:00:00+00:00
[2024-09-12T16:20:58.580+0000] {processor.py:208} INFO - Processing /home/airflow/.local/lib/python3.12/site-packages/airflow/example_dags/example_task_group.py took 0.441 seconds
[2024-09-12T16:22:14.559+0000] {processor.py:186} INFO - Started process (PID=4759) to work on /home/airflow/.local/lib/python3.12/site-packages/airflow/example_dags/example_task_group.py
[2024-09-12T16:22:14.563+0000] {processor.py:914} INFO - Processing file /home/airflow/.local/lib/python3.12/site-packages/airflow/example_dags/example_task_group.py for tasks to queue
[2024-09-12T16:22:14.571+0000] {logging_mixin.py:190} INFO - [2024-09-12T16:22:14.570+0000] {dagbag.py:587} INFO - Filling up the DagBag from /home/airflow/.local/lib/python3.12/site-packages/airflow/example_dags/example_task_group.py
[2024-09-12T16:22:14.635+0000] {processor.py:925} INFO - DAG(s) 'example_task_group' retrieved from /home/airflow/.local/lib/python3.12/site-packages/airflow/example_dags/example_task_group.py
[2024-09-12T16:22:14.757+0000] {logging_mixin.py:190} INFO - [2024-09-12T16:22:14.756+0000] {dag.py:3211} INFO - Sync 1 DAGs
[2024-09-12T16:22:14.920+0000] {logging_mixin.py:190} INFO - [2024-09-12T16:22:14.919+0000] {dag.py:4138} INFO - Setting next_dagrun for example_task_group to 2024-09-11 00:00:00+00:00, run_after=2024-09-12 00:00:00+00:00
[2024-09-12T16:22:15.179+0000] {processor.py:208} INFO - Processing /home/airflow/.local/lib/python3.12/site-packages/airflow/example_dags/example_task_group.py took 0.643 seconds
[2024-09-12T16:22:58.420+0000] {processor.py:186} INFO - Started process (PID=4835) to work on /home/airflow/.local/lib/python3.12/site-packages/airflow/example_dags/example_task_group.py
[2024-09-12T16:22:58.426+0000] {processor.py:914} INFO - Processing file /home/airflow/.local/lib/python3.12/site-packages/airflow/example_dags/example_task_group.py for tasks to queue
[2024-09-12T16:22:58.430+0000] {logging_mixin.py:190} INFO - [2024-09-12T16:22:58.429+0000] {dagbag.py:587} INFO - Filling up the DagBag from /home/airflow/.local/lib/python3.12/site-packages/airflow/example_dags/example_task_group.py
[2024-09-12T16:22:58.496+0000] {processor.py:925} INFO - DAG(s) 'example_task_group' retrieved from /home/airflow/.local/lib/python3.12/site-packages/airflow/example_dags/example_task_group.py
[2024-09-12T16:22:58.590+0000] {logging_mixin.py:190} INFO - [2024-09-12T16:22:58.590+0000] {dag.py:3211} INFO - Sync 1 DAGs
[2024-09-12T16:22:58.705+0000] {logging_mixin.py:190} INFO - [2024-09-12T16:22:58.705+0000] {dag.py:4138} INFO - Setting next_dagrun for example_task_group to 2024-09-11 00:00:00+00:00, run_after=2024-09-12 00:00:00+00:00
[2024-09-12T16:22:58.817+0000] {processor.py:208} INFO - Processing /home/airflow/.local/lib/python3.12/site-packages/airflow/example_dags/example_task_group.py took 0.422 seconds
