[2024-09-12T14:58:36.757+0000] {processor.py:186} INFO - Started process (PID=80) to work on /home/airflow/.local/lib/python3.12/site-packages/airflow/example_dags/example_latest_only.py
[2024-09-12T14:58:36.759+0000] {processor.py:914} INFO - Processing file /home/airflow/.local/lib/python3.12/site-packages/airflow/example_dags/example_latest_only.py for tasks to queue
[2024-09-12T14:58:36.773+0000] {logging_mixin.py:190} INFO - [2024-09-12T14:58:36.772+0000] {dagbag.py:587} INFO - Filling up the DagBag from /home/airflow/.local/lib/python3.12/site-packages/airflow/example_dags/example_latest_only.py
[2024-09-12T14:58:36.811+0000] {processor.py:925} INFO - DAG(s) 'latest_only' retrieved from /home/airflow/.local/lib/python3.12/site-packages/airflow/example_dags/example_latest_only.py
[2024-09-12T14:58:36.929+0000] {logging_mixin.py:190} INFO - [2024-09-12T14:58:36.929+0000] {dag.py:3211} INFO - Sync 1 DAGs
[2024-09-12T14:58:37.020+0000] {logging_mixin.py:190} INFO - [2024-09-12T14:58:37.016+0000] {dag.py:4138} INFO - Setting next_dagrun for latest_only to 2024-09-12 08:00:00+00:00, run_after=2024-09-12 12:00:00+00:00
[2024-09-12T14:58:37.074+0000] {processor.py:208} INFO - Processing /home/airflow/.local/lib/python3.12/site-packages/airflow/example_dags/example_latest_only.py took 0.343 seconds
[2024-09-12T14:59:33.790+0000] {processor.py:186} INFO - Started process (PID=155) to work on /home/airflow/.local/lib/python3.12/site-packages/airflow/example_dags/example_latest_only.py
[2024-09-12T14:59:33.804+0000] {processor.py:914} INFO - Processing file /home/airflow/.local/lib/python3.12/site-packages/airflow/example_dags/example_latest_only.py for tasks to queue
[2024-09-12T14:59:33.821+0000] {logging_mixin.py:190} INFO - [2024-09-12T14:59:33.821+0000] {dagbag.py:587} INFO - Filling up the DagBag from /home/airflow/.local/lib/python3.12/site-packages/airflow/example_dags/example_latest_only.py
[2024-09-12T14:59:33.903+0000] {processor.py:925} INFO - DAG(s) 'latest_only' retrieved from /home/airflow/.local/lib/python3.12/site-packages/airflow/example_dags/example_latest_only.py
[2024-09-12T14:59:34.029+0000] {logging_mixin.py:190} INFO - [2024-09-12T14:59:34.028+0000] {dag.py:3211} INFO - Sync 1 DAGs
[2024-09-12T14:59:34.219+0000] {logging_mixin.py:190} INFO - [2024-09-12T14:59:34.219+0000] {dag.py:4138} INFO - Setting next_dagrun for latest_only to 2024-09-12 08:00:00+00:00, run_after=2024-09-12 12:00:00+00:00
[2024-09-12T14:59:34.414+0000] {processor.py:208} INFO - Processing /home/airflow/.local/lib/python3.12/site-packages/airflow/example_dags/example_latest_only.py took 0.686 seconds
[2024-09-12T15:00:26.975+0000] {processor.py:186} INFO - Started process (PID=227) to work on /home/airflow/.local/lib/python3.12/site-packages/airflow/example_dags/example_latest_only.py
[2024-09-12T15:00:27.024+0000] {processor.py:914} INFO - Processing file /home/airflow/.local/lib/python3.12/site-packages/airflow/example_dags/example_latest_only.py for tasks to queue
[2024-09-12T15:00:27.062+0000] {logging_mixin.py:190} INFO - [2024-09-12T15:00:27.061+0000] {dagbag.py:587} INFO - Filling up the DagBag from /home/airflow/.local/lib/python3.12/site-packages/airflow/example_dags/example_latest_only.py
[2024-09-12T15:00:27.133+0000] {processor.py:925} INFO - DAG(s) 'latest_only' retrieved from /home/airflow/.local/lib/python3.12/site-packages/airflow/example_dags/example_latest_only.py
[2024-09-12T15:00:27.335+0000] {logging_mixin.py:190} INFO - [2024-09-12T15:00:27.334+0000] {dag.py:3211} INFO - Sync 1 DAGs
[2024-09-12T15:00:27.842+0000] {logging_mixin.py:190} INFO - [2024-09-12T15:00:27.842+0000] {dag.py:4138} INFO - Setting next_dagrun for latest_only to 2024-09-12 08:00:00+00:00, run_after=2024-09-12 12:00:00+00:00
[2024-09-12T15:00:28.210+0000] {processor.py:208} INFO - Processing /home/airflow/.local/lib/python3.12/site-packages/airflow/example_dags/example_latest_only.py took 1.279 seconds
[2024-09-12T15:01:44.379+0000] {processor.py:186} INFO - Started process (PID=303) to work on /home/airflow/.local/lib/python3.12/site-packages/airflow/example_dags/example_latest_only.py
[2024-09-12T15:01:44.382+0000] {processor.py:914} INFO - Processing file /home/airflow/.local/lib/python3.12/site-packages/airflow/example_dags/example_latest_only.py for tasks to queue
[2024-09-12T15:01:44.400+0000] {logging_mixin.py:190} INFO - [2024-09-12T15:01:44.399+0000] {dagbag.py:587} INFO - Filling up the DagBag from /home/airflow/.local/lib/python3.12/site-packages/airflow/example_dags/example_latest_only.py
[2024-09-12T15:01:44.470+0000] {processor.py:925} INFO - DAG(s) 'latest_only' retrieved from /home/airflow/.local/lib/python3.12/site-packages/airflow/example_dags/example_latest_only.py
[2024-09-12T15:01:44.679+0000] {logging_mixin.py:190} INFO - [2024-09-12T15:01:44.678+0000] {dag.py:3211} INFO - Sync 1 DAGs
[2024-09-12T15:01:44.981+0000] {logging_mixin.py:190} INFO - [2024-09-12T15:01:44.980+0000] {dag.py:4138} INFO - Setting next_dagrun for latest_only to 2024-09-12 08:00:00+00:00, run_after=2024-09-12 12:00:00+00:00
[2024-09-12T15:01:45.325+0000] {processor.py:208} INFO - Processing /home/airflow/.local/lib/python3.12/site-packages/airflow/example_dags/example_latest_only.py took 0.988 seconds
[2024-09-12T15:02:39.001+0000] {processor.py:186} INFO - Started process (PID=352) to work on /home/airflow/.local/lib/python3.12/site-packages/airflow/example_dags/example_latest_only.py
[2024-09-12T15:02:39.032+0000] {processor.py:914} INFO - Processing file /home/airflow/.local/lib/python3.12/site-packages/airflow/example_dags/example_latest_only.py for tasks to queue
[2024-09-12T15:02:39.052+0000] {logging_mixin.py:190} INFO - [2024-09-12T15:02:39.051+0000] {dagbag.py:587} INFO - Filling up the DagBag from /home/airflow/.local/lib/python3.12/site-packages/airflow/example_dags/example_latest_only.py
[2024-09-12T15:02:39.464+0000] {processor.py:925} INFO - DAG(s) 'latest_only' retrieved from /home/airflow/.local/lib/python3.12/site-packages/airflow/example_dags/example_latest_only.py
[2024-09-12T15:02:39.928+0000] {logging_mixin.py:190} INFO - [2024-09-12T15:02:39.928+0000] {dag.py:3211} INFO - Sync 1 DAGs
[2024-09-12T15:02:40.646+0000] {logging_mixin.py:190} INFO - [2024-09-12T15:02:40.646+0000] {dag.py:4138} INFO - Setting next_dagrun for latest_only to 2024-09-12 08:00:00+00:00, run_after=2024-09-12 12:00:00+00:00
[2024-09-12T15:02:41.171+0000] {processor.py:208} INFO - Processing /home/airflow/.local/lib/python3.12/site-packages/airflow/example_dags/example_latest_only.py took 2.220 seconds
[2024-09-12T15:03:59.770+0000] {processor.py:186} INFO - Started process (PID=405) to work on /home/airflow/.local/lib/python3.12/site-packages/airflow/example_dags/example_latest_only.py
[2024-09-12T15:03:59.811+0000] {processor.py:914} INFO - Processing file /home/airflow/.local/lib/python3.12/site-packages/airflow/example_dags/example_latest_only.py for tasks to queue
[2024-09-12T15:03:59.862+0000] {logging_mixin.py:190} INFO - [2024-09-12T15:03:59.861+0000] {dagbag.py:587} INFO - Filling up the DagBag from /home/airflow/.local/lib/python3.12/site-packages/airflow/example_dags/example_latest_only.py
[2024-09-12T15:03:59.986+0000] {processor.py:925} INFO - DAG(s) 'latest_only' retrieved from /home/airflow/.local/lib/python3.12/site-packages/airflow/example_dags/example_latest_only.py
[2024-09-12T15:04:00.245+0000] {logging_mixin.py:190} INFO - [2024-09-12T15:04:00.201+0000] {dag.py:3211} INFO - Sync 1 DAGs
[2024-09-12T15:04:00.714+0000] {logging_mixin.py:190} INFO - [2024-09-12T15:04:00.714+0000] {dag.py:4138} INFO - Setting next_dagrun for latest_only to 2024-09-12 08:00:00+00:00, run_after=2024-09-12 12:00:00+00:00
[2024-09-12T15:04:01.046+0000] {processor.py:208} INFO - Processing /home/airflow/.local/lib/python3.12/site-packages/airflow/example_dags/example_latest_only.py took 1.358 seconds
[2024-09-12T15:04:48.817+0000] {processor.py:186} INFO - Started process (PID=471) to work on /home/airflow/.local/lib/python3.12/site-packages/airflow/example_dags/example_latest_only.py
[2024-09-12T15:04:48.830+0000] {processor.py:914} INFO - Processing file /home/airflow/.local/lib/python3.12/site-packages/airflow/example_dags/example_latest_only.py for tasks to queue
[2024-09-12T15:04:48.833+0000] {logging_mixin.py:190} INFO - [2024-09-12T15:04:48.833+0000] {dagbag.py:587} INFO - Filling up the DagBag from /home/airflow/.local/lib/python3.12/site-packages/airflow/example_dags/example_latest_only.py
[2024-09-12T15:04:48.995+0000] {processor.py:925} INFO - DAG(s) 'latest_only' retrieved from /home/airflow/.local/lib/python3.12/site-packages/airflow/example_dags/example_latest_only.py
[2024-09-12T15:04:49.284+0000] {logging_mixin.py:190} INFO - [2024-09-12T15:04:49.284+0000] {dag.py:3211} INFO - Sync 1 DAGs
[2024-09-12T15:04:49.569+0000] {logging_mixin.py:190} INFO - [2024-09-12T15:04:49.568+0000] {dag.py:4138} INFO - Setting next_dagrun for latest_only to 2024-09-12 08:00:00+00:00, run_after=2024-09-12 12:00:00+00:00
[2024-09-12T15:04:49.720+0000] {processor.py:208} INFO - Processing /home/airflow/.local/lib/python3.12/site-packages/airflow/example_dags/example_latest_only.py took 1.026 seconds
[2024-09-12T15:05:45.421+0000] {processor.py:186} INFO - Started process (PID=532) to work on /home/airflow/.local/lib/python3.12/site-packages/airflow/example_dags/example_latest_only.py
[2024-09-12T15:05:45.433+0000] {processor.py:914} INFO - Processing file /home/airflow/.local/lib/python3.12/site-packages/airflow/example_dags/example_latest_only.py for tasks to queue
[2024-09-12T15:05:45.439+0000] {logging_mixin.py:190} INFO - [2024-09-12T15:05:45.439+0000] {dagbag.py:587} INFO - Filling up the DagBag from /home/airflow/.local/lib/python3.12/site-packages/airflow/example_dags/example_latest_only.py
[2024-09-12T15:05:45.528+0000] {processor.py:925} INFO - DAG(s) 'latest_only' retrieved from /home/airflow/.local/lib/python3.12/site-packages/airflow/example_dags/example_latest_only.py
[2024-09-12T15:05:45.736+0000] {logging_mixin.py:190} INFO - [2024-09-12T15:05:45.733+0000] {dag.py:3211} INFO - Sync 1 DAGs
[2024-09-12T15:05:46.128+0000] {logging_mixin.py:190} INFO - [2024-09-12T15:05:46.115+0000] {dag.py:4138} INFO - Setting next_dagrun for latest_only to 2024-09-12 08:00:00+00:00, run_after=2024-09-12 12:00:00+00:00
[2024-09-12T15:05:46.330+0000] {processor.py:208} INFO - Processing /home/airflow/.local/lib/python3.12/site-packages/airflow/example_dags/example_latest_only.py took 0.980 seconds
[2024-09-12T15:06:38.069+0000] {processor.py:186} INFO - Started process (PID=604) to work on /home/airflow/.local/lib/python3.12/site-packages/airflow/example_dags/example_latest_only.py
[2024-09-12T15:06:38.096+0000] {processor.py:914} INFO - Processing file /home/airflow/.local/lib/python3.12/site-packages/airflow/example_dags/example_latest_only.py for tasks to queue
[2024-09-12T15:06:38.106+0000] {logging_mixin.py:190} INFO - [2024-09-12T15:06:38.103+0000] {dagbag.py:587} INFO - Filling up the DagBag from /home/airflow/.local/lib/python3.12/site-packages/airflow/example_dags/example_latest_only.py
[2024-09-12T15:06:38.234+0000] {processor.py:925} INFO - DAG(s) 'latest_only' retrieved from /home/airflow/.local/lib/python3.12/site-packages/airflow/example_dags/example_latest_only.py
[2024-09-12T15:06:38.592+0000] {logging_mixin.py:190} INFO - [2024-09-12T15:06:38.592+0000] {dag.py:3211} INFO - Sync 1 DAGs
[2024-09-12T15:06:39.243+0000] {logging_mixin.py:190} INFO - [2024-09-12T15:06:39.242+0000] {dag.py:4138} INFO - Setting next_dagrun for latest_only to 2024-09-12 08:00:00+00:00, run_after=2024-09-12 12:00:00+00:00
[2024-09-12T15:06:39.663+0000] {processor.py:208} INFO - Processing /home/airflow/.local/lib/python3.12/site-packages/airflow/example_dags/example_latest_only.py took 1.717 seconds
[2024-09-12T15:07:45.319+0000] {processor.py:186} INFO - Started process (PID=668) to work on /home/airflow/.local/lib/python3.12/site-packages/airflow/example_dags/example_latest_only.py
[2024-09-12T15:07:45.335+0000] {processor.py:914} INFO - Processing file /home/airflow/.local/lib/python3.12/site-packages/airflow/example_dags/example_latest_only.py for tasks to queue
[2024-09-12T15:07:45.353+0000] {logging_mixin.py:190} INFO - [2024-09-12T15:07:45.353+0000] {dagbag.py:587} INFO - Filling up the DagBag from /home/airflow/.local/lib/python3.12/site-packages/airflow/example_dags/example_latest_only.py
[2024-09-12T15:07:45.449+0000] {processor.py:925} INFO - DAG(s) 'latest_only' retrieved from /home/airflow/.local/lib/python3.12/site-packages/airflow/example_dags/example_latest_only.py
[2024-09-12T15:07:45.741+0000] {logging_mixin.py:190} INFO - [2024-09-12T15:07:45.741+0000] {dag.py:3211} INFO - Sync 1 DAGs
[2024-09-12T15:07:46.208+0000] {logging_mixin.py:190} INFO - [2024-09-12T15:07:46.207+0000] {dag.py:4138} INFO - Setting next_dagrun for latest_only to 2024-09-12 08:00:00+00:00, run_after=2024-09-12 12:00:00+00:00
[2024-09-12T15:07:46.601+0000] {processor.py:208} INFO - Processing /home/airflow/.local/lib/python3.12/site-packages/airflow/example_dags/example_latest_only.py took 1.346 seconds
[2024-09-12T15:08:22.701+0000] {processor.py:186} INFO - Started process (PID=708) to work on /home/airflow/.local/lib/python3.12/site-packages/airflow/example_dags/example_latest_only.py
[2024-09-12T15:08:22.736+0000] {processor.py:914} INFO - Processing file /home/airflow/.local/lib/python3.12/site-packages/airflow/example_dags/example_latest_only.py for tasks to queue
[2024-09-12T15:08:22.754+0000] {logging_mixin.py:190} INFO - [2024-09-12T15:08:22.753+0000] {dagbag.py:587} INFO - Filling up the DagBag from /home/airflow/.local/lib/python3.12/site-packages/airflow/example_dags/example_latest_only.py
[2024-09-12T15:08:22.882+0000] {processor.py:925} INFO - DAG(s) 'latest_only' retrieved from /home/airflow/.local/lib/python3.12/site-packages/airflow/example_dags/example_latest_only.py
[2024-09-12T15:08:23.083+0000] {logging_mixin.py:190} INFO - [2024-09-12T15:08:23.082+0000] {dag.py:3211} INFO - Sync 1 DAGs
[2024-09-12T15:08:23.278+0000] {logging_mixin.py:190} INFO - [2024-09-12T15:08:23.277+0000] {dag.py:4138} INFO - Setting next_dagrun for latest_only to 2024-09-12 08:00:00+00:00, run_after=2024-09-12 12:00:00+00:00
[2024-09-12T15:08:23.643+0000] {processor.py:208} INFO - Processing /home/airflow/.local/lib/python3.12/site-packages/airflow/example_dags/example_latest_only.py took 1.074 seconds
[2024-09-12T15:09:13.880+0000] {processor.py:186} INFO - Started process (PID=757) to work on /home/airflow/.local/lib/python3.12/site-packages/airflow/example_dags/example_latest_only.py
[2024-09-12T15:09:13.885+0000] {processor.py:914} INFO - Processing file /home/airflow/.local/lib/python3.12/site-packages/airflow/example_dags/example_latest_only.py for tasks to queue
[2024-09-12T15:09:13.926+0000] {logging_mixin.py:190} INFO - [2024-09-12T15:09:13.925+0000] {dagbag.py:587} INFO - Filling up the DagBag from /home/airflow/.local/lib/python3.12/site-packages/airflow/example_dags/example_latest_only.py
[2024-09-12T15:09:14.138+0000] {processor.py:925} INFO - DAG(s) 'latest_only' retrieved from /home/airflow/.local/lib/python3.12/site-packages/airflow/example_dags/example_latest_only.py
[2024-09-12T15:09:14.451+0000] {logging_mixin.py:190} INFO - [2024-09-12T15:09:14.450+0000] {dag.py:3211} INFO - Sync 1 DAGs
[2024-09-12T15:09:14.785+0000] {logging_mixin.py:190} INFO - [2024-09-12T15:09:14.785+0000] {dag.py:4138} INFO - Setting next_dagrun for latest_only to 2024-09-12 08:00:00+00:00, run_after=2024-09-12 12:00:00+00:00
[2024-09-12T15:09:14.973+0000] {processor.py:208} INFO - Processing /home/airflow/.local/lib/python3.12/site-packages/airflow/example_dags/example_latest_only.py took 1.134 seconds
[2024-09-12T15:09:52.722+0000] {processor.py:186} INFO - Started process (PID=797) to work on /home/airflow/.local/lib/python3.12/site-packages/airflow/example_dags/example_latest_only.py
[2024-09-12T15:09:52.738+0000] {processor.py:914} INFO - Processing file /home/airflow/.local/lib/python3.12/site-packages/airflow/example_dags/example_latest_only.py for tasks to queue
[2024-09-12T15:09:52.742+0000] {logging_mixin.py:190} INFO - [2024-09-12T15:09:52.740+0000] {dagbag.py:587} INFO - Filling up the DagBag from /home/airflow/.local/lib/python3.12/site-packages/airflow/example_dags/example_latest_only.py
[2024-09-12T15:09:52.786+0000] {processor.py:925} INFO - DAG(s) 'latest_only' retrieved from /home/airflow/.local/lib/python3.12/site-packages/airflow/example_dags/example_latest_only.py
[2024-09-12T15:09:52.964+0000] {logging_mixin.py:190} INFO - [2024-09-12T15:09:52.962+0000] {dag.py:3211} INFO - Sync 1 DAGs
[2024-09-12T15:09:53.166+0000] {logging_mixin.py:190} INFO - [2024-09-12T15:09:53.166+0000] {dag.py:4138} INFO - Setting next_dagrun for latest_only to 2024-09-12 08:00:00+00:00, run_after=2024-09-12 12:00:00+00:00
[2024-09-12T15:09:53.306+0000] {processor.py:208} INFO - Processing /home/airflow/.local/lib/python3.12/site-packages/airflow/example_dags/example_latest_only.py took 0.654 seconds
[2024-09-12T15:10:50.357+0000] {processor.py:186} INFO - Started process (PID=863) to work on /home/airflow/.local/lib/python3.12/site-packages/airflow/example_dags/example_latest_only.py
[2024-09-12T15:10:50.384+0000] {processor.py:914} INFO - Processing file /home/airflow/.local/lib/python3.12/site-packages/airflow/example_dags/example_latest_only.py for tasks to queue
[2024-09-12T15:10:50.423+0000] {logging_mixin.py:190} INFO - [2024-09-12T15:10:50.423+0000] {dagbag.py:587} INFO - Filling up the DagBag from /home/airflow/.local/lib/python3.12/site-packages/airflow/example_dags/example_latest_only.py
[2024-09-12T15:10:50.543+0000] {processor.py:925} INFO - DAG(s) 'latest_only' retrieved from /home/airflow/.local/lib/python3.12/site-packages/airflow/example_dags/example_latest_only.py
[2024-09-12T15:10:50.755+0000] {logging_mixin.py:190} INFO - [2024-09-12T15:10:50.754+0000] {dag.py:3211} INFO - Sync 1 DAGs
[2024-09-12T15:10:50.898+0000] {logging_mixin.py:190} INFO - [2024-09-12T15:10:50.897+0000] {dag.py:4138} INFO - Setting next_dagrun for latest_only to 2024-09-12 08:00:00+00:00, run_after=2024-09-12 12:00:00+00:00
[2024-09-12T15:10:51.037+0000] {processor.py:208} INFO - Processing /home/airflow/.local/lib/python3.12/site-packages/airflow/example_dags/example_latest_only.py took 0.820 seconds
[2024-09-12T15:11:39.678+0000] {processor.py:186} INFO - Started process (PID=936) to work on /home/airflow/.local/lib/python3.12/site-packages/airflow/example_dags/example_latest_only.py
[2024-09-12T15:11:39.694+0000] {processor.py:914} INFO - Processing file /home/airflow/.local/lib/python3.12/site-packages/airflow/example_dags/example_latest_only.py for tasks to queue
[2024-09-12T15:11:39.702+0000] {logging_mixin.py:190} INFO - [2024-09-12T15:11:39.701+0000] {dagbag.py:587} INFO - Filling up the DagBag from /home/airflow/.local/lib/python3.12/site-packages/airflow/example_dags/example_latest_only.py
[2024-09-12T15:11:39.789+0000] {processor.py:925} INFO - DAG(s) 'latest_only' retrieved from /home/airflow/.local/lib/python3.12/site-packages/airflow/example_dags/example_latest_only.py
[2024-09-12T15:11:40.062+0000] {logging_mixin.py:190} INFO - [2024-09-12T15:11:40.061+0000] {dag.py:3211} INFO - Sync 1 DAGs
[2024-09-12T15:11:40.461+0000] {logging_mixin.py:190} INFO - [2024-09-12T15:11:40.461+0000] {dag.py:4138} INFO - Setting next_dagrun for latest_only to 2024-09-12 08:00:00+00:00, run_after=2024-09-12 12:00:00+00:00
[2024-09-12T15:11:40.766+0000] {processor.py:208} INFO - Processing /home/airflow/.local/lib/python3.12/site-packages/airflow/example_dags/example_latest_only.py took 1.121 seconds
[2024-09-12T15:15:01.007+0000] {processor.py:186} INFO - Started process (PID=87) to work on /home/airflow/.local/lib/python3.12/site-packages/airflow/example_dags/example_latest_only.py
[2024-09-12T15:15:01.022+0000] {processor.py:914} INFO - Processing file /home/airflow/.local/lib/python3.12/site-packages/airflow/example_dags/example_latest_only.py for tasks to queue
[2024-09-12T15:15:01.039+0000] {logging_mixin.py:190} INFO - [2024-09-12T15:15:01.039+0000] {dagbag.py:587} INFO - Filling up the DagBag from /home/airflow/.local/lib/python3.12/site-packages/airflow/example_dags/example_latest_only.py
[2024-09-12T15:15:01.168+0000] {processor.py:925} INFO - DAG(s) 'latest_only' retrieved from /home/airflow/.local/lib/python3.12/site-packages/airflow/example_dags/example_latest_only.py
[2024-09-12T15:15:01.464+0000] {logging_mixin.py:190} INFO - [2024-09-12T15:15:01.463+0000] {dag.py:3211} INFO - Sync 1 DAGs
[2024-09-12T15:15:01.929+0000] {logging_mixin.py:190} INFO - [2024-09-12T15:15:01.928+0000] {dag.py:4138} INFO - Setting next_dagrun for latest_only to 2024-09-12 08:00:00+00:00, run_after=2024-09-12 12:00:00+00:00
[2024-09-12T15:15:02.078+0000] {processor.py:208} INFO - Processing /home/airflow/.local/lib/python3.12/site-packages/airflow/example_dags/example_latest_only.py took 1.193 seconds
[2024-09-12T15:15:55.469+0000] {processor.py:186} INFO - Started process (PID=158) to work on /home/airflow/.local/lib/python3.12/site-packages/airflow/example_dags/example_latest_only.py
[2024-09-12T15:15:55.496+0000] {processor.py:914} INFO - Processing file /home/airflow/.local/lib/python3.12/site-packages/airflow/example_dags/example_latest_only.py for tasks to queue
[2024-09-12T15:15:55.535+0000] {logging_mixin.py:190} INFO - [2024-09-12T15:15:55.534+0000] {dagbag.py:587} INFO - Filling up the DagBag from /home/airflow/.local/lib/python3.12/site-packages/airflow/example_dags/example_latest_only.py
[2024-09-12T15:15:55.609+0000] {processor.py:925} INFO - DAG(s) 'latest_only' retrieved from /home/airflow/.local/lib/python3.12/site-packages/airflow/example_dags/example_latest_only.py
[2024-09-12T15:15:56.317+0000] {logging_mixin.py:190} INFO - [2024-09-12T15:15:56.317+0000] {dag.py:3211} INFO - Sync 1 DAGs
[2024-09-12T15:15:56.975+0000] {logging_mixin.py:190} INFO - [2024-09-12T15:15:56.975+0000] {dag.py:4138} INFO - Setting next_dagrun for latest_only to 2024-09-12 08:00:00+00:00, run_after=2024-09-12 12:00:00+00:00
[2024-09-12T15:15:57.124+0000] {processor.py:208} INFO - Processing /home/airflow/.local/lib/python3.12/site-packages/airflow/example_dags/example_latest_only.py took 1.759 seconds
[2024-09-12T15:16:59.089+0000] {processor.py:186} INFO - Started process (PID=219) to work on /home/airflow/.local/lib/python3.12/site-packages/airflow/example_dags/example_latest_only.py
[2024-09-12T15:16:59.104+0000] {processor.py:914} INFO - Processing file /home/airflow/.local/lib/python3.12/site-packages/airflow/example_dags/example_latest_only.py for tasks to queue
[2024-09-12T15:16:59.142+0000] {logging_mixin.py:190} INFO - [2024-09-12T15:16:59.142+0000] {dagbag.py:587} INFO - Filling up the DagBag from /home/airflow/.local/lib/python3.12/site-packages/airflow/example_dags/example_latest_only.py
[2024-09-12T15:16:59.273+0000] {processor.py:925} INFO - DAG(s) 'latest_only' retrieved from /home/airflow/.local/lib/python3.12/site-packages/airflow/example_dags/example_latest_only.py
[2024-09-12T15:16:59.588+0000] {logging_mixin.py:190} INFO - [2024-09-12T15:16:59.576+0000] {dag.py:3211} INFO - Sync 1 DAGs
[2024-09-12T15:16:59.868+0000] {logging_mixin.py:190} INFO - [2024-09-12T15:16:59.867+0000] {dag.py:4138} INFO - Setting next_dagrun for latest_only to 2024-09-12 08:00:00+00:00, run_after=2024-09-12 12:00:00+00:00
[2024-09-12T15:17:00.024+0000] {processor.py:208} INFO - Processing /home/airflow/.local/lib/python3.12/site-packages/airflow/example_dags/example_latest_only.py took 1.057 seconds
[2024-09-12T15:17:35.683+0000] {processor.py:186} INFO - Started process (PID=263) to work on /home/airflow/.local/lib/python3.12/site-packages/airflow/example_dags/example_latest_only.py
[2024-09-12T15:17:35.686+0000] {processor.py:914} INFO - Processing file /home/airflow/.local/lib/python3.12/site-packages/airflow/example_dags/example_latest_only.py for tasks to queue
[2024-09-12T15:17:35.708+0000] {logging_mixin.py:190} INFO - [2024-09-12T15:17:35.708+0000] {dagbag.py:587} INFO - Filling up the DagBag from /home/airflow/.local/lib/python3.12/site-packages/airflow/example_dags/example_latest_only.py
[2024-09-12T15:17:35.806+0000] {processor.py:925} INFO - DAG(s) 'latest_only' retrieved from /home/airflow/.local/lib/python3.12/site-packages/airflow/example_dags/example_latest_only.py
[2024-09-12T15:17:36.147+0000] {logging_mixin.py:190} INFO - [2024-09-12T15:17:36.146+0000] {dag.py:3211} INFO - Sync 1 DAGs
[2024-09-12T15:17:36.471+0000] {logging_mixin.py:190} INFO - [2024-09-12T15:17:36.470+0000] {dag.py:4138} INFO - Setting next_dagrun for latest_only to 2024-09-12 08:00:00+00:00, run_after=2024-09-12 12:00:00+00:00
[2024-09-12T15:17:36.880+0000] {processor.py:208} INFO - Processing /home/airflow/.local/lib/python3.12/site-packages/airflow/example_dags/example_latest_only.py took 1.270 seconds
[2024-09-12T15:18:24.870+0000] {processor.py:186} INFO - Started process (PID=323) to work on /home/airflow/.local/lib/python3.12/site-packages/airflow/example_dags/example_latest_only.py
[2024-09-12T15:18:24.882+0000] {processor.py:914} INFO - Processing file /home/airflow/.local/lib/python3.12/site-packages/airflow/example_dags/example_latest_only.py for tasks to queue
[2024-09-12T15:18:24.925+0000] {logging_mixin.py:190} INFO - [2024-09-12T15:18:24.924+0000] {dagbag.py:587} INFO - Filling up the DagBag from /home/airflow/.local/lib/python3.12/site-packages/airflow/example_dags/example_latest_only.py
[2024-09-12T15:18:25.062+0000] {processor.py:925} INFO - DAG(s) 'latest_only' retrieved from /home/airflow/.local/lib/python3.12/site-packages/airflow/example_dags/example_latest_only.py
[2024-09-12T15:18:25.236+0000] {logging_mixin.py:190} INFO - [2024-09-12T15:18:25.235+0000] {dag.py:3211} INFO - Sync 1 DAGs
[2024-09-12T15:18:25.622+0000] {logging_mixin.py:190} INFO - [2024-09-12T15:18:25.615+0000] {dag.py:4138} INFO - Setting next_dagrun for latest_only to 2024-09-12 08:00:00+00:00, run_after=2024-09-12 12:00:00+00:00
[2024-09-12T15:18:25.857+0000] {processor.py:208} INFO - Processing /home/airflow/.local/lib/python3.12/site-packages/airflow/example_dags/example_latest_only.py took 1.114 seconds
[2024-09-12T15:19:18.545+0000] {processor.py:186} INFO - Started process (PID=383) to work on /home/airflow/.local/lib/python3.12/site-packages/airflow/example_dags/example_latest_only.py
[2024-09-12T15:19:18.605+0000] {processor.py:914} INFO - Processing file /home/airflow/.local/lib/python3.12/site-packages/airflow/example_dags/example_latest_only.py for tasks to queue
[2024-09-12T15:19:18.622+0000] {logging_mixin.py:190} INFO - [2024-09-12T15:19:18.621+0000] {dagbag.py:587} INFO - Filling up the DagBag from /home/airflow/.local/lib/python3.12/site-packages/airflow/example_dags/example_latest_only.py
[2024-09-12T15:19:18.733+0000] {processor.py:925} INFO - DAG(s) 'latest_only' retrieved from /home/airflow/.local/lib/python3.12/site-packages/airflow/example_dags/example_latest_only.py
[2024-09-12T15:19:19.150+0000] {logging_mixin.py:190} INFO - [2024-09-12T15:19:19.150+0000] {dag.py:3211} INFO - Sync 1 DAGs
[2024-09-12T15:19:19.647+0000] {logging_mixin.py:190} INFO - [2024-09-12T15:19:19.647+0000] {dag.py:4138} INFO - Setting next_dagrun for latest_only to 2024-09-12 08:00:00+00:00, run_after=2024-09-12 12:00:00+00:00
[2024-09-12T15:19:19.889+0000] {processor.py:208} INFO - Processing /home/airflow/.local/lib/python3.12/site-packages/airflow/example_dags/example_latest_only.py took 1.395 seconds
[2024-09-12T15:20:04.955+0000] {processor.py:186} INFO - Started process (PID=451) to work on /home/airflow/.local/lib/python3.12/site-packages/airflow/example_dags/example_latest_only.py
[2024-09-12T15:20:05.015+0000] {processor.py:914} INFO - Processing file /home/airflow/.local/lib/python3.12/site-packages/airflow/example_dags/example_latest_only.py for tasks to queue
[2024-09-12T15:20:05.033+0000] {logging_mixin.py:190} INFO - [2024-09-12T15:20:05.032+0000] {dagbag.py:587} INFO - Filling up the DagBag from /home/airflow/.local/lib/python3.12/site-packages/airflow/example_dags/example_latest_only.py
[2024-09-12T15:20:05.256+0000] {processor.py:925} INFO - DAG(s) 'latest_only' retrieved from /home/airflow/.local/lib/python3.12/site-packages/airflow/example_dags/example_latest_only.py
[2024-09-12T15:20:05.685+0000] {logging_mixin.py:190} INFO - [2024-09-12T15:20:05.684+0000] {dag.py:3211} INFO - Sync 1 DAGs
[2024-09-12T15:20:06.084+0000] {logging_mixin.py:190} INFO - [2024-09-12T15:20:06.083+0000] {dag.py:4138} INFO - Setting next_dagrun for latest_only to 2024-09-12 08:00:00+00:00, run_after=2024-09-12 12:00:00+00:00
[2024-09-12T15:20:06.703+0000] {processor.py:208} INFO - Processing /home/airflow/.local/lib/python3.12/site-packages/airflow/example_dags/example_latest_only.py took 1.864 seconds
[2024-09-12T15:20:41.276+0000] {processor.py:186} INFO - Started process (PID=499) to work on /home/airflow/.local/lib/python3.12/site-packages/airflow/example_dags/example_latest_only.py
[2024-09-12T15:20:41.291+0000] {processor.py:914} INFO - Processing file /home/airflow/.local/lib/python3.12/site-packages/airflow/example_dags/example_latest_only.py for tasks to queue
[2024-09-12T15:20:41.319+0000] {logging_mixin.py:190} INFO - [2024-09-12T15:20:41.314+0000] {dagbag.py:587} INFO - Filling up the DagBag from /home/airflow/.local/lib/python3.12/site-packages/airflow/example_dags/example_latest_only.py
[2024-09-12T15:20:41.384+0000] {processor.py:925} INFO - DAG(s) 'latest_only' retrieved from /home/airflow/.local/lib/python3.12/site-packages/airflow/example_dags/example_latest_only.py
[2024-09-12T15:20:41.647+0000] {logging_mixin.py:190} INFO - [2024-09-12T15:20:41.647+0000] {dag.py:3211} INFO - Sync 1 DAGs
[2024-09-12T15:20:41.980+0000] {logging_mixin.py:190} INFO - [2024-09-12T15:20:41.980+0000] {dag.py:4138} INFO - Setting next_dagrun for latest_only to 2024-09-12 08:00:00+00:00, run_after=2024-09-12 12:00:00+00:00
[2024-09-12T15:20:42.115+0000] {processor.py:208} INFO - Processing /home/airflow/.local/lib/python3.12/site-packages/airflow/example_dags/example_latest_only.py took 0.895 seconds
[2024-09-12T15:21:41.076+0000] {processor.py:186} INFO - Started process (PID=563) to work on /home/airflow/.local/lib/python3.12/site-packages/airflow/example_dags/example_latest_only.py
[2024-09-12T15:21:41.082+0000] {processor.py:914} INFO - Processing file /home/airflow/.local/lib/python3.12/site-packages/airflow/example_dags/example_latest_only.py for tasks to queue
[2024-09-12T15:21:41.150+0000] {logging_mixin.py:190} INFO - [2024-09-12T15:21:41.150+0000] {dagbag.py:587} INFO - Filling up the DagBag from /home/airflow/.local/lib/python3.12/site-packages/airflow/example_dags/example_latest_only.py
[2024-09-12T15:21:41.282+0000] {processor.py:925} INFO - DAG(s) 'latest_only' retrieved from /home/airflow/.local/lib/python3.12/site-packages/airflow/example_dags/example_latest_only.py
[2024-09-12T15:21:41.718+0000] {logging_mixin.py:190} INFO - [2024-09-12T15:21:41.718+0000] {dag.py:3211} INFO - Sync 1 DAGs
[2024-09-12T15:21:42.243+0000] {logging_mixin.py:190} INFO - [2024-09-12T15:21:42.242+0000] {dag.py:4138} INFO - Setting next_dagrun for latest_only to 2024-09-12 08:00:00+00:00, run_after=2024-09-12 12:00:00+00:00
[2024-09-12T15:21:42.545+0000] {processor.py:208} INFO - Processing /home/airflow/.local/lib/python3.12/site-packages/airflow/example_dags/example_latest_only.py took 1.550 seconds
[2024-09-12T15:22:33.662+0000] {processor.py:186} INFO - Started process (PID=624) to work on /home/airflow/.local/lib/python3.12/site-packages/airflow/example_dags/example_latest_only.py
[2024-09-12T15:22:33.677+0000] {processor.py:914} INFO - Processing file /home/airflow/.local/lib/python3.12/site-packages/airflow/example_dags/example_latest_only.py for tasks to queue
[2024-09-12T15:22:33.691+0000] {logging_mixin.py:190} INFO - [2024-09-12T15:22:33.690+0000] {dagbag.py:587} INFO - Filling up the DagBag from /home/airflow/.local/lib/python3.12/site-packages/airflow/example_dags/example_latest_only.py
[2024-09-12T15:22:33.738+0000] {processor.py:925} INFO - DAG(s) 'latest_only' retrieved from /home/airflow/.local/lib/python3.12/site-packages/airflow/example_dags/example_latest_only.py
[2024-09-12T15:22:33.921+0000] {logging_mixin.py:190} INFO - [2024-09-12T15:22:33.920+0000] {dag.py:3211} INFO - Sync 1 DAGs
[2024-09-12T15:22:34.126+0000] {logging_mixin.py:190} INFO - [2024-09-12T15:22:34.126+0000] {dag.py:4138} INFO - Setting next_dagrun for latest_only to 2024-09-12 08:00:00+00:00, run_after=2024-09-12 12:00:00+00:00
[2024-09-12T15:22:34.513+0000] {processor.py:208} INFO - Processing /home/airflow/.local/lib/python3.12/site-packages/airflow/example_dags/example_latest_only.py took 0.919 seconds
[2024-09-12T15:23:31.702+0000] {processor.py:186} INFO - Started process (PID=696) to work on /home/airflow/.local/lib/python3.12/site-packages/airflow/example_dags/example_latest_only.py
[2024-09-12T15:23:31.730+0000] {processor.py:914} INFO - Processing file /home/airflow/.local/lib/python3.12/site-packages/airflow/example_dags/example_latest_only.py for tasks to queue
[2024-09-12T15:23:31.751+0000] {logging_mixin.py:190} INFO - [2024-09-12T15:23:31.750+0000] {dagbag.py:587} INFO - Filling up the DagBag from /home/airflow/.local/lib/python3.12/site-packages/airflow/example_dags/example_latest_only.py
[2024-09-12T15:23:31.818+0000] {processor.py:925} INFO - DAG(s) 'latest_only' retrieved from /home/airflow/.local/lib/python3.12/site-packages/airflow/example_dags/example_latest_only.py
[2024-09-12T15:23:31.945+0000] {logging_mixin.py:190} INFO - [2024-09-12T15:23:31.945+0000] {dag.py:3211} INFO - Sync 1 DAGs
[2024-09-12T15:23:32.105+0000] {logging_mixin.py:190} INFO - [2024-09-12T15:23:32.105+0000] {dag.py:4138} INFO - Setting next_dagrun for latest_only to 2024-09-12 08:00:00+00:00, run_after=2024-09-12 12:00:00+00:00
[2024-09-12T15:23:32.239+0000] {processor.py:208} INFO - Processing /home/airflow/.local/lib/python3.12/site-packages/airflow/example_dags/example_latest_only.py took 0.586 seconds
[2024-09-12T15:24:47.899+0000] {processor.py:186} INFO - Started process (PID=777) to work on /home/airflow/.local/lib/python3.12/site-packages/airflow/example_dags/example_latest_only.py
[2024-09-12T15:24:47.970+0000] {processor.py:914} INFO - Processing file /home/airflow/.local/lib/python3.12/site-packages/airflow/example_dags/example_latest_only.py for tasks to queue
[2024-09-12T15:24:48.058+0000] {logging_mixin.py:190} INFO - [2024-09-12T15:24:48.057+0000] {dagbag.py:587} INFO - Filling up the DagBag from /home/airflow/.local/lib/python3.12/site-packages/airflow/example_dags/example_latest_only.py
[2024-09-12T15:24:48.270+0000] {processor.py:925} INFO - DAG(s) 'latest_only' retrieved from /home/airflow/.local/lib/python3.12/site-packages/airflow/example_dags/example_latest_only.py
[2024-09-12T15:24:48.798+0000] {logging_mixin.py:190} INFO - [2024-09-12T15:24:48.798+0000] {dag.py:3211} INFO - Sync 1 DAGs
[2024-09-12T15:24:49.313+0000] {logging_mixin.py:190} INFO - [2024-09-12T15:24:49.312+0000] {dag.py:4138} INFO - Setting next_dagrun for latest_only to 2024-09-12 08:00:00+00:00, run_after=2024-09-12 12:00:00+00:00
[2024-09-12T15:24:49.597+0000] {processor.py:208} INFO - Processing /home/airflow/.local/lib/python3.12/site-packages/airflow/example_dags/example_latest_only.py took 1.833 seconds
[2024-09-12T15:26:45.415+0000] {processor.py:186} INFO - Started process (PID=863) to work on /home/airflow/.local/lib/python3.12/site-packages/airflow/example_dags/example_latest_only.py
[2024-09-12T15:26:45.433+0000] {processor.py:914} INFO - Processing file /home/airflow/.local/lib/python3.12/site-packages/airflow/example_dags/example_latest_only.py for tasks to queue
[2024-09-12T15:26:45.450+0000] {logging_mixin.py:190} INFO - [2024-09-12T15:26:45.450+0000] {dagbag.py:587} INFO - Filling up the DagBag from /home/airflow/.local/lib/python3.12/site-packages/airflow/example_dags/example_latest_only.py
[2024-09-12T15:26:45.525+0000] {processor.py:925} INFO - DAG(s) 'latest_only' retrieved from /home/airflow/.local/lib/python3.12/site-packages/airflow/example_dags/example_latest_only.py
[2024-09-12T15:26:45.728+0000] {logging_mixin.py:190} INFO - [2024-09-12T15:26:45.720+0000] {dag.py:3211} INFO - Sync 1 DAGs
[2024-09-12T15:26:45.996+0000] {logging_mixin.py:190} INFO - [2024-09-12T15:26:45.995+0000] {dag.py:4138} INFO - Setting next_dagrun for latest_only to 2024-09-12 08:00:00+00:00, run_after=2024-09-12 12:00:00+00:00
[2024-09-12T15:26:46.475+0000] {processor.py:208} INFO - Processing /home/airflow/.local/lib/python3.12/site-packages/airflow/example_dags/example_latest_only.py took 1.141 seconds
[2024-09-12T15:27:42.095+0000] {processor.py:186} INFO - Started process (PID=935) to work on /home/airflow/.local/lib/python3.12/site-packages/airflow/example_dags/example_latest_only.py
[2024-09-12T15:27:42.113+0000] {processor.py:914} INFO - Processing file /home/airflow/.local/lib/python3.12/site-packages/airflow/example_dags/example_latest_only.py for tasks to queue
[2024-09-12T15:27:42.123+0000] {logging_mixin.py:190} INFO - [2024-09-12T15:27:42.123+0000] {dagbag.py:587} INFO - Filling up the DagBag from /home/airflow/.local/lib/python3.12/site-packages/airflow/example_dags/example_latest_only.py
[2024-09-12T15:27:42.156+0000] {processor.py:925} INFO - DAG(s) 'latest_only' retrieved from /home/airflow/.local/lib/python3.12/site-packages/airflow/example_dags/example_latest_only.py
[2024-09-12T15:27:42.229+0000] {logging_mixin.py:190} INFO - [2024-09-12T15:27:42.228+0000] {dag.py:3211} INFO - Sync 1 DAGs
[2024-09-12T15:27:42.398+0000] {logging_mixin.py:190} INFO - [2024-09-12T15:27:42.386+0000] {dag.py:4138} INFO - Setting next_dagrun for latest_only to 2024-09-12 08:00:00+00:00, run_after=2024-09-12 12:00:00+00:00
[2024-09-12T15:27:42.779+0000] {processor.py:208} INFO - Processing /home/airflow/.local/lib/python3.12/site-packages/airflow/example_dags/example_latest_only.py took 0.713 seconds
[2024-09-12T15:28:25.438+0000] {processor.py:186} INFO - Started process (PID=989) to work on /home/airflow/.local/lib/python3.12/site-packages/airflow/example_dags/example_latest_only.py
[2024-09-12T15:28:25.468+0000] {processor.py:914} INFO - Processing file /home/airflow/.local/lib/python3.12/site-packages/airflow/example_dags/example_latest_only.py for tasks to queue
[2024-09-12T15:28:25.487+0000] {logging_mixin.py:190} INFO - [2024-09-12T15:28:25.485+0000] {dagbag.py:587} INFO - Filling up the DagBag from /home/airflow/.local/lib/python3.12/site-packages/airflow/example_dags/example_latest_only.py
[2024-09-12T15:28:25.580+0000] {processor.py:925} INFO - DAG(s) 'latest_only' retrieved from /home/airflow/.local/lib/python3.12/site-packages/airflow/example_dags/example_latest_only.py
[2024-09-12T15:28:25.887+0000] {logging_mixin.py:190} INFO - [2024-09-12T15:28:25.887+0000] {dag.py:3211} INFO - Sync 1 DAGs
[2024-09-12T15:28:26.083+0000] {logging_mixin.py:190} INFO - [2024-09-12T15:28:26.083+0000] {dag.py:4138} INFO - Setting next_dagrun for latest_only to 2024-09-12 08:00:00+00:00, run_after=2024-09-12 12:00:00+00:00
[2024-09-12T15:28:26.222+0000] {processor.py:208} INFO - Processing /home/airflow/.local/lib/python3.12/site-packages/airflow/example_dags/example_latest_only.py took 0.882 seconds
[2024-09-12T15:29:15.612+0000] {processor.py:186} INFO - Started process (PID=1059) to work on /home/airflow/.local/lib/python3.12/site-packages/airflow/example_dags/example_latest_only.py
[2024-09-12T15:29:15.620+0000] {processor.py:914} INFO - Processing file /home/airflow/.local/lib/python3.12/site-packages/airflow/example_dags/example_latest_only.py for tasks to queue
[2024-09-12T15:29:15.638+0000] {logging_mixin.py:190} INFO - [2024-09-12T15:29:15.637+0000] {dagbag.py:587} INFO - Filling up the DagBag from /home/airflow/.local/lib/python3.12/site-packages/airflow/example_dags/example_latest_only.py
[2024-09-12T15:29:15.696+0000] {processor.py:925} INFO - DAG(s) 'latest_only' retrieved from /home/airflow/.local/lib/python3.12/site-packages/airflow/example_dags/example_latest_only.py
[2024-09-12T15:29:15.877+0000] {logging_mixin.py:190} INFO - [2024-09-12T15:29:15.876+0000] {dag.py:3211} INFO - Sync 1 DAGs
[2024-09-12T15:29:16.059+0000] {logging_mixin.py:190} INFO - [2024-09-12T15:29:16.058+0000] {dag.py:4138} INFO - Setting next_dagrun for latest_only to 2024-09-12 08:00:00+00:00, run_after=2024-09-12 12:00:00+00:00
[2024-09-12T15:29:16.224+0000] {processor.py:208} INFO - Processing /home/airflow/.local/lib/python3.12/site-packages/airflow/example_dags/example_latest_only.py took 0.699 seconds
[2024-09-12T15:31:00.834+0000] {processor.py:186} INFO - Started process (PID=1140) to work on /home/airflow/.local/lib/python3.12/site-packages/airflow/example_dags/example_latest_only.py
[2024-09-12T15:31:00.838+0000] {processor.py:914} INFO - Processing file /home/airflow/.local/lib/python3.12/site-packages/airflow/example_dags/example_latest_only.py for tasks to queue
[2024-09-12T15:31:00.847+0000] {logging_mixin.py:190} INFO - [2024-09-12T15:31:00.846+0000] {dagbag.py:587} INFO - Filling up the DagBag from /home/airflow/.local/lib/python3.12/site-packages/airflow/example_dags/example_latest_only.py
[2024-09-12T15:31:00.997+0000] {processor.py:925} INFO - DAG(s) 'latest_only' retrieved from /home/airflow/.local/lib/python3.12/site-packages/airflow/example_dags/example_latest_only.py
[2024-09-12T15:31:01.418+0000] {logging_mixin.py:190} INFO - [2024-09-12T15:31:01.418+0000] {dag.py:3211} INFO - Sync 1 DAGs
[2024-09-12T15:31:01.798+0000] {logging_mixin.py:190} INFO - [2024-09-12T15:31:01.798+0000] {dag.py:4138} INFO - Setting next_dagrun for latest_only to 2024-09-12 08:00:00+00:00, run_after=2024-09-12 12:00:00+00:00
[2024-09-12T15:31:01.981+0000] {processor.py:208} INFO - Processing /home/airflow/.local/lib/python3.12/site-packages/airflow/example_dags/example_latest_only.py took 1.285 seconds
[2024-09-12T15:31:46.785+0000] {processor.py:186} INFO - Started process (PID=1200) to work on /home/airflow/.local/lib/python3.12/site-packages/airflow/example_dags/example_latest_only.py
[2024-09-12T15:31:46.841+0000] {processor.py:914} INFO - Processing file /home/airflow/.local/lib/python3.12/site-packages/airflow/example_dags/example_latest_only.py for tasks to queue
[2024-09-12T15:31:46.848+0000] {logging_mixin.py:190} INFO - [2024-09-12T15:31:46.847+0000] {dagbag.py:587} INFO - Filling up the DagBag from /home/airflow/.local/lib/python3.12/site-packages/airflow/example_dags/example_latest_only.py
[2024-09-12T15:31:46.892+0000] {processor.py:925} INFO - DAG(s) 'latest_only' retrieved from /home/airflow/.local/lib/python3.12/site-packages/airflow/example_dags/example_latest_only.py
[2024-09-12T15:31:47.044+0000] {logging_mixin.py:190} INFO - [2024-09-12T15:31:47.043+0000] {dag.py:3211} INFO - Sync 1 DAGs
[2024-09-12T15:31:47.204+0000] {logging_mixin.py:190} INFO - [2024-09-12T15:31:47.203+0000] {dag.py:4138} INFO - Setting next_dagrun for latest_only to 2024-09-12 08:00:00+00:00, run_after=2024-09-12 12:00:00+00:00
[2024-09-12T15:31:47.312+0000] {processor.py:208} INFO - Processing /home/airflow/.local/lib/python3.12/site-packages/airflow/example_dags/example_latest_only.py took 0.556 seconds
[2024-09-12T15:32:30.065+0000] {processor.py:186} INFO - Started process (PID=1265) to work on /home/airflow/.local/lib/python3.12/site-packages/airflow/example_dags/example_latest_only.py
[2024-09-12T15:32:30.080+0000] {processor.py:914} INFO - Processing file /home/airflow/.local/lib/python3.12/site-packages/airflow/example_dags/example_latest_only.py for tasks to queue
[2024-09-12T15:32:30.099+0000] {logging_mixin.py:190} INFO - [2024-09-12T15:32:30.098+0000] {dagbag.py:587} INFO - Filling up the DagBag from /home/airflow/.local/lib/python3.12/site-packages/airflow/example_dags/example_latest_only.py
[2024-09-12T15:32:30.177+0000] {processor.py:925} INFO - DAG(s) 'latest_only' retrieved from /home/airflow/.local/lib/python3.12/site-packages/airflow/example_dags/example_latest_only.py
[2024-09-12T15:32:30.319+0000] {logging_mixin.py:190} INFO - [2024-09-12T15:32:30.319+0000] {dag.py:3211} INFO - Sync 1 DAGs
[2024-09-12T15:32:30.611+0000] {logging_mixin.py:190} INFO - [2024-09-12T15:32:30.558+0000] {dag.py:4138} INFO - Setting next_dagrun for latest_only to 2024-09-12 08:00:00+00:00, run_after=2024-09-12 12:00:00+00:00
[2024-09-12T15:32:30.764+0000] {processor.py:208} INFO - Processing /home/airflow/.local/lib/python3.12/site-packages/airflow/example_dags/example_latest_only.py took 0.722 seconds
[2024-09-12T15:33:10.577+0000] {processor.py:186} INFO - Started process (PID=1308) to work on /home/airflow/.local/lib/python3.12/site-packages/airflow/example_dags/example_latest_only.py
[2024-09-12T15:33:10.582+0000] {processor.py:914} INFO - Processing file /home/airflow/.local/lib/python3.12/site-packages/airflow/example_dags/example_latest_only.py for tasks to queue
[2024-09-12T15:33:10.586+0000] {logging_mixin.py:190} INFO - [2024-09-12T15:33:10.585+0000] {dagbag.py:587} INFO - Filling up the DagBag from /home/airflow/.local/lib/python3.12/site-packages/airflow/example_dags/example_latest_only.py
[2024-09-12T15:33:10.653+0000] {processor.py:925} INFO - DAG(s) 'latest_only' retrieved from /home/airflow/.local/lib/python3.12/site-packages/airflow/example_dags/example_latest_only.py
[2024-09-12T15:33:10.824+0000] {logging_mixin.py:190} INFO - [2024-09-12T15:33:10.823+0000] {dag.py:3211} INFO - Sync 1 DAGs
[2024-09-12T15:33:11.012+0000] {logging_mixin.py:190} INFO - [2024-09-12T15:33:11.012+0000] {dag.py:4138} INFO - Setting next_dagrun for latest_only to 2024-09-12 08:00:00+00:00, run_after=2024-09-12 12:00:00+00:00
[2024-09-12T15:33:11.091+0000] {processor.py:208} INFO - Processing /home/airflow/.local/lib/python3.12/site-packages/airflow/example_dags/example_latest_only.py took 0.537 seconds
[2024-09-12T15:33:52.876+0000] {processor.py:186} INFO - Started process (PID=1373) to work on /home/airflow/.local/lib/python3.12/site-packages/airflow/example_dags/example_latest_only.py
[2024-09-12T15:33:52.889+0000] {processor.py:914} INFO - Processing file /home/airflow/.local/lib/python3.12/site-packages/airflow/example_dags/example_latest_only.py for tasks to queue
[2024-09-12T15:33:52.922+0000] {logging_mixin.py:190} INFO - [2024-09-12T15:33:52.921+0000] {dagbag.py:587} INFO - Filling up the DagBag from /home/airflow/.local/lib/python3.12/site-packages/airflow/example_dags/example_latest_only.py
[2024-09-12T15:33:53.013+0000] {processor.py:925} INFO - DAG(s) 'latest_only' retrieved from /home/airflow/.local/lib/python3.12/site-packages/airflow/example_dags/example_latest_only.py
[2024-09-12T15:33:53.259+0000] {logging_mixin.py:190} INFO - [2024-09-12T15:33:53.258+0000] {dag.py:3211} INFO - Sync 1 DAGs
[2024-09-12T15:33:53.556+0000] {logging_mixin.py:190} INFO - [2024-09-12T15:33:53.555+0000] {dag.py:4138} INFO - Setting next_dagrun for latest_only to 2024-09-12 08:00:00+00:00, run_after=2024-09-12 12:00:00+00:00
[2024-09-12T15:33:53.895+0000] {processor.py:208} INFO - Processing /home/airflow/.local/lib/python3.12/site-packages/airflow/example_dags/example_latest_only.py took 1.090 seconds
[2024-09-12T15:34:29.359+0000] {processor.py:186} INFO - Started process (PID=1440) to work on /home/airflow/.local/lib/python3.12/site-packages/airflow/example_dags/example_latest_only.py
[2024-09-12T15:34:29.361+0000] {processor.py:914} INFO - Processing file /home/airflow/.local/lib/python3.12/site-packages/airflow/example_dags/example_latest_only.py for tasks to queue
[2024-09-12T15:34:29.364+0000] {logging_mixin.py:190} INFO - [2024-09-12T15:34:29.363+0000] {dagbag.py:587} INFO - Filling up the DagBag from /home/airflow/.local/lib/python3.12/site-packages/airflow/example_dags/example_latest_only.py
[2024-09-12T15:34:29.413+0000] {processor.py:925} INFO - DAG(s) 'latest_only' retrieved from /home/airflow/.local/lib/python3.12/site-packages/airflow/example_dags/example_latest_only.py
[2024-09-12T15:34:29.555+0000] {logging_mixin.py:190} INFO - [2024-09-12T15:34:29.555+0000] {dag.py:3211} INFO - Sync 1 DAGs
[2024-09-12T15:34:29.764+0000] {logging_mixin.py:190} INFO - [2024-09-12T15:34:29.761+0000] {dag.py:4138} INFO - Setting next_dagrun for latest_only to 2024-09-12 08:00:00+00:00, run_after=2024-09-12 12:00:00+00:00
[2024-09-12T15:34:29.986+0000] {processor.py:208} INFO - Processing /home/airflow/.local/lib/python3.12/site-packages/airflow/example_dags/example_latest_only.py took 0.699 seconds
[2024-09-12T15:35:26.083+0000] {processor.py:186} INFO - Started process (PID=1507) to work on /home/airflow/.local/lib/python3.12/site-packages/airflow/example_dags/example_latest_only.py
[2024-09-12T15:35:26.098+0000] {processor.py:914} INFO - Processing file /home/airflow/.local/lib/python3.12/site-packages/airflow/example_dags/example_latest_only.py for tasks to queue
[2024-09-12T15:35:26.116+0000] {logging_mixin.py:190} INFO - [2024-09-12T15:35:26.115+0000] {dagbag.py:587} INFO - Filling up the DagBag from /home/airflow/.local/lib/python3.12/site-packages/airflow/example_dags/example_latest_only.py
[2024-09-12T15:35:26.435+0000] {processor.py:925} INFO - DAG(s) 'latest_only' retrieved from /home/airflow/.local/lib/python3.12/site-packages/airflow/example_dags/example_latest_only.py
[2024-09-12T15:35:26.916+0000] {logging_mixin.py:190} INFO - [2024-09-12T15:35:26.915+0000] {dag.py:3211} INFO - Sync 1 DAGs
[2024-09-12T15:35:28.269+0000] {logging_mixin.py:190} INFO - [2024-09-12T15:35:28.268+0000] {dag.py:4138} INFO - Setting next_dagrun for latest_only to 2024-09-12 08:00:00+00:00, run_after=2024-09-12 12:00:00+00:00
[2024-09-12T15:35:28.527+0000] {processor.py:208} INFO - Processing /home/airflow/.local/lib/python3.12/site-packages/airflow/example_dags/example_latest_only.py took 2.634 seconds
[2024-09-12T15:36:09.238+0000] {processor.py:186} INFO - Started process (PID=1557) to work on /home/airflow/.local/lib/python3.12/site-packages/airflow/example_dags/example_latest_only.py
[2024-09-12T15:36:09.253+0000] {processor.py:914} INFO - Processing file /home/airflow/.local/lib/python3.12/site-packages/airflow/example_dags/example_latest_only.py for tasks to queue
[2024-09-12T15:36:09.259+0000] {logging_mixin.py:190} INFO - [2024-09-12T15:36:09.258+0000] {dagbag.py:587} INFO - Filling up the DagBag from /home/airflow/.local/lib/python3.12/site-packages/airflow/example_dags/example_latest_only.py
[2024-09-12T15:36:09.508+0000] {processor.py:925} INFO - DAG(s) 'latest_only' retrieved from /home/airflow/.local/lib/python3.12/site-packages/airflow/example_dags/example_latest_only.py
[2024-09-12T15:36:09.873+0000] {logging_mixin.py:190} INFO - [2024-09-12T15:36:09.873+0000] {dag.py:3211} INFO - Sync 1 DAGs
[2024-09-12T15:36:10.812+0000] {logging_mixin.py:190} INFO - [2024-09-12T15:36:10.798+0000] {dag.py:4138} INFO - Setting next_dagrun for latest_only to 2024-09-12 08:00:00+00:00, run_after=2024-09-12 12:00:00+00:00
[2024-09-12T15:36:16.972+0000] {processor.py:208} INFO - Processing /home/airflow/.local/lib/python3.12/site-packages/airflow/example_dags/example_latest_only.py took 7.819 seconds
[2024-09-12T15:37:10.007+0000] {processor.py:186} INFO - Started process (PID=1626) to work on /home/airflow/.local/lib/python3.12/site-packages/airflow/example_dags/example_latest_only.py
[2024-09-12T15:37:10.023+0000] {processor.py:914} INFO - Processing file /home/airflow/.local/lib/python3.12/site-packages/airflow/example_dags/example_latest_only.py for tasks to queue
[2024-09-12T15:37:10.047+0000] {logging_mixin.py:190} INFO - [2024-09-12T15:37:10.044+0000] {dagbag.py:587} INFO - Filling up the DagBag from /home/airflow/.local/lib/python3.12/site-packages/airflow/example_dags/example_latest_only.py
[2024-09-12T15:37:10.093+0000] {processor.py:925} INFO - DAG(s) 'latest_only' retrieved from /home/airflow/.local/lib/python3.12/site-packages/airflow/example_dags/example_latest_only.py
[2024-09-12T15:37:10.227+0000] {logging_mixin.py:190} INFO - [2024-09-12T15:37:10.226+0000] {dag.py:3211} INFO - Sync 1 DAGs
[2024-09-12T15:37:10.474+0000] {logging_mixin.py:190} INFO - [2024-09-12T15:37:10.474+0000] {dag.py:4138} INFO - Setting next_dagrun for latest_only to 2024-09-12 08:00:00+00:00, run_after=2024-09-12 12:00:00+00:00
[2024-09-12T15:37:10.701+0000] {processor.py:208} INFO - Processing /home/airflow/.local/lib/python3.12/site-packages/airflow/example_dags/example_latest_only.py took 0.733 seconds
[2024-09-12T15:37:46.775+0000] {processor.py:186} INFO - Started process (PID=1670) to work on /home/airflow/.local/lib/python3.12/site-packages/airflow/example_dags/example_latest_only.py
[2024-09-12T15:37:46.789+0000] {processor.py:914} INFO - Processing file /home/airflow/.local/lib/python3.12/site-packages/airflow/example_dags/example_latest_only.py for tasks to queue
[2024-09-12T15:37:46.807+0000] {logging_mixin.py:190} INFO - [2024-09-12T15:37:46.806+0000] {dagbag.py:587} INFO - Filling up the DagBag from /home/airflow/.local/lib/python3.12/site-packages/airflow/example_dags/example_latest_only.py
[2024-09-12T15:37:47.085+0000] {processor.py:925} INFO - DAG(s) 'latest_only' retrieved from /home/airflow/.local/lib/python3.12/site-packages/airflow/example_dags/example_latest_only.py
[2024-09-12T15:37:47.512+0000] {logging_mixin.py:190} INFO - [2024-09-12T15:37:47.512+0000] {dag.py:3211} INFO - Sync 1 DAGs
[2024-09-12T15:37:48.142+0000] {logging_mixin.py:190} INFO - [2024-09-12T15:37:48.142+0000] {dag.py:4138} INFO - Setting next_dagrun for latest_only to 2024-09-12 08:00:00+00:00, run_after=2024-09-12 12:00:00+00:00
[2024-09-12T15:37:48.426+0000] {processor.py:208} INFO - Processing /home/airflow/.local/lib/python3.12/site-packages/airflow/example_dags/example_latest_only.py took 1.848 seconds
[2024-09-12T15:38:51.296+0000] {processor.py:186} INFO - Started process (PID=1721) to work on /home/airflow/.local/lib/python3.12/site-packages/airflow/example_dags/example_latest_only.py
[2024-09-12T15:38:51.303+0000] {processor.py:914} INFO - Processing file /home/airflow/.local/lib/python3.12/site-packages/airflow/example_dags/example_latest_only.py for tasks to queue
[2024-09-12T15:38:51.346+0000] {logging_mixin.py:190} INFO - [2024-09-12T15:38:51.315+0000] {dagbag.py:587} INFO - Filling up the DagBag from /home/airflow/.local/lib/python3.12/site-packages/airflow/example_dags/example_latest_only.py
[2024-09-12T15:38:51.462+0000] {processor.py:925} INFO - DAG(s) 'latest_only' retrieved from /home/airflow/.local/lib/python3.12/site-packages/airflow/example_dags/example_latest_only.py
[2024-09-12T15:38:51.732+0000] {logging_mixin.py:190} INFO - [2024-09-12T15:38:51.732+0000] {dag.py:3211} INFO - Sync 1 DAGs
[2024-09-12T15:38:52.128+0000] {logging_mixin.py:190} INFO - [2024-09-12T15:38:52.127+0000] {dag.py:4138} INFO - Setting next_dagrun for latest_only to 2024-09-12 08:00:00+00:00, run_after=2024-09-12 12:00:00+00:00
[2024-09-12T15:38:52.411+0000] {processor.py:208} INFO - Processing /home/airflow/.local/lib/python3.12/site-packages/airflow/example_dags/example_latest_only.py took 1.152 seconds
[2024-09-12T15:39:39.205+0000] {processor.py:186} INFO - Started process (PID=1769) to work on /home/airflow/.local/lib/python3.12/site-packages/airflow/example_dags/example_latest_only.py
[2024-09-12T15:39:39.212+0000] {processor.py:914} INFO - Processing file /home/airflow/.local/lib/python3.12/site-packages/airflow/example_dags/example_latest_only.py for tasks to queue
[2024-09-12T15:39:39.238+0000] {logging_mixin.py:190} INFO - [2024-09-12T15:39:39.237+0000] {dagbag.py:587} INFO - Filling up the DagBag from /home/airflow/.local/lib/python3.12/site-packages/airflow/example_dags/example_latest_only.py
[2024-09-12T15:39:39.389+0000] {processor.py:925} INFO - DAG(s) 'latest_only' retrieved from /home/airflow/.local/lib/python3.12/site-packages/airflow/example_dags/example_latest_only.py
[2024-09-12T15:39:39.600+0000] {logging_mixin.py:190} INFO - [2024-09-12T15:39:39.600+0000] {dag.py:3211} INFO - Sync 1 DAGs
[2024-09-12T15:39:39.831+0000] {logging_mixin.py:190} INFO - [2024-09-12T15:39:39.830+0000] {dag.py:4138} INFO - Setting next_dagrun for latest_only to 2024-09-12 08:00:00+00:00, run_after=2024-09-12 12:00:00+00:00
[2024-09-12T15:39:40.190+0000] {processor.py:208} INFO - Processing /home/airflow/.local/lib/python3.12/site-packages/airflow/example_dags/example_latest_only.py took 1.090 seconds
[2024-09-12T15:40:44.802+0000] {processor.py:186} INFO - Started process (PID=1820) to work on /home/airflow/.local/lib/python3.12/site-packages/airflow/example_dags/example_latest_only.py
[2024-09-12T15:40:44.944+0000] {processor.py:914} INFO - Processing file /home/airflow/.local/lib/python3.12/site-packages/airflow/example_dags/example_latest_only.py for tasks to queue
[2024-09-12T15:40:45.054+0000] {logging_mixin.py:190} INFO - [2024-09-12T15:40:44.994+0000] {dagbag.py:587} INFO - Filling up the DagBag from /home/airflow/.local/lib/python3.12/site-packages/airflow/example_dags/example_latest_only.py
[2024-09-12T15:40:45.624+0000] {processor.py:925} INFO - DAG(s) 'latest_only' retrieved from /home/airflow/.local/lib/python3.12/site-packages/airflow/example_dags/example_latest_only.py
[2024-09-12T15:40:45.995+0000] {logging_mixin.py:190} INFO - [2024-09-12T15:40:45.994+0000] {dag.py:3211} INFO - Sync 1 DAGs
[2024-09-12T15:40:46.886+0000] {logging_mixin.py:190} INFO - [2024-09-12T15:40:46.842+0000] {dag.py:4138} INFO - Setting next_dagrun for latest_only to 2024-09-12 08:00:00+00:00, run_after=2024-09-12 12:00:00+00:00
[2024-09-12T15:40:47.330+0000] {processor.py:208} INFO - Processing /home/airflow/.local/lib/python3.12/site-packages/airflow/example_dags/example_latest_only.py took 2.607 seconds
[2024-09-12T15:44:26.896+0000] {processor.py:186} INFO - Started process (PID=1891) to work on /home/airflow/.local/lib/python3.12/site-packages/airflow/example_dags/example_latest_only.py
[2024-09-12T15:44:26.915+0000] {processor.py:914} INFO - Processing file /home/airflow/.local/lib/python3.12/site-packages/airflow/example_dags/example_latest_only.py for tasks to queue
[2024-09-12T15:44:26.918+0000] {logging_mixin.py:190} INFO - [2024-09-12T15:44:26.917+0000] {dagbag.py:587} INFO - Filling up the DagBag from /home/airflow/.local/lib/python3.12/site-packages/airflow/example_dags/example_latest_only.py
[2024-09-12T15:44:27.007+0000] {processor.py:925} INFO - DAG(s) 'latest_only' retrieved from /home/airflow/.local/lib/python3.12/site-packages/airflow/example_dags/example_latest_only.py
[2024-09-12T15:44:27.299+0000] {logging_mixin.py:190} INFO - [2024-09-12T15:44:27.299+0000] {dag.py:3211} INFO - Sync 1 DAGs
[2024-09-12T15:44:27.527+0000] {logging_mixin.py:190} INFO - [2024-09-12T15:44:27.526+0000] {dag.py:4138} INFO - Setting next_dagrun for latest_only to 2024-09-12 08:00:00+00:00, run_after=2024-09-12 12:00:00+00:00
[2024-09-12T15:44:27.740+0000] {processor.py:208} INFO - Processing /home/airflow/.local/lib/python3.12/site-packages/airflow/example_dags/example_latest_only.py took 0.902 seconds
[2024-09-12T15:45:16.795+0000] {processor.py:186} INFO - Started process (PID=1955) to work on /home/airflow/.local/lib/python3.12/site-packages/airflow/example_dags/example_latest_only.py
[2024-09-12T15:45:16.840+0000] {processor.py:914} INFO - Processing file /home/airflow/.local/lib/python3.12/site-packages/airflow/example_dags/example_latest_only.py for tasks to queue
[2024-09-12T15:45:16.858+0000] {logging_mixin.py:190} INFO - [2024-09-12T15:45:16.857+0000] {dagbag.py:587} INFO - Filling up the DagBag from /home/airflow/.local/lib/python3.12/site-packages/airflow/example_dags/example_latest_only.py
[2024-09-12T15:45:16.963+0000] {processor.py:925} INFO - DAG(s) 'latest_only' retrieved from /home/airflow/.local/lib/python3.12/site-packages/airflow/example_dags/example_latest_only.py
[2024-09-12T15:45:17.148+0000] {logging_mixin.py:190} INFO - [2024-09-12T15:45:17.147+0000] {dag.py:3211} INFO - Sync 1 DAGs
[2024-09-12T15:45:17.466+0000] {logging_mixin.py:190} INFO - [2024-09-12T15:45:17.465+0000] {dag.py:4138} INFO - Setting next_dagrun for latest_only to 2024-09-12 08:00:00+00:00, run_after=2024-09-12 12:00:00+00:00
[2024-09-12T15:45:17.699+0000] {processor.py:208} INFO - Processing /home/airflow/.local/lib/python3.12/site-packages/airflow/example_dags/example_latest_only.py took 0.934 seconds
[2024-09-12T15:45:55.714+0000] {processor.py:186} INFO - Started process (PID=2007) to work on /home/airflow/.local/lib/python3.12/site-packages/airflow/example_dags/example_latest_only.py
[2024-09-12T15:45:55.728+0000] {processor.py:914} INFO - Processing file /home/airflow/.local/lib/python3.12/site-packages/airflow/example_dags/example_latest_only.py for tasks to queue
[2024-09-12T15:45:55.746+0000] {logging_mixin.py:190} INFO - [2024-09-12T15:45:55.745+0000] {dagbag.py:587} INFO - Filling up the DagBag from /home/airflow/.local/lib/python3.12/site-packages/airflow/example_dags/example_latest_only.py
[2024-09-12T15:45:55.833+0000] {processor.py:925} INFO - DAG(s) 'latest_only' retrieved from /home/airflow/.local/lib/python3.12/site-packages/airflow/example_dags/example_latest_only.py
[2024-09-12T15:45:55.984+0000] {logging_mixin.py:190} INFO - [2024-09-12T15:45:55.983+0000] {dag.py:3211} INFO - Sync 1 DAGs
[2024-09-12T15:45:56.181+0000] {logging_mixin.py:190} INFO - [2024-09-12T15:45:56.180+0000] {dag.py:4138} INFO - Setting next_dagrun for latest_only to 2024-09-12 08:00:00+00:00, run_after=2024-09-12 12:00:00+00:00
[2024-09-12T15:45:56.343+0000] {processor.py:208} INFO - Processing /home/airflow/.local/lib/python3.12/site-packages/airflow/example_dags/example_latest_only.py took 0.683 seconds
[2024-09-12T15:46:53.379+0000] {processor.py:186} INFO - Started process (PID=2078) to work on /home/airflow/.local/lib/python3.12/site-packages/airflow/example_dags/example_latest_only.py
[2024-09-12T15:46:53.383+0000] {processor.py:914} INFO - Processing file /home/airflow/.local/lib/python3.12/site-packages/airflow/example_dags/example_latest_only.py for tasks to queue
[2024-09-12T15:46:53.399+0000] {logging_mixin.py:190} INFO - [2024-09-12T15:46:53.398+0000] {dagbag.py:587} INFO - Filling up the DagBag from /home/airflow/.local/lib/python3.12/site-packages/airflow/example_dags/example_latest_only.py
[2024-09-12T15:46:53.464+0000] {processor.py:925} INFO - DAG(s) 'latest_only' retrieved from /home/airflow/.local/lib/python3.12/site-packages/airflow/example_dags/example_latest_only.py
[2024-09-12T15:46:53.635+0000] {logging_mixin.py:190} INFO - [2024-09-12T15:46:53.635+0000] {dag.py:3211} INFO - Sync 1 DAGs
[2024-09-12T15:46:53.826+0000] {logging_mixin.py:190} INFO - [2024-09-12T15:46:53.825+0000] {dag.py:4138} INFO - Setting next_dagrun for latest_only to 2024-09-12 08:00:00+00:00, run_after=2024-09-12 12:00:00+00:00
[2024-09-12T15:46:53.943+0000] {processor.py:208} INFO - Processing /home/airflow/.local/lib/python3.12/site-packages/airflow/example_dags/example_latest_only.py took 0.598 seconds
[2024-09-12T15:47:44.725+0000] {processor.py:186} INFO - Started process (PID=2137) to work on /home/airflow/.local/lib/python3.12/site-packages/airflow/example_dags/example_latest_only.py
[2024-09-12T15:47:44.745+0000] {processor.py:914} INFO - Processing file /home/airflow/.local/lib/python3.12/site-packages/airflow/example_dags/example_latest_only.py for tasks to queue
[2024-09-12T15:47:44.795+0000] {logging_mixin.py:190} INFO - [2024-09-12T15:47:44.778+0000] {dagbag.py:587} INFO - Filling up the DagBag from /home/airflow/.local/lib/python3.12/site-packages/airflow/example_dags/example_latest_only.py
[2024-09-12T15:47:45.013+0000] {processor.py:925} INFO - DAG(s) 'latest_only' retrieved from /home/airflow/.local/lib/python3.12/site-packages/airflow/example_dags/example_latest_only.py
[2024-09-12T15:47:45.422+0000] {logging_mixin.py:190} INFO - [2024-09-12T15:47:45.421+0000] {dag.py:3211} INFO - Sync 1 DAGs
[2024-09-12T15:47:45.624+0000] {logging_mixin.py:190} INFO - [2024-09-12T15:47:45.623+0000] {dag.py:4138} INFO - Setting next_dagrun for latest_only to 2024-09-12 08:00:00+00:00, run_after=2024-09-12 12:00:00+00:00
[2024-09-12T15:47:45.716+0000] {processor.py:208} INFO - Processing /home/airflow/.local/lib/python3.12/site-packages/airflow/example_dags/example_latest_only.py took 1.098 seconds
[2024-09-12T15:48:29.862+0000] {processor.py:186} INFO - Started process (PID=2203) to work on /home/airflow/.local/lib/python3.12/site-packages/airflow/example_dags/example_latest_only.py
[2024-09-12T15:48:29.873+0000] {processor.py:914} INFO - Processing file /home/airflow/.local/lib/python3.12/site-packages/airflow/example_dags/example_latest_only.py for tasks to queue
[2024-09-12T15:48:29.883+0000] {logging_mixin.py:190} INFO - [2024-09-12T15:48:29.882+0000] {dagbag.py:587} INFO - Filling up the DagBag from /home/airflow/.local/lib/python3.12/site-packages/airflow/example_dags/example_latest_only.py
[2024-09-12T15:48:29.956+0000] {processor.py:925} INFO - DAG(s) 'latest_only' retrieved from /home/airflow/.local/lib/python3.12/site-packages/airflow/example_dags/example_latest_only.py
[2024-09-12T15:48:30.118+0000] {logging_mixin.py:190} INFO - [2024-09-12T15:48:30.117+0000] {dag.py:3211} INFO - Sync 1 DAGs
[2024-09-12T15:48:30.303+0000] {logging_mixin.py:190} INFO - [2024-09-12T15:48:30.302+0000] {dag.py:4138} INFO - Setting next_dagrun for latest_only to 2024-09-12 08:00:00+00:00, run_after=2024-09-12 12:00:00+00:00
[2024-09-12T15:48:30.415+0000] {processor.py:208} INFO - Processing /home/airflow/.local/lib/python3.12/site-packages/airflow/example_dags/example_latest_only.py took 0.620 seconds
[2024-09-12T15:49:24.349+0000] {processor.py:186} INFO - Started process (PID=2255) to work on /home/airflow/.local/lib/python3.12/site-packages/airflow/example_dags/example_latest_only.py
[2024-09-12T15:49:24.363+0000] {processor.py:914} INFO - Processing file /home/airflow/.local/lib/python3.12/site-packages/airflow/example_dags/example_latest_only.py for tasks to queue
[2024-09-12T15:49:24.377+0000] {logging_mixin.py:190} INFO - [2024-09-12T15:49:24.366+0000] {dagbag.py:587} INFO - Filling up the DagBag from /home/airflow/.local/lib/python3.12/site-packages/airflow/example_dags/example_latest_only.py
[2024-09-12T15:49:24.476+0000] {processor.py:925} INFO - DAG(s) 'latest_only' retrieved from /home/airflow/.local/lib/python3.12/site-packages/airflow/example_dags/example_latest_only.py
[2024-09-12T15:49:25.143+0000] {logging_mixin.py:190} INFO - [2024-09-12T15:49:25.142+0000] {dag.py:3211} INFO - Sync 1 DAGs
[2024-09-12T15:49:25.396+0000] {logging_mixin.py:190} INFO - [2024-09-12T15:49:25.395+0000] {dag.py:4138} INFO - Setting next_dagrun for latest_only to 2024-09-12 08:00:00+00:00, run_after=2024-09-12 12:00:00+00:00
[2024-09-12T15:49:25.593+0000] {processor.py:208} INFO - Processing /home/airflow/.local/lib/python3.12/site-packages/airflow/example_dags/example_latest_only.py took 1.309 seconds
[2024-09-12T15:50:13.891+0000] {processor.py:186} INFO - Started process (PID=2326) to work on /home/airflow/.local/lib/python3.12/site-packages/airflow/example_dags/example_latest_only.py
[2024-09-12T15:50:13.895+0000] {processor.py:914} INFO - Processing file /home/airflow/.local/lib/python3.12/site-packages/airflow/example_dags/example_latest_only.py for tasks to queue
[2024-09-12T15:50:13.900+0000] {logging_mixin.py:190} INFO - [2024-09-12T15:50:13.899+0000] {dagbag.py:587} INFO - Filling up the DagBag from /home/airflow/.local/lib/python3.12/site-packages/airflow/example_dags/example_latest_only.py
[2024-09-12T15:50:13.939+0000] {processor.py:925} INFO - DAG(s) 'latest_only' retrieved from /home/airflow/.local/lib/python3.12/site-packages/airflow/example_dags/example_latest_only.py
[2024-09-12T15:50:14.061+0000] {logging_mixin.py:190} INFO - [2024-09-12T15:50:14.060+0000] {dag.py:3211} INFO - Sync 1 DAGs
[2024-09-12T15:50:14.235+0000] {logging_mixin.py:190} INFO - [2024-09-12T15:50:14.234+0000] {dag.py:4138} INFO - Setting next_dagrun for latest_only to 2024-09-12 08:00:00+00:00, run_after=2024-09-12 12:00:00+00:00
[2024-09-12T15:50:14.393+0000] {processor.py:208} INFO - Processing /home/airflow/.local/lib/python3.12/site-packages/airflow/example_dags/example_latest_only.py took 0.519 seconds
[2024-09-12T15:51:07.686+0000] {processor.py:186} INFO - Started process (PID=2381) to work on /home/airflow/.local/lib/python3.12/site-packages/airflow/example_dags/example_latest_only.py
[2024-09-12T15:51:07.690+0000] {processor.py:914} INFO - Processing file /home/airflow/.local/lib/python3.12/site-packages/airflow/example_dags/example_latest_only.py for tasks to queue
[2024-09-12T15:51:07.699+0000] {logging_mixin.py:190} INFO - [2024-09-12T15:51:07.696+0000] {dagbag.py:587} INFO - Filling up the DagBag from /home/airflow/.local/lib/python3.12/site-packages/airflow/example_dags/example_latest_only.py
[2024-09-12T15:51:07.787+0000] {processor.py:925} INFO - DAG(s) 'latest_only' retrieved from /home/airflow/.local/lib/python3.12/site-packages/airflow/example_dags/example_latest_only.py
[2024-09-12T15:51:13.487+0000] {logging_mixin.py:190} INFO - [2024-09-12T15:51:13.476+0000] {dag.py:3211} INFO - Sync 1 DAGs
[2024-09-12T15:51:14.053+0000] {logging_mixin.py:190} INFO - [2024-09-12T15:51:14.051+0000] {dag.py:4138} INFO - Setting next_dagrun for latest_only to 2024-09-12 08:00:00+00:00, run_after=2024-09-12 12:00:00+00:00
[2024-09-12T15:51:14.377+0000] {processor.py:208} INFO - Processing /home/airflow/.local/lib/python3.12/site-packages/airflow/example_dags/example_latest_only.py took 6.744 seconds
[2024-09-12T15:51:51.797+0000] {processor.py:186} INFO - Started process (PID=2432) to work on /home/airflow/.local/lib/python3.12/site-packages/airflow/example_dags/example_latest_only.py
[2024-09-12T15:51:51.800+0000] {processor.py:914} INFO - Processing file /home/airflow/.local/lib/python3.12/site-packages/airflow/example_dags/example_latest_only.py for tasks to queue
[2024-09-12T15:51:51.803+0000] {logging_mixin.py:190} INFO - [2024-09-12T15:51:51.802+0000] {dagbag.py:587} INFO - Filling up the DagBag from /home/airflow/.local/lib/python3.12/site-packages/airflow/example_dags/example_latest_only.py
[2024-09-12T15:51:51.886+0000] {processor.py:925} INFO - DAG(s) 'latest_only' retrieved from /home/airflow/.local/lib/python3.12/site-packages/airflow/example_dags/example_latest_only.py
[2024-09-12T15:51:52.093+0000] {logging_mixin.py:190} INFO - [2024-09-12T15:51:52.092+0000] {dag.py:3211} INFO - Sync 1 DAGs
[2024-09-12T15:51:52.446+0000] {logging_mixin.py:190} INFO - [2024-09-12T15:51:52.440+0000] {dag.py:4138} INFO - Setting next_dagrun for latest_only to 2024-09-12 08:00:00+00:00, run_after=2024-09-12 12:00:00+00:00
[2024-09-12T15:51:52.629+0000] {processor.py:208} INFO - Processing /home/airflow/.local/lib/python3.12/site-packages/airflow/example_dags/example_latest_only.py took 0.872 seconds
[2024-09-12T15:52:24.591+0000] {processor.py:186} INFO - Started process (PID=2497) to work on /home/airflow/.local/lib/python3.12/site-packages/airflow/example_dags/example_latest_only.py
[2024-09-12T15:52:24.593+0000] {processor.py:914} INFO - Processing file /home/airflow/.local/lib/python3.12/site-packages/airflow/example_dags/example_latest_only.py for tasks to queue
[2024-09-12T15:52:24.597+0000] {logging_mixin.py:190} INFO - [2024-09-12T15:52:24.595+0000] {dagbag.py:587} INFO - Filling up the DagBag from /home/airflow/.local/lib/python3.12/site-packages/airflow/example_dags/example_latest_only.py
[2024-09-12T15:52:24.645+0000] {processor.py:925} INFO - DAG(s) 'latest_only' retrieved from /home/airflow/.local/lib/python3.12/site-packages/airflow/example_dags/example_latest_only.py
[2024-09-12T15:52:24.763+0000] {logging_mixin.py:190} INFO - [2024-09-12T15:52:24.763+0000] {dag.py:3211} INFO - Sync 1 DAGs
[2024-09-12T15:52:24.897+0000] {logging_mixin.py:190} INFO - [2024-09-12T15:52:24.896+0000] {dag.py:4138} INFO - Setting next_dagrun for latest_only to 2024-09-12 08:00:00+00:00, run_after=2024-09-12 12:00:00+00:00
[2024-09-12T15:52:25.147+0000] {processor.py:208} INFO - Processing /home/airflow/.local/lib/python3.12/site-packages/airflow/example_dags/example_latest_only.py took 0.573 seconds
[2024-09-12T15:52:59.171+0000] {processor.py:186} INFO - Started process (PID=2552) to work on /home/airflow/.local/lib/python3.12/site-packages/airflow/example_dags/example_latest_only.py
[2024-09-12T15:52:59.178+0000] {processor.py:914} INFO - Processing file /home/airflow/.local/lib/python3.12/site-packages/airflow/example_dags/example_latest_only.py for tasks to queue
[2024-09-12T15:52:59.193+0000] {logging_mixin.py:190} INFO - [2024-09-12T15:52:59.181+0000] {dagbag.py:587} INFO - Filling up the DagBag from /home/airflow/.local/lib/python3.12/site-packages/airflow/example_dags/example_latest_only.py
[2024-09-12T15:52:59.250+0000] {processor.py:925} INFO - DAG(s) 'latest_only' retrieved from /home/airflow/.local/lib/python3.12/site-packages/airflow/example_dags/example_latest_only.py
[2024-09-12T15:52:59.451+0000] {logging_mixin.py:190} INFO - [2024-09-12T15:52:59.451+0000] {dag.py:3211} INFO - Sync 1 DAGs
[2024-09-12T15:52:59.576+0000] {logging_mixin.py:190} INFO - [2024-09-12T15:52:59.576+0000] {dag.py:4138} INFO - Setting next_dagrun for latest_only to 2024-09-12 08:00:00+00:00, run_after=2024-09-12 12:00:00+00:00
[2024-09-12T15:52:59.683+0000] {processor.py:208} INFO - Processing /home/airflow/.local/lib/python3.12/site-packages/airflow/example_dags/example_latest_only.py took 0.538 seconds
[2024-09-12T15:53:33.498+0000] {processor.py:186} INFO - Started process (PID=2618) to work on /home/airflow/.local/lib/python3.12/site-packages/airflow/example_dags/example_latest_only.py
[2024-09-12T15:53:33.517+0000] {processor.py:914} INFO - Processing file /home/airflow/.local/lib/python3.12/site-packages/airflow/example_dags/example_latest_only.py for tasks to queue
[2024-09-12T15:53:33.525+0000] {logging_mixin.py:190} INFO - [2024-09-12T15:53:33.520+0000] {dagbag.py:587} INFO - Filling up the DagBag from /home/airflow/.local/lib/python3.12/site-packages/airflow/example_dags/example_latest_only.py
[2024-09-12T15:53:33.546+0000] {processor.py:925} INFO - DAG(s) 'latest_only' retrieved from /home/airflow/.local/lib/python3.12/site-packages/airflow/example_dags/example_latest_only.py
[2024-09-12T15:53:33.730+0000] {logging_mixin.py:190} INFO - [2024-09-12T15:53:33.729+0000] {dag.py:3211} INFO - Sync 1 DAGs
[2024-09-12T15:53:33.920+0000] {logging_mixin.py:190} INFO - [2024-09-12T15:53:33.919+0000] {dag.py:4138} INFO - Setting next_dagrun for latest_only to 2024-09-12 08:00:00+00:00, run_after=2024-09-12 12:00:00+00:00
[2024-09-12T15:53:34.122+0000] {processor.py:208} INFO - Processing /home/airflow/.local/lib/python3.12/site-packages/airflow/example_dags/example_latest_only.py took 0.654 seconds
[2024-09-12T15:54:33.621+0000] {processor.py:186} INFO - Started process (PID=2694) to work on /home/airflow/.local/lib/python3.12/site-packages/airflow/example_dags/example_latest_only.py
[2024-09-12T15:54:33.643+0000] {processor.py:914} INFO - Processing file /home/airflow/.local/lib/python3.12/site-packages/airflow/example_dags/example_latest_only.py for tasks to queue
[2024-09-12T15:54:33.693+0000] {logging_mixin.py:190} INFO - [2024-09-12T15:54:33.647+0000] {dagbag.py:587} INFO - Filling up the DagBag from /home/airflow/.local/lib/python3.12/site-packages/airflow/example_dags/example_latest_only.py
[2024-09-12T15:54:33.839+0000] {processor.py:925} INFO - DAG(s) 'latest_only' retrieved from /home/airflow/.local/lib/python3.12/site-packages/airflow/example_dags/example_latest_only.py
[2024-09-12T15:54:34.592+0000] {logging_mixin.py:190} INFO - [2024-09-12T15:54:34.575+0000] {dag.py:3211} INFO - Sync 1 DAGs
[2024-09-12T15:54:34.874+0000] {logging_mixin.py:190} INFO - [2024-09-12T15:54:34.872+0000] {dag.py:4138} INFO - Setting next_dagrun for latest_only to 2024-09-12 08:00:00+00:00, run_after=2024-09-12 12:00:00+00:00
[2024-09-12T15:54:35.059+0000] {processor.py:208} INFO - Processing /home/airflow/.local/lib/python3.12/site-packages/airflow/example_dags/example_latest_only.py took 1.557 seconds
[2024-09-12T15:55:42.593+0000] {processor.py:186} INFO - Started process (PID=2747) to work on /home/airflow/.local/lib/python3.12/site-packages/airflow/example_dags/example_latest_only.py
[2024-09-12T15:55:42.606+0000] {processor.py:914} INFO - Processing file /home/airflow/.local/lib/python3.12/site-packages/airflow/example_dags/example_latest_only.py for tasks to queue
[2024-09-12T15:55:42.624+0000] {logging_mixin.py:190} INFO - [2024-09-12T15:55:42.623+0000] {dagbag.py:587} INFO - Filling up the DagBag from /home/airflow/.local/lib/python3.12/site-packages/airflow/example_dags/example_latest_only.py
[2024-09-12T15:55:42.679+0000] {processor.py:925} INFO - DAG(s) 'latest_only' retrieved from /home/airflow/.local/lib/python3.12/site-packages/airflow/example_dags/example_latest_only.py
[2024-09-12T15:55:42.811+0000] {logging_mixin.py:190} INFO - [2024-09-12T15:55:42.810+0000] {dag.py:3211} INFO - Sync 1 DAGs
[2024-09-12T15:55:42.949+0000] {logging_mixin.py:190} INFO - [2024-09-12T15:55:42.948+0000] {dag.py:4138} INFO - Setting next_dagrun for latest_only to 2024-09-12 08:00:00+00:00, run_after=2024-09-12 12:00:00+00:00
[2024-09-12T15:55:43.093+0000] {processor.py:208} INFO - Processing /home/airflow/.local/lib/python3.12/site-packages/airflow/example_dags/example_latest_only.py took 0.537 seconds
[2024-09-12T15:56:41.039+0000] {processor.py:186} INFO - Started process (PID=2810) to work on /home/airflow/.local/lib/python3.12/site-packages/airflow/example_dags/example_latest_only.py
[2024-09-12T15:56:41.051+0000] {processor.py:914} INFO - Processing file /home/airflow/.local/lib/python3.12/site-packages/airflow/example_dags/example_latest_only.py for tasks to queue
[2024-09-12T15:56:41.060+0000] {logging_mixin.py:190} INFO - [2024-09-12T15:56:41.057+0000] {dagbag.py:587} INFO - Filling up the DagBag from /home/airflow/.local/lib/python3.12/site-packages/airflow/example_dags/example_latest_only.py
[2024-09-12T15:56:41.119+0000] {processor.py:925} INFO - DAG(s) 'latest_only' retrieved from /home/airflow/.local/lib/python3.12/site-packages/airflow/example_dags/example_latest_only.py
[2024-09-12T15:56:41.314+0000] {logging_mixin.py:190} INFO - [2024-09-12T15:56:41.312+0000] {dag.py:3211} INFO - Sync 1 DAGs
[2024-09-12T15:56:41.661+0000] {logging_mixin.py:190} INFO - [2024-09-12T15:56:41.659+0000] {dag.py:4138} INFO - Setting next_dagrun for latest_only to 2024-09-12 08:00:00+00:00, run_after=2024-09-12 12:00:00+00:00
[2024-09-12T15:56:41.881+0000] {processor.py:208} INFO - Processing /home/airflow/.local/lib/python3.12/site-packages/airflow/example_dags/example_latest_only.py took 0.896 seconds
[2024-09-12T15:57:14.630+0000] {processor.py:186} INFO - Started process (PID=2875) to work on /home/airflow/.local/lib/python3.12/site-packages/airflow/example_dags/example_latest_only.py
[2024-09-12T15:57:14.633+0000] {processor.py:914} INFO - Processing file /home/airflow/.local/lib/python3.12/site-packages/airflow/example_dags/example_latest_only.py for tasks to queue
[2024-09-12T15:57:14.644+0000] {logging_mixin.py:190} INFO - [2024-09-12T15:57:14.642+0000] {dagbag.py:587} INFO - Filling up the DagBag from /home/airflow/.local/lib/python3.12/site-packages/airflow/example_dags/example_latest_only.py
[2024-09-12T15:57:14.682+0000] {processor.py:925} INFO - DAG(s) 'latest_only' retrieved from /home/airflow/.local/lib/python3.12/site-packages/airflow/example_dags/example_latest_only.py
[2024-09-12T15:57:14.766+0000] {logging_mixin.py:190} INFO - [2024-09-12T15:57:14.757+0000] {dag.py:3211} INFO - Sync 1 DAGs
[2024-09-12T15:57:14.877+0000] {logging_mixin.py:190} INFO - [2024-09-12T15:57:14.876+0000] {dag.py:4138} INFO - Setting next_dagrun for latest_only to 2024-09-12 08:00:00+00:00, run_after=2024-09-12 12:00:00+00:00
[2024-09-12T15:57:14.934+0000] {processor.py:208} INFO - Processing /home/airflow/.local/lib/python3.12/site-packages/airflow/example_dags/example_latest_only.py took 0.322 seconds
[2024-09-12T15:57:55.338+0000] {processor.py:186} INFO - Started process (PID=2933) to work on /home/airflow/.local/lib/python3.12/site-packages/airflow/example_dags/example_latest_only.py
[2024-09-12T15:57:55.341+0000] {processor.py:914} INFO - Processing file /home/airflow/.local/lib/python3.12/site-packages/airflow/example_dags/example_latest_only.py for tasks to queue
[2024-09-12T15:57:55.345+0000] {logging_mixin.py:190} INFO - [2024-09-12T15:57:55.344+0000] {dagbag.py:587} INFO - Filling up the DagBag from /home/airflow/.local/lib/python3.12/site-packages/airflow/example_dags/example_latest_only.py
[2024-09-12T15:57:55.400+0000] {processor.py:925} INFO - DAG(s) 'latest_only' retrieved from /home/airflow/.local/lib/python3.12/site-packages/airflow/example_dags/example_latest_only.py
[2024-09-12T15:57:55.604+0000] {logging_mixin.py:190} INFO - [2024-09-12T15:57:55.604+0000] {dag.py:3211} INFO - Sync 1 DAGs
[2024-09-12T15:57:55.797+0000] {logging_mixin.py:190} INFO - [2024-09-12T15:57:55.796+0000] {dag.py:4138} INFO - Setting next_dagrun for latest_only to 2024-09-12 08:00:00+00:00, run_after=2024-09-12 12:00:00+00:00
[2024-09-12T15:57:55.981+0000] {processor.py:208} INFO - Processing /home/airflow/.local/lib/python3.12/site-packages/airflow/example_dags/example_latest_only.py took 0.699 seconds
[2024-09-12T15:59:14.832+0000] {processor.py:186} INFO - Started process (PID=2998) to work on /home/airflow/.local/lib/python3.12/site-packages/airflow/example_dags/example_latest_only.py
[2024-09-12T15:59:14.868+0000] {processor.py:914} INFO - Processing file /home/airflow/.local/lib/python3.12/site-packages/airflow/example_dags/example_latest_only.py for tasks to queue
[2024-09-12T15:59:14.893+0000] {logging_mixin.py:190} INFO - [2024-09-12T15:59:14.879+0000] {dagbag.py:587} INFO - Filling up the DagBag from /home/airflow/.local/lib/python3.12/site-packages/airflow/example_dags/example_latest_only.py
[2024-09-12T15:59:14.992+0000] {processor.py:925} INFO - DAG(s) 'latest_only' retrieved from /home/airflow/.local/lib/python3.12/site-packages/airflow/example_dags/example_latest_only.py
[2024-09-12T15:59:15.182+0000] {logging_mixin.py:190} INFO - [2024-09-12T15:59:15.181+0000] {dag.py:3211} INFO - Sync 1 DAGs
[2024-09-12T15:59:15.458+0000] {logging_mixin.py:190} INFO - [2024-09-12T15:59:15.458+0000] {dag.py:4138} INFO - Setting next_dagrun for latest_only to 2024-09-12 08:00:00+00:00, run_after=2024-09-12 12:00:00+00:00
[2024-09-12T15:59:15.698+0000] {processor.py:208} INFO - Processing /home/airflow/.local/lib/python3.12/site-packages/airflow/example_dags/example_latest_only.py took 0.937 seconds
[2024-09-12T16:00:12.591+0000] {processor.py:186} INFO - Started process (PID=3074) to work on /home/airflow/.local/lib/python3.12/site-packages/airflow/example_dags/example_latest_only.py
[2024-09-12T16:00:12.599+0000] {processor.py:914} INFO - Processing file /home/airflow/.local/lib/python3.12/site-packages/airflow/example_dags/example_latest_only.py for tasks to queue
[2024-09-12T16:00:12.613+0000] {logging_mixin.py:190} INFO - [2024-09-12T16:00:12.611+0000] {dagbag.py:587} INFO - Filling up the DagBag from /home/airflow/.local/lib/python3.12/site-packages/airflow/example_dags/example_latest_only.py
[2024-09-12T16:00:12.649+0000] {processor.py:925} INFO - DAG(s) 'latest_only' retrieved from /home/airflow/.local/lib/python3.12/site-packages/airflow/example_dags/example_latest_only.py
[2024-09-12T16:00:12.777+0000] {logging_mixin.py:190} INFO - [2024-09-12T16:00:12.776+0000] {dag.py:3211} INFO - Sync 1 DAGs
[2024-09-12T16:00:12.935+0000] {logging_mixin.py:190} INFO - [2024-09-12T16:00:12.934+0000] {dag.py:4138} INFO - Setting next_dagrun for latest_only to 2024-09-12 12:00:00+00:00, run_after=2024-09-12 16:00:00+00:00
[2024-09-12T16:00:13.033+0000] {processor.py:208} INFO - Processing /home/airflow/.local/lib/python3.12/site-packages/airflow/example_dags/example_latest_only.py took 0.471 seconds
[2024-09-12T16:00:54.171+0000] {processor.py:186} INFO - Started process (PID=3139) to work on /home/airflow/.local/lib/python3.12/site-packages/airflow/example_dags/example_latest_only.py
[2024-09-12T16:00:54.193+0000] {processor.py:914} INFO - Processing file /home/airflow/.local/lib/python3.12/site-packages/airflow/example_dags/example_latest_only.py for tasks to queue
[2024-09-12T16:00:54.197+0000] {logging_mixin.py:190} INFO - [2024-09-12T16:00:54.196+0000] {dagbag.py:587} INFO - Filling up the DagBag from /home/airflow/.local/lib/python3.12/site-packages/airflow/example_dags/example_latest_only.py
[2024-09-12T16:00:54.249+0000] {processor.py:925} INFO - DAG(s) 'latest_only' retrieved from /home/airflow/.local/lib/python3.12/site-packages/airflow/example_dags/example_latest_only.py
[2024-09-12T16:00:54.410+0000] {logging_mixin.py:190} INFO - [2024-09-12T16:00:54.378+0000] {dag.py:3211} INFO - Sync 1 DAGs
[2024-09-12T16:00:54.537+0000] {logging_mixin.py:190} INFO - [2024-09-12T16:00:54.537+0000] {dag.py:4138} INFO - Setting next_dagrun for latest_only to 2024-09-12 12:00:00+00:00, run_after=2024-09-12 16:00:00+00:00
[2024-09-12T16:00:54.663+0000] {processor.py:208} INFO - Processing /home/airflow/.local/lib/python3.12/site-packages/airflow/example_dags/example_latest_only.py took 0.520 seconds
[2024-09-12T16:01:46.056+0000] {processor.py:186} INFO - Started process (PID=3203) to work on /home/airflow/.local/lib/python3.12/site-packages/airflow/example_dags/example_latest_only.py
[2024-09-12T16:01:46.092+0000] {processor.py:914} INFO - Processing file /home/airflow/.local/lib/python3.12/site-packages/airflow/example_dags/example_latest_only.py for tasks to queue
[2024-09-12T16:01:46.126+0000] {logging_mixin.py:190} INFO - [2024-09-12T16:01:46.125+0000] {dagbag.py:587} INFO - Filling up the DagBag from /home/airflow/.local/lib/python3.12/site-packages/airflow/example_dags/example_latest_only.py
[2024-09-12T16:01:46.333+0000] {processor.py:925} INFO - DAG(s) 'latest_only' retrieved from /home/airflow/.local/lib/python3.12/site-packages/airflow/example_dags/example_latest_only.py
[2024-09-12T16:01:46.618+0000] {logging_mixin.py:190} INFO - [2024-09-12T16:01:46.618+0000] {dag.py:3211} INFO - Sync 1 DAGs
[2024-09-12T16:01:46.853+0000] {logging_mixin.py:190} INFO - [2024-09-12T16:01:46.852+0000] {dag.py:4138} INFO - Setting next_dagrun for latest_only to 2024-09-12 12:00:00+00:00, run_after=2024-09-12 16:00:00+00:00
[2024-09-12T16:01:47.096+0000] {processor.py:208} INFO - Processing /home/airflow/.local/lib/python3.12/site-packages/airflow/example_dags/example_latest_only.py took 1.169 seconds
[2024-09-12T16:02:24.105+0000] {processor.py:186} INFO - Started process (PID=3248) to work on /home/airflow/.local/lib/python3.12/site-packages/airflow/example_dags/example_latest_only.py
[2024-09-12T16:02:24.108+0000] {processor.py:914} INFO - Processing file /home/airflow/.local/lib/python3.12/site-packages/airflow/example_dags/example_latest_only.py for tasks to queue
[2024-09-12T16:02:24.114+0000] {logging_mixin.py:190} INFO - [2024-09-12T16:02:24.113+0000] {dagbag.py:587} INFO - Filling up the DagBag from /home/airflow/.local/lib/python3.12/site-packages/airflow/example_dags/example_latest_only.py
[2024-09-12T16:02:24.212+0000] {processor.py:925} INFO - DAG(s) 'latest_only' retrieved from /home/airflow/.local/lib/python3.12/site-packages/airflow/example_dags/example_latest_only.py
[2024-09-12T16:02:24.403+0000] {logging_mixin.py:190} INFO - [2024-09-12T16:02:24.402+0000] {dag.py:3211} INFO - Sync 1 DAGs
[2024-09-12T16:02:24.716+0000] {logging_mixin.py:190} INFO - [2024-09-12T16:02:24.715+0000] {dag.py:4138} INFO - Setting next_dagrun for latest_only to 2024-09-12 12:00:00+00:00, run_after=2024-09-12 16:00:00+00:00
[2024-09-12T16:02:25.035+0000] {processor.py:208} INFO - Processing /home/airflow/.local/lib/python3.12/site-packages/airflow/example_dags/example_latest_only.py took 0.957 seconds
[2024-09-12T16:03:21.783+0000] {processor.py:186} INFO - Started process (PID=3298) to work on /home/airflow/.local/lib/python3.12/site-packages/airflow/example_dags/example_latest_only.py
[2024-09-12T16:03:21.806+0000] {processor.py:914} INFO - Processing file /home/airflow/.local/lib/python3.12/site-packages/airflow/example_dags/example_latest_only.py for tasks to queue
[2024-09-12T16:03:21.821+0000] {logging_mixin.py:190} INFO - [2024-09-12T16:03:21.817+0000] {dagbag.py:587} INFO - Filling up the DagBag from /home/airflow/.local/lib/python3.12/site-packages/airflow/example_dags/example_latest_only.py
[2024-09-12T16:03:21.891+0000] {processor.py:925} INFO - DAG(s) 'latest_only' retrieved from /home/airflow/.local/lib/python3.12/site-packages/airflow/example_dags/example_latest_only.py
[2024-09-12T16:03:22.061+0000] {logging_mixin.py:190} INFO - [2024-09-12T16:03:22.060+0000] {dag.py:3211} INFO - Sync 1 DAGs
[2024-09-12T16:03:23.363+0000] {logging_mixin.py:190} INFO - [2024-09-12T16:03:23.362+0000] {dag.py:4138} INFO - Setting next_dagrun for latest_only to 2024-09-12 12:00:00+00:00, run_after=2024-09-12 16:00:00+00:00
[2024-09-12T16:03:23.467+0000] {processor.py:208} INFO - Processing /home/airflow/.local/lib/python3.12/site-packages/airflow/example_dags/example_latest_only.py took 1.736 seconds
[2024-09-12T16:03:54.884+0000] {processor.py:186} INFO - Started process (PID=3363) to work on /home/airflow/.local/lib/python3.12/site-packages/airflow/example_dags/example_latest_only.py
[2024-09-12T16:03:54.896+0000] {processor.py:914} INFO - Processing file /home/airflow/.local/lib/python3.12/site-packages/airflow/example_dags/example_latest_only.py for tasks to queue
[2024-09-12T16:03:54.901+0000] {logging_mixin.py:190} INFO - [2024-09-12T16:03:54.899+0000] {dagbag.py:587} INFO - Filling up the DagBag from /home/airflow/.local/lib/python3.12/site-packages/airflow/example_dags/example_latest_only.py
[2024-09-12T16:03:54.976+0000] {processor.py:925} INFO - DAG(s) 'latest_only' retrieved from /home/airflow/.local/lib/python3.12/site-packages/airflow/example_dags/example_latest_only.py
[2024-09-12T16:03:55.310+0000] {logging_mixin.py:190} INFO - [2024-09-12T16:03:55.309+0000] {dag.py:3211} INFO - Sync 1 DAGs
[2024-09-12T16:03:55.523+0000] {logging_mixin.py:190} INFO - [2024-09-12T16:03:55.523+0000] {dag.py:4138} INFO - Setting next_dagrun for latest_only to 2024-09-12 12:00:00+00:00, run_after=2024-09-12 16:00:00+00:00
[2024-09-12T16:03:56.928+0000] {processor.py:208} INFO - Processing /home/airflow/.local/lib/python3.12/site-packages/airflow/example_dags/example_latest_only.py took 2.105 seconds
[2024-09-12T16:05:26.026+0000] {processor.py:186} INFO - Started process (PID=3442) to work on /home/airflow/.local/lib/python3.12/site-packages/airflow/example_dags/example_latest_only.py
[2024-09-12T16:05:26.063+0000] {processor.py:914} INFO - Processing file /home/airflow/.local/lib/python3.12/site-packages/airflow/example_dags/example_latest_only.py for tasks to queue
[2024-09-12T16:05:26.068+0000] {logging_mixin.py:190} INFO - [2024-09-12T16:05:26.067+0000] {dagbag.py:587} INFO - Filling up the DagBag from /home/airflow/.local/lib/python3.12/site-packages/airflow/example_dags/example_latest_only.py
[2024-09-12T16:05:26.280+0000] {processor.py:925} INFO - DAG(s) 'latest_only' retrieved from /home/airflow/.local/lib/python3.12/site-packages/airflow/example_dags/example_latest_only.py
[2024-09-12T16:05:27.241+0000] {logging_mixin.py:190} INFO - [2024-09-12T16:05:27.241+0000] {dag.py:3211} INFO - Sync 1 DAGs
[2024-09-12T16:05:42.188+0000] {logging_mixin.py:190} INFO - [2024-09-12T16:05:42.186+0000] {dag.py:4138} INFO - Setting next_dagrun for latest_only to 2024-09-12 12:00:00+00:00, run_after=2024-09-12 16:00:00+00:00
[2024-09-12T16:05:42.374+0000] {processor.py:208} INFO - Processing /home/airflow/.local/lib/python3.12/site-packages/airflow/example_dags/example_latest_only.py took 16.393 seconds
[2024-09-12T16:07:30.930+0000] {processor.py:186} INFO - Started process (PID=3529) to work on /home/airflow/.local/lib/python3.12/site-packages/airflow/example_dags/example_latest_only.py
[2024-09-12T16:07:30.946+0000] {processor.py:914} INFO - Processing file /home/airflow/.local/lib/python3.12/site-packages/airflow/example_dags/example_latest_only.py for tasks to queue
[2024-09-12T16:07:30.964+0000] {logging_mixin.py:190} INFO - [2024-09-12T16:07:30.963+0000] {dagbag.py:587} INFO - Filling up the DagBag from /home/airflow/.local/lib/python3.12/site-packages/airflow/example_dags/example_latest_only.py
[2024-09-12T16:07:32.757+0000] {processor.py:925} INFO - DAG(s) 'latest_only' retrieved from /home/airflow/.local/lib/python3.12/site-packages/airflow/example_dags/example_latest_only.py
[2024-09-12T16:07:33.134+0000] {logging_mixin.py:190} INFO - [2024-09-12T16:07:33.134+0000] {dag.py:3211} INFO - Sync 1 DAGs
[2024-09-12T16:07:33.418+0000] {logging_mixin.py:190} INFO - [2024-09-12T16:07:33.418+0000] {dag.py:4138} INFO - Setting next_dagrun for latest_only to 2024-09-12 12:00:00+00:00, run_after=2024-09-12 16:00:00+00:00
[2024-09-12T16:07:33.594+0000] {processor.py:208} INFO - Processing /home/airflow/.local/lib/python3.12/site-packages/airflow/example_dags/example_latest_only.py took 2.808 seconds
[2024-09-12T16:08:19.062+0000] {processor.py:186} INFO - Started process (PID=3601) to work on /home/airflow/.local/lib/python3.12/site-packages/airflow/example_dags/example_latest_only.py
[2024-09-12T16:08:19.068+0000] {processor.py:914} INFO - Processing file /home/airflow/.local/lib/python3.12/site-packages/airflow/example_dags/example_latest_only.py for tasks to queue
[2024-09-12T16:08:19.088+0000] {logging_mixin.py:190} INFO - [2024-09-12T16:08:19.087+0000] {dagbag.py:587} INFO - Filling up the DagBag from /home/airflow/.local/lib/python3.12/site-packages/airflow/example_dags/example_latest_only.py
[2024-09-12T16:08:19.159+0000] {processor.py:925} INFO - DAG(s) 'latest_only' retrieved from /home/airflow/.local/lib/python3.12/site-packages/airflow/example_dags/example_latest_only.py
[2024-09-12T16:08:28.310+0000] {logging_mixin.py:190} INFO - [2024-09-12T16:08:28.310+0000] {dag.py:3211} INFO - Sync 1 DAGs
[2024-09-12T16:08:28.705+0000] {logging_mixin.py:190} INFO - [2024-09-12T16:08:28.704+0000] {dag.py:4138} INFO - Setting next_dagrun for latest_only to 2024-09-12 12:00:00+00:00, run_after=2024-09-12 16:00:00+00:00
[2024-09-12T16:08:28.838+0000] {processor.py:208} INFO - Processing /home/airflow/.local/lib/python3.12/site-packages/airflow/example_dags/example_latest_only.py took 9.894 seconds
[2024-09-12T16:09:10.107+0000] {processor.py:186} INFO - Started process (PID=3655) to work on /home/airflow/.local/lib/python3.12/site-packages/airflow/example_dags/example_latest_only.py
[2024-09-12T16:09:10.111+0000] {processor.py:914} INFO - Processing file /home/airflow/.local/lib/python3.12/site-packages/airflow/example_dags/example_latest_only.py for tasks to queue
[2024-09-12T16:09:10.127+0000] {logging_mixin.py:190} INFO - [2024-09-12T16:09:10.126+0000] {dagbag.py:587} INFO - Filling up the DagBag from /home/airflow/.local/lib/python3.12/site-packages/airflow/example_dags/example_latest_only.py
[2024-09-12T16:09:10.245+0000] {processor.py:925} INFO - DAG(s) 'latest_only' retrieved from /home/airflow/.local/lib/python3.12/site-packages/airflow/example_dags/example_latest_only.py
[2024-09-12T16:09:10.410+0000] {logging_mixin.py:190} INFO - [2024-09-12T16:09:10.409+0000] {dag.py:3211} INFO - Sync 1 DAGs
[2024-09-12T16:09:10.617+0000] {logging_mixin.py:190} INFO - [2024-09-12T16:09:10.616+0000] {dag.py:4138} INFO - Setting next_dagrun for latest_only to 2024-09-12 12:00:00+00:00, run_after=2024-09-12 16:00:00+00:00
[2024-09-12T16:09:10.744+0000] {processor.py:208} INFO - Processing /home/airflow/.local/lib/python3.12/site-packages/airflow/example_dags/example_latest_only.py took 0.706 seconds
[2024-09-12T16:09:42.284+0000] {processor.py:186} INFO - Started process (PID=3723) to work on /home/airflow/.local/lib/python3.12/site-packages/airflow/example_dags/example_latest_only.py
[2024-09-12T16:09:42.342+0000] {processor.py:914} INFO - Processing file /home/airflow/.local/lib/python3.12/site-packages/airflow/example_dags/example_latest_only.py for tasks to queue
[2024-09-12T16:09:42.348+0000] {logging_mixin.py:190} INFO - [2024-09-12T16:09:42.347+0000] {dagbag.py:587} INFO - Filling up the DagBag from /home/airflow/.local/lib/python3.12/site-packages/airflow/example_dags/example_latest_only.py
[2024-09-12T16:09:42.427+0000] {processor.py:925} INFO - DAG(s) 'latest_only' retrieved from /home/airflow/.local/lib/python3.12/site-packages/airflow/example_dags/example_latest_only.py
[2024-09-12T16:09:42.619+0000] {logging_mixin.py:190} INFO - [2024-09-12T16:09:42.619+0000] {dag.py:3211} INFO - Sync 1 DAGs
[2024-09-12T16:09:43.078+0000] {logging_mixin.py:190} INFO - [2024-09-12T16:09:43.063+0000] {dag.py:4138} INFO - Setting next_dagrun for latest_only to 2024-09-12 12:00:00+00:00, run_after=2024-09-12 16:00:00+00:00
[2024-09-12T16:09:43.413+0000] {processor.py:208} INFO - Processing /home/airflow/.local/lib/python3.12/site-packages/airflow/example_dags/example_latest_only.py took 1.152 seconds
[2024-09-12T16:10:28.491+0000] {processor.py:186} INFO - Started process (PID=3744) to work on /home/airflow/.local/lib/python3.12/site-packages/airflow/example_dags/example_latest_only.py
[2024-09-12T16:10:28.508+0000] {processor.py:914} INFO - Processing file /home/airflow/.local/lib/python3.12/site-packages/airflow/example_dags/example_latest_only.py for tasks to queue
[2024-09-12T16:10:28.547+0000] {logging_mixin.py:190} INFO - [2024-09-12T16:10:28.546+0000] {dagbag.py:587} INFO - Filling up the DagBag from /home/airflow/.local/lib/python3.12/site-packages/airflow/example_dags/example_latest_only.py
[2024-09-12T16:10:28.627+0000] {processor.py:925} INFO - DAG(s) 'latest_only' retrieved from /home/airflow/.local/lib/python3.12/site-packages/airflow/example_dags/example_latest_only.py
[2024-09-12T16:10:28.699+0000] {logging_mixin.py:190} INFO - [2024-09-12T16:10:28.698+0000] {dag.py:3211} INFO - Sync 1 DAGs
[2024-09-12T16:10:28.794+0000] {logging_mixin.py:190} INFO - [2024-09-12T16:10:28.794+0000] {dag.py:4138} INFO - Setting next_dagrun for latest_only to 2024-09-12 12:00:00+00:00, run_after=2024-09-12 16:00:00+00:00
[2024-09-12T16:10:28.854+0000] {processor.py:208} INFO - Processing /home/airflow/.local/lib/python3.12/site-packages/airflow/example_dags/example_latest_only.py took 0.418 seconds
[2024-09-12T16:10:59.176+0000] {processor.py:186} INFO - Started process (PID=3810) to work on /home/airflow/.local/lib/python3.12/site-packages/airflow/example_dags/example_latest_only.py
[2024-09-12T16:10:59.181+0000] {processor.py:914} INFO - Processing file /home/airflow/.local/lib/python3.12/site-packages/airflow/example_dags/example_latest_only.py for tasks to queue
[2024-09-12T16:10:59.188+0000] {logging_mixin.py:190} INFO - [2024-09-12T16:10:59.187+0000] {dagbag.py:587} INFO - Filling up the DagBag from /home/airflow/.local/lib/python3.12/site-packages/airflow/example_dags/example_latest_only.py
[2024-09-12T16:10:59.238+0000] {processor.py:925} INFO - DAG(s) 'latest_only' retrieved from /home/airflow/.local/lib/python3.12/site-packages/airflow/example_dags/example_latest_only.py
[2024-09-12T16:10:59.354+0000] {logging_mixin.py:190} INFO - [2024-09-12T16:10:59.353+0000] {dag.py:3211} INFO - Sync 1 DAGs
[2024-09-12T16:10:59.511+0000] {logging_mixin.py:190} INFO - [2024-09-12T16:10:59.510+0000] {dag.py:4138} INFO - Setting next_dagrun for latest_only to 2024-09-12 12:00:00+00:00, run_after=2024-09-12 16:00:00+00:00
[2024-09-12T16:10:59.705+0000] {processor.py:208} INFO - Processing /home/airflow/.local/lib/python3.12/site-packages/airflow/example_dags/example_latest_only.py took 0.544 seconds
[2024-09-12T16:11:37.758+0000] {processor.py:186} INFO - Started process (PID=3863) to work on /home/airflow/.local/lib/python3.12/site-packages/airflow/example_dags/example_latest_only.py
[2024-09-12T16:11:37.764+0000] {processor.py:914} INFO - Processing file /home/airflow/.local/lib/python3.12/site-packages/airflow/example_dags/example_latest_only.py for tasks to queue
[2024-09-12T16:11:37.773+0000] {logging_mixin.py:190} INFO - [2024-09-12T16:11:37.772+0000] {dagbag.py:587} INFO - Filling up the DagBag from /home/airflow/.local/lib/python3.12/site-packages/airflow/example_dags/example_latest_only.py
[2024-09-12T16:11:37.834+0000] {processor.py:925} INFO - DAG(s) 'latest_only' retrieved from /home/airflow/.local/lib/python3.12/site-packages/airflow/example_dags/example_latest_only.py
[2024-09-12T16:11:37.951+0000] {logging_mixin.py:190} INFO - [2024-09-12T16:11:37.949+0000] {dag.py:3211} INFO - Sync 1 DAGs
[2024-09-12T16:11:38.089+0000] {logging_mixin.py:190} INFO - [2024-09-12T16:11:38.088+0000] {dag.py:4138} INFO - Setting next_dagrun for latest_only to 2024-09-12 12:00:00+00:00, run_after=2024-09-12 16:00:00+00:00
[2024-09-12T16:11:38.234+0000] {processor.py:208} INFO - Processing /home/airflow/.local/lib/python3.12/site-packages/airflow/example_dags/example_latest_only.py took 0.528 seconds
[2024-09-12T16:12:34.425+0000] {processor.py:186} INFO - Started process (PID=3925) to work on /home/airflow/.local/lib/python3.12/site-packages/airflow/example_dags/example_latest_only.py
[2024-09-12T16:12:34.431+0000] {processor.py:914} INFO - Processing file /home/airflow/.local/lib/python3.12/site-packages/airflow/example_dags/example_latest_only.py for tasks to queue
[2024-09-12T16:12:34.435+0000] {logging_mixin.py:190} INFO - [2024-09-12T16:12:34.434+0000] {dagbag.py:587} INFO - Filling up the DagBag from /home/airflow/.local/lib/python3.12/site-packages/airflow/example_dags/example_latest_only.py
[2024-09-12T16:12:34.495+0000] {processor.py:925} INFO - DAG(s) 'latest_only' retrieved from /home/airflow/.local/lib/python3.12/site-packages/airflow/example_dags/example_latest_only.py
[2024-09-12T16:12:34.591+0000] {logging_mixin.py:190} INFO - [2024-09-12T16:12:34.590+0000] {dag.py:3211} INFO - Sync 1 DAGs
[2024-09-12T16:12:34.821+0000] {logging_mixin.py:190} INFO - [2024-09-12T16:12:34.821+0000] {dag.py:4138} INFO - Setting next_dagrun for latest_only to 2024-09-12 12:00:00+00:00, run_after=2024-09-12 16:00:00+00:00
[2024-09-12T16:12:35.042+0000] {processor.py:208} INFO - Processing /home/airflow/.local/lib/python3.12/site-packages/airflow/example_dags/example_latest_only.py took 0.648 seconds
[2024-09-12T16:13:06.102+0000] {processor.py:186} INFO - Started process (PID=3987) to work on /home/airflow/.local/lib/python3.12/site-packages/airflow/example_dags/example_latest_only.py
[2024-09-12T16:13:06.109+0000] {processor.py:914} INFO - Processing file /home/airflow/.local/lib/python3.12/site-packages/airflow/example_dags/example_latest_only.py for tasks to queue
[2024-09-12T16:13:06.112+0000] {logging_mixin.py:190} INFO - [2024-09-12T16:13:06.111+0000] {dagbag.py:587} INFO - Filling up the DagBag from /home/airflow/.local/lib/python3.12/site-packages/airflow/example_dags/example_latest_only.py
[2024-09-12T16:13:06.137+0000] {processor.py:925} INFO - DAG(s) 'latest_only' retrieved from /home/airflow/.local/lib/python3.12/site-packages/airflow/example_dags/example_latest_only.py
[2024-09-12T16:13:06.247+0000] {logging_mixin.py:190} INFO - [2024-09-12T16:13:06.246+0000] {dag.py:3211} INFO - Sync 1 DAGs
[2024-09-12T16:13:06.384+0000] {logging_mixin.py:190} INFO - [2024-09-12T16:13:06.379+0000] {dag.py:4138} INFO - Setting next_dagrun for latest_only to 2024-09-12 12:00:00+00:00, run_after=2024-09-12 16:00:00+00:00
[2024-09-12T16:13:06.459+0000] {processor.py:208} INFO - Processing /home/airflow/.local/lib/python3.12/site-packages/airflow/example_dags/example_latest_only.py took 0.371 seconds
[2024-09-12T16:13:46.268+0000] {processor.py:186} INFO - Started process (PID=4014) to work on /home/airflow/.local/lib/python3.12/site-packages/airflow/example_dags/example_latest_only.py
[2024-09-12T16:13:46.277+0000] {processor.py:914} INFO - Processing file /home/airflow/.local/lib/python3.12/site-packages/airflow/example_dags/example_latest_only.py for tasks to queue
[2024-09-12T16:13:46.301+0000] {logging_mixin.py:190} INFO - [2024-09-12T16:13:46.300+0000] {dagbag.py:587} INFO - Filling up the DagBag from /home/airflow/.local/lib/python3.12/site-packages/airflow/example_dags/example_latest_only.py
[2024-09-12T16:13:46.380+0000] {processor.py:925} INFO - DAG(s) 'latest_only' retrieved from /home/airflow/.local/lib/python3.12/site-packages/airflow/example_dags/example_latest_only.py
[2024-09-12T16:13:46.564+0000] {logging_mixin.py:190} INFO - [2024-09-12T16:13:46.563+0000] {dag.py:3211} INFO - Sync 1 DAGs
[2024-09-12T16:13:46.812+0000] {logging_mixin.py:190} INFO - [2024-09-12T16:13:46.811+0000] {dag.py:4138} INFO - Setting next_dagrun for latest_only to 2024-09-12 12:00:00+00:00, run_after=2024-09-12 16:00:00+00:00
[2024-09-12T16:13:47.007+0000] {processor.py:208} INFO - Processing /home/airflow/.local/lib/python3.12/site-packages/airflow/example_dags/example_latest_only.py took 0.785 seconds
[2024-09-12T16:14:36.379+0000] {processor.py:186} INFO - Started process (PID=4074) to work on /home/airflow/.local/lib/python3.12/site-packages/airflow/example_dags/example_latest_only.py
[2024-09-12T16:14:36.393+0000] {processor.py:914} INFO - Processing file /home/airflow/.local/lib/python3.12/site-packages/airflow/example_dags/example_latest_only.py for tasks to queue
[2024-09-12T16:14:36.415+0000] {logging_mixin.py:190} INFO - [2024-09-12T16:14:36.414+0000] {dagbag.py:587} INFO - Filling up the DagBag from /home/airflow/.local/lib/python3.12/site-packages/airflow/example_dags/example_latest_only.py
[2024-09-12T16:14:36.467+0000] {processor.py:925} INFO - DAG(s) 'latest_only' retrieved from /home/airflow/.local/lib/python3.12/site-packages/airflow/example_dags/example_latest_only.py
[2024-09-12T16:14:36.621+0000] {logging_mixin.py:190} INFO - [2024-09-12T16:14:36.620+0000] {dag.py:3211} INFO - Sync 1 DAGs
[2024-09-12T16:14:36.765+0000] {logging_mixin.py:190} INFO - [2024-09-12T16:14:36.764+0000] {dag.py:4138} INFO - Setting next_dagrun for latest_only to 2024-09-12 12:00:00+00:00, run_after=2024-09-12 16:00:00+00:00
[2024-09-12T16:14:36.895+0000] {processor.py:208} INFO - Processing /home/airflow/.local/lib/python3.12/site-packages/airflow/example_dags/example_latest_only.py took 0.550 seconds
[2024-09-12T16:15:08.915+0000] {processor.py:186} INFO - Started process (PID=4139) to work on /home/airflow/.local/lib/python3.12/site-packages/airflow/example_dags/example_latest_only.py
[2024-09-12T16:15:08.942+0000] {processor.py:914} INFO - Processing file /home/airflow/.local/lib/python3.12/site-packages/airflow/example_dags/example_latest_only.py for tasks to queue
[2024-09-12T16:15:08.962+0000] {logging_mixin.py:190} INFO - [2024-09-12T16:15:08.961+0000] {dagbag.py:587} INFO - Filling up the DagBag from /home/airflow/.local/lib/python3.12/site-packages/airflow/example_dags/example_latest_only.py
[2024-09-12T16:15:09.000+0000] {processor.py:925} INFO - DAG(s) 'latest_only' retrieved from /home/airflow/.local/lib/python3.12/site-packages/airflow/example_dags/example_latest_only.py
[2024-09-12T16:15:09.104+0000] {logging_mixin.py:190} INFO - [2024-09-12T16:15:09.104+0000] {dag.py:3211} INFO - Sync 1 DAGs
[2024-09-12T16:15:09.244+0000] {logging_mixin.py:190} INFO - [2024-09-12T16:15:09.244+0000] {dag.py:4138} INFO - Setting next_dagrun for latest_only to 2024-09-12 12:00:00+00:00, run_after=2024-09-12 16:00:00+00:00
[2024-09-12T16:15:09.348+0000] {processor.py:208} INFO - Processing /home/airflow/.local/lib/python3.12/site-packages/airflow/example_dags/example_latest_only.py took 0.447 seconds
[2024-09-12T16:15:41.412+0000] {processor.py:186} INFO - Started process (PID=4209) to work on /home/airflow/.local/lib/python3.12/site-packages/airflow/example_dags/example_latest_only.py
[2024-09-12T16:15:41.414+0000] {processor.py:914} INFO - Processing file /home/airflow/.local/lib/python3.12/site-packages/airflow/example_dags/example_latest_only.py for tasks to queue
[2024-09-12T16:15:41.417+0000] {logging_mixin.py:190} INFO - [2024-09-12T16:15:41.416+0000] {dagbag.py:587} INFO - Filling up the DagBag from /home/airflow/.local/lib/python3.12/site-packages/airflow/example_dags/example_latest_only.py
[2024-09-12T16:15:41.451+0000] {processor.py:925} INFO - DAG(s) 'latest_only' retrieved from /home/airflow/.local/lib/python3.12/site-packages/airflow/example_dags/example_latest_only.py
[2024-09-12T16:15:41.573+0000] {logging_mixin.py:190} INFO - [2024-09-12T16:15:41.573+0000] {dag.py:3211} INFO - Sync 1 DAGs
[2024-09-12T16:15:41.653+0000] {logging_mixin.py:190} INFO - [2024-09-12T16:15:41.653+0000] {dag.py:4138} INFO - Setting next_dagrun for latest_only to 2024-09-12 12:00:00+00:00, run_after=2024-09-12 16:00:00+00:00
[2024-09-12T16:15:41.728+0000] {processor.py:208} INFO - Processing /home/airflow/.local/lib/python3.12/site-packages/airflow/example_dags/example_latest_only.py took 0.352 seconds
[2024-09-12T16:16:29.223+0000] {processor.py:186} INFO - Started process (PID=4270) to work on /home/airflow/.local/lib/python3.12/site-packages/airflow/example_dags/example_latest_only.py
[2024-09-12T16:16:29.229+0000] {processor.py:914} INFO - Processing file /home/airflow/.local/lib/python3.12/site-packages/airflow/example_dags/example_latest_only.py for tasks to queue
[2024-09-12T16:16:29.236+0000] {logging_mixin.py:190} INFO - [2024-09-12T16:16:29.234+0000] {dagbag.py:587} INFO - Filling up the DagBag from /home/airflow/.local/lib/python3.12/site-packages/airflow/example_dags/example_latest_only.py
[2024-09-12T16:16:29.273+0000] {processor.py:925} INFO - DAG(s) 'latest_only' retrieved from /home/airflow/.local/lib/python3.12/site-packages/airflow/example_dags/example_latest_only.py
[2024-09-12T16:16:29.349+0000] {logging_mixin.py:190} INFO - [2024-09-12T16:16:29.348+0000] {dag.py:3211} INFO - Sync 1 DAGs
[2024-09-12T16:16:29.473+0000] {logging_mixin.py:190} INFO - [2024-09-12T16:16:29.473+0000] {dag.py:4138} INFO - Setting next_dagrun for latest_only to 2024-09-12 12:00:00+00:00, run_after=2024-09-12 16:00:00+00:00
[2024-09-12T16:16:29.623+0000] {processor.py:208} INFO - Processing /home/airflow/.local/lib/python3.12/site-packages/airflow/example_dags/example_latest_only.py took 0.413 seconds
[2024-09-12T16:17:06.811+0000] {processor.py:186} INFO - Started process (PID=4337) to work on /home/airflow/.local/lib/python3.12/site-packages/airflow/example_dags/example_latest_only.py
[2024-09-12T16:17:06.818+0000] {processor.py:914} INFO - Processing file /home/airflow/.local/lib/python3.12/site-packages/airflow/example_dags/example_latest_only.py for tasks to queue
[2024-09-12T16:17:06.823+0000] {logging_mixin.py:190} INFO - [2024-09-12T16:17:06.822+0000] {dagbag.py:587} INFO - Filling up the DagBag from /home/airflow/.local/lib/python3.12/site-packages/airflow/example_dags/example_latest_only.py
[2024-09-12T16:17:06.921+0000] {processor.py:925} INFO - DAG(s) 'latest_only' retrieved from /home/airflow/.local/lib/python3.12/site-packages/airflow/example_dags/example_latest_only.py
[2024-09-12T16:17:07.101+0000] {logging_mixin.py:190} INFO - [2024-09-12T16:17:07.101+0000] {dag.py:3211} INFO - Sync 1 DAGs
[2024-09-12T16:17:07.275+0000] {logging_mixin.py:190} INFO - [2024-09-12T16:17:07.275+0000] {dag.py:4138} INFO - Setting next_dagrun for latest_only to 2024-09-12 12:00:00+00:00, run_after=2024-09-12 16:00:00+00:00
[2024-09-12T16:17:07.365+0000] {processor.py:208} INFO - Processing /home/airflow/.local/lib/python3.12/site-packages/airflow/example_dags/example_latest_only.py took 0.622 seconds
[2024-09-12T16:17:50.226+0000] {processor.py:186} INFO - Started process (PID=4401) to work on /home/airflow/.local/lib/python3.12/site-packages/airflow/example_dags/example_latest_only.py
[2024-09-12T16:17:50.229+0000] {processor.py:914} INFO - Processing file /home/airflow/.local/lib/python3.12/site-packages/airflow/example_dags/example_latest_only.py for tasks to queue
[2024-09-12T16:17:50.248+0000] {logging_mixin.py:190} INFO - [2024-09-12T16:17:50.247+0000] {dagbag.py:587} INFO - Filling up the DagBag from /home/airflow/.local/lib/python3.12/site-packages/airflow/example_dags/example_latest_only.py
[2024-09-12T16:17:50.292+0000] {processor.py:925} INFO - DAG(s) 'latest_only' retrieved from /home/airflow/.local/lib/python3.12/site-packages/airflow/example_dags/example_latest_only.py
[2024-09-12T16:17:50.385+0000] {logging_mixin.py:190} INFO - [2024-09-12T16:17:50.385+0000] {dag.py:3211} INFO - Sync 1 DAGs
[2024-09-12T16:17:50.535+0000] {logging_mixin.py:190} INFO - [2024-09-12T16:17:50.534+0000] {dag.py:4138} INFO - Setting next_dagrun for latest_only to 2024-09-12 12:00:00+00:00, run_after=2024-09-12 16:00:00+00:00
[2024-09-12T16:17:50.678+0000] {processor.py:208} INFO - Processing /home/airflow/.local/lib/python3.12/site-packages/airflow/example_dags/example_latest_only.py took 0.492 seconds
[2024-09-12T16:18:35.223+0000] {processor.py:186} INFO - Started process (PID=4456) to work on /home/airflow/.local/lib/python3.12/site-packages/airflow/example_dags/example_latest_only.py
[2024-09-12T16:18:35.238+0000] {processor.py:914} INFO - Processing file /home/airflow/.local/lib/python3.12/site-packages/airflow/example_dags/example_latest_only.py for tasks to queue
[2024-09-12T16:18:35.244+0000] {logging_mixin.py:190} INFO - [2024-09-12T16:18:35.243+0000] {dagbag.py:587} INFO - Filling up the DagBag from /home/airflow/.local/lib/python3.12/site-packages/airflow/example_dags/example_latest_only.py
[2024-09-12T16:18:35.303+0000] {processor.py:925} INFO - DAG(s) 'latest_only' retrieved from /home/airflow/.local/lib/python3.12/site-packages/airflow/example_dags/example_latest_only.py
[2024-09-12T16:18:35.506+0000] {logging_mixin.py:190} INFO - [2024-09-12T16:18:35.506+0000] {dag.py:3211} INFO - Sync 1 DAGs
[2024-09-12T16:18:35.715+0000] {logging_mixin.py:190} INFO - [2024-09-12T16:18:35.714+0000] {dag.py:4138} INFO - Setting next_dagrun for latest_only to 2024-09-12 12:00:00+00:00, run_after=2024-09-12 16:00:00+00:00
[2024-09-12T16:18:35.966+0000] {processor.py:208} INFO - Processing /home/airflow/.local/lib/python3.12/site-packages/airflow/example_dags/example_latest_only.py took 0.780 seconds
[2024-09-12T16:19:12.870+0000] {processor.py:186} INFO - Started process (PID=4522) to work on /home/airflow/.local/lib/python3.12/site-packages/airflow/example_dags/example_latest_only.py
[2024-09-12T16:19:12.895+0000] {processor.py:914} INFO - Processing file /home/airflow/.local/lib/python3.12/site-packages/airflow/example_dags/example_latest_only.py for tasks to queue
[2024-09-12T16:19:12.899+0000] {logging_mixin.py:190} INFO - [2024-09-12T16:19:12.898+0000] {dagbag.py:587} INFO - Filling up the DagBag from /home/airflow/.local/lib/python3.12/site-packages/airflow/example_dags/example_latest_only.py
[2024-09-12T16:19:13.013+0000] {processor.py:925} INFO - DAG(s) 'latest_only' retrieved from /home/airflow/.local/lib/python3.12/site-packages/airflow/example_dags/example_latest_only.py
[2024-09-12T16:19:13.208+0000] {logging_mixin.py:190} INFO - [2024-09-12T16:19:13.197+0000] {dag.py:3211} INFO - Sync 1 DAGs
[2024-09-12T16:19:13.333+0000] {logging_mixin.py:190} INFO - [2024-09-12T16:19:13.332+0000] {dag.py:4138} INFO - Setting next_dagrun for latest_only to 2024-09-12 12:00:00+00:00, run_after=2024-09-12 16:00:00+00:00
[2024-09-12T16:19:13.477+0000] {processor.py:208} INFO - Processing /home/airflow/.local/lib/python3.12/site-packages/airflow/example_dags/example_latest_only.py took 0.661 seconds
[2024-09-12T16:19:48.371+0000] {processor.py:186} INFO - Started process (PID=4594) to work on /home/airflow/.local/lib/python3.12/site-packages/airflow/example_dags/example_latest_only.py
[2024-09-12T16:19:48.382+0000] {processor.py:914} INFO - Processing file /home/airflow/.local/lib/python3.12/site-packages/airflow/example_dags/example_latest_only.py for tasks to queue
[2024-09-12T16:19:48.390+0000] {logging_mixin.py:190} INFO - [2024-09-12T16:19:48.389+0000] {dagbag.py:587} INFO - Filling up the DagBag from /home/airflow/.local/lib/python3.12/site-packages/airflow/example_dags/example_latest_only.py
[2024-09-12T16:19:48.466+0000] {processor.py:925} INFO - DAG(s) 'latest_only' retrieved from /home/airflow/.local/lib/python3.12/site-packages/airflow/example_dags/example_latest_only.py
[2024-09-12T16:19:48.600+0000] {logging_mixin.py:190} INFO - [2024-09-12T16:19:48.593+0000] {dag.py:3211} INFO - Sync 1 DAGs
[2024-09-12T16:19:48.927+0000] {logging_mixin.py:190} INFO - [2024-09-12T16:19:48.900+0000] {dag.py:4138} INFO - Setting next_dagrun for latest_only to 2024-09-12 12:00:00+00:00, run_after=2024-09-12 16:00:00+00:00
[2024-09-12T16:19:49.205+0000] {processor.py:208} INFO - Processing /home/airflow/.local/lib/python3.12/site-packages/airflow/example_dags/example_latest_only.py took 0.877 seconds
[2024-09-12T16:20:40.792+0000] {processor.py:186} INFO - Started process (PID=4654) to work on /home/airflow/.local/lib/python3.12/site-packages/airflow/example_dags/example_latest_only.py
[2024-09-12T16:20:40.813+0000] {processor.py:914} INFO - Processing file /home/airflow/.local/lib/python3.12/site-packages/airflow/example_dags/example_latest_only.py for tasks to queue
[2024-09-12T16:20:40.852+0000] {logging_mixin.py:190} INFO - [2024-09-12T16:20:40.841+0000] {dagbag.py:587} INFO - Filling up the DagBag from /home/airflow/.local/lib/python3.12/site-packages/airflow/example_dags/example_latest_only.py
[2024-09-12T16:20:40.976+0000] {processor.py:925} INFO - DAG(s) 'latest_only' retrieved from /home/airflow/.local/lib/python3.12/site-packages/airflow/example_dags/example_latest_only.py
[2024-09-12T16:20:41.106+0000] {logging_mixin.py:190} INFO - [2024-09-12T16:20:41.103+0000] {dag.py:3211} INFO - Sync 1 DAGs
[2024-09-12T16:20:41.236+0000] {logging_mixin.py:190} INFO - [2024-09-12T16:20:41.236+0000] {dag.py:4138} INFO - Setting next_dagrun for latest_only to 2024-09-12 12:00:00+00:00, run_after=2024-09-12 16:00:00+00:00
[2024-09-12T16:20:41.329+0000] {processor.py:208} INFO - Processing /home/airflow/.local/lib/python3.12/site-packages/airflow/example_dags/example_latest_only.py took 0.570 seconds
[2024-09-12T16:21:15.771+0000] {processor.py:186} INFO - Started process (PID=4715) to work on /home/airflow/.local/lib/python3.12/site-packages/airflow/example_dags/example_latest_only.py
[2024-09-12T16:21:15.778+0000] {processor.py:914} INFO - Processing file /home/airflow/.local/lib/python3.12/site-packages/airflow/example_dags/example_latest_only.py for tasks to queue
[2024-09-12T16:21:15.792+0000] {logging_mixin.py:190} INFO - [2024-09-12T16:21:15.791+0000] {dagbag.py:587} INFO - Filling up the DagBag from /home/airflow/.local/lib/python3.12/site-packages/airflow/example_dags/example_latest_only.py
[2024-09-12T16:21:15.852+0000] {processor.py:925} INFO - DAG(s) 'latest_only' retrieved from /home/airflow/.local/lib/python3.12/site-packages/airflow/example_dags/example_latest_only.py
[2024-09-12T16:21:16.061+0000] {logging_mixin.py:190} INFO - [2024-09-12T16:21:16.061+0000] {dag.py:3211} INFO - Sync 1 DAGs
[2024-09-12T16:21:16.340+0000] {logging_mixin.py:190} INFO - [2024-09-12T16:21:16.327+0000] {dag.py:4138} INFO - Setting next_dagrun for latest_only to 2024-09-12 12:00:00+00:00, run_after=2024-09-12 16:00:00+00:00
[2024-09-12T16:21:16.525+0000] {processor.py:208} INFO - Processing /home/airflow/.local/lib/python3.12/site-packages/airflow/example_dags/example_latest_only.py took 0.802 seconds
[2024-09-12T16:22:04.286+0000] {processor.py:186} INFO - Started process (PID=4744) to work on /home/airflow/.local/lib/python3.12/site-packages/airflow/example_dags/example_latest_only.py
[2024-09-12T16:22:04.292+0000] {processor.py:914} INFO - Processing file /home/airflow/.local/lib/python3.12/site-packages/airflow/example_dags/example_latest_only.py for tasks to queue
[2024-09-12T16:22:04.300+0000] {logging_mixin.py:190} INFO - [2024-09-12T16:22:04.299+0000] {dagbag.py:587} INFO - Filling up the DagBag from /home/airflow/.local/lib/python3.12/site-packages/airflow/example_dags/example_latest_only.py
[2024-09-12T16:22:04.334+0000] {processor.py:925} INFO - DAG(s) 'latest_only' retrieved from /home/airflow/.local/lib/python3.12/site-packages/airflow/example_dags/example_latest_only.py
[2024-09-12T16:22:04.475+0000] {logging_mixin.py:190} INFO - [2024-09-12T16:22:04.475+0000] {dag.py:3211} INFO - Sync 1 DAGs
[2024-09-12T16:22:04.663+0000] {logging_mixin.py:190} INFO - [2024-09-12T16:22:04.662+0000] {dag.py:4138} INFO - Setting next_dagrun for latest_only to 2024-09-12 12:00:00+00:00, run_after=2024-09-12 16:00:00+00:00
[2024-09-12T16:22:04.869+0000] {processor.py:208} INFO - Processing /home/airflow/.local/lib/python3.12/site-packages/airflow/example_dags/example_latest_only.py took 0.606 seconds
[2024-09-12T16:22:43.954+0000] {processor.py:186} INFO - Started process (PID=4811) to work on /home/airflow/.local/lib/python3.12/site-packages/airflow/example_dags/example_latest_only.py
[2024-09-12T16:22:43.990+0000] {processor.py:914} INFO - Processing file /home/airflow/.local/lib/python3.12/site-packages/airflow/example_dags/example_latest_only.py for tasks to queue
[2024-09-12T16:22:43.994+0000] {logging_mixin.py:190} INFO - [2024-09-12T16:22:43.993+0000] {dagbag.py:587} INFO - Filling up the DagBag from /home/airflow/.local/lib/python3.12/site-packages/airflow/example_dags/example_latest_only.py
[2024-09-12T16:22:44.068+0000] {processor.py:925} INFO - DAG(s) 'latest_only' retrieved from /home/airflow/.local/lib/python3.12/site-packages/airflow/example_dags/example_latest_only.py
[2024-09-12T16:22:44.394+0000] {logging_mixin.py:190} INFO - [2024-09-12T16:22:44.393+0000] {dag.py:3211} INFO - Sync 1 DAGs
[2024-09-12T16:22:44.868+0000] {logging_mixin.py:190} INFO - [2024-09-12T16:22:44.818+0000] {dag.py:4138} INFO - Setting next_dagrun for latest_only to 2024-09-12 12:00:00+00:00, run_after=2024-09-12 16:00:00+00:00
[2024-09-12T16:22:45.084+0000] {processor.py:208} INFO - Processing /home/airflow/.local/lib/python3.12/site-packages/airflow/example_dags/example_latest_only.py took 1.436 seconds
[2024-09-12T16:23:27.705+0000] {processor.py:186} INFO - Started process (PID=4883) to work on /home/airflow/.local/lib/python3.12/site-packages/airflow/example_dags/example_latest_only.py
[2024-09-12T16:23:27.718+0000] {processor.py:914} INFO - Processing file /home/airflow/.local/lib/python3.12/site-packages/airflow/example_dags/example_latest_only.py for tasks to queue
[2024-09-12T16:23:27.729+0000] {logging_mixin.py:190} INFO - [2024-09-12T16:23:27.728+0000] {dagbag.py:587} INFO - Filling up the DagBag from /home/airflow/.local/lib/python3.12/site-packages/airflow/example_dags/example_latest_only.py
[2024-09-12T16:23:27.854+0000] {processor.py:925} INFO - DAG(s) 'latest_only' retrieved from /home/airflow/.local/lib/python3.12/site-packages/airflow/example_dags/example_latest_only.py
[2024-09-12T16:23:28.126+0000] {logging_mixin.py:190} INFO - [2024-09-12T16:23:28.114+0000] {dag.py:3211} INFO - Sync 1 DAGs
[2024-09-12T16:23:28.559+0000] {logging_mixin.py:190} INFO - [2024-09-12T16:23:28.559+0000] {dag.py:4138} INFO - Setting next_dagrun for latest_only to 2024-09-12 12:00:00+00:00, run_after=2024-09-12 16:00:00+00:00
[2024-09-12T16:23:28.855+0000] {processor.py:208} INFO - Processing /home/airflow/.local/lib/python3.12/site-packages/airflow/example_dags/example_latest_only.py took 1.174 seconds
