[2024-09-12T14:58:47.448+0000] {processor.py:186} INFO - Started process (PID=96) to work on /home/airflow/.local/lib/python3.12/site-packages/airflow/example_dags/example_xcom.py
[2024-09-12T14:58:47.455+0000] {processor.py:914} INFO - Processing file /home/airflow/.local/lib/python3.12/site-packages/airflow/example_dags/example_xcom.py for tasks to queue
[2024-09-12T14:58:47.462+0000] {logging_mixin.py:190} INFO - [2024-09-12T14:58:47.460+0000] {dagbag.py:587} INFO - Filling up the DagBag from /home/airflow/.local/lib/python3.12/site-packages/airflow/example_dags/example_xcom.py
[2024-09-12T14:58:47.509+0000] {processor.py:925} INFO - DAG(s) 'example_xcom' retrieved from /home/airflow/.local/lib/python3.12/site-packages/airflow/example_dags/example_xcom.py
[2024-09-12T14:58:47.733+0000] {logging_mixin.py:190} INFO - [2024-09-12T14:58:47.732+0000] {dag.py:3211} INFO - Sync 1 DAGs
[2024-09-12T14:58:47.883+0000] {logging_mixin.py:190} INFO - [2024-09-12T14:58:47.875+0000] {dag.py:4138} INFO - Setting next_dagrun for example_xcom to 2021-01-01 00:00:00+00:00, run_after=2021-01-01 00:00:00+00:00
[2024-09-12T14:58:47.987+0000] {processor.py:208} INFO - Processing /home/airflow/.local/lib/python3.12/site-packages/airflow/example_dags/example_xcom.py took 0.560 seconds
[2024-09-12T14:59:42.973+0000] {processor.py:186} INFO - Started process (PID=167) to work on /home/airflow/.local/lib/python3.12/site-packages/airflow/example_dags/example_xcom.py
[2024-09-12T14:59:42.989+0000] {processor.py:914} INFO - Processing file /home/airflow/.local/lib/python3.12/site-packages/airflow/example_dags/example_xcom.py for tasks to queue
[2024-09-12T14:59:43.007+0000] {logging_mixin.py:190} INFO - [2024-09-12T14:59:43.006+0000] {dagbag.py:587} INFO - Filling up the DagBag from /home/airflow/.local/lib/python3.12/site-packages/airflow/example_dags/example_xcom.py
[2024-09-12T14:59:43.116+0000] {processor.py:925} INFO - DAG(s) 'example_xcom' retrieved from /home/airflow/.local/lib/python3.12/site-packages/airflow/example_dags/example_xcom.py
[2024-09-12T14:59:43.374+0000] {logging_mixin.py:190} INFO - [2024-09-12T14:59:43.374+0000] {dag.py:3211} INFO - Sync 1 DAGs
[2024-09-12T14:59:43.581+0000] {logging_mixin.py:190} INFO - [2024-09-12T14:59:43.580+0000] {dag.py:4138} INFO - Setting next_dagrun for example_xcom to 2021-01-01 00:00:00+00:00, run_after=2021-01-01 00:00:00+00:00
[2024-09-12T14:59:43.865+0000] {processor.py:208} INFO - Processing /home/airflow/.local/lib/python3.12/site-packages/airflow/example_dags/example_xcom.py took 0.986 seconds
[2024-09-12T15:00:40.911+0000] {processor.py:186} INFO - Started process (PID=243) to work on /home/airflow/.local/lib/python3.12/site-packages/airflow/example_dags/example_xcom.py
[2024-09-12T15:00:40.926+0000] {processor.py:914} INFO - Processing file /home/airflow/.local/lib/python3.12/site-packages/airflow/example_dags/example_xcom.py for tasks to queue
[2024-09-12T15:00:40.945+0000] {logging_mixin.py:190} INFO - [2024-09-12T15:00:40.944+0000] {dagbag.py:587} INFO - Filling up the DagBag from /home/airflow/.local/lib/python3.12/site-packages/airflow/example_dags/example_xcom.py
[2024-09-12T15:00:41.061+0000] {processor.py:925} INFO - DAG(s) 'example_xcom' retrieved from /home/airflow/.local/lib/python3.12/site-packages/airflow/example_dags/example_xcom.py
[2024-09-12T15:00:41.239+0000] {logging_mixin.py:190} INFO - [2024-09-12T15:00:41.238+0000] {dag.py:3211} INFO - Sync 1 DAGs
[2024-09-12T15:00:41.696+0000] {logging_mixin.py:190} INFO - [2024-09-12T15:00:41.696+0000] {dag.py:4138} INFO - Setting next_dagrun for example_xcom to 2021-01-01 00:00:00+00:00, run_after=2021-01-01 00:00:00+00:00
[2024-09-12T15:00:41.984+0000] {processor.py:208} INFO - Processing /home/airflow/.local/lib/python3.12/site-packages/airflow/example_dags/example_xcom.py took 1.184 seconds
[2024-09-12T15:01:57.683+0000] {processor.py:186} INFO - Started process (PID=320) to work on /home/airflow/.local/lib/python3.12/site-packages/airflow/example_dags/example_xcom.py
[2024-09-12T15:01:57.791+0000] {processor.py:914} INFO - Processing file /home/airflow/.local/lib/python3.12/site-packages/airflow/example_dags/example_xcom.py for tasks to queue
[2024-09-12T15:01:57.873+0000] {logging_mixin.py:190} INFO - [2024-09-12T15:01:57.873+0000] {dagbag.py:587} INFO - Filling up the DagBag from /home/airflow/.local/lib/python3.12/site-packages/airflow/example_dags/example_xcom.py
[2024-09-12T15:01:58.047+0000] {processor.py:925} INFO - DAG(s) 'example_xcom' retrieved from /home/airflow/.local/lib/python3.12/site-packages/airflow/example_dags/example_xcom.py
[2024-09-12T15:01:58.537+0000] {logging_mixin.py:190} INFO - [2024-09-12T15:01:58.536+0000] {dag.py:3211} INFO - Sync 1 DAGs
[2024-09-12T15:01:58.935+0000] {logging_mixin.py:190} INFO - [2024-09-12T15:01:58.935+0000] {dag.py:4138} INFO - Setting next_dagrun for example_xcom to 2021-01-01 00:00:00+00:00, run_after=2021-01-01 00:00:00+00:00
[2024-09-12T15:01:59.300+0000] {processor.py:208} INFO - Processing /home/airflow/.local/lib/python3.12/site-packages/airflow/example_dags/example_xcom.py took 1.715 seconds
[2024-09-12T15:04:07.763+0000] {processor.py:186} INFO - Started process (PID=417) to work on /home/airflow/.local/lib/python3.12/site-packages/airflow/example_dags/example_xcom.py
[2024-09-12T15:04:07.785+0000] {processor.py:914} INFO - Processing file /home/airflow/.local/lib/python3.12/site-packages/airflow/example_dags/example_xcom.py for tasks to queue
[2024-09-12T15:04:07.795+0000] {logging_mixin.py:190} INFO - [2024-09-12T15:04:07.794+0000] {dagbag.py:587} INFO - Filling up the DagBag from /home/airflow/.local/lib/python3.12/site-packages/airflow/example_dags/example_xcom.py
[2024-09-12T15:04:07.916+0000] {processor.py:925} INFO - DAG(s) 'example_xcom' retrieved from /home/airflow/.local/lib/python3.12/site-packages/airflow/example_dags/example_xcom.py
[2024-09-12T15:04:08.131+0000] {logging_mixin.py:190} INFO - [2024-09-12T15:04:08.130+0000] {dag.py:3211} INFO - Sync 1 DAGs
[2024-09-12T15:04:08.352+0000] {logging_mixin.py:190} INFO - [2024-09-12T15:04:08.352+0000] {dag.py:4138} INFO - Setting next_dagrun for example_xcom to 2021-01-01 00:00:00+00:00, run_after=2021-01-01 00:00:00+00:00
[2024-09-12T15:04:08.498+0000] {processor.py:208} INFO - Processing /home/airflow/.local/lib/python3.12/site-packages/airflow/example_dags/example_xcom.py took 0.914 seconds
[2024-09-12T15:05:01.791+0000] {processor.py:186} INFO - Started process (PID=488) to work on /home/airflow/.local/lib/python3.12/site-packages/airflow/example_dags/example_xcom.py
[2024-09-12T15:05:01.805+0000] {processor.py:914} INFO - Processing file /home/airflow/.local/lib/python3.12/site-packages/airflow/example_dags/example_xcom.py for tasks to queue
[2024-09-12T15:05:01.823+0000] {logging_mixin.py:190} INFO - [2024-09-12T15:05:01.822+0000] {dagbag.py:587} INFO - Filling up the DagBag from /home/airflow/.local/lib/python3.12/site-packages/airflow/example_dags/example_xcom.py
[2024-09-12T15:05:01.923+0000] {processor.py:925} INFO - DAG(s) 'example_xcom' retrieved from /home/airflow/.local/lib/python3.12/site-packages/airflow/example_dags/example_xcom.py
[2024-09-12T15:05:02.237+0000] {logging_mixin.py:190} INFO - [2024-09-12T15:05:02.237+0000] {dag.py:3211} INFO - Sync 1 DAGs
[2024-09-12T15:05:02.444+0000] {logging_mixin.py:190} INFO - [2024-09-12T15:05:02.444+0000] {dag.py:4138} INFO - Setting next_dagrun for example_xcom to 2021-01-01 00:00:00+00:00, run_after=2021-01-01 00:00:00+00:00
[2024-09-12T15:05:02.717+0000] {processor.py:208} INFO - Processing /home/airflow/.local/lib/python3.12/site-packages/airflow/example_dags/example_xcom.py took 1.059 seconds
[2024-09-12T15:06:02.179+0000] {processor.py:186} INFO - Started process (PID=550) to work on /home/airflow/.local/lib/python3.12/site-packages/airflow/example_dags/example_xcom.py
[2024-09-12T15:06:02.196+0000] {processor.py:914} INFO - Processing file /home/airflow/.local/lib/python3.12/site-packages/airflow/example_dags/example_xcom.py for tasks to queue
[2024-09-12T15:06:02.199+0000] {logging_mixin.py:190} INFO - [2024-09-12T15:06:02.198+0000] {dagbag.py:587} INFO - Filling up the DagBag from /home/airflow/.local/lib/python3.12/site-packages/airflow/example_dags/example_xcom.py
[2024-09-12T15:06:02.302+0000] {processor.py:925} INFO - DAG(s) 'example_xcom' retrieved from /home/airflow/.local/lib/python3.12/site-packages/airflow/example_dags/example_xcom.py
[2024-09-12T15:06:02.599+0000] {logging_mixin.py:190} INFO - [2024-09-12T15:06:02.599+0000] {dag.py:3211} INFO - Sync 1 DAGs
[2024-09-12T15:06:02.938+0000] {logging_mixin.py:190} INFO - [2024-09-12T15:06:02.937+0000] {dag.py:4138} INFO - Setting next_dagrun for example_xcom to 2021-01-01 00:00:00+00:00, run_after=2021-01-01 00:00:00+00:00
[2024-09-12T15:06:03.386+0000] {processor.py:208} INFO - Processing /home/airflow/.local/lib/python3.12/site-packages/airflow/example_dags/example_xcom.py took 1.219 seconds
[2024-09-12T15:06:56.522+0000] {processor.py:186} INFO - Started process (PID=615) to work on /home/airflow/.local/lib/python3.12/site-packages/airflow/example_dags/example_xcom.py
[2024-09-12T15:06:56.553+0000] {processor.py:914} INFO - Processing file /home/airflow/.local/lib/python3.12/site-packages/airflow/example_dags/example_xcom.py for tasks to queue
[2024-09-12T15:06:56.577+0000] {logging_mixin.py:190} INFO - [2024-09-12T15:06:56.576+0000] {dagbag.py:587} INFO - Filling up the DagBag from /home/airflow/.local/lib/python3.12/site-packages/airflow/example_dags/example_xcom.py
[2024-09-12T15:06:56.773+0000] {processor.py:925} INFO - DAG(s) 'example_xcom' retrieved from /home/airflow/.local/lib/python3.12/site-packages/airflow/example_dags/example_xcom.py
[2024-09-12T15:06:57.040+0000] {logging_mixin.py:190} INFO - [2024-09-12T15:06:57.040+0000] {dag.py:3211} INFO - Sync 1 DAGs
[2024-09-12T15:06:57.405+0000] {logging_mixin.py:190} INFO - [2024-09-12T15:06:57.393+0000] {dag.py:4138} INFO - Setting next_dagrun for example_xcom to 2021-01-01 00:00:00+00:00, run_after=2021-01-01 00:00:00+00:00
[2024-09-12T15:06:57.809+0000] {processor.py:208} INFO - Processing /home/airflow/.local/lib/python3.12/site-packages/airflow/example_dags/example_xcom.py took 1.306 seconds
[2024-09-12T15:08:01.242+0000] {processor.py:186} INFO - Started process (PID=686) to work on /home/airflow/.local/lib/python3.12/site-packages/airflow/example_dags/example_xcom.py
[2024-09-12T15:08:01.245+0000] {processor.py:914} INFO - Processing file /home/airflow/.local/lib/python3.12/site-packages/airflow/example_dags/example_xcom.py for tasks to queue
[2024-09-12T15:08:01.276+0000] {logging_mixin.py:190} INFO - [2024-09-12T15:08:01.275+0000] {dagbag.py:587} INFO - Filling up the DagBag from /home/airflow/.local/lib/python3.12/site-packages/airflow/example_dags/example_xcom.py
[2024-09-12T15:08:01.527+0000] {processor.py:925} INFO - DAG(s) 'example_xcom' retrieved from /home/airflow/.local/lib/python3.12/site-packages/airflow/example_dags/example_xcom.py
[2024-09-12T15:08:02.016+0000] {logging_mixin.py:190} INFO - [2024-09-12T15:08:02.016+0000] {dag.py:3211} INFO - Sync 1 DAGs
[2024-09-12T15:08:02.306+0000] {logging_mixin.py:190} INFO - [2024-09-12T15:08:02.294+0000] {dag.py:4138} INFO - Setting next_dagrun for example_xcom to 2021-01-01 00:00:00+00:00, run_after=2021-01-01 00:00:00+00:00
[2024-09-12T15:08:02.719+0000] {processor.py:208} INFO - Processing /home/airflow/.local/lib/python3.12/site-packages/airflow/example_dags/example_xcom.py took 1.605 seconds
[2024-09-12T15:09:29.432+0000] {processor.py:186} INFO - Started process (PID=769) to work on /home/airflow/.local/lib/python3.12/site-packages/airflow/example_dags/example_xcom.py
[2024-09-12T15:09:29.448+0000] {processor.py:914} INFO - Processing file /home/airflow/.local/lib/python3.12/site-packages/airflow/example_dags/example_xcom.py for tasks to queue
[2024-09-12T15:09:29.528+0000] {logging_mixin.py:190} INFO - [2024-09-12T15:09:29.452+0000] {dagbag.py:587} INFO - Filling up the DagBag from /home/airflow/.local/lib/python3.12/site-packages/airflow/example_dags/example_xcom.py
[2024-09-12T15:09:29.889+0000] {processor.py:925} INFO - DAG(s) 'example_xcom' retrieved from /home/airflow/.local/lib/python3.12/site-packages/airflow/example_dags/example_xcom.py
[2024-09-12T15:09:30.280+0000] {logging_mixin.py:190} INFO - [2024-09-12T15:09:30.279+0000] {dag.py:3211} INFO - Sync 1 DAGs
[2024-09-12T15:09:30.694+0000] {logging_mixin.py:190} INFO - [2024-09-12T15:09:30.693+0000] {dag.py:4138} INFO - Setting next_dagrun for example_xcom to 2021-01-01 00:00:00+00:00, run_after=2021-01-01 00:00:00+00:00
[2024-09-12T15:09:31.009+0000] {processor.py:208} INFO - Processing /home/airflow/.local/lib/python3.12/site-packages/airflow/example_dags/example_xcom.py took 1.692 seconds
[2024-09-12T15:10:35.431+0000] {processor.py:186} INFO - Started process (PID=848) to work on /home/airflow/.local/lib/python3.12/site-packages/airflow/example_dags/example_xcom.py
[2024-09-12T15:10:35.439+0000] {processor.py:914} INFO - Processing file /home/airflow/.local/lib/python3.12/site-packages/airflow/example_dags/example_xcom.py for tasks to queue
[2024-09-12T15:10:35.454+0000] {logging_mixin.py:190} INFO - [2024-09-12T15:10:35.451+0000] {dagbag.py:587} INFO - Filling up the DagBag from /home/airflow/.local/lib/python3.12/site-packages/airflow/example_dags/example_xcom.py
[2024-09-12T15:10:35.541+0000] {processor.py:925} INFO - DAG(s) 'example_xcom' retrieved from /home/airflow/.local/lib/python3.12/site-packages/airflow/example_dags/example_xcom.py
[2024-09-12T15:10:35.749+0000] {logging_mixin.py:190} INFO - [2024-09-12T15:10:35.748+0000] {dag.py:3211} INFO - Sync 1 DAGs
[2024-09-12T15:10:35.927+0000] {logging_mixin.py:190} INFO - [2024-09-12T15:10:35.926+0000] {dag.py:4138} INFO - Setting next_dagrun for example_xcom to 2021-01-01 00:00:00+00:00, run_after=2021-01-01 00:00:00+00:00
[2024-09-12T15:10:36.243+0000] {processor.py:208} INFO - Processing /home/airflow/.local/lib/python3.12/site-packages/airflow/example_dags/example_xcom.py took 0.856 seconds
[2024-09-12T15:11:29.103+0000] {processor.py:186} INFO - Started process (PID=917) to work on /home/airflow/.local/lib/python3.12/site-packages/airflow/example_dags/example_xcom.py
[2024-09-12T15:11:29.116+0000] {processor.py:914} INFO - Processing file /home/airflow/.local/lib/python3.12/site-packages/airflow/example_dags/example_xcom.py for tasks to queue
[2024-09-12T15:11:29.148+0000] {logging_mixin.py:190} INFO - [2024-09-12T15:11:29.142+0000] {dagbag.py:587} INFO - Filling up the DagBag from /home/airflow/.local/lib/python3.12/site-packages/airflow/example_dags/example_xcom.py
[2024-09-12T15:11:29.320+0000] {processor.py:925} INFO - DAG(s) 'example_xcom' retrieved from /home/airflow/.local/lib/python3.12/site-packages/airflow/example_dags/example_xcom.py
[2024-09-12T15:11:29.715+0000] {logging_mixin.py:190} INFO - [2024-09-12T15:11:29.715+0000] {dag.py:3211} INFO - Sync 1 DAGs
[2024-09-12T15:11:29.974+0000] {logging_mixin.py:190} INFO - [2024-09-12T15:11:29.973+0000] {dag.py:4138} INFO - Setting next_dagrun for example_xcom to 2021-01-01 00:00:00+00:00, run_after=2021-01-01 00:00:00+00:00
[2024-09-12T15:11:30.273+0000] {processor.py:208} INFO - Processing /home/airflow/.local/lib/python3.12/site-packages/airflow/example_dags/example_xcom.py took 1.232 seconds
[2024-09-12T15:15:10.853+0000] {processor.py:186} INFO - Started process (PID=99) to work on /home/airflow/.local/lib/python3.12/site-packages/airflow/example_dags/example_xcom.py
[2024-09-12T15:15:10.868+0000] {processor.py:914} INFO - Processing file /home/airflow/.local/lib/python3.12/site-packages/airflow/example_dags/example_xcom.py for tasks to queue
[2024-09-12T15:15:10.925+0000] {logging_mixin.py:190} INFO - [2024-09-12T15:15:10.925+0000] {dagbag.py:587} INFO - Filling up the DagBag from /home/airflow/.local/lib/python3.12/site-packages/airflow/example_dags/example_xcom.py
[2024-09-12T15:15:11.154+0000] {processor.py:925} INFO - DAG(s) 'example_xcom' retrieved from /home/airflow/.local/lib/python3.12/site-packages/airflow/example_dags/example_xcom.py
[2024-09-12T15:15:11.402+0000] {logging_mixin.py:190} INFO - [2024-09-12T15:15:11.401+0000] {dag.py:3211} INFO - Sync 1 DAGs
[2024-09-12T15:15:11.594+0000] {logging_mixin.py:190} INFO - [2024-09-12T15:15:11.594+0000] {dag.py:4138} INFO - Setting next_dagrun for example_xcom to 2021-01-01 00:00:00+00:00, run_after=2021-01-01 00:00:00+00:00
[2024-09-12T15:15:11.792+0000] {processor.py:208} INFO - Processing /home/airflow/.local/lib/python3.12/site-packages/airflow/example_dags/example_xcom.py took 1.071 seconds
[2024-09-12T15:16:06.904+0000] {processor.py:186} INFO - Started process (PID=170) to work on /home/airflow/.local/lib/python3.12/site-packages/airflow/example_dags/example_xcom.py
[2024-09-12T15:16:06.920+0000] {processor.py:914} INFO - Processing file /home/airflow/.local/lib/python3.12/site-packages/airflow/example_dags/example_xcom.py for tasks to queue
[2024-09-12T15:16:06.953+0000] {logging_mixin.py:190} INFO - [2024-09-12T15:16:06.952+0000] {dagbag.py:587} INFO - Filling up the DagBag from /home/airflow/.local/lib/python3.12/site-packages/airflow/example_dags/example_xcom.py
[2024-09-12T15:16:07.107+0000] {processor.py:925} INFO - DAG(s) 'example_xcom' retrieved from /home/airflow/.local/lib/python3.12/site-packages/airflow/example_dags/example_xcom.py
[2024-09-12T15:16:07.746+0000] {logging_mixin.py:190} INFO - [2024-09-12T15:16:07.745+0000] {dag.py:3211} INFO - Sync 1 DAGs
[2024-09-12T15:16:07.996+0000] {logging_mixin.py:190} INFO - [2024-09-12T15:16:07.996+0000] {dag.py:4138} INFO - Setting next_dagrun for example_xcom to 2021-01-01 00:00:00+00:00, run_after=2021-01-01 00:00:00+00:00
[2024-09-12T15:16:08.250+0000] {processor.py:208} INFO - Processing /home/airflow/.local/lib/python3.12/site-packages/airflow/example_dags/example_xcom.py took 1.460 seconds
[2024-09-12T15:17:17.616+0000] {processor.py:186} INFO - Started process (PID=235) to work on /home/airflow/.local/lib/python3.12/site-packages/airflow/example_dags/example_xcom.py
[2024-09-12T15:17:17.631+0000] {processor.py:914} INFO - Processing file /home/airflow/.local/lib/python3.12/site-packages/airflow/example_dags/example_xcom.py for tasks to queue
[2024-09-12T15:17:17.690+0000] {logging_mixin.py:190} INFO - [2024-09-12T15:17:17.689+0000] {dagbag.py:587} INFO - Filling up the DagBag from /home/airflow/.local/lib/python3.12/site-packages/airflow/example_dags/example_xcom.py
[2024-09-12T15:17:17.775+0000] {processor.py:925} INFO - DAG(s) 'example_xcom' retrieved from /home/airflow/.local/lib/python3.12/site-packages/airflow/example_dags/example_xcom.py
[2024-09-12T15:17:18.019+0000] {logging_mixin.py:190} INFO - [2024-09-12T15:17:18.019+0000] {dag.py:3211} INFO - Sync 1 DAGs
[2024-09-12T15:17:18.175+0000] {logging_mixin.py:190} INFO - [2024-09-12T15:17:18.175+0000] {dag.py:4138} INFO - Setting next_dagrun for example_xcom to 2021-01-01 00:00:00+00:00, run_after=2021-01-01 00:00:00+00:00
[2024-09-12T15:17:18.376+0000] {processor.py:208} INFO - Processing /home/airflow/.local/lib/python3.12/site-packages/airflow/example_dags/example_xcom.py took 0.835 seconds
[2024-09-12T15:18:14.461+0000] {processor.py:186} INFO - Started process (PID=306) to work on /home/airflow/.local/lib/python3.12/site-packages/airflow/example_dags/example_xcom.py
[2024-09-12T15:18:14.478+0000] {processor.py:914} INFO - Processing file /home/airflow/.local/lib/python3.12/site-packages/airflow/example_dags/example_xcom.py for tasks to queue
[2024-09-12T15:18:14.499+0000] {logging_mixin.py:190} INFO - [2024-09-12T15:18:14.498+0000] {dagbag.py:587} INFO - Filling up the DagBag from /home/airflow/.local/lib/python3.12/site-packages/airflow/example_dags/example_xcom.py
[2024-09-12T15:18:14.646+0000] {processor.py:925} INFO - DAG(s) 'example_xcom' retrieved from /home/airflow/.local/lib/python3.12/site-packages/airflow/example_dags/example_xcom.py
[2024-09-12T15:18:14.841+0000] {logging_mixin.py:190} INFO - [2024-09-12T15:18:14.840+0000] {dag.py:3211} INFO - Sync 1 DAGs
[2024-09-12T15:18:15.075+0000] {logging_mixin.py:190} INFO - [2024-09-12T15:18:15.073+0000] {dag.py:4138} INFO - Setting next_dagrun for example_xcom to 2021-01-01 00:00:00+00:00, run_after=2021-01-01 00:00:00+00:00
[2024-09-12T15:18:15.194+0000] {processor.py:208} INFO - Processing /home/airflow/.local/lib/python3.12/site-packages/airflow/example_dags/example_xcom.py took 0.836 seconds
[2024-09-12T15:19:26.651+0000] {processor.py:186} INFO - Started process (PID=394) to work on /home/airflow/.local/lib/python3.12/site-packages/airflow/example_dags/example_xcom.py
[2024-09-12T15:19:26.669+0000] {processor.py:914} INFO - Processing file /home/airflow/.local/lib/python3.12/site-packages/airflow/example_dags/example_xcom.py for tasks to queue
[2024-09-12T15:19:26.692+0000] {logging_mixin.py:190} INFO - [2024-09-12T15:19:26.691+0000] {dagbag.py:587} INFO - Filling up the DagBag from /home/airflow/.local/lib/python3.12/site-packages/airflow/example_dags/example_xcom.py
[2024-09-12T15:19:26.824+0000] {processor.py:925} INFO - DAG(s) 'example_xcom' retrieved from /home/airflow/.local/lib/python3.12/site-packages/airflow/example_dags/example_xcom.py
[2024-09-12T15:19:27.023+0000] {logging_mixin.py:190} INFO - [2024-09-12T15:19:27.023+0000] {dag.py:3211} INFO - Sync 1 DAGs
[2024-09-12T15:19:27.281+0000] {logging_mixin.py:190} INFO - [2024-09-12T15:19:27.281+0000] {dag.py:4138} INFO - Setting next_dagrun for example_xcom to 2021-01-01 00:00:00+00:00, run_after=2021-01-01 00:00:00+00:00
[2024-09-12T15:19:27.607+0000] {processor.py:208} INFO - Processing /home/airflow/.local/lib/python3.12/site-packages/airflow/example_dags/example_xcom.py took 1.008 seconds
[2024-09-12T15:20:11.306+0000] {processor.py:186} INFO - Started process (PID=456) to work on /home/airflow/.local/lib/python3.12/site-packages/airflow/example_dags/example_xcom.py
[2024-09-12T15:20:11.352+0000] {processor.py:914} INFO - Processing file /home/airflow/.local/lib/python3.12/site-packages/airflow/example_dags/example_xcom.py for tasks to queue
[2024-09-12T15:20:11.417+0000] {logging_mixin.py:190} INFO - [2024-09-12T15:20:11.416+0000] {dagbag.py:587} INFO - Filling up the DagBag from /home/airflow/.local/lib/python3.12/site-packages/airflow/example_dags/example_xcom.py
[2024-09-12T15:20:11.577+0000] {processor.py:925} INFO - DAG(s) 'example_xcom' retrieved from /home/airflow/.local/lib/python3.12/site-packages/airflow/example_dags/example_xcom.py
[2024-09-12T15:20:11.980+0000] {logging_mixin.py:190} INFO - [2024-09-12T15:20:11.968+0000] {dag.py:3211} INFO - Sync 1 DAGs
[2024-09-12T15:20:12.489+0000] {logging_mixin.py:190} INFO - [2024-09-12T15:20:12.489+0000] {dag.py:4138} INFO - Setting next_dagrun for example_xcom to 2021-01-01 00:00:00+00:00, run_after=2021-01-01 00:00:00+00:00
[2024-09-12T15:20:12.775+0000] {processor.py:208} INFO - Processing /home/airflow/.local/lib/python3.12/site-packages/airflow/example_dags/example_xcom.py took 1.598 seconds
[2024-09-12T15:21:24.758+0000] {processor.py:186} INFO - Started process (PID=545) to work on /home/airflow/.local/lib/python3.12/site-packages/airflow/example_dags/example_xcom.py
[2024-09-12T15:21:24.761+0000] {processor.py:914} INFO - Processing file /home/airflow/.local/lib/python3.12/site-packages/airflow/example_dags/example_xcom.py for tasks to queue
[2024-09-12T15:21:24.806+0000] {logging_mixin.py:190} INFO - [2024-09-12T15:21:24.805+0000] {dagbag.py:587} INFO - Filling up the DagBag from /home/airflow/.local/lib/python3.12/site-packages/airflow/example_dags/example_xcom.py
[2024-09-12T15:21:24.953+0000] {processor.py:925} INFO - DAG(s) 'example_xcom' retrieved from /home/airflow/.local/lib/python3.12/site-packages/airflow/example_dags/example_xcom.py
[2024-09-12T15:21:25.316+0000] {logging_mixin.py:190} INFO - [2024-09-12T15:21:25.306+0000] {dag.py:3211} INFO - Sync 1 DAGs
[2024-09-12T15:21:25.797+0000] {logging_mixin.py:190} INFO - [2024-09-12T15:21:25.796+0000] {dag.py:4138} INFO - Setting next_dagrun for example_xcom to 2021-01-01 00:00:00+00:00, run_after=2021-01-01 00:00:00+00:00
[2024-09-12T15:21:26.371+0000] {processor.py:208} INFO - Processing /home/airflow/.local/lib/python3.12/site-packages/airflow/example_dags/example_xcom.py took 1.652 seconds
[2024-09-12T15:22:42.630+0000] {processor.py:186} INFO - Started process (PID=636) to work on /home/airflow/.local/lib/python3.12/site-packages/airflow/example_dags/example_xcom.py
[2024-09-12T15:22:42.655+0000] {processor.py:914} INFO - Processing file /home/airflow/.local/lib/python3.12/site-packages/airflow/example_dags/example_xcom.py for tasks to queue
[2024-09-12T15:22:42.675+0000] {logging_mixin.py:190} INFO - [2024-09-12T15:22:42.673+0000] {dagbag.py:587} INFO - Filling up the DagBag from /home/airflow/.local/lib/python3.12/site-packages/airflow/example_dags/example_xcom.py
[2024-09-12T15:22:42.845+0000] {processor.py:925} INFO - DAG(s) 'example_xcom' retrieved from /home/airflow/.local/lib/python3.12/site-packages/airflow/example_dags/example_xcom.py
[2024-09-12T15:22:43.185+0000] {logging_mixin.py:190} INFO - [2024-09-12T15:22:43.185+0000] {dag.py:3211} INFO - Sync 1 DAGs
[2024-09-12T15:22:43.582+0000] {logging_mixin.py:190} INFO - [2024-09-12T15:22:43.554+0000] {dag.py:4138} INFO - Setting next_dagrun for example_xcom to 2021-01-01 00:00:00+00:00, run_after=2021-01-01 00:00:00+00:00
[2024-09-12T15:22:43.908+0000] {processor.py:208} INFO - Processing /home/airflow/.local/lib/python3.12/site-packages/airflow/example_dags/example_xcom.py took 1.307 seconds
[2024-09-12T15:23:49.024+0000] {processor.py:186} INFO - Started process (PID=708) to work on /home/airflow/.local/lib/python3.12/site-packages/airflow/example_dags/example_xcom.py
[2024-09-12T15:23:49.065+0000] {processor.py:914} INFO - Processing file /home/airflow/.local/lib/python3.12/site-packages/airflow/example_dags/example_xcom.py for tasks to queue
[2024-09-12T15:23:49.098+0000] {logging_mixin.py:190} INFO - [2024-09-12T15:23:49.098+0000] {dagbag.py:587} INFO - Filling up the DagBag from /home/airflow/.local/lib/python3.12/site-packages/airflow/example_dags/example_xcom.py
[2024-09-12T15:23:49.337+0000] {processor.py:925} INFO - DAG(s) 'example_xcom' retrieved from /home/airflow/.local/lib/python3.12/site-packages/airflow/example_dags/example_xcom.py
[2024-09-12T15:23:49.658+0000] {logging_mixin.py:190} INFO - [2024-09-12T15:23:49.657+0000] {dag.py:3211} INFO - Sync 1 DAGs
[2024-09-12T15:23:50.061+0000] {logging_mixin.py:190} INFO - [2024-09-12T15:23:50.050+0000] {dag.py:4138} INFO - Setting next_dagrun for example_xcom to 2021-01-01 00:00:00+00:00, run_after=2021-01-01 00:00:00+00:00
[2024-09-12T15:23:50.224+0000] {processor.py:208} INFO - Processing /home/airflow/.local/lib/python3.12/site-packages/airflow/example_dags/example_xcom.py took 1.322 seconds
[2024-09-12T15:25:03.510+0000] {processor.py:186} INFO - Started process (PID=795) to work on /home/airflow/.local/lib/python3.12/site-packages/airflow/example_dags/example_xcom.py
[2024-09-12T15:25:03.522+0000] {processor.py:914} INFO - Processing file /home/airflow/.local/lib/python3.12/site-packages/airflow/example_dags/example_xcom.py for tasks to queue
[2024-09-12T15:25:03.547+0000] {logging_mixin.py:190} INFO - [2024-09-12T15:25:03.546+0000] {dagbag.py:587} INFO - Filling up the DagBag from /home/airflow/.local/lib/python3.12/site-packages/airflow/example_dags/example_xcom.py
[2024-09-12T15:25:03.615+0000] {processor.py:925} INFO - DAG(s) 'example_xcom' retrieved from /home/airflow/.local/lib/python3.12/site-packages/airflow/example_dags/example_xcom.py
[2024-09-12T15:25:03.689+0000] {logging_mixin.py:190} INFO - [2024-09-12T15:25:03.688+0000] {dag.py:3211} INFO - Sync 1 DAGs
[2024-09-12T15:25:03.840+0000] {logging_mixin.py:190} INFO - [2024-09-12T15:25:03.839+0000] {dag.py:4138} INFO - Setting next_dagrun for example_xcom to 2021-01-01 00:00:00+00:00, run_after=2021-01-01 00:00:00+00:00
[2024-09-12T15:25:03.969+0000] {processor.py:208} INFO - Processing /home/airflow/.local/lib/python3.12/site-packages/airflow/example_dags/example_xcom.py took 0.482 seconds
[2024-09-12T15:26:56.246+0000] {processor.py:186} INFO - Started process (PID=875) to work on /home/airflow/.local/lib/python3.12/site-packages/airflow/example_dags/example_xcom.py
[2024-09-12T15:26:56.255+0000] {processor.py:914} INFO - Processing file /home/airflow/.local/lib/python3.12/site-packages/airflow/example_dags/example_xcom.py for tasks to queue
[2024-09-12T15:26:56.273+0000] {logging_mixin.py:190} INFO - [2024-09-12T15:26:56.272+0000] {dagbag.py:587} INFO - Filling up the DagBag from /home/airflow/.local/lib/python3.12/site-packages/airflow/example_dags/example_xcom.py
[2024-09-12T15:26:56.327+0000] {processor.py:925} INFO - DAG(s) 'example_xcom' retrieved from /home/airflow/.local/lib/python3.12/site-packages/airflow/example_dags/example_xcom.py
[2024-09-12T15:26:56.455+0000] {logging_mixin.py:190} INFO - [2024-09-12T15:26:56.453+0000] {dag.py:3211} INFO - Sync 1 DAGs
[2024-09-12T15:26:56.608+0000] {logging_mixin.py:190} INFO - [2024-09-12T15:26:56.605+0000] {dag.py:4138} INFO - Setting next_dagrun for example_xcom to 2021-01-01 00:00:00+00:00, run_after=2021-01-01 00:00:00+00:00
[2024-09-12T15:26:56.968+0000] {processor.py:208} INFO - Processing /home/airflow/.local/lib/python3.12/site-packages/airflow/example_dags/example_xcom.py took 0.748 seconds
[2024-09-12T15:27:55.913+0000] {processor.py:186} INFO - Started process (PID=947) to work on /home/airflow/.local/lib/python3.12/site-packages/airflow/example_dags/example_xcom.py
[2024-09-12T15:27:55.922+0000] {processor.py:914} INFO - Processing file /home/airflow/.local/lib/python3.12/site-packages/airflow/example_dags/example_xcom.py for tasks to queue
[2024-09-12T15:27:56.002+0000] {logging_mixin.py:190} INFO - [2024-09-12T15:27:56.001+0000] {dagbag.py:587} INFO - Filling up the DagBag from /home/airflow/.local/lib/python3.12/site-packages/airflow/example_dags/example_xcom.py
[2024-09-12T15:27:56.324+0000] {processor.py:925} INFO - DAG(s) 'example_xcom' retrieved from /home/airflow/.local/lib/python3.12/site-packages/airflow/example_dags/example_xcom.py
[2024-09-12T15:27:56.544+0000] {logging_mixin.py:190} INFO - [2024-09-12T15:27:56.543+0000] {dag.py:3211} INFO - Sync 1 DAGs
[2024-09-12T15:27:56.735+0000] {logging_mixin.py:190} INFO - [2024-09-12T15:27:56.734+0000] {dag.py:4138} INFO - Setting next_dagrun for example_xcom to 2021-01-01 00:00:00+00:00, run_after=2021-01-01 00:00:00+00:00
[2024-09-12T15:27:56.867+0000] {processor.py:208} INFO - Processing /home/airflow/.local/lib/python3.12/site-packages/airflow/example_dags/example_xcom.py took 1.022 seconds
[2024-09-12T15:28:41.853+0000] {processor.py:186} INFO - Started process (PID=1020) to work on /home/airflow/.local/lib/python3.12/site-packages/airflow/example_dags/example_xcom.py
[2024-09-12T15:28:41.866+0000] {processor.py:914} INFO - Processing file /home/airflow/.local/lib/python3.12/site-packages/airflow/example_dags/example_xcom.py for tasks to queue
[2024-09-12T15:28:41.919+0000] {logging_mixin.py:190} INFO - [2024-09-12T15:28:41.893+0000] {dagbag.py:587} INFO - Filling up the DagBag from /home/airflow/.local/lib/python3.12/site-packages/airflow/example_dags/example_xcom.py
[2024-09-12T15:28:42.018+0000] {processor.py:925} INFO - DAG(s) 'example_xcom' retrieved from /home/airflow/.local/lib/python3.12/site-packages/airflow/example_dags/example_xcom.py
[2024-09-12T15:28:42.202+0000] {logging_mixin.py:190} INFO - [2024-09-12T15:28:42.201+0000] {dag.py:3211} INFO - Sync 1 DAGs
[2024-09-12T15:28:42.390+0000] {logging_mixin.py:190} INFO - [2024-09-12T15:28:42.389+0000] {dag.py:4138} INFO - Setting next_dagrun for example_xcom to 2021-01-01 00:00:00+00:00, run_after=2021-01-01 00:00:00+00:00
[2024-09-12T15:28:42.556+0000] {processor.py:208} INFO - Processing /home/airflow/.local/lib/python3.12/site-packages/airflow/example_dags/example_xcom.py took 0.756 seconds
[2024-09-12T15:29:22.698+0000] {processor.py:186} INFO - Started process (PID=1071) to work on /home/airflow/.local/lib/python3.12/site-packages/airflow/example_dags/example_xcom.py
[2024-09-12T15:29:22.743+0000] {processor.py:914} INFO - Processing file /home/airflow/.local/lib/python3.12/site-packages/airflow/example_dags/example_xcom.py for tasks to queue
[2024-09-12T15:29:22.792+0000] {logging_mixin.py:190} INFO - [2024-09-12T15:29:22.791+0000] {dagbag.py:587} INFO - Filling up the DagBag from /home/airflow/.local/lib/python3.12/site-packages/airflow/example_dags/example_xcom.py
[2024-09-12T15:29:22.977+0000] {processor.py:925} INFO - DAG(s) 'example_xcom' retrieved from /home/airflow/.local/lib/python3.12/site-packages/airflow/example_dags/example_xcom.py
[2024-09-12T15:29:23.322+0000] {logging_mixin.py:190} INFO - [2024-09-12T15:29:23.321+0000] {dag.py:3211} INFO - Sync 1 DAGs
[2024-09-12T15:29:23.486+0000] {logging_mixin.py:190} INFO - [2024-09-12T15:29:23.485+0000] {dag.py:4138} INFO - Setting next_dagrun for example_xcom to 2021-01-01 00:00:00+00:00, run_after=2021-01-01 00:00:00+00:00
[2024-09-12T15:29:23.714+0000] {processor.py:208} INFO - Processing /home/airflow/.local/lib/python3.12/site-packages/airflow/example_dags/example_xcom.py took 1.141 seconds
[2024-09-12T15:31:21.059+0000] {processor.py:186} INFO - Started process (PID=1157) to work on /home/airflow/.local/lib/python3.12/site-packages/airflow/example_dags/example_xcom.py
[2024-09-12T15:31:21.073+0000] {processor.py:914} INFO - Processing file /home/airflow/.local/lib/python3.12/site-packages/airflow/example_dags/example_xcom.py for tasks to queue
[2024-09-12T15:31:21.079+0000] {logging_mixin.py:190} INFO - [2024-09-12T15:31:21.075+0000] {dagbag.py:587} INFO - Filling up the DagBag from /home/airflow/.local/lib/python3.12/site-packages/airflow/example_dags/example_xcom.py
[2024-09-12T15:31:21.136+0000] {processor.py:925} INFO - DAG(s) 'example_xcom' retrieved from /home/airflow/.local/lib/python3.12/site-packages/airflow/example_dags/example_xcom.py
[2024-09-12T15:31:21.289+0000] {logging_mixin.py:190} INFO - [2024-09-12T15:31:21.288+0000] {dag.py:3211} INFO - Sync 1 DAGs
[2024-09-12T15:31:21.414+0000] {logging_mixin.py:190} INFO - [2024-09-12T15:31:21.413+0000] {dag.py:4138} INFO - Setting next_dagrun for example_xcom to 2021-01-01 00:00:00+00:00, run_after=2021-01-01 00:00:00+00:00
[2024-09-12T15:31:21.520+0000] {processor.py:208} INFO - Processing /home/airflow/.local/lib/python3.12/site-packages/airflow/example_dags/example_xcom.py took 0.474 seconds
[2024-09-12T15:31:59.065+0000] {processor.py:186} INFO - Started process (PID=1219) to work on /home/airflow/.local/lib/python3.12/site-packages/airflow/example_dags/example_xcom.py
[2024-09-12T15:31:59.080+0000] {processor.py:914} INFO - Processing file /home/airflow/.local/lib/python3.12/site-packages/airflow/example_dags/example_xcom.py for tasks to queue
[2024-09-12T15:31:59.083+0000] {logging_mixin.py:190} INFO - [2024-09-12T15:31:59.083+0000] {dagbag.py:587} INFO - Filling up the DagBag from /home/airflow/.local/lib/python3.12/site-packages/airflow/example_dags/example_xcom.py
[2024-09-12T15:31:59.147+0000] {processor.py:925} INFO - DAG(s) 'example_xcom' retrieved from /home/airflow/.local/lib/python3.12/site-packages/airflow/example_dags/example_xcom.py
[2024-09-12T15:31:59.280+0000] {logging_mixin.py:190} INFO - [2024-09-12T15:31:59.280+0000] {dag.py:3211} INFO - Sync 1 DAGs
[2024-09-12T15:31:59.427+0000] {logging_mixin.py:190} INFO - [2024-09-12T15:31:59.427+0000] {dag.py:4138} INFO - Setting next_dagrun for example_xcom to 2021-01-01 00:00:00+00:00, run_after=2021-01-01 00:00:00+00:00
[2024-09-12T15:31:59.637+0000] {processor.py:208} INFO - Processing /home/airflow/.local/lib/python3.12/site-packages/airflow/example_dags/example_xcom.py took 0.597 seconds
[2024-09-12T15:32:56.349+0000] {processor.py:186} INFO - Started process (PID=1288) to work on /home/airflow/.local/lib/python3.12/site-packages/airflow/example_dags/example_xcom.py
[2024-09-12T15:32:56.362+0000] {processor.py:914} INFO - Processing file /home/airflow/.local/lib/python3.12/site-packages/airflow/example_dags/example_xcom.py for tasks to queue
[2024-09-12T15:32:56.388+0000] {logging_mixin.py:190} INFO - [2024-09-12T15:32:56.387+0000] {dagbag.py:587} INFO - Filling up the DagBag from /home/airflow/.local/lib/python3.12/site-packages/airflow/example_dags/example_xcom.py
[2024-09-12T15:32:56.485+0000] {processor.py:925} INFO - DAG(s) 'example_xcom' retrieved from /home/airflow/.local/lib/python3.12/site-packages/airflow/example_dags/example_xcom.py
[2024-09-12T15:32:56.814+0000] {logging_mixin.py:190} INFO - [2024-09-12T15:32:56.813+0000] {dag.py:3211} INFO - Sync 1 DAGs
[2024-09-12T15:32:56.934+0000] {logging_mixin.py:190} INFO - [2024-09-12T15:32:56.934+0000] {dag.py:4138} INFO - Setting next_dagrun for example_xcom to 2021-01-01 00:00:00+00:00, run_after=2021-01-01 00:00:00+00:00
[2024-09-12T15:32:57.114+0000] {processor.py:208} INFO - Processing /home/airflow/.local/lib/python3.12/site-packages/airflow/example_dags/example_xcom.py took 0.801 seconds
[2024-09-12T15:33:37.709+0000] {processor.py:186} INFO - Started process (PID=1352) to work on /home/airflow/.local/lib/python3.12/site-packages/airflow/example_dags/example_xcom.py
[2024-09-12T15:33:37.713+0000] {processor.py:914} INFO - Processing file /home/airflow/.local/lib/python3.12/site-packages/airflow/example_dags/example_xcom.py for tasks to queue
[2024-09-12T15:33:37.726+0000] {logging_mixin.py:190} INFO - [2024-09-12T15:33:37.725+0000] {dagbag.py:587} INFO - Filling up the DagBag from /home/airflow/.local/lib/python3.12/site-packages/airflow/example_dags/example_xcom.py
[2024-09-12T15:33:37.804+0000] {processor.py:925} INFO - DAG(s) 'example_xcom' retrieved from /home/airflow/.local/lib/python3.12/site-packages/airflow/example_dags/example_xcom.py
[2024-09-12T15:33:38.095+0000] {logging_mixin.py:190} INFO - [2024-09-12T15:33:38.094+0000] {dag.py:3211} INFO - Sync 1 DAGs
[2024-09-12T15:33:38.221+0000] {logging_mixin.py:190} INFO - [2024-09-12T15:33:38.221+0000] {dag.py:4138} INFO - Setting next_dagrun for example_xcom to 2021-01-01 00:00:00+00:00, run_after=2021-01-01 00:00:00+00:00
[2024-09-12T15:33:38.408+0000] {processor.py:208} INFO - Processing /home/airflow/.local/lib/python3.12/site-packages/airflow/example_dags/example_xcom.py took 0.749 seconds
[2024-09-12T15:34:18.409+0000] {processor.py:186} INFO - Started process (PID=1418) to work on /home/airflow/.local/lib/python3.12/site-packages/airflow/example_dags/example_xcom.py
[2024-09-12T15:34:18.419+0000] {processor.py:914} INFO - Processing file /home/airflow/.local/lib/python3.12/site-packages/airflow/example_dags/example_xcom.py for tasks to queue
[2024-09-12T15:34:18.464+0000] {logging_mixin.py:190} INFO - [2024-09-12T15:34:18.464+0000] {dagbag.py:587} INFO - Filling up the DagBag from /home/airflow/.local/lib/python3.12/site-packages/airflow/example_dags/example_xcom.py
[2024-09-12T15:34:18.592+0000] {processor.py:925} INFO - DAG(s) 'example_xcom' retrieved from /home/airflow/.local/lib/python3.12/site-packages/airflow/example_dags/example_xcom.py
[2024-09-12T15:34:18.892+0000] {logging_mixin.py:190} INFO - [2024-09-12T15:34:18.891+0000] {dag.py:3211} INFO - Sync 1 DAGs
[2024-09-12T15:34:19.141+0000] {logging_mixin.py:190} INFO - [2024-09-12T15:34:19.141+0000] {dag.py:4138} INFO - Setting next_dagrun for example_xcom to 2021-01-01 00:00:00+00:00, run_after=2021-01-01 00:00:00+00:00
[2024-09-12T15:34:19.335+0000] {processor.py:208} INFO - Processing /home/airflow/.local/lib/python3.12/site-packages/airflow/example_dags/example_xcom.py took 0.985 seconds
[2024-09-12T15:35:02.169+0000] {processor.py:186} INFO - Started process (PID=1491) to work on /home/airflow/.local/lib/python3.12/site-packages/airflow/example_dags/example_xcom.py
[2024-09-12T15:35:02.183+0000] {processor.py:914} INFO - Processing file /home/airflow/.local/lib/python3.12/site-packages/airflow/example_dags/example_xcom.py for tasks to queue
[2024-09-12T15:35:02.204+0000] {logging_mixin.py:190} INFO - [2024-09-12T15:35:02.203+0000] {dagbag.py:587} INFO - Filling up the DagBag from /home/airflow/.local/lib/python3.12/site-packages/airflow/example_dags/example_xcom.py
[2024-09-12T15:35:02.287+0000] {processor.py:925} INFO - DAG(s) 'example_xcom' retrieved from /home/airflow/.local/lib/python3.12/site-packages/airflow/example_dags/example_xcom.py
[2024-09-12T15:35:02.466+0000] {logging_mixin.py:190} INFO - [2024-09-12T15:35:02.466+0000] {dag.py:3211} INFO - Sync 1 DAGs
[2024-09-12T15:35:02.687+0000] {logging_mixin.py:190} INFO - [2024-09-12T15:35:02.686+0000] {dag.py:4138} INFO - Setting next_dagrun for example_xcom to 2021-01-01 00:00:00+00:00, run_after=2021-01-01 00:00:00+00:00
[2024-09-12T15:35:03.018+0000] {processor.py:208} INFO - Processing /home/airflow/.local/lib/python3.12/site-packages/airflow/example_dags/example_xcom.py took 0.908 seconds
[2024-09-12T15:36:23.193+0000] {processor.py:186} INFO - Started process (PID=1560) to work on /home/airflow/.local/lib/python3.12/site-packages/airflow/example_dags/example_xcom.py
[2024-09-12T15:36:23.206+0000] {processor.py:914} INFO - Processing file /home/airflow/.local/lib/python3.12/site-packages/airflow/example_dags/example_xcom.py for tasks to queue
[2024-09-12T15:36:23.214+0000] {logging_mixin.py:190} INFO - [2024-09-12T15:36:23.213+0000] {dagbag.py:587} INFO - Filling up the DagBag from /home/airflow/.local/lib/python3.12/site-packages/airflow/example_dags/example_xcom.py
[2024-09-12T15:36:23.351+0000] {processor.py:925} INFO - DAG(s) 'example_xcom' retrieved from /home/airflow/.local/lib/python3.12/site-packages/airflow/example_dags/example_xcom.py
[2024-09-12T15:36:23.741+0000] {logging_mixin.py:190} INFO - [2024-09-12T15:36:23.741+0000] {dag.py:3211} INFO - Sync 1 DAGs
[2024-09-12T15:36:23.924+0000] {logging_mixin.py:190} INFO - [2024-09-12T15:36:23.924+0000] {dag.py:4138} INFO - Setting next_dagrun for example_xcom to 2021-01-01 00:00:00+00:00, run_after=2021-01-01 00:00:00+00:00
[2024-09-12T15:36:24.004+0000] {processor.py:208} INFO - Processing /home/airflow/.local/lib/python3.12/site-packages/airflow/example_dags/example_xcom.py took 0.885 seconds
[2024-09-12T15:37:16.765+0000] {processor.py:186} INFO - Started process (PID=1632) to work on /home/airflow/.local/lib/python3.12/site-packages/airflow/example_dags/example_xcom.py
[2024-09-12T15:37:16.779+0000] {processor.py:914} INFO - Processing file /home/airflow/.local/lib/python3.12/site-packages/airflow/example_dags/example_xcom.py for tasks to queue
[2024-09-12T15:37:16.787+0000] {logging_mixin.py:190} INFO - [2024-09-12T15:37:16.786+0000] {dagbag.py:587} INFO - Filling up the DagBag from /home/airflow/.local/lib/python3.12/site-packages/airflow/example_dags/example_xcom.py
[2024-09-12T15:37:16.923+0000] {processor.py:925} INFO - DAG(s) 'example_xcom' retrieved from /home/airflow/.local/lib/python3.12/site-packages/airflow/example_dags/example_xcom.py
[2024-09-12T15:37:17.457+0000] {logging_mixin.py:190} INFO - [2024-09-12T15:37:17.457+0000] {dag.py:3211} INFO - Sync 1 DAGs
[2024-09-12T15:37:17.935+0000] {logging_mixin.py:190} INFO - [2024-09-12T15:37:17.934+0000] {dag.py:4138} INFO - Setting next_dagrun for example_xcom to 2021-01-01 00:00:00+00:00, run_after=2021-01-01 00:00:00+00:00
[2024-09-12T15:37:18.228+0000] {processor.py:208} INFO - Processing /home/airflow/.local/lib/python3.12/site-packages/airflow/example_dags/example_xcom.py took 1.574 seconds
[2024-09-12T15:39:04.530+0000] {processor.py:186} INFO - Started process (PID=1735) to work on /home/airflow/.local/lib/python3.12/site-packages/airflow/example_dags/example_xcom.py
[2024-09-12T15:39:04.542+0000] {processor.py:914} INFO - Processing file /home/airflow/.local/lib/python3.12/site-packages/airflow/example_dags/example_xcom.py for tasks to queue
[2024-09-12T15:39:04.624+0000] {logging_mixin.py:190} INFO - [2024-09-12T15:39:04.623+0000] {dagbag.py:587} INFO - Filling up the DagBag from /home/airflow/.local/lib/python3.12/site-packages/airflow/example_dags/example_xcom.py
[2024-09-12T15:39:04.779+0000] {processor.py:925} INFO - DAG(s) 'example_xcom' retrieved from /home/airflow/.local/lib/python3.12/site-packages/airflow/example_dags/example_xcom.py
[2024-09-12T15:39:05.108+0000] {logging_mixin.py:190} INFO - [2024-09-12T15:39:05.107+0000] {dag.py:3211} INFO - Sync 1 DAGs
[2024-09-12T15:39:05.599+0000] {logging_mixin.py:190} INFO - [2024-09-12T15:39:05.598+0000] {dag.py:4138} INFO - Setting next_dagrun for example_xcom to 2021-01-01 00:00:00+00:00, run_after=2021-01-01 00:00:00+00:00
[2024-09-12T15:39:05.981+0000] {processor.py:208} INFO - Processing /home/airflow/.local/lib/python3.12/site-packages/airflow/example_dags/example_xcom.py took 1.518 seconds
[2024-09-12T15:41:26.696+0000] {processor.py:186} INFO - Started process (PID=1844) to work on /home/airflow/.local/lib/python3.12/site-packages/airflow/example_dags/example_xcom.py
[2024-09-12T15:41:26.739+0000] {processor.py:914} INFO - Processing file /home/airflow/.local/lib/python3.12/site-packages/airflow/example_dags/example_xcom.py for tasks to queue
[2024-09-12T15:41:26.773+0000] {logging_mixin.py:190} INFO - [2024-09-12T15:41:26.772+0000] {dagbag.py:587} INFO - Filling up the DagBag from /home/airflow/.local/lib/python3.12/site-packages/airflow/example_dags/example_xcom.py
[2024-09-12T15:41:27.039+0000] {processor.py:925} INFO - DAG(s) 'example_xcom' retrieved from /home/airflow/.local/lib/python3.12/site-packages/airflow/example_dags/example_xcom.py
[2024-09-12T15:41:27.262+0000] {logging_mixin.py:190} INFO - [2024-09-12T15:41:27.261+0000] {dag.py:3211} INFO - Sync 1 DAGs
[2024-09-12T15:41:27.455+0000] {logging_mixin.py:190} INFO - [2024-09-12T15:41:27.455+0000] {dag.py:4138} INFO - Setting next_dagrun for example_xcom to 2021-01-01 00:00:00+00:00, run_after=2021-01-01 00:00:00+00:00
[2024-09-12T15:41:27.891+0000] {processor.py:208} INFO - Processing /home/airflow/.local/lib/python3.12/site-packages/airflow/example_dags/example_xcom.py took 1.291 seconds
[2024-09-12T15:44:40.189+0000] {processor.py:186} INFO - Started process (PID=1903) to work on /home/airflow/.local/lib/python3.12/site-packages/airflow/example_dags/example_xcom.py
[2024-09-12T15:44:40.195+0000] {processor.py:914} INFO - Processing file /home/airflow/.local/lib/python3.12/site-packages/airflow/example_dags/example_xcom.py for tasks to queue
[2024-09-12T15:44:40.204+0000] {logging_mixin.py:190} INFO - [2024-09-12T15:44:40.203+0000] {dagbag.py:587} INFO - Filling up the DagBag from /home/airflow/.local/lib/python3.12/site-packages/airflow/example_dags/example_xcom.py
[2024-09-12T15:44:40.312+0000] {processor.py:925} INFO - DAG(s) 'example_xcom' retrieved from /home/airflow/.local/lib/python3.12/site-packages/airflow/example_dags/example_xcom.py
[2024-09-12T15:44:40.582+0000] {logging_mixin.py:190} INFO - [2024-09-12T15:44:40.582+0000] {dag.py:3211} INFO - Sync 1 DAGs
[2024-09-12T15:44:40.847+0000] {logging_mixin.py:190} INFO - [2024-09-12T15:44:40.847+0000] {dag.py:4138} INFO - Setting next_dagrun for example_xcom to 2021-01-01 00:00:00+00:00, run_after=2021-01-01 00:00:00+00:00
[2024-09-12T15:44:41.128+0000] {processor.py:208} INFO - Processing /home/airflow/.local/lib/python3.12/site-packages/airflow/example_dags/example_xcom.py took 0.958 seconds
[2024-09-12T15:45:30.281+0000] {processor.py:186} INFO - Started process (PID=1972) to work on /home/airflow/.local/lib/python3.12/site-packages/airflow/example_dags/example_xcom.py
[2024-09-12T15:45:30.299+0000] {processor.py:914} INFO - Processing file /home/airflow/.local/lib/python3.12/site-packages/airflow/example_dags/example_xcom.py for tasks to queue
[2024-09-12T15:45:30.374+0000] {logging_mixin.py:190} INFO - [2024-09-12T15:45:30.347+0000] {dagbag.py:587} INFO - Filling up the DagBag from /home/airflow/.local/lib/python3.12/site-packages/airflow/example_dags/example_xcom.py
[2024-09-12T15:45:30.455+0000] {processor.py:925} INFO - DAG(s) 'example_xcom' retrieved from /home/airflow/.local/lib/python3.12/site-packages/airflow/example_dags/example_xcom.py
[2024-09-12T15:45:30.565+0000] {logging_mixin.py:190} INFO - [2024-09-12T15:45:30.565+0000] {dag.py:3211} INFO - Sync 1 DAGs
[2024-09-12T15:45:30.683+0000] {logging_mixin.py:190} INFO - [2024-09-12T15:45:30.682+0000] {dag.py:4138} INFO - Setting next_dagrun for example_xcom to 2021-01-01 00:00:00+00:00, run_after=2021-01-01 00:00:00+00:00
[2024-09-12T15:45:30.762+0000] {processor.py:208} INFO - Processing /home/airflow/.local/lib/python3.12/site-packages/airflow/example_dags/example_xcom.py took 0.524 seconds
[2024-09-12T15:46:34.879+0000] {processor.py:186} INFO - Started process (PID=2048) to work on /home/airflow/.local/lib/python3.12/site-packages/airflow/example_dags/example_xcom.py
[2024-09-12T15:46:34.913+0000] {processor.py:914} INFO - Processing file /home/airflow/.local/lib/python3.12/site-packages/airflow/example_dags/example_xcom.py for tasks to queue
[2024-09-12T15:46:34.934+0000] {logging_mixin.py:190} INFO - [2024-09-12T15:46:34.933+0000] {dagbag.py:587} INFO - Filling up the DagBag from /home/airflow/.local/lib/python3.12/site-packages/airflow/example_dags/example_xcom.py
[2024-09-12T15:46:35.027+0000] {processor.py:925} INFO - DAG(s) 'example_xcom' retrieved from /home/airflow/.local/lib/python3.12/site-packages/airflow/example_dags/example_xcom.py
[2024-09-12T15:46:35.219+0000] {logging_mixin.py:190} INFO - [2024-09-12T15:46:35.219+0000] {dag.py:3211} INFO - Sync 1 DAGs
[2024-09-12T15:46:35.455+0000] {logging_mixin.py:190} INFO - [2024-09-12T15:46:35.454+0000] {dag.py:4138} INFO - Setting next_dagrun for example_xcom to 2021-01-01 00:00:00+00:00, run_after=2021-01-01 00:00:00+00:00
[2024-09-12T15:46:35.718+0000] {processor.py:208} INFO - Processing /home/airflow/.local/lib/python3.12/site-packages/airflow/example_dags/example_xcom.py took 0.897 seconds
[2024-09-12T15:47:29.983+0000] {processor.py:186} INFO - Started process (PID=2118) to work on /home/airflow/.local/lib/python3.12/site-packages/airflow/example_dags/example_xcom.py
[2024-09-12T15:47:30.031+0000] {processor.py:914} INFO - Processing file /home/airflow/.local/lib/python3.12/site-packages/airflow/example_dags/example_xcom.py for tasks to queue
[2024-09-12T15:47:30.053+0000] {logging_mixin.py:190} INFO - [2024-09-12T15:47:30.052+0000] {dagbag.py:587} INFO - Filling up the DagBag from /home/airflow/.local/lib/python3.12/site-packages/airflow/example_dags/example_xcom.py
[2024-09-12T15:47:30.203+0000] {processor.py:925} INFO - DAG(s) 'example_xcom' retrieved from /home/airflow/.local/lib/python3.12/site-packages/airflow/example_dags/example_xcom.py
[2024-09-12T15:47:30.470+0000] {logging_mixin.py:190} INFO - [2024-09-12T15:47:30.470+0000] {dag.py:3211} INFO - Sync 1 DAGs
[2024-09-12T15:47:31.081+0000] {logging_mixin.py:190} INFO - [2024-09-12T15:47:31.080+0000] {dag.py:4138} INFO - Setting next_dagrun for example_xcom to 2021-01-01 00:00:00+00:00, run_after=2021-01-01 00:00:00+00:00
[2024-09-12T15:47:31.430+0000] {processor.py:208} INFO - Processing /home/airflow/.local/lib/python3.12/site-packages/airflow/example_dags/example_xcom.py took 1.502 seconds
[2024-09-12T15:48:20.434+0000] {processor.py:186} INFO - Started process (PID=2185) to work on /home/airflow/.local/lib/python3.12/site-packages/airflow/example_dags/example_xcom.py
[2024-09-12T15:48:20.446+0000] {processor.py:914} INFO - Processing file /home/airflow/.local/lib/python3.12/site-packages/airflow/example_dags/example_xcom.py for tasks to queue
[2024-09-12T15:48:20.454+0000] {logging_mixin.py:190} INFO - [2024-09-12T15:48:20.453+0000] {dagbag.py:587} INFO - Filling up the DagBag from /home/airflow/.local/lib/python3.12/site-packages/airflow/example_dags/example_xcom.py
[2024-09-12T15:48:20.568+0000] {processor.py:925} INFO - DAG(s) 'example_xcom' retrieved from /home/airflow/.local/lib/python3.12/site-packages/airflow/example_dags/example_xcom.py
[2024-09-12T15:48:20.905+0000] {logging_mixin.py:190} INFO - [2024-09-12T15:48:20.904+0000] {dag.py:3211} INFO - Sync 1 DAGs
[2024-09-12T15:48:21.136+0000] {logging_mixin.py:190} INFO - [2024-09-12T15:48:21.136+0000] {dag.py:4138} INFO - Setting next_dagrun for example_xcom to 2021-01-01 00:00:00+00:00, run_after=2021-01-01 00:00:00+00:00
[2024-09-12T15:48:21.283+0000] {processor.py:208} INFO - Processing /home/airflow/.local/lib/python3.12/site-packages/airflow/example_dags/example_xcom.py took 0.896 seconds
[2024-09-12T15:49:31.748+0000] {processor.py:186} INFO - Started process (PID=2264) to work on /home/airflow/.local/lib/python3.12/site-packages/airflow/example_dags/example_xcom.py
[2024-09-12T15:49:31.754+0000] {processor.py:914} INFO - Processing file /home/airflow/.local/lib/python3.12/site-packages/airflow/example_dags/example_xcom.py for tasks to queue
[2024-09-12T15:49:31.758+0000] {logging_mixin.py:190} INFO - [2024-09-12T15:49:31.757+0000] {dagbag.py:587} INFO - Filling up the DagBag from /home/airflow/.local/lib/python3.12/site-packages/airflow/example_dags/example_xcom.py
[2024-09-12T15:49:31.803+0000] {processor.py:925} INFO - DAG(s) 'example_xcom' retrieved from /home/airflow/.local/lib/python3.12/site-packages/airflow/example_dags/example_xcom.py
[2024-09-12T15:49:31.891+0000] {logging_mixin.py:190} INFO - [2024-09-12T15:49:31.891+0000] {dag.py:3211} INFO - Sync 1 DAGs
[2024-09-12T15:49:32.009+0000] {logging_mixin.py:190} INFO - [2024-09-12T15:49:32.009+0000] {dag.py:4138} INFO - Setting next_dagrun for example_xcom to 2021-01-01 00:00:00+00:00, run_after=2021-01-01 00:00:00+00:00
[2024-09-12T15:49:32.112+0000] {processor.py:208} INFO - Processing /home/airflow/.local/lib/python3.12/site-packages/airflow/example_dags/example_xcom.py took 0.400 seconds
[2024-09-12T15:50:17.474+0000] {processor.py:186} INFO - Started process (PID=2335) to work on /home/airflow/.local/lib/python3.12/site-packages/airflow/example_dags/example_xcom.py
[2024-09-12T15:50:17.492+0000] {processor.py:914} INFO - Processing file /home/airflow/.local/lib/python3.12/site-packages/airflow/example_dags/example_xcom.py for tasks to queue
[2024-09-12T15:50:17.499+0000] {logging_mixin.py:190} INFO - [2024-09-12T15:50:17.498+0000] {dagbag.py:587} INFO - Filling up the DagBag from /home/airflow/.local/lib/python3.12/site-packages/airflow/example_dags/example_xcom.py
[2024-09-12T15:50:17.571+0000] {processor.py:925} INFO - DAG(s) 'example_xcom' retrieved from /home/airflow/.local/lib/python3.12/site-packages/airflow/example_dags/example_xcom.py
[2024-09-12T15:50:17.722+0000] {logging_mixin.py:190} INFO - [2024-09-12T15:50:17.717+0000] {dag.py:3211} INFO - Sync 1 DAGs
[2024-09-12T15:50:17.844+0000] {logging_mixin.py:190} INFO - [2024-09-12T15:50:17.844+0000] {dag.py:4138} INFO - Setting next_dagrun for example_xcom to 2021-01-01 00:00:00+00:00, run_after=2021-01-01 00:00:00+00:00
[2024-09-12T15:50:17.939+0000] {processor.py:208} INFO - Processing /home/airflow/.local/lib/python3.12/site-packages/airflow/example_dags/example_xcom.py took 0.497 seconds
[2024-09-12T15:51:28.014+0000] {processor.py:186} INFO - Started process (PID=2400) to work on /home/airflow/.local/lib/python3.12/site-packages/airflow/example_dags/example_xcom.py
[2024-09-12T15:51:28.021+0000] {processor.py:914} INFO - Processing file /home/airflow/.local/lib/python3.12/site-packages/airflow/example_dags/example_xcom.py for tasks to queue
[2024-09-12T15:51:28.033+0000] {logging_mixin.py:190} INFO - [2024-09-12T15:51:28.032+0000] {dagbag.py:587} INFO - Filling up the DagBag from /home/airflow/.local/lib/python3.12/site-packages/airflow/example_dags/example_xcom.py
[2024-09-12T15:51:28.093+0000] {processor.py:925} INFO - DAG(s) 'example_xcom' retrieved from /home/airflow/.local/lib/python3.12/site-packages/airflow/example_dags/example_xcom.py
[2024-09-12T15:51:28.236+0000] {logging_mixin.py:190} INFO - [2024-09-12T15:51:28.233+0000] {dag.py:3211} INFO - Sync 1 DAGs
[2024-09-12T15:51:28.408+0000] {logging_mixin.py:190} INFO - [2024-09-12T15:51:28.407+0000] {dag.py:4138} INFO - Setting next_dagrun for example_xcom to 2021-01-01 00:00:00+00:00, run_after=2021-01-01 00:00:00+00:00
[2024-09-12T15:51:28.543+0000] {processor.py:208} INFO - Processing /home/airflow/.local/lib/python3.12/site-packages/airflow/example_dags/example_xcom.py took 0.552 seconds
[2024-09-12T15:52:11.909+0000] {processor.py:186} INFO - Started process (PID=2466) to work on /home/airflow/.local/lib/python3.12/site-packages/airflow/example_dags/example_xcom.py
[2024-09-12T15:52:11.927+0000] {processor.py:914} INFO - Processing file /home/airflow/.local/lib/python3.12/site-packages/airflow/example_dags/example_xcom.py for tasks to queue
[2024-09-12T15:52:11.933+0000] {logging_mixin.py:190} INFO - [2024-09-12T15:52:11.932+0000] {dagbag.py:587} INFO - Filling up the DagBag from /home/airflow/.local/lib/python3.12/site-packages/airflow/example_dags/example_xcom.py
[2024-09-12T15:52:12.016+0000] {processor.py:925} INFO - DAG(s) 'example_xcom' retrieved from /home/airflow/.local/lib/python3.12/site-packages/airflow/example_dags/example_xcom.py
[2024-09-12T15:52:12.208+0000] {logging_mixin.py:190} INFO - [2024-09-12T15:52:12.207+0000] {dag.py:3211} INFO - Sync 1 DAGs
[2024-09-12T15:52:12.346+0000] {logging_mixin.py:190} INFO - [2024-09-12T15:52:12.343+0000] {dag.py:4138} INFO - Setting next_dagrun for example_xcom to 2021-01-01 00:00:00+00:00, run_after=2021-01-01 00:00:00+00:00
[2024-09-12T15:52:12.426+0000] {processor.py:208} INFO - Processing /home/airflow/.local/lib/python3.12/site-packages/airflow/example_dags/example_xcom.py took 0.554 seconds
[2024-09-12T15:52:53.249+0000] {processor.py:186} INFO - Started process (PID=2531) to work on /home/airflow/.local/lib/python3.12/site-packages/airflow/example_dags/example_xcom.py
[2024-09-12T15:52:53.259+0000] {processor.py:914} INFO - Processing file /home/airflow/.local/lib/python3.12/site-packages/airflow/example_dags/example_xcom.py for tasks to queue
[2024-09-12T15:52:53.267+0000] {logging_mixin.py:190} INFO - [2024-09-12T15:52:53.263+0000] {dagbag.py:587} INFO - Filling up the DagBag from /home/airflow/.local/lib/python3.12/site-packages/airflow/example_dags/example_xcom.py
[2024-09-12T15:52:53.341+0000] {processor.py:925} INFO - DAG(s) 'example_xcom' retrieved from /home/airflow/.local/lib/python3.12/site-packages/airflow/example_dags/example_xcom.py
[2024-09-12T15:52:53.449+0000] {logging_mixin.py:190} INFO - [2024-09-12T15:52:53.449+0000] {dag.py:3211} INFO - Sync 1 DAGs
[2024-09-12T15:52:53.580+0000] {logging_mixin.py:190} INFO - [2024-09-12T15:52:53.579+0000] {dag.py:4138} INFO - Setting next_dagrun for example_xcom to 2021-01-01 00:00:00+00:00, run_after=2021-01-01 00:00:00+00:00
[2024-09-12T15:52:53.790+0000] {processor.py:208} INFO - Processing /home/airflow/.local/lib/python3.12/site-packages/airflow/example_dags/example_xcom.py took 0.569 seconds
[2024-09-12T15:53:29.647+0000] {processor.py:186} INFO - Started process (PID=2608) to work on /home/airflow/.local/lib/python3.12/site-packages/airflow/example_dags/example_xcom.py
[2024-09-12T15:53:29.662+0000] {processor.py:914} INFO - Processing file /home/airflow/.local/lib/python3.12/site-packages/airflow/example_dags/example_xcom.py for tasks to queue
[2024-09-12T15:53:29.672+0000] {logging_mixin.py:190} INFO - [2024-09-12T15:53:29.667+0000] {dagbag.py:587} INFO - Filling up the DagBag from /home/airflow/.local/lib/python3.12/site-packages/airflow/example_dags/example_xcom.py
[2024-09-12T15:53:29.760+0000] {processor.py:925} INFO - DAG(s) 'example_xcom' retrieved from /home/airflow/.local/lib/python3.12/site-packages/airflow/example_dags/example_xcom.py
[2024-09-12T15:53:29.967+0000] {logging_mixin.py:190} INFO - [2024-09-12T15:53:29.966+0000] {dag.py:3211} INFO - Sync 1 DAGs
[2024-09-12T15:53:30.123+0000] {logging_mixin.py:190} INFO - [2024-09-12T15:53:30.123+0000] {dag.py:4138} INFO - Setting next_dagrun for example_xcom to 2021-01-01 00:00:00+00:00, run_after=2021-01-01 00:00:00+00:00
[2024-09-12T15:53:30.246+0000] {processor.py:208} INFO - Processing /home/airflow/.local/lib/python3.12/site-packages/airflow/example_dags/example_xcom.py took 0.650 seconds
[2024-09-12T15:54:06.018+0000] {processor.py:186} INFO - Started process (PID=2666) to work on /home/airflow/.local/lib/python3.12/site-packages/airflow/example_dags/example_xcom.py
[2024-09-12T15:54:06.029+0000] {processor.py:914} INFO - Processing file /home/airflow/.local/lib/python3.12/site-packages/airflow/example_dags/example_xcom.py for tasks to queue
[2024-09-12T15:54:06.035+0000] {logging_mixin.py:190} INFO - [2024-09-12T15:54:06.033+0000] {dagbag.py:587} INFO - Filling up the DagBag from /home/airflow/.local/lib/python3.12/site-packages/airflow/example_dags/example_xcom.py
[2024-09-12T15:54:06.088+0000] {processor.py:925} INFO - DAG(s) 'example_xcom' retrieved from /home/airflow/.local/lib/python3.12/site-packages/airflow/example_dags/example_xcom.py
[2024-09-12T15:54:06.277+0000] {logging_mixin.py:190} INFO - [2024-09-12T15:54:06.277+0000] {dag.py:3211} INFO - Sync 1 DAGs
[2024-09-12T15:54:06.447+0000] {logging_mixin.py:190} INFO - [2024-09-12T15:54:06.443+0000] {dag.py:4138} INFO - Setting next_dagrun for example_xcom to 2021-01-01 00:00:00+00:00, run_after=2021-01-01 00:00:00+00:00
[2024-09-12T15:54:06.661+0000] {processor.py:208} INFO - Processing /home/airflow/.local/lib/python3.12/site-packages/airflow/example_dags/example_xcom.py took 0.692 seconds
[2024-09-12T15:55:46.278+0000] {processor.py:186} INFO - Started process (PID=2758) to work on /home/airflow/.local/lib/python3.12/site-packages/airflow/example_dags/example_xcom.py
[2024-09-12T15:55:46.286+0000] {processor.py:914} INFO - Processing file /home/airflow/.local/lib/python3.12/site-packages/airflow/example_dags/example_xcom.py for tasks to queue
[2024-09-12T15:55:46.297+0000] {logging_mixin.py:190} INFO - [2024-09-12T15:55:46.296+0000] {dagbag.py:587} INFO - Filling up the DagBag from /home/airflow/.local/lib/python3.12/site-packages/airflow/example_dags/example_xcom.py
[2024-09-12T15:55:46.365+0000] {processor.py:925} INFO - DAG(s) 'example_xcom' retrieved from /home/airflow/.local/lib/python3.12/site-packages/airflow/example_dags/example_xcom.py
[2024-09-12T15:55:46.468+0000] {logging_mixin.py:190} INFO - [2024-09-12T15:55:46.468+0000] {dag.py:3211} INFO - Sync 1 DAGs
[2024-09-12T15:55:46.746+0000] {logging_mixin.py:190} INFO - [2024-09-12T15:55:46.746+0000] {dag.py:4138} INFO - Setting next_dagrun for example_xcom to 2021-01-01 00:00:00+00:00, run_after=2021-01-01 00:00:00+00:00
[2024-09-12T15:55:47.001+0000] {processor.py:208} INFO - Processing /home/airflow/.local/lib/python3.12/site-packages/airflow/example_dags/example_xcom.py took 0.765 seconds
[2024-09-12T15:56:48.138+0000] {processor.py:186} INFO - Started process (PID=2822) to work on /home/airflow/.local/lib/python3.12/site-packages/airflow/example_dags/example_xcom.py
[2024-09-12T15:56:48.142+0000] {processor.py:914} INFO - Processing file /home/airflow/.local/lib/python3.12/site-packages/airflow/example_dags/example_xcom.py for tasks to queue
[2024-09-12T15:56:48.145+0000] {logging_mixin.py:190} INFO - [2024-09-12T15:56:48.145+0000] {dagbag.py:587} INFO - Filling up the DagBag from /home/airflow/.local/lib/python3.12/site-packages/airflow/example_dags/example_xcom.py
[2024-09-12T15:56:48.181+0000] {processor.py:925} INFO - DAG(s) 'example_xcom' retrieved from /home/airflow/.local/lib/python3.12/site-packages/airflow/example_dags/example_xcom.py
[2024-09-12T15:56:48.293+0000] {logging_mixin.py:190} INFO - [2024-09-12T15:56:48.292+0000] {dag.py:3211} INFO - Sync 1 DAGs
[2024-09-12T15:56:48.449+0000] {logging_mixin.py:190} INFO - [2024-09-12T15:56:48.448+0000] {dag.py:4138} INFO - Setting next_dagrun for example_xcom to 2021-01-01 00:00:00+00:00, run_after=2021-01-01 00:00:00+00:00
[2024-09-12T15:56:48.556+0000] {processor.py:208} INFO - Processing /home/airflow/.local/lib/python3.12/site-packages/airflow/example_dags/example_xcom.py took 0.439 seconds
[2024-09-12T15:57:19.582+0000] {processor.py:186} INFO - Started process (PID=2886) to work on /home/airflow/.local/lib/python3.12/site-packages/airflow/example_dags/example_xcom.py
[2024-09-12T15:57:19.587+0000] {processor.py:914} INFO - Processing file /home/airflow/.local/lib/python3.12/site-packages/airflow/example_dags/example_xcom.py for tasks to queue
[2024-09-12T15:57:19.602+0000] {logging_mixin.py:190} INFO - [2024-09-12T15:57:19.601+0000] {dagbag.py:587} INFO - Filling up the DagBag from /home/airflow/.local/lib/python3.12/site-packages/airflow/example_dags/example_xcom.py
[2024-09-12T15:57:19.680+0000] {processor.py:925} INFO - DAG(s) 'example_xcom' retrieved from /home/airflow/.local/lib/python3.12/site-packages/airflow/example_dags/example_xcom.py
[2024-09-12T15:57:19.857+0000] {logging_mixin.py:190} INFO - [2024-09-12T15:57:19.850+0000] {dag.py:3211} INFO - Sync 1 DAGs
[2024-09-12T15:57:20.094+0000] {logging_mixin.py:190} INFO - [2024-09-12T15:57:20.093+0000] {dag.py:4138} INFO - Setting next_dagrun for example_xcom to 2021-01-01 00:00:00+00:00, run_after=2021-01-01 00:00:00+00:00
[2024-09-12T15:57:20.188+0000] {processor.py:208} INFO - Processing /home/airflow/.local/lib/python3.12/site-packages/airflow/example_dags/example_xcom.py took 0.640 seconds
[2024-09-12T15:58:00.405+0000] {processor.py:186} INFO - Started process (PID=2944) to work on /home/airflow/.local/lib/python3.12/site-packages/airflow/example_dags/example_xcom.py
[2024-09-12T15:58:00.418+0000] {processor.py:914} INFO - Processing file /home/airflow/.local/lib/python3.12/site-packages/airflow/example_dags/example_xcom.py for tasks to queue
[2024-09-12T15:58:00.422+0000] {logging_mixin.py:190} INFO - [2024-09-12T15:58:00.421+0000] {dagbag.py:587} INFO - Filling up the DagBag from /home/airflow/.local/lib/python3.12/site-packages/airflow/example_dags/example_xcom.py
[2024-09-12T15:58:00.532+0000] {processor.py:925} INFO - DAG(s) 'example_xcom' retrieved from /home/airflow/.local/lib/python3.12/site-packages/airflow/example_dags/example_xcom.py
[2024-09-12T15:58:00.738+0000] {logging_mixin.py:190} INFO - [2024-09-12T15:58:00.736+0000] {dag.py:3211} INFO - Sync 1 DAGs
[2024-09-12T15:58:00.932+0000] {logging_mixin.py:190} INFO - [2024-09-12T15:58:00.931+0000] {dag.py:4138} INFO - Setting next_dagrun for example_xcom to 2021-01-01 00:00:00+00:00, run_after=2021-01-01 00:00:00+00:00
[2024-09-12T15:58:01.085+0000] {processor.py:208} INFO - Processing /home/airflow/.local/lib/python3.12/site-packages/airflow/example_dags/example_xcom.py took 0.732 seconds
[2024-09-12T15:59:20.954+0000] {processor.py:186} INFO - Started process (PID=3015) to work on /home/airflow/.local/lib/python3.12/site-packages/airflow/example_dags/example_xcom.py
[2024-09-12T15:59:20.969+0000] {processor.py:914} INFO - Processing file /home/airflow/.local/lib/python3.12/site-packages/airflow/example_dags/example_xcom.py for tasks to queue
[2024-09-12T15:59:20.972+0000] {logging_mixin.py:190} INFO - [2024-09-12T15:59:20.971+0000] {dagbag.py:587} INFO - Filling up the DagBag from /home/airflow/.local/lib/python3.12/site-packages/airflow/example_dags/example_xcom.py
[2024-09-12T15:59:21.030+0000] {processor.py:925} INFO - DAG(s) 'example_xcom' retrieved from /home/airflow/.local/lib/python3.12/site-packages/airflow/example_dags/example_xcom.py
[2024-09-12T15:59:21.230+0000] {logging_mixin.py:190} INFO - [2024-09-12T15:59:21.229+0000] {dag.py:3211} INFO - Sync 1 DAGs
[2024-09-12T15:59:21.498+0000] {logging_mixin.py:190} INFO - [2024-09-12T15:59:21.497+0000] {dag.py:4138} INFO - Setting next_dagrun for example_xcom to 2021-01-01 00:00:00+00:00, run_after=2021-01-01 00:00:00+00:00
[2024-09-12T15:59:21.696+0000] {processor.py:208} INFO - Processing /home/airflow/.local/lib/python3.12/site-packages/airflow/example_dags/example_xcom.py took 0.790 seconds
[2024-09-12T16:00:20.064+0000] {processor.py:186} INFO - Started process (PID=3091) to work on /home/airflow/.local/lib/python3.12/site-packages/airflow/example_dags/example_xcom.py
[2024-09-12T16:00:20.070+0000] {processor.py:914} INFO - Processing file /home/airflow/.local/lib/python3.12/site-packages/airflow/example_dags/example_xcom.py for tasks to queue
[2024-09-12T16:00:20.073+0000] {logging_mixin.py:190} INFO - [2024-09-12T16:00:20.072+0000] {dagbag.py:587} INFO - Filling up the DagBag from /home/airflow/.local/lib/python3.12/site-packages/airflow/example_dags/example_xcom.py
[2024-09-12T16:00:20.113+0000] {processor.py:925} INFO - DAG(s) 'example_xcom' retrieved from /home/airflow/.local/lib/python3.12/site-packages/airflow/example_dags/example_xcom.py
[2024-09-12T16:00:20.197+0000] {logging_mixin.py:190} INFO - [2024-09-12T16:00:20.196+0000] {dag.py:3211} INFO - Sync 1 DAGs
[2024-09-12T16:00:20.264+0000] {logging_mixin.py:190} INFO - [2024-09-12T16:00:20.263+0000] {dag.py:4138} INFO - Setting next_dagrun for example_xcom to 2021-01-01 00:00:00+00:00, run_after=2021-01-01 00:00:00+00:00
[2024-09-12T16:00:20.360+0000] {processor.py:208} INFO - Processing /home/airflow/.local/lib/python3.12/site-packages/airflow/example_dags/example_xcom.py took 0.325 seconds
[2024-09-12T16:00:57.611+0000] {processor.py:186} INFO - Started process (PID=3150) to work on /home/airflow/.local/lib/python3.12/site-packages/airflow/example_dags/example_xcom.py
[2024-09-12T16:00:57.624+0000] {processor.py:914} INFO - Processing file /home/airflow/.local/lib/python3.12/site-packages/airflow/example_dags/example_xcom.py for tasks to queue
[2024-09-12T16:00:57.627+0000] {logging_mixin.py:190} INFO - [2024-09-12T16:00:57.626+0000] {dagbag.py:587} INFO - Filling up the DagBag from /home/airflow/.local/lib/python3.12/site-packages/airflow/example_dags/example_xcom.py
[2024-09-12T16:00:57.685+0000] {processor.py:925} INFO - DAG(s) 'example_xcom' retrieved from /home/airflow/.local/lib/python3.12/site-packages/airflow/example_dags/example_xcom.py
[2024-09-12T16:00:57.846+0000] {logging_mixin.py:190} INFO - [2024-09-12T16:00:57.845+0000] {dag.py:3211} INFO - Sync 1 DAGs
[2024-09-12T16:00:57.938+0000] {logging_mixin.py:190} INFO - [2024-09-12T16:00:57.937+0000] {dag.py:4138} INFO - Setting next_dagrun for example_xcom to 2021-01-01 00:00:00+00:00, run_after=2021-01-01 00:00:00+00:00
[2024-09-12T16:00:57.994+0000] {processor.py:208} INFO - Processing /home/airflow/.local/lib/python3.12/site-packages/airflow/example_dags/example_xcom.py took 0.410 seconds
[2024-09-12T16:01:57.792+0000] {processor.py:186} INFO - Started process (PID=3220) to work on /home/airflow/.local/lib/python3.12/site-packages/airflow/example_dags/example_xcom.py
[2024-09-12T16:01:57.814+0000] {processor.py:914} INFO - Processing file /home/airflow/.local/lib/python3.12/site-packages/airflow/example_dags/example_xcom.py for tasks to queue
[2024-09-12T16:01:57.851+0000] {logging_mixin.py:190} INFO - [2024-09-12T16:01:57.836+0000] {dagbag.py:587} INFO - Filling up the DagBag from /home/airflow/.local/lib/python3.12/site-packages/airflow/example_dags/example_xcom.py
[2024-09-12T16:01:57.998+0000] {processor.py:925} INFO - DAG(s) 'example_xcom' retrieved from /home/airflow/.local/lib/python3.12/site-packages/airflow/example_dags/example_xcom.py
[2024-09-12T16:01:58.211+0000] {logging_mixin.py:190} INFO - [2024-09-12T16:01:58.210+0000] {dag.py:3211} INFO - Sync 1 DAGs
[2024-09-12T16:01:59.970+0000] {logging_mixin.py:190} INFO - [2024-09-12T16:01:59.969+0000] {dag.py:4138} INFO - Setting next_dagrun for example_xcom to 2021-01-01 00:00:00+00:00, run_after=2021-01-01 00:00:00+00:00
[2024-09-12T16:02:00.136+0000] {processor.py:208} INFO - Processing /home/airflow/.local/lib/python3.12/site-packages/airflow/example_dags/example_xcom.py took 2.408 seconds
[2024-09-12T16:03:29.688+0000] {processor.py:186} INFO - Started process (PID=3315) to work on /home/airflow/.local/lib/python3.12/site-packages/airflow/example_dags/example_xcom.py
[2024-09-12T16:03:29.690+0000] {processor.py:914} INFO - Processing file /home/airflow/.local/lib/python3.12/site-packages/airflow/example_dags/example_xcom.py for tasks to queue
[2024-09-12T16:03:29.693+0000] {logging_mixin.py:190} INFO - [2024-09-12T16:03:29.692+0000] {dagbag.py:587} INFO - Filling up the DagBag from /home/airflow/.local/lib/python3.12/site-packages/airflow/example_dags/example_xcom.py
[2024-09-12T16:03:29.779+0000] {processor.py:925} INFO - DAG(s) 'example_xcom' retrieved from /home/airflow/.local/lib/python3.12/site-packages/airflow/example_dags/example_xcom.py
[2024-09-12T16:03:29.895+0000] {logging_mixin.py:190} INFO - [2024-09-12T16:03:29.894+0000] {dag.py:3211} INFO - Sync 1 DAGs
[2024-09-12T16:03:30.037+0000] {logging_mixin.py:190} INFO - [2024-09-12T16:03:30.037+0000] {dag.py:4138} INFO - Setting next_dagrun for example_xcom to 2021-01-01 00:00:00+00:00, run_after=2021-01-01 00:00:00+00:00
[2024-09-12T16:03:30.174+0000] {processor.py:208} INFO - Processing /home/airflow/.local/lib/python3.12/site-packages/airflow/example_dags/example_xcom.py took 0.544 seconds
[2024-09-12T16:04:11.252+0000] {processor.py:186} INFO - Started process (PID=3385) to work on /home/airflow/.local/lib/python3.12/site-packages/airflow/example_dags/example_xcom.py
[2024-09-12T16:04:11.268+0000] {processor.py:914} INFO - Processing file /home/airflow/.local/lib/python3.12/site-packages/airflow/example_dags/example_xcom.py for tasks to queue
[2024-09-12T16:04:11.273+0000] {logging_mixin.py:190} INFO - [2024-09-12T16:04:11.272+0000] {dagbag.py:587} INFO - Filling up the DagBag from /home/airflow/.local/lib/python3.12/site-packages/airflow/example_dags/example_xcom.py
[2024-09-12T16:04:11.358+0000] {processor.py:925} INFO - DAG(s) 'example_xcom' retrieved from /home/airflow/.local/lib/python3.12/site-packages/airflow/example_dags/example_xcom.py
[2024-09-12T16:04:11.559+0000] {logging_mixin.py:190} INFO - [2024-09-12T16:04:11.558+0000] {dag.py:3211} INFO - Sync 1 DAGs
[2024-09-12T16:04:13.043+0000] {logging_mixin.py:190} INFO - [2024-09-12T16:04:13.042+0000] {dag.py:4138} INFO - Setting next_dagrun for example_xcom to 2021-01-01 00:00:00+00:00, run_after=2021-01-01 00:00:00+00:00
[2024-09-12T16:04:13.271+0000] {processor.py:208} INFO - Processing /home/airflow/.local/lib/python3.12/site-packages/airflow/example_dags/example_xcom.py took 2.108 seconds
[2024-09-12T16:06:02.612+0000] {processor.py:186} INFO - Started process (PID=3464) to work on /home/airflow/.local/lib/python3.12/site-packages/airflow/example_dags/example_xcom.py
[2024-09-12T16:06:02.617+0000] {processor.py:914} INFO - Processing file /home/airflow/.local/lib/python3.12/site-packages/airflow/example_dags/example_xcom.py for tasks to queue
[2024-09-12T16:06:02.621+0000] {logging_mixin.py:190} INFO - [2024-09-12T16:06:02.620+0000] {dagbag.py:587} INFO - Filling up the DagBag from /home/airflow/.local/lib/python3.12/site-packages/airflow/example_dags/example_xcom.py
[2024-09-12T16:06:02.661+0000] {processor.py:925} INFO - DAG(s) 'example_xcom' retrieved from /home/airflow/.local/lib/python3.12/site-packages/airflow/example_dags/example_xcom.py
[2024-09-12T16:06:03.599+0000] {logging_mixin.py:190} INFO - [2024-09-12T16:06:03.597+0000] {dag.py:3211} INFO - Sync 1 DAGs
[2024-09-12T16:06:03.986+0000] {logging_mixin.py:190} INFO - [2024-09-12T16:06:03.986+0000] {dag.py:4138} INFO - Setting next_dagrun for example_xcom to 2021-01-01 00:00:00+00:00, run_after=2021-01-01 00:00:00+00:00
[2024-09-12T16:06:04.188+0000] {processor.py:208} INFO - Processing /home/airflow/.local/lib/python3.12/site-packages/airflow/example_dags/example_xcom.py took 1.590 seconds
[2024-09-12T16:07:43.978+0000] {processor.py:186} INFO - Started process (PID=3547) to work on /home/airflow/.local/lib/python3.12/site-packages/airflow/example_dags/example_xcom.py
[2024-09-12T16:07:43.994+0000] {processor.py:914} INFO - Processing file /home/airflow/.local/lib/python3.12/site-packages/airflow/example_dags/example_xcom.py for tasks to queue
[2024-09-12T16:07:43.997+0000] {logging_mixin.py:190} INFO - [2024-09-12T16:07:43.996+0000] {dagbag.py:587} INFO - Filling up the DagBag from /home/airflow/.local/lib/python3.12/site-packages/airflow/example_dags/example_xcom.py
[2024-09-12T16:07:44.071+0000] {processor.py:925} INFO - DAG(s) 'example_xcom' retrieved from /home/airflow/.local/lib/python3.12/site-packages/airflow/example_dags/example_xcom.py
[2024-09-12T16:07:44.243+0000] {logging_mixin.py:190} INFO - [2024-09-12T16:07:44.242+0000] {dag.py:3211} INFO - Sync 1 DAGs
[2024-09-12T16:07:44.380+0000] {logging_mixin.py:190} INFO - [2024-09-12T16:07:44.379+0000] {dag.py:4138} INFO - Setting next_dagrun for example_xcom to 2021-01-01 00:00:00+00:00, run_after=2021-01-01 00:00:00+00:00
[2024-09-12T16:07:44.584+0000] {processor.py:208} INFO - Processing /home/airflow/.local/lib/python3.12/site-packages/airflow/example_dags/example_xcom.py took 0.633 seconds
[2024-09-12T16:08:42.614+0000] {processor.py:186} INFO - Started process (PID=3612) to work on /home/airflow/.local/lib/python3.12/site-packages/airflow/example_dags/example_xcom.py
[2024-09-12T16:08:42.621+0000] {processor.py:914} INFO - Processing file /home/airflow/.local/lib/python3.12/site-packages/airflow/example_dags/example_xcom.py for tasks to queue
[2024-09-12T16:08:42.625+0000] {logging_mixin.py:190} INFO - [2024-09-12T16:08:42.624+0000] {dagbag.py:587} INFO - Filling up the DagBag from /home/airflow/.local/lib/python3.12/site-packages/airflow/example_dags/example_xcom.py
[2024-09-12T16:08:42.679+0000] {processor.py:925} INFO - DAG(s) 'example_xcom' retrieved from /home/airflow/.local/lib/python3.12/site-packages/airflow/example_dags/example_xcom.py
[2024-09-12T16:08:42.840+0000] {logging_mixin.py:190} INFO - [2024-09-12T16:08:42.839+0000] {dag.py:3211} INFO - Sync 1 DAGs
[2024-09-12T16:08:42.953+0000] {logging_mixin.py:190} INFO - [2024-09-12T16:08:42.953+0000] {dag.py:4138} INFO - Setting next_dagrun for example_xcom to 2021-01-01 00:00:00+00:00, run_after=2021-01-01 00:00:00+00:00
[2024-09-12T16:08:43.056+0000] {processor.py:208} INFO - Processing /home/airflow/.local/lib/python3.12/site-packages/airflow/example_dags/example_xcom.py took 0.506 seconds
[2024-09-12T16:09:18.147+0000] {processor.py:186} INFO - Started process (PID=3685) to work on /home/airflow/.local/lib/python3.12/site-packages/airflow/example_dags/example_xcom.py
[2024-09-12T16:09:18.156+0000] {processor.py:914} INFO - Processing file /home/airflow/.local/lib/python3.12/site-packages/airflow/example_dags/example_xcom.py for tasks to queue
[2024-09-12T16:09:18.161+0000] {logging_mixin.py:190} INFO - [2024-09-12T16:09:18.160+0000] {dagbag.py:587} INFO - Filling up the DagBag from /home/airflow/.local/lib/python3.12/site-packages/airflow/example_dags/example_xcom.py
[2024-09-12T16:09:18.233+0000] {processor.py:925} INFO - DAG(s) 'example_xcom' retrieved from /home/airflow/.local/lib/python3.12/site-packages/airflow/example_dags/example_xcom.py
[2024-09-12T16:09:18.337+0000] {logging_mixin.py:190} INFO - [2024-09-12T16:09:18.337+0000] {dag.py:3211} INFO - Sync 1 DAGs
[2024-09-12T16:09:18.428+0000] {logging_mixin.py:190} INFO - [2024-09-12T16:09:18.427+0000] {dag.py:4138} INFO - Setting next_dagrun for example_xcom to 2021-01-01 00:00:00+00:00, run_after=2021-01-01 00:00:00+00:00
[2024-09-12T16:09:18.472+0000] {processor.py:208} INFO - Processing /home/airflow/.local/lib/python3.12/site-packages/airflow/example_dags/example_xcom.py took 0.372 seconds
[2024-09-12T16:10:35.305+0000] {processor.py:186} INFO - Started process (PID=3755) to work on /home/airflow/.local/lib/python3.12/site-packages/airflow/example_dags/example_xcom.py
[2024-09-12T16:10:35.312+0000] {processor.py:914} INFO - Processing file /home/airflow/.local/lib/python3.12/site-packages/airflow/example_dags/example_xcom.py for tasks to queue
[2024-09-12T16:10:35.315+0000] {logging_mixin.py:190} INFO - [2024-09-12T16:10:35.315+0000] {dagbag.py:587} INFO - Filling up the DagBag from /home/airflow/.local/lib/python3.12/site-packages/airflow/example_dags/example_xcom.py
[2024-09-12T16:10:35.378+0000] {processor.py:925} INFO - DAG(s) 'example_xcom' retrieved from /home/airflow/.local/lib/python3.12/site-packages/airflow/example_dags/example_xcom.py
[2024-09-12T16:10:35.585+0000] {logging_mixin.py:190} INFO - [2024-09-12T16:10:35.584+0000] {dag.py:3211} INFO - Sync 1 DAGs
[2024-09-12T16:10:35.717+0000] {logging_mixin.py:190} INFO - [2024-09-12T16:10:35.716+0000] {dag.py:4138} INFO - Setting next_dagrun for example_xcom to 2021-01-01 00:00:00+00:00, run_after=2021-01-01 00:00:00+00:00
[2024-09-12T16:10:35.844+0000] {processor.py:208} INFO - Processing /home/airflow/.local/lib/python3.12/site-packages/airflow/example_dags/example_xcom.py took 0.576 seconds
[2024-09-12T16:11:14.593+0000] {processor.py:186} INFO - Started process (PID=3821) to work on /home/airflow/.local/lib/python3.12/site-packages/airflow/example_dags/example_xcom.py
[2024-09-12T16:11:14.605+0000] {processor.py:914} INFO - Processing file /home/airflow/.local/lib/python3.12/site-packages/airflow/example_dags/example_xcom.py for tasks to queue
[2024-09-12T16:11:14.609+0000] {logging_mixin.py:190} INFO - [2024-09-12T16:11:14.608+0000] {dagbag.py:587} INFO - Filling up the DagBag from /home/airflow/.local/lib/python3.12/site-packages/airflow/example_dags/example_xcom.py
[2024-09-12T16:11:14.753+0000] {processor.py:925} INFO - DAG(s) 'example_xcom' retrieved from /home/airflow/.local/lib/python3.12/site-packages/airflow/example_dags/example_xcom.py
[2024-09-12T16:11:14.997+0000] {logging_mixin.py:190} INFO - [2024-09-12T16:11:14.996+0000] {dag.py:3211} INFO - Sync 1 DAGs
[2024-09-12T16:11:15.118+0000] {logging_mixin.py:190} INFO - [2024-09-12T16:11:15.118+0000] {dag.py:4138} INFO - Setting next_dagrun for example_xcom to 2021-01-01 00:00:00+00:00, run_after=2021-01-01 00:00:00+00:00
[2024-09-12T16:11:15.320+0000] {processor.py:208} INFO - Processing /home/airflow/.local/lib/python3.12/site-packages/airflow/example_dags/example_xcom.py took 0.769 seconds
[2024-09-12T16:12:15.336+0000] {processor.py:186} INFO - Started process (PID=3890) to work on /home/airflow/.local/lib/python3.12/site-packages/airflow/example_dags/example_xcom.py
[2024-09-12T16:12:15.346+0000] {processor.py:914} INFO - Processing file /home/airflow/.local/lib/python3.12/site-packages/airflow/example_dags/example_xcom.py for tasks to queue
[2024-09-12T16:12:15.351+0000] {logging_mixin.py:190} INFO - [2024-09-12T16:12:15.349+0000] {dagbag.py:587} INFO - Filling up the DagBag from /home/airflow/.local/lib/python3.12/site-packages/airflow/example_dags/example_xcom.py
[2024-09-12T16:12:15.477+0000] {processor.py:925} INFO - DAG(s) 'example_xcom' retrieved from /home/airflow/.local/lib/python3.12/site-packages/airflow/example_dags/example_xcom.py
[2024-09-12T16:12:16.118+0000] {logging_mixin.py:190} INFO - [2024-09-12T16:12:16.118+0000] {dag.py:3211} INFO - Sync 1 DAGs
[2024-09-12T16:12:16.417+0000] {logging_mixin.py:190} INFO - [2024-09-12T16:12:16.416+0000] {dag.py:4138} INFO - Setting next_dagrun for example_xcom to 2021-01-01 00:00:00+00:00, run_after=2021-01-01 00:00:00+00:00
[2024-09-12T16:12:16.740+0000] {processor.py:208} INFO - Processing /home/airflow/.local/lib/python3.12/site-packages/airflow/example_dags/example_xcom.py took 1.492 seconds
[2024-09-12T16:12:51.871+0000] {processor.py:186} INFO - Started process (PID=3959) to work on /home/airflow/.local/lib/python3.12/site-packages/airflow/example_dags/example_xcom.py
[2024-09-12T16:12:51.885+0000] {processor.py:914} INFO - Processing file /home/airflow/.local/lib/python3.12/site-packages/airflow/example_dags/example_xcom.py for tasks to queue
[2024-09-12T16:12:51.902+0000] {logging_mixin.py:190} INFO - [2024-09-12T16:12:51.902+0000] {dagbag.py:587} INFO - Filling up the DagBag from /home/airflow/.local/lib/python3.12/site-packages/airflow/example_dags/example_xcom.py
[2024-09-12T16:12:51.989+0000] {processor.py:925} INFO - DAG(s) 'example_xcom' retrieved from /home/airflow/.local/lib/python3.12/site-packages/airflow/example_dags/example_xcom.py
[2024-09-12T16:12:52.131+0000] {logging_mixin.py:190} INFO - [2024-09-12T16:12:52.130+0000] {dag.py:3211} INFO - Sync 1 DAGs
[2024-09-12T16:12:52.213+0000] {logging_mixin.py:190} INFO - [2024-09-12T16:12:52.212+0000] {dag.py:4138} INFO - Setting next_dagrun for example_xcom to 2021-01-01 00:00:00+00:00, run_after=2021-01-01 00:00:00+00:00
[2024-09-12T16:12:52.271+0000] {processor.py:208} INFO - Processing /home/airflow/.local/lib/python3.12/site-packages/airflow/example_dags/example_xcom.py took 0.450 seconds
[2024-09-12T16:13:49.495+0000] {processor.py:186} INFO - Started process (PID=4021) to work on /home/airflow/.local/lib/python3.12/site-packages/airflow/example_dags/example_xcom.py
[2024-09-12T16:13:49.504+0000] {processor.py:914} INFO - Processing file /home/airflow/.local/lib/python3.12/site-packages/airflow/example_dags/example_xcom.py for tasks to queue
[2024-09-12T16:13:49.510+0000] {logging_mixin.py:190} INFO - [2024-09-12T16:13:49.509+0000] {dagbag.py:587} INFO - Filling up the DagBag from /home/airflow/.local/lib/python3.12/site-packages/airflow/example_dags/example_xcom.py
[2024-09-12T16:13:49.581+0000] {processor.py:925} INFO - DAG(s) 'example_xcom' retrieved from /home/airflow/.local/lib/python3.12/site-packages/airflow/example_dags/example_xcom.py
[2024-09-12T16:13:49.775+0000] {logging_mixin.py:190} INFO - [2024-09-12T16:13:49.774+0000] {dag.py:3211} INFO - Sync 1 DAGs
[2024-09-12T16:13:50.004+0000] {logging_mixin.py:190} INFO - [2024-09-12T16:13:50.002+0000] {dag.py:4138} INFO - Setting next_dagrun for example_xcom to 2021-01-01 00:00:00+00:00, run_after=2021-01-01 00:00:00+00:00
[2024-09-12T16:13:50.258+0000] {processor.py:208} INFO - Processing /home/airflow/.local/lib/python3.12/site-packages/airflow/example_dags/example_xcom.py took 0.802 seconds
[2024-09-12T16:14:41.173+0000] {processor.py:186} INFO - Started process (PID=4086) to work on /home/airflow/.local/lib/python3.12/site-packages/airflow/example_dags/example_xcom.py
[2024-09-12T16:14:41.184+0000] {processor.py:914} INFO - Processing file /home/airflow/.local/lib/python3.12/site-packages/airflow/example_dags/example_xcom.py for tasks to queue
[2024-09-12T16:14:41.193+0000] {logging_mixin.py:190} INFO - [2024-09-12T16:14:41.192+0000] {dagbag.py:587} INFO - Filling up the DagBag from /home/airflow/.local/lib/python3.12/site-packages/airflow/example_dags/example_xcom.py
[2024-09-12T16:14:41.262+0000] {processor.py:925} INFO - DAG(s) 'example_xcom' retrieved from /home/airflow/.local/lib/python3.12/site-packages/airflow/example_dags/example_xcom.py
[2024-09-12T16:14:41.478+0000] {logging_mixin.py:190} INFO - [2024-09-12T16:14:41.478+0000] {dag.py:3211} INFO - Sync 1 DAGs
[2024-09-12T16:14:41.637+0000] {logging_mixin.py:190} INFO - [2024-09-12T16:14:41.636+0000] {dag.py:4138} INFO - Setting next_dagrun for example_xcom to 2021-01-01 00:00:00+00:00, run_after=2021-01-01 00:00:00+00:00
[2024-09-12T16:14:41.724+0000] {processor.py:208} INFO - Processing /home/airflow/.local/lib/python3.12/site-packages/airflow/example_dags/example_xcom.py took 0.619 seconds
[2024-09-12T16:15:12.371+0000] {processor.py:186} INFO - Started process (PID=4150) to work on /home/airflow/.local/lib/python3.12/site-packages/airflow/example_dags/example_xcom.py
[2024-09-12T16:15:12.374+0000] {processor.py:914} INFO - Processing file /home/airflow/.local/lib/python3.12/site-packages/airflow/example_dags/example_xcom.py for tasks to queue
[2024-09-12T16:15:12.385+0000] {logging_mixin.py:190} INFO - [2024-09-12T16:15:12.385+0000] {dagbag.py:587} INFO - Filling up the DagBag from /home/airflow/.local/lib/python3.12/site-packages/airflow/example_dags/example_xcom.py
[2024-09-12T16:15:12.527+0000] {processor.py:925} INFO - DAG(s) 'example_xcom' retrieved from /home/airflow/.local/lib/python3.12/site-packages/airflow/example_dags/example_xcom.py
[2024-09-12T16:15:12.693+0000] {logging_mixin.py:190} INFO - [2024-09-12T16:15:12.691+0000] {dag.py:3211} INFO - Sync 1 DAGs
[2024-09-12T16:15:12.858+0000] {logging_mixin.py:190} INFO - [2024-09-12T16:15:12.857+0000] {dag.py:4138} INFO - Setting next_dagrun for example_xcom to 2021-01-01 00:00:00+00:00, run_after=2021-01-01 00:00:00+00:00
[2024-09-12T16:15:12.957+0000] {processor.py:208} INFO - Processing /home/airflow/.local/lib/python3.12/site-packages/airflow/example_dags/example_xcom.py took 0.639 seconds
[2024-09-12T16:15:45.676+0000] {processor.py:186} INFO - Started process (PID=4221) to work on /home/airflow/.local/lib/python3.12/site-packages/airflow/example_dags/example_xcom.py
[2024-09-12T16:15:45.689+0000] {processor.py:914} INFO - Processing file /home/airflow/.local/lib/python3.12/site-packages/airflow/example_dags/example_xcom.py for tasks to queue
[2024-09-12T16:15:45.700+0000] {logging_mixin.py:190} INFO - [2024-09-12T16:15:45.699+0000] {dagbag.py:587} INFO - Filling up the DagBag from /home/airflow/.local/lib/python3.12/site-packages/airflow/example_dags/example_xcom.py
[2024-09-12T16:15:45.759+0000] {processor.py:925} INFO - DAG(s) 'example_xcom' retrieved from /home/airflow/.local/lib/python3.12/site-packages/airflow/example_dags/example_xcom.py
[2024-09-12T16:15:45.885+0000] {logging_mixin.py:190} INFO - [2024-09-12T16:15:45.885+0000] {dag.py:3211} INFO - Sync 1 DAGs
[2024-09-12T16:15:45.993+0000] {logging_mixin.py:190} INFO - [2024-09-12T16:15:45.990+0000] {dag.py:4138} INFO - Setting next_dagrun for example_xcom to 2021-01-01 00:00:00+00:00, run_after=2021-01-01 00:00:00+00:00
[2024-09-12T16:15:46.055+0000] {processor.py:208} INFO - Processing /home/airflow/.local/lib/python3.12/site-packages/airflow/example_dags/example_xcom.py took 0.392 seconds
[2024-09-12T16:16:36.998+0000] {processor.py:186} INFO - Started process (PID=4291) to work on /home/airflow/.local/lib/python3.12/site-packages/airflow/example_dags/example_xcom.py
[2024-09-12T16:16:37.001+0000] {processor.py:914} INFO - Processing file /home/airflow/.local/lib/python3.12/site-packages/airflow/example_dags/example_xcom.py for tasks to queue
[2024-09-12T16:16:37.004+0000] {logging_mixin.py:190} INFO - [2024-09-12T16:16:37.004+0000] {dagbag.py:587} INFO - Filling up the DagBag from /home/airflow/.local/lib/python3.12/site-packages/airflow/example_dags/example_xcom.py
[2024-09-12T16:16:37.041+0000] {processor.py:925} INFO - DAG(s) 'example_xcom' retrieved from /home/airflow/.local/lib/python3.12/site-packages/airflow/example_dags/example_xcom.py
[2024-09-12T16:16:37.119+0000] {logging_mixin.py:190} INFO - [2024-09-12T16:16:37.119+0000] {dag.py:3211} INFO - Sync 1 DAGs
[2024-09-12T16:16:37.190+0000] {logging_mixin.py:190} INFO - [2024-09-12T16:16:37.190+0000] {dag.py:4138} INFO - Setting next_dagrun for example_xcom to 2021-01-01 00:00:00+00:00, run_after=2021-01-01 00:00:00+00:00
[2024-09-12T16:16:37.254+0000] {processor.py:208} INFO - Processing /home/airflow/.local/lib/python3.12/site-packages/airflow/example_dags/example_xcom.py took 0.280 seconds
[2024-09-12T16:17:28.230+0000] {processor.py:186} INFO - Started process (PID=4356) to work on /home/airflow/.local/lib/python3.12/site-packages/airflow/example_dags/example_xcom.py
[2024-09-12T16:17:28.240+0000] {processor.py:914} INFO - Processing file /home/airflow/.local/lib/python3.12/site-packages/airflow/example_dags/example_xcom.py for tasks to queue
[2024-09-12T16:17:28.252+0000] {logging_mixin.py:190} INFO - [2024-09-12T16:17:28.247+0000] {dagbag.py:587} INFO - Filling up the DagBag from /home/airflow/.local/lib/python3.12/site-packages/airflow/example_dags/example_xcom.py
[2024-09-12T16:17:28.490+0000] {processor.py:925} INFO - DAG(s) 'example_xcom' retrieved from /home/airflow/.local/lib/python3.12/site-packages/airflow/example_dags/example_xcom.py
[2024-09-12T16:17:28.903+0000] {logging_mixin.py:190} INFO - [2024-09-12T16:17:28.902+0000] {dag.py:3211} INFO - Sync 1 DAGs
[2024-09-12T16:17:29.160+0000] {logging_mixin.py:190} INFO - [2024-09-12T16:17:29.158+0000] {dag.py:4138} INFO - Setting next_dagrun for example_xcom to 2021-01-01 00:00:00+00:00, run_after=2021-01-01 00:00:00+00:00
[2024-09-12T16:17:29.279+0000] {processor.py:208} INFO - Processing /home/airflow/.local/lib/python3.12/site-packages/airflow/example_dags/example_xcom.py took 1.088 seconds
[2024-09-12T16:17:59.527+0000] {processor.py:186} INFO - Started process (PID=4417) to work on /home/airflow/.local/lib/python3.12/site-packages/airflow/example_dags/example_xcom.py
[2024-09-12T16:17:59.533+0000] {processor.py:914} INFO - Processing file /home/airflow/.local/lib/python3.12/site-packages/airflow/example_dags/example_xcom.py for tasks to queue
[2024-09-12T16:17:59.538+0000] {logging_mixin.py:190} INFO - [2024-09-12T16:17:59.537+0000] {dagbag.py:587} INFO - Filling up the DagBag from /home/airflow/.local/lib/python3.12/site-packages/airflow/example_dags/example_xcom.py
[2024-09-12T16:17:59.568+0000] {processor.py:925} INFO - DAG(s) 'example_xcom' retrieved from /home/airflow/.local/lib/python3.12/site-packages/airflow/example_dags/example_xcom.py
[2024-09-12T16:17:59.645+0000] {logging_mixin.py:190} INFO - [2024-09-12T16:17:59.644+0000] {dag.py:3211} INFO - Sync 1 DAGs
[2024-09-12T16:17:59.707+0000] {logging_mixin.py:190} INFO - [2024-09-12T16:17:59.706+0000] {dag.py:4138} INFO - Setting next_dagrun for example_xcom to 2021-01-01 00:00:00+00:00, run_after=2021-01-01 00:00:00+00:00
[2024-09-12T16:17:59.755+0000] {processor.py:208} INFO - Processing /home/airflow/.local/lib/python3.12/site-packages/airflow/example_dags/example_xcom.py took 0.267 seconds
[2024-09-12T16:18:41.260+0000] {processor.py:186} INFO - Started process (PID=4468) to work on /home/airflow/.local/lib/python3.12/site-packages/airflow/example_dags/example_xcom.py
[2024-09-12T16:18:41.265+0000] {processor.py:914} INFO - Processing file /home/airflow/.local/lib/python3.12/site-packages/airflow/example_dags/example_xcom.py for tasks to queue
[2024-09-12T16:18:41.271+0000] {logging_mixin.py:190} INFO - [2024-09-12T16:18:41.270+0000] {dagbag.py:587} INFO - Filling up the DagBag from /home/airflow/.local/lib/python3.12/site-packages/airflow/example_dags/example_xcom.py
[2024-09-12T16:18:41.315+0000] {processor.py:925} INFO - DAG(s) 'example_xcom' retrieved from /home/airflow/.local/lib/python3.12/site-packages/airflow/example_dags/example_xcom.py
[2024-09-12T16:18:41.434+0000] {logging_mixin.py:190} INFO - [2024-09-12T16:18:41.424+0000] {dag.py:3211} INFO - Sync 1 DAGs
[2024-09-12T16:18:41.583+0000] {logging_mixin.py:190} INFO - [2024-09-12T16:18:41.582+0000] {dag.py:4138} INFO - Setting next_dagrun for example_xcom to 2021-01-01 00:00:00+00:00, run_after=2021-01-01 00:00:00+00:00
[2024-09-12T16:18:41.669+0000] {processor.py:208} INFO - Processing /home/airflow/.local/lib/python3.12/site-packages/airflow/example_dags/example_xcom.py took 0.492 seconds
[2024-09-12T16:19:20.388+0000] {processor.py:186} INFO - Started process (PID=4540) to work on /home/airflow/.local/lib/python3.12/site-packages/airflow/example_dags/example_xcom.py
[2024-09-12T16:19:20.396+0000] {processor.py:914} INFO - Processing file /home/airflow/.local/lib/python3.12/site-packages/airflow/example_dags/example_xcom.py for tasks to queue
[2024-09-12T16:19:20.400+0000] {logging_mixin.py:190} INFO - [2024-09-12T16:19:20.398+0000] {dagbag.py:587} INFO - Filling up the DagBag from /home/airflow/.local/lib/python3.12/site-packages/airflow/example_dags/example_xcom.py
[2024-09-12T16:19:20.528+0000] {processor.py:925} INFO - DAG(s) 'example_xcom' retrieved from /home/airflow/.local/lib/python3.12/site-packages/airflow/example_dags/example_xcom.py
[2024-09-12T16:19:20.751+0000] {logging_mixin.py:190} INFO - [2024-09-12T16:19:20.751+0000] {dag.py:3211} INFO - Sync 1 DAGs
[2024-09-12T16:19:20.968+0000] {logging_mixin.py:190} INFO - [2024-09-12T16:19:20.968+0000] {dag.py:4138} INFO - Setting next_dagrun for example_xcom to 2021-01-01 00:00:00+00:00, run_after=2021-01-01 00:00:00+00:00
[2024-09-12T16:19:21.309+0000] {processor.py:208} INFO - Processing /home/airflow/.local/lib/python3.12/site-packages/airflow/example_dags/example_xcom.py took 0.963 seconds
[2024-09-12T16:19:57.833+0000] {processor.py:186} INFO - Started process (PID=4609) to work on /home/airflow/.local/lib/python3.12/site-packages/airflow/example_dags/example_xcom.py
[2024-09-12T16:19:57.853+0000] {processor.py:914} INFO - Processing file /home/airflow/.local/lib/python3.12/site-packages/airflow/example_dags/example_xcom.py for tasks to queue
[2024-09-12T16:19:57.859+0000] {logging_mixin.py:190} INFO - [2024-09-12T16:19:57.858+0000] {dagbag.py:587} INFO - Filling up the DagBag from /home/airflow/.local/lib/python3.12/site-packages/airflow/example_dags/example_xcom.py
[2024-09-12T16:19:57.951+0000] {processor.py:925} INFO - DAG(s) 'example_xcom' retrieved from /home/airflow/.local/lib/python3.12/site-packages/airflow/example_dags/example_xcom.py
[2024-09-12T16:19:58.265+0000] {logging_mixin.py:190} INFO - [2024-09-12T16:19:58.264+0000] {dag.py:3211} INFO - Sync 1 DAGs
[2024-09-12T16:19:58.484+0000] {logging_mixin.py:190} INFO - [2024-09-12T16:19:58.483+0000] {dag.py:4138} INFO - Setting next_dagrun for example_xcom to 2021-01-01 00:00:00+00:00, run_after=2021-01-01 00:00:00+00:00
[2024-09-12T16:19:58.759+0000] {processor.py:208} INFO - Processing /home/airflow/.local/lib/python3.12/site-packages/airflow/example_dags/example_xcom.py took 0.963 seconds
[2024-09-12T16:20:56.651+0000] {processor.py:186} INFO - Started process (PID=4682) to work on /home/airflow/.local/lib/python3.12/site-packages/airflow/example_dags/example_xcom.py
[2024-09-12T16:20:56.662+0000] {processor.py:914} INFO - Processing file /home/airflow/.local/lib/python3.12/site-packages/airflow/example_dags/example_xcom.py for tasks to queue
[2024-09-12T16:20:56.671+0000] {logging_mixin.py:190} INFO - [2024-09-12T16:20:56.670+0000] {dagbag.py:587} INFO - Filling up the DagBag from /home/airflow/.local/lib/python3.12/site-packages/airflow/example_dags/example_xcom.py
[2024-09-12T16:20:56.742+0000] {processor.py:925} INFO - DAG(s) 'example_xcom' retrieved from /home/airflow/.local/lib/python3.12/site-packages/airflow/example_dags/example_xcom.py
[2024-09-12T16:20:56.820+0000] {logging_mixin.py:190} INFO - [2024-09-12T16:20:56.820+0000] {dag.py:3211} INFO - Sync 1 DAGs
[2024-09-12T16:20:57.125+0000] {logging_mixin.py:190} INFO - [2024-09-12T16:20:57.124+0000] {dag.py:4138} INFO - Setting next_dagrun for example_xcom to 2021-01-01 00:00:00+00:00, run_after=2021-01-01 00:00:00+00:00
[2024-09-12T16:20:57.323+0000] {processor.py:208} INFO - Processing /home/airflow/.local/lib/python3.12/site-packages/airflow/example_dags/example_xcom.py took 0.714 seconds
[2024-09-12T16:22:12.796+0000] {processor.py:186} INFO - Started process (PID=4756) to work on /home/airflow/.local/lib/python3.12/site-packages/airflow/example_dags/example_xcom.py
[2024-09-12T16:22:12.813+0000] {processor.py:914} INFO - Processing file /home/airflow/.local/lib/python3.12/site-packages/airflow/example_dags/example_xcom.py for tasks to queue
[2024-09-12T16:22:12.820+0000] {logging_mixin.py:190} INFO - [2024-09-12T16:22:12.819+0000] {dagbag.py:587} INFO - Filling up the DagBag from /home/airflow/.local/lib/python3.12/site-packages/airflow/example_dags/example_xcom.py
[2024-09-12T16:22:12.888+0000] {processor.py:925} INFO - DAG(s) 'example_xcom' retrieved from /home/airflow/.local/lib/python3.12/site-packages/airflow/example_dags/example_xcom.py
[2024-09-12T16:22:13.069+0000] {logging_mixin.py:190} INFO - [2024-09-12T16:22:13.069+0000] {dag.py:3211} INFO - Sync 1 DAGs
[2024-09-12T16:22:13.456+0000] {logging_mixin.py:190} INFO - [2024-09-12T16:22:13.455+0000] {dag.py:4138} INFO - Setting next_dagrun for example_xcom to 2021-01-01 00:00:00+00:00, run_after=2021-01-01 00:00:00+00:00
[2024-09-12T16:22:13.697+0000] {processor.py:208} INFO - Processing /home/airflow/.local/lib/python3.12/site-packages/airflow/example_dags/example_xcom.py took 0.935 seconds
[2024-09-12T16:22:56.556+0000] {processor.py:186} INFO - Started process (PID=4833) to work on /home/airflow/.local/lib/python3.12/site-packages/airflow/example_dags/example_xcom.py
[2024-09-12T16:22:56.571+0000] {processor.py:914} INFO - Processing file /home/airflow/.local/lib/python3.12/site-packages/airflow/example_dags/example_xcom.py for tasks to queue
[2024-09-12T16:22:56.611+0000] {logging_mixin.py:190} INFO - [2024-09-12T16:22:56.589+0000] {dagbag.py:587} INFO - Filling up the DagBag from /home/airflow/.local/lib/python3.12/site-packages/airflow/example_dags/example_xcom.py
[2024-09-12T16:22:56.756+0000] {processor.py:925} INFO - DAG(s) 'example_xcom' retrieved from /home/airflow/.local/lib/python3.12/site-packages/airflow/example_dags/example_xcom.py
[2024-09-12T16:22:56.940+0000] {logging_mixin.py:190} INFO - [2024-09-12T16:22:56.939+0000] {dag.py:3211} INFO - Sync 1 DAGs
[2024-09-12T16:22:57.295+0000] {logging_mixin.py:190} INFO - [2024-09-12T16:22:57.295+0000] {dag.py:4138} INFO - Setting next_dagrun for example_xcom to 2021-01-01 00:00:00+00:00, run_after=2021-01-01 00:00:00+00:00
[2024-09-12T16:22:57.717+0000] {processor.py:208} INFO - Processing /home/airflow/.local/lib/python3.12/site-packages/airflow/example_dags/example_xcom.py took 1.185 seconds
