[2024-09-12T14:58:46.906+0000] {processor.py:186} INFO - Started process (PID=94) to work on /home/airflow/.local/lib/python3.12/site-packages/airflow/example_dags/example_trigger_controller_dag.py
[2024-09-12T14:58:46.914+0000] {processor.py:914} INFO - Processing file /home/airflow/.local/lib/python3.12/site-packages/airflow/example_dags/example_trigger_controller_dag.py for tasks to queue
[2024-09-12T14:58:46.923+0000] {logging_mixin.py:190} INFO - [2024-09-12T14:58:46.923+0000] {dagbag.py:587} INFO - Filling up the DagBag from /home/airflow/.local/lib/python3.12/site-packages/airflow/example_dags/example_trigger_controller_dag.py
[2024-09-12T14:58:46.958+0000] {processor.py:925} INFO - DAG(s) 'example_trigger_controller_dag' retrieved from /home/airflow/.local/lib/python3.12/site-packages/airflow/example_dags/example_trigger_controller_dag.py
[2024-09-12T14:58:47.101+0000] {logging_mixin.py:190} INFO - [2024-09-12T14:58:47.099+0000] {dag.py:3211} INFO - Sync 1 DAGs
[2024-09-12T14:58:47.234+0000] {logging_mixin.py:190} INFO - [2024-09-12T14:58:47.234+0000] {dag.py:4138} INFO - Setting next_dagrun for example_trigger_controller_dag to 2021-01-01 00:00:00+00:00, run_after=2021-01-01 00:00:00+00:00
[2024-09-12T14:58:47.338+0000] {processor.py:208} INFO - Processing /home/airflow/.local/lib/python3.12/site-packages/airflow/example_dags/example_trigger_controller_dag.py took 0.504 seconds
[2024-09-12T14:59:41.345+0000] {processor.py:186} INFO - Started process (PID=165) to work on /home/airflow/.local/lib/python3.12/site-packages/airflow/example_dags/example_trigger_controller_dag.py
[2024-09-12T14:59:41.358+0000] {processor.py:914} INFO - Processing file /home/airflow/.local/lib/python3.12/site-packages/airflow/example_dags/example_trigger_controller_dag.py for tasks to queue
[2024-09-12T14:59:41.380+0000] {logging_mixin.py:190} INFO - [2024-09-12T14:59:41.380+0000] {dagbag.py:587} INFO - Filling up the DagBag from /home/airflow/.local/lib/python3.12/site-packages/airflow/example_dags/example_trigger_controller_dag.py
[2024-09-12T14:59:41.515+0000] {processor.py:925} INFO - DAG(s) 'example_trigger_controller_dag' retrieved from /home/airflow/.local/lib/python3.12/site-packages/airflow/example_dags/example_trigger_controller_dag.py
[2024-09-12T14:59:41.700+0000] {logging_mixin.py:190} INFO - [2024-09-12T14:59:41.700+0000] {dag.py:3211} INFO - Sync 1 DAGs
[2024-09-12T14:59:41.935+0000] {logging_mixin.py:190} INFO - [2024-09-12T14:59:41.934+0000] {dag.py:4138} INFO - Setting next_dagrun for example_trigger_controller_dag to 2021-01-01 00:00:00+00:00, run_after=2021-01-01 00:00:00+00:00
[2024-09-12T14:59:42.201+0000] {processor.py:208} INFO - Processing /home/airflow/.local/lib/python3.12/site-packages/airflow/example_dags/example_trigger_controller_dag.py took 0.933 seconds
[2024-09-12T15:00:38.790+0000] {processor.py:186} INFO - Started process (PID=241) to work on /home/airflow/.local/lib/python3.12/site-packages/airflow/example_dags/example_trigger_controller_dag.py
[2024-09-12T15:00:38.950+0000] {processor.py:914} INFO - Processing file /home/airflow/.local/lib/python3.12/site-packages/airflow/example_dags/example_trigger_controller_dag.py for tasks to queue
[2024-09-12T15:00:39.086+0000] {logging_mixin.py:190} INFO - [2024-09-12T15:00:39.085+0000] {dagbag.py:587} INFO - Filling up the DagBag from /home/airflow/.local/lib/python3.12/site-packages/airflow/example_dags/example_trigger_controller_dag.py
[2024-09-12T15:00:39.233+0000] {processor.py:925} INFO - DAG(s) 'example_trigger_controller_dag' retrieved from /home/airflow/.local/lib/python3.12/site-packages/airflow/example_dags/example_trigger_controller_dag.py
[2024-09-12T15:00:39.471+0000] {logging_mixin.py:190} INFO - [2024-09-12T15:00:39.470+0000] {dag.py:3211} INFO - Sync 1 DAGs
[2024-09-12T15:00:39.725+0000] {logging_mixin.py:190} INFO - [2024-09-12T15:00:39.724+0000] {dag.py:4138} INFO - Setting next_dagrun for example_trigger_controller_dag to 2021-01-01 00:00:00+00:00, run_after=2021-01-01 00:00:00+00:00
[2024-09-12T15:00:39.948+0000] {processor.py:208} INFO - Processing /home/airflow/.local/lib/python3.12/site-packages/airflow/example_dags/example_trigger_controller_dag.py took 1.235 seconds
[2024-09-12T15:01:55.126+0000] {processor.py:186} INFO - Started process (PID=318) to work on /home/airflow/.local/lib/python3.12/site-packages/airflow/example_dags/example_trigger_controller_dag.py
[2024-09-12T15:01:55.205+0000] {processor.py:914} INFO - Processing file /home/airflow/.local/lib/python3.12/site-packages/airflow/example_dags/example_trigger_controller_dag.py for tasks to queue
[2024-09-12T15:01:55.331+0000] {logging_mixin.py:190} INFO - [2024-09-12T15:01:55.331+0000] {dagbag.py:587} INFO - Filling up the DagBag from /home/airflow/.local/lib/python3.12/site-packages/airflow/example_dags/example_trigger_controller_dag.py
[2024-09-12T15:01:55.442+0000] {processor.py:925} INFO - DAG(s) 'example_trigger_controller_dag' retrieved from /home/airflow/.local/lib/python3.12/site-packages/airflow/example_dags/example_trigger_controller_dag.py
[2024-09-12T15:01:55.869+0000] {logging_mixin.py:190} INFO - [2024-09-12T15:01:55.869+0000] {dag.py:3211} INFO - Sync 1 DAGs
[2024-09-12T15:01:56.365+0000] {logging_mixin.py:190} INFO - [2024-09-12T15:01:56.365+0000] {dag.py:4138} INFO - Setting next_dagrun for example_trigger_controller_dag to 2021-01-01 00:00:00+00:00, run_after=2021-01-01 00:00:00+00:00
[2024-09-12T15:01:56.846+0000] {processor.py:208} INFO - Processing /home/airflow/.local/lib/python3.12/site-packages/airflow/example_dags/example_trigger_controller_dag.py took 1.758 seconds
[2024-09-12T15:04:06.065+0000] {processor.py:186} INFO - Started process (PID=415) to work on /home/airflow/.local/lib/python3.12/site-packages/airflow/example_dags/example_trigger_controller_dag.py
[2024-09-12T15:04:06.071+0000] {processor.py:914} INFO - Processing file /home/airflow/.local/lib/python3.12/site-packages/airflow/example_dags/example_trigger_controller_dag.py for tasks to queue
[2024-09-12T15:04:06.073+0000] {logging_mixin.py:190} INFO - [2024-09-12T15:04:06.073+0000] {dagbag.py:587} INFO - Filling up the DagBag from /home/airflow/.local/lib/python3.12/site-packages/airflow/example_dags/example_trigger_controller_dag.py
[2024-09-12T15:04:06.144+0000] {processor.py:925} INFO - DAG(s) 'example_trigger_controller_dag' retrieved from /home/airflow/.local/lib/python3.12/site-packages/airflow/example_dags/example_trigger_controller_dag.py
[2024-09-12T15:04:06.470+0000] {logging_mixin.py:190} INFO - [2024-09-12T15:04:06.469+0000] {dag.py:3211} INFO - Sync 1 DAGs
[2024-09-12T15:04:06.703+0000] {logging_mixin.py:190} INFO - [2024-09-12T15:04:06.702+0000] {dag.py:4138} INFO - Setting next_dagrun for example_trigger_controller_dag to 2021-01-01 00:00:00+00:00, run_after=2021-01-01 00:00:00+00:00
[2024-09-12T15:04:06.889+0000] {processor.py:208} INFO - Processing /home/airflow/.local/lib/python3.12/site-packages/airflow/example_dags/example_trigger_controller_dag.py took 0.871 seconds
[2024-09-12T15:05:00.672+0000] {processor.py:186} INFO - Started process (PID=486) to work on /home/airflow/.local/lib/python3.12/site-packages/airflow/example_dags/example_trigger_controller_dag.py
[2024-09-12T15:05:00.687+0000] {processor.py:914} INFO - Processing file /home/airflow/.local/lib/python3.12/site-packages/airflow/example_dags/example_trigger_controller_dag.py for tasks to queue
[2024-09-12T15:05:00.706+0000] {logging_mixin.py:190} INFO - [2024-09-12T15:05:00.706+0000] {dagbag.py:587} INFO - Filling up the DagBag from /home/airflow/.local/lib/python3.12/site-packages/airflow/example_dags/example_trigger_controller_dag.py
[2024-09-12T15:05:00.763+0000] {processor.py:925} INFO - DAG(s) 'example_trigger_controller_dag' retrieved from /home/airflow/.local/lib/python3.12/site-packages/airflow/example_dags/example_trigger_controller_dag.py
[2024-09-12T15:05:00.950+0000] {logging_mixin.py:190} INFO - [2024-09-12T15:05:00.950+0000] {dag.py:3211} INFO - Sync 1 DAGs
[2024-09-12T15:05:01.145+0000] {logging_mixin.py:190} INFO - [2024-09-12T15:05:01.144+0000] {dag.py:4138} INFO - Setting next_dagrun for example_trigger_controller_dag to 2021-01-01 00:00:00+00:00, run_after=2021-01-01 00:00:00+00:00
[2024-09-12T15:05:01.333+0000] {processor.py:208} INFO - Processing /home/airflow/.local/lib/python3.12/site-packages/airflow/example_dags/example_trigger_controller_dag.py took 0.731 seconds
[2024-09-12T15:06:00.988+0000] {processor.py:186} INFO - Started process (PID=548) to work on /home/airflow/.local/lib/python3.12/site-packages/airflow/example_dags/example_trigger_controller_dag.py
[2024-09-12T15:06:01.022+0000] {processor.py:914} INFO - Processing file /home/airflow/.local/lib/python3.12/site-packages/airflow/example_dags/example_trigger_controller_dag.py for tasks to queue
[2024-09-12T15:06:01.040+0000] {logging_mixin.py:190} INFO - [2024-09-12T15:06:01.039+0000] {dagbag.py:587} INFO - Filling up the DagBag from /home/airflow/.local/lib/python3.12/site-packages/airflow/example_dags/example_trigger_controller_dag.py
[2024-09-12T15:06:01.173+0000] {processor.py:925} INFO - DAG(s) 'example_trigger_controller_dag' retrieved from /home/airflow/.local/lib/python3.12/site-packages/airflow/example_dags/example_trigger_controller_dag.py
[2024-09-12T15:06:01.394+0000] {logging_mixin.py:190} INFO - [2024-09-12T15:06:01.394+0000] {dag.py:3211} INFO - Sync 1 DAGs
[2024-09-12T15:06:01.630+0000] {logging_mixin.py:190} INFO - [2024-09-12T15:06:01.629+0000] {dag.py:4138} INFO - Setting next_dagrun for example_trigger_controller_dag to 2021-01-01 00:00:00+00:00, run_after=2021-01-01 00:00:00+00:00
[2024-09-12T15:06:01.756+0000] {processor.py:208} INFO - Processing /home/airflow/.local/lib/python3.12/site-packages/airflow/example_dags/example_trigger_controller_dag.py took 0.876 seconds
[2024-09-12T15:06:54.919+0000] {processor.py:186} INFO - Started process (PID=614) to work on /home/airflow/.local/lib/python3.12/site-packages/airflow/example_dags/example_trigger_controller_dag.py
[2024-09-12T15:06:54.952+0000] {processor.py:914} INFO - Processing file /home/airflow/.local/lib/python3.12/site-packages/airflow/example_dags/example_trigger_controller_dag.py for tasks to queue
[2024-09-12T15:06:54.968+0000] {logging_mixin.py:190} INFO - [2024-09-12T15:06:54.967+0000] {dagbag.py:587} INFO - Filling up the DagBag from /home/airflow/.local/lib/python3.12/site-packages/airflow/example_dags/example_trigger_controller_dag.py
[2024-09-12T15:06:55.047+0000] {processor.py:925} INFO - DAG(s) 'example_trigger_controller_dag' retrieved from /home/airflow/.local/lib/python3.12/site-packages/airflow/example_dags/example_trigger_controller_dag.py
[2024-09-12T15:06:55.204+0000] {logging_mixin.py:190} INFO - [2024-09-12T15:06:55.204+0000] {dag.py:3211} INFO - Sync 1 DAGs
[2024-09-12T15:06:55.431+0000] {logging_mixin.py:190} INFO - [2024-09-12T15:06:55.431+0000] {dag.py:4138} INFO - Setting next_dagrun for example_trigger_controller_dag to 2021-01-01 00:00:00+00:00, run_after=2021-01-01 00:00:00+00:00
[2024-09-12T15:06:55.624+0000] {processor.py:208} INFO - Processing /home/airflow/.local/lib/python3.12/site-packages/airflow/example_dags/example_trigger_controller_dag.py took 0.798 seconds
[2024-09-12T15:08:00.489+0000] {processor.py:186} INFO - Started process (PID=683) to work on /home/airflow/.local/lib/python3.12/site-packages/airflow/example_dags/example_trigger_controller_dag.py
[2024-09-12T15:08:00.494+0000] {processor.py:914} INFO - Processing file /home/airflow/.local/lib/python3.12/site-packages/airflow/example_dags/example_trigger_controller_dag.py for tasks to queue
[2024-09-12T15:08:00.536+0000] {logging_mixin.py:190} INFO - [2024-09-12T15:08:00.536+0000] {dagbag.py:587} INFO - Filling up the DagBag from /home/airflow/.local/lib/python3.12/site-packages/airflow/example_dags/example_trigger_controller_dag.py
[2024-09-12T15:08:00.579+0000] {processor.py:925} INFO - DAG(s) 'example_trigger_controller_dag' retrieved from /home/airflow/.local/lib/python3.12/site-packages/airflow/example_dags/example_trigger_controller_dag.py
[2024-09-12T15:08:00.814+0000] {logging_mixin.py:190} INFO - [2024-09-12T15:08:00.813+0000] {dag.py:3211} INFO - Sync 1 DAGs
[2024-09-12T15:08:01.037+0000] {logging_mixin.py:190} INFO - [2024-09-12T15:08:01.036+0000] {dag.py:4138} INFO - Setting next_dagrun for example_trigger_controller_dag to 2021-01-01 00:00:00+00:00, run_after=2021-01-01 00:00:00+00:00
[2024-09-12T15:08:01.239+0000] {processor.py:208} INFO - Processing /home/airflow/.local/lib/python3.12/site-packages/airflow/example_dags/example_trigger_controller_dag.py took 0.810 seconds
[2024-09-12T15:09:27.654+0000] {processor.py:186} INFO - Started process (PID=767) to work on /home/airflow/.local/lib/python3.12/site-packages/airflow/example_dags/example_trigger_controller_dag.py
[2024-09-12T15:09:27.701+0000] {processor.py:914} INFO - Processing file /home/airflow/.local/lib/python3.12/site-packages/airflow/example_dags/example_trigger_controller_dag.py for tasks to queue
[2024-09-12T15:09:27.731+0000] {logging_mixin.py:190} INFO - [2024-09-12T15:09:27.729+0000] {dagbag.py:587} INFO - Filling up the DagBag from /home/airflow/.local/lib/python3.12/site-packages/airflow/example_dags/example_trigger_controller_dag.py
[2024-09-12T15:09:27.814+0000] {processor.py:925} INFO - DAG(s) 'example_trigger_controller_dag' retrieved from /home/airflow/.local/lib/python3.12/site-packages/airflow/example_dags/example_trigger_controller_dag.py
[2024-09-12T15:09:28.102+0000] {logging_mixin.py:190} INFO - [2024-09-12T15:09:28.102+0000] {dag.py:3211} INFO - Sync 1 DAGs
[2024-09-12T15:09:28.340+0000] {logging_mixin.py:190} INFO - [2024-09-12T15:09:28.340+0000] {dag.py:4138} INFO - Setting next_dagrun for example_trigger_controller_dag to 2021-01-01 00:00:00+00:00, run_after=2021-01-01 00:00:00+00:00
[2024-09-12T15:09:28.641+0000] {processor.py:208} INFO - Processing /home/airflow/.local/lib/python3.12/site-packages/airflow/example_dags/example_trigger_controller_dag.py took 1.077 seconds
[2024-09-12T15:10:28.822+0000] {processor.py:186} INFO - Started process (PID=840) to work on /home/airflow/.local/lib/python3.12/site-packages/airflow/example_dags/example_trigger_controller_dag.py
[2024-09-12T15:10:28.825+0000] {processor.py:914} INFO - Processing file /home/airflow/.local/lib/python3.12/site-packages/airflow/example_dags/example_trigger_controller_dag.py for tasks to queue
[2024-09-12T15:10:28.857+0000] {logging_mixin.py:190} INFO - [2024-09-12T15:10:28.856+0000] {dagbag.py:587} INFO - Filling up the DagBag from /home/airflow/.local/lib/python3.12/site-packages/airflow/example_dags/example_trigger_controller_dag.py
[2024-09-12T15:10:28.918+0000] {processor.py:925} INFO - DAG(s) 'example_trigger_controller_dag' retrieved from /home/airflow/.local/lib/python3.12/site-packages/airflow/example_dags/example_trigger_controller_dag.py
[2024-09-12T15:10:29.215+0000] {logging_mixin.py:190} INFO - [2024-09-12T15:10:29.214+0000] {dag.py:3211} INFO - Sync 1 DAGs
[2024-09-12T15:10:29.458+0000] {logging_mixin.py:190} INFO - [2024-09-12T15:10:29.457+0000] {dag.py:4138} INFO - Setting next_dagrun for example_trigger_controller_dag to 2021-01-01 00:00:00+00:00, run_after=2021-01-01 00:00:00+00:00
[2024-09-12T15:10:29.764+0000] {processor.py:208} INFO - Processing /home/airflow/.local/lib/python3.12/site-packages/airflow/example_dags/example_trigger_controller_dag.py took 1.003 seconds
[2024-09-12T15:11:27.185+0000] {processor.py:186} INFO - Started process (PID=915) to work on /home/airflow/.local/lib/python3.12/site-packages/airflow/example_dags/example_trigger_controller_dag.py
[2024-09-12T15:11:27.191+0000] {processor.py:914} INFO - Processing file /home/airflow/.local/lib/python3.12/site-packages/airflow/example_dags/example_trigger_controller_dag.py for tasks to queue
[2024-09-12T15:11:27.255+0000] {logging_mixin.py:190} INFO - [2024-09-12T15:11:27.226+0000] {dagbag.py:587} INFO - Filling up the DagBag from /home/airflow/.local/lib/python3.12/site-packages/airflow/example_dags/example_trigger_controller_dag.py
[2024-09-12T15:11:27.342+0000] {processor.py:925} INFO - DAG(s) 'example_trigger_controller_dag' retrieved from /home/airflow/.local/lib/python3.12/site-packages/airflow/example_dags/example_trigger_controller_dag.py
[2024-09-12T15:11:27.690+0000] {logging_mixin.py:190} INFO - [2024-09-12T15:11:27.689+0000] {dag.py:3211} INFO - Sync 1 DAGs
[2024-09-12T15:11:28.305+0000] {logging_mixin.py:190} INFO - [2024-09-12T15:11:28.305+0000] {dag.py:4138} INFO - Setting next_dagrun for example_trigger_controller_dag to 2021-01-01 00:00:00+00:00, run_after=2021-01-01 00:00:00+00:00
[2024-09-12T15:11:28.483+0000] {processor.py:208} INFO - Processing /home/airflow/.local/lib/python3.12/site-packages/airflow/example_dags/example_trigger_controller_dag.py took 1.348 seconds
[2024-09-12T15:15:09.053+0000] {processor.py:186} INFO - Started process (PID=97) to work on /home/airflow/.local/lib/python3.12/site-packages/airflow/example_dags/example_trigger_controller_dag.py
[2024-09-12T15:15:09.087+0000] {processor.py:914} INFO - Processing file /home/airflow/.local/lib/python3.12/site-packages/airflow/example_dags/example_trigger_controller_dag.py for tasks to queue
[2024-09-12T15:15:09.092+0000] {logging_mixin.py:190} INFO - [2024-09-12T15:15:09.091+0000] {dagbag.py:587} INFO - Filling up the DagBag from /home/airflow/.local/lib/python3.12/site-packages/airflow/example_dags/example_trigger_controller_dag.py
[2024-09-12T15:15:09.158+0000] {processor.py:925} INFO - DAG(s) 'example_trigger_controller_dag' retrieved from /home/airflow/.local/lib/python3.12/site-packages/airflow/example_dags/example_trigger_controller_dag.py
[2024-09-12T15:15:09.540+0000] {logging_mixin.py:190} INFO - [2024-09-12T15:15:09.539+0000] {dag.py:3211} INFO - Sync 1 DAGs
[2024-09-12T15:15:09.873+0000] {logging_mixin.py:190} INFO - [2024-09-12T15:15:09.872+0000] {dag.py:4138} INFO - Setting next_dagrun for example_trigger_controller_dag to 2021-01-01 00:00:00+00:00, run_after=2021-01-01 00:00:00+00:00
[2024-09-12T15:15:10.235+0000] {processor.py:208} INFO - Processing /home/airflow/.local/lib/python3.12/site-packages/airflow/example_dags/example_trigger_controller_dag.py took 1.266 seconds
[2024-09-12T15:16:05.059+0000] {processor.py:186} INFO - Started process (PID=168) to work on /home/airflow/.local/lib/python3.12/site-packages/airflow/example_dags/example_trigger_controller_dag.py
[2024-09-12T15:16:05.072+0000] {processor.py:914} INFO - Processing file /home/airflow/.local/lib/python3.12/site-packages/airflow/example_dags/example_trigger_controller_dag.py for tasks to queue
[2024-09-12T15:16:05.089+0000] {logging_mixin.py:190} INFO - [2024-09-12T15:16:05.089+0000] {dagbag.py:587} INFO - Filling up the DagBag from /home/airflow/.local/lib/python3.12/site-packages/airflow/example_dags/example_trigger_controller_dag.py
[2024-09-12T15:16:05.138+0000] {processor.py:925} INFO - DAG(s) 'example_trigger_controller_dag' retrieved from /home/airflow/.local/lib/python3.12/site-packages/airflow/example_dags/example_trigger_controller_dag.py
[2024-09-12T15:16:05.465+0000] {logging_mixin.py:190} INFO - [2024-09-12T15:16:05.464+0000] {dag.py:3211} INFO - Sync 1 DAGs
[2024-09-12T15:16:05.906+0000] {logging_mixin.py:190} INFO - [2024-09-12T15:16:05.905+0000] {dag.py:4138} INFO - Setting next_dagrun for example_trigger_controller_dag to 2021-01-01 00:00:00+00:00, run_after=2021-01-01 00:00:00+00:00
[2024-09-12T15:16:06.349+0000] {processor.py:208} INFO - Processing /home/airflow/.local/lib/python3.12/site-packages/airflow/example_dags/example_trigger_controller_dag.py took 1.361 seconds
[2024-09-12T15:17:11.212+0000] {processor.py:186} INFO - Started process (PID=230) to work on /home/airflow/.local/lib/python3.12/site-packages/airflow/example_dags/example_trigger_controller_dag.py
[2024-09-12T15:17:11.231+0000] {processor.py:914} INFO - Processing file /home/airflow/.local/lib/python3.12/site-packages/airflow/example_dags/example_trigger_controller_dag.py for tasks to queue
[2024-09-12T15:17:11.287+0000] {logging_mixin.py:190} INFO - [2024-09-12T15:17:11.287+0000] {dagbag.py:587} INFO - Filling up the DagBag from /home/airflow/.local/lib/python3.12/site-packages/airflow/example_dags/example_trigger_controller_dag.py
[2024-09-12T15:17:11.457+0000] {processor.py:925} INFO - DAG(s) 'example_trigger_controller_dag' retrieved from /home/airflow/.local/lib/python3.12/site-packages/airflow/example_dags/example_trigger_controller_dag.py
[2024-09-12T15:17:11.882+0000] {logging_mixin.py:190} INFO - [2024-09-12T15:17:11.881+0000] {dag.py:3211} INFO - Sync 1 DAGs
[2024-09-12T15:17:12.466+0000] {logging_mixin.py:190} INFO - [2024-09-12T15:17:12.465+0000] {dag.py:4138} INFO - Setting next_dagrun for example_trigger_controller_dag to 2021-01-01 00:00:00+00:00, run_after=2021-01-01 00:00:00+00:00
[2024-09-12T15:17:12.821+0000] {processor.py:208} INFO - Processing /home/airflow/.local/lib/python3.12/site-packages/airflow/example_dags/example_trigger_controller_dag.py took 1.710 seconds
[2024-09-12T15:18:13.220+0000] {processor.py:186} INFO - Started process (PID=304) to work on /home/airflow/.local/lib/python3.12/site-packages/airflow/example_dags/example_trigger_controller_dag.py
[2024-09-12T15:18:13.234+0000] {processor.py:914} INFO - Processing file /home/airflow/.local/lib/python3.12/site-packages/airflow/example_dags/example_trigger_controller_dag.py for tasks to queue
[2024-09-12T15:18:13.254+0000] {logging_mixin.py:190} INFO - [2024-09-12T15:18:13.253+0000] {dagbag.py:587} INFO - Filling up the DagBag from /home/airflow/.local/lib/python3.12/site-packages/airflow/example_dags/example_trigger_controller_dag.py
[2024-09-12T15:18:13.289+0000] {processor.py:925} INFO - DAG(s) 'example_trigger_controller_dag' retrieved from /home/airflow/.local/lib/python3.12/site-packages/airflow/example_dags/example_trigger_controller_dag.py
[2024-09-12T15:18:13.498+0000] {logging_mixin.py:190} INFO - [2024-09-12T15:18:13.497+0000] {dag.py:3211} INFO - Sync 1 DAGs
[2024-09-12T15:18:13.836+0000] {logging_mixin.py:190} INFO - [2024-09-12T15:18:13.836+0000] {dag.py:4138} INFO - Setting next_dagrun for example_trigger_controller_dag to 2021-01-01 00:00:00+00:00, run_after=2021-01-01 00:00:00+00:00
[2024-09-12T15:18:14.039+0000] {processor.py:208} INFO - Processing /home/airflow/.local/lib/python3.12/site-packages/airflow/example_dags/example_trigger_controller_dag.py took 0.859 seconds
[2024-09-12T15:19:23.203+0000] {processor.py:186} INFO - Started process (PID=386) to work on /home/airflow/.local/lib/python3.12/site-packages/airflow/example_dags/example_trigger_controller_dag.py
[2024-09-12T15:19:23.213+0000] {processor.py:914} INFO - Processing file /home/airflow/.local/lib/python3.12/site-packages/airflow/example_dags/example_trigger_controller_dag.py for tasks to queue
[2024-09-12T15:19:23.236+0000] {logging_mixin.py:190} INFO - [2024-09-12T15:19:23.236+0000] {dagbag.py:587} INFO - Filling up the DagBag from /home/airflow/.local/lib/python3.12/site-packages/airflow/example_dags/example_trigger_controller_dag.py
[2024-09-12T15:19:23.295+0000] {processor.py:925} INFO - DAG(s) 'example_trigger_controller_dag' retrieved from /home/airflow/.local/lib/python3.12/site-packages/airflow/example_dags/example_trigger_controller_dag.py
[2024-09-12T15:19:23.406+0000] {logging_mixin.py:190} INFO - [2024-09-12T15:19:23.406+0000] {dag.py:3211} INFO - Sync 1 DAGs
[2024-09-12T15:19:23.733+0000] {logging_mixin.py:190} INFO - [2024-09-12T15:19:23.733+0000] {dag.py:4138} INFO - Setting next_dagrun for example_trigger_controller_dag to 2021-01-01 00:00:00+00:00, run_after=2021-01-01 00:00:00+00:00
[2024-09-12T15:19:23.829+0000] {processor.py:208} INFO - Processing /home/airflow/.local/lib/python3.12/site-packages/airflow/example_dags/example_trigger_controller_dag.py took 0.646 seconds
[2024-09-12T15:20:08.577+0000] {processor.py:186} INFO - Started process (PID=454) to work on /home/airflow/.local/lib/python3.12/site-packages/airflow/example_dags/example_trigger_controller_dag.py
[2024-09-12T15:20:08.622+0000] {processor.py:914} INFO - Processing file /home/airflow/.local/lib/python3.12/site-packages/airflow/example_dags/example_trigger_controller_dag.py for tasks to queue
[2024-09-12T15:20:08.707+0000] {logging_mixin.py:190} INFO - [2024-09-12T15:20:08.706+0000] {dagbag.py:587} INFO - Filling up the DagBag from /home/airflow/.local/lib/python3.12/site-packages/airflow/example_dags/example_trigger_controller_dag.py
[2024-09-12T15:20:08.833+0000] {processor.py:925} INFO - DAG(s) 'example_trigger_controller_dag' retrieved from /home/airflow/.local/lib/python3.12/site-packages/airflow/example_dags/example_trigger_controller_dag.py
[2024-09-12T15:20:09.294+0000] {logging_mixin.py:190} INFO - [2024-09-12T15:20:09.280+0000] {dag.py:3211} INFO - Sync 1 DAGs
[2024-09-12T15:20:09.881+0000] {logging_mixin.py:190} INFO - [2024-09-12T15:20:09.880+0000] {dag.py:4138} INFO - Setting next_dagrun for example_trigger_controller_dag to 2021-01-01 00:00:00+00:00, run_after=2021-01-01 00:00:00+00:00
[2024-09-12T15:20:10.264+0000] {processor.py:208} INFO - Processing /home/airflow/.local/lib/python3.12/site-packages/airflow/example_dags/example_trigger_controller_dag.py took 1.767 seconds
[2024-09-12T15:21:18.567+0000] {processor.py:186} INFO - Started process (PID=543) to work on /home/airflow/.local/lib/python3.12/site-packages/airflow/example_dags/example_trigger_controller_dag.py
[2024-09-12T15:21:18.571+0000] {processor.py:914} INFO - Processing file /home/airflow/.local/lib/python3.12/site-packages/airflow/example_dags/example_trigger_controller_dag.py for tasks to queue
[2024-09-12T15:21:18.638+0000] {logging_mixin.py:190} INFO - [2024-09-12T15:21:18.637+0000] {dagbag.py:587} INFO - Filling up the DagBag from /home/airflow/.local/lib/python3.12/site-packages/airflow/example_dags/example_trigger_controller_dag.py
[2024-09-12T15:21:18.820+0000] {processor.py:925} INFO - DAG(s) 'example_trigger_controller_dag' retrieved from /home/airflow/.local/lib/python3.12/site-packages/airflow/example_dags/example_trigger_controller_dag.py
[2024-09-12T15:21:19.111+0000] {logging_mixin.py:190} INFO - [2024-09-12T15:21:19.110+0000] {dag.py:3211} INFO - Sync 1 DAGs
[2024-09-12T15:21:19.416+0000] {logging_mixin.py:190} INFO - [2024-09-12T15:21:19.414+0000] {dag.py:4138} INFO - Setting next_dagrun for example_trigger_controller_dag to 2021-01-01 00:00:00+00:00, run_after=2021-01-01 00:00:00+00:00
[2024-09-12T15:21:19.718+0000] {processor.py:208} INFO - Processing /home/airflow/.local/lib/python3.12/site-packages/airflow/example_dags/example_trigger_controller_dag.py took 1.241 seconds
[2024-09-12T15:22:41.598+0000] {processor.py:186} INFO - Started process (PID=634) to work on /home/airflow/.local/lib/python3.12/site-packages/airflow/example_dags/example_trigger_controller_dag.py
[2024-09-12T15:22:41.606+0000] {processor.py:914} INFO - Processing file /home/airflow/.local/lib/python3.12/site-packages/airflow/example_dags/example_trigger_controller_dag.py for tasks to queue
[2024-09-12T15:22:41.667+0000] {logging_mixin.py:190} INFO - [2024-09-12T15:22:41.666+0000] {dagbag.py:587} INFO - Filling up the DagBag from /home/airflow/.local/lib/python3.12/site-packages/airflow/example_dags/example_trigger_controller_dag.py
[2024-09-12T15:22:41.719+0000] {processor.py:925} INFO - DAG(s) 'example_trigger_controller_dag' retrieved from /home/airflow/.local/lib/python3.12/site-packages/airflow/example_dags/example_trigger_controller_dag.py
[2024-09-12T15:22:41.866+0000] {logging_mixin.py:190} INFO - [2024-09-12T15:22:41.865+0000] {dag.py:3211} INFO - Sync 1 DAGs
[2024-09-12T15:22:42.123+0000] {logging_mixin.py:190} INFO - [2024-09-12T15:22:42.122+0000] {dag.py:4138} INFO - Setting next_dagrun for example_trigger_controller_dag to 2021-01-01 00:00:00+00:00, run_after=2021-01-01 00:00:00+00:00
[2024-09-12T15:22:42.266+0000] {processor.py:208} INFO - Processing /home/airflow/.local/lib/python3.12/site-packages/airflow/example_dags/example_trigger_controller_dag.py took 0.698 seconds
[2024-09-12T15:23:46.259+0000] {processor.py:186} INFO - Started process (PID=706) to work on /home/airflow/.local/lib/python3.12/site-packages/airflow/example_dags/example_trigger_controller_dag.py
[2024-09-12T15:23:46.283+0000] {processor.py:914} INFO - Processing file /home/airflow/.local/lib/python3.12/site-packages/airflow/example_dags/example_trigger_controller_dag.py for tasks to queue
[2024-09-12T15:23:46.381+0000] {logging_mixin.py:190} INFO - [2024-09-12T15:23:46.335+0000] {dagbag.py:587} INFO - Filling up the DagBag from /home/airflow/.local/lib/python3.12/site-packages/airflow/example_dags/example_trigger_controller_dag.py
[2024-09-12T15:23:46.512+0000] {processor.py:925} INFO - DAG(s) 'example_trigger_controller_dag' retrieved from /home/airflow/.local/lib/python3.12/site-packages/airflow/example_dags/example_trigger_controller_dag.py
[2024-09-12T15:23:46.818+0000] {logging_mixin.py:190} INFO - [2024-09-12T15:23:46.817+0000] {dag.py:3211} INFO - Sync 1 DAGs
[2024-09-12T15:23:47.175+0000] {logging_mixin.py:190} INFO - [2024-09-12T15:23:47.174+0000] {dag.py:4138} INFO - Setting next_dagrun for example_trigger_controller_dag to 2021-01-01 00:00:00+00:00, run_after=2021-01-01 00:00:00+00:00
[2024-09-12T15:23:47.934+0000] {processor.py:208} INFO - Processing /home/airflow/.local/lib/python3.12/site-packages/airflow/example_dags/example_trigger_controller_dag.py took 1.804 seconds
[2024-09-12T15:25:01.640+0000] {processor.py:186} INFO - Started process (PID=787) to work on /home/airflow/.local/lib/python3.12/site-packages/airflow/example_dags/example_trigger_controller_dag.py
[2024-09-12T15:25:01.656+0000] {processor.py:914} INFO - Processing file /home/airflow/.local/lib/python3.12/site-packages/airflow/example_dags/example_trigger_controller_dag.py for tasks to queue
[2024-09-12T15:25:01.677+0000] {logging_mixin.py:190} INFO - [2024-09-12T15:25:01.676+0000] {dagbag.py:587} INFO - Filling up the DagBag from /home/airflow/.local/lib/python3.12/site-packages/airflow/example_dags/example_trigger_controller_dag.py
[2024-09-12T15:25:01.752+0000] {processor.py:925} INFO - DAG(s) 'example_trigger_controller_dag' retrieved from /home/airflow/.local/lib/python3.12/site-packages/airflow/example_dags/example_trigger_controller_dag.py
[2024-09-12T15:25:02.127+0000] {logging_mixin.py:190} INFO - [2024-09-12T15:25:02.126+0000] {dag.py:3211} INFO - Sync 1 DAGs
[2024-09-12T15:25:02.827+0000] {logging_mixin.py:190} INFO - [2024-09-12T15:25:02.826+0000] {dag.py:4138} INFO - Setting next_dagrun for example_trigger_controller_dag to 2021-01-01 00:00:00+00:00, run_after=2021-01-01 00:00:00+00:00
[2024-09-12T15:25:03.109+0000] {processor.py:208} INFO - Processing /home/airflow/.local/lib/python3.12/site-packages/airflow/example_dags/example_trigger_controller_dag.py took 1.559 seconds
[2024-09-12T15:26:55.416+0000] {processor.py:186} INFO - Started process (PID=873) to work on /home/airflow/.local/lib/python3.12/site-packages/airflow/example_dags/example_trigger_controller_dag.py
[2024-09-12T15:26:55.431+0000] {processor.py:914} INFO - Processing file /home/airflow/.local/lib/python3.12/site-packages/airflow/example_dags/example_trigger_controller_dag.py for tasks to queue
[2024-09-12T15:26:55.444+0000] {logging_mixin.py:190} INFO - [2024-09-12T15:26:55.443+0000] {dagbag.py:587} INFO - Filling up the DagBag from /home/airflow/.local/lib/python3.12/site-packages/airflow/example_dags/example_trigger_controller_dag.py
[2024-09-12T15:26:55.485+0000] {processor.py:925} INFO - DAG(s) 'example_trigger_controller_dag' retrieved from /home/airflow/.local/lib/python3.12/site-packages/airflow/example_dags/example_trigger_controller_dag.py
[2024-09-12T15:26:55.627+0000] {logging_mixin.py:190} INFO - [2024-09-12T15:26:55.614+0000] {dag.py:3211} INFO - Sync 1 DAGs
[2024-09-12T15:26:55.820+0000] {logging_mixin.py:190} INFO - [2024-09-12T15:26:55.820+0000] {dag.py:4138} INFO - Setting next_dagrun for example_trigger_controller_dag to 2021-01-01 00:00:00+00:00, run_after=2021-01-01 00:00:00+00:00
[2024-09-12T15:26:55.997+0000] {processor.py:208} INFO - Processing /home/airflow/.local/lib/python3.12/site-packages/airflow/example_dags/example_trigger_controller_dag.py took 0.606 seconds
[2024-09-12T15:27:54.459+0000] {processor.py:186} INFO - Started process (PID=945) to work on /home/airflow/.local/lib/python3.12/site-packages/airflow/example_dags/example_trigger_controller_dag.py
[2024-09-12T15:27:54.487+0000] {processor.py:914} INFO - Processing file /home/airflow/.local/lib/python3.12/site-packages/airflow/example_dags/example_trigger_controller_dag.py for tasks to queue
[2024-09-12T15:27:54.505+0000] {logging_mixin.py:190} INFO - [2024-09-12T15:27:54.504+0000] {dagbag.py:587} INFO - Filling up the DagBag from /home/airflow/.local/lib/python3.12/site-packages/airflow/example_dags/example_trigger_controller_dag.py
[2024-09-12T15:27:54.571+0000] {processor.py:925} INFO - DAG(s) 'example_trigger_controller_dag' retrieved from /home/airflow/.local/lib/python3.12/site-packages/airflow/example_dags/example_trigger_controller_dag.py
[2024-09-12T15:27:54.824+0000] {logging_mixin.py:190} INFO - [2024-09-12T15:27:54.823+0000] {dag.py:3211} INFO - Sync 1 DAGs
[2024-09-12T15:27:55.332+0000] {logging_mixin.py:190} INFO - [2024-09-12T15:27:55.326+0000] {dag.py:4138} INFO - Setting next_dagrun for example_trigger_controller_dag to 2021-01-01 00:00:00+00:00, run_after=2021-01-01 00:00:00+00:00
[2024-09-12T15:27:55.591+0000] {processor.py:208} INFO - Processing /home/airflow/.local/lib/python3.12/site-packages/airflow/example_dags/example_trigger_controller_dag.py took 1.210 seconds
[2024-09-12T15:28:36.523+0000] {processor.py:186} INFO - Started process (PID=1011) to work on /home/airflow/.local/lib/python3.12/site-packages/airflow/example_dags/example_trigger_controller_dag.py
[2024-09-12T15:28:36.543+0000] {processor.py:914} INFO - Processing file /home/airflow/.local/lib/python3.12/site-packages/airflow/example_dags/example_trigger_controller_dag.py for tasks to queue
[2024-09-12T15:28:36.556+0000] {logging_mixin.py:190} INFO - [2024-09-12T15:28:36.556+0000] {dagbag.py:587} INFO - Filling up the DagBag from /home/airflow/.local/lib/python3.12/site-packages/airflow/example_dags/example_trigger_controller_dag.py
[2024-09-12T15:28:36.597+0000] {processor.py:925} INFO - DAG(s) 'example_trigger_controller_dag' retrieved from /home/airflow/.local/lib/python3.12/site-packages/airflow/example_dags/example_trigger_controller_dag.py
[2024-09-12T15:28:36.830+0000] {logging_mixin.py:190} INFO - [2024-09-12T15:28:36.830+0000] {dag.py:3211} INFO - Sync 1 DAGs
[2024-09-12T15:28:37.131+0000] {logging_mixin.py:190} INFO - [2024-09-12T15:28:37.130+0000] {dag.py:4138} INFO - Setting next_dagrun for example_trigger_controller_dag to 2021-01-01 00:00:00+00:00, run_after=2021-01-01 00:00:00+00:00
[2024-09-12T15:28:37.305+0000] {processor.py:208} INFO - Processing /home/airflow/.local/lib/python3.12/site-packages/airflow/example_dags/example_trigger_controller_dag.py took 0.827 seconds
[2024-09-12T15:29:20.896+0000] {processor.py:186} INFO - Started process (PID=1069) to work on /home/airflow/.local/lib/python3.12/site-packages/airflow/example_dags/example_trigger_controller_dag.py
[2024-09-12T15:29:20.913+0000] {processor.py:914} INFO - Processing file /home/airflow/.local/lib/python3.12/site-packages/airflow/example_dags/example_trigger_controller_dag.py for tasks to queue
[2024-09-12T15:29:20.922+0000] {logging_mixin.py:190} INFO - [2024-09-12T15:29:20.922+0000] {dagbag.py:587} INFO - Filling up the DagBag from /home/airflow/.local/lib/python3.12/site-packages/airflow/example_dags/example_trigger_controller_dag.py
[2024-09-12T15:29:20.977+0000] {processor.py:925} INFO - DAG(s) 'example_trigger_controller_dag' retrieved from /home/airflow/.local/lib/python3.12/site-packages/airflow/example_dags/example_trigger_controller_dag.py
[2024-09-12T15:29:21.245+0000] {logging_mixin.py:190} INFO - [2024-09-12T15:29:21.245+0000] {dag.py:3211} INFO - Sync 1 DAGs
[2024-09-12T15:29:21.442+0000] {logging_mixin.py:190} INFO - [2024-09-12T15:29:21.442+0000] {dag.py:4138} INFO - Setting next_dagrun for example_trigger_controller_dag to 2021-01-01 00:00:00+00:00, run_after=2021-01-01 00:00:00+00:00
[2024-09-12T15:29:21.695+0000] {processor.py:208} INFO - Processing /home/airflow/.local/lib/python3.12/site-packages/airflow/example_dags/example_trigger_controller_dag.py took 0.833 seconds
[2024-09-12T15:31:16.697+0000] {processor.py:186} INFO - Started process (PID=1155) to work on /home/airflow/.local/lib/python3.12/site-packages/airflow/example_dags/example_trigger_controller_dag.py
[2024-09-12T15:31:16.711+0000] {processor.py:914} INFO - Processing file /home/airflow/.local/lib/python3.12/site-packages/airflow/example_dags/example_trigger_controller_dag.py for tasks to queue
[2024-09-12T15:31:16.717+0000] {logging_mixin.py:190} INFO - [2024-09-12T15:31:16.716+0000] {dagbag.py:587} INFO - Filling up the DagBag from /home/airflow/.local/lib/python3.12/site-packages/airflow/example_dags/example_trigger_controller_dag.py
[2024-09-12T15:31:16.775+0000] {processor.py:925} INFO - DAG(s) 'example_trigger_controller_dag' retrieved from /home/airflow/.local/lib/python3.12/site-packages/airflow/example_dags/example_trigger_controller_dag.py
[2024-09-12T15:31:16.899+0000] {logging_mixin.py:190} INFO - [2024-09-12T15:31:16.898+0000] {dag.py:3211} INFO - Sync 1 DAGs
[2024-09-12T15:31:17.106+0000] {logging_mixin.py:190} INFO - [2024-09-12T15:31:17.106+0000] {dag.py:4138} INFO - Setting next_dagrun for example_trigger_controller_dag to 2021-01-01 00:00:00+00:00, run_after=2021-01-01 00:00:00+00:00
[2024-09-12T15:31:17.276+0000] {processor.py:208} INFO - Processing /home/airflow/.local/lib/python3.12/site-packages/airflow/example_dags/example_trigger_controller_dag.py took 0.599 seconds
[2024-09-12T15:31:57.856+0000] {processor.py:186} INFO - Started process (PID=1217) to work on /home/airflow/.local/lib/python3.12/site-packages/airflow/example_dags/example_trigger_controller_dag.py
[2024-09-12T15:31:57.871+0000] {processor.py:914} INFO - Processing file /home/airflow/.local/lib/python3.12/site-packages/airflow/example_dags/example_trigger_controller_dag.py for tasks to queue
[2024-09-12T15:31:57.875+0000] {logging_mixin.py:190} INFO - [2024-09-12T15:31:57.874+0000] {dagbag.py:587} INFO - Filling up the DagBag from /home/airflow/.local/lib/python3.12/site-packages/airflow/example_dags/example_trigger_controller_dag.py
[2024-09-12T15:31:57.946+0000] {processor.py:925} INFO - DAG(s) 'example_trigger_controller_dag' retrieved from /home/airflow/.local/lib/python3.12/site-packages/airflow/example_dags/example_trigger_controller_dag.py
[2024-09-12T15:31:58.189+0000] {logging_mixin.py:190} INFO - [2024-09-12T15:31:58.188+0000] {dag.py:3211} INFO - Sync 1 DAGs
[2024-09-12T15:31:58.460+0000] {logging_mixin.py:190} INFO - [2024-09-12T15:31:58.459+0000] {dag.py:4138} INFO - Setting next_dagrun for example_trigger_controller_dag to 2021-01-01 00:00:00+00:00, run_after=2021-01-01 00:00:00+00:00
[2024-09-12T15:31:58.730+0000] {processor.py:208} INFO - Processing /home/airflow/.local/lib/python3.12/site-packages/airflow/example_dags/example_trigger_controller_dag.py took 0.914 seconds
[2024-09-12T15:32:55.169+0000] {processor.py:186} INFO - Started process (PID=1281) to work on /home/airflow/.local/lib/python3.12/site-packages/airflow/example_dags/example_trigger_controller_dag.py
[2024-09-12T15:32:55.213+0000] {processor.py:914} INFO - Processing file /home/airflow/.local/lib/python3.12/site-packages/airflow/example_dags/example_trigger_controller_dag.py for tasks to queue
[2024-09-12T15:32:55.260+0000] {logging_mixin.py:190} INFO - [2024-09-12T15:32:55.231+0000] {dagbag.py:587} INFO - Filling up the DagBag from /home/airflow/.local/lib/python3.12/site-packages/airflow/example_dags/example_trigger_controller_dag.py
[2024-09-12T15:32:55.412+0000] {processor.py:925} INFO - DAG(s) 'example_trigger_controller_dag' retrieved from /home/airflow/.local/lib/python3.12/site-packages/airflow/example_dags/example_trigger_controller_dag.py
[2024-09-12T15:32:55.702+0000] {logging_mixin.py:190} INFO - [2024-09-12T15:32:55.702+0000] {dag.py:3211} INFO - Sync 1 DAGs
[2024-09-12T15:32:55.952+0000] {logging_mixin.py:190} INFO - [2024-09-12T15:32:55.951+0000] {dag.py:4138} INFO - Setting next_dagrun for example_trigger_controller_dag to 2021-01-01 00:00:00+00:00, run_after=2021-01-01 00:00:00+00:00
[2024-09-12T15:32:56.108+0000] {processor.py:208} INFO - Processing /home/airflow/.local/lib/python3.12/site-packages/airflow/example_dags/example_trigger_controller_dag.py took 1.001 seconds
[2024-09-12T15:33:36.396+0000] {processor.py:186} INFO - Started process (PID=1350) to work on /home/airflow/.local/lib/python3.12/site-packages/airflow/example_dags/example_trigger_controller_dag.py
[2024-09-12T15:33:36.410+0000] {processor.py:914} INFO - Processing file /home/airflow/.local/lib/python3.12/site-packages/airflow/example_dags/example_trigger_controller_dag.py for tasks to queue
[2024-09-12T15:33:36.413+0000] {logging_mixin.py:190} INFO - [2024-09-12T15:33:36.413+0000] {dagbag.py:587} INFO - Filling up the DagBag from /home/airflow/.local/lib/python3.12/site-packages/airflow/example_dags/example_trigger_controller_dag.py
[2024-09-12T15:33:36.508+0000] {processor.py:925} INFO - DAG(s) 'example_trigger_controller_dag' retrieved from /home/airflow/.local/lib/python3.12/site-packages/airflow/example_dags/example_trigger_controller_dag.py
[2024-09-12T15:33:36.833+0000] {logging_mixin.py:190} INFO - [2024-09-12T15:33:36.832+0000] {dag.py:3211} INFO - Sync 1 DAGs
[2024-09-12T15:33:37.214+0000] {logging_mixin.py:190} INFO - [2024-09-12T15:33:37.213+0000] {dag.py:4138} INFO - Setting next_dagrun for example_trigger_controller_dag to 2021-01-01 00:00:00+00:00, run_after=2021-01-01 00:00:00+00:00
[2024-09-12T15:33:37.398+0000] {processor.py:208} INFO - Processing /home/airflow/.local/lib/python3.12/site-packages/airflow/example_dags/example_trigger_controller_dag.py took 1.064 seconds
[2024-09-12T15:34:15.879+0000] {processor.py:186} INFO - Started process (PID=1416) to work on /home/airflow/.local/lib/python3.12/site-packages/airflow/example_dags/example_trigger_controller_dag.py
[2024-09-12T15:34:15.896+0000] {processor.py:914} INFO - Processing file /home/airflow/.local/lib/python3.12/site-packages/airflow/example_dags/example_trigger_controller_dag.py for tasks to queue
[2024-09-12T15:34:15.918+0000] {logging_mixin.py:190} INFO - [2024-09-12T15:34:15.917+0000] {dagbag.py:587} INFO - Filling up the DagBag from /home/airflow/.local/lib/python3.12/site-packages/airflow/example_dags/example_trigger_controller_dag.py
[2024-09-12T15:34:16.000+0000] {processor.py:925} INFO - DAG(s) 'example_trigger_controller_dag' retrieved from /home/airflow/.local/lib/python3.12/site-packages/airflow/example_dags/example_trigger_controller_dag.py
[2024-09-12T15:34:16.214+0000] {logging_mixin.py:190} INFO - [2024-09-12T15:34:16.213+0000] {dag.py:3211} INFO - Sync 1 DAGs
[2024-09-12T15:34:16.372+0000] {logging_mixin.py:190} INFO - [2024-09-12T15:34:16.371+0000] {dag.py:4138} INFO - Setting next_dagrun for example_trigger_controller_dag to 2021-01-01 00:00:00+00:00, run_after=2021-01-01 00:00:00+00:00
[2024-09-12T15:34:16.684+0000] {processor.py:208} INFO - Processing /home/airflow/.local/lib/python3.12/site-packages/airflow/example_dags/example_trigger_controller_dag.py took 0.876 seconds
[2024-09-12T15:34:51.056+0000] {processor.py:186} INFO - Started process (PID=1474) to work on /home/airflow/.local/lib/python3.12/site-packages/airflow/example_dags/example_trigger_controller_dag.py
[2024-09-12T15:34:51.071+0000] {processor.py:914} INFO - Processing file /home/airflow/.local/lib/python3.12/site-packages/airflow/example_dags/example_trigger_controller_dag.py for tasks to queue
[2024-09-12T15:34:51.074+0000] {logging_mixin.py:190} INFO - [2024-09-12T15:34:51.073+0000] {dagbag.py:587} INFO - Filling up the DagBag from /home/airflow/.local/lib/python3.12/site-packages/airflow/example_dags/example_trigger_controller_dag.py
[2024-09-12T15:34:51.139+0000] {processor.py:925} INFO - DAG(s) 'example_trigger_controller_dag' retrieved from /home/airflow/.local/lib/python3.12/site-packages/airflow/example_dags/example_trigger_controller_dag.py
[2024-09-12T15:34:51.304+0000] {logging_mixin.py:190} INFO - [2024-09-12T15:34:51.303+0000] {dag.py:3211} INFO - Sync 1 DAGs
[2024-09-12T15:34:51.426+0000] {logging_mixin.py:190} INFO - [2024-09-12T15:34:51.425+0000] {dag.py:4138} INFO - Setting next_dagrun for example_trigger_controller_dag to 2021-01-01 00:00:00+00:00, run_after=2021-01-01 00:00:00+00:00
[2024-09-12T15:34:51.597+0000] {processor.py:208} INFO - Processing /home/airflow/.local/lib/python3.12/site-packages/airflow/example_dags/example_trigger_controller_dag.py took 0.579 seconds
[2024-09-12T15:36:17.355+0000] {processor.py:186} INFO - Started process (PID=1558) to work on /home/airflow/.local/lib/python3.12/site-packages/airflow/example_dags/example_trigger_controller_dag.py
[2024-09-12T15:36:17.375+0000] {processor.py:914} INFO - Processing file /home/airflow/.local/lib/python3.12/site-packages/airflow/example_dags/example_trigger_controller_dag.py for tasks to queue
[2024-09-12T15:36:17.416+0000] {logging_mixin.py:190} INFO - [2024-09-12T15:36:17.387+0000] {dagbag.py:587} INFO - Filling up the DagBag from /home/airflow/.local/lib/python3.12/site-packages/airflow/example_dags/example_trigger_controller_dag.py
[2024-09-12T15:36:17.535+0000] {processor.py:925} INFO - DAG(s) 'example_trigger_controller_dag' retrieved from /home/airflow/.local/lib/python3.12/site-packages/airflow/example_dags/example_trigger_controller_dag.py
[2024-09-12T15:36:19.229+0000] {logging_mixin.py:190} INFO - [2024-09-12T15:36:19.229+0000] {dag.py:3211} INFO - Sync 1 DAGs
[2024-09-12T15:36:19.727+0000] {logging_mixin.py:190} INFO - [2024-09-12T15:36:19.725+0000] {dag.py:4138} INFO - Setting next_dagrun for example_trigger_controller_dag to 2021-01-01 00:00:00+00:00, run_after=2021-01-01 00:00:00+00:00
[2024-09-12T15:36:19.886+0000] {processor.py:208} INFO - Processing /home/airflow/.local/lib/python3.12/site-packages/airflow/example_dags/example_trigger_controller_dag.py took 2.583 seconds
[2024-09-12T15:37:10.938+0000] {processor.py:186} INFO - Started process (PID=1630) to work on /home/airflow/.local/lib/python3.12/site-packages/airflow/example_dags/example_trigger_controller_dag.py
[2024-09-12T15:37:10.941+0000] {processor.py:914} INFO - Processing file /home/airflow/.local/lib/python3.12/site-packages/airflow/example_dags/example_trigger_controller_dag.py for tasks to queue
[2024-09-12T15:37:10.946+0000] {logging_mixin.py:190} INFO - [2024-09-12T15:37:10.943+0000] {dagbag.py:587} INFO - Filling up the DagBag from /home/airflow/.local/lib/python3.12/site-packages/airflow/example_dags/example_trigger_controller_dag.py
[2024-09-12T15:37:11.009+0000] {processor.py:925} INFO - DAG(s) 'example_trigger_controller_dag' retrieved from /home/airflow/.local/lib/python3.12/site-packages/airflow/example_dags/example_trigger_controller_dag.py
[2024-09-12T15:37:11.180+0000] {logging_mixin.py:190} INFO - [2024-09-12T15:37:11.179+0000] {dag.py:3211} INFO - Sync 1 DAGs
[2024-09-12T15:37:11.413+0000] {logging_mixin.py:190} INFO - [2024-09-12T15:37:11.412+0000] {dag.py:4138} INFO - Setting next_dagrun for example_trigger_controller_dag to 2021-01-01 00:00:00+00:00, run_after=2021-01-01 00:00:00+00:00
[2024-09-12T15:37:11.595+0000] {processor.py:208} INFO - Processing /home/airflow/.local/lib/python3.12/site-packages/airflow/example_dags/example_trigger_controller_dag.py took 0.693 seconds
[2024-09-12T15:37:58.311+0000] {processor.py:186} INFO - Started process (PID=1680) to work on /home/airflow/.local/lib/python3.12/site-packages/airflow/example_dags/example_trigger_controller_dag.py
[2024-09-12T15:37:58.343+0000] {processor.py:914} INFO - Processing file /home/airflow/.local/lib/python3.12/site-packages/airflow/example_dags/example_trigger_controller_dag.py for tasks to queue
[2024-09-12T15:37:58.346+0000] {logging_mixin.py:190} INFO - [2024-09-12T15:37:58.345+0000] {dagbag.py:587} INFO - Filling up the DagBag from /home/airflow/.local/lib/python3.12/site-packages/airflow/example_dags/example_trigger_controller_dag.py
[2024-09-12T15:37:58.453+0000] {processor.py:925} INFO - DAG(s) 'example_trigger_controller_dag' retrieved from /home/airflow/.local/lib/python3.12/site-packages/airflow/example_dags/example_trigger_controller_dag.py
[2024-09-12T15:37:58.750+0000] {logging_mixin.py:190} INFO - [2024-09-12T15:37:58.749+0000] {dag.py:3211} INFO - Sync 1 DAGs
[2024-09-12T15:37:59.005+0000] {logging_mixin.py:190} INFO - [2024-09-12T15:37:59.004+0000] {dag.py:4138} INFO - Setting next_dagrun for example_trigger_controller_dag to 2021-01-01 00:00:00+00:00, run_after=2021-01-01 00:00:00+00:00
[2024-09-12T15:37:59.305+0000] {processor.py:208} INFO - Processing /home/airflow/.local/lib/python3.12/site-packages/airflow/example_dags/example_trigger_controller_dag.py took 1.084 seconds
[2024-09-12T15:39:46.436+0000] {processor.py:186} INFO - Started process (PID=1778) to work on /home/airflow/.local/lib/python3.12/site-packages/airflow/example_dags/example_trigger_controller_dag.py
[2024-09-12T15:39:46.456+0000] {processor.py:914} INFO - Processing file /home/airflow/.local/lib/python3.12/site-packages/airflow/example_dags/example_trigger_controller_dag.py for tasks to queue
[2024-09-12T15:39:46.473+0000] {logging_mixin.py:190} INFO - [2024-09-12T15:39:46.472+0000] {dagbag.py:587} INFO - Filling up the DagBag from /home/airflow/.local/lib/python3.12/site-packages/airflow/example_dags/example_trigger_controller_dag.py
[2024-09-12T15:39:46.632+0000] {processor.py:925} INFO - DAG(s) 'example_trigger_controller_dag' retrieved from /home/airflow/.local/lib/python3.12/site-packages/airflow/example_dags/example_trigger_controller_dag.py
[2024-09-12T15:39:46.963+0000] {logging_mixin.py:190} INFO - [2024-09-12T15:39:46.962+0000] {dag.py:3211} INFO - Sync 1 DAGs
[2024-09-12T15:39:47.421+0000] {logging_mixin.py:190} INFO - [2024-09-12T15:39:47.405+0000] {dag.py:4138} INFO - Setting next_dagrun for example_trigger_controller_dag to 2021-01-01 00:00:00+00:00, run_after=2021-01-01 00:00:00+00:00
[2024-09-12T15:39:47.777+0000] {processor.py:208} INFO - Processing /home/airflow/.local/lib/python3.12/site-packages/airflow/example_dags/example_trigger_controller_dag.py took 1.446 seconds
[2024-09-12T15:44:37.670+0000] {processor.py:186} INFO - Started process (PID=1901) to work on /home/airflow/.local/lib/python3.12/site-packages/airflow/example_dags/example_trigger_controller_dag.py
[2024-09-12T15:44:37.680+0000] {processor.py:914} INFO - Processing file /home/airflow/.local/lib/python3.12/site-packages/airflow/example_dags/example_trigger_controller_dag.py for tasks to queue
[2024-09-12T15:44:37.688+0000] {logging_mixin.py:190} INFO - [2024-09-12T15:44:37.687+0000] {dagbag.py:587} INFO - Filling up the DagBag from /home/airflow/.local/lib/python3.12/site-packages/airflow/example_dags/example_trigger_controller_dag.py
[2024-09-12T15:44:37.761+0000] {processor.py:925} INFO - DAG(s) 'example_trigger_controller_dag' retrieved from /home/airflow/.local/lib/python3.12/site-packages/airflow/example_dags/example_trigger_controller_dag.py
[2024-09-12T15:44:37.947+0000] {logging_mixin.py:190} INFO - [2024-09-12T15:44:37.947+0000] {dag.py:3211} INFO - Sync 1 DAGs
[2024-09-12T15:44:38.085+0000] {logging_mixin.py:190} INFO - [2024-09-12T15:44:38.085+0000] {dag.py:4138} INFO - Setting next_dagrun for example_trigger_controller_dag to 2021-01-01 00:00:00+00:00, run_after=2021-01-01 00:00:00+00:00
[2024-09-12T15:44:38.175+0000] {processor.py:208} INFO - Processing /home/airflow/.local/lib/python3.12/site-packages/airflow/example_dags/example_trigger_controller_dag.py took 0.529 seconds
[2024-09-12T15:45:28.512+0000] {processor.py:186} INFO - Started process (PID=1970) to work on /home/airflow/.local/lib/python3.12/site-packages/airflow/example_dags/example_trigger_controller_dag.py
[2024-09-12T15:45:28.520+0000] {processor.py:914} INFO - Processing file /home/airflow/.local/lib/python3.12/site-packages/airflow/example_dags/example_trigger_controller_dag.py for tasks to queue
[2024-09-12T15:45:28.530+0000] {logging_mixin.py:190} INFO - [2024-09-12T15:45:28.522+0000] {dagbag.py:587} INFO - Filling up the DagBag from /home/airflow/.local/lib/python3.12/site-packages/airflow/example_dags/example_trigger_controller_dag.py
[2024-09-12T15:45:28.583+0000] {processor.py:925} INFO - DAG(s) 'example_trigger_controller_dag' retrieved from /home/airflow/.local/lib/python3.12/site-packages/airflow/example_dags/example_trigger_controller_dag.py
[2024-09-12T15:45:28.844+0000] {logging_mixin.py:190} INFO - [2024-09-12T15:45:28.843+0000] {dag.py:3211} INFO - Sync 1 DAGs
[2024-09-12T15:45:29.106+0000] {logging_mixin.py:190} INFO - [2024-09-12T15:45:29.103+0000] {dag.py:4138} INFO - Setting next_dagrun for example_trigger_controller_dag to 2021-01-01 00:00:00+00:00, run_after=2021-01-01 00:00:00+00:00
[2024-09-12T15:45:29.357+0000] {processor.py:208} INFO - Processing /home/airflow/.local/lib/python3.12/site-packages/airflow/example_dags/example_trigger_controller_dag.py took 0.875 seconds
[2024-09-12T15:46:31.863+0000] {processor.py:186} INFO - Started process (PID=2046) to work on /home/airflow/.local/lib/python3.12/site-packages/airflow/example_dags/example_trigger_controller_dag.py
[2024-09-12T15:46:31.875+0000] {processor.py:914} INFO - Processing file /home/airflow/.local/lib/python3.12/site-packages/airflow/example_dags/example_trigger_controller_dag.py for tasks to queue
[2024-09-12T15:46:31.880+0000] {logging_mixin.py:190} INFO - [2024-09-12T15:46:31.878+0000] {dagbag.py:587} INFO - Filling up the DagBag from /home/airflow/.local/lib/python3.12/site-packages/airflow/example_dags/example_trigger_controller_dag.py
[2024-09-12T15:46:31.921+0000] {processor.py:925} INFO - DAG(s) 'example_trigger_controller_dag' retrieved from /home/airflow/.local/lib/python3.12/site-packages/airflow/example_dags/example_trigger_controller_dag.py
[2024-09-12T15:46:32.003+0000] {logging_mixin.py:190} INFO - [2024-09-12T15:46:32.002+0000] {dag.py:3211} INFO - Sync 1 DAGs
[2024-09-12T15:46:32.111+0000] {logging_mixin.py:190} INFO - [2024-09-12T15:46:32.100+0000] {dag.py:4138} INFO - Setting next_dagrun for example_trigger_controller_dag to 2021-01-01 00:00:00+00:00, run_after=2021-01-01 00:00:00+00:00
[2024-09-12T15:46:32.195+0000] {processor.py:208} INFO - Processing /home/airflow/.local/lib/python3.12/site-packages/airflow/example_dags/example_trigger_controller_dag.py took 0.388 seconds
[2024-09-12T15:47:28.418+0000] {processor.py:186} INFO - Started process (PID=2115) to work on /home/airflow/.local/lib/python3.12/site-packages/airflow/example_dags/example_trigger_controller_dag.py
[2024-09-12T15:47:28.493+0000] {processor.py:914} INFO - Processing file /home/airflow/.local/lib/python3.12/site-packages/airflow/example_dags/example_trigger_controller_dag.py for tasks to queue
[2024-09-12T15:47:28.511+0000] {logging_mixin.py:190} INFO - [2024-09-12T15:47:28.510+0000] {dagbag.py:587} INFO - Filling up the DagBag from /home/airflow/.local/lib/python3.12/site-packages/airflow/example_dags/example_trigger_controller_dag.py
[2024-09-12T15:47:28.635+0000] {processor.py:925} INFO - DAG(s) 'example_trigger_controller_dag' retrieved from /home/airflow/.local/lib/python3.12/site-packages/airflow/example_dags/example_trigger_controller_dag.py
[2024-09-12T15:47:28.913+0000] {logging_mixin.py:190} INFO - [2024-09-12T15:47:28.913+0000] {dag.py:3211} INFO - Sync 1 DAGs
[2024-09-12T15:47:29.118+0000] {logging_mixin.py:190} INFO - [2024-09-12T15:47:29.118+0000] {dag.py:4138} INFO - Setting next_dagrun for example_trigger_controller_dag to 2021-01-01 00:00:00+00:00, run_after=2021-01-01 00:00:00+00:00
[2024-09-12T15:47:29.562+0000] {processor.py:208} INFO - Processing /home/airflow/.local/lib/python3.12/site-packages/airflow/example_dags/example_trigger_controller_dag.py took 1.258 seconds
[2024-09-12T15:48:15.383+0000] {processor.py:186} INFO - Started process (PID=2183) to work on /home/airflow/.local/lib/python3.12/site-packages/airflow/example_dags/example_trigger_controller_dag.py
[2024-09-12T15:48:15.411+0000] {processor.py:914} INFO - Processing file /home/airflow/.local/lib/python3.12/site-packages/airflow/example_dags/example_trigger_controller_dag.py for tasks to queue
[2024-09-12T15:48:15.450+0000] {logging_mixin.py:190} INFO - [2024-09-12T15:48:15.449+0000] {dagbag.py:587} INFO - Filling up the DagBag from /home/airflow/.local/lib/python3.12/site-packages/airflow/example_dags/example_trigger_controller_dag.py
[2024-09-12T15:48:15.675+0000] {processor.py:925} INFO - DAG(s) 'example_trigger_controller_dag' retrieved from /home/airflow/.local/lib/python3.12/site-packages/airflow/example_dags/example_trigger_controller_dag.py
[2024-09-12T15:48:16.081+0000] {logging_mixin.py:190} INFO - [2024-09-12T15:48:16.080+0000] {dag.py:3211} INFO - Sync 1 DAGs
[2024-09-12T15:48:16.301+0000] {logging_mixin.py:190} INFO - [2024-09-12T15:48:16.300+0000] {dag.py:4138} INFO - Setting next_dagrun for example_trigger_controller_dag to 2021-01-01 00:00:00+00:00, run_after=2021-01-01 00:00:00+00:00
[2024-09-12T15:48:16.409+0000] {processor.py:208} INFO - Processing /home/airflow/.local/lib/python3.12/site-packages/airflow/example_dags/example_trigger_controller_dag.py took 1.104 seconds
[2024-09-12T15:49:30.675+0000] {processor.py:186} INFO - Started process (PID=2262) to work on /home/airflow/.local/lib/python3.12/site-packages/airflow/example_dags/example_trigger_controller_dag.py
[2024-09-12T15:49:30.691+0000] {processor.py:914} INFO - Processing file /home/airflow/.local/lib/python3.12/site-packages/airflow/example_dags/example_trigger_controller_dag.py for tasks to queue
[2024-09-12T15:49:30.710+0000] {logging_mixin.py:190} INFO - [2024-09-12T15:49:30.708+0000] {dagbag.py:587} INFO - Filling up the DagBag from /home/airflow/.local/lib/python3.12/site-packages/airflow/example_dags/example_trigger_controller_dag.py
[2024-09-12T15:49:30.767+0000] {processor.py:925} INFO - DAG(s) 'example_trigger_controller_dag' retrieved from /home/airflow/.local/lib/python3.12/site-packages/airflow/example_dags/example_trigger_controller_dag.py
[2024-09-12T15:49:30.967+0000] {logging_mixin.py:190} INFO - [2024-09-12T15:49:30.967+0000] {dag.py:3211} INFO - Sync 1 DAGs
[2024-09-12T15:49:31.266+0000] {logging_mixin.py:190} INFO - [2024-09-12T15:49:31.265+0000] {dag.py:4138} INFO - Setting next_dagrun for example_trigger_controller_dag to 2021-01-01 00:00:00+00:00, run_after=2021-01-01 00:00:00+00:00
[2024-09-12T15:49:31.481+0000] {processor.py:208} INFO - Processing /home/airflow/.local/lib/python3.12/site-packages/airflow/example_dags/example_trigger_controller_dag.py took 0.861 seconds
[2024-09-12T15:50:16.948+0000] {processor.py:186} INFO - Started process (PID=2333) to work on /home/airflow/.local/lib/python3.12/site-packages/airflow/example_dags/example_trigger_controller_dag.py
[2024-09-12T15:50:16.954+0000] {processor.py:914} INFO - Processing file /home/airflow/.local/lib/python3.12/site-packages/airflow/example_dags/example_trigger_controller_dag.py for tasks to queue
[2024-09-12T15:50:16.961+0000] {logging_mixin.py:190} INFO - [2024-09-12T15:50:16.959+0000] {dagbag.py:587} INFO - Filling up the DagBag from /home/airflow/.local/lib/python3.12/site-packages/airflow/example_dags/example_trigger_controller_dag.py
[2024-09-12T15:50:17.006+0000] {processor.py:925} INFO - DAG(s) 'example_trigger_controller_dag' retrieved from /home/airflow/.local/lib/python3.12/site-packages/airflow/example_dags/example_trigger_controller_dag.py
[2024-09-12T15:50:17.112+0000] {logging_mixin.py:190} INFO - [2024-09-12T15:50:17.111+0000] {dag.py:3211} INFO - Sync 1 DAGs
[2024-09-12T15:50:17.228+0000] {logging_mixin.py:190} INFO - [2024-09-12T15:50:17.227+0000] {dag.py:4138} INFO - Setting next_dagrun for example_trigger_controller_dag to 2021-01-01 00:00:00+00:00, run_after=2021-01-01 00:00:00+00:00
[2024-09-12T15:50:17.309+0000] {processor.py:208} INFO - Processing /home/airflow/.local/lib/python3.12/site-packages/airflow/example_dags/example_trigger_controller_dag.py took 0.445 seconds
[2024-09-12T15:51:22.292+0000] {processor.py:186} INFO - Started process (PID=2398) to work on /home/airflow/.local/lib/python3.12/site-packages/airflow/example_dags/example_trigger_controller_dag.py
[2024-09-12T15:51:22.295+0000] {processor.py:914} INFO - Processing file /home/airflow/.local/lib/python3.12/site-packages/airflow/example_dags/example_trigger_controller_dag.py for tasks to queue
[2024-09-12T15:51:22.298+0000] {logging_mixin.py:190} INFO - [2024-09-12T15:51:22.297+0000] {dagbag.py:587} INFO - Filling up the DagBag from /home/airflow/.local/lib/python3.12/site-packages/airflow/example_dags/example_trigger_controller_dag.py
[2024-09-12T15:51:22.338+0000] {processor.py:925} INFO - DAG(s) 'example_trigger_controller_dag' retrieved from /home/airflow/.local/lib/python3.12/site-packages/airflow/example_dags/example_trigger_controller_dag.py
[2024-09-12T15:51:22.506+0000] {logging_mixin.py:190} INFO - [2024-09-12T15:51:22.505+0000] {dag.py:3211} INFO - Sync 1 DAGs
[2024-09-12T15:51:22.858+0000] {logging_mixin.py:190} INFO - [2024-09-12T15:51:22.856+0000] {dag.py:4138} INFO - Setting next_dagrun for example_trigger_controller_dag to 2021-01-01 00:00:00+00:00, run_after=2021-01-01 00:00:00+00:00
[2024-09-12T15:51:23.114+0000] {processor.py:208} INFO - Processing /home/airflow/.local/lib/python3.12/site-packages/airflow/example_dags/example_trigger_controller_dag.py took 0.852 seconds
[2024-09-12T15:52:11.238+0000] {processor.py:186} INFO - Started process (PID=2464) to work on /home/airflow/.local/lib/python3.12/site-packages/airflow/example_dags/example_trigger_controller_dag.py
[2024-09-12T15:52:11.243+0000] {processor.py:914} INFO - Processing file /home/airflow/.local/lib/python3.12/site-packages/airflow/example_dags/example_trigger_controller_dag.py for tasks to queue
[2024-09-12T15:52:11.246+0000] {logging_mixin.py:190} INFO - [2024-09-12T15:52:11.246+0000] {dagbag.py:587} INFO - Filling up the DagBag from /home/airflow/.local/lib/python3.12/site-packages/airflow/example_dags/example_trigger_controller_dag.py
[2024-09-12T15:52:11.286+0000] {processor.py:925} INFO - DAG(s) 'example_trigger_controller_dag' retrieved from /home/airflow/.local/lib/python3.12/site-packages/airflow/example_dags/example_trigger_controller_dag.py
[2024-09-12T15:52:11.370+0000] {logging_mixin.py:190} INFO - [2024-09-12T15:52:11.369+0000] {dag.py:3211} INFO - Sync 1 DAGs
[2024-09-12T15:52:11.486+0000] {logging_mixin.py:190} INFO - [2024-09-12T15:52:11.486+0000] {dag.py:4138} INFO - Setting next_dagrun for example_trigger_controller_dag to 2021-01-01 00:00:00+00:00, run_after=2021-01-01 00:00:00+00:00
[2024-09-12T15:52:11.619+0000] {processor.py:208} INFO - Processing /home/airflow/.local/lib/python3.12/site-packages/airflow/example_dags/example_trigger_controller_dag.py took 0.410 seconds
[2024-09-12T15:52:46.998+0000] {processor.py:186} INFO - Started process (PID=2529) to work on /home/airflow/.local/lib/python3.12/site-packages/airflow/example_dags/example_trigger_controller_dag.py
[2024-09-12T15:52:47.001+0000] {processor.py:914} INFO - Processing file /home/airflow/.local/lib/python3.12/site-packages/airflow/example_dags/example_trigger_controller_dag.py for tasks to queue
[2024-09-12T15:52:47.004+0000] {logging_mixin.py:190} INFO - [2024-09-12T15:52:47.003+0000] {dagbag.py:587} INFO - Filling up the DagBag from /home/airflow/.local/lib/python3.12/site-packages/airflow/example_dags/example_trigger_controller_dag.py
[2024-09-12T15:52:47.071+0000] {processor.py:925} INFO - DAG(s) 'example_trigger_controller_dag' retrieved from /home/airflow/.local/lib/python3.12/site-packages/airflow/example_dags/example_trigger_controller_dag.py
[2024-09-12T15:52:47.183+0000] {logging_mixin.py:190} INFO - [2024-09-12T15:52:47.183+0000] {dag.py:3211} INFO - Sync 1 DAGs
[2024-09-12T15:52:47.277+0000] {logging_mixin.py:190} INFO - [2024-09-12T15:52:47.276+0000] {dag.py:4138} INFO - Setting next_dagrun for example_trigger_controller_dag to 2021-01-01 00:00:00+00:00, run_after=2021-01-01 00:00:00+00:00
[2024-09-12T15:52:47.373+0000] {processor.py:208} INFO - Processing /home/airflow/.local/lib/python3.12/site-packages/airflow/example_dags/example_trigger_controller_dag.py took 0.403 seconds
[2024-09-12T15:53:29.012+0000] {processor.py:186} INFO - Started process (PID=2606) to work on /home/airflow/.local/lib/python3.12/site-packages/airflow/example_dags/example_trigger_controller_dag.py
[2024-09-12T15:53:29.016+0000] {processor.py:914} INFO - Processing file /home/airflow/.local/lib/python3.12/site-packages/airflow/example_dags/example_trigger_controller_dag.py for tasks to queue
[2024-09-12T15:53:29.020+0000] {logging_mixin.py:190} INFO - [2024-09-12T15:53:29.019+0000] {dagbag.py:587} INFO - Filling up the DagBag from /home/airflow/.local/lib/python3.12/site-packages/airflow/example_dags/example_trigger_controller_dag.py
[2024-09-12T15:53:29.058+0000] {processor.py:925} INFO - DAG(s) 'example_trigger_controller_dag' retrieved from /home/airflow/.local/lib/python3.12/site-packages/airflow/example_dags/example_trigger_controller_dag.py
[2024-09-12T15:53:29.146+0000] {logging_mixin.py:190} INFO - [2024-09-12T15:53:29.146+0000] {dag.py:3211} INFO - Sync 1 DAGs
[2024-09-12T15:53:29.279+0000] {logging_mixin.py:190} INFO - [2024-09-12T15:53:29.279+0000] {dag.py:4138} INFO - Setting next_dagrun for example_trigger_controller_dag to 2021-01-01 00:00:00+00:00, run_after=2021-01-01 00:00:00+00:00
[2024-09-12T15:53:29.383+0000] {processor.py:208} INFO - Processing /home/airflow/.local/lib/python3.12/site-packages/airflow/example_dags/example_trigger_controller_dag.py took 0.397 seconds
[2024-09-12T15:54:05.268+0000] {processor.py:186} INFO - Started process (PID=2664) to work on /home/airflow/.local/lib/python3.12/site-packages/airflow/example_dags/example_trigger_controller_dag.py
[2024-09-12T15:54:05.282+0000] {processor.py:914} INFO - Processing file /home/airflow/.local/lib/python3.12/site-packages/airflow/example_dags/example_trigger_controller_dag.py for tasks to queue
[2024-09-12T15:54:05.321+0000] {logging_mixin.py:190} INFO - [2024-09-12T15:54:05.319+0000] {dagbag.py:587} INFO - Filling up the DagBag from /home/airflow/.local/lib/python3.12/site-packages/airflow/example_dags/example_trigger_controller_dag.py
[2024-09-12T15:54:05.394+0000] {processor.py:925} INFO - DAG(s) 'example_trigger_controller_dag' retrieved from /home/airflow/.local/lib/python3.12/site-packages/airflow/example_dags/example_trigger_controller_dag.py
[2024-09-12T15:54:05.560+0000] {logging_mixin.py:190} INFO - [2024-09-12T15:54:05.560+0000] {dag.py:3211} INFO - Sync 1 DAGs
[2024-09-12T15:54:05.693+0000] {logging_mixin.py:190} INFO - [2024-09-12T15:54:05.690+0000] {dag.py:4138} INFO - Setting next_dagrun for example_trigger_controller_dag to 2021-01-01 00:00:00+00:00, run_after=2021-01-01 00:00:00+00:00
[2024-09-12T15:54:05.810+0000] {processor.py:208} INFO - Processing /home/airflow/.local/lib/python3.12/site-packages/airflow/example_dags/example_trigger_controller_dag.py took 0.596 seconds
[2024-09-12T15:55:45.597+0000] {processor.py:186} INFO - Started process (PID=2756) to work on /home/airflow/.local/lib/python3.12/site-packages/airflow/example_dags/example_trigger_controller_dag.py
[2024-09-12T15:55:45.602+0000] {processor.py:914} INFO - Processing file /home/airflow/.local/lib/python3.12/site-packages/airflow/example_dags/example_trigger_controller_dag.py for tasks to queue
[2024-09-12T15:55:45.606+0000] {logging_mixin.py:190} INFO - [2024-09-12T15:55:45.605+0000] {dagbag.py:587} INFO - Filling up the DagBag from /home/airflow/.local/lib/python3.12/site-packages/airflow/example_dags/example_trigger_controller_dag.py
[2024-09-12T15:55:45.637+0000] {processor.py:925} INFO - DAG(s) 'example_trigger_controller_dag' retrieved from /home/airflow/.local/lib/python3.12/site-packages/airflow/example_dags/example_trigger_controller_dag.py
[2024-09-12T15:55:45.746+0000] {logging_mixin.py:190} INFO - [2024-09-12T15:55:45.746+0000] {dag.py:3211} INFO - Sync 1 DAGs
[2024-09-12T15:55:45.926+0000] {logging_mixin.py:190} INFO - [2024-09-12T15:55:45.924+0000] {dag.py:4138} INFO - Setting next_dagrun for example_trigger_controller_dag to 2021-01-01 00:00:00+00:00, run_after=2021-01-01 00:00:00+00:00
[2024-09-12T15:55:46.089+0000] {processor.py:208} INFO - Processing /home/airflow/.local/lib/python3.12/site-packages/airflow/example_dags/example_trigger_controller_dag.py took 0.510 seconds
[2024-09-12T15:56:47.699+0000] {processor.py:186} INFO - Started process (PID=2820) to work on /home/airflow/.local/lib/python3.12/site-packages/airflow/example_dags/example_trigger_controller_dag.py
[2024-09-12T15:56:47.703+0000] {processor.py:914} INFO - Processing file /home/airflow/.local/lib/python3.12/site-packages/airflow/example_dags/example_trigger_controller_dag.py for tasks to queue
[2024-09-12T15:56:47.720+0000] {logging_mixin.py:190} INFO - [2024-09-12T15:56:47.715+0000] {dagbag.py:587} INFO - Filling up the DagBag from /home/airflow/.local/lib/python3.12/site-packages/airflow/example_dags/example_trigger_controller_dag.py
[2024-09-12T15:56:47.751+0000] {processor.py:925} INFO - DAG(s) 'example_trigger_controller_dag' retrieved from /home/airflow/.local/lib/python3.12/site-packages/airflow/example_dags/example_trigger_controller_dag.py
[2024-09-12T15:56:47.825+0000] {logging_mixin.py:190} INFO - [2024-09-12T15:56:47.824+0000] {dag.py:3211} INFO - Sync 1 DAGs
[2024-09-12T15:56:47.950+0000] {logging_mixin.py:190} INFO - [2024-09-12T15:56:47.948+0000] {dag.py:4138} INFO - Setting next_dagrun for example_trigger_controller_dag to 2021-01-01 00:00:00+00:00, run_after=2021-01-01 00:00:00+00:00
[2024-09-12T15:56:48.040+0000] {processor.py:208} INFO - Processing /home/airflow/.local/lib/python3.12/site-packages/airflow/example_dags/example_trigger_controller_dag.py took 0.368 seconds
[2024-09-12T15:57:19.569+0000] {processor.py:186} INFO - Started process (PID=2885) to work on /home/airflow/.local/lib/python3.12/site-packages/airflow/example_dags/example_trigger_controller_dag.py
[2024-09-12T15:57:19.572+0000] {processor.py:914} INFO - Processing file /home/airflow/.local/lib/python3.12/site-packages/airflow/example_dags/example_trigger_controller_dag.py for tasks to queue
[2024-09-12T15:57:19.578+0000] {logging_mixin.py:190} INFO - [2024-09-12T15:57:19.575+0000] {dagbag.py:587} INFO - Filling up the DagBag from /home/airflow/.local/lib/python3.12/site-packages/airflow/example_dags/example_trigger_controller_dag.py
[2024-09-12T15:57:19.665+0000] {processor.py:925} INFO - DAG(s) 'example_trigger_controller_dag' retrieved from /home/airflow/.local/lib/python3.12/site-packages/airflow/example_dags/example_trigger_controller_dag.py
[2024-09-12T15:57:19.887+0000] {logging_mixin.py:190} INFO - [2024-09-12T15:57:19.886+0000] {dag.py:3211} INFO - Sync 1 DAGs
[2024-09-12T15:57:20.073+0000] {logging_mixin.py:190} INFO - [2024-09-12T15:57:20.072+0000] {dag.py:4138} INFO - Setting next_dagrun for example_trigger_controller_dag to 2021-01-01 00:00:00+00:00, run_after=2021-01-01 00:00:00+00:00
[2024-09-12T15:57:20.184+0000] {processor.py:208} INFO - Processing /home/airflow/.local/lib/python3.12/site-packages/airflow/example_dags/example_trigger_controller_dag.py took 0.689 seconds
[2024-09-12T15:58:00.269+0000] {processor.py:186} INFO - Started process (PID=2943) to work on /home/airflow/.local/lib/python3.12/site-packages/airflow/example_dags/example_trigger_controller_dag.py
[2024-09-12T15:58:00.272+0000] {processor.py:914} INFO - Processing file /home/airflow/.local/lib/python3.12/site-packages/airflow/example_dags/example_trigger_controller_dag.py for tasks to queue
[2024-09-12T15:58:00.284+0000] {logging_mixin.py:190} INFO - [2024-09-12T15:58:00.275+0000] {dagbag.py:587} INFO - Filling up the DagBag from /home/airflow/.local/lib/python3.12/site-packages/airflow/example_dags/example_trigger_controller_dag.py
[2024-09-12T15:58:00.363+0000] {processor.py:925} INFO - DAG(s) 'example_trigger_controller_dag' retrieved from /home/airflow/.local/lib/python3.12/site-packages/airflow/example_dags/example_trigger_controller_dag.py
[2024-09-12T15:58:00.498+0000] {logging_mixin.py:190} INFO - [2024-09-12T15:58:00.497+0000] {dag.py:3211} INFO - Sync 1 DAGs
[2024-09-12T15:58:00.670+0000] {logging_mixin.py:190} INFO - [2024-09-12T15:58:00.670+0000] {dag.py:4138} INFO - Setting next_dagrun for example_trigger_controller_dag to 2021-01-01 00:00:00+00:00, run_after=2021-01-01 00:00:00+00:00
[2024-09-12T15:58:00.832+0000] {processor.py:208} INFO - Processing /home/airflow/.local/lib/python3.12/site-packages/airflow/example_dags/example_trigger_controller_dag.py took 0.611 seconds
[2024-09-12T15:59:20.208+0000] {processor.py:186} INFO - Started process (PID=3014) to work on /home/airflow/.local/lib/python3.12/site-packages/airflow/example_dags/example_trigger_controller_dag.py
[2024-09-12T15:59:20.221+0000] {processor.py:914} INFO - Processing file /home/airflow/.local/lib/python3.12/site-packages/airflow/example_dags/example_trigger_controller_dag.py for tasks to queue
[2024-09-12T15:59:20.225+0000] {logging_mixin.py:190} INFO - [2024-09-12T15:59:20.224+0000] {dagbag.py:587} INFO - Filling up the DagBag from /home/airflow/.local/lib/python3.12/site-packages/airflow/example_dags/example_trigger_controller_dag.py
[2024-09-12T15:59:20.276+0000] {processor.py:925} INFO - DAG(s) 'example_trigger_controller_dag' retrieved from /home/airflow/.local/lib/python3.12/site-packages/airflow/example_dags/example_trigger_controller_dag.py
[2024-09-12T15:59:20.399+0000] {logging_mixin.py:190} INFO - [2024-09-12T15:59:20.398+0000] {dag.py:3211} INFO - Sync 1 DAGs
[2024-09-12T15:59:20.579+0000] {logging_mixin.py:190} INFO - [2024-09-12T15:59:20.578+0000] {dag.py:4138} INFO - Setting next_dagrun for example_trigger_controller_dag to 2021-01-01 00:00:00+00:00, run_after=2021-01-01 00:00:00+00:00
[2024-09-12T15:59:20.708+0000] {processor.py:208} INFO - Processing /home/airflow/.local/lib/python3.12/site-packages/airflow/example_dags/example_trigger_controller_dag.py took 0.513 seconds
[2024-09-12T16:00:19.309+0000] {processor.py:186} INFO - Started process (PID=3084) to work on /home/airflow/.local/lib/python3.12/site-packages/airflow/example_dags/example_trigger_controller_dag.py
[2024-09-12T16:00:19.314+0000] {processor.py:914} INFO - Processing file /home/airflow/.local/lib/python3.12/site-packages/airflow/example_dags/example_trigger_controller_dag.py for tasks to queue
[2024-09-12T16:00:19.318+0000] {logging_mixin.py:190} INFO - [2024-09-12T16:00:19.317+0000] {dagbag.py:587} INFO - Filling up the DagBag from /home/airflow/.local/lib/python3.12/site-packages/airflow/example_dags/example_trigger_controller_dag.py
[2024-09-12T16:00:19.353+0000] {processor.py:925} INFO - DAG(s) 'example_trigger_controller_dag' retrieved from /home/airflow/.local/lib/python3.12/site-packages/airflow/example_dags/example_trigger_controller_dag.py
[2024-09-12T16:00:19.491+0000] {logging_mixin.py:190} INFO - [2024-09-12T16:00:19.490+0000] {dag.py:3211} INFO - Sync 1 DAGs
[2024-09-12T16:00:19.713+0000] {logging_mixin.py:190} INFO - [2024-09-12T16:00:19.711+0000] {dag.py:4138} INFO - Setting next_dagrun for example_trigger_controller_dag to 2021-01-01 00:00:00+00:00, run_after=2021-01-01 00:00:00+00:00
[2024-09-12T16:00:19.895+0000] {processor.py:208} INFO - Processing /home/airflow/.local/lib/python3.12/site-packages/airflow/example_dags/example_trigger_controller_dag.py took 0.614 seconds
[2024-09-12T16:00:57.339+0000] {processor.py:186} INFO - Started process (PID=3149) to work on /home/airflow/.local/lib/python3.12/site-packages/airflow/example_dags/example_trigger_controller_dag.py
[2024-09-12T16:00:57.341+0000] {processor.py:914} INFO - Processing file /home/airflow/.local/lib/python3.12/site-packages/airflow/example_dags/example_trigger_controller_dag.py for tasks to queue
[2024-09-12T16:00:57.362+0000] {logging_mixin.py:190} INFO - [2024-09-12T16:00:57.358+0000] {dagbag.py:587} INFO - Filling up the DagBag from /home/airflow/.local/lib/python3.12/site-packages/airflow/example_dags/example_trigger_controller_dag.py
[2024-09-12T16:00:57.399+0000] {processor.py:925} INFO - DAG(s) 'example_trigger_controller_dag' retrieved from /home/airflow/.local/lib/python3.12/site-packages/airflow/example_dags/example_trigger_controller_dag.py
[2024-09-12T16:00:57.513+0000] {logging_mixin.py:190} INFO - [2024-09-12T16:00:57.512+0000] {dag.py:3211} INFO - Sync 1 DAGs
[2024-09-12T16:00:57.611+0000] {logging_mixin.py:190} INFO - [2024-09-12T16:00:57.610+0000] {dag.py:4138} INFO - Setting next_dagrun for example_trigger_controller_dag to 2021-01-01 00:00:00+00:00, run_after=2021-01-01 00:00:00+00:00
[2024-09-12T16:00:57.744+0000] {processor.py:208} INFO - Processing /home/airflow/.local/lib/python3.12/site-packages/airflow/example_dags/example_trigger_controller_dag.py took 0.429 seconds
[2024-09-12T16:01:55.750+0000] {processor.py:186} INFO - Started process (PID=3219) to work on /home/airflow/.local/lib/python3.12/site-packages/airflow/example_dags/example_trigger_controller_dag.py
[2024-09-12T16:01:55.817+0000] {processor.py:914} INFO - Processing file /home/airflow/.local/lib/python3.12/site-packages/airflow/example_dags/example_trigger_controller_dag.py for tasks to queue
[2024-09-12T16:01:55.937+0000] {logging_mixin.py:190} INFO - [2024-09-12T16:01:55.886+0000] {dagbag.py:587} INFO - Filling up the DagBag from /home/airflow/.local/lib/python3.12/site-packages/airflow/example_dags/example_trigger_controller_dag.py
[2024-09-12T16:01:56.226+0000] {processor.py:925} INFO - DAG(s) 'example_trigger_controller_dag' retrieved from /home/airflow/.local/lib/python3.12/site-packages/airflow/example_dags/example_trigger_controller_dag.py
[2024-09-12T16:01:56.482+0000] {logging_mixin.py:190} INFO - [2024-09-12T16:01:56.482+0000] {dag.py:3211} INFO - Sync 1 DAGs
[2024-09-12T16:01:57.102+0000] {logging_mixin.py:190} INFO - [2024-09-12T16:01:57.100+0000] {dag.py:4138} INFO - Setting next_dagrun for example_trigger_controller_dag to 2021-01-01 00:00:00+00:00, run_after=2021-01-01 00:00:00+00:00
[2024-09-12T16:01:58.903+0000] {processor.py:208} INFO - Processing /home/airflow/.local/lib/python3.12/site-packages/airflow/example_dags/example_trigger_controller_dag.py took 3.200 seconds
[2024-09-12T16:03:28.444+0000] {processor.py:186} INFO - Started process (PID=3308) to work on /home/airflow/.local/lib/python3.12/site-packages/airflow/example_dags/example_trigger_controller_dag.py
[2024-09-12T16:03:28.452+0000] {processor.py:914} INFO - Processing file /home/airflow/.local/lib/python3.12/site-packages/airflow/example_dags/example_trigger_controller_dag.py for tasks to queue
[2024-09-12T16:03:28.521+0000] {logging_mixin.py:190} INFO - [2024-09-12T16:03:28.520+0000] {dagbag.py:587} INFO - Filling up the DagBag from /home/airflow/.local/lib/python3.12/site-packages/airflow/example_dags/example_trigger_controller_dag.py
[2024-09-12T16:03:28.604+0000] {processor.py:925} INFO - DAG(s) 'example_trigger_controller_dag' retrieved from /home/airflow/.local/lib/python3.12/site-packages/airflow/example_dags/example_trigger_controller_dag.py
[2024-09-12T16:03:28.937+0000] {logging_mixin.py:190} INFO - [2024-09-12T16:03:28.936+0000] {dag.py:3211} INFO - Sync 1 DAGs
[2024-09-12T16:03:29.140+0000] {logging_mixin.py:190} INFO - [2024-09-12T16:03:29.139+0000] {dag.py:4138} INFO - Setting next_dagrun for example_trigger_controller_dag to 2021-01-01 00:00:00+00:00, run_after=2021-01-01 00:00:00+00:00
[2024-09-12T16:03:29.329+0000] {processor.py:208} INFO - Processing /home/airflow/.local/lib/python3.12/site-packages/airflow/example_dags/example_trigger_controller_dag.py took 0.912 seconds
[2024-09-12T16:04:08.649+0000] {processor.py:186} INFO - Started process (PID=3383) to work on /home/airflow/.local/lib/python3.12/site-packages/airflow/example_dags/example_trigger_controller_dag.py
[2024-09-12T16:04:08.672+0000] {processor.py:914} INFO - Processing file /home/airflow/.local/lib/python3.12/site-packages/airflow/example_dags/example_trigger_controller_dag.py for tasks to queue
[2024-09-12T16:04:08.682+0000] {logging_mixin.py:190} INFO - [2024-09-12T16:04:08.679+0000] {dagbag.py:587} INFO - Filling up the DagBag from /home/airflow/.local/lib/python3.12/site-packages/airflow/example_dags/example_trigger_controller_dag.py
[2024-09-12T16:04:08.741+0000] {processor.py:925} INFO - DAG(s) 'example_trigger_controller_dag' retrieved from /home/airflow/.local/lib/python3.12/site-packages/airflow/example_dags/example_trigger_controller_dag.py
[2024-09-12T16:04:08.896+0000] {logging_mixin.py:190} INFO - [2024-09-12T16:04:08.895+0000] {dag.py:3211} INFO - Sync 1 DAGs
[2024-09-12T16:04:10.542+0000] {logging_mixin.py:190} INFO - [2024-09-12T16:04:10.542+0000] {dag.py:4138} INFO - Setting next_dagrun for example_trigger_controller_dag to 2021-01-01 00:00:00+00:00, run_after=2021-01-01 00:00:00+00:00
[2024-09-12T16:04:10.733+0000] {processor.py:208} INFO - Processing /home/airflow/.local/lib/python3.12/site-packages/airflow/example_dags/example_trigger_controller_dag.py took 2.131 seconds
[2024-09-12T16:05:55.396+0000] {processor.py:186} INFO - Started process (PID=3462) to work on /home/airflow/.local/lib/python3.12/site-packages/airflow/example_dags/example_trigger_controller_dag.py
[2024-09-12T16:05:55.411+0000] {processor.py:914} INFO - Processing file /home/airflow/.local/lib/python3.12/site-packages/airflow/example_dags/example_trigger_controller_dag.py for tasks to queue
[2024-09-12T16:05:55.417+0000] {logging_mixin.py:190} INFO - [2024-09-12T16:05:55.416+0000] {dagbag.py:587} INFO - Filling up the DagBag from /home/airflow/.local/lib/python3.12/site-packages/airflow/example_dags/example_trigger_controller_dag.py
[2024-09-12T16:05:55.577+0000] {processor.py:925} INFO - DAG(s) 'example_trigger_controller_dag' retrieved from /home/airflow/.local/lib/python3.12/site-packages/airflow/example_dags/example_trigger_controller_dag.py
[2024-09-12T16:05:56.963+0000] {logging_mixin.py:190} INFO - [2024-09-12T16:05:56.962+0000] {dag.py:3211} INFO - Sync 1 DAGs
[2024-09-12T16:05:57.229+0000] {logging_mixin.py:190} INFO - [2024-09-12T16:05:57.218+0000] {dag.py:4138} INFO - Setting next_dagrun for example_trigger_controller_dag to 2021-01-01 00:00:00+00:00, run_after=2021-01-01 00:00:00+00:00
[2024-09-12T16:05:57.585+0000] {processor.py:208} INFO - Processing /home/airflow/.local/lib/python3.12/site-packages/airflow/example_dags/example_trigger_controller_dag.py took 2.224 seconds
[2024-09-12T16:07:43.313+0000] {processor.py:186} INFO - Started process (PID=3545) to work on /home/airflow/.local/lib/python3.12/site-packages/airflow/example_dags/example_trigger_controller_dag.py
[2024-09-12T16:07:43.325+0000] {processor.py:914} INFO - Processing file /home/airflow/.local/lib/python3.12/site-packages/airflow/example_dags/example_trigger_controller_dag.py for tasks to queue
[2024-09-12T16:07:43.329+0000] {logging_mixin.py:190} INFO - [2024-09-12T16:07:43.328+0000] {dagbag.py:587} INFO - Filling up the DagBag from /home/airflow/.local/lib/python3.12/site-packages/airflow/example_dags/example_trigger_controller_dag.py
[2024-09-12T16:07:43.351+0000] {processor.py:925} INFO - DAG(s) 'example_trigger_controller_dag' retrieved from /home/airflow/.local/lib/python3.12/site-packages/airflow/example_dags/example_trigger_controller_dag.py
[2024-09-12T16:07:43.454+0000] {logging_mixin.py:190} INFO - [2024-09-12T16:07:43.453+0000] {dag.py:3211} INFO - Sync 1 DAGs
[2024-09-12T16:07:43.592+0000] {logging_mixin.py:190} INFO - [2024-09-12T16:07:43.591+0000] {dag.py:4138} INFO - Setting next_dagrun for example_trigger_controller_dag to 2021-01-01 00:00:00+00:00, run_after=2021-01-01 00:00:00+00:00
[2024-09-12T16:07:43.765+0000] {processor.py:208} INFO - Processing /home/airflow/.local/lib/python3.12/site-packages/airflow/example_dags/example_trigger_controller_dag.py took 0.474 seconds
[2024-09-12T16:08:42.475+0000] {processor.py:186} INFO - Started process (PID=3611) to work on /home/airflow/.local/lib/python3.12/site-packages/airflow/example_dags/example_trigger_controller_dag.py
[2024-09-12T16:08:42.479+0000] {processor.py:914} INFO - Processing file /home/airflow/.local/lib/python3.12/site-packages/airflow/example_dags/example_trigger_controller_dag.py for tasks to queue
[2024-09-12T16:08:42.483+0000] {logging_mixin.py:190} INFO - [2024-09-12T16:08:42.482+0000] {dagbag.py:587} INFO - Filling up the DagBag from /home/airflow/.local/lib/python3.12/site-packages/airflow/example_dags/example_trigger_controller_dag.py
[2024-09-12T16:08:42.589+0000] {processor.py:925} INFO - DAG(s) 'example_trigger_controller_dag' retrieved from /home/airflow/.local/lib/python3.12/site-packages/airflow/example_dags/example_trigger_controller_dag.py
[2024-09-12T16:08:42.878+0000] {logging_mixin.py:190} INFO - [2024-09-12T16:08:42.874+0000] {dag.py:3211} INFO - Sync 1 DAGs
[2024-09-12T16:08:43.119+0000] {logging_mixin.py:190} INFO - [2024-09-12T16:08:43.118+0000] {dag.py:4138} INFO - Setting next_dagrun for example_trigger_controller_dag to 2021-01-01 00:00:00+00:00, run_after=2021-01-01 00:00:00+00:00
[2024-09-12T16:08:43.248+0000] {processor.py:208} INFO - Processing /home/airflow/.local/lib/python3.12/site-packages/airflow/example_dags/example_trigger_controller_dag.py took 0.804 seconds
[2024-09-12T16:09:18.100+0000] {processor.py:186} INFO - Started process (PID=3684) to work on /home/airflow/.local/lib/python3.12/site-packages/airflow/example_dags/example_trigger_controller_dag.py
[2024-09-12T16:09:18.103+0000] {processor.py:914} INFO - Processing file /home/airflow/.local/lib/python3.12/site-packages/airflow/example_dags/example_trigger_controller_dag.py for tasks to queue
[2024-09-12T16:09:18.107+0000] {logging_mixin.py:190} INFO - [2024-09-12T16:09:18.106+0000] {dagbag.py:587} INFO - Filling up the DagBag from /home/airflow/.local/lib/python3.12/site-packages/airflow/example_dags/example_trigger_controller_dag.py
[2024-09-12T16:09:18.143+0000] {processor.py:925} INFO - DAG(s) 'example_trigger_controller_dag' retrieved from /home/airflow/.local/lib/python3.12/site-packages/airflow/example_dags/example_trigger_controller_dag.py
[2024-09-12T16:09:18.242+0000] {logging_mixin.py:190} INFO - [2024-09-12T16:09:18.242+0000] {dag.py:3211} INFO - Sync 1 DAGs
[2024-09-12T16:09:18.379+0000] {logging_mixin.py:190} INFO - [2024-09-12T16:09:18.379+0000] {dag.py:4138} INFO - Setting next_dagrun for example_trigger_controller_dag to 2021-01-01 00:00:00+00:00, run_after=2021-01-01 00:00:00+00:00
[2024-09-12T16:09:18.465+0000] {processor.py:208} INFO - Processing /home/airflow/.local/lib/python3.12/site-packages/airflow/example_dags/example_trigger_controller_dag.py took 0.402 seconds
[2024-09-12T16:10:32.058+0000] {processor.py:186} INFO - Started process (PID=3753) to work on /home/airflow/.local/lib/python3.12/site-packages/airflow/example_dags/example_trigger_controller_dag.py
[2024-09-12T16:10:32.073+0000] {processor.py:914} INFO - Processing file /home/airflow/.local/lib/python3.12/site-packages/airflow/example_dags/example_trigger_controller_dag.py for tasks to queue
[2024-09-12T16:10:32.086+0000] {logging_mixin.py:190} INFO - [2024-09-12T16:10:32.085+0000] {dagbag.py:587} INFO - Filling up the DagBag from /home/airflow/.local/lib/python3.12/site-packages/airflow/example_dags/example_trigger_controller_dag.py
[2024-09-12T16:10:32.145+0000] {processor.py:925} INFO - DAG(s) 'example_trigger_controller_dag' retrieved from /home/airflow/.local/lib/python3.12/site-packages/airflow/example_dags/example_trigger_controller_dag.py
[2024-09-12T16:10:32.295+0000] {logging_mixin.py:190} INFO - [2024-09-12T16:10:32.295+0000] {dag.py:3211} INFO - Sync 1 DAGs
[2024-09-12T16:10:32.497+0000] {logging_mixin.py:190} INFO - [2024-09-12T16:10:32.497+0000] {dag.py:4138} INFO - Setting next_dagrun for example_trigger_controller_dag to 2021-01-01 00:00:00+00:00, run_after=2021-01-01 00:00:00+00:00
[2024-09-12T16:10:32.621+0000] {processor.py:208} INFO - Processing /home/airflow/.local/lib/python3.12/site-packages/airflow/example_dags/example_trigger_controller_dag.py took 0.602 seconds
[2024-09-12T16:11:03.132+0000] {processor.py:186} INFO - Started process (PID=3815) to work on /home/airflow/.local/lib/python3.12/site-packages/airflow/example_dags/example_trigger_controller_dag.py
[2024-09-12T16:11:03.134+0000] {processor.py:914} INFO - Processing file /home/airflow/.local/lib/python3.12/site-packages/airflow/example_dags/example_trigger_controller_dag.py for tasks to queue
[2024-09-12T16:11:03.138+0000] {logging_mixin.py:190} INFO - [2024-09-12T16:11:03.137+0000] {dagbag.py:587} INFO - Filling up the DagBag from /home/airflow/.local/lib/python3.12/site-packages/airflow/example_dags/example_trigger_controller_dag.py
[2024-09-12T16:11:03.209+0000] {processor.py:925} INFO - DAG(s) 'example_trigger_controller_dag' retrieved from /home/airflow/.local/lib/python3.12/site-packages/airflow/example_dags/example_trigger_controller_dag.py
[2024-09-12T16:11:03.462+0000] {logging_mixin.py:190} INFO - [2024-09-12T16:11:03.462+0000] {dag.py:3211} INFO - Sync 1 DAGs
[2024-09-12T16:11:03.745+0000] {logging_mixin.py:190} INFO - [2024-09-12T16:11:03.744+0000] {dag.py:4138} INFO - Setting next_dagrun for example_trigger_controller_dag to 2021-01-01 00:00:00+00:00, run_after=2021-01-01 00:00:00+00:00
[2024-09-12T16:11:03.912+0000] {processor.py:208} INFO - Processing /home/airflow/.local/lib/python3.12/site-packages/airflow/example_dags/example_trigger_controller_dag.py took 0.833 seconds
[2024-09-12T16:11:41.640+0000] {processor.py:186} INFO - Started process (PID=3873) to work on /home/airflow/.local/lib/python3.12/site-packages/airflow/example_dags/example_trigger_controller_dag.py
[2024-09-12T16:11:41.655+0000] {processor.py:914} INFO - Processing file /home/airflow/.local/lib/python3.12/site-packages/airflow/example_dags/example_trigger_controller_dag.py for tasks to queue
[2024-09-12T16:11:41.658+0000] {logging_mixin.py:190} INFO - [2024-09-12T16:11:41.657+0000] {dagbag.py:587} INFO - Filling up the DagBag from /home/airflow/.local/lib/python3.12/site-packages/airflow/example_dags/example_trigger_controller_dag.py
[2024-09-12T16:11:41.713+0000] {processor.py:925} INFO - DAG(s) 'example_trigger_controller_dag' retrieved from /home/airflow/.local/lib/python3.12/site-packages/airflow/example_dags/example_trigger_controller_dag.py
[2024-09-12T16:11:41.817+0000] {logging_mixin.py:190} INFO - [2024-09-12T16:11:41.816+0000] {dag.py:3211} INFO - Sync 1 DAGs
[2024-09-12T16:11:41.929+0000] {logging_mixin.py:190} INFO - [2024-09-12T16:11:41.928+0000] {dag.py:4138} INFO - Setting next_dagrun for example_trigger_controller_dag to 2021-01-01 00:00:00+00:00, run_after=2021-01-01 00:00:00+00:00
[2024-09-12T16:11:42.061+0000] {processor.py:208} INFO - Processing /home/airflow/.local/lib/python3.12/site-packages/airflow/example_dags/example_trigger_controller_dag.py took 0.450 seconds
[2024-09-12T16:12:41.648+0000] {processor.py:186} INFO - Started process (PID=3935) to work on /home/airflow/.local/lib/python3.12/site-packages/airflow/example_dags/example_trigger_controller_dag.py
[2024-09-12T16:12:41.652+0000] {processor.py:914} INFO - Processing file /home/airflow/.local/lib/python3.12/site-packages/airflow/example_dags/example_trigger_controller_dag.py for tasks to queue
[2024-09-12T16:12:41.657+0000] {logging_mixin.py:190} INFO - [2024-09-12T16:12:41.656+0000] {dagbag.py:587} INFO - Filling up the DagBag from /home/airflow/.local/lib/python3.12/site-packages/airflow/example_dags/example_trigger_controller_dag.py
[2024-09-12T16:12:41.718+0000] {processor.py:925} INFO - DAG(s) 'example_trigger_controller_dag' retrieved from /home/airflow/.local/lib/python3.12/site-packages/airflow/example_dags/example_trigger_controller_dag.py
[2024-09-12T16:12:41.916+0000] {logging_mixin.py:190} INFO - [2024-09-12T16:12:41.916+0000] {dag.py:3211} INFO - Sync 1 DAGs
[2024-09-12T16:12:42.095+0000] {logging_mixin.py:190} INFO - [2024-09-12T16:12:42.094+0000] {dag.py:4138} INFO - Setting next_dagrun for example_trigger_controller_dag to 2021-01-01 00:00:00+00:00, run_after=2021-01-01 00:00:00+00:00
[2024-09-12T16:12:42.252+0000] {processor.py:208} INFO - Processing /home/airflow/.local/lib/python3.12/site-packages/airflow/example_dags/example_trigger_controller_dag.py took 0.630 seconds
[2024-09-12T16:13:16.339+0000] {processor.py:186} INFO - Started process (PID=4001) to work on /home/airflow/.local/lib/python3.12/site-packages/airflow/example_dags/example_trigger_controller_dag.py
[2024-09-12T16:13:16.346+0000] {processor.py:914} INFO - Processing file /home/airflow/.local/lib/python3.12/site-packages/airflow/example_dags/example_trigger_controller_dag.py for tasks to queue
[2024-09-12T16:13:16.351+0000] {logging_mixin.py:190} INFO - [2024-09-12T16:13:16.350+0000] {dagbag.py:587} INFO - Filling up the DagBag from /home/airflow/.local/lib/python3.12/site-packages/airflow/example_dags/example_trigger_controller_dag.py
[2024-09-12T16:13:16.414+0000] {processor.py:925} INFO - DAG(s) 'example_trigger_controller_dag' retrieved from /home/airflow/.local/lib/python3.12/site-packages/airflow/example_dags/example_trigger_controller_dag.py
[2024-09-12T16:13:41.523+0000] {logging_mixin.py:190} INFO - [2024-09-12T16:13:41.521+0000] {dag.py:3211} INFO - Sync 1 DAGs
[2024-09-12T16:13:41.704+0000] {logging_mixin.py:190} INFO - [2024-09-12T16:13:41.703+0000] {dag.py:4138} INFO - Setting next_dagrun for example_trigger_controller_dag to 2021-01-01 00:00:00+00:00, run_after=2021-01-01 00:00:00+00:00
[2024-09-12T16:13:41.808+0000] {processor.py:208} INFO - Processing /home/airflow/.local/lib/python3.12/site-packages/airflow/example_dags/example_trigger_controller_dag.py took 25.584 seconds
[2024-09-12T16:14:39.975+0000] {processor.py:186} INFO - Started process (PID=4084) to work on /home/airflow/.local/lib/python3.12/site-packages/airflow/example_dags/example_trigger_controller_dag.py
[2024-09-12T16:14:39.983+0000] {processor.py:914} INFO - Processing file /home/airflow/.local/lib/python3.12/site-packages/airflow/example_dags/example_trigger_controller_dag.py for tasks to queue
[2024-09-12T16:14:39.992+0000] {logging_mixin.py:190} INFO - [2024-09-12T16:14:39.987+0000] {dagbag.py:587} INFO - Filling up the DagBag from /home/airflow/.local/lib/python3.12/site-packages/airflow/example_dags/example_trigger_controller_dag.py
[2024-09-12T16:14:40.033+0000] {processor.py:925} INFO - DAG(s) 'example_trigger_controller_dag' retrieved from /home/airflow/.local/lib/python3.12/site-packages/airflow/example_dags/example_trigger_controller_dag.py
[2024-09-12T16:14:40.147+0000] {logging_mixin.py:190} INFO - [2024-09-12T16:14:40.144+0000] {dag.py:3211} INFO - Sync 1 DAGs
[2024-09-12T16:14:40.317+0000] {logging_mixin.py:190} INFO - [2024-09-12T16:14:40.315+0000] {dag.py:4138} INFO - Setting next_dagrun for example_trigger_controller_dag to 2021-01-01 00:00:00+00:00, run_after=2021-01-01 00:00:00+00:00
[2024-09-12T16:14:40.475+0000] {processor.py:208} INFO - Processing /home/airflow/.local/lib/python3.12/site-packages/airflow/example_dags/example_trigger_controller_dag.py took 0.524 seconds
[2024-09-12T16:15:12.221+0000] {processor.py:186} INFO - Started process (PID=4149) to work on /home/airflow/.local/lib/python3.12/site-packages/airflow/example_dags/example_trigger_controller_dag.py
[2024-09-12T16:15:12.257+0000] {processor.py:914} INFO - Processing file /home/airflow/.local/lib/python3.12/site-packages/airflow/example_dags/example_trigger_controller_dag.py for tasks to queue
[2024-09-12T16:15:12.261+0000] {logging_mixin.py:190} INFO - [2024-09-12T16:15:12.259+0000] {dagbag.py:587} INFO - Filling up the DagBag from /home/airflow/.local/lib/python3.12/site-packages/airflow/example_dags/example_trigger_controller_dag.py
[2024-09-12T16:15:12.276+0000] {processor.py:925} INFO - DAG(s) 'example_trigger_controller_dag' retrieved from /home/airflow/.local/lib/python3.12/site-packages/airflow/example_dags/example_trigger_controller_dag.py
[2024-09-12T16:15:12.471+0000] {logging_mixin.py:190} INFO - [2024-09-12T16:15:12.471+0000] {dag.py:3211} INFO - Sync 1 DAGs
[2024-09-12T16:15:12.650+0000] {logging_mixin.py:190} INFO - [2024-09-12T16:15:12.650+0000] {dag.py:4138} INFO - Setting next_dagrun for example_trigger_controller_dag to 2021-01-01 00:00:00+00:00, run_after=2021-01-01 00:00:00+00:00
[2024-09-12T16:15:12.768+0000] {processor.py:208} INFO - Processing /home/airflow/.local/lib/python3.12/site-packages/airflow/example_dags/example_trigger_controller_dag.py took 0.585 seconds
[2024-09-12T16:15:44.679+0000] {processor.py:186} INFO - Started process (PID=4219) to work on /home/airflow/.local/lib/python3.12/site-packages/airflow/example_dags/example_trigger_controller_dag.py
[2024-09-12T16:15:44.682+0000] {processor.py:914} INFO - Processing file /home/airflow/.local/lib/python3.12/site-packages/airflow/example_dags/example_trigger_controller_dag.py for tasks to queue
[2024-09-12T16:15:44.685+0000] {logging_mixin.py:190} INFO - [2024-09-12T16:15:44.684+0000] {dagbag.py:587} INFO - Filling up the DagBag from /home/airflow/.local/lib/python3.12/site-packages/airflow/example_dags/example_trigger_controller_dag.py
[2024-09-12T16:15:44.794+0000] {processor.py:925} INFO - DAG(s) 'example_trigger_controller_dag' retrieved from /home/airflow/.local/lib/python3.12/site-packages/airflow/example_dags/example_trigger_controller_dag.py
[2024-09-12T16:15:44.989+0000] {logging_mixin.py:190} INFO - [2024-09-12T16:15:44.989+0000] {dag.py:3211} INFO - Sync 1 DAGs
[2024-09-12T16:15:45.286+0000] {logging_mixin.py:190} INFO - [2024-09-12T16:15:45.286+0000] {dag.py:4138} INFO - Setting next_dagrun for example_trigger_controller_dag to 2021-01-01 00:00:00+00:00, run_after=2021-01-01 00:00:00+00:00
[2024-09-12T16:15:45.455+0000] {processor.py:208} INFO - Processing /home/airflow/.local/lib/python3.12/site-packages/airflow/example_dags/example_trigger_controller_dag.py took 0.822 seconds
[2024-09-12T16:16:33.380+0000] {processor.py:186} INFO - Started process (PID=4280) to work on /home/airflow/.local/lib/python3.12/site-packages/airflow/example_dags/example_trigger_controller_dag.py
[2024-09-12T16:16:33.400+0000] {processor.py:914} INFO - Processing file /home/airflow/.local/lib/python3.12/site-packages/airflow/example_dags/example_trigger_controller_dag.py for tasks to queue
[2024-09-12T16:16:33.409+0000] {logging_mixin.py:190} INFO - [2024-09-12T16:16:33.406+0000] {dagbag.py:587} INFO - Filling up the DagBag from /home/airflow/.local/lib/python3.12/site-packages/airflow/example_dags/example_trigger_controller_dag.py
[2024-09-12T16:16:33.463+0000] {processor.py:925} INFO - DAG(s) 'example_trigger_controller_dag' retrieved from /home/airflow/.local/lib/python3.12/site-packages/airflow/example_dags/example_trigger_controller_dag.py
[2024-09-12T16:16:33.609+0000] {logging_mixin.py:190} INFO - [2024-09-12T16:16:33.608+0000] {dag.py:3211} INFO - Sync 1 DAGs
[2024-09-12T16:16:33.837+0000] {logging_mixin.py:190} INFO - [2024-09-12T16:16:33.837+0000] {dag.py:4138} INFO - Setting next_dagrun for example_trigger_controller_dag to 2021-01-01 00:00:00+00:00, run_after=2021-01-01 00:00:00+00:00
[2024-09-12T16:16:34.035+0000] {processor.py:208} INFO - Processing /home/airflow/.local/lib/python3.12/site-packages/airflow/example_dags/example_trigger_controller_dag.py took 0.689 seconds
[2024-09-12T16:17:11.371+0000] {processor.py:186} INFO - Started process (PID=4347) to work on /home/airflow/.local/lib/python3.12/site-packages/airflow/example_dags/example_trigger_controller_dag.py
[2024-09-12T16:17:11.380+0000] {processor.py:914} INFO - Processing file /home/airflow/.local/lib/python3.12/site-packages/airflow/example_dags/example_trigger_controller_dag.py for tasks to queue
[2024-09-12T16:17:11.387+0000] {logging_mixin.py:190} INFO - [2024-09-12T16:17:11.386+0000] {dagbag.py:587} INFO - Filling up the DagBag from /home/airflow/.local/lib/python3.12/site-packages/airflow/example_dags/example_trigger_controller_dag.py
[2024-09-12T16:17:11.424+0000] {processor.py:925} INFO - DAG(s) 'example_trigger_controller_dag' retrieved from /home/airflow/.local/lib/python3.12/site-packages/airflow/example_dags/example_trigger_controller_dag.py
[2024-09-12T16:17:12.400+0000] {logging_mixin.py:190} INFO - [2024-09-12T16:17:12.399+0000] {dag.py:3211} INFO - Sync 1 DAGs
[2024-09-12T16:17:12.923+0000] {logging_mixin.py:190} INFO - [2024-09-12T16:17:12.907+0000] {dag.py:4138} INFO - Setting next_dagrun for example_trigger_controller_dag to 2021-01-01 00:00:00+00:00, run_after=2021-01-01 00:00:00+00:00
[2024-09-12T16:17:13.193+0000] {processor.py:208} INFO - Processing /home/airflow/.local/lib/python3.12/site-packages/airflow/example_dags/example_trigger_controller_dag.py took 1.861 seconds
[2024-09-12T16:17:53.586+0000] {processor.py:186} INFO - Started process (PID=4411) to work on /home/airflow/.local/lib/python3.12/site-packages/airflow/example_dags/example_trigger_controller_dag.py
[2024-09-12T16:17:53.606+0000] {processor.py:914} INFO - Processing file /home/airflow/.local/lib/python3.12/site-packages/airflow/example_dags/example_trigger_controller_dag.py for tasks to queue
[2024-09-12T16:17:53.609+0000] {logging_mixin.py:190} INFO - [2024-09-12T16:17:53.608+0000] {dagbag.py:587} INFO - Filling up the DagBag from /home/airflow/.local/lib/python3.12/site-packages/airflow/example_dags/example_trigger_controller_dag.py
[2024-09-12T16:17:53.632+0000] {processor.py:925} INFO - DAG(s) 'example_trigger_controller_dag' retrieved from /home/airflow/.local/lib/python3.12/site-packages/airflow/example_dags/example_trigger_controller_dag.py
[2024-09-12T16:17:53.707+0000] {logging_mixin.py:190} INFO - [2024-09-12T16:17:53.707+0000] {dag.py:3211} INFO - Sync 1 DAGs
[2024-09-12T16:17:53.788+0000] {logging_mixin.py:190} INFO - [2024-09-12T16:17:53.788+0000] {dag.py:4138} INFO - Setting next_dagrun for example_trigger_controller_dag to 2021-01-01 00:00:00+00:00, run_after=2021-01-01 00:00:00+00:00
[2024-09-12T16:17:53.885+0000] {processor.py:208} INFO - Processing /home/airflow/.local/lib/python3.12/site-packages/airflow/example_dags/example_trigger_controller_dag.py took 0.325 seconds
[2024-09-12T16:18:40.442+0000] {processor.py:186} INFO - Started process (PID=4466) to work on /home/airflow/.local/lib/python3.12/site-packages/airflow/example_dags/example_trigger_controller_dag.py
[2024-09-12T16:18:40.444+0000] {processor.py:914} INFO - Processing file /home/airflow/.local/lib/python3.12/site-packages/airflow/example_dags/example_trigger_controller_dag.py for tasks to queue
[2024-09-12T16:18:40.447+0000] {logging_mixin.py:190} INFO - [2024-09-12T16:18:40.446+0000] {dagbag.py:587} INFO - Filling up the DagBag from /home/airflow/.local/lib/python3.12/site-packages/airflow/example_dags/example_trigger_controller_dag.py
[2024-09-12T16:18:40.494+0000] {processor.py:925} INFO - DAG(s) 'example_trigger_controller_dag' retrieved from /home/airflow/.local/lib/python3.12/site-packages/airflow/example_dags/example_trigger_controller_dag.py
[2024-09-12T16:18:40.645+0000] {logging_mixin.py:190} INFO - [2024-09-12T16:18:40.645+0000] {dag.py:3211} INFO - Sync 1 DAGs
[2024-09-12T16:18:40.814+0000] {logging_mixin.py:190} INFO - [2024-09-12T16:18:40.813+0000] {dag.py:4138} INFO - Setting next_dagrun for example_trigger_controller_dag to 2021-01-01 00:00:00+00:00, run_after=2021-01-01 00:00:00+00:00
[2024-09-12T16:18:40.957+0000] {processor.py:208} INFO - Processing /home/airflow/.local/lib/python3.12/site-packages/airflow/example_dags/example_trigger_controller_dag.py took 0.555 seconds
[2024-09-12T16:19:19.818+0000] {processor.py:186} INFO - Started process (PID=4539) to work on /home/airflow/.local/lib/python3.12/site-packages/airflow/example_dags/example_trigger_controller_dag.py
[2024-09-12T16:19:19.820+0000] {processor.py:914} INFO - Processing file /home/airflow/.local/lib/python3.12/site-packages/airflow/example_dags/example_trigger_controller_dag.py for tasks to queue
[2024-09-12T16:19:19.851+0000] {logging_mixin.py:190} INFO - [2024-09-12T16:19:19.850+0000] {dagbag.py:587} INFO - Filling up the DagBag from /home/airflow/.local/lib/python3.12/site-packages/airflow/example_dags/example_trigger_controller_dag.py
[2024-09-12T16:19:19.965+0000] {processor.py:925} INFO - DAG(s) 'example_trigger_controller_dag' retrieved from /home/airflow/.local/lib/python3.12/site-packages/airflow/example_dags/example_trigger_controller_dag.py
[2024-09-12T16:19:20.349+0000] {logging_mixin.py:190} INFO - [2024-09-12T16:19:20.348+0000] {dag.py:3211} INFO - Sync 1 DAGs
[2024-09-12T16:19:20.486+0000] {logging_mixin.py:190} INFO - [2024-09-12T16:19:20.485+0000] {dag.py:4138} INFO - Setting next_dagrun for example_trigger_controller_dag to 2021-01-01 00:00:00+00:00, run_after=2021-01-01 00:00:00+00:00
[2024-09-12T16:19:20.604+0000] {processor.py:208} INFO - Processing /home/airflow/.local/lib/python3.12/site-packages/airflow/example_dags/example_trigger_controller_dag.py took 0.860 seconds
[2024-09-12T16:19:57.680+0000] {processor.py:186} INFO - Started process (PID=4608) to work on /home/airflow/.local/lib/python3.12/site-packages/airflow/example_dags/example_trigger_controller_dag.py
[2024-09-12T16:19:57.695+0000] {processor.py:914} INFO - Processing file /home/airflow/.local/lib/python3.12/site-packages/airflow/example_dags/example_trigger_controller_dag.py for tasks to queue
[2024-09-12T16:19:57.699+0000] {logging_mixin.py:190} INFO - [2024-09-12T16:19:57.698+0000] {dagbag.py:587} INFO - Filling up the DagBag from /home/airflow/.local/lib/python3.12/site-packages/airflow/example_dags/example_trigger_controller_dag.py
[2024-09-12T16:19:57.742+0000] {processor.py:925} INFO - DAG(s) 'example_trigger_controller_dag' retrieved from /home/airflow/.local/lib/python3.12/site-packages/airflow/example_dags/example_trigger_controller_dag.py
[2024-09-12T16:19:57.872+0000] {logging_mixin.py:190} INFO - [2024-09-12T16:19:57.872+0000] {dag.py:3211} INFO - Sync 1 DAGs
[2024-09-12T16:19:58.196+0000] {logging_mixin.py:190} INFO - [2024-09-12T16:19:58.195+0000] {dag.py:4138} INFO - Setting next_dagrun for example_trigger_controller_dag to 2021-01-01 00:00:00+00:00, run_after=2021-01-01 00:00:00+00:00
[2024-09-12T16:19:58.409+0000] {processor.py:208} INFO - Processing /home/airflow/.local/lib/python3.12/site-packages/airflow/example_dags/example_trigger_controller_dag.py took 0.780 seconds
[2024-09-12T16:20:52.995+0000] {processor.py:186} INFO - Started process (PID=4680) to work on /home/airflow/.local/lib/python3.12/site-packages/airflow/example_dags/example_trigger_controller_dag.py
[2024-09-12T16:20:53.020+0000] {processor.py:914} INFO - Processing file /home/airflow/.local/lib/python3.12/site-packages/airflow/example_dags/example_trigger_controller_dag.py for tasks to queue
[2024-09-12T16:20:53.026+0000] {logging_mixin.py:190} INFO - [2024-09-12T16:20:53.025+0000] {dagbag.py:587} INFO - Filling up the DagBag from /home/airflow/.local/lib/python3.12/site-packages/airflow/example_dags/example_trigger_controller_dag.py
[2024-09-12T16:20:53.077+0000] {processor.py:925} INFO - DAG(s) 'example_trigger_controller_dag' retrieved from /home/airflow/.local/lib/python3.12/site-packages/airflow/example_dags/example_trigger_controller_dag.py
[2024-09-12T16:20:53.232+0000] {logging_mixin.py:190} INFO - [2024-09-12T16:20:53.231+0000] {dag.py:3211} INFO - Sync 1 DAGs
[2024-09-12T16:20:53.316+0000] {logging_mixin.py:190} INFO - [2024-09-12T16:20:53.315+0000] {dag.py:4138} INFO - Setting next_dagrun for example_trigger_controller_dag to 2021-01-01 00:00:00+00:00, run_after=2021-01-01 00:00:00+00:00
[2024-09-12T16:20:53.437+0000] {processor.py:208} INFO - Processing /home/airflow/.local/lib/python3.12/site-packages/airflow/example_dags/example_trigger_controller_dag.py took 0.477 seconds
[2024-09-12T16:22:12.206+0000] {processor.py:186} INFO - Started process (PID=4754) to work on /home/airflow/.local/lib/python3.12/site-packages/airflow/example_dags/example_trigger_controller_dag.py
[2024-09-12T16:22:12.208+0000] {processor.py:914} INFO - Processing file /home/airflow/.local/lib/python3.12/site-packages/airflow/example_dags/example_trigger_controller_dag.py for tasks to queue
[2024-09-12T16:22:12.211+0000] {logging_mixin.py:190} INFO - [2024-09-12T16:22:12.211+0000] {dagbag.py:587} INFO - Filling up the DagBag from /home/airflow/.local/lib/python3.12/site-packages/airflow/example_dags/example_trigger_controller_dag.py
[2024-09-12T16:22:12.232+0000] {processor.py:925} INFO - DAG(s) 'example_trigger_controller_dag' retrieved from /home/airflow/.local/lib/python3.12/site-packages/airflow/example_dags/example_trigger_controller_dag.py
[2024-09-12T16:22:12.362+0000] {logging_mixin.py:190} INFO - [2024-09-12T16:22:12.359+0000] {dag.py:3211} INFO - Sync 1 DAGs
[2024-09-12T16:22:12.497+0000] {logging_mixin.py:190} INFO - [2024-09-12T16:22:12.496+0000] {dag.py:4138} INFO - Setting next_dagrun for example_trigger_controller_dag to 2021-01-01 00:00:00+00:00, run_after=2021-01-01 00:00:00+00:00
[2024-09-12T16:22:12.607+0000] {processor.py:208} INFO - Processing /home/airflow/.local/lib/python3.12/site-packages/airflow/example_dags/example_trigger_controller_dag.py took 0.429 seconds
[2024-09-12T16:22:51.212+0000] {processor.py:186} INFO - Started process (PID=4821) to work on /home/airflow/.local/lib/python3.12/site-packages/airflow/example_dags/example_trigger_controller_dag.py
[2024-09-12T16:22:51.222+0000] {processor.py:914} INFO - Processing file /home/airflow/.local/lib/python3.12/site-packages/airflow/example_dags/example_trigger_controller_dag.py for tasks to queue
[2024-09-12T16:22:51.226+0000] {logging_mixin.py:190} INFO - [2024-09-12T16:22:51.226+0000] {dagbag.py:587} INFO - Filling up the DagBag from /home/airflow/.local/lib/python3.12/site-packages/airflow/example_dags/example_trigger_controller_dag.py
[2024-09-12T16:22:51.283+0000] {processor.py:925} INFO - DAG(s) 'example_trigger_controller_dag' retrieved from /home/airflow/.local/lib/python3.12/site-packages/airflow/example_dags/example_trigger_controller_dag.py
[2024-09-12T16:22:51.447+0000] {logging_mixin.py:190} INFO - [2024-09-12T16:22:51.446+0000] {dag.py:3211} INFO - Sync 1 DAGs
[2024-09-12T16:22:51.741+0000] {logging_mixin.py:190} INFO - [2024-09-12T16:22:51.740+0000] {dag.py:4138} INFO - Setting next_dagrun for example_trigger_controller_dag to 2021-01-01 00:00:00+00:00, run_after=2021-01-01 00:00:00+00:00
[2024-09-12T16:22:52.031+0000] {processor.py:208} INFO - Processing /home/airflow/.local/lib/python3.12/site-packages/airflow/example_dags/example_trigger_controller_dag.py took 0.873 seconds
