[2024-09-12T14:58:29.763+0000] {processor.py:186} INFO - Started process (PID=68) to work on /home/airflow/.local/lib/python3.12/site-packages/airflow/example_dags/example_subdag_operator.py
[2024-09-12T14:58:29.817+0000] {processor.py:914} INFO - Processing file /home/airflow/.local/lib/python3.12/site-packages/airflow/example_dags/example_subdag_operator.py for tasks to queue
[2024-09-12T14:58:29.833+0000] {logging_mixin.py:190} INFO - [2024-09-12T14:58:29.833+0000] {dagbag.py:587} INFO - Filling up the DagBag from /home/airflow/.local/lib/python3.12/site-packages/airflow/example_dags/example_subdag_operator.py
[2024-09-12T14:58:30.140+0000] {processor.py:925} INFO - DAG(s) 'example_subdag_operator.section-1', 'example_subdag_operator.section-2', 'example_subdag_operator' retrieved from /home/airflow/.local/lib/python3.12/site-packages/airflow/example_dags/example_subdag_operator.py
[2024-09-12T14:58:30.445+0000] {logging_mixin.py:190} INFO - [2024-09-12T14:58:30.445+0000] {dag.py:3211} INFO - Sync 3 DAGs
[2024-09-12T14:58:30.778+0000] {logging_mixin.py:190} INFO - [2024-09-12T14:58:30.777+0000] {dag.py:4138} INFO - Setting next_dagrun for example_subdag_operator to 2022-01-01 00:00:00+00:00, run_after=2022-01-01 00:00:00+00:00
[2024-09-12T14:58:30.814+0000] {logging_mixin.py:190} INFO - [2024-09-12T14:58:30.814+0000] {dag.py:4138} INFO - Setting next_dagrun for example_subdag_operator.section-1 to None, run_after=None
[2024-09-12T14:58:30.846+0000] {logging_mixin.py:190} INFO - [2024-09-12T14:58:30.846+0000] {dag.py:4138} INFO - Setting next_dagrun for example_subdag_operator.section-2 to None, run_after=None
[2024-09-12T14:58:30.962+0000] {logging_mixin.py:190} INFO - [2024-09-12T14:58:30.962+0000] {dag.py:3211} INFO - Sync 2 DAGs
[2024-09-12T14:58:31.119+0000] {logging_mixin.py:190} INFO - [2024-09-12T14:58:31.118+0000] {dag.py:4138} INFO - Setting next_dagrun for example_subdag_operator.section-1 to None, run_after=None
[2024-09-12T14:58:31.120+0000] {logging_mixin.py:190} INFO - [2024-09-12T14:58:31.120+0000] {dag.py:4138} INFO - Setting next_dagrun for example_subdag_operator.section-2 to None, run_after=None
[2024-09-12T14:58:31.201+0000] {processor.py:208} INFO - Processing /home/airflow/.local/lib/python3.12/site-packages/airflow/example_dags/example_subdag_operator.py took 1.477 seconds
[2024-09-12T14:59:27.677+0000] {processor.py:186} INFO - Started process (PID=147) to work on /home/airflow/.local/lib/python3.12/site-packages/airflow/example_dags/example_subdag_operator.py
[2024-09-12T14:59:27.703+0000] {processor.py:914} INFO - Processing file /home/airflow/.local/lib/python3.12/site-packages/airflow/example_dags/example_subdag_operator.py for tasks to queue
[2024-09-12T14:59:27.744+0000] {logging_mixin.py:190} INFO - [2024-09-12T14:59:27.744+0000] {dagbag.py:587} INFO - Filling up the DagBag from /home/airflow/.local/lib/python3.12/site-packages/airflow/example_dags/example_subdag_operator.py
[2024-09-12T14:59:28.012+0000] {processor.py:925} INFO - DAG(s) 'example_subdag_operator.section-1', 'example_subdag_operator.section-2', 'example_subdag_operator' retrieved from /home/airflow/.local/lib/python3.12/site-packages/airflow/example_dags/example_subdag_operator.py
[2024-09-12T14:59:28.191+0000] {logging_mixin.py:190} INFO - [2024-09-12T14:59:28.191+0000] {dag.py:3211} INFO - Sync 3 DAGs
[2024-09-12T14:59:28.482+0000] {logging_mixin.py:190} INFO - [2024-09-12T14:59:28.482+0000] {dag.py:4138} INFO - Setting next_dagrun for example_subdag_operator to 2022-01-01 00:00:00+00:00, run_after=2022-01-01 00:00:00+00:00
[2024-09-12T14:59:28.530+0000] {logging_mixin.py:190} INFO - [2024-09-12T14:59:28.530+0000] {dag.py:4138} INFO - Setting next_dagrun for example_subdag_operator.section-1 to None, run_after=None
[2024-09-12T14:59:28.545+0000] {logging_mixin.py:190} INFO - [2024-09-12T14:59:28.545+0000] {dag.py:4138} INFO - Setting next_dagrun for example_subdag_operator.section-2 to None, run_after=None
[2024-09-12T14:59:28.608+0000] {logging_mixin.py:190} INFO - [2024-09-12T14:59:28.608+0000] {dag.py:3211} INFO - Sync 2 DAGs
[2024-09-12T14:59:28.671+0000] {logging_mixin.py:190} INFO - [2024-09-12T14:59:28.670+0000] {dag.py:4138} INFO - Setting next_dagrun for example_subdag_operator.section-1 to None, run_after=None
[2024-09-12T14:59:28.685+0000] {logging_mixin.py:190} INFO - [2024-09-12T14:59:28.685+0000] {dag.py:4138} INFO - Setting next_dagrun for example_subdag_operator.section-2 to None, run_after=None
[2024-09-12T14:59:28.846+0000] {processor.py:208} INFO - Processing /home/airflow/.local/lib/python3.12/site-packages/airflow/example_dags/example_subdag_operator.py took 1.262 seconds
[2024-09-12T15:00:17.832+0000] {processor.py:186} INFO - Started process (PID=213) to work on /home/airflow/.local/lib/python3.12/site-packages/airflow/example_dags/example_subdag_operator.py
[2024-09-12T15:00:17.864+0000] {processor.py:914} INFO - Processing file /home/airflow/.local/lib/python3.12/site-packages/airflow/example_dags/example_subdag_operator.py for tasks to queue
[2024-09-12T15:00:18.037+0000] {logging_mixin.py:190} INFO - [2024-09-12T15:00:18.036+0000] {dagbag.py:587} INFO - Filling up the DagBag from /home/airflow/.local/lib/python3.12/site-packages/airflow/example_dags/example_subdag_operator.py
[2024-09-12T15:00:18.955+0000] {processor.py:925} INFO - DAG(s) 'example_subdag_operator.section-1', 'example_subdag_operator.section-2', 'example_subdag_operator' retrieved from /home/airflow/.local/lib/python3.12/site-packages/airflow/example_dags/example_subdag_operator.py
[2024-09-12T15:00:19.300+0000] {logging_mixin.py:190} INFO - [2024-09-12T15:00:19.299+0000] {dag.py:3211} INFO - Sync 3 DAGs
[2024-09-12T15:00:19.823+0000] {logging_mixin.py:190} INFO - [2024-09-12T15:00:19.822+0000] {dag.py:4138} INFO - Setting next_dagrun for example_subdag_operator to 2022-01-01 00:00:00+00:00, run_after=2022-01-01 00:00:00+00:00
[2024-09-12T15:00:19.956+0000] {logging_mixin.py:190} INFO - [2024-09-12T15:00:19.955+0000] {dag.py:4138} INFO - Setting next_dagrun for example_subdag_operator.section-1 to None, run_after=None
[2024-09-12T15:00:20.006+0000] {logging_mixin.py:190} INFO - [2024-09-12T15:00:20.006+0000] {dag.py:4138} INFO - Setting next_dagrun for example_subdag_operator.section-2 to None, run_after=None
[2024-09-12T15:00:20.165+0000] {logging_mixin.py:190} INFO - [2024-09-12T15:00:20.165+0000] {dag.py:3211} INFO - Sync 2 DAGs
[2024-09-12T15:00:20.270+0000] {logging_mixin.py:190} INFO - [2024-09-12T15:00:20.269+0000] {dag.py:4138} INFO - Setting next_dagrun for example_subdag_operator.section-1 to None, run_after=None
[2024-09-12T15:00:20.289+0000] {logging_mixin.py:190} INFO - [2024-09-12T15:00:20.288+0000] {dag.py:4138} INFO - Setting next_dagrun for example_subdag_operator.section-2 to None, run_after=None
[2024-09-12T15:00:20.476+0000] {processor.py:208} INFO - Processing /home/airflow/.local/lib/python3.12/site-packages/airflow/example_dags/example_subdag_operator.py took 2.747 seconds
[2024-09-12T15:01:33.269+0000] {processor.py:186} INFO - Started process (PID=295) to work on /home/airflow/.local/lib/python3.12/site-packages/airflow/example_dags/example_subdag_operator.py
[2024-09-12T15:01:33.299+0000] {processor.py:914} INFO - Processing file /home/airflow/.local/lib/python3.12/site-packages/airflow/example_dags/example_subdag_operator.py for tasks to queue
[2024-09-12T15:01:33.381+0000] {logging_mixin.py:190} INFO - [2024-09-12T15:01:33.380+0000] {dagbag.py:587} INFO - Filling up the DagBag from /home/airflow/.local/lib/python3.12/site-packages/airflow/example_dags/example_subdag_operator.py
[2024-09-12T15:01:33.636+0000] {processor.py:925} INFO - DAG(s) 'example_subdag_operator.section-1', 'example_subdag_operator.section-2', 'example_subdag_operator' retrieved from /home/airflow/.local/lib/python3.12/site-packages/airflow/example_dags/example_subdag_operator.py
[2024-09-12T15:01:33.781+0000] {logging_mixin.py:190} INFO - [2024-09-12T15:01:33.780+0000] {dag.py:3211} INFO - Sync 3 DAGs
[2024-09-12T15:01:34.019+0000] {logging_mixin.py:190} INFO - [2024-09-12T15:01:34.018+0000] {dag.py:4138} INFO - Setting next_dagrun for example_subdag_operator to 2022-01-01 00:00:00+00:00, run_after=2022-01-01 00:00:00+00:00
[2024-09-12T15:01:34.063+0000] {logging_mixin.py:190} INFO - [2024-09-12T15:01:34.050+0000] {dag.py:4138} INFO - Setting next_dagrun for example_subdag_operator.section-1 to None, run_after=None
[2024-09-12T15:01:34.069+0000] {logging_mixin.py:190} INFO - [2024-09-12T15:01:34.069+0000] {dag.py:4138} INFO - Setting next_dagrun for example_subdag_operator.section-2 to None, run_after=None
[2024-09-12T15:01:34.162+0000] {logging_mixin.py:190} INFO - [2024-09-12T15:01:34.161+0000] {dag.py:3211} INFO - Sync 2 DAGs
[2024-09-12T15:01:34.240+0000] {logging_mixin.py:190} INFO - [2024-09-12T15:01:34.239+0000] {dag.py:4138} INFO - Setting next_dagrun for example_subdag_operator.section-1 to None, run_after=None
[2024-09-12T15:01:34.259+0000] {logging_mixin.py:190} INFO - [2024-09-12T15:01:34.258+0000] {dag.py:4138} INFO - Setting next_dagrun for example_subdag_operator.section-2 to None, run_after=None
[2024-09-12T15:01:34.401+0000] {processor.py:208} INFO - Processing /home/airflow/.local/lib/python3.12/site-packages/airflow/example_dags/example_subdag_operator.py took 1.272 seconds
[2024-09-12T15:02:21.624+0000] {processor.py:186} INFO - Started process (PID=338) to work on /home/airflow/.local/lib/python3.12/site-packages/airflow/example_dags/example_subdag_operator.py
[2024-09-12T15:02:21.638+0000] {processor.py:914} INFO - Processing file /home/airflow/.local/lib/python3.12/site-packages/airflow/example_dags/example_subdag_operator.py for tasks to queue
[2024-09-12T15:02:21.689+0000] {logging_mixin.py:190} INFO - [2024-09-12T15:02:21.687+0000] {dagbag.py:587} INFO - Filling up the DagBag from /home/airflow/.local/lib/python3.12/site-packages/airflow/example_dags/example_subdag_operator.py
[2024-09-12T15:02:22.394+0000] {processor.py:925} INFO - DAG(s) 'example_subdag_operator.section-1', 'example_subdag_operator.section-2', 'example_subdag_operator' retrieved from /home/airflow/.local/lib/python3.12/site-packages/airflow/example_dags/example_subdag_operator.py
[2024-09-12T15:02:22.891+0000] {logging_mixin.py:190} INFO - [2024-09-12T15:02:22.890+0000] {dag.py:3211} INFO - Sync 3 DAGs
[2024-09-12T15:02:25.043+0000] {logging_mixin.py:190} INFO - [2024-09-12T15:02:24.978+0000] {dag.py:4138} INFO - Setting next_dagrun for example_subdag_operator to 2022-01-01 00:00:00+00:00, run_after=2022-01-01 00:00:00+00:00
[2024-09-12T15:02:25.247+0000] {logging_mixin.py:190} INFO - [2024-09-12T15:02:25.247+0000] {dag.py:4138} INFO - Setting next_dagrun for example_subdag_operator.section-1 to None, run_after=None
[2024-09-12T15:02:25.296+0000] {logging_mixin.py:190} INFO - [2024-09-12T15:02:25.296+0000] {dag.py:4138} INFO - Setting next_dagrun for example_subdag_operator.section-2 to None, run_after=None
[2024-09-12T15:02:25.505+0000] {logging_mixin.py:190} INFO - [2024-09-12T15:02:25.505+0000] {dag.py:3211} INFO - Sync 2 DAGs
[2024-09-12T15:02:25.637+0000] {logging_mixin.py:190} INFO - [2024-09-12T15:02:25.636+0000] {dag.py:4138} INFO - Setting next_dagrun for example_subdag_operator.section-1 to None, run_after=None
[2024-09-12T15:02:25.653+0000] {logging_mixin.py:190} INFO - [2024-09-12T15:02:25.652+0000] {dag.py:4138} INFO - Setting next_dagrun for example_subdag_operator.section-2 to None, run_after=None
[2024-09-12T15:02:26.118+0000] {processor.py:208} INFO - Processing /home/airflow/.local/lib/python3.12/site-packages/airflow/example_dags/example_subdag_operator.py took 4.559 seconds
[2024-09-12T15:03:48.187+0000] {processor.py:186} INFO - Started process (PID=392) to work on /home/airflow/.local/lib/python3.12/site-packages/airflow/example_dags/example_subdag_operator.py
[2024-09-12T15:03:48.211+0000] {processor.py:914} INFO - Processing file /home/airflow/.local/lib/python3.12/site-packages/airflow/example_dags/example_subdag_operator.py for tasks to queue
[2024-09-12T15:03:48.227+0000] {logging_mixin.py:190} INFO - [2024-09-12T15:03:48.226+0000] {dagbag.py:587} INFO - Filling up the DagBag from /home/airflow/.local/lib/python3.12/site-packages/airflow/example_dags/example_subdag_operator.py
[2024-09-12T15:03:48.734+0000] {processor.py:925} INFO - DAG(s) 'example_subdag_operator.section-1', 'example_subdag_operator.section-2', 'example_subdag_operator' retrieved from /home/airflow/.local/lib/python3.12/site-packages/airflow/example_dags/example_subdag_operator.py
[2024-09-12T15:03:49.041+0000] {logging_mixin.py:190} INFO - [2024-09-12T15:03:49.041+0000] {dag.py:3211} INFO - Sync 3 DAGs
[2024-09-12T15:03:49.481+0000] {logging_mixin.py:190} INFO - [2024-09-12T15:03:49.481+0000] {dag.py:4138} INFO - Setting next_dagrun for example_subdag_operator to 2022-01-01 00:00:00+00:00, run_after=2022-01-01 00:00:00+00:00
[2024-09-12T15:03:49.577+0000] {logging_mixin.py:190} INFO - [2024-09-12T15:03:49.577+0000] {dag.py:4138} INFO - Setting next_dagrun for example_subdag_operator.section-1 to None, run_after=None
[2024-09-12T15:03:49.593+0000] {logging_mixin.py:190} INFO - [2024-09-12T15:03:49.593+0000] {dag.py:4138} INFO - Setting next_dagrun for example_subdag_operator.section-2 to None, run_after=None
[2024-09-12T15:03:49.672+0000] {logging_mixin.py:190} INFO - [2024-09-12T15:03:49.672+0000] {dag.py:3211} INFO - Sync 2 DAGs
[2024-09-12T15:03:49.735+0000] {logging_mixin.py:190} INFO - [2024-09-12T15:03:49.735+0000] {dag.py:4138} INFO - Setting next_dagrun for example_subdag_operator.section-1 to None, run_after=None
[2024-09-12T15:03:49.737+0000] {logging_mixin.py:190} INFO - [2024-09-12T15:03:49.737+0000] {dag.py:4138} INFO - Setting next_dagrun for example_subdag_operator.section-2 to None, run_after=None
[2024-09-12T15:03:49.868+0000] {processor.py:208} INFO - Processing /home/airflow/.local/lib/python3.12/site-packages/airflow/example_dags/example_subdag_operator.py took 1.720 seconds
[2024-09-12T15:04:21.912+0000] {processor.py:186} INFO - Started process (PID=438) to work on /home/airflow/.local/lib/python3.12/site-packages/airflow/example_dags/example_subdag_operator.py
[2024-09-12T15:04:21.940+0000] {processor.py:914} INFO - Processing file /home/airflow/.local/lib/python3.12/site-packages/airflow/example_dags/example_subdag_operator.py for tasks to queue
[2024-09-12T15:04:21.943+0000] {logging_mixin.py:190} INFO - [2024-09-12T15:04:21.942+0000] {dagbag.py:587} INFO - Filling up the DagBag from /home/airflow/.local/lib/python3.12/site-packages/airflow/example_dags/example_subdag_operator.py
[2024-09-12T15:04:22.149+0000] {processor.py:925} INFO - DAG(s) 'example_subdag_operator.section-1', 'example_subdag_operator.section-2', 'example_subdag_operator' retrieved from /home/airflow/.local/lib/python3.12/site-packages/airflow/example_dags/example_subdag_operator.py
[2024-09-12T15:04:22.253+0000] {logging_mixin.py:190} INFO - [2024-09-12T15:04:22.252+0000] {dag.py:3211} INFO - Sync 3 DAGs
[2024-09-12T15:04:22.491+0000] {logging_mixin.py:190} INFO - [2024-09-12T15:04:22.488+0000] {dag.py:4138} INFO - Setting next_dagrun for example_subdag_operator to 2022-01-01 00:00:00+00:00, run_after=2022-01-01 00:00:00+00:00
[2024-09-12T15:04:22.564+0000] {logging_mixin.py:190} INFO - [2024-09-12T15:04:22.530+0000] {dag.py:4138} INFO - Setting next_dagrun for example_subdag_operator.section-1 to None, run_after=None
[2024-09-12T15:04:22.593+0000] {logging_mixin.py:190} INFO - [2024-09-12T15:04:22.593+0000] {dag.py:4138} INFO - Setting next_dagrun for example_subdag_operator.section-2 to None, run_after=None
[2024-09-12T15:04:22.686+0000] {logging_mixin.py:190} INFO - [2024-09-12T15:04:22.686+0000] {dag.py:3211} INFO - Sync 2 DAGs
[2024-09-12T15:04:22.749+0000] {logging_mixin.py:190} INFO - [2024-09-12T15:04:22.748+0000] {dag.py:4138} INFO - Setting next_dagrun for example_subdag_operator.section-1 to None, run_after=None
[2024-09-12T15:04:22.760+0000] {logging_mixin.py:190} INFO - [2024-09-12T15:04:22.759+0000] {dag.py:4138} INFO - Setting next_dagrun for example_subdag_operator.section-2 to None, run_after=None
[2024-09-12T15:04:22.846+0000] {processor.py:208} INFO - Processing /home/airflow/.local/lib/python3.12/site-packages/airflow/example_dags/example_subdag_operator.py took 1.008 seconds
[2024-09-12T15:05:04.291+0000] {processor.py:186} INFO - Started process (PID=491) to work on /home/airflow/.local/lib/python3.12/site-packages/airflow/example_dags/example_subdag_operator.py
[2024-09-12T15:05:04.340+0000] {processor.py:914} INFO - Processing file /home/airflow/.local/lib/python3.12/site-packages/airflow/example_dags/example_subdag_operator.py for tasks to queue
[2024-09-12T15:05:04.357+0000] {logging_mixin.py:190} INFO - [2024-09-12T15:05:04.357+0000] {dagbag.py:587} INFO - Filling up the DagBag from /home/airflow/.local/lib/python3.12/site-packages/airflow/example_dags/example_subdag_operator.py
[2024-09-12T15:05:04.680+0000] {processor.py:925} INFO - DAG(s) 'example_subdag_operator.section-1', 'example_subdag_operator.section-2', 'example_subdag_operator' retrieved from /home/airflow/.local/lib/python3.12/site-packages/airflow/example_dags/example_subdag_operator.py
[2024-09-12T15:05:04.883+0000] {logging_mixin.py:190} INFO - [2024-09-12T15:05:04.882+0000] {dag.py:3211} INFO - Sync 3 DAGs
[2024-09-12T15:05:05.228+0000] {logging_mixin.py:190} INFO - [2024-09-12T15:05:05.223+0000] {dag.py:4138} INFO - Setting next_dagrun for example_subdag_operator to 2022-01-01 00:00:00+00:00, run_after=2022-01-01 00:00:00+00:00
[2024-09-12T15:05:05.257+0000] {logging_mixin.py:190} INFO - [2024-09-12T15:05:05.256+0000] {dag.py:4138} INFO - Setting next_dagrun for example_subdag_operator.section-1 to None, run_after=None
[2024-09-12T15:05:05.284+0000] {logging_mixin.py:190} INFO - [2024-09-12T15:05:05.284+0000] {dag.py:4138} INFO - Setting next_dagrun for example_subdag_operator.section-2 to None, run_after=None
[2024-09-12T15:05:05.396+0000] {logging_mixin.py:190} INFO - [2024-09-12T15:05:05.396+0000] {dag.py:3211} INFO - Sync 2 DAGs
[2024-09-12T15:05:05.625+0000] {logging_mixin.py:190} INFO - [2024-09-12T15:05:05.625+0000] {dag.py:4138} INFO - Setting next_dagrun for example_subdag_operator.section-1 to None, run_after=None
[2024-09-12T15:05:05.654+0000] {logging_mixin.py:190} INFO - [2024-09-12T15:05:05.654+0000] {dag.py:4138} INFO - Setting next_dagrun for example_subdag_operator.section-2 to None, run_after=None
[2024-09-12T15:05:05.921+0000] {processor.py:208} INFO - Processing /home/airflow/.local/lib/python3.12/site-packages/airflow/example_dags/example_subdag_operator.py took 1.667 seconds
[2024-09-12T15:06:14.145+0000] {processor.py:186} INFO - Started process (PID=563) to work on /home/airflow/.local/lib/python3.12/site-packages/airflow/example_dags/example_subdag_operator.py
[2024-09-12T15:06:14.154+0000] {processor.py:914} INFO - Processing file /home/airflow/.local/lib/python3.12/site-packages/airflow/example_dags/example_subdag_operator.py for tasks to queue
[2024-09-12T15:06:14.178+0000] {logging_mixin.py:190} INFO - [2024-09-12T15:06:14.178+0000] {dagbag.py:587} INFO - Filling up the DagBag from /home/airflow/.local/lib/python3.12/site-packages/airflow/example_dags/example_subdag_operator.py
[2024-09-12T15:06:14.422+0000] {processor.py:925} INFO - DAG(s) 'example_subdag_operator.section-1', 'example_subdag_operator.section-2', 'example_subdag_operator' retrieved from /home/airflow/.local/lib/python3.12/site-packages/airflow/example_dags/example_subdag_operator.py
[2024-09-12T15:06:14.613+0000] {logging_mixin.py:190} INFO - [2024-09-12T15:06:14.613+0000] {dag.py:3211} INFO - Sync 3 DAGs
[2024-09-12T15:06:14.840+0000] {logging_mixin.py:190} INFO - [2024-09-12T15:06:14.840+0000] {dag.py:4138} INFO - Setting next_dagrun for example_subdag_operator to 2022-01-01 00:00:00+00:00, run_after=2022-01-01 00:00:00+00:00
[2024-09-12T15:06:14.863+0000] {logging_mixin.py:190} INFO - [2024-09-12T15:06:14.863+0000] {dag.py:4138} INFO - Setting next_dagrun for example_subdag_operator.section-1 to None, run_after=None
[2024-09-12T15:06:14.895+0000] {logging_mixin.py:190} INFO - [2024-09-12T15:06:14.894+0000] {dag.py:4138} INFO - Setting next_dagrun for example_subdag_operator.section-2 to None, run_after=None
[2024-09-12T15:06:15.033+0000] {logging_mixin.py:190} INFO - [2024-09-12T15:06:15.033+0000] {dag.py:3211} INFO - Sync 2 DAGs
[2024-09-12T15:06:15.084+0000] {logging_mixin.py:190} INFO - [2024-09-12T15:06:15.084+0000] {dag.py:4138} INFO - Setting next_dagrun for example_subdag_operator.section-1 to None, run_after=None
[2024-09-12T15:06:15.094+0000] {logging_mixin.py:190} INFO - [2024-09-12T15:06:15.094+0000] {dag.py:4138} INFO - Setting next_dagrun for example_subdag_operator.section-2 to None, run_after=None
[2024-09-12T15:06:15.207+0000] {processor.py:208} INFO - Processing /home/airflow/.local/lib/python3.12/site-packages/airflow/example_dags/example_subdag_operator.py took 1.101 seconds
[2024-09-12T15:06:56.971+0000] {processor.py:186} INFO - Started process (PID=616) to work on /home/airflow/.local/lib/python3.12/site-packages/airflow/example_dags/example_subdag_operator.py
[2024-09-12T15:06:56.973+0000] {processor.py:914} INFO - Processing file /home/airflow/.local/lib/python3.12/site-packages/airflow/example_dags/example_subdag_operator.py for tasks to queue
[2024-09-12T15:06:56.990+0000] {logging_mixin.py:190} INFO - [2024-09-12T15:06:56.990+0000] {dagbag.py:587} INFO - Filling up the DagBag from /home/airflow/.local/lib/python3.12/site-packages/airflow/example_dags/example_subdag_operator.py
[2024-09-12T15:06:57.454+0000] {processor.py:925} INFO - DAG(s) 'example_subdag_operator.section-1', 'example_subdag_operator.section-2', 'example_subdag_operator' retrieved from /home/airflow/.local/lib/python3.12/site-packages/airflow/example_dags/example_subdag_operator.py
[2024-09-12T15:06:57.809+0000] {logging_mixin.py:190} INFO - [2024-09-12T15:06:57.808+0000] {dag.py:3211} INFO - Sync 3 DAGs
[2024-09-12T15:06:58.173+0000] {logging_mixin.py:190} INFO - [2024-09-12T15:06:58.172+0000] {dag.py:4138} INFO - Setting next_dagrun for example_subdag_operator to 2022-01-01 00:00:00+00:00, run_after=2022-01-01 00:00:00+00:00
[2024-09-12T15:06:58.206+0000] {logging_mixin.py:190} INFO - [2024-09-12T15:06:58.205+0000] {dag.py:4138} INFO - Setting next_dagrun for example_subdag_operator.section-1 to None, run_after=None
[2024-09-12T15:06:58.221+0000] {logging_mixin.py:190} INFO - [2024-09-12T15:06:58.220+0000] {dag.py:4138} INFO - Setting next_dagrun for example_subdag_operator.section-2 to None, run_after=None
[2024-09-12T15:06:58.333+0000] {logging_mixin.py:190} INFO - [2024-09-12T15:06:58.333+0000] {dag.py:3211} INFO - Sync 2 DAGs
[2024-09-12T15:06:58.396+0000] {logging_mixin.py:190} INFO - [2024-09-12T15:06:58.395+0000] {dag.py:4138} INFO - Setting next_dagrun for example_subdag_operator.section-1 to None, run_after=None
[2024-09-12T15:06:58.397+0000] {logging_mixin.py:190} INFO - [2024-09-12T15:06:58.397+0000] {dag.py:4138} INFO - Setting next_dagrun for example_subdag_operator.section-2 to None, run_after=None
[2024-09-12T15:06:58.524+0000] {processor.py:208} INFO - Processing /home/airflow/.local/lib/python3.12/site-packages/airflow/example_dags/example_subdag_operator.py took 1.645 seconds
[2024-09-12T15:07:36.311+0000] {processor.py:186} INFO - Started process (PID=660) to work on /home/airflow/.local/lib/python3.12/site-packages/airflow/example_dags/example_subdag_operator.py
[2024-09-12T15:07:36.319+0000] {processor.py:914} INFO - Processing file /home/airflow/.local/lib/python3.12/site-packages/airflow/example_dags/example_subdag_operator.py for tasks to queue
[2024-09-12T15:07:36.340+0000] {logging_mixin.py:190} INFO - [2024-09-12T15:07:36.340+0000] {dagbag.py:587} INFO - Filling up the DagBag from /home/airflow/.local/lib/python3.12/site-packages/airflow/example_dags/example_subdag_operator.py
[2024-09-12T15:07:36.711+0000] {processor.py:925} INFO - DAG(s) 'example_subdag_operator.section-1', 'example_subdag_operator.section-2', 'example_subdag_operator' retrieved from /home/airflow/.local/lib/python3.12/site-packages/airflow/example_dags/example_subdag_operator.py
[2024-09-12T15:07:36.945+0000] {logging_mixin.py:190} INFO - [2024-09-12T15:07:36.944+0000] {dag.py:3211} INFO - Sync 3 DAGs
[2024-09-12T15:07:37.210+0000] {logging_mixin.py:190} INFO - [2024-09-12T15:07:37.209+0000] {dag.py:4138} INFO - Setting next_dagrun for example_subdag_operator to 2022-01-01 00:00:00+00:00, run_after=2022-01-01 00:00:00+00:00
[2024-09-12T15:07:37.276+0000] {logging_mixin.py:190} INFO - [2024-09-12T15:07:37.273+0000] {dag.py:4138} INFO - Setting next_dagrun for example_subdag_operator.section-1 to None, run_after=None
[2024-09-12T15:07:37.296+0000] {logging_mixin.py:190} INFO - [2024-09-12T15:07:37.296+0000] {dag.py:4138} INFO - Setting next_dagrun for example_subdag_operator.section-2 to None, run_after=None
[2024-09-12T15:07:37.338+0000] {logging_mixin.py:190} INFO - [2024-09-12T15:07:37.337+0000] {dag.py:3211} INFO - Sync 2 DAGs
[2024-09-12T15:07:37.382+0000] {logging_mixin.py:190} INFO - [2024-09-12T15:07:37.381+0000] {dag.py:4138} INFO - Setting next_dagrun for example_subdag_operator.section-1 to None, run_after=None
[2024-09-12T15:07:37.400+0000] {logging_mixin.py:190} INFO - [2024-09-12T15:07:37.400+0000] {dag.py:4138} INFO - Setting next_dagrun for example_subdag_operator.section-2 to None, run_after=None
[2024-09-12T15:07:37.568+0000] {processor.py:208} INFO - Processing /home/airflow/.local/lib/python3.12/site-packages/airflow/example_dags/example_subdag_operator.py took 1.338 seconds
[2024-09-12T15:08:17.839+0000] {processor.py:186} INFO - Started process (PID=703) to work on /home/airflow/.local/lib/python3.12/site-packages/airflow/example_dags/example_subdag_operator.py
[2024-09-12T15:08:17.852+0000] {processor.py:914} INFO - Processing file /home/airflow/.local/lib/python3.12/site-packages/airflow/example_dags/example_subdag_operator.py for tasks to queue
[2024-09-12T15:08:17.884+0000] {logging_mixin.py:190} INFO - [2024-09-12T15:08:17.856+0000] {dagbag.py:587} INFO - Filling up the DagBag from /home/airflow/.local/lib/python3.12/site-packages/airflow/example_dags/example_subdag_operator.py
[2024-09-12T15:08:18.232+0000] {processor.py:925} INFO - DAG(s) 'example_subdag_operator.section-1', 'example_subdag_operator.section-2', 'example_subdag_operator' retrieved from /home/airflow/.local/lib/python3.12/site-packages/airflow/example_dags/example_subdag_operator.py
[2024-09-12T15:08:18.362+0000] {logging_mixin.py:190} INFO - [2024-09-12T15:08:18.362+0000] {dag.py:3211} INFO - Sync 3 DAGs
[2024-09-12T15:08:18.774+0000] {logging_mixin.py:190} INFO - [2024-09-12T15:08:18.773+0000] {dag.py:4138} INFO - Setting next_dagrun for example_subdag_operator to 2022-01-01 00:00:00+00:00, run_after=2022-01-01 00:00:00+00:00
[2024-09-12T15:08:18.931+0000] {logging_mixin.py:190} INFO - [2024-09-12T15:08:18.871+0000] {dag.py:4138} INFO - Setting next_dagrun for example_subdag_operator.section-1 to None, run_after=None
[2024-09-12T15:08:18.971+0000] {logging_mixin.py:190} INFO - [2024-09-12T15:08:18.970+0000] {dag.py:4138} INFO - Setting next_dagrun for example_subdag_operator.section-2 to None, run_after=None
[2024-09-12T15:08:19.105+0000] {logging_mixin.py:190} INFO - [2024-09-12T15:08:19.105+0000] {dag.py:3211} INFO - Sync 2 DAGs
[2024-09-12T15:08:19.318+0000] {logging_mixin.py:190} INFO - [2024-09-12T15:08:19.317+0000] {dag.py:4138} INFO - Setting next_dagrun for example_subdag_operator.section-1 to None, run_after=None
[2024-09-12T15:08:19.331+0000] {logging_mixin.py:190} INFO - [2024-09-12T15:08:19.330+0000] {dag.py:4138} INFO - Setting next_dagrun for example_subdag_operator.section-2 to None, run_after=None
[2024-09-12T15:08:19.540+0000] {processor.py:208} INFO - Processing /home/airflow/.local/lib/python3.12/site-packages/airflow/example_dags/example_subdag_operator.py took 1.799 seconds
[2024-09-12T15:09:05.775+0000] {processor.py:186} INFO - Started process (PID=752) to work on /home/airflow/.local/lib/python3.12/site-packages/airflow/example_dags/example_subdag_operator.py
[2024-09-12T15:09:05.790+0000] {processor.py:914} INFO - Processing file /home/airflow/.local/lib/python3.12/site-packages/airflow/example_dags/example_subdag_operator.py for tasks to queue
[2024-09-12T15:09:05.808+0000] {logging_mixin.py:190} INFO - [2024-09-12T15:09:05.808+0000] {dagbag.py:587} INFO - Filling up the DagBag from /home/airflow/.local/lib/python3.12/site-packages/airflow/example_dags/example_subdag_operator.py
[2024-09-12T15:09:06.175+0000] {processor.py:925} INFO - DAG(s) 'example_subdag_operator.section-1', 'example_subdag_operator.section-2', 'example_subdag_operator' retrieved from /home/airflow/.local/lib/python3.12/site-packages/airflow/example_dags/example_subdag_operator.py
[2024-09-12T15:09:06.289+0000] {logging_mixin.py:190} INFO - [2024-09-12T15:09:06.288+0000] {dag.py:3211} INFO - Sync 3 DAGs
[2024-09-12T15:09:06.477+0000] {logging_mixin.py:190} INFO - [2024-09-12T15:09:06.477+0000] {dag.py:4138} INFO - Setting next_dagrun for example_subdag_operator to 2022-01-01 00:00:00+00:00, run_after=2022-01-01 00:00:00+00:00
[2024-09-12T15:09:06.627+0000] {logging_mixin.py:190} INFO - [2024-09-12T15:09:06.617+0000] {dag.py:4138} INFO - Setting next_dagrun for example_subdag_operator.section-1 to None, run_after=None
[2024-09-12T15:09:06.651+0000] {logging_mixin.py:190} INFO - [2024-09-12T15:09:06.651+0000] {dag.py:4138} INFO - Setting next_dagrun for example_subdag_operator.section-2 to None, run_after=None
[2024-09-12T15:09:06.781+0000] {logging_mixin.py:190} INFO - [2024-09-12T15:09:06.781+0000] {dag.py:3211} INFO - Sync 2 DAGs
[2024-09-12T15:09:06.894+0000] {logging_mixin.py:190} INFO - [2024-09-12T15:09:06.893+0000] {dag.py:4138} INFO - Setting next_dagrun for example_subdag_operator.section-1 to None, run_after=None
[2024-09-12T15:09:06.896+0000] {logging_mixin.py:190} INFO - [2024-09-12T15:09:06.895+0000] {dag.py:4138} INFO - Setting next_dagrun for example_subdag_operator.section-2 to None, run_after=None
[2024-09-12T15:09:07.061+0000] {processor.py:208} INFO - Processing /home/airflow/.local/lib/python3.12/site-packages/airflow/example_dags/example_subdag_operator.py took 1.372 seconds
[2024-09-12T15:09:48.231+0000] {processor.py:186} INFO - Started process (PID=792) to work on /home/airflow/.local/lib/python3.12/site-packages/airflow/example_dags/example_subdag_operator.py
[2024-09-12T15:09:48.296+0000] {processor.py:914} INFO - Processing file /home/airflow/.local/lib/python3.12/site-packages/airflow/example_dags/example_subdag_operator.py for tasks to queue
[2024-09-12T15:09:48.341+0000] {logging_mixin.py:190} INFO - [2024-09-12T15:09:48.340+0000] {dagbag.py:587} INFO - Filling up the DagBag from /home/airflow/.local/lib/python3.12/site-packages/airflow/example_dags/example_subdag_operator.py
[2024-09-12T15:09:48.731+0000] {processor.py:925} INFO - DAG(s) 'example_subdag_operator.section-1', 'example_subdag_operator.section-2', 'example_subdag_operator' retrieved from /home/airflow/.local/lib/python3.12/site-packages/airflow/example_dags/example_subdag_operator.py
[2024-09-12T15:09:48.921+0000] {logging_mixin.py:190} INFO - [2024-09-12T15:09:48.921+0000] {dag.py:3211} INFO - Sync 3 DAGs
[2024-09-12T15:09:49.115+0000] {logging_mixin.py:190} INFO - [2024-09-12T15:09:49.114+0000] {dag.py:4138} INFO - Setting next_dagrun for example_subdag_operator to 2022-01-01 00:00:00+00:00, run_after=2022-01-01 00:00:00+00:00
[2024-09-12T15:09:49.149+0000] {logging_mixin.py:190} INFO - [2024-09-12T15:09:49.149+0000] {dag.py:4138} INFO - Setting next_dagrun for example_subdag_operator.section-1 to None, run_after=None
[2024-09-12T15:09:49.182+0000] {logging_mixin.py:190} INFO - [2024-09-12T15:09:49.181+0000] {dag.py:4138} INFO - Setting next_dagrun for example_subdag_operator.section-2 to None, run_after=None
[2024-09-12T15:09:49.273+0000] {logging_mixin.py:190} INFO - [2024-09-12T15:09:49.273+0000] {dag.py:3211} INFO - Sync 2 DAGs
[2024-09-12T15:09:49.310+0000] {logging_mixin.py:190} INFO - [2024-09-12T15:09:49.309+0000] {dag.py:4138} INFO - Setting next_dagrun for example_subdag_operator.section-1 to None, run_after=None
[2024-09-12T15:09:49.318+0000] {logging_mixin.py:190} INFO - [2024-09-12T15:09:49.317+0000] {dag.py:4138} INFO - Setting next_dagrun for example_subdag_operator.section-2 to None, run_after=None
[2024-09-12T15:09:49.403+0000] {processor.py:208} INFO - Processing /home/airflow/.local/lib/python3.12/site-packages/airflow/example_dags/example_subdag_operator.py took 1.335 seconds
[2024-09-12T15:10:45.858+0000] {processor.py:186} INFO - Started process (PID=858) to work on /home/airflow/.local/lib/python3.12/site-packages/airflow/example_dags/example_subdag_operator.py
[2024-09-12T15:10:45.860+0000] {processor.py:914} INFO - Processing file /home/airflow/.local/lib/python3.12/site-packages/airflow/example_dags/example_subdag_operator.py for tasks to queue
[2024-09-12T15:10:45.962+0000] {logging_mixin.py:190} INFO - [2024-09-12T15:10:45.961+0000] {dagbag.py:587} INFO - Filling up the DagBag from /home/airflow/.local/lib/python3.12/site-packages/airflow/example_dags/example_subdag_operator.py
[2024-09-12T15:10:46.287+0000] {processor.py:925} INFO - DAG(s) 'example_subdag_operator.section-1', 'example_subdag_operator.section-2', 'example_subdag_operator' retrieved from /home/airflow/.local/lib/python3.12/site-packages/airflow/example_dags/example_subdag_operator.py
[2024-09-12T15:10:46.582+0000] {logging_mixin.py:190} INFO - [2024-09-12T15:10:46.582+0000] {dag.py:3211} INFO - Sync 3 DAGs
[2024-09-12T15:10:47.047+0000] {logging_mixin.py:190} INFO - [2024-09-12T15:10:47.046+0000] {dag.py:4138} INFO - Setting next_dagrun for example_subdag_operator to 2022-01-01 00:00:00+00:00, run_after=2022-01-01 00:00:00+00:00
[2024-09-12T15:10:47.120+0000] {logging_mixin.py:190} INFO - [2024-09-12T15:10:47.119+0000] {dag.py:4138} INFO - Setting next_dagrun for example_subdag_operator.section-1 to None, run_after=None
[2024-09-12T15:10:47.140+0000] {logging_mixin.py:190} INFO - [2024-09-12T15:10:47.140+0000] {dag.py:4138} INFO - Setting next_dagrun for example_subdag_operator.section-2 to None, run_after=None
[2024-09-12T15:10:47.214+0000] {logging_mixin.py:190} INFO - [2024-09-12T15:10:47.214+0000] {dag.py:3211} INFO - Sync 2 DAGs
[2024-09-12T15:10:47.299+0000] {logging_mixin.py:190} INFO - [2024-09-12T15:10:47.299+0000] {dag.py:4138} INFO - Setting next_dagrun for example_subdag_operator.section-1 to None, run_after=None
[2024-09-12T15:10:47.301+0000] {logging_mixin.py:190} INFO - [2024-09-12T15:10:47.300+0000] {dag.py:4138} INFO - Setting next_dagrun for example_subdag_operator.section-2 to None, run_after=None
[2024-09-12T15:10:47.425+0000] {processor.py:208} INFO - Processing /home/airflow/.local/lib/python3.12/site-packages/airflow/example_dags/example_subdag_operator.py took 1.609 seconds
[2024-09-12T15:11:35.745+0000] {processor.py:186} INFO - Started process (PID=931) to work on /home/airflow/.local/lib/python3.12/site-packages/airflow/example_dags/example_subdag_operator.py
[2024-09-12T15:11:35.780+0000] {processor.py:914} INFO - Processing file /home/airflow/.local/lib/python3.12/site-packages/airflow/example_dags/example_subdag_operator.py for tasks to queue
[2024-09-12T15:11:35.811+0000] {logging_mixin.py:190} INFO - [2024-09-12T15:11:35.810+0000] {dagbag.py:587} INFO - Filling up the DagBag from /home/airflow/.local/lib/python3.12/site-packages/airflow/example_dags/example_subdag_operator.py
[2024-09-12T15:11:36.139+0000] {processor.py:925} INFO - DAG(s) 'example_subdag_operator.section-1', 'example_subdag_operator.section-2', 'example_subdag_operator' retrieved from /home/airflow/.local/lib/python3.12/site-packages/airflow/example_dags/example_subdag_operator.py
[2024-09-12T15:11:36.421+0000] {logging_mixin.py:190} INFO - [2024-09-12T15:11:36.408+0000] {dag.py:3211} INFO - Sync 3 DAGs
[2024-09-12T15:11:36.735+0000] {logging_mixin.py:190} INFO - [2024-09-12T15:11:36.735+0000] {dag.py:4138} INFO - Setting next_dagrun for example_subdag_operator to 2022-01-01 00:00:00+00:00, run_after=2022-01-01 00:00:00+00:00
[2024-09-12T15:11:36.791+0000] {logging_mixin.py:190} INFO - [2024-09-12T15:11:36.791+0000] {dag.py:4138} INFO - Setting next_dagrun for example_subdag_operator.section-1 to None, run_after=None
[2024-09-12T15:11:36.810+0000] {logging_mixin.py:190} INFO - [2024-09-12T15:11:36.809+0000] {dag.py:4138} INFO - Setting next_dagrun for example_subdag_operator.section-2 to None, run_after=None
[2024-09-12T15:11:36.863+0000] {logging_mixin.py:190} INFO - [2024-09-12T15:11:36.862+0000] {dag.py:3211} INFO - Sync 2 DAGs
[2024-09-12T15:11:36.933+0000] {logging_mixin.py:190} INFO - [2024-09-12T15:11:36.933+0000] {dag.py:4138} INFO - Setting next_dagrun for example_subdag_operator.section-1 to None, run_after=None
[2024-09-12T15:11:36.936+0000] {logging_mixin.py:190} INFO - [2024-09-12T15:11:36.935+0000] {dag.py:4138} INFO - Setting next_dagrun for example_subdag_operator.section-2 to None, run_after=None
[2024-09-12T15:11:37.054+0000] {processor.py:208} INFO - Processing /home/airflow/.local/lib/python3.12/site-packages/airflow/example_dags/example_subdag_operator.py took 1.364 seconds
[2024-09-12T15:14:53.147+0000] {processor.py:186} INFO - Started process (PID=74) to work on /home/airflow/.local/lib/python3.12/site-packages/airflow/example_dags/example_subdag_operator.py
[2024-09-12T15:14:53.165+0000] {processor.py:914} INFO - Processing file /home/airflow/.local/lib/python3.12/site-packages/airflow/example_dags/example_subdag_operator.py for tasks to queue
[2024-09-12T15:14:53.208+0000] {logging_mixin.py:190} INFO - [2024-09-12T15:14:53.207+0000] {dagbag.py:587} INFO - Filling up the DagBag from /home/airflow/.local/lib/python3.12/site-packages/airflow/example_dags/example_subdag_operator.py
[2024-09-12T15:14:53.651+0000] {processor.py:925} INFO - DAG(s) 'example_subdag_operator.section-1', 'example_subdag_operator.section-2', 'example_subdag_operator' retrieved from /home/airflow/.local/lib/python3.12/site-packages/airflow/example_dags/example_subdag_operator.py
[2024-09-12T15:14:53.824+0000] {logging_mixin.py:190} INFO - [2024-09-12T15:14:53.823+0000] {dag.py:3211} INFO - Sync 3 DAGs
[2024-09-12T15:14:54.149+0000] {logging_mixin.py:190} INFO - [2024-09-12T15:14:54.148+0000] {dag.py:4138} INFO - Setting next_dagrun for example_subdag_operator to 2022-01-01 00:00:00+00:00, run_after=2022-01-01 00:00:00+00:00
[2024-09-12T15:14:54.245+0000] {logging_mixin.py:190} INFO - [2024-09-12T15:14:54.244+0000] {dag.py:4138} INFO - Setting next_dagrun for example_subdag_operator.section-1 to None, run_after=None
[2024-09-12T15:14:54.250+0000] {logging_mixin.py:190} INFO - [2024-09-12T15:14:54.249+0000] {dag.py:4138} INFO - Setting next_dagrun for example_subdag_operator.section-2 to None, run_after=None
[2024-09-12T15:14:54.334+0000] {logging_mixin.py:190} INFO - [2024-09-12T15:14:54.333+0000] {dag.py:3211} INFO - Sync 2 DAGs
[2024-09-12T15:14:54.358+0000] {logging_mixin.py:190} INFO - [2024-09-12T15:14:54.357+0000] {dag.py:4138} INFO - Setting next_dagrun for example_subdag_operator.section-1 to None, run_after=None
[2024-09-12T15:14:54.386+0000] {logging_mixin.py:190} INFO - [2024-09-12T15:14:54.385+0000] {dag.py:4138} INFO - Setting next_dagrun for example_subdag_operator.section-2 to None, run_after=None
[2024-09-12T15:14:54.528+0000] {processor.py:208} INFO - Processing /home/airflow/.local/lib/python3.12/site-packages/airflow/example_dags/example_subdag_operator.py took 1.442 seconds
[2024-09-12T15:15:44.605+0000] {processor.py:186} INFO - Started process (PID=144) to work on /home/airflow/.local/lib/python3.12/site-packages/airflow/example_dags/example_subdag_operator.py
[2024-09-12T15:15:44.635+0000] {processor.py:914} INFO - Processing file /home/airflow/.local/lib/python3.12/site-packages/airflow/example_dags/example_subdag_operator.py for tasks to queue
[2024-09-12T15:15:44.692+0000] {logging_mixin.py:190} INFO - [2024-09-12T15:15:44.691+0000] {dagbag.py:587} INFO - Filling up the DagBag from /home/airflow/.local/lib/python3.12/site-packages/airflow/example_dags/example_subdag_operator.py
[2024-09-12T15:15:44.954+0000] {processor.py:925} INFO - DAG(s) 'example_subdag_operator.section-1', 'example_subdag_operator.section-2', 'example_subdag_operator' retrieved from /home/airflow/.local/lib/python3.12/site-packages/airflow/example_dags/example_subdag_operator.py
[2024-09-12T15:15:45.135+0000] {logging_mixin.py:190} INFO - [2024-09-12T15:15:45.134+0000] {dag.py:3211} INFO - Sync 3 DAGs
[2024-09-12T15:15:45.338+0000] {logging_mixin.py:190} INFO - [2024-09-12T15:15:45.336+0000] {dag.py:4138} INFO - Setting next_dagrun for example_subdag_operator to 2022-01-01 00:00:00+00:00, run_after=2022-01-01 00:00:00+00:00
[2024-09-12T15:15:45.407+0000] {logging_mixin.py:190} INFO - [2024-09-12T15:15:45.407+0000] {dag.py:4138} INFO - Setting next_dagrun for example_subdag_operator.section-1 to None, run_after=None
[2024-09-12T15:15:45.446+0000] {logging_mixin.py:190} INFO - [2024-09-12T15:15:45.446+0000] {dag.py:4138} INFO - Setting next_dagrun for example_subdag_operator.section-2 to None, run_after=None
[2024-09-12T15:15:45.534+0000] {logging_mixin.py:190} INFO - [2024-09-12T15:15:45.533+0000] {dag.py:3211} INFO - Sync 2 DAGs
[2024-09-12T15:15:45.675+0000] {logging_mixin.py:190} INFO - [2024-09-12T15:15:45.606+0000] {dag.py:4138} INFO - Setting next_dagrun for example_subdag_operator.section-1 to None, run_after=None
[2024-09-12T15:15:45.694+0000] {logging_mixin.py:190} INFO - [2024-09-12T15:15:45.693+0000] {dag.py:4138} INFO - Setting next_dagrun for example_subdag_operator.section-2 to None, run_after=None
[2024-09-12T15:15:45.967+0000] {processor.py:208} INFO - Processing /home/airflow/.local/lib/python3.12/site-packages/airflow/example_dags/example_subdag_operator.py took 1.440 seconds
[2024-09-12T15:16:47.483+0000] {processor.py:186} INFO - Started process (PID=205) to work on /home/airflow/.local/lib/python3.12/site-packages/airflow/example_dags/example_subdag_operator.py
[2024-09-12T15:16:47.501+0000] {processor.py:914} INFO - Processing file /home/airflow/.local/lib/python3.12/site-packages/airflow/example_dags/example_subdag_operator.py for tasks to queue
[2024-09-12T15:16:47.506+0000] {logging_mixin.py:190} INFO - [2024-09-12T15:16:47.505+0000] {dagbag.py:587} INFO - Filling up the DagBag from /home/airflow/.local/lib/python3.12/site-packages/airflow/example_dags/example_subdag_operator.py
[2024-09-12T15:16:48.099+0000] {processor.py:925} INFO - DAG(s) 'example_subdag_operator.section-1', 'example_subdag_operator.section-2', 'example_subdag_operator' retrieved from /home/airflow/.local/lib/python3.12/site-packages/airflow/example_dags/example_subdag_operator.py
[2024-09-12T15:16:48.703+0000] {logging_mixin.py:190} INFO - [2024-09-12T15:16:48.702+0000] {dag.py:3211} INFO - Sync 3 DAGs
[2024-09-12T15:16:49.544+0000] {logging_mixin.py:190} INFO - [2024-09-12T15:16:49.544+0000] {dag.py:4138} INFO - Setting next_dagrun for example_subdag_operator to 2022-01-01 00:00:00+00:00, run_after=2022-01-01 00:00:00+00:00
[2024-09-12T15:16:49.589+0000] {logging_mixin.py:190} INFO - [2024-09-12T15:16:49.588+0000] {dag.py:4138} INFO - Setting next_dagrun for example_subdag_operator.section-1 to None, run_after=None
[2024-09-12T15:16:49.596+0000] {logging_mixin.py:190} INFO - [2024-09-12T15:16:49.596+0000] {dag.py:4138} INFO - Setting next_dagrun for example_subdag_operator.section-2 to None, run_after=None
[2024-09-12T15:16:49.672+0000] {logging_mixin.py:190} INFO - [2024-09-12T15:16:49.672+0000] {dag.py:3211} INFO - Sync 2 DAGs
[2024-09-12T15:16:49.858+0000] {logging_mixin.py:190} INFO - [2024-09-12T15:16:49.858+0000] {dag.py:4138} INFO - Setting next_dagrun for example_subdag_operator.section-1 to None, run_after=None
[2024-09-12T15:16:49.867+0000] {logging_mixin.py:190} INFO - [2024-09-12T15:16:49.866+0000] {dag.py:4138} INFO - Setting next_dagrun for example_subdag_operator.section-2 to None, run_after=None
[2024-09-12T15:16:50.058+0000] {processor.py:208} INFO - Processing /home/airflow/.local/lib/python3.12/site-packages/airflow/example_dags/example_subdag_operator.py took 2.665 seconds
[2024-09-12T15:17:32.442+0000] {processor.py:186} INFO - Started process (PID=258) to work on /home/airflow/.local/lib/python3.12/site-packages/airflow/example_dags/example_subdag_operator.py
[2024-09-12T15:17:32.444+0000] {processor.py:914} INFO - Processing file /home/airflow/.local/lib/python3.12/site-packages/airflow/example_dags/example_subdag_operator.py for tasks to queue
[2024-09-12T15:17:32.448+0000] {logging_mixin.py:190} INFO - [2024-09-12T15:17:32.447+0000] {dagbag.py:587} INFO - Filling up the DagBag from /home/airflow/.local/lib/python3.12/site-packages/airflow/example_dags/example_subdag_operator.py
[2024-09-12T15:17:32.555+0000] {processor.py:925} INFO - DAG(s) 'example_subdag_operator.section-1', 'example_subdag_operator.section-2', 'example_subdag_operator' retrieved from /home/airflow/.local/lib/python3.12/site-packages/airflow/example_dags/example_subdag_operator.py
[2024-09-12T15:17:32.682+0000] {logging_mixin.py:190} INFO - [2024-09-12T15:17:32.682+0000] {dag.py:3211} INFO - Sync 3 DAGs
[2024-09-12T15:17:32.861+0000] {logging_mixin.py:190} INFO - [2024-09-12T15:17:32.860+0000] {dag.py:4138} INFO - Setting next_dagrun for example_subdag_operator to 2022-01-01 00:00:00+00:00, run_after=2022-01-01 00:00:00+00:00
[2024-09-12T15:17:32.886+0000] {logging_mixin.py:190} INFO - [2024-09-12T15:17:32.885+0000] {dag.py:4138} INFO - Setting next_dagrun for example_subdag_operator.section-1 to None, run_after=None
[2024-09-12T15:17:32.903+0000] {logging_mixin.py:190} INFO - [2024-09-12T15:17:32.903+0000] {dag.py:4138} INFO - Setting next_dagrun for example_subdag_operator.section-2 to None, run_after=None
[2024-09-12T15:17:32.991+0000] {logging_mixin.py:190} INFO - [2024-09-12T15:17:32.984+0000] {dag.py:3211} INFO - Sync 2 DAGs
[2024-09-12T15:17:33.059+0000] {logging_mixin.py:190} INFO - [2024-09-12T15:17:33.058+0000] {dag.py:4138} INFO - Setting next_dagrun for example_subdag_operator.section-1 to None, run_after=None
[2024-09-12T15:17:33.076+0000] {logging_mixin.py:190} INFO - [2024-09-12T15:17:33.073+0000] {dag.py:4138} INFO - Setting next_dagrun for example_subdag_operator.section-2 to None, run_after=None
[2024-09-12T15:17:33.217+0000] {processor.py:208} INFO - Processing /home/airflow/.local/lib/python3.12/site-packages/airflow/example_dags/example_subdag_operator.py took 0.829 seconds
[2024-09-12T15:18:20.960+0000] {processor.py:186} INFO - Started process (PID=318) to work on /home/airflow/.local/lib/python3.12/site-packages/airflow/example_dags/example_subdag_operator.py
[2024-09-12T15:18:20.973+0000] {processor.py:914} INFO - Processing file /home/airflow/.local/lib/python3.12/site-packages/airflow/example_dags/example_subdag_operator.py for tasks to queue
[2024-09-12T15:18:20.990+0000] {logging_mixin.py:190} INFO - [2024-09-12T15:18:20.990+0000] {dagbag.py:587} INFO - Filling up the DagBag from /home/airflow/.local/lib/python3.12/site-packages/airflow/example_dags/example_subdag_operator.py
[2024-09-12T15:18:21.337+0000] {processor.py:925} INFO - DAG(s) 'example_subdag_operator.section-1', 'example_subdag_operator.section-2', 'example_subdag_operator' retrieved from /home/airflow/.local/lib/python3.12/site-packages/airflow/example_dags/example_subdag_operator.py
[2024-09-12T15:18:21.459+0000] {logging_mixin.py:190} INFO - [2024-09-12T15:18:21.458+0000] {dag.py:3211} INFO - Sync 3 DAGs
[2024-09-12T15:18:21.841+0000] {logging_mixin.py:190} INFO - [2024-09-12T15:18:21.840+0000] {dag.py:4138} INFO - Setting next_dagrun for example_subdag_operator to 2022-01-01 00:00:00+00:00, run_after=2022-01-01 00:00:00+00:00
[2024-09-12T15:18:21.891+0000] {logging_mixin.py:190} INFO - [2024-09-12T15:18:21.891+0000] {dag.py:4138} INFO - Setting next_dagrun for example_subdag_operator.section-1 to None, run_after=None
[2024-09-12T15:18:21.908+0000] {logging_mixin.py:190} INFO - [2024-09-12T15:18:21.908+0000] {dag.py:4138} INFO - Setting next_dagrun for example_subdag_operator.section-2 to None, run_after=None
[2024-09-12T15:18:22.025+0000] {logging_mixin.py:190} INFO - [2024-09-12T15:18:22.025+0000] {dag.py:3211} INFO - Sync 2 DAGs
[2024-09-12T15:18:22.094+0000] {logging_mixin.py:190} INFO - [2024-09-12T15:18:22.094+0000] {dag.py:4138} INFO - Setting next_dagrun for example_subdag_operator.section-1 to None, run_after=None
[2024-09-12T15:18:22.097+0000] {logging_mixin.py:190} INFO - [2024-09-12T15:18:22.097+0000] {dag.py:4138} INFO - Setting next_dagrun for example_subdag_operator.section-2 to None, run_after=None
[2024-09-12T15:18:22.299+0000] {processor.py:208} INFO - Processing /home/airflow/.local/lib/python3.12/site-packages/airflow/example_dags/example_subdag_operator.py took 1.402 seconds
[2024-09-12T15:19:06.974+0000] {processor.py:186} INFO - Started process (PID=378) to work on /home/airflow/.local/lib/python3.12/site-packages/airflow/example_dags/example_subdag_operator.py
[2024-09-12T15:19:06.978+0000] {processor.py:914} INFO - Processing file /home/airflow/.local/lib/python3.12/site-packages/airflow/example_dags/example_subdag_operator.py for tasks to queue
[2024-09-12T15:19:07.045+0000] {logging_mixin.py:190} INFO - [2024-09-12T15:19:07.044+0000] {dagbag.py:587} INFO - Filling up the DagBag from /home/airflow/.local/lib/python3.12/site-packages/airflow/example_dags/example_subdag_operator.py
[2024-09-12T15:19:07.546+0000] {processor.py:925} INFO - DAG(s) 'example_subdag_operator.section-1', 'example_subdag_operator.section-2', 'example_subdag_operator' retrieved from /home/airflow/.local/lib/python3.12/site-packages/airflow/example_dags/example_subdag_operator.py
[2024-09-12T15:19:07.860+0000] {logging_mixin.py:190} INFO - [2024-09-12T15:19:07.859+0000] {dag.py:3211} INFO - Sync 3 DAGs
[2024-09-12T15:19:08.240+0000] {logging_mixin.py:190} INFO - [2024-09-12T15:19:08.239+0000] {dag.py:4138} INFO - Setting next_dagrun for example_subdag_operator to 2022-01-01 00:00:00+00:00, run_after=2022-01-01 00:00:00+00:00
[2024-09-12T15:19:08.307+0000] {logging_mixin.py:190} INFO - [2024-09-12T15:19:08.300+0000] {dag.py:4138} INFO - Setting next_dagrun for example_subdag_operator.section-1 to None, run_after=None
[2024-09-12T15:19:08.362+0000] {logging_mixin.py:190} INFO - [2024-09-12T15:19:08.361+0000] {dag.py:4138} INFO - Setting next_dagrun for example_subdag_operator.section-2 to None, run_after=None
[2024-09-12T15:19:08.436+0000] {logging_mixin.py:190} INFO - [2024-09-12T15:19:08.435+0000] {dag.py:3211} INFO - Sync 2 DAGs
[2024-09-12T15:19:08.549+0000] {logging_mixin.py:190} INFO - [2024-09-12T15:19:08.549+0000] {dag.py:4138} INFO - Setting next_dagrun for example_subdag_operator.section-1 to None, run_after=None
[2024-09-12T15:19:08.565+0000] {logging_mixin.py:190} INFO - [2024-09-12T15:19:08.565+0000] {dag.py:4138} INFO - Setting next_dagrun for example_subdag_operator.section-2 to None, run_after=None
[2024-09-12T15:19:08.739+0000] {processor.py:208} INFO - Processing /home/airflow/.local/lib/python3.12/site-packages/airflow/example_dags/example_subdag_operator.py took 1.825 seconds
[2024-09-12T15:19:58.047+0000] {processor.py:186} INFO - Started process (PID=446) to work on /home/airflow/.local/lib/python3.12/site-packages/airflow/example_dags/example_subdag_operator.py
[2024-09-12T15:19:58.049+0000] {processor.py:914} INFO - Processing file /home/airflow/.local/lib/python3.12/site-packages/airflow/example_dags/example_subdag_operator.py for tasks to queue
[2024-09-12T15:19:58.064+0000] {logging_mixin.py:190} INFO - [2024-09-12T15:19:58.063+0000] {dagbag.py:587} INFO - Filling up the DagBag from /home/airflow/.local/lib/python3.12/site-packages/airflow/example_dags/example_subdag_operator.py
[2024-09-12T15:19:58.214+0000] {processor.py:925} INFO - DAG(s) 'example_subdag_operator.section-1', 'example_subdag_operator.section-2', 'example_subdag_operator' retrieved from /home/airflow/.local/lib/python3.12/site-packages/airflow/example_dags/example_subdag_operator.py
[2024-09-12T15:19:58.314+0000] {logging_mixin.py:190} INFO - [2024-09-12T15:19:58.310+0000] {dag.py:3211} INFO - Sync 3 DAGs
[2024-09-12T15:19:58.566+0000] {logging_mixin.py:190} INFO - [2024-09-12T15:19:58.565+0000] {dag.py:4138} INFO - Setting next_dagrun for example_subdag_operator to 2022-01-01 00:00:00+00:00, run_after=2022-01-01 00:00:00+00:00
[2024-09-12T15:19:58.620+0000] {logging_mixin.py:190} INFO - [2024-09-12T15:19:58.620+0000] {dag.py:4138} INFO - Setting next_dagrun for example_subdag_operator.section-1 to None, run_after=None
[2024-09-12T15:19:58.642+0000] {logging_mixin.py:190} INFO - [2024-09-12T15:19:58.641+0000] {dag.py:4138} INFO - Setting next_dagrun for example_subdag_operator.section-2 to None, run_after=None
[2024-09-12T15:19:58.752+0000] {logging_mixin.py:190} INFO - [2024-09-12T15:19:58.751+0000] {dag.py:3211} INFO - Sync 2 DAGs
[2024-09-12T15:19:58.835+0000] {logging_mixin.py:190} INFO - [2024-09-12T15:19:58.835+0000] {dag.py:4138} INFO - Setting next_dagrun for example_subdag_operator.section-1 to None, run_after=None
[2024-09-12T15:19:58.882+0000] {logging_mixin.py:190} INFO - [2024-09-12T15:19:58.852+0000] {dag.py:4138} INFO - Setting next_dagrun for example_subdag_operator.section-2 to None, run_after=None
[2024-09-12T15:19:58.987+0000] {processor.py:208} INFO - Processing /home/airflow/.local/lib/python3.12/site-packages/airflow/example_dags/example_subdag_operator.py took 0.973 seconds
[2024-09-12T15:20:37.623+0000] {processor.py:186} INFO - Started process (PID=494) to work on /home/airflow/.local/lib/python3.12/site-packages/airflow/example_dags/example_subdag_operator.py
[2024-09-12T15:20:37.632+0000] {processor.py:914} INFO - Processing file /home/airflow/.local/lib/python3.12/site-packages/airflow/example_dags/example_subdag_operator.py for tasks to queue
[2024-09-12T15:20:37.698+0000] {logging_mixin.py:190} INFO - [2024-09-12T15:20:37.697+0000] {dagbag.py:587} INFO - Filling up the DagBag from /home/airflow/.local/lib/python3.12/site-packages/airflow/example_dags/example_subdag_operator.py
[2024-09-12T15:20:38.025+0000] {processor.py:925} INFO - DAG(s) 'example_subdag_operator.section-1', 'example_subdag_operator.section-2', 'example_subdag_operator' retrieved from /home/airflow/.local/lib/python3.12/site-packages/airflow/example_dags/example_subdag_operator.py
[2024-09-12T15:20:38.237+0000] {logging_mixin.py:190} INFO - [2024-09-12T15:20:38.237+0000] {dag.py:3211} INFO - Sync 3 DAGs
[2024-09-12T15:20:38.501+0000] {logging_mixin.py:190} INFO - [2024-09-12T15:20:38.500+0000] {dag.py:4138} INFO - Setting next_dagrun for example_subdag_operator to 2022-01-01 00:00:00+00:00, run_after=2022-01-01 00:00:00+00:00
[2024-09-12T15:20:38.550+0000] {logging_mixin.py:190} INFO - [2024-09-12T15:20:38.550+0000] {dag.py:4138} INFO - Setting next_dagrun for example_subdag_operator.section-1 to None, run_after=None
[2024-09-12T15:20:38.565+0000] {logging_mixin.py:190} INFO - [2024-09-12T15:20:38.565+0000] {dag.py:4138} INFO - Setting next_dagrun for example_subdag_operator.section-2 to None, run_after=None
[2024-09-12T15:20:38.647+0000] {logging_mixin.py:190} INFO - [2024-09-12T15:20:38.646+0000] {dag.py:3211} INFO - Sync 2 DAGs
[2024-09-12T15:20:38.712+0000] {logging_mixin.py:190} INFO - [2024-09-12T15:20:38.711+0000] {dag.py:4138} INFO - Setting next_dagrun for example_subdag_operator.section-1 to None, run_after=None
[2024-09-12T15:20:38.725+0000] {logging_mixin.py:190} INFO - [2024-09-12T15:20:38.725+0000] {dag.py:4138} INFO - Setting next_dagrun for example_subdag_operator.section-2 to None, run_after=None
[2024-09-12T15:20:38.928+0000] {processor.py:208} INFO - Processing /home/airflow/.local/lib/python3.12/site-packages/airflow/example_dags/example_subdag_operator.py took 1.358 seconds
[2024-09-12T15:21:35.649+0000] {processor.py:186} INFO - Started process (PID=558) to work on /home/airflow/.local/lib/python3.12/site-packages/airflow/example_dags/example_subdag_operator.py
[2024-09-12T15:21:35.724+0000] {processor.py:914} INFO - Processing file /home/airflow/.local/lib/python3.12/site-packages/airflow/example_dags/example_subdag_operator.py for tasks to queue
[2024-09-12T15:21:35.729+0000] {logging_mixin.py:190} INFO - [2024-09-12T15:21:35.728+0000] {dagbag.py:587} INFO - Filling up the DagBag from /home/airflow/.local/lib/python3.12/site-packages/airflow/example_dags/example_subdag_operator.py
[2024-09-12T15:21:36.087+0000] {processor.py:925} INFO - DAG(s) 'example_subdag_operator.section-1', 'example_subdag_operator.section-2', 'example_subdag_operator' retrieved from /home/airflow/.local/lib/python3.12/site-packages/airflow/example_dags/example_subdag_operator.py
[2024-09-12T15:21:36.224+0000] {logging_mixin.py:190} INFO - [2024-09-12T15:21:36.224+0000] {dag.py:3211} INFO - Sync 3 DAGs
[2024-09-12T15:21:36.538+0000] {logging_mixin.py:190} INFO - [2024-09-12T15:21:36.538+0000] {dag.py:4138} INFO - Setting next_dagrun for example_subdag_operator to 2022-01-01 00:00:00+00:00, run_after=2022-01-01 00:00:00+00:00
[2024-09-12T15:21:36.603+0000] {logging_mixin.py:190} INFO - [2024-09-12T15:21:36.602+0000] {dag.py:4138} INFO - Setting next_dagrun for example_subdag_operator.section-1 to None, run_after=None
[2024-09-12T15:21:36.636+0000] {logging_mixin.py:190} INFO - [2024-09-12T15:21:36.635+0000] {dag.py:4138} INFO - Setting next_dagrun for example_subdag_operator.section-2 to None, run_after=None
[2024-09-12T15:21:36.734+0000] {logging_mixin.py:190} INFO - [2024-09-12T15:21:36.734+0000] {dag.py:3211} INFO - Sync 2 DAGs
[2024-09-12T15:21:36.831+0000] {logging_mixin.py:190} INFO - [2024-09-12T15:21:36.830+0000] {dag.py:4138} INFO - Setting next_dagrun for example_subdag_operator.section-1 to None, run_after=None
[2024-09-12T15:21:36.844+0000] {logging_mixin.py:190} INFO - [2024-09-12T15:21:36.844+0000] {dag.py:4138} INFO - Setting next_dagrun for example_subdag_operator.section-2 to None, run_after=None
[2024-09-12T15:21:37.020+0000] {processor.py:208} INFO - Processing /home/airflow/.local/lib/python3.12/site-packages/airflow/example_dags/example_subdag_operator.py took 1.470 seconds
[2024-09-12T15:22:24.445+0000] {processor.py:186} INFO - Started process (PID=606) to work on /home/airflow/.local/lib/python3.12/site-packages/airflow/example_dags/example_subdag_operator.py
[2024-09-12T15:22:24.450+0000] {processor.py:914} INFO - Processing file /home/airflow/.local/lib/python3.12/site-packages/airflow/example_dags/example_subdag_operator.py for tasks to queue
[2024-09-12T15:22:24.499+0000] {logging_mixin.py:190} INFO - [2024-09-12T15:22:24.498+0000] {dagbag.py:587} INFO - Filling up the DagBag from /home/airflow/.local/lib/python3.12/site-packages/airflow/example_dags/example_subdag_operator.py
[2024-09-12T15:22:24.774+0000] {processor.py:925} INFO - DAG(s) 'example_subdag_operator.section-1', 'example_subdag_operator.section-2', 'example_subdag_operator' retrieved from /home/airflow/.local/lib/python3.12/site-packages/airflow/example_dags/example_subdag_operator.py
[2024-09-12T15:22:25.133+0000] {logging_mixin.py:190} INFO - [2024-09-12T15:22:25.131+0000] {dag.py:3211} INFO - Sync 3 DAGs
[2024-09-12T15:22:25.430+0000] {logging_mixin.py:190} INFO - [2024-09-12T15:22:25.429+0000] {dag.py:4138} INFO - Setting next_dagrun for example_subdag_operator to 2022-01-01 00:00:00+00:00, run_after=2022-01-01 00:00:00+00:00
[2024-09-12T15:22:25.509+0000] {logging_mixin.py:190} INFO - [2024-09-12T15:22:25.509+0000] {dag.py:4138} INFO - Setting next_dagrun for example_subdag_operator.section-1 to None, run_after=None
[2024-09-12T15:22:25.522+0000] {logging_mixin.py:190} INFO - [2024-09-12T15:22:25.522+0000] {dag.py:4138} INFO - Setting next_dagrun for example_subdag_operator.section-2 to None, run_after=None
[2024-09-12T15:22:25.560+0000] {logging_mixin.py:190} INFO - [2024-09-12T15:22:25.560+0000] {dag.py:3211} INFO - Sync 2 DAGs
[2024-09-12T15:22:25.671+0000] {logging_mixin.py:190} INFO - [2024-09-12T15:22:25.669+0000] {dag.py:4138} INFO - Setting next_dagrun for example_subdag_operator.section-1 to None, run_after=None
[2024-09-12T15:22:25.685+0000] {logging_mixin.py:190} INFO - [2024-09-12T15:22:25.685+0000] {dag.py:4138} INFO - Setting next_dagrun for example_subdag_operator.section-2 to None, run_after=None
[2024-09-12T15:22:25.760+0000] {processor.py:208} INFO - Processing /home/airflow/.local/lib/python3.12/site-packages/airflow/example_dags/example_subdag_operator.py took 1.402 seconds
[2024-09-12T15:22:58.077+0000] {processor.py:186} INFO - Started process (PID=650) to work on /home/airflow/.local/lib/python3.12/site-packages/airflow/example_dags/example_subdag_operator.py
[2024-09-12T15:22:58.091+0000] {processor.py:914} INFO - Processing file /home/airflow/.local/lib/python3.12/site-packages/airflow/example_dags/example_subdag_operator.py for tasks to queue
[2024-09-12T15:22:58.162+0000] {logging_mixin.py:190} INFO - [2024-09-12T15:22:58.161+0000] {dagbag.py:587} INFO - Filling up the DagBag from /home/airflow/.local/lib/python3.12/site-packages/airflow/example_dags/example_subdag_operator.py
[2024-09-12T15:22:58.410+0000] {processor.py:925} INFO - DAG(s) 'example_subdag_operator.section-1', 'example_subdag_operator.section-2', 'example_subdag_operator' retrieved from /home/airflow/.local/lib/python3.12/site-packages/airflow/example_dags/example_subdag_operator.py
[2024-09-12T15:22:58.550+0000] {logging_mixin.py:190} INFO - [2024-09-12T15:22:58.538+0000] {dag.py:3211} INFO - Sync 3 DAGs
[2024-09-12T15:22:58.929+0000] {logging_mixin.py:190} INFO - [2024-09-12T15:22:58.929+0000] {dag.py:4138} INFO - Setting next_dagrun for example_subdag_operator to 2022-01-01 00:00:00+00:00, run_after=2022-01-01 00:00:00+00:00
[2024-09-12T15:22:58.983+0000] {logging_mixin.py:190} INFO - [2024-09-12T15:22:58.983+0000] {dag.py:4138} INFO - Setting next_dagrun for example_subdag_operator.section-1 to None, run_after=None
[2024-09-12T15:22:59.003+0000] {logging_mixin.py:190} INFO - [2024-09-12T15:22:59.003+0000] {dag.py:4138} INFO - Setting next_dagrun for example_subdag_operator.section-2 to None, run_after=None
[2024-09-12T15:22:59.092+0000] {logging_mixin.py:190} INFO - [2024-09-12T15:22:59.091+0000] {dag.py:3211} INFO - Sync 2 DAGs
[2024-09-12T15:22:59.188+0000] {logging_mixin.py:190} INFO - [2024-09-12T15:22:59.188+0000] {dag.py:4138} INFO - Setting next_dagrun for example_subdag_operator.section-1 to None, run_after=None
[2024-09-12T15:22:59.201+0000] {logging_mixin.py:190} INFO - [2024-09-12T15:22:59.201+0000] {dag.py:4138} INFO - Setting next_dagrun for example_subdag_operator.section-2 to None, run_after=None
[2024-09-12T15:22:59.569+0000] {processor.py:208} INFO - Processing /home/airflow/.local/lib/python3.12/site-packages/airflow/example_dags/example_subdag_operator.py took 1.517 seconds
[2024-09-12T15:23:56.237+0000] {processor.py:186} INFO - Started process (PID=719) to work on /home/airflow/.local/lib/python3.12/site-packages/airflow/example_dags/example_subdag_operator.py
[2024-09-12T15:23:56.314+0000] {processor.py:914} INFO - Processing file /home/airflow/.local/lib/python3.12/site-packages/airflow/example_dags/example_subdag_operator.py for tasks to queue
[2024-09-12T15:23:56.368+0000] {logging_mixin.py:190} INFO - [2024-09-12T15:23:56.367+0000] {dagbag.py:587} INFO - Filling up the DagBag from /home/airflow/.local/lib/python3.12/site-packages/airflow/example_dags/example_subdag_operator.py
[2024-09-12T15:23:56.623+0000] {processor.py:925} INFO - DAG(s) 'example_subdag_operator.section-1', 'example_subdag_operator.section-2', 'example_subdag_operator' retrieved from /home/airflow/.local/lib/python3.12/site-packages/airflow/example_dags/example_subdag_operator.py
[2024-09-12T15:23:56.868+0000] {logging_mixin.py:190} INFO - [2024-09-12T15:23:56.868+0000] {dag.py:3211} INFO - Sync 3 DAGs
[2024-09-12T15:23:57.422+0000] {logging_mixin.py:190} INFO - [2024-09-12T15:23:57.421+0000] {dag.py:4138} INFO - Setting next_dagrun for example_subdag_operator to 2022-01-01 00:00:00+00:00, run_after=2022-01-01 00:00:00+00:00
[2024-09-12T15:23:57.495+0000] {logging_mixin.py:190} INFO - [2024-09-12T15:23:57.494+0000] {dag.py:4138} INFO - Setting next_dagrun for example_subdag_operator.section-1 to None, run_after=None
[2024-09-12T15:23:57.519+0000] {logging_mixin.py:190} INFO - [2024-09-12T15:23:57.518+0000] {dag.py:4138} INFO - Setting next_dagrun for example_subdag_operator.section-2 to None, run_after=None
[2024-09-12T15:23:57.663+0000] {logging_mixin.py:190} INFO - [2024-09-12T15:23:57.662+0000] {dag.py:3211} INFO - Sync 2 DAGs
[2024-09-12T15:23:57.804+0000] {logging_mixin.py:190} INFO - [2024-09-12T15:23:57.804+0000] {dag.py:4138} INFO - Setting next_dagrun for example_subdag_operator.section-1 to None, run_after=None
[2024-09-12T15:23:57.820+0000] {logging_mixin.py:190} INFO - [2024-09-12T15:23:57.820+0000] {dag.py:4138} INFO - Setting next_dagrun for example_subdag_operator.section-2 to None, run_after=None
[2024-09-12T15:23:57.994+0000] {processor.py:208} INFO - Processing /home/airflow/.local/lib/python3.12/site-packages/airflow/example_dags/example_subdag_operator.py took 1.831 seconds
[2024-09-12T15:24:30.961+0000] {processor.py:186} INFO - Started process (PID=763) to work on /home/airflow/.local/lib/python3.12/site-packages/airflow/example_dags/example_subdag_operator.py
[2024-09-12T15:24:31.012+0000] {processor.py:914} INFO - Processing file /home/airflow/.local/lib/python3.12/site-packages/airflow/example_dags/example_subdag_operator.py for tasks to queue
[2024-09-12T15:24:31.218+0000] {logging_mixin.py:190} INFO - [2024-09-12T15:24:31.217+0000] {dagbag.py:587} INFO - Filling up the DagBag from /home/airflow/.local/lib/python3.12/site-packages/airflow/example_dags/example_subdag_operator.py
[2024-09-12T15:24:31.644+0000] {processor.py:925} INFO - DAG(s) 'example_subdag_operator.section-1', 'example_subdag_operator.section-2', 'example_subdag_operator' retrieved from /home/airflow/.local/lib/python3.12/site-packages/airflow/example_dags/example_subdag_operator.py
[2024-09-12T15:24:31.951+0000] {logging_mixin.py:190} INFO - [2024-09-12T15:24:31.951+0000] {dag.py:3211} INFO - Sync 3 DAGs
[2024-09-12T15:24:32.523+0000] {logging_mixin.py:190} INFO - [2024-09-12T15:24:32.523+0000] {dag.py:4138} INFO - Setting next_dagrun for example_subdag_operator to 2022-01-01 00:00:00+00:00, run_after=2022-01-01 00:00:00+00:00
[2024-09-12T15:24:32.623+0000] {logging_mixin.py:190} INFO - [2024-09-12T15:24:32.622+0000] {dag.py:4138} INFO - Setting next_dagrun for example_subdag_operator.section-1 to None, run_after=None
[2024-09-12T15:24:32.683+0000] {logging_mixin.py:190} INFO - [2024-09-12T15:24:32.682+0000] {dag.py:4138} INFO - Setting next_dagrun for example_subdag_operator.section-2 to None, run_after=None
[2024-09-12T15:24:32.889+0000] {logging_mixin.py:190} INFO - [2024-09-12T15:24:32.888+0000] {dag.py:3211} INFO - Sync 2 DAGs
[2024-09-12T15:24:32.968+0000] {logging_mixin.py:190} INFO - [2024-09-12T15:24:32.968+0000] {dag.py:4138} INFO - Setting next_dagrun for example_subdag_operator.section-1 to None, run_after=None
[2024-09-12T15:24:32.985+0000] {logging_mixin.py:190} INFO - [2024-09-12T15:24:32.984+0000] {dag.py:4138} INFO - Setting next_dagrun for example_subdag_operator.section-2 to None, run_after=None
[2024-09-12T15:24:33.288+0000] {processor.py:208} INFO - Processing /home/airflow/.local/lib/python3.12/site-packages/airflow/example_dags/example_subdag_operator.py took 2.619 seconds
[2024-09-12T15:25:20.922+0000] {processor.py:186} INFO - Started process (PID=804) to work on /home/airflow/.local/lib/python3.12/site-packages/airflow/example_dags/example_subdag_operator.py
[2024-09-12T15:25:20.936+0000] {processor.py:914} INFO - Processing file /home/airflow/.local/lib/python3.12/site-packages/airflow/example_dags/example_subdag_operator.py for tasks to queue
[2024-09-12T15:25:20.970+0000] {logging_mixin.py:190} INFO - [2024-09-12T15:25:20.968+0000] {dagbag.py:587} INFO - Filling up the DagBag from /home/airflow/.local/lib/python3.12/site-packages/airflow/example_dags/example_subdag_operator.py
[2024-09-12T15:25:21.915+0000] {processor.py:925} INFO - DAG(s) 'example_subdag_operator.section-1', 'example_subdag_operator.section-2', 'example_subdag_operator' retrieved from /home/airflow/.local/lib/python3.12/site-packages/airflow/example_dags/example_subdag_operator.py
[2024-09-12T15:25:22.057+0000] {logging_mixin.py:190} INFO - [2024-09-12T15:25:22.056+0000] {dag.py:3211} INFO - Sync 3 DAGs
[2024-09-12T15:25:22.498+0000] {logging_mixin.py:190} INFO - [2024-09-12T15:25:22.498+0000] {dag.py:4138} INFO - Setting next_dagrun for example_subdag_operator to 2022-01-01 00:00:00+00:00, run_after=2022-01-01 00:00:00+00:00
[2024-09-12T15:25:22.564+0000] {logging_mixin.py:190} INFO - [2024-09-12T15:25:22.563+0000] {dag.py:4138} INFO - Setting next_dagrun for example_subdag_operator.section-1 to None, run_after=None
[2024-09-12T15:25:22.610+0000] {logging_mixin.py:190} INFO - [2024-09-12T15:25:22.609+0000] {dag.py:4138} INFO - Setting next_dagrun for example_subdag_operator.section-2 to None, run_after=None
[2024-09-12T15:25:22.707+0000] {logging_mixin.py:190} INFO - [2024-09-12T15:25:22.706+0000] {dag.py:3211} INFO - Sync 2 DAGs
[2024-09-12T15:25:22.774+0000] {logging_mixin.py:190} INFO - [2024-09-12T15:25:22.774+0000] {dag.py:4138} INFO - Setting next_dagrun for example_subdag_operator.section-1 to None, run_after=None
[2024-09-12T15:25:22.788+0000] {logging_mixin.py:190} INFO - [2024-09-12T15:25:22.788+0000] {dag.py:4138} INFO - Setting next_dagrun for example_subdag_operator.section-2 to None, run_after=None
[2024-09-12T15:25:23.056+0000] {processor.py:208} INFO - Processing /home/airflow/.local/lib/python3.12/site-packages/airflow/example_dags/example_subdag_operator.py took 2.357 seconds
[2024-09-12T15:26:35.437+0000] {processor.py:186} INFO - Started process (PID=849) to work on /home/airflow/.local/lib/python3.12/site-packages/airflow/example_dags/example_subdag_operator.py
[2024-09-12T15:26:35.513+0000] {processor.py:914} INFO - Processing file /home/airflow/.local/lib/python3.12/site-packages/airflow/example_dags/example_subdag_operator.py for tasks to queue
[2024-09-12T15:26:35.550+0000] {logging_mixin.py:190} INFO - [2024-09-12T15:26:35.549+0000] {dagbag.py:587} INFO - Filling up the DagBag from /home/airflow/.local/lib/python3.12/site-packages/airflow/example_dags/example_subdag_operator.py
[2024-09-12T15:26:35.875+0000] {processor.py:925} INFO - DAG(s) 'example_subdag_operator.section-1', 'example_subdag_operator.section-2', 'example_subdag_operator' retrieved from /home/airflow/.local/lib/python3.12/site-packages/airflow/example_dags/example_subdag_operator.py
[2024-09-12T15:26:36.113+0000] {logging_mixin.py:190} INFO - [2024-09-12T15:26:36.100+0000] {dag.py:3211} INFO - Sync 3 DAGs
[2024-09-12T15:26:36.368+0000] {logging_mixin.py:190} INFO - [2024-09-12T15:26:36.357+0000] {dag.py:4138} INFO - Setting next_dagrun for example_subdag_operator to 2022-01-01 00:00:00+00:00, run_after=2022-01-01 00:00:00+00:00
[2024-09-12T15:26:36.402+0000] {logging_mixin.py:190} INFO - [2024-09-12T15:26:36.402+0000] {dag.py:4138} INFO - Setting next_dagrun for example_subdag_operator.section-1 to None, run_after=None
[2024-09-12T15:26:36.418+0000] {logging_mixin.py:190} INFO - [2024-09-12T15:26:36.418+0000] {dag.py:4138} INFO - Setting next_dagrun for example_subdag_operator.section-2 to None, run_after=None
[2024-09-12T15:26:36.466+0000] {logging_mixin.py:190} INFO - [2024-09-12T15:26:36.466+0000] {dag.py:3211} INFO - Sync 2 DAGs
[2024-09-12T15:26:36.511+0000] {logging_mixin.py:190} INFO - [2024-09-12T15:26:36.511+0000] {dag.py:4138} INFO - Setting next_dagrun for example_subdag_operator.section-1 to None, run_after=None
[2024-09-12T15:26:36.543+0000] {logging_mixin.py:190} INFO - [2024-09-12T15:26:36.542+0000] {dag.py:4138} INFO - Setting next_dagrun for example_subdag_operator.section-2 to None, run_after=None
[2024-09-12T15:26:36.687+0000] {processor.py:208} INFO - Processing /home/airflow/.local/lib/python3.12/site-packages/airflow/example_dags/example_subdag_operator.py took 1.418 seconds
[2024-09-12T15:27:12.453+0000] {processor.py:186} INFO - Started process (PID=899) to work on /home/airflow/.local/lib/python3.12/site-packages/airflow/example_dags/example_subdag_operator.py
[2024-09-12T15:27:12.484+0000] {processor.py:914} INFO - Processing file /home/airflow/.local/lib/python3.12/site-packages/airflow/example_dags/example_subdag_operator.py for tasks to queue
[2024-09-12T15:27:12.538+0000] {logging_mixin.py:190} INFO - [2024-09-12T15:27:12.505+0000] {dagbag.py:587} INFO - Filling up the DagBag from /home/airflow/.local/lib/python3.12/site-packages/airflow/example_dags/example_subdag_operator.py
[2024-09-12T15:27:12.920+0000] {processor.py:925} INFO - DAG(s) 'example_subdag_operator.section-1', 'example_subdag_operator.section-2', 'example_subdag_operator' retrieved from /home/airflow/.local/lib/python3.12/site-packages/airflow/example_dags/example_subdag_operator.py
[2024-09-12T15:27:13.240+0000] {logging_mixin.py:190} INFO - [2024-09-12T15:27:13.239+0000] {dag.py:3211} INFO - Sync 3 DAGs
[2024-09-12T15:27:13.749+0000] {logging_mixin.py:190} INFO - [2024-09-12T15:27:13.737+0000] {dag.py:4138} INFO - Setting next_dagrun for example_subdag_operator to 2022-01-01 00:00:00+00:00, run_after=2022-01-01 00:00:00+00:00
[2024-09-12T15:27:13.799+0000] {logging_mixin.py:190} INFO - [2024-09-12T15:27:13.798+0000] {dag.py:4138} INFO - Setting next_dagrun for example_subdag_operator.section-1 to None, run_after=None
[2024-09-12T15:27:13.830+0000] {logging_mixin.py:190} INFO - [2024-09-12T15:27:13.830+0000] {dag.py:4138} INFO - Setting next_dagrun for example_subdag_operator.section-2 to None, run_after=None
[2024-09-12T15:27:13.959+0000] {logging_mixin.py:190} INFO - [2024-09-12T15:27:13.958+0000] {dag.py:3211} INFO - Sync 2 DAGs
[2024-09-12T15:27:14.037+0000] {logging_mixin.py:190} INFO - [2024-09-12T15:27:14.037+0000] {dag.py:4138} INFO - Setting next_dagrun for example_subdag_operator.section-1 to None, run_after=None
[2024-09-12T15:27:14.053+0000] {logging_mixin.py:190} INFO - [2024-09-12T15:27:14.053+0000] {dag.py:4138} INFO - Setting next_dagrun for example_subdag_operator.section-2 to None, run_after=None
[2024-09-12T15:27:14.340+0000] {processor.py:208} INFO - Processing /home/airflow/.local/lib/python3.12/site-packages/airflow/example_dags/example_subdag_operator.py took 1.925 seconds
[2024-09-12T15:28:04.409+0000] {processor.py:186} INFO - Started process (PID=958) to work on /home/airflow/.local/lib/python3.12/site-packages/airflow/example_dags/example_subdag_operator.py
[2024-09-12T15:28:04.427+0000] {processor.py:914} INFO - Processing file /home/airflow/.local/lib/python3.12/site-packages/airflow/example_dags/example_subdag_operator.py for tasks to queue
[2024-09-12T15:28:04.460+0000] {logging_mixin.py:190} INFO - [2024-09-12T15:28:04.458+0000] {dagbag.py:587} INFO - Filling up the DagBag from /home/airflow/.local/lib/python3.12/site-packages/airflow/example_dags/example_subdag_operator.py
[2024-09-12T15:28:04.771+0000] {processor.py:925} INFO - DAG(s) 'example_subdag_operator.section-1', 'example_subdag_operator.section-2', 'example_subdag_operator' retrieved from /home/airflow/.local/lib/python3.12/site-packages/airflow/example_dags/example_subdag_operator.py
[2024-09-12T15:28:05.029+0000] {logging_mixin.py:190} INFO - [2024-09-12T15:28:05.029+0000] {dag.py:3211} INFO - Sync 3 DAGs
[2024-09-12T15:28:05.317+0000] {logging_mixin.py:190} INFO - [2024-09-12T15:28:05.316+0000] {dag.py:4138} INFO - Setting next_dagrun for example_subdag_operator to 2022-01-01 00:00:00+00:00, run_after=2022-01-01 00:00:00+00:00
[2024-09-12T15:28:05.422+0000] {logging_mixin.py:190} INFO - [2024-09-12T15:28:05.421+0000] {dag.py:4138} INFO - Setting next_dagrun for example_subdag_operator.section-1 to None, run_after=None
[2024-09-12T15:28:05.453+0000] {logging_mixin.py:190} INFO - [2024-09-12T15:28:05.444+0000] {dag.py:4138} INFO - Setting next_dagrun for example_subdag_operator.section-2 to None, run_after=None
[2024-09-12T15:28:05.560+0000] {logging_mixin.py:190} INFO - [2024-09-12T15:28:05.559+0000] {dag.py:3211} INFO - Sync 2 DAGs
[2024-09-12T15:28:05.642+0000] {logging_mixin.py:190} INFO - [2024-09-12T15:28:05.642+0000] {dag.py:4138} INFO - Setting next_dagrun for example_subdag_operator.section-1 to None, run_after=None
[2024-09-12T15:28:05.655+0000] {logging_mixin.py:190} INFO - [2024-09-12T15:28:05.655+0000] {dag.py:4138} INFO - Setting next_dagrun for example_subdag_operator.section-2 to None, run_after=None
[2024-09-12T15:28:05.842+0000] {processor.py:208} INFO - Processing /home/airflow/.local/lib/python3.12/site-packages/airflow/example_dags/example_subdag_operator.py took 1.452 seconds
[2024-09-12T15:28:53.825+0000] {processor.py:186} INFO - Started process (PID=1031) to work on /home/airflow/.local/lib/python3.12/site-packages/airflow/example_dags/example_subdag_operator.py
[2024-09-12T15:28:53.827+0000] {processor.py:914} INFO - Processing file /home/airflow/.local/lib/python3.12/site-packages/airflow/example_dags/example_subdag_operator.py for tasks to queue
[2024-09-12T15:28:53.845+0000] {logging_mixin.py:190} INFO - [2024-09-12T15:28:53.845+0000] {dagbag.py:587} INFO - Filling up the DagBag from /home/airflow/.local/lib/python3.12/site-packages/airflow/example_dags/example_subdag_operator.py
[2024-09-12T15:28:54.056+0000] {processor.py:925} INFO - DAG(s) 'example_subdag_operator.section-1', 'example_subdag_operator.section-2', 'example_subdag_operator' retrieved from /home/airflow/.local/lib/python3.12/site-packages/airflow/example_dags/example_subdag_operator.py
[2024-09-12T15:28:54.166+0000] {logging_mixin.py:190} INFO - [2024-09-12T15:28:54.165+0000] {dag.py:3211} INFO - Sync 3 DAGs
[2024-09-12T15:28:54.290+0000] {logging_mixin.py:190} INFO - [2024-09-12T15:28:54.289+0000] {dag.py:4138} INFO - Setting next_dagrun for example_subdag_operator to 2022-01-01 00:00:00+00:00, run_after=2022-01-01 00:00:00+00:00
[2024-09-12T15:28:54.321+0000] {logging_mixin.py:190} INFO - [2024-09-12T15:28:54.320+0000] {dag.py:4138} INFO - Setting next_dagrun for example_subdag_operator.section-1 to None, run_after=None
[2024-09-12T15:28:54.330+0000] {logging_mixin.py:190} INFO - [2024-09-12T15:28:54.327+0000] {dag.py:4138} INFO - Setting next_dagrun for example_subdag_operator.section-2 to None, run_after=None
[2024-09-12T15:28:54.410+0000] {logging_mixin.py:190} INFO - [2024-09-12T15:28:54.410+0000] {dag.py:3211} INFO - Sync 2 DAGs
[2024-09-12T15:28:54.471+0000] {logging_mixin.py:190} INFO - [2024-09-12T15:28:54.471+0000] {dag.py:4138} INFO - Setting next_dagrun for example_subdag_operator.section-1 to None, run_after=None
[2024-09-12T15:28:54.507+0000] {logging_mixin.py:190} INFO - [2024-09-12T15:28:54.491+0000] {dag.py:4138} INFO - Setting next_dagrun for example_subdag_operator.section-2 to None, run_after=None
[2024-09-12T15:28:54.606+0000] {processor.py:208} INFO - Processing /home/airflow/.local/lib/python3.12/site-packages/airflow/example_dags/example_subdag_operator.py took 0.817 seconds
[2024-09-12T15:29:32.278+0000] {processor.py:186} INFO - Started process (PID=1084) to work on /home/airflow/.local/lib/python3.12/site-packages/airflow/example_dags/example_subdag_operator.py
[2024-09-12T15:29:32.309+0000] {processor.py:914} INFO - Processing file /home/airflow/.local/lib/python3.12/site-packages/airflow/example_dags/example_subdag_operator.py for tasks to queue
[2024-09-12T15:29:32.327+0000] {logging_mixin.py:190} INFO - [2024-09-12T15:29:32.326+0000] {dagbag.py:587} INFO - Filling up the DagBag from /home/airflow/.local/lib/python3.12/site-packages/airflow/example_dags/example_subdag_operator.py
[2024-09-12T15:29:32.763+0000] {processor.py:925} INFO - DAG(s) 'example_subdag_operator.section-1', 'example_subdag_operator.section-2', 'example_subdag_operator' retrieved from /home/airflow/.local/lib/python3.12/site-packages/airflow/example_dags/example_subdag_operator.py
[2024-09-12T15:29:33.137+0000] {logging_mixin.py:190} INFO - [2024-09-12T15:29:33.136+0000] {dag.py:3211} INFO - Sync 3 DAGs
[2024-09-12T15:29:33.794+0000] {logging_mixin.py:190} INFO - [2024-09-12T15:29:33.778+0000] {dag.py:4138} INFO - Setting next_dagrun for example_subdag_operator to 2022-01-01 00:00:00+00:00, run_after=2022-01-01 00:00:00+00:00
[2024-09-12T15:29:33.854+0000] {logging_mixin.py:190} INFO - [2024-09-12T15:29:33.853+0000] {dag.py:4138} INFO - Setting next_dagrun for example_subdag_operator.section-1 to None, run_after=None
[2024-09-12T15:29:33.875+0000] {logging_mixin.py:190} INFO - [2024-09-12T15:29:33.875+0000] {dag.py:4138} INFO - Setting next_dagrun for example_subdag_operator.section-2 to None, run_after=None
[2024-09-12T15:29:33.957+0000] {logging_mixin.py:190} INFO - [2024-09-12T15:29:33.957+0000] {dag.py:3211} INFO - Sync 2 DAGs
[2024-09-12T15:29:34.011+0000] {logging_mixin.py:190} INFO - [2024-09-12T15:29:34.010+0000] {dag.py:4138} INFO - Setting next_dagrun for example_subdag_operator.section-1 to None, run_after=None
[2024-09-12T15:29:34.015+0000] {logging_mixin.py:190} INFO - [2024-09-12T15:29:34.014+0000] {dag.py:4138} INFO - Setting next_dagrun for example_subdag_operator.section-2 to None, run_after=None
[2024-09-12T15:29:34.198+0000] {processor.py:208} INFO - Processing /home/airflow/.local/lib/python3.12/site-packages/airflow/example_dags/example_subdag_operator.py took 1.963 seconds
[2024-09-12T15:30:51.422+0000] {processor.py:186} INFO - Started process (PID=1131) to work on /home/airflow/.local/lib/python3.12/site-packages/airflow/example_dags/example_subdag_operator.py
[2024-09-12T15:30:51.450+0000] {processor.py:914} INFO - Processing file /home/airflow/.local/lib/python3.12/site-packages/airflow/example_dags/example_subdag_operator.py for tasks to queue
[2024-09-12T15:30:51.489+0000] {logging_mixin.py:190} INFO - [2024-09-12T15:30:51.489+0000] {dagbag.py:587} INFO - Filling up the DagBag from /home/airflow/.local/lib/python3.12/site-packages/airflow/example_dags/example_subdag_operator.py
[2024-09-12T15:30:51.942+0000] {processor.py:925} INFO - DAG(s) 'example_subdag_operator.section-1', 'example_subdag_operator.section-2', 'example_subdag_operator' retrieved from /home/airflow/.local/lib/python3.12/site-packages/airflow/example_dags/example_subdag_operator.py
[2024-09-12T15:30:52.218+0000] {logging_mixin.py:190} INFO - [2024-09-12T15:30:52.216+0000] {dag.py:3211} INFO - Sync 3 DAGs
[2024-09-12T15:30:52.413+0000] {logging_mixin.py:190} INFO - [2024-09-12T15:30:52.413+0000] {dag.py:4138} INFO - Setting next_dagrun for example_subdag_operator to 2022-01-01 00:00:00+00:00, run_after=2022-01-01 00:00:00+00:00
[2024-09-12T15:30:52.436+0000] {logging_mixin.py:190} INFO - [2024-09-12T15:30:52.435+0000] {dag.py:4138} INFO - Setting next_dagrun for example_subdag_operator.section-1 to None, run_after=None
[2024-09-12T15:30:52.453+0000] {logging_mixin.py:190} INFO - [2024-09-12T15:30:52.453+0000] {dag.py:4138} INFO - Setting next_dagrun for example_subdag_operator.section-2 to None, run_after=None
[2024-09-12T15:30:52.507+0000] {logging_mixin.py:190} INFO - [2024-09-12T15:30:52.507+0000] {dag.py:3211} INFO - Sync 2 DAGs
[2024-09-12T15:30:52.556+0000] {logging_mixin.py:190} INFO - [2024-09-12T15:30:52.556+0000] {dag.py:4138} INFO - Setting next_dagrun for example_subdag_operator.section-1 to None, run_after=None
[2024-09-12T15:30:52.558+0000] {logging_mixin.py:190} INFO - [2024-09-12T15:30:52.557+0000] {dag.py:4138} INFO - Setting next_dagrun for example_subdag_operator.section-2 to None, run_after=None
[2024-09-12T15:30:52.729+0000] {processor.py:208} INFO - Processing /home/airflow/.local/lib/python3.12/site-packages/airflow/example_dags/example_subdag_operator.py took 1.435 seconds
[2024-09-12T15:31:43.843+0000] {processor.py:186} INFO - Started process (PID=1189) to work on /home/airflow/.local/lib/python3.12/site-packages/airflow/example_dags/example_subdag_operator.py
[2024-09-12T15:31:43.845+0000] {processor.py:914} INFO - Processing file /home/airflow/.local/lib/python3.12/site-packages/airflow/example_dags/example_subdag_operator.py for tasks to queue
[2024-09-12T15:31:43.912+0000] {logging_mixin.py:190} INFO - [2024-09-12T15:31:43.911+0000] {dagbag.py:587} INFO - Filling up the DagBag from /home/airflow/.local/lib/python3.12/site-packages/airflow/example_dags/example_subdag_operator.py
[2024-09-12T15:31:44.433+0000] {processor.py:925} INFO - DAG(s) 'example_subdag_operator.section-1', 'example_subdag_operator.section-2', 'example_subdag_operator' retrieved from /home/airflow/.local/lib/python3.12/site-packages/airflow/example_dags/example_subdag_operator.py
[2024-09-12T15:31:44.786+0000] {logging_mixin.py:190} INFO - [2024-09-12T15:31:44.777+0000] {dag.py:3211} INFO - Sync 3 DAGs
[2024-09-12T15:31:44.999+0000] {logging_mixin.py:190} INFO - [2024-09-12T15:31:44.999+0000] {dag.py:4138} INFO - Setting next_dagrun for example_subdag_operator to 2022-01-01 00:00:00+00:00, run_after=2022-01-01 00:00:00+00:00
[2024-09-12T15:31:45.037+0000] {logging_mixin.py:190} INFO - [2024-09-12T15:31:45.037+0000] {dag.py:4138} INFO - Setting next_dagrun for example_subdag_operator.section-1 to None, run_after=None
[2024-09-12T15:31:45.051+0000] {logging_mixin.py:190} INFO - [2024-09-12T15:31:45.051+0000] {dag.py:4138} INFO - Setting next_dagrun for example_subdag_operator.section-2 to None, run_after=None
[2024-09-12T15:31:45.103+0000] {logging_mixin.py:190} INFO - [2024-09-12T15:31:45.102+0000] {dag.py:3211} INFO - Sync 2 DAGs
[2024-09-12T15:31:45.168+0000] {logging_mixin.py:190} INFO - [2024-09-12T15:31:45.168+0000] {dag.py:4138} INFO - Setting next_dagrun for example_subdag_operator.section-1 to None, run_after=None
[2024-09-12T15:31:45.184+0000] {logging_mixin.py:190} INFO - [2024-09-12T15:31:45.184+0000] {dag.py:4138} INFO - Setting next_dagrun for example_subdag_operator.section-2 to None, run_after=None
[2024-09-12T15:31:45.335+0000] {processor.py:208} INFO - Processing /home/airflow/.local/lib/python3.12/site-packages/airflow/example_dags/example_subdag_operator.py took 1.566 seconds
[2024-09-12T15:32:27.286+0000] {processor.py:186} INFO - Started process (PID=1260) to work on /home/airflow/.local/lib/python3.12/site-packages/airflow/example_dags/example_subdag_operator.py
[2024-09-12T15:32:27.296+0000] {processor.py:914} INFO - Processing file /home/airflow/.local/lib/python3.12/site-packages/airflow/example_dags/example_subdag_operator.py for tasks to queue
[2024-09-12T15:32:27.303+0000] {logging_mixin.py:190} INFO - [2024-09-12T15:32:27.302+0000] {dagbag.py:587} INFO - Filling up the DagBag from /home/airflow/.local/lib/python3.12/site-packages/airflow/example_dags/example_subdag_operator.py
[2024-09-12T15:32:27.681+0000] {processor.py:925} INFO - DAG(s) 'example_subdag_operator.section-1', 'example_subdag_operator.section-2', 'example_subdag_operator' retrieved from /home/airflow/.local/lib/python3.12/site-packages/airflow/example_dags/example_subdag_operator.py
[2024-09-12T15:32:27.946+0000] {logging_mixin.py:190} INFO - [2024-09-12T15:32:27.912+0000] {dag.py:3211} INFO - Sync 3 DAGs
[2024-09-12T15:32:28.404+0000] {logging_mixin.py:190} INFO - [2024-09-12T15:32:28.404+0000] {dag.py:4138} INFO - Setting next_dagrun for example_subdag_operator to 2022-01-01 00:00:00+00:00, run_after=2022-01-01 00:00:00+00:00
[2024-09-12T15:32:28.457+0000] {logging_mixin.py:190} INFO - [2024-09-12T15:32:28.457+0000] {dag.py:4138} INFO - Setting next_dagrun for example_subdag_operator.section-1 to None, run_after=None
[2024-09-12T15:32:28.475+0000] {logging_mixin.py:190} INFO - [2024-09-12T15:32:28.475+0000] {dag.py:4138} INFO - Setting next_dagrun for example_subdag_operator.section-2 to None, run_after=None
[2024-09-12T15:32:28.535+0000] {logging_mixin.py:190} INFO - [2024-09-12T15:32:28.534+0000] {dag.py:3211} INFO - Sync 2 DAGs
[2024-09-12T15:32:28.617+0000] {logging_mixin.py:190} INFO - [2024-09-12T15:32:28.616+0000] {dag.py:4138} INFO - Setting next_dagrun for example_subdag_operator.section-1 to None, run_after=None
[2024-09-12T15:32:28.620+0000] {logging_mixin.py:190} INFO - [2024-09-12T15:32:28.619+0000] {dag.py:4138} INFO - Setting next_dagrun for example_subdag_operator.section-2 to None, run_after=None
[2024-09-12T15:32:28.721+0000] {processor.py:208} INFO - Processing /home/airflow/.local/lib/python3.12/site-packages/airflow/example_dags/example_subdag_operator.py took 1.489 seconds
[2024-09-12T15:33:04.510+0000] {processor.py:186} INFO - Started process (PID=1300) to work on /home/airflow/.local/lib/python3.12/site-packages/airflow/example_dags/example_subdag_operator.py
[2024-09-12T15:33:04.519+0000] {processor.py:914} INFO - Processing file /home/airflow/.local/lib/python3.12/site-packages/airflow/example_dags/example_subdag_operator.py for tasks to queue
[2024-09-12T15:33:04.529+0000] {logging_mixin.py:190} INFO - [2024-09-12T15:33:04.529+0000] {dagbag.py:587} INFO - Filling up the DagBag from /home/airflow/.local/lib/python3.12/site-packages/airflow/example_dags/example_subdag_operator.py
[2024-09-12T15:33:04.839+0000] {processor.py:925} INFO - DAG(s) 'example_subdag_operator.section-1', 'example_subdag_operator.section-2', 'example_subdag_operator' retrieved from /home/airflow/.local/lib/python3.12/site-packages/airflow/example_dags/example_subdag_operator.py
[2024-09-12T15:33:05.010+0000] {logging_mixin.py:190} INFO - [2024-09-12T15:33:05.009+0000] {dag.py:3211} INFO - Sync 3 DAGs
[2024-09-12T15:33:05.497+0000] {logging_mixin.py:190} INFO - [2024-09-12T15:33:05.497+0000] {dag.py:4138} INFO - Setting next_dagrun for example_subdag_operator to 2022-01-01 00:00:00+00:00, run_after=2022-01-01 00:00:00+00:00
[2024-09-12T15:33:05.559+0000] {logging_mixin.py:190} INFO - [2024-09-12T15:33:05.559+0000] {dag.py:4138} INFO - Setting next_dagrun for example_subdag_operator.section-1 to None, run_after=None
[2024-09-12T15:33:05.566+0000] {logging_mixin.py:190} INFO - [2024-09-12T15:33:05.565+0000] {dag.py:4138} INFO - Setting next_dagrun for example_subdag_operator.section-2 to None, run_after=None
[2024-09-12T15:33:05.648+0000] {logging_mixin.py:190} INFO - [2024-09-12T15:33:05.648+0000] {dag.py:3211} INFO - Sync 2 DAGs
[2024-09-12T15:33:05.713+0000] {logging_mixin.py:190} INFO - [2024-09-12T15:33:05.713+0000] {dag.py:4138} INFO - Setting next_dagrun for example_subdag_operator.section-1 to None, run_after=None
[2024-09-12T15:33:05.719+0000] {logging_mixin.py:190} INFO - [2024-09-12T15:33:05.719+0000] {dag.py:4138} INFO - Setting next_dagrun for example_subdag_operator.section-2 to None, run_after=None
[2024-09-12T15:33:05.893+0000] {processor.py:208} INFO - Processing /home/airflow/.local/lib/python3.12/site-packages/airflow/example_dags/example_subdag_operator.py took 1.399 seconds
[2024-09-12T15:33:49.915+0000] {processor.py:186} INFO - Started process (PID=1368) to work on /home/airflow/.local/lib/python3.12/site-packages/airflow/example_dags/example_subdag_operator.py
[2024-09-12T15:33:49.932+0000] {processor.py:914} INFO - Processing file /home/airflow/.local/lib/python3.12/site-packages/airflow/example_dags/example_subdag_operator.py for tasks to queue
[2024-09-12T15:33:49.946+0000] {logging_mixin.py:190} INFO - [2024-09-12T15:33:49.946+0000] {dagbag.py:587} INFO - Filling up the DagBag from /home/airflow/.local/lib/python3.12/site-packages/airflow/example_dags/example_subdag_operator.py
[2024-09-12T15:33:50.156+0000] {processor.py:925} INFO - DAG(s) 'example_subdag_operator.section-1', 'example_subdag_operator.section-2', 'example_subdag_operator' retrieved from /home/airflow/.local/lib/python3.12/site-packages/airflow/example_dags/example_subdag_operator.py
[2024-09-12T15:33:50.266+0000] {logging_mixin.py:190} INFO - [2024-09-12T15:33:50.265+0000] {dag.py:3211} INFO - Sync 3 DAGs
[2024-09-12T15:33:50.531+0000] {logging_mixin.py:190} INFO - [2024-09-12T15:33:50.530+0000] {dag.py:4138} INFO - Setting next_dagrun for example_subdag_operator to 2022-01-01 00:00:00+00:00, run_after=2022-01-01 00:00:00+00:00
[2024-09-12T15:33:50.572+0000] {logging_mixin.py:190} INFO - [2024-09-12T15:33:50.571+0000] {dag.py:4138} INFO - Setting next_dagrun for example_subdag_operator.section-1 to None, run_after=None
[2024-09-12T15:33:50.595+0000] {logging_mixin.py:190} INFO - [2024-09-12T15:33:50.595+0000] {dag.py:4138} INFO - Setting next_dagrun for example_subdag_operator.section-2 to None, run_after=None
[2024-09-12T15:33:50.687+0000] {logging_mixin.py:190} INFO - [2024-09-12T15:33:50.686+0000] {dag.py:3211} INFO - Sync 2 DAGs
[2024-09-12T15:33:50.763+0000] {logging_mixin.py:190} INFO - [2024-09-12T15:33:50.762+0000] {dag.py:4138} INFO - Setting next_dagrun for example_subdag_operator.section-1 to None, run_after=None
[2024-09-12T15:33:50.773+0000] {logging_mixin.py:190} INFO - [2024-09-12T15:33:50.773+0000] {dag.py:4138} INFO - Setting next_dagrun for example_subdag_operator.section-2 to None, run_after=None
[2024-09-12T15:33:50.905+0000] {processor.py:208} INFO - Processing /home/airflow/.local/lib/python3.12/site-packages/airflow/example_dags/example_subdag_operator.py took 1.042 seconds
[2024-09-12T15:34:26.220+0000] {processor.py:186} INFO - Started process (PID=1429) to work on /home/airflow/.local/lib/python3.12/site-packages/airflow/example_dags/example_subdag_operator.py
[2024-09-12T15:34:26.225+0000] {processor.py:914} INFO - Processing file /home/airflow/.local/lib/python3.12/site-packages/airflow/example_dags/example_subdag_operator.py for tasks to queue
[2024-09-12T15:34:26.228+0000] {logging_mixin.py:190} INFO - [2024-09-12T15:34:26.227+0000] {dagbag.py:587} INFO - Filling up the DagBag from /home/airflow/.local/lib/python3.12/site-packages/airflow/example_dags/example_subdag_operator.py
[2024-09-12T15:34:26.439+0000] {processor.py:925} INFO - DAG(s) 'example_subdag_operator.section-1', 'example_subdag_operator.section-2', 'example_subdag_operator' retrieved from /home/airflow/.local/lib/python3.12/site-packages/airflow/example_dags/example_subdag_operator.py
[2024-09-12T15:34:26.583+0000] {logging_mixin.py:190} INFO - [2024-09-12T15:34:26.582+0000] {dag.py:3211} INFO - Sync 3 DAGs
[2024-09-12T15:34:26.768+0000] {logging_mixin.py:190} INFO - [2024-09-12T15:34:26.767+0000] {dag.py:4138} INFO - Setting next_dagrun for example_subdag_operator to 2022-01-01 00:00:00+00:00, run_after=2022-01-01 00:00:00+00:00
[2024-09-12T15:34:26.808+0000] {logging_mixin.py:190} INFO - [2024-09-12T15:34:26.808+0000] {dag.py:4138} INFO - Setting next_dagrun for example_subdag_operator.section-1 to None, run_after=None
[2024-09-12T15:34:26.813+0000] {logging_mixin.py:190} INFO - [2024-09-12T15:34:26.812+0000] {dag.py:4138} INFO - Setting next_dagrun for example_subdag_operator.section-2 to None, run_after=None
[2024-09-12T15:34:26.859+0000] {logging_mixin.py:190} INFO - [2024-09-12T15:34:26.858+0000] {dag.py:3211} INFO - Sync 2 DAGs
[2024-09-12T15:34:26.893+0000] {logging_mixin.py:190} INFO - [2024-09-12T15:34:26.892+0000] {dag.py:4138} INFO - Setting next_dagrun for example_subdag_operator.section-1 to None, run_after=None
[2024-09-12T15:34:26.897+0000] {logging_mixin.py:190} INFO - [2024-09-12T15:34:26.897+0000] {dag.py:4138} INFO - Setting next_dagrun for example_subdag_operator.section-2 to None, run_after=None
[2024-09-12T15:34:26.968+0000] {processor.py:208} INFO - Processing /home/airflow/.local/lib/python3.12/site-packages/airflow/example_dags/example_subdag_operator.py took 0.782 seconds
[2024-09-12T15:35:18.149+0000] {processor.py:186} INFO - Started process (PID=1502) to work on /home/airflow/.local/lib/python3.12/site-packages/airflow/example_dags/example_subdag_operator.py
[2024-09-12T15:35:18.175+0000] {processor.py:914} INFO - Processing file /home/airflow/.local/lib/python3.12/site-packages/airflow/example_dags/example_subdag_operator.py for tasks to queue
[2024-09-12T15:35:18.195+0000] {logging_mixin.py:190} INFO - [2024-09-12T15:35:18.194+0000] {dagbag.py:587} INFO - Filling up the DagBag from /home/airflow/.local/lib/python3.12/site-packages/airflow/example_dags/example_subdag_operator.py
[2024-09-12T15:35:18.733+0000] {processor.py:925} INFO - DAG(s) 'example_subdag_operator.section-1', 'example_subdag_operator.section-2', 'example_subdag_operator' retrieved from /home/airflow/.local/lib/python3.12/site-packages/airflow/example_dags/example_subdag_operator.py
[2024-09-12T15:35:18.965+0000] {logging_mixin.py:190} INFO - [2024-09-12T15:35:18.964+0000] {dag.py:3211} INFO - Sync 3 DAGs
[2024-09-12T15:35:19.350+0000] {logging_mixin.py:190} INFO - [2024-09-12T15:35:19.349+0000] {dag.py:4138} INFO - Setting next_dagrun for example_subdag_operator to 2022-01-01 00:00:00+00:00, run_after=2022-01-01 00:00:00+00:00
[2024-09-12T15:35:19.401+0000] {logging_mixin.py:190} INFO - [2024-09-12T15:35:19.401+0000] {dag.py:4138} INFO - Setting next_dagrun for example_subdag_operator.section-1 to None, run_after=None
[2024-09-12T15:35:19.404+0000] {logging_mixin.py:190} INFO - [2024-09-12T15:35:19.404+0000] {dag.py:4138} INFO - Setting next_dagrun for example_subdag_operator.section-2 to None, run_after=None
[2024-09-12T15:35:19.507+0000] {logging_mixin.py:190} INFO - [2024-09-12T15:35:19.506+0000] {dag.py:3211} INFO - Sync 2 DAGs
[2024-09-12T15:35:19.633+0000] {logging_mixin.py:190} INFO - [2024-09-12T15:35:19.633+0000] {dag.py:4138} INFO - Setting next_dagrun for example_subdag_operator.section-1 to None, run_after=None
[2024-09-12T15:35:19.840+0000] {logging_mixin.py:190} INFO - [2024-09-12T15:35:19.839+0000] {dag.py:4138} INFO - Setting next_dagrun for example_subdag_operator.section-2 to None, run_after=None
[2024-09-12T15:35:20.160+0000] {processor.py:208} INFO - Processing /home/airflow/.local/lib/python3.12/site-packages/airflow/example_dags/example_subdag_operator.py took 2.013 seconds
[2024-09-12T15:36:00.513+0000] {processor.py:186} INFO - Started process (PID=1543) to work on /home/airflow/.local/lib/python3.12/site-packages/airflow/example_dags/example_subdag_operator.py
[2024-09-12T15:36:00.609+0000] {processor.py:914} INFO - Processing file /home/airflow/.local/lib/python3.12/site-packages/airflow/example_dags/example_subdag_operator.py for tasks to queue
[2024-09-12T15:36:00.623+0000] {logging_mixin.py:190} INFO - [2024-09-12T15:36:00.622+0000] {dagbag.py:587} INFO - Filling up the DagBag from /home/airflow/.local/lib/python3.12/site-packages/airflow/example_dags/example_subdag_operator.py
[2024-09-12T15:36:01.388+0000] {processor.py:925} INFO - DAG(s) 'example_subdag_operator.section-1', 'example_subdag_operator.section-2', 'example_subdag_operator' retrieved from /home/airflow/.local/lib/python3.12/site-packages/airflow/example_dags/example_subdag_operator.py
[2024-09-12T15:36:01.696+0000] {logging_mixin.py:190} INFO - [2024-09-12T15:36:01.692+0000] {dag.py:3211} INFO - Sync 3 DAGs
[2024-09-12T15:36:02.067+0000] {logging_mixin.py:190} INFO - [2024-09-12T15:36:02.067+0000] {dag.py:4138} INFO - Setting next_dagrun for example_subdag_operator to 2022-01-01 00:00:00+00:00, run_after=2022-01-01 00:00:00+00:00
[2024-09-12T15:36:02.115+0000] {logging_mixin.py:190} INFO - [2024-09-12T15:36:02.115+0000] {dag.py:4138} INFO - Setting next_dagrun for example_subdag_operator.section-1 to None, run_after=None
[2024-09-12T15:36:02.120+0000] {logging_mixin.py:190} INFO - [2024-09-12T15:36:02.119+0000] {dag.py:4138} INFO - Setting next_dagrun for example_subdag_operator.section-2 to None, run_after=None
[2024-09-12T15:36:02.205+0000] {logging_mixin.py:190} INFO - [2024-09-12T15:36:02.203+0000] {dag.py:3211} INFO - Sync 2 DAGs
[2024-09-12T15:36:02.285+0000] {logging_mixin.py:190} INFO - [2024-09-12T15:36:02.284+0000] {dag.py:4138} INFO - Setting next_dagrun for example_subdag_operator.section-1 to None, run_after=None
[2024-09-12T15:36:02.312+0000] {logging_mixin.py:190} INFO - [2024-09-12T15:36:02.312+0000] {dag.py:4138} INFO - Setting next_dagrun for example_subdag_operator.section-2 to None, run_after=None
[2024-09-12T15:36:02.521+0000] {processor.py:208} INFO - Processing /home/airflow/.local/lib/python3.12/site-packages/airflow/example_dags/example_subdag_operator.py took 2.069 seconds
[2024-09-12T15:36:37.868+0000] {processor.py:186} INFO - Started process (PID=1585) to work on /home/airflow/.local/lib/python3.12/site-packages/airflow/example_dags/example_subdag_operator.py
[2024-09-12T15:36:37.878+0000] {processor.py:914} INFO - Processing file /home/airflow/.local/lib/python3.12/site-packages/airflow/example_dags/example_subdag_operator.py for tasks to queue
[2024-09-12T15:36:37.886+0000] {logging_mixin.py:190} INFO - [2024-09-12T15:36:37.886+0000] {dagbag.py:587} INFO - Filling up the DagBag from /home/airflow/.local/lib/python3.12/site-packages/airflow/example_dags/example_subdag_operator.py
[2024-09-12T15:36:38.160+0000] {processor.py:925} INFO - DAG(s) 'example_subdag_operator.section-1', 'example_subdag_operator.section-2', 'example_subdag_operator' retrieved from /home/airflow/.local/lib/python3.12/site-packages/airflow/example_dags/example_subdag_operator.py
[2024-09-12T15:36:38.252+0000] {logging_mixin.py:190} INFO - [2024-09-12T15:36:38.251+0000] {dag.py:3211} INFO - Sync 3 DAGs
[2024-09-12T15:36:38.628+0000] {logging_mixin.py:190} INFO - [2024-09-12T15:36:38.627+0000] {dag.py:4138} INFO - Setting next_dagrun for example_subdag_operator to 2022-01-01 00:00:00+00:00, run_after=2022-01-01 00:00:00+00:00
[2024-09-12T15:36:38.703+0000] {logging_mixin.py:190} INFO - [2024-09-12T15:36:38.703+0000] {dag.py:4138} INFO - Setting next_dagrun for example_subdag_operator.section-1 to None, run_after=None
[2024-09-12T15:36:38.706+0000] {logging_mixin.py:190} INFO - [2024-09-12T15:36:38.706+0000] {dag.py:4138} INFO - Setting next_dagrun for example_subdag_operator.section-2 to None, run_after=None
[2024-09-12T15:36:38.749+0000] {logging_mixin.py:190} INFO - [2024-09-12T15:36:38.749+0000] {dag.py:3211} INFO - Sync 2 DAGs
[2024-09-12T15:36:38.811+0000] {logging_mixin.py:190} INFO - [2024-09-12T15:36:38.811+0000] {dag.py:4138} INFO - Setting next_dagrun for example_subdag_operator.section-1 to None, run_after=None
[2024-09-12T15:36:38.822+0000] {logging_mixin.py:190} INFO - [2024-09-12T15:36:38.822+0000] {dag.py:4138} INFO - Setting next_dagrun for example_subdag_operator.section-2 to None, run_after=None
[2024-09-12T15:36:39.019+0000] {processor.py:208} INFO - Processing /home/airflow/.local/lib/python3.12/site-packages/airflow/example_dags/example_subdag_operator.py took 1.176 seconds
[2024-09-12T15:37:42.553+0000] {processor.py:186} INFO - Started process (PID=1665) to work on /home/airflow/.local/lib/python3.12/site-packages/airflow/example_dags/example_subdag_operator.py
[2024-09-12T15:37:42.584+0000] {processor.py:914} INFO - Processing file /home/airflow/.local/lib/python3.12/site-packages/airflow/example_dags/example_subdag_operator.py for tasks to queue
[2024-09-12T15:37:42.604+0000] {logging_mixin.py:190} INFO - [2024-09-12T15:37:42.603+0000] {dagbag.py:587} INFO - Filling up the DagBag from /home/airflow/.local/lib/python3.12/site-packages/airflow/example_dags/example_subdag_operator.py
[2024-09-12T15:37:42.966+0000] {processor.py:925} INFO - DAG(s) 'example_subdag_operator.section-1', 'example_subdag_operator.section-2', 'example_subdag_operator' retrieved from /home/airflow/.local/lib/python3.12/site-packages/airflow/example_dags/example_subdag_operator.py
[2024-09-12T15:37:43.208+0000] {logging_mixin.py:190} INFO - [2024-09-12T15:37:43.182+0000] {dag.py:3211} INFO - Sync 3 DAGs
[2024-09-12T15:37:43.586+0000] {logging_mixin.py:190} INFO - [2024-09-12T15:37:43.585+0000] {dag.py:4138} INFO - Setting next_dagrun for example_subdag_operator to 2022-01-01 00:00:00+00:00, run_after=2022-01-01 00:00:00+00:00
[2024-09-12T15:37:43.694+0000] {logging_mixin.py:190} INFO - [2024-09-12T15:37:43.694+0000] {dag.py:4138} INFO - Setting next_dagrun for example_subdag_operator.section-1 to None, run_after=None
[2024-09-12T15:37:43.715+0000] {logging_mixin.py:190} INFO - [2024-09-12T15:37:43.715+0000] {dag.py:4138} INFO - Setting next_dagrun for example_subdag_operator.section-2 to None, run_after=None
[2024-09-12T15:37:43.788+0000] {logging_mixin.py:190} INFO - [2024-09-12T15:37:43.787+0000] {dag.py:3211} INFO - Sync 2 DAGs
[2024-09-12T15:37:43.985+0000] {logging_mixin.py:190} INFO - [2024-09-12T15:37:43.984+0000] {dag.py:4138} INFO - Setting next_dagrun for example_subdag_operator.section-1 to None, run_after=None
[2024-09-12T15:37:43.995+0000] {logging_mixin.py:190} INFO - [2024-09-12T15:37:43.994+0000] {dag.py:4138} INFO - Setting next_dagrun for example_subdag_operator.section-2 to None, run_after=None
[2024-09-12T15:37:44.141+0000] {processor.py:208} INFO - Processing /home/airflow/.local/lib/python3.12/site-packages/airflow/example_dags/example_subdag_operator.py took 1.643 seconds
[2024-09-12T15:38:30.917+0000] {processor.py:186} INFO - Started process (PID=1708) to work on /home/airflow/.local/lib/python3.12/site-packages/airflow/example_dags/example_subdag_operator.py
[2024-09-12T15:38:30.967+0000] {processor.py:914} INFO - Processing file /home/airflow/.local/lib/python3.12/site-packages/airflow/example_dags/example_subdag_operator.py for tasks to queue
[2024-09-12T15:38:30.981+0000] {logging_mixin.py:190} INFO - [2024-09-12T15:38:30.976+0000] {dagbag.py:587} INFO - Filling up the DagBag from /home/airflow/.local/lib/python3.12/site-packages/airflow/example_dags/example_subdag_operator.py
[2024-09-12T15:38:31.466+0000] {processor.py:925} INFO - DAG(s) 'example_subdag_operator.section-1', 'example_subdag_operator.section-2', 'example_subdag_operator' retrieved from /home/airflow/.local/lib/python3.12/site-packages/airflow/example_dags/example_subdag_operator.py
[2024-09-12T15:38:31.617+0000] {logging_mixin.py:190} INFO - [2024-09-12T15:38:31.616+0000] {dag.py:3211} INFO - Sync 3 DAGs
[2024-09-12T15:38:31.871+0000] {logging_mixin.py:190} INFO - [2024-09-12T15:38:31.870+0000] {dag.py:4138} INFO - Setting next_dagrun for example_subdag_operator to 2022-01-01 00:00:00+00:00, run_after=2022-01-01 00:00:00+00:00
[2024-09-12T15:38:31.968+0000] {logging_mixin.py:190} INFO - [2024-09-12T15:38:31.967+0000] {dag.py:4138} INFO - Setting next_dagrun for example_subdag_operator.section-1 to None, run_after=None
[2024-09-12T15:38:32.031+0000] {logging_mixin.py:190} INFO - [2024-09-12T15:38:32.030+0000] {dag.py:4138} INFO - Setting next_dagrun for example_subdag_operator.section-2 to None, run_after=None
[2024-09-12T15:38:32.173+0000] {logging_mixin.py:190} INFO - [2024-09-12T15:38:32.173+0000] {dag.py:3211} INFO - Sync 2 DAGs
[2024-09-12T15:38:32.391+0000] {logging_mixin.py:190} INFO - [2024-09-12T15:38:32.390+0000] {dag.py:4138} INFO - Setting next_dagrun for example_subdag_operator.section-1 to None, run_after=None
[2024-09-12T15:38:32.406+0000] {logging_mixin.py:190} INFO - [2024-09-12T15:38:32.406+0000] {dag.py:4138} INFO - Setting next_dagrun for example_subdag_operator.section-2 to None, run_after=None
[2024-09-12T15:38:32.677+0000] {processor.py:208} INFO - Processing /home/airflow/.local/lib/python3.12/site-packages/airflow/example_dags/example_subdag_operator.py took 1.849 seconds
[2024-09-12T15:39:34.151+0000] {processor.py:186} INFO - Started process (PID=1764) to work on /home/airflow/.local/lib/python3.12/site-packages/airflow/example_dags/example_subdag_operator.py
[2024-09-12T15:39:34.226+0000] {processor.py:914} INFO - Processing file /home/airflow/.local/lib/python3.12/site-packages/airflow/example_dags/example_subdag_operator.py for tasks to queue
[2024-09-12T15:39:34.244+0000] {logging_mixin.py:190} INFO - [2024-09-12T15:39:34.243+0000] {dagbag.py:587} INFO - Filling up the DagBag from /home/airflow/.local/lib/python3.12/site-packages/airflow/example_dags/example_subdag_operator.py
[2024-09-12T15:39:34.905+0000] {processor.py:925} INFO - DAG(s) 'example_subdag_operator.section-1', 'example_subdag_operator.section-2', 'example_subdag_operator' retrieved from /home/airflow/.local/lib/python3.12/site-packages/airflow/example_dags/example_subdag_operator.py
[2024-09-12T15:39:35.270+0000] {logging_mixin.py:190} INFO - [2024-09-12T15:39:35.269+0000] {dag.py:3211} INFO - Sync 3 DAGs
[2024-09-12T15:39:35.833+0000] {logging_mixin.py:190} INFO - [2024-09-12T15:39:35.833+0000] {dag.py:4138} INFO - Setting next_dagrun for example_subdag_operator to 2022-01-01 00:00:00+00:00, run_after=2022-01-01 00:00:00+00:00
[2024-09-12T15:39:35.890+0000] {logging_mixin.py:190} INFO - [2024-09-12T15:39:35.883+0000] {dag.py:4138} INFO - Setting next_dagrun for example_subdag_operator.section-1 to None, run_after=None
[2024-09-12T15:39:35.912+0000] {logging_mixin.py:190} INFO - [2024-09-12T15:39:35.900+0000] {dag.py:4138} INFO - Setting next_dagrun for example_subdag_operator.section-2 to None, run_after=None
[2024-09-12T15:39:36.143+0000] {logging_mixin.py:190} INFO - [2024-09-12T15:39:36.142+0000] {dag.py:3211} INFO - Sync 2 DAGs
[2024-09-12T15:39:36.265+0000] {logging_mixin.py:190} INFO - [2024-09-12T15:39:36.264+0000] {dag.py:4138} INFO - Setting next_dagrun for example_subdag_operator.section-1 to None, run_after=None
[2024-09-12T15:39:36.282+0000] {logging_mixin.py:190} INFO - [2024-09-12T15:39:36.282+0000] {dag.py:4138} INFO - Setting next_dagrun for example_subdag_operator.section-2 to None, run_after=None
[2024-09-12T15:39:36.415+0000] {processor.py:208} INFO - Processing /home/airflow/.local/lib/python3.12/site-packages/airflow/example_dags/example_subdag_operator.py took 2.475 seconds
[2024-09-12T15:40:17.193+0000] {processor.py:186} INFO - Started process (PID=1806) to work on /home/airflow/.local/lib/python3.12/site-packages/airflow/example_dags/example_subdag_operator.py
[2024-09-12T15:40:17.221+0000] {processor.py:914} INFO - Processing file /home/airflow/.local/lib/python3.12/site-packages/airflow/example_dags/example_subdag_operator.py for tasks to queue
[2024-09-12T15:40:17.247+0000] {logging_mixin.py:190} INFO - [2024-09-12T15:40:17.246+0000] {dagbag.py:587} INFO - Filling up the DagBag from /home/airflow/.local/lib/python3.12/site-packages/airflow/example_dags/example_subdag_operator.py
[2024-09-12T15:40:17.455+0000] {processor.py:925} INFO - DAG(s) 'example_subdag_operator.section-1', 'example_subdag_operator.section-2', 'example_subdag_operator' retrieved from /home/airflow/.local/lib/python3.12/site-packages/airflow/example_dags/example_subdag_operator.py
[2024-09-12T15:40:17.782+0000] {logging_mixin.py:190} INFO - [2024-09-12T15:40:17.780+0000] {dag.py:3211} INFO - Sync 3 DAGs
[2024-09-12T15:40:18.251+0000] {logging_mixin.py:190} INFO - [2024-09-12T15:40:18.251+0000] {dag.py:4138} INFO - Setting next_dagrun for example_subdag_operator to 2022-01-01 00:00:00+00:00, run_after=2022-01-01 00:00:00+00:00
[2024-09-12T15:40:18.306+0000] {logging_mixin.py:190} INFO - [2024-09-12T15:40:18.306+0000] {dag.py:4138} INFO - Setting next_dagrun for example_subdag_operator.section-1 to None, run_after=None
[2024-09-12T15:40:18.318+0000] {logging_mixin.py:190} INFO - [2024-09-12T15:40:18.317+0000] {dag.py:4138} INFO - Setting next_dagrun for example_subdag_operator.section-2 to None, run_after=None
[2024-09-12T15:40:18.400+0000] {logging_mixin.py:190} INFO - [2024-09-12T15:40:18.399+0000] {dag.py:3211} INFO - Sync 2 DAGs
[2024-09-12T15:40:18.558+0000] {logging_mixin.py:190} INFO - [2024-09-12T15:40:18.558+0000] {dag.py:4138} INFO - Setting next_dagrun for example_subdag_operator.section-1 to None, run_after=None
[2024-09-12T15:40:18.709+0000] {logging_mixin.py:190} INFO - [2024-09-12T15:40:18.709+0000] {dag.py:4138} INFO - Setting next_dagrun for example_subdag_operator.section-2 to None, run_after=None
[2024-09-12T15:40:19.331+0000] {processor.py:208} INFO - Processing /home/airflow/.local/lib/python3.12/site-packages/airflow/example_dags/example_subdag_operator.py took 2.266 seconds
[2024-09-12T15:44:14.283+0000] {processor.py:186} INFO - Started process (PID=1877) to work on /home/airflow/.local/lib/python3.12/site-packages/airflow/example_dags/example_subdag_operator.py
[2024-09-12T15:44:14.310+0000] {processor.py:914} INFO - Processing file /home/airflow/.local/lib/python3.12/site-packages/airflow/example_dags/example_subdag_operator.py for tasks to queue
[2024-09-12T15:44:14.317+0000] {logging_mixin.py:190} INFO - [2024-09-12T15:44:14.312+0000] {dagbag.py:587} INFO - Filling up the DagBag from /home/airflow/.local/lib/python3.12/site-packages/airflow/example_dags/example_subdag_operator.py
[2024-09-12T15:44:16.362+0000] {processor.py:925} INFO - DAG(s) 'example_subdag_operator.section-1', 'example_subdag_operator.section-2', 'example_subdag_operator' retrieved from /home/airflow/.local/lib/python3.12/site-packages/airflow/example_dags/example_subdag_operator.py
[2024-09-12T15:44:16.598+0000] {logging_mixin.py:190} INFO - [2024-09-12T15:44:16.598+0000] {dag.py:3211} INFO - Sync 3 DAGs
[2024-09-12T15:44:17.121+0000] {logging_mixin.py:190} INFO - [2024-09-12T15:44:17.120+0000] {dag.py:4138} INFO - Setting next_dagrun for example_subdag_operator to 2022-01-01 00:00:00+00:00, run_after=2022-01-01 00:00:00+00:00
[2024-09-12T15:44:17.176+0000] {logging_mixin.py:190} INFO - [2024-09-12T15:44:17.176+0000] {dag.py:4138} INFO - Setting next_dagrun for example_subdag_operator.section-1 to None, run_after=None
[2024-09-12T15:44:17.210+0000] {logging_mixin.py:190} INFO - [2024-09-12T15:44:17.210+0000] {dag.py:4138} INFO - Setting next_dagrun for example_subdag_operator.section-2 to None, run_after=None
[2024-09-12T15:44:17.307+0000] {logging_mixin.py:190} INFO - [2024-09-12T15:44:17.306+0000] {dag.py:3211} INFO - Sync 2 DAGs
[2024-09-12T15:44:17.418+0000] {logging_mixin.py:190} INFO - [2024-09-12T15:44:17.417+0000] {dag.py:4138} INFO - Setting next_dagrun for example_subdag_operator.section-1 to None, run_after=None
[2024-09-12T15:44:17.434+0000] {logging_mixin.py:190} INFO - [2024-09-12T15:44:17.433+0000] {dag.py:4138} INFO - Setting next_dagrun for example_subdag_operator.section-2 to None, run_after=None
[2024-09-12T15:44:17.884+0000] {processor.py:208} INFO - Processing /home/airflow/.local/lib/python3.12/site-packages/airflow/example_dags/example_subdag_operator.py took 3.715 seconds
[2024-09-12T15:45:14.030+0000] {processor.py:186} INFO - Started process (PID=1950) to work on /home/airflow/.local/lib/python3.12/site-packages/airflow/example_dags/example_subdag_operator.py
[2024-09-12T15:45:14.036+0000] {processor.py:914} INFO - Processing file /home/airflow/.local/lib/python3.12/site-packages/airflow/example_dags/example_subdag_operator.py for tasks to queue
[2024-09-12T15:45:14.061+0000] {logging_mixin.py:190} INFO - [2024-09-12T15:45:14.057+0000] {dagbag.py:587} INFO - Filling up the DagBag from /home/airflow/.local/lib/python3.12/site-packages/airflow/example_dags/example_subdag_operator.py
[2024-09-12T15:45:14.389+0000] {processor.py:925} INFO - DAG(s) 'example_subdag_operator.section-1', 'example_subdag_operator.section-2', 'example_subdag_operator' retrieved from /home/airflow/.local/lib/python3.12/site-packages/airflow/example_dags/example_subdag_operator.py
[2024-09-12T15:45:14.551+0000] {logging_mixin.py:190} INFO - [2024-09-12T15:45:14.550+0000] {dag.py:3211} INFO - Sync 3 DAGs
[2024-09-12T15:45:14.751+0000] {logging_mixin.py:190} INFO - [2024-09-12T15:45:14.750+0000] {dag.py:4138} INFO - Setting next_dagrun for example_subdag_operator to 2022-01-01 00:00:00+00:00, run_after=2022-01-01 00:00:00+00:00
[2024-09-12T15:45:14.791+0000] {logging_mixin.py:190} INFO - [2024-09-12T15:45:14.782+0000] {dag.py:4138} INFO - Setting next_dagrun for example_subdag_operator.section-1 to None, run_after=None
[2024-09-12T15:45:14.812+0000] {logging_mixin.py:190} INFO - [2024-09-12T15:45:14.811+0000] {dag.py:4138} INFO - Setting next_dagrun for example_subdag_operator.section-2 to None, run_after=None
[2024-09-12T15:45:14.866+0000] {logging_mixin.py:190} INFO - [2024-09-12T15:45:14.866+0000] {dag.py:3211} INFO - Sync 2 DAGs
[2024-09-12T15:45:14.910+0000] {logging_mixin.py:190} INFO - [2024-09-12T15:45:14.909+0000] {dag.py:4138} INFO - Setting next_dagrun for example_subdag_operator.section-1 to None, run_after=None
[2024-09-12T15:45:14.921+0000] {logging_mixin.py:190} INFO - [2024-09-12T15:45:14.920+0000] {dag.py:4138} INFO - Setting next_dagrun for example_subdag_operator.section-2 to None, run_after=None
[2024-09-12T15:45:15.040+0000] {processor.py:208} INFO - Processing /home/airflow/.local/lib/python3.12/site-packages/airflow/example_dags/example_subdag_operator.py took 1.099 seconds
[2024-09-12T15:45:52.619+0000] {processor.py:186} INFO - Started process (PID=2002) to work on /home/airflow/.local/lib/python3.12/site-packages/airflow/example_dags/example_subdag_operator.py
[2024-09-12T15:45:52.622+0000] {processor.py:914} INFO - Processing file /home/airflow/.local/lib/python3.12/site-packages/airflow/example_dags/example_subdag_operator.py for tasks to queue
[2024-09-12T15:45:52.629+0000] {logging_mixin.py:190} INFO - [2024-09-12T15:45:52.629+0000] {dagbag.py:587} INFO - Filling up the DagBag from /home/airflow/.local/lib/python3.12/site-packages/airflow/example_dags/example_subdag_operator.py
[2024-09-12T15:45:52.802+0000] {processor.py:925} INFO - DAG(s) 'example_subdag_operator.section-1', 'example_subdag_operator.section-2', 'example_subdag_operator' retrieved from /home/airflow/.local/lib/python3.12/site-packages/airflow/example_dags/example_subdag_operator.py
[2024-09-12T15:45:52.909+0000] {logging_mixin.py:190} INFO - [2024-09-12T15:45:52.908+0000] {dag.py:3211} INFO - Sync 3 DAGs
[2024-09-12T15:45:53.052+0000] {logging_mixin.py:190} INFO - [2024-09-12T15:45:53.051+0000] {dag.py:4138} INFO - Setting next_dagrun for example_subdag_operator to 2022-01-01 00:00:00+00:00, run_after=2022-01-01 00:00:00+00:00
[2024-09-12T15:45:53.101+0000] {logging_mixin.py:190} INFO - [2024-09-12T15:45:53.101+0000] {dag.py:4138} INFO - Setting next_dagrun for example_subdag_operator.section-1 to None, run_after=None
[2024-09-12T15:45:53.124+0000] {logging_mixin.py:190} INFO - [2024-09-12T15:45:53.123+0000] {dag.py:4138} INFO - Setting next_dagrun for example_subdag_operator.section-2 to None, run_after=None
[2024-09-12T15:45:53.191+0000] {logging_mixin.py:190} INFO - [2024-09-12T15:45:53.190+0000] {dag.py:3211} INFO - Sync 2 DAGs
[2024-09-12T15:45:53.228+0000] {logging_mixin.py:190} INFO - [2024-09-12T15:45:53.228+0000] {dag.py:4138} INFO - Setting next_dagrun for example_subdag_operator.section-1 to None, run_after=None
[2024-09-12T15:45:53.232+0000] {logging_mixin.py:190} INFO - [2024-09-12T15:45:53.231+0000] {dag.py:4138} INFO - Setting next_dagrun for example_subdag_operator.section-2 to None, run_after=None
[2024-09-12T15:45:53.368+0000] {processor.py:208} INFO - Processing /home/airflow/.local/lib/python3.12/site-packages/airflow/example_dags/example_subdag_operator.py took 0.773 seconds
[2024-09-12T15:46:49.459+0000] {processor.py:186} INFO - Started process (PID=2067) to work on /home/airflow/.local/lib/python3.12/site-packages/airflow/example_dags/example_subdag_operator.py
[2024-09-12T15:46:49.461+0000] {processor.py:914} INFO - Processing file /home/airflow/.local/lib/python3.12/site-packages/airflow/example_dags/example_subdag_operator.py for tasks to queue
[2024-09-12T15:46:49.467+0000] {logging_mixin.py:190} INFO - [2024-09-12T15:46:49.463+0000] {dagbag.py:587} INFO - Filling up the DagBag from /home/airflow/.local/lib/python3.12/site-packages/airflow/example_dags/example_subdag_operator.py
[2024-09-12T15:46:49.724+0000] {processor.py:925} INFO - DAG(s) 'example_subdag_operator.section-1', 'example_subdag_operator.section-2', 'example_subdag_operator' retrieved from /home/airflow/.local/lib/python3.12/site-packages/airflow/example_dags/example_subdag_operator.py
[2024-09-12T15:46:49.922+0000] {logging_mixin.py:190} INFO - [2024-09-12T15:46:49.922+0000] {dag.py:3211} INFO - Sync 3 DAGs
[2024-09-12T15:46:50.160+0000] {logging_mixin.py:190} INFO - [2024-09-12T15:46:50.160+0000] {dag.py:4138} INFO - Setting next_dagrun for example_subdag_operator to 2022-01-01 00:00:00+00:00, run_after=2022-01-01 00:00:00+00:00
[2024-09-12T15:46:50.183+0000] {logging_mixin.py:190} INFO - [2024-09-12T15:46:50.183+0000] {dag.py:4138} INFO - Setting next_dagrun for example_subdag_operator.section-1 to None, run_after=None
[2024-09-12T15:46:50.198+0000] {logging_mixin.py:190} INFO - [2024-09-12T15:46:50.197+0000] {dag.py:4138} INFO - Setting next_dagrun for example_subdag_operator.section-2 to None, run_after=None
[2024-09-12T15:46:50.265+0000] {logging_mixin.py:190} INFO - [2024-09-12T15:46:50.265+0000] {dag.py:3211} INFO - Sync 2 DAGs
[2024-09-12T15:46:50.319+0000] {logging_mixin.py:190} INFO - [2024-09-12T15:46:50.319+0000] {dag.py:4138} INFO - Setting next_dagrun for example_subdag_operator.section-1 to None, run_after=None
[2024-09-12T15:46:50.364+0000] {logging_mixin.py:190} INFO - [2024-09-12T15:46:50.363+0000] {dag.py:4138} INFO - Setting next_dagrun for example_subdag_operator.section-2 to None, run_after=None
[2024-09-12T15:46:50.512+0000] {processor.py:208} INFO - Processing /home/airflow/.local/lib/python3.12/site-packages/airflow/example_dags/example_subdag_operator.py took 1.079 seconds
[2024-09-12T15:47:41.270+0000] {processor.py:186} INFO - Started process (PID=2132) to work on /home/airflow/.local/lib/python3.12/site-packages/airflow/example_dags/example_subdag_operator.py
[2024-09-12T15:47:41.275+0000] {processor.py:914} INFO - Processing file /home/airflow/.local/lib/python3.12/site-packages/airflow/example_dags/example_subdag_operator.py for tasks to queue
[2024-09-12T15:47:41.303+0000] {logging_mixin.py:190} INFO - [2024-09-12T15:47:41.302+0000] {dagbag.py:587} INFO - Filling up the DagBag from /home/airflow/.local/lib/python3.12/site-packages/airflow/example_dags/example_subdag_operator.py
[2024-09-12T15:47:41.819+0000] {processor.py:925} INFO - DAG(s) 'example_subdag_operator.section-1', 'example_subdag_operator.section-2', 'example_subdag_operator' retrieved from /home/airflow/.local/lib/python3.12/site-packages/airflow/example_dags/example_subdag_operator.py
[2024-09-12T15:47:42.152+0000] {logging_mixin.py:190} INFO - [2024-09-12T15:47:42.151+0000] {dag.py:3211} INFO - Sync 3 DAGs
[2024-09-12T15:47:42.417+0000] {logging_mixin.py:190} INFO - [2024-09-12T15:47:42.416+0000] {dag.py:4138} INFO - Setting next_dagrun for example_subdag_operator to 2022-01-01 00:00:00+00:00, run_after=2022-01-01 00:00:00+00:00
[2024-09-12T15:47:42.558+0000] {logging_mixin.py:190} INFO - [2024-09-12T15:47:42.557+0000] {dag.py:4138} INFO - Setting next_dagrun for example_subdag_operator.section-1 to None, run_after=None
[2024-09-12T15:47:42.574+0000] {logging_mixin.py:190} INFO - [2024-09-12T15:47:42.573+0000] {dag.py:4138} INFO - Setting next_dagrun for example_subdag_operator.section-2 to None, run_after=None
[2024-09-12T15:47:42.723+0000] {logging_mixin.py:190} INFO - [2024-09-12T15:47:42.723+0000] {dag.py:3211} INFO - Sync 2 DAGs
[2024-09-12T15:47:42.774+0000] {logging_mixin.py:190} INFO - [2024-09-12T15:47:42.773+0000] {dag.py:4138} INFO - Setting next_dagrun for example_subdag_operator.section-1 to None, run_after=None
[2024-09-12T15:47:42.789+0000] {logging_mixin.py:190} INFO - [2024-09-12T15:47:42.788+0000] {dag.py:4138} INFO - Setting next_dagrun for example_subdag_operator.section-2 to None, run_after=None
[2024-09-12T15:47:42.917+0000] {processor.py:208} INFO - Processing /home/airflow/.local/lib/python3.12/site-packages/airflow/example_dags/example_subdag_operator.py took 1.682 seconds
[2024-09-12T15:48:25.943+0000] {processor.py:186} INFO - Started process (PID=2193) to work on /home/airflow/.local/lib/python3.12/site-packages/airflow/example_dags/example_subdag_operator.py
[2024-09-12T15:48:25.948+0000] {processor.py:914} INFO - Processing file /home/airflow/.local/lib/python3.12/site-packages/airflow/example_dags/example_subdag_operator.py for tasks to queue
[2024-09-12T15:48:25.978+0000] {logging_mixin.py:190} INFO - [2024-09-12T15:48:25.950+0000] {dagbag.py:587} INFO - Filling up the DagBag from /home/airflow/.local/lib/python3.12/site-packages/airflow/example_dags/example_subdag_operator.py
[2024-09-12T15:48:26.403+0000] {processor.py:925} INFO - DAG(s) 'example_subdag_operator.section-1', 'example_subdag_operator.section-2', 'example_subdag_operator' retrieved from /home/airflow/.local/lib/python3.12/site-packages/airflow/example_dags/example_subdag_operator.py
[2024-09-12T15:48:26.607+0000] {logging_mixin.py:190} INFO - [2024-09-12T15:48:26.607+0000] {dag.py:3211} INFO - Sync 3 DAGs
[2024-09-12T15:48:26.920+0000] {logging_mixin.py:190} INFO - [2024-09-12T15:48:26.901+0000] {dag.py:4138} INFO - Setting next_dagrun for example_subdag_operator to 2022-01-01 00:00:00+00:00, run_after=2022-01-01 00:00:00+00:00
[2024-09-12T15:48:26.988+0000] {logging_mixin.py:190} INFO - [2024-09-12T15:48:26.987+0000] {dag.py:4138} INFO - Setting next_dagrun for example_subdag_operator.section-1 to None, run_after=None
[2024-09-12T15:48:27.009+0000] {logging_mixin.py:190} INFO - [2024-09-12T15:48:27.003+0000] {dag.py:4138} INFO - Setting next_dagrun for example_subdag_operator.section-2 to None, run_after=None
[2024-09-12T15:48:27.108+0000] {logging_mixin.py:190} INFO - [2024-09-12T15:48:27.108+0000] {dag.py:3211} INFO - Sync 2 DAGs
[2024-09-12T15:48:27.191+0000] {logging_mixin.py:190} INFO - [2024-09-12T15:48:27.190+0000] {dag.py:4138} INFO - Setting next_dagrun for example_subdag_operator.section-1 to None, run_after=None
[2024-09-12T15:48:27.200+0000] {logging_mixin.py:190} INFO - [2024-09-12T15:48:27.199+0000] {dag.py:4138} INFO - Setting next_dagrun for example_subdag_operator.section-2 to None, run_after=None
[2024-09-12T15:48:27.296+0000] {processor.py:208} INFO - Processing /home/airflow/.local/lib/python3.12/site-packages/airflow/example_dags/example_subdag_operator.py took 1.414 seconds
[2024-09-12T15:49:04.943+0000] {processor.py:186} INFO - Started process (PID=2241) to work on /home/airflow/.local/lib/python3.12/site-packages/airflow/example_dags/example_subdag_operator.py
[2024-09-12T15:49:04.953+0000] {processor.py:914} INFO - Processing file /home/airflow/.local/lib/python3.12/site-packages/airflow/example_dags/example_subdag_operator.py for tasks to queue
[2024-09-12T15:49:04.962+0000] {logging_mixin.py:190} INFO - [2024-09-12T15:49:04.957+0000] {dagbag.py:587} INFO - Filling up the DagBag from /home/airflow/.local/lib/python3.12/site-packages/airflow/example_dags/example_subdag_operator.py
[2024-09-12T15:49:05.430+0000] {processor.py:925} INFO - DAG(s) 'example_subdag_operator.section-1', 'example_subdag_operator.section-2', 'example_subdag_operator' retrieved from /home/airflow/.local/lib/python3.12/site-packages/airflow/example_dags/example_subdag_operator.py
[2024-09-12T15:49:05.614+0000] {logging_mixin.py:190} INFO - [2024-09-12T15:49:05.613+0000] {dag.py:3211} INFO - Sync 3 DAGs
[2024-09-12T15:49:05.835+0000] {logging_mixin.py:190} INFO - [2024-09-12T15:49:05.834+0000] {dag.py:4138} INFO - Setting next_dagrun for example_subdag_operator to 2022-01-01 00:00:00+00:00, run_after=2022-01-01 00:00:00+00:00
[2024-09-12T15:49:05.869+0000] {logging_mixin.py:190} INFO - [2024-09-12T15:49:05.868+0000] {dag.py:4138} INFO - Setting next_dagrun for example_subdag_operator.section-1 to None, run_after=None
[2024-09-12T15:49:05.876+0000] {logging_mixin.py:190} INFO - [2024-09-12T15:49:05.874+0000] {dag.py:4138} INFO - Setting next_dagrun for example_subdag_operator.section-2 to None, run_after=None
[2024-09-12T15:49:05.915+0000] {logging_mixin.py:190} INFO - [2024-09-12T15:49:05.915+0000] {dag.py:3211} INFO - Sync 2 DAGs
[2024-09-12T15:49:05.969+0000] {logging_mixin.py:190} INFO - [2024-09-12T15:49:05.968+0000] {dag.py:4138} INFO - Setting next_dagrun for example_subdag_operator.section-1 to None, run_after=None
[2024-09-12T15:49:05.971+0000] {logging_mixin.py:190} INFO - [2024-09-12T15:49:05.970+0000] {dag.py:4138} INFO - Setting next_dagrun for example_subdag_operator.section-2 to None, run_after=None
[2024-09-12T15:49:06.041+0000] {processor.py:208} INFO - Processing /home/airflow/.local/lib/python3.12/site-packages/airflow/example_dags/example_subdag_operator.py took 1.217 seconds
[2024-09-12T15:49:39.607+0000] {processor.py:186} INFO - Started process (PID=2277) to work on /home/airflow/.local/lib/python3.12/site-packages/airflow/example_dags/example_subdag_operator.py
[2024-09-12T15:49:39.609+0000] {processor.py:914} INFO - Processing file /home/airflow/.local/lib/python3.12/site-packages/airflow/example_dags/example_subdag_operator.py for tasks to queue
[2024-09-12T15:49:39.637+0000] {logging_mixin.py:190} INFO - [2024-09-12T15:49:39.615+0000] {dagbag.py:587} INFO - Filling up the DagBag from /home/airflow/.local/lib/python3.12/site-packages/airflow/example_dags/example_subdag_operator.py
[2024-09-12T15:49:39.876+0000] {processor.py:925} INFO - DAG(s) 'example_subdag_operator.section-1', 'example_subdag_operator.section-2', 'example_subdag_operator' retrieved from /home/airflow/.local/lib/python3.12/site-packages/airflow/example_dags/example_subdag_operator.py
[2024-09-12T15:49:39.963+0000] {logging_mixin.py:190} INFO - [2024-09-12T15:49:39.962+0000] {dag.py:3211} INFO - Sync 3 DAGs
[2024-09-12T15:49:40.152+0000] {logging_mixin.py:190} INFO - [2024-09-12T15:49:40.151+0000] {dag.py:4138} INFO - Setting next_dagrun for example_subdag_operator to 2022-01-01 00:00:00+00:00, run_after=2022-01-01 00:00:00+00:00
[2024-09-12T15:49:40.171+0000] {logging_mixin.py:190} INFO - [2024-09-12T15:49:40.171+0000] {dag.py:4138} INFO - Setting next_dagrun for example_subdag_operator.section-1 to None, run_after=None
[2024-09-12T15:49:40.208+0000] {logging_mixin.py:190} INFO - [2024-09-12T15:49:40.207+0000] {dag.py:4138} INFO - Setting next_dagrun for example_subdag_operator.section-2 to None, run_after=None
[2024-09-12T15:49:40.246+0000] {logging_mixin.py:190} INFO - [2024-09-12T15:49:40.245+0000] {dag.py:3211} INFO - Sync 2 DAGs
[2024-09-12T15:49:40.292+0000] {logging_mixin.py:190} INFO - [2024-09-12T15:49:40.292+0000] {dag.py:4138} INFO - Setting next_dagrun for example_subdag_operator.section-1 to None, run_after=None
[2024-09-12T15:49:40.302+0000] {logging_mixin.py:190} INFO - [2024-09-12T15:49:40.301+0000] {dag.py:4138} INFO - Setting next_dagrun for example_subdag_operator.section-2 to None, run_after=None
[2024-09-12T15:49:40.372+0000] {processor.py:208} INFO - Processing /home/airflow/.local/lib/python3.12/site-packages/airflow/example_dags/example_subdag_operator.py took 0.827 seconds
[2024-09-12T15:50:11.254+0000] {processor.py:186} INFO - Started process (PID=2321) to work on /home/airflow/.local/lib/python3.12/site-packages/airflow/example_dags/example_subdag_operator.py
[2024-09-12T15:50:11.256+0000] {processor.py:914} INFO - Processing file /home/airflow/.local/lib/python3.12/site-packages/airflow/example_dags/example_subdag_operator.py for tasks to queue
[2024-09-12T15:50:11.260+0000] {logging_mixin.py:190} INFO - [2024-09-12T15:50:11.259+0000] {dagbag.py:587} INFO - Filling up the DagBag from /home/airflow/.local/lib/python3.12/site-packages/airflow/example_dags/example_subdag_operator.py
[2024-09-12T15:50:11.395+0000] {processor.py:925} INFO - DAG(s) 'example_subdag_operator.section-1', 'example_subdag_operator.section-2', 'example_subdag_operator' retrieved from /home/airflow/.local/lib/python3.12/site-packages/airflow/example_dags/example_subdag_operator.py
[2024-09-12T15:50:11.552+0000] {logging_mixin.py:190} INFO - [2024-09-12T15:50:11.549+0000] {dag.py:3211} INFO - Sync 3 DAGs
[2024-09-12T15:50:11.796+0000] {logging_mixin.py:190} INFO - [2024-09-12T15:50:11.793+0000] {dag.py:4138} INFO - Setting next_dagrun for example_subdag_operator to 2022-01-01 00:00:00+00:00, run_after=2022-01-01 00:00:00+00:00
[2024-09-12T15:50:11.823+0000] {logging_mixin.py:190} INFO - [2024-09-12T15:50:11.822+0000] {dag.py:4138} INFO - Setting next_dagrun for example_subdag_operator.section-1 to None, run_after=None
[2024-09-12T15:50:11.849+0000] {logging_mixin.py:190} INFO - [2024-09-12T15:50:11.849+0000] {dag.py:4138} INFO - Setting next_dagrun for example_subdag_operator.section-2 to None, run_after=None
[2024-09-12T15:50:11.885+0000] {logging_mixin.py:190} INFO - [2024-09-12T15:50:11.885+0000] {dag.py:3211} INFO - Sync 2 DAGs
[2024-09-12T15:50:11.906+0000] {logging_mixin.py:190} INFO - [2024-09-12T15:50:11.906+0000] {dag.py:4138} INFO - Setting next_dagrun for example_subdag_operator.section-1 to None, run_after=None
[2024-09-12T15:50:11.914+0000] {logging_mixin.py:190} INFO - [2024-09-12T15:50:11.914+0000] {dag.py:4138} INFO - Setting next_dagrun for example_subdag_operator.section-2 to None, run_after=None
[2024-09-12T15:50:12.032+0000] {processor.py:208} INFO - Processing /home/airflow/.local/lib/python3.12/site-packages/airflow/example_dags/example_subdag_operator.py took 0.807 seconds
[2024-09-12T15:50:50.782+0000] {processor.py:186} INFO - Started process (PID=2376) to work on /home/airflow/.local/lib/python3.12/site-packages/airflow/example_dags/example_subdag_operator.py
[2024-09-12T15:50:50.795+0000] {processor.py:914} INFO - Processing file /home/airflow/.local/lib/python3.12/site-packages/airflow/example_dags/example_subdag_operator.py for tasks to queue
[2024-09-12T15:50:50.799+0000] {logging_mixin.py:190} INFO - [2024-09-12T15:50:50.798+0000] {dagbag.py:587} INFO - Filling up the DagBag from /home/airflow/.local/lib/python3.12/site-packages/airflow/example_dags/example_subdag_operator.py
[2024-09-12T15:50:52.165+0000] {processor.py:925} INFO - DAG(s) 'example_subdag_operator.section-1', 'example_subdag_operator.section-2', 'example_subdag_operator' retrieved from /home/airflow/.local/lib/python3.12/site-packages/airflow/example_dags/example_subdag_operator.py
[2024-09-12T15:50:52.328+0000] {logging_mixin.py:190} INFO - [2024-09-12T15:50:52.319+0000] {dag.py:3211} INFO - Sync 3 DAGs
[2024-09-12T15:50:52.525+0000] {logging_mixin.py:190} INFO - [2024-09-12T15:50:52.524+0000] {dag.py:4138} INFO - Setting next_dagrun for example_subdag_operator to 2022-01-01 00:00:00+00:00, run_after=2022-01-01 00:00:00+00:00
[2024-09-12T15:50:52.541+0000] {logging_mixin.py:190} INFO - [2024-09-12T15:50:52.540+0000] {dag.py:4138} INFO - Setting next_dagrun for example_subdag_operator.section-1 to None, run_after=None
[2024-09-12T15:50:52.583+0000] {logging_mixin.py:190} INFO - [2024-09-12T15:50:52.582+0000] {dag.py:4138} INFO - Setting next_dagrun for example_subdag_operator.section-2 to None, run_after=None
[2024-09-12T15:50:52.741+0000] {logging_mixin.py:190} INFO - [2024-09-12T15:50:52.740+0000] {dag.py:3211} INFO - Sync 2 DAGs
[2024-09-12T15:50:52.840+0000] {logging_mixin.py:190} INFO - [2024-09-12T15:50:52.839+0000] {dag.py:4138} INFO - Setting next_dagrun for example_subdag_operator.section-1 to None, run_after=None
[2024-09-12T15:50:52.856+0000] {logging_mixin.py:190} INFO - [2024-09-12T15:50:52.855+0000] {dag.py:4138} INFO - Setting next_dagrun for example_subdag_operator.section-2 to None, run_after=None
[2024-09-12T15:50:52.957+0000] {processor.py:208} INFO - Processing /home/airflow/.local/lib/python3.12/site-packages/airflow/example_dags/example_subdag_operator.py took 2.215 seconds
[2024-09-12T15:51:47.048+0000] {processor.py:186} INFO - Started process (PID=2421) to work on /home/airflow/.local/lib/python3.12/site-packages/airflow/example_dags/example_subdag_operator.py
[2024-09-12T15:51:47.055+0000] {processor.py:914} INFO - Processing file /home/airflow/.local/lib/python3.12/site-packages/airflow/example_dags/example_subdag_operator.py for tasks to queue
[2024-09-12T15:51:47.074+0000] {logging_mixin.py:190} INFO - [2024-09-12T15:51:47.073+0000] {dagbag.py:587} INFO - Filling up the DagBag from /home/airflow/.local/lib/python3.12/site-packages/airflow/example_dags/example_subdag_operator.py
[2024-09-12T15:51:47.522+0000] {processor.py:925} INFO - DAG(s) 'example_subdag_operator.section-1', 'example_subdag_operator.section-2', 'example_subdag_operator' retrieved from /home/airflow/.local/lib/python3.12/site-packages/airflow/example_dags/example_subdag_operator.py
[2024-09-12T15:51:47.666+0000] {logging_mixin.py:190} INFO - [2024-09-12T15:51:47.665+0000] {dag.py:3211} INFO - Sync 3 DAGs
[2024-09-12T15:51:48.030+0000] {logging_mixin.py:190} INFO - [2024-09-12T15:51:48.030+0000] {dag.py:4138} INFO - Setting next_dagrun for example_subdag_operator to 2022-01-01 00:00:00+00:00, run_after=2022-01-01 00:00:00+00:00
[2024-09-12T15:51:48.102+0000] {logging_mixin.py:190} INFO - [2024-09-12T15:51:48.101+0000] {dag.py:4138} INFO - Setting next_dagrun for example_subdag_operator.section-1 to None, run_after=None
[2024-09-12T15:51:48.124+0000] {logging_mixin.py:190} INFO - [2024-09-12T15:51:48.123+0000] {dag.py:4138} INFO - Setting next_dagrun for example_subdag_operator.section-2 to None, run_after=None
[2024-09-12T15:51:48.206+0000] {logging_mixin.py:190} INFO - [2024-09-12T15:51:48.205+0000] {dag.py:3211} INFO - Sync 2 DAGs
[2024-09-12T15:51:48.239+0000] {logging_mixin.py:190} INFO - [2024-09-12T15:51:48.238+0000] {dag.py:4138} INFO - Setting next_dagrun for example_subdag_operator.section-1 to None, run_after=None
[2024-09-12T15:51:48.244+0000] {logging_mixin.py:190} INFO - [2024-09-12T15:51:48.244+0000] {dag.py:4138} INFO - Setting next_dagrun for example_subdag_operator.section-2 to None, run_after=None
[2024-09-12T15:51:48.295+0000] {processor.py:208} INFO - Processing /home/airflow/.local/lib/python3.12/site-packages/airflow/example_dags/example_subdag_operator.py took 1.339 seconds
[2024-09-12T15:52:22.800+0000] {processor.py:186} INFO - Started process (PID=2492) to work on /home/airflow/.local/lib/python3.12/site-packages/airflow/example_dags/example_subdag_operator.py
[2024-09-12T15:52:22.808+0000] {processor.py:914} INFO - Processing file /home/airflow/.local/lib/python3.12/site-packages/airflow/example_dags/example_subdag_operator.py for tasks to queue
[2024-09-12T15:52:22.812+0000] {logging_mixin.py:190} INFO - [2024-09-12T15:52:22.811+0000] {dagbag.py:587} INFO - Filling up the DagBag from /home/airflow/.local/lib/python3.12/site-packages/airflow/example_dags/example_subdag_operator.py
[2024-09-12T15:52:22.917+0000] {processor.py:925} INFO - DAG(s) 'example_subdag_operator.section-1', 'example_subdag_operator.section-2', 'example_subdag_operator' retrieved from /home/airflow/.local/lib/python3.12/site-packages/airflow/example_dags/example_subdag_operator.py
[2024-09-12T15:52:23.080+0000] {logging_mixin.py:190} INFO - [2024-09-12T15:52:23.080+0000] {dag.py:3211} INFO - Sync 3 DAGs
[2024-09-12T15:52:23.284+0000] {logging_mixin.py:190} INFO - [2024-09-12T15:52:23.284+0000] {dag.py:4138} INFO - Setting next_dagrun for example_subdag_operator to 2022-01-01 00:00:00+00:00, run_after=2022-01-01 00:00:00+00:00
[2024-09-12T15:52:23.341+0000] {logging_mixin.py:190} INFO - [2024-09-12T15:52:23.340+0000] {dag.py:4138} INFO - Setting next_dagrun for example_subdag_operator.section-1 to None, run_after=None
[2024-09-12T15:52:23.366+0000] {logging_mixin.py:190} INFO - [2024-09-12T15:52:23.360+0000] {dag.py:4138} INFO - Setting next_dagrun for example_subdag_operator.section-2 to None, run_after=None
[2024-09-12T15:52:23.437+0000] {logging_mixin.py:190} INFO - [2024-09-12T15:52:23.435+0000] {dag.py:3211} INFO - Sync 2 DAGs
[2024-09-12T15:52:23.459+0000] {logging_mixin.py:190} INFO - [2024-09-12T15:52:23.458+0000] {dag.py:4138} INFO - Setting next_dagrun for example_subdag_operator.section-1 to None, run_after=None
[2024-09-12T15:52:23.462+0000] {logging_mixin.py:190} INFO - [2024-09-12T15:52:23.461+0000] {dag.py:4138} INFO - Setting next_dagrun for example_subdag_operator.section-2 to None, run_after=None
[2024-09-12T15:52:23.552+0000] {processor.py:208} INFO - Processing /home/airflow/.local/lib/python3.12/site-packages/airflow/example_dags/example_subdag_operator.py took 0.769 seconds
[2024-09-12T15:52:56.617+0000] {processor.py:186} INFO - Started process (PID=2547) to work on /home/airflow/.local/lib/python3.12/site-packages/airflow/example_dags/example_subdag_operator.py
[2024-09-12T15:52:56.619+0000] {processor.py:914} INFO - Processing file /home/airflow/.local/lib/python3.12/site-packages/airflow/example_dags/example_subdag_operator.py for tasks to queue
[2024-09-12T15:52:56.623+0000] {logging_mixin.py:190} INFO - [2024-09-12T15:52:56.622+0000] {dagbag.py:587} INFO - Filling up the DagBag from /home/airflow/.local/lib/python3.12/site-packages/airflow/example_dags/example_subdag_operator.py
[2024-09-12T15:52:56.758+0000] {processor.py:925} INFO - DAG(s) 'example_subdag_operator.section-1', 'example_subdag_operator.section-2', 'example_subdag_operator' retrieved from /home/airflow/.local/lib/python3.12/site-packages/airflow/example_dags/example_subdag_operator.py
[2024-09-12T15:52:56.884+0000] {logging_mixin.py:190} INFO - [2024-09-12T15:52:56.883+0000] {dag.py:3211} INFO - Sync 3 DAGs
[2024-09-12T15:52:57.149+0000] {logging_mixin.py:190} INFO - [2024-09-12T15:52:57.149+0000] {dag.py:4138} INFO - Setting next_dagrun for example_subdag_operator to 2022-01-01 00:00:00+00:00, run_after=2022-01-01 00:00:00+00:00
[2024-09-12T15:52:57.184+0000] {logging_mixin.py:190} INFO - [2024-09-12T15:52:57.184+0000] {dag.py:4138} INFO - Setting next_dagrun for example_subdag_operator.section-1 to None, run_after=None
[2024-09-12T15:52:57.200+0000] {logging_mixin.py:190} INFO - [2024-09-12T15:52:57.199+0000] {dag.py:4138} INFO - Setting next_dagrun for example_subdag_operator.section-2 to None, run_after=None
[2024-09-12T15:52:57.274+0000] {logging_mixin.py:190} INFO - [2024-09-12T15:52:57.273+0000] {dag.py:3211} INFO - Sync 2 DAGs
[2024-09-12T15:52:57.313+0000] {logging_mixin.py:190} INFO - [2024-09-12T15:52:57.313+0000] {dag.py:4138} INFO - Setting next_dagrun for example_subdag_operator.section-1 to None, run_after=None
[2024-09-12T15:52:57.318+0000] {logging_mixin.py:190} INFO - [2024-09-12T15:52:57.318+0000] {dag.py:4138} INFO - Setting next_dagrun for example_subdag_operator.section-2 to None, run_after=None
[2024-09-12T15:52:57.447+0000] {processor.py:208} INFO - Processing /home/airflow/.local/lib/python3.12/site-packages/airflow/example_dags/example_subdag_operator.py took 0.859 seconds
[2024-09-12T15:53:28.189+0000] {processor.py:186} INFO - Started process (PID=2604) to work on /home/airflow/.local/lib/python3.12/site-packages/airflow/example_dags/example_subdag_operator.py
[2024-09-12T15:53:28.192+0000] {processor.py:914} INFO - Processing file /home/airflow/.local/lib/python3.12/site-packages/airflow/example_dags/example_subdag_operator.py for tasks to queue
[2024-09-12T15:53:28.197+0000] {logging_mixin.py:190} INFO - [2024-09-12T15:53:28.196+0000] {dagbag.py:587} INFO - Filling up the DagBag from /home/airflow/.local/lib/python3.12/site-packages/airflow/example_dags/example_subdag_operator.py
[2024-09-12T15:53:28.401+0000] {processor.py:925} INFO - DAG(s) 'example_subdag_operator.section-1', 'example_subdag_operator.section-2', 'example_subdag_operator' retrieved from /home/airflow/.local/lib/python3.12/site-packages/airflow/example_dags/example_subdag_operator.py
[2024-09-12T15:53:28.595+0000] {logging_mixin.py:190} INFO - [2024-09-12T15:53:28.595+0000] {dag.py:3211} INFO - Sync 3 DAGs
[2024-09-12T15:53:28.760+0000] {logging_mixin.py:190} INFO - [2024-09-12T15:53:28.760+0000] {dag.py:4138} INFO - Setting next_dagrun for example_subdag_operator to 2022-01-01 00:00:00+00:00, run_after=2022-01-01 00:00:00+00:00
[2024-09-12T15:53:28.800+0000] {logging_mixin.py:190} INFO - [2024-09-12T15:53:28.799+0000] {dag.py:4138} INFO - Setting next_dagrun for example_subdag_operator.section-1 to None, run_after=None
[2024-09-12T15:53:28.807+0000] {logging_mixin.py:190} INFO - [2024-09-12T15:53:28.807+0000] {dag.py:4138} INFO - Setting next_dagrun for example_subdag_operator.section-2 to None, run_after=None
[2024-09-12T15:53:28.842+0000] {logging_mixin.py:190} INFO - [2024-09-12T15:53:28.842+0000] {dag.py:3211} INFO - Sync 2 DAGs
[2024-09-12T15:53:28.864+0000] {logging_mixin.py:190} INFO - [2024-09-12T15:53:28.863+0000] {dag.py:4138} INFO - Setting next_dagrun for example_subdag_operator.section-1 to None, run_after=None
[2024-09-12T15:53:28.869+0000] {logging_mixin.py:190} INFO - [2024-09-12T15:53:28.868+0000] {dag.py:4138} INFO - Setting next_dagrun for example_subdag_operator.section-2 to None, run_after=None
[2024-09-12T15:53:28.909+0000] {processor.py:208} INFO - Processing /home/airflow/.local/lib/python3.12/site-packages/airflow/example_dags/example_subdag_operator.py took 0.750 seconds
[2024-09-12T15:54:03.506+0000] {processor.py:186} INFO - Started process (PID=2661) to work on /home/airflow/.local/lib/python3.12/site-packages/airflow/example_dags/example_subdag_operator.py
[2024-09-12T15:54:03.519+0000] {processor.py:914} INFO - Processing file /home/airflow/.local/lib/python3.12/site-packages/airflow/example_dags/example_subdag_operator.py for tasks to queue
[2024-09-12T15:54:03.522+0000] {logging_mixin.py:190} INFO - [2024-09-12T15:54:03.521+0000] {dagbag.py:587} INFO - Filling up the DagBag from /home/airflow/.local/lib/python3.12/site-packages/airflow/example_dags/example_subdag_operator.py
[2024-09-12T15:54:03.872+0000] {processor.py:925} INFO - DAG(s) 'example_subdag_operator.section-1', 'example_subdag_operator.section-2', 'example_subdag_operator' retrieved from /home/airflow/.local/lib/python3.12/site-packages/airflow/example_dags/example_subdag_operator.py
[2024-09-12T15:54:03.981+0000] {logging_mixin.py:190} INFO - [2024-09-12T15:54:03.979+0000] {dag.py:3211} INFO - Sync 3 DAGs
[2024-09-12T15:54:04.130+0000] {logging_mixin.py:190} INFO - [2024-09-12T15:54:04.129+0000] {dag.py:4138} INFO - Setting next_dagrun for example_subdag_operator to 2022-01-01 00:00:00+00:00, run_after=2022-01-01 00:00:00+00:00
[2024-09-12T15:54:04.150+0000] {logging_mixin.py:190} INFO - [2024-09-12T15:54:04.149+0000] {dag.py:4138} INFO - Setting next_dagrun for example_subdag_operator.section-1 to None, run_after=None
[2024-09-12T15:54:04.153+0000] {logging_mixin.py:190} INFO - [2024-09-12T15:54:04.153+0000] {dag.py:4138} INFO - Setting next_dagrun for example_subdag_operator.section-2 to None, run_after=None
[2024-09-12T15:54:04.192+0000] {logging_mixin.py:190} INFO - [2024-09-12T15:54:04.191+0000] {dag.py:3211} INFO - Sync 2 DAGs
[2024-09-12T15:54:04.218+0000] {logging_mixin.py:190} INFO - [2024-09-12T15:54:04.217+0000] {dag.py:4138} INFO - Setting next_dagrun for example_subdag_operator.section-1 to None, run_after=None
[2024-09-12T15:54:04.229+0000] {logging_mixin.py:190} INFO - [2024-09-12T15:54:04.229+0000] {dag.py:4138} INFO - Setting next_dagrun for example_subdag_operator.section-2 to None, run_after=None
[2024-09-12T15:54:04.283+0000] {processor.py:208} INFO - Processing /home/airflow/.local/lib/python3.12/site-packages/airflow/example_dags/example_subdag_operator.py took 0.862 seconds
[2024-09-12T15:55:40.568+0000] {processor.py:186} INFO - Started process (PID=2742) to work on /home/airflow/.local/lib/python3.12/site-packages/airflow/example_dags/example_subdag_operator.py
[2024-09-12T15:55:40.586+0000] {processor.py:914} INFO - Processing file /home/airflow/.local/lib/python3.12/site-packages/airflow/example_dags/example_subdag_operator.py for tasks to queue
[2024-09-12T15:55:40.594+0000] {logging_mixin.py:190} INFO - [2024-09-12T15:55:40.593+0000] {dagbag.py:587} INFO - Filling up the DagBag from /home/airflow/.local/lib/python3.12/site-packages/airflow/example_dags/example_subdag_operator.py
[2024-09-12T15:55:40.828+0000] {processor.py:925} INFO - DAG(s) 'example_subdag_operator.section-1', 'example_subdag_operator.section-2', 'example_subdag_operator' retrieved from /home/airflow/.local/lib/python3.12/site-packages/airflow/example_dags/example_subdag_operator.py
[2024-09-12T15:55:40.902+0000] {logging_mixin.py:190} INFO - [2024-09-12T15:55:40.901+0000] {dag.py:3211} INFO - Sync 3 DAGs
[2024-09-12T15:55:40.993+0000] {logging_mixin.py:190} INFO - [2024-09-12T15:55:40.993+0000] {dag.py:4138} INFO - Setting next_dagrun for example_subdag_operator to 2022-01-01 00:00:00+00:00, run_after=2022-01-01 00:00:00+00:00
[2024-09-12T15:55:41.014+0000] {logging_mixin.py:190} INFO - [2024-09-12T15:55:41.013+0000] {dag.py:4138} INFO - Setting next_dagrun for example_subdag_operator.section-1 to None, run_after=None
[2024-09-12T15:55:41.026+0000] {logging_mixin.py:190} INFO - [2024-09-12T15:55:41.025+0000] {dag.py:4138} INFO - Setting next_dagrun for example_subdag_operator.section-2 to None, run_after=None
[2024-09-12T15:55:41.065+0000] {logging_mixin.py:190} INFO - [2024-09-12T15:55:41.065+0000] {dag.py:3211} INFO - Sync 2 DAGs
[2024-09-12T15:55:41.144+0000] {logging_mixin.py:190} INFO - [2024-09-12T15:55:41.143+0000] {dag.py:4138} INFO - Setting next_dagrun for example_subdag_operator.section-1 to None, run_after=None
[2024-09-12T15:55:41.149+0000] {logging_mixin.py:190} INFO - [2024-09-12T15:55:41.149+0000] {dag.py:4138} INFO - Setting next_dagrun for example_subdag_operator.section-2 to None, run_after=None
[2024-09-12T15:55:41.245+0000] {processor.py:208} INFO - Processing /home/airflow/.local/lib/python3.12/site-packages/airflow/example_dags/example_subdag_operator.py took 0.701 seconds
[2024-09-12T15:56:34.663+0000] {processor.py:186} INFO - Started process (PID=2791) to work on /home/airflow/.local/lib/python3.12/site-packages/airflow/example_dags/example_subdag_operator.py
[2024-09-12T15:56:34.730+0000] {processor.py:914} INFO - Processing file /home/airflow/.local/lib/python3.12/site-packages/airflow/example_dags/example_subdag_operator.py for tasks to queue
[2024-09-12T15:56:34.772+0000] {logging_mixin.py:190} INFO - [2024-09-12T15:56:34.770+0000] {dagbag.py:587} INFO - Filling up the DagBag from /home/airflow/.local/lib/python3.12/site-packages/airflow/example_dags/example_subdag_operator.py
[2024-09-12T15:56:35.056+0000] {processor.py:925} INFO - DAG(s) 'example_subdag_operator.section-1', 'example_subdag_operator.section-2', 'example_subdag_operator' retrieved from /home/airflow/.local/lib/python3.12/site-packages/airflow/example_dags/example_subdag_operator.py
[2024-09-12T15:56:35.193+0000] {logging_mixin.py:190} INFO - [2024-09-12T15:56:35.192+0000] {dag.py:3211} INFO - Sync 3 DAGs
[2024-09-12T15:56:35.490+0000] {logging_mixin.py:190} INFO - [2024-09-12T15:56:35.490+0000] {dag.py:4138} INFO - Setting next_dagrun for example_subdag_operator to 2022-01-01 00:00:00+00:00, run_after=2022-01-01 00:00:00+00:00
[2024-09-12T15:56:35.505+0000] {logging_mixin.py:190} INFO - [2024-09-12T15:56:35.505+0000] {dag.py:4138} INFO - Setting next_dagrun for example_subdag_operator.section-1 to None, run_after=None
[2024-09-12T15:56:35.535+0000] {logging_mixin.py:190} INFO - [2024-09-12T15:56:35.534+0000] {dag.py:4138} INFO - Setting next_dagrun for example_subdag_operator.section-2 to None, run_after=None
[2024-09-12T15:56:35.582+0000] {logging_mixin.py:190} INFO - [2024-09-12T15:56:35.581+0000] {dag.py:3211} INFO - Sync 2 DAGs
[2024-09-12T15:56:35.626+0000] {logging_mixin.py:190} INFO - [2024-09-12T15:56:35.626+0000] {dag.py:4138} INFO - Setting next_dagrun for example_subdag_operator.section-1 to None, run_after=None
[2024-09-12T15:56:35.628+0000] {logging_mixin.py:190} INFO - [2024-09-12T15:56:35.628+0000] {dag.py:4138} INFO - Setting next_dagrun for example_subdag_operator.section-2 to None, run_after=None
[2024-09-12T15:56:35.761+0000] {processor.py:208} INFO - Processing /home/airflow/.local/lib/python3.12/site-packages/airflow/example_dags/example_subdag_operator.py took 1.330 seconds
[2024-09-12T15:57:12.177+0000] {processor.py:186} INFO - Started process (PID=2870) to work on /home/airflow/.local/lib/python3.12/site-packages/airflow/example_dags/example_subdag_operator.py
[2024-09-12T15:57:12.179+0000] {processor.py:914} INFO - Processing file /home/airflow/.local/lib/python3.12/site-packages/airflow/example_dags/example_subdag_operator.py for tasks to queue
[2024-09-12T15:57:12.183+0000] {logging_mixin.py:190} INFO - [2024-09-12T15:57:12.182+0000] {dagbag.py:587} INFO - Filling up the DagBag from /home/airflow/.local/lib/python3.12/site-packages/airflow/example_dags/example_subdag_operator.py
[2024-09-12T15:57:12.281+0000] {processor.py:925} INFO - DAG(s) 'example_subdag_operator.section-1', 'example_subdag_operator.section-2', 'example_subdag_operator' retrieved from /home/airflow/.local/lib/python3.12/site-packages/airflow/example_dags/example_subdag_operator.py
[2024-09-12T15:57:12.410+0000] {logging_mixin.py:190} INFO - [2024-09-12T15:57:12.401+0000] {dag.py:3211} INFO - Sync 3 DAGs
[2024-09-12T15:57:12.529+0000] {logging_mixin.py:190} INFO - [2024-09-12T15:57:12.529+0000] {dag.py:4138} INFO - Setting next_dagrun for example_subdag_operator to 2022-01-01 00:00:00+00:00, run_after=2022-01-01 00:00:00+00:00
[2024-09-12T15:57:12.545+0000] {logging_mixin.py:190} INFO - [2024-09-12T15:57:12.544+0000] {dag.py:4138} INFO - Setting next_dagrun for example_subdag_operator.section-1 to None, run_after=None
[2024-09-12T15:57:12.558+0000] {logging_mixin.py:190} INFO - [2024-09-12T15:57:12.558+0000] {dag.py:4138} INFO - Setting next_dagrun for example_subdag_operator.section-2 to None, run_after=None
[2024-09-12T15:57:12.590+0000] {logging_mixin.py:190} INFO - [2024-09-12T15:57:12.588+0000] {dag.py:3211} INFO - Sync 2 DAGs
[2024-09-12T15:57:12.613+0000] {logging_mixin.py:190} INFO - [2024-09-12T15:57:12.612+0000] {dag.py:4138} INFO - Setting next_dagrun for example_subdag_operator.section-1 to None, run_after=None
[2024-09-12T15:57:12.617+0000] {logging_mixin.py:190} INFO - [2024-09-12T15:57:12.616+0000] {dag.py:4138} INFO - Setting next_dagrun for example_subdag_operator.section-2 to None, run_after=None
[2024-09-12T15:57:12.656+0000] {processor.py:208} INFO - Processing /home/airflow/.local/lib/python3.12/site-packages/airflow/example_dags/example_subdag_operator.py took 0.507 seconds
[2024-09-12T15:57:52.931+0000] {processor.py:186} INFO - Started process (PID=2928) to work on /home/airflow/.local/lib/python3.12/site-packages/airflow/example_dags/example_subdag_operator.py
[2024-09-12T15:57:52.935+0000] {processor.py:914} INFO - Processing file /home/airflow/.local/lib/python3.12/site-packages/airflow/example_dags/example_subdag_operator.py for tasks to queue
[2024-09-12T15:57:52.938+0000] {logging_mixin.py:190} INFO - [2024-09-12T15:57:52.937+0000] {dagbag.py:587} INFO - Filling up the DagBag from /home/airflow/.local/lib/python3.12/site-packages/airflow/example_dags/example_subdag_operator.py
[2024-09-12T15:57:53.098+0000] {processor.py:925} INFO - DAG(s) 'example_subdag_operator.section-1', 'example_subdag_operator.section-2', 'example_subdag_operator' retrieved from /home/airflow/.local/lib/python3.12/site-packages/airflow/example_dags/example_subdag_operator.py
[2024-09-12T15:57:53.223+0000] {logging_mixin.py:190} INFO - [2024-09-12T15:57:53.222+0000] {dag.py:3211} INFO - Sync 3 DAGs
[2024-09-12T15:57:53.394+0000] {logging_mixin.py:190} INFO - [2024-09-12T15:57:53.393+0000] {dag.py:4138} INFO - Setting next_dagrun for example_subdag_operator to 2022-01-01 00:00:00+00:00, run_after=2022-01-01 00:00:00+00:00
[2024-09-12T15:57:53.410+0000] {logging_mixin.py:190} INFO - [2024-09-12T15:57:53.408+0000] {dag.py:4138} INFO - Setting next_dagrun for example_subdag_operator.section-1 to None, run_after=None
[2024-09-12T15:57:53.417+0000] {logging_mixin.py:190} INFO - [2024-09-12T15:57:53.417+0000] {dag.py:4138} INFO - Setting next_dagrun for example_subdag_operator.section-2 to None, run_after=None
[2024-09-12T15:57:53.463+0000] {logging_mixin.py:190} INFO - [2024-09-12T15:57:53.457+0000] {dag.py:3211} INFO - Sync 2 DAGs
[2024-09-12T15:57:53.485+0000] {logging_mixin.py:190} INFO - [2024-09-12T15:57:53.484+0000] {dag.py:4138} INFO - Setting next_dagrun for example_subdag_operator.section-1 to None, run_after=None
[2024-09-12T15:57:53.488+0000] {logging_mixin.py:190} INFO - [2024-09-12T15:57:53.487+0000] {dag.py:4138} INFO - Setting next_dagrun for example_subdag_operator.section-2 to None, run_after=None
[2024-09-12T15:57:53.555+0000] {processor.py:208} INFO - Processing /home/airflow/.local/lib/python3.12/site-packages/airflow/example_dags/example_subdag_operator.py took 0.678 seconds
[2024-09-12T15:59:10.004+0000] {processor.py:186} INFO - Started process (PID=2993) to work on /home/airflow/.local/lib/python3.12/site-packages/airflow/example_dags/example_subdag_operator.py
[2024-09-12T15:59:10.011+0000] {processor.py:914} INFO - Processing file /home/airflow/.local/lib/python3.12/site-packages/airflow/example_dags/example_subdag_operator.py for tasks to queue
[2024-09-12T15:59:10.028+0000] {logging_mixin.py:190} INFO - [2024-09-12T15:59:10.025+0000] {dagbag.py:587} INFO - Filling up the DagBag from /home/airflow/.local/lib/python3.12/site-packages/airflow/example_dags/example_subdag_operator.py
[2024-09-12T15:59:10.701+0000] {processor.py:925} INFO - DAG(s) 'example_subdag_operator.section-1', 'example_subdag_operator.section-2', 'example_subdag_operator' retrieved from /home/airflow/.local/lib/python3.12/site-packages/airflow/example_dags/example_subdag_operator.py
[2024-09-12T15:59:11.042+0000] {logging_mixin.py:190} INFO - [2024-09-12T15:59:11.042+0000] {dag.py:3211} INFO - Sync 3 DAGs
[2024-09-12T15:59:11.505+0000] {logging_mixin.py:190} INFO - [2024-09-12T15:59:11.490+0000] {dag.py:4138} INFO - Setting next_dagrun for example_subdag_operator to 2022-01-01 00:00:00+00:00, run_after=2022-01-01 00:00:00+00:00
[2024-09-12T15:59:11.646+0000] {logging_mixin.py:190} INFO - [2024-09-12T15:59:11.642+0000] {dag.py:4138} INFO - Setting next_dagrun for example_subdag_operator.section-1 to None, run_after=None
[2024-09-12T15:59:11.652+0000] {logging_mixin.py:190} INFO - [2024-09-12T15:59:11.651+0000] {dag.py:4138} INFO - Setting next_dagrun for example_subdag_operator.section-2 to None, run_after=None
[2024-09-12T15:59:11.776+0000] {logging_mixin.py:190} INFO - [2024-09-12T15:59:11.775+0000] {dag.py:3211} INFO - Sync 2 DAGs
[2024-09-12T15:59:11.864+0000] {logging_mixin.py:190} INFO - [2024-09-12T15:59:11.863+0000] {dag.py:4138} INFO - Setting next_dagrun for example_subdag_operator.section-1 to None, run_after=None
[2024-09-12T15:59:11.865+0000] {logging_mixin.py:190} INFO - [2024-09-12T15:59:11.865+0000] {dag.py:4138} INFO - Setting next_dagrun for example_subdag_operator.section-2 to None, run_after=None
[2024-09-12T15:59:12.034+0000] {processor.py:208} INFO - Processing /home/airflow/.local/lib/python3.12/site-packages/airflow/example_dags/example_subdag_operator.py took 2.118 seconds
[2024-09-12T16:00:09.514+0000] {processor.py:186} INFO - Started process (PID=3069) to work on /home/airflow/.local/lib/python3.12/site-packages/airflow/example_dags/example_subdag_operator.py
[2024-09-12T16:00:09.521+0000] {processor.py:914} INFO - Processing file /home/airflow/.local/lib/python3.12/site-packages/airflow/example_dags/example_subdag_operator.py for tasks to queue
[2024-09-12T16:00:09.527+0000] {logging_mixin.py:190} INFO - [2024-09-12T16:00:09.526+0000] {dagbag.py:587} INFO - Filling up the DagBag from /home/airflow/.local/lib/python3.12/site-packages/airflow/example_dags/example_subdag_operator.py
[2024-09-12T16:00:09.688+0000] {processor.py:925} INFO - DAG(s) 'example_subdag_operator.section-1', 'example_subdag_operator.section-2', 'example_subdag_operator' retrieved from /home/airflow/.local/lib/python3.12/site-packages/airflow/example_dags/example_subdag_operator.py
[2024-09-12T16:00:09.782+0000] {logging_mixin.py:190} INFO - [2024-09-12T16:00:09.779+0000] {dag.py:3211} INFO - Sync 3 DAGs
[2024-09-12T16:00:09.893+0000] {logging_mixin.py:190} INFO - [2024-09-12T16:00:09.892+0000] {dag.py:4138} INFO - Setting next_dagrun for example_subdag_operator to 2022-01-01 00:00:00+00:00, run_after=2022-01-01 00:00:00+00:00
[2024-09-12T16:00:09.909+0000] {logging_mixin.py:190} INFO - [2024-09-12T16:00:09.909+0000] {dag.py:4138} INFO - Setting next_dagrun for example_subdag_operator.section-1 to None, run_after=None
[2024-09-12T16:00:09.913+0000] {logging_mixin.py:190} INFO - [2024-09-12T16:00:09.912+0000] {dag.py:4138} INFO - Setting next_dagrun for example_subdag_operator.section-2 to None, run_after=None
[2024-09-12T16:00:09.942+0000] {logging_mixin.py:190} INFO - [2024-09-12T16:00:09.941+0000] {dag.py:3211} INFO - Sync 2 DAGs
[2024-09-12T16:00:09.954+0000] {logging_mixin.py:190} INFO - [2024-09-12T16:00:09.953+0000] {dag.py:4138} INFO - Setting next_dagrun for example_subdag_operator.section-1 to None, run_after=None
[2024-09-12T16:00:09.955+0000] {logging_mixin.py:190} INFO - [2024-09-12T16:00:09.955+0000] {dag.py:4138} INFO - Setting next_dagrun for example_subdag_operator.section-2 to None, run_after=None
[2024-09-12T16:00:09.986+0000] {processor.py:208} INFO - Processing /home/airflow/.local/lib/python3.12/site-packages/airflow/example_dags/example_subdag_operator.py took 0.500 seconds
[2024-09-12T16:00:51.714+0000] {processor.py:186} INFO - Started process (PID=3134) to work on /home/airflow/.local/lib/python3.12/site-packages/airflow/example_dags/example_subdag_operator.py
[2024-09-12T16:00:51.718+0000] {processor.py:914} INFO - Processing file /home/airflow/.local/lib/python3.12/site-packages/airflow/example_dags/example_subdag_operator.py for tasks to queue
[2024-09-12T16:00:51.728+0000] {logging_mixin.py:190} INFO - [2024-09-12T16:00:51.727+0000] {dagbag.py:587} INFO - Filling up the DagBag from /home/airflow/.local/lib/python3.12/site-packages/airflow/example_dags/example_subdag_operator.py
[2024-09-12T16:00:51.865+0000] {processor.py:925} INFO - DAG(s) 'example_subdag_operator.section-1', 'example_subdag_operator.section-2', 'example_subdag_operator' retrieved from /home/airflow/.local/lib/python3.12/site-packages/airflow/example_dags/example_subdag_operator.py
[2024-09-12T16:00:51.930+0000] {logging_mixin.py:190} INFO - [2024-09-12T16:00:51.929+0000] {dag.py:3211} INFO - Sync 3 DAGs
[2024-09-12T16:00:52.003+0000] {logging_mixin.py:190} INFO - [2024-09-12T16:00:52.002+0000] {dag.py:4138} INFO - Setting next_dagrun for example_subdag_operator to 2022-01-01 00:00:00+00:00, run_after=2022-01-01 00:00:00+00:00
[2024-09-12T16:00:52.015+0000] {logging_mixin.py:190} INFO - [2024-09-12T16:00:52.014+0000] {dag.py:4138} INFO - Setting next_dagrun for example_subdag_operator.section-1 to None, run_after=None
[2024-09-12T16:00:52.566+0000] {logging_mixin.py:190} INFO - [2024-09-12T16:00:52.566+0000] {dag.py:4138} INFO - Setting next_dagrun for example_subdag_operator.section-2 to None, run_after=None
[2024-09-12T16:00:52.601+0000] {logging_mixin.py:190} INFO - [2024-09-12T16:00:52.601+0000] {dag.py:3211} INFO - Sync 2 DAGs
[2024-09-12T16:00:52.636+0000] {logging_mixin.py:190} INFO - [2024-09-12T16:00:52.636+0000] {dag.py:4138} INFO - Setting next_dagrun for example_subdag_operator.section-1 to None, run_after=None
[2024-09-12T16:00:52.642+0000] {logging_mixin.py:190} INFO - [2024-09-12T16:00:52.641+0000] {dag.py:4138} INFO - Setting next_dagrun for example_subdag_operator.section-2 to None, run_after=None
[2024-09-12T16:00:52.745+0000] {processor.py:208} INFO - Processing /home/airflow/.local/lib/python3.12/site-packages/airflow/example_dags/example_subdag_operator.py took 1.058 seconds
[2024-09-12T16:01:40.441+0000] {processor.py:186} INFO - Started process (PID=3198) to work on /home/airflow/.local/lib/python3.12/site-packages/airflow/example_dags/example_subdag_operator.py
[2024-09-12T16:01:40.452+0000] {processor.py:914} INFO - Processing file /home/airflow/.local/lib/python3.12/site-packages/airflow/example_dags/example_subdag_operator.py for tasks to queue
[2024-09-12T16:01:40.456+0000] {logging_mixin.py:190} INFO - [2024-09-12T16:01:40.455+0000] {dagbag.py:587} INFO - Filling up the DagBag from /home/airflow/.local/lib/python3.12/site-packages/airflow/example_dags/example_subdag_operator.py
[2024-09-12T16:01:40.708+0000] {processor.py:925} INFO - DAG(s) 'example_subdag_operator.section-1', 'example_subdag_operator.section-2', 'example_subdag_operator' retrieved from /home/airflow/.local/lib/python3.12/site-packages/airflow/example_dags/example_subdag_operator.py
[2024-09-12T16:01:41.016+0000] {logging_mixin.py:190} INFO - [2024-09-12T16:01:41.015+0000] {dag.py:3211} INFO - Sync 3 DAGs
[2024-09-12T16:01:41.324+0000] {logging_mixin.py:190} INFO - [2024-09-12T16:01:41.323+0000] {dag.py:4138} INFO - Setting next_dagrun for example_subdag_operator to 2022-01-01 00:00:00+00:00, run_after=2022-01-01 00:00:00+00:00
[2024-09-12T16:01:41.381+0000] {logging_mixin.py:190} INFO - [2024-09-12T16:01:41.381+0000] {dag.py:4138} INFO - Setting next_dagrun for example_subdag_operator.section-1 to None, run_after=None
[2024-09-12T16:01:41.420+0000] {logging_mixin.py:190} INFO - [2024-09-12T16:01:41.419+0000] {dag.py:4138} INFO - Setting next_dagrun for example_subdag_operator.section-2 to None, run_after=None
[2024-09-12T16:01:41.492+0000] {logging_mixin.py:190} INFO - [2024-09-12T16:01:41.491+0000] {dag.py:3211} INFO - Sync 2 DAGs
[2024-09-12T16:01:41.545+0000] {logging_mixin.py:190} INFO - [2024-09-12T16:01:41.545+0000] {dag.py:4138} INFO - Setting next_dagrun for example_subdag_operator.section-1 to None, run_after=None
[2024-09-12T16:01:41.548+0000] {logging_mixin.py:190} INFO - [2024-09-12T16:01:41.547+0000] {dag.py:4138} INFO - Setting next_dagrun for example_subdag_operator.section-2 to None, run_after=None
[2024-09-12T16:01:41.809+0000] {processor.py:208} INFO - Processing /home/airflow/.local/lib/python3.12/site-packages/airflow/example_dags/example_subdag_operator.py took 1.450 seconds
[2024-09-12T16:02:19.995+0000] {processor.py:186} INFO - Started process (PID=3240) to work on /home/airflow/.local/lib/python3.12/site-packages/airflow/example_dags/example_subdag_operator.py
[2024-09-12T16:02:20.007+0000] {processor.py:914} INFO - Processing file /home/airflow/.local/lib/python3.12/site-packages/airflow/example_dags/example_subdag_operator.py for tasks to queue
[2024-09-12T16:02:20.011+0000] {logging_mixin.py:190} INFO - [2024-09-12T16:02:20.010+0000] {dagbag.py:587} INFO - Filling up the DagBag from /home/airflow/.local/lib/python3.12/site-packages/airflow/example_dags/example_subdag_operator.py
[2024-09-12T16:02:20.174+0000] {processor.py:925} INFO - DAG(s) 'example_subdag_operator.section-1', 'example_subdag_operator.section-2', 'example_subdag_operator' retrieved from /home/airflow/.local/lib/python3.12/site-packages/airflow/example_dags/example_subdag_operator.py
[2024-09-12T16:02:20.287+0000] {logging_mixin.py:190} INFO - [2024-09-12T16:02:20.287+0000] {dag.py:3211} INFO - Sync 3 DAGs
[2024-09-12T16:02:20.395+0000] {logging_mixin.py:190} INFO - [2024-09-12T16:02:20.395+0000] {dag.py:4138} INFO - Setting next_dagrun for example_subdag_operator to 2022-01-01 00:00:00+00:00, run_after=2022-01-01 00:00:00+00:00
[2024-09-12T16:02:20.416+0000] {logging_mixin.py:190} INFO - [2024-09-12T16:02:20.415+0000] {dag.py:4138} INFO - Setting next_dagrun for example_subdag_operator.section-1 to None, run_after=None
[2024-09-12T16:02:20.419+0000] {logging_mixin.py:190} INFO - [2024-09-12T16:02:20.419+0000] {dag.py:4138} INFO - Setting next_dagrun for example_subdag_operator.section-2 to None, run_after=None
[2024-09-12T16:02:20.444+0000] {logging_mixin.py:190} INFO - [2024-09-12T16:02:20.443+0000] {dag.py:3211} INFO - Sync 2 DAGs
[2024-09-12T16:02:20.461+0000] {logging_mixin.py:190} INFO - [2024-09-12T16:02:20.461+0000] {dag.py:4138} INFO - Setting next_dagrun for example_subdag_operator.section-1 to None, run_after=None
[2024-09-12T16:02:20.468+0000] {logging_mixin.py:190} INFO - [2024-09-12T16:02:20.467+0000] {dag.py:4138} INFO - Setting next_dagrun for example_subdag_operator.section-2 to None, run_after=None
[2024-09-12T16:02:20.539+0000] {processor.py:208} INFO - Processing /home/airflow/.local/lib/python3.12/site-packages/airflow/example_dags/example_subdag_operator.py took 0.564 seconds
[2024-09-12T16:03:16.228+0000] {processor.py:186} INFO - Started process (PID=3293) to work on /home/airflow/.local/lib/python3.12/site-packages/airflow/example_dags/example_subdag_operator.py
[2024-09-12T16:03:16.230+0000] {processor.py:914} INFO - Processing file /home/airflow/.local/lib/python3.12/site-packages/airflow/example_dags/example_subdag_operator.py for tasks to queue
[2024-09-12T16:03:16.235+0000] {logging_mixin.py:190} INFO - [2024-09-12T16:03:16.234+0000] {dagbag.py:587} INFO - Filling up the DagBag from /home/airflow/.local/lib/python3.12/site-packages/airflow/example_dags/example_subdag_operator.py
[2024-09-12T16:03:16.332+0000] {processor.py:925} INFO - DAG(s) 'example_subdag_operator.section-1', 'example_subdag_operator.section-2', 'example_subdag_operator' retrieved from /home/airflow/.local/lib/python3.12/site-packages/airflow/example_dags/example_subdag_operator.py
[2024-09-12T16:03:16.427+0000] {logging_mixin.py:190} INFO - [2024-09-12T16:03:16.427+0000] {dag.py:3211} INFO - Sync 3 DAGs
[2024-09-12T16:03:18.203+0000] {logging_mixin.py:190} INFO - [2024-09-12T16:03:18.202+0000] {dag.py:4138} INFO - Setting next_dagrun for example_subdag_operator to 2022-01-01 00:00:00+00:00, run_after=2022-01-01 00:00:00+00:00
[2024-09-12T16:03:18.215+0000] {logging_mixin.py:190} INFO - [2024-09-12T16:03:18.214+0000] {dag.py:4138} INFO - Setting next_dagrun for example_subdag_operator.section-1 to None, run_after=None
[2024-09-12T16:03:18.227+0000] {logging_mixin.py:190} INFO - [2024-09-12T16:03:18.226+0000] {dag.py:4138} INFO - Setting next_dagrun for example_subdag_operator.section-2 to None, run_after=None
[2024-09-12T16:03:18.254+0000] {logging_mixin.py:190} INFO - [2024-09-12T16:03:18.253+0000] {dag.py:3211} INFO - Sync 2 DAGs
[2024-09-12T16:03:18.279+0000] {logging_mixin.py:190} INFO - [2024-09-12T16:03:18.278+0000] {dag.py:4138} INFO - Setting next_dagrun for example_subdag_operator.section-1 to None, run_after=None
[2024-09-12T16:03:18.280+0000] {logging_mixin.py:190} INFO - [2024-09-12T16:03:18.280+0000] {dag.py:4138} INFO - Setting next_dagrun for example_subdag_operator.section-2 to None, run_after=None
[2024-09-12T16:03:18.323+0000] {processor.py:208} INFO - Processing /home/airflow/.local/lib/python3.12/site-packages/airflow/example_dags/example_subdag_operator.py took 2.119 seconds
[2024-09-12T16:03:50.669+0000] {processor.py:186} INFO - Started process (PID=3355) to work on /home/airflow/.local/lib/python3.12/site-packages/airflow/example_dags/example_subdag_operator.py
[2024-09-12T16:03:50.673+0000] {processor.py:914} INFO - Processing file /home/airflow/.local/lib/python3.12/site-packages/airflow/example_dags/example_subdag_operator.py for tasks to queue
[2024-09-12T16:03:50.677+0000] {logging_mixin.py:190} INFO - [2024-09-12T16:03:50.676+0000] {dagbag.py:587} INFO - Filling up the DagBag from /home/airflow/.local/lib/python3.12/site-packages/airflow/example_dags/example_subdag_operator.py
[2024-09-12T16:03:50.818+0000] {processor.py:925} INFO - DAG(s) 'example_subdag_operator.section-1', 'example_subdag_operator.section-2', 'example_subdag_operator' retrieved from /home/airflow/.local/lib/python3.12/site-packages/airflow/example_dags/example_subdag_operator.py
[2024-09-12T16:03:50.922+0000] {logging_mixin.py:190} INFO - [2024-09-12T16:03:50.921+0000] {dag.py:3211} INFO - Sync 3 DAGs
[2024-09-12T16:03:51.021+0000] {logging_mixin.py:190} INFO - [2024-09-12T16:03:51.020+0000] {dag.py:4138} INFO - Setting next_dagrun for example_subdag_operator to 2022-01-01 00:00:00+00:00, run_after=2022-01-01 00:00:00+00:00
[2024-09-12T16:03:51.055+0000] {logging_mixin.py:190} INFO - [2024-09-12T16:03:51.054+0000] {dag.py:4138} INFO - Setting next_dagrun for example_subdag_operator.section-1 to None, run_after=None
[2024-09-12T16:03:51.060+0000] {logging_mixin.py:190} INFO - [2024-09-12T16:03:51.059+0000] {dag.py:4138} INFO - Setting next_dagrun for example_subdag_operator.section-2 to None, run_after=None
[2024-09-12T16:03:51.097+0000] {logging_mixin.py:190} INFO - [2024-09-12T16:03:51.096+0000] {dag.py:3211} INFO - Sync 2 DAGs
[2024-09-12T16:03:51.137+0000] {logging_mixin.py:190} INFO - [2024-09-12T16:03:51.137+0000] {dag.py:4138} INFO - Setting next_dagrun for example_subdag_operator.section-1 to None, run_after=None
[2024-09-12T16:03:51.143+0000] {logging_mixin.py:190} INFO - [2024-09-12T16:03:51.142+0000] {dag.py:4138} INFO - Setting next_dagrun for example_subdag_operator.section-2 to None, run_after=None
[2024-09-12T16:03:51.177+0000] {processor.py:208} INFO - Processing /home/airflow/.local/lib/python3.12/site-packages/airflow/example_dags/example_subdag_operator.py took 0.525 seconds
[2024-09-12T16:04:53.511+0000] {processor.py:186} INFO - Started process (PID=3428) to work on /home/airflow/.local/lib/python3.12/site-packages/airflow/example_dags/example_subdag_operator.py
[2024-09-12T16:04:53.531+0000] {processor.py:914} INFO - Processing file /home/airflow/.local/lib/python3.12/site-packages/airflow/example_dags/example_subdag_operator.py for tasks to queue
[2024-09-12T16:04:53.553+0000] {logging_mixin.py:190} INFO - [2024-09-12T16:04:53.552+0000] {dagbag.py:587} INFO - Filling up the DagBag from /home/airflow/.local/lib/python3.12/site-packages/airflow/example_dags/example_subdag_operator.py
[2024-09-12T16:05:04.135+0000] {logging_mixin.py:190} INFO - [2024-09-12T16:05:04.032+0000] {dagbag.py:386} ERROR - Failed to import: /home/airflow/.local/lib/python3.12/site-packages/airflow/example_dags/example_subdag_operator.py
Traceback (most recent call last):
  File "/home/airflow/.local/lib/python3.12/site-packages/sqlalchemy/engine/base.py", line 3371, in _wrap_pool_connect
    return fn()
           ^^^^
  File "/home/airflow/.local/lib/python3.12/site-packages/sqlalchemy/pool/base.py", line 327, in connect
    return _ConnectionFairy._checkout(self)
           ^^^^^^^^^^^^^^^^^^^^^^^^^^^^^^^^
  File "/home/airflow/.local/lib/python3.12/site-packages/sqlalchemy/pool/base.py", line 894, in _checkout
    fairy = _ConnectionRecord.checkout(pool)
            ^^^^^^^^^^^^^^^^^^^^^^^^^^^^^^^^
  File "/home/airflow/.local/lib/python3.12/site-packages/sqlalchemy/pool/base.py", line 493, in checkout
    rec = pool._do_get()
          ^^^^^^^^^^^^^^
  File "/home/airflow/.local/lib/python3.12/site-packages/sqlalchemy/pool/impl.py", line 145, in _do_get
    with util.safe_reraise():
  File "/home/airflow/.local/lib/python3.12/site-packages/sqlalchemy/util/langhelpers.py", line 70, in __exit__
    compat.raise_(
  File "/home/airflow/.local/lib/python3.12/site-packages/sqlalchemy/util/compat.py", line 211, in raise_
    raise exception
  File "/home/airflow/.local/lib/python3.12/site-packages/sqlalchemy/pool/impl.py", line 143, in _do_get
    return self._create_connection()
           ^^^^^^^^^^^^^^^^^^^^^^^^^
  File "/home/airflow/.local/lib/python3.12/site-packages/sqlalchemy/pool/base.py", line 273, in _create_connection
    return _ConnectionRecord(self)
           ^^^^^^^^^^^^^^^^^^^^^^^
  File "/home/airflow/.local/lib/python3.12/site-packages/sqlalchemy/pool/base.py", line 388, in __init__
    self.__connect()
  File "/home/airflow/.local/lib/python3.12/site-packages/sqlalchemy/pool/base.py", line 690, in __connect
    with util.safe_reraise():
  File "/home/airflow/.local/lib/python3.12/site-packages/sqlalchemy/util/langhelpers.py", line 70, in __exit__
    compat.raise_(
  File "/home/airflow/.local/lib/python3.12/site-packages/sqlalchemy/util/compat.py", line 211, in raise_
    raise exception
  File "/home/airflow/.local/lib/python3.12/site-packages/sqlalchemy/pool/base.py", line 686, in __connect
    self.dbapi_connection = connection = pool._invoke_creator(self)
                                         ^^^^^^^^^^^^^^^^^^^^^^^^^^
  File "/home/airflow/.local/lib/python3.12/site-packages/sqlalchemy/engine/create.py", line 574, in connect
    return dialect.connect(*cargs, **cparams)
           ^^^^^^^^^^^^^^^^^^^^^^^^^^^^^^^^^^
  File "/home/airflow/.local/lib/python3.12/site-packages/sqlalchemy/engine/default.py", line 598, in connect
    return self.dbapi.connect(*cargs, **cparams)
           ^^^^^^^^^^^^^^^^^^^^^^^^^^^^^^^^^^^^^
  File "/home/airflow/.local/lib/python3.12/site-packages/psycopg2/__init__.py", line 122, in connect
    conn = _connect(dsn, connection_factory=connection_factory, **kwasync)
           ^^^^^^^^^^^^^^^^^^^^^^^^^^^^^^^^^^^^^^^^^^^^^^^^^^^^^^^^^^^^^^^
psycopg2.OperationalError: could not translate host name "postgres" to address: Temporary failure in name resolution


The above exception was the direct cause of the following exception:

Traceback (most recent call last):
  File "/home/airflow/.local/lib/python3.12/site-packages/airflow/models/dagbag.py", line 382, in parse
    loader.exec_module(new_module)
  File "<frozen importlib._bootstrap_external>", line 995, in exec_module
  File "<frozen importlib._bootstrap>", line 488, in _call_with_frames_removed
  File "/home/airflow/.local/lib/python3.12/site-packages/airflow/example_dags/example_subdag_operator.py", line 51, in <module>
    section_1 = SubDagOperator(
                ^^^^^^^^^^^^^^^
  File "/home/airflow/.local/lib/python3.12/site-packages/airflow/models/baseoperator.py", line 490, in apply_defaults
    result = func(self, **kwargs, default_args=default_args)
             ^^^^^^^^^^^^^^^^^^^^^^^^^^^^^^^^^^^^^^^^^^^^^^^
  File "/home/airflow/.local/lib/python3.12/site-packages/airflow/utils/session.py", line 97, in wrapper
    return func(*args, session=session, **kwargs)
           ^^^^^^^^^^^^^^^^^^^^^^^^^^^^^^^^^^^^^^
  File "/home/airflow/.local/lib/python3.12/site-packages/airflow/operators/subdag.py", line 100, in __init__
    self._validate_pool(session)
  File "/home/airflow/.local/lib/python3.12/site-packages/airflow/operators/subdag.py", line 125, in _validate_pool
    pool = session.scalar(select(Pool).where(Pool.slots == 1, Pool.pool == self.pool))
           ^^^^^^^^^^^^^^^^^^^^^^^^^^^^^^^^^^^^^^^^^^^^^^^^^^^^^^^^^^^^^^^^^^^^^^^^^^^
  File "/home/airflow/.local/lib/python3.12/site-packages/sqlalchemy/orm/session.py", line 1747, in scalar
    return self.execute(
           ^^^^^^^^^^^^^
  File "/home/airflow/.local/lib/python3.12/site-packages/sqlalchemy/orm/session.py", line 1716, in execute
    conn = self._connection_for_bind(bind)
           ^^^^^^^^^^^^^^^^^^^^^^^^^^^^^^^
  File "/home/airflow/.local/lib/python3.12/site-packages/sqlalchemy/orm/session.py", line 1555, in _connection_for_bind
    return self._transaction._connection_for_bind(
           ^^^^^^^^^^^^^^^^^^^^^^^^^^^^^^^^^^^^^^^
  File "/home/airflow/.local/lib/python3.12/site-packages/sqlalchemy/orm/session.py", line 750, in _connection_for_bind
    conn = bind.connect()
           ^^^^^^^^^^^^^^
  File "/home/airflow/.local/lib/python3.12/site-packages/sqlalchemy/future/engine.py", line 412, in connect
    return super(Engine, self).connect()
           ^^^^^^^^^^^^^^^^^^^^^^^^^^^^^
  File "/home/airflow/.local/lib/python3.12/site-packages/sqlalchemy/engine/base.py", line 3325, in connect
    return self._connection_cls(self, close_with_result=close_with_result)
           ^^^^^^^^^^^^^^^^^^^^^^^^^^^^^^^^^^^^^^^^^^^^^^^^^^^^^^^^^^^^^^^
  File "/home/airflow/.local/lib/python3.12/site-packages/sqlalchemy/engine/base.py", line 96, in __init__
    else engine.raw_connection()
         ^^^^^^^^^^^^^^^^^^^^^^^
  File "/home/airflow/.local/lib/python3.12/site-packages/sqlalchemy/engine/base.py", line 3404, in raw_connection
    return self._wrap_pool_connect(self.pool.connect, _connection)
           ^^^^^^^^^^^^^^^^^^^^^^^^^^^^^^^^^^^^^^^^^^^^^^^^^^^^^^^
  File "/home/airflow/.local/lib/python3.12/site-packages/sqlalchemy/engine/base.py", line 3374, in _wrap_pool_connect
    Connection._handle_dbapi_exception_noconnection(
  File "/home/airflow/.local/lib/python3.12/site-packages/sqlalchemy/engine/base.py", line 2208, in _handle_dbapi_exception_noconnection
    util.raise_(
  File "/home/airflow/.local/lib/python3.12/site-packages/sqlalchemy/util/compat.py", line 211, in raise_
    raise exception
  File "/home/airflow/.local/lib/python3.12/site-packages/sqlalchemy/engine/base.py", line 3371, in _wrap_pool_connect
    return fn()
           ^^^^
  File "/home/airflow/.local/lib/python3.12/site-packages/sqlalchemy/pool/base.py", line 327, in connect
    return _ConnectionFairy._checkout(self)
           ^^^^^^^^^^^^^^^^^^^^^^^^^^^^^^^^
  File "/home/airflow/.local/lib/python3.12/site-packages/sqlalchemy/pool/base.py", line 894, in _checkout
    fairy = _ConnectionRecord.checkout(pool)
            ^^^^^^^^^^^^^^^^^^^^^^^^^^^^^^^^
  File "/home/airflow/.local/lib/python3.12/site-packages/sqlalchemy/pool/base.py", line 493, in checkout
    rec = pool._do_get()
          ^^^^^^^^^^^^^^
  File "/home/airflow/.local/lib/python3.12/site-packages/sqlalchemy/pool/impl.py", line 145, in _do_get
    with util.safe_reraise():
  File "/home/airflow/.local/lib/python3.12/site-packages/sqlalchemy/util/langhelpers.py", line 70, in __exit__
    compat.raise_(
  File "/home/airflow/.local/lib/python3.12/site-packages/sqlalchemy/util/compat.py", line 211, in raise_
    raise exception
  File "/home/airflow/.local/lib/python3.12/site-packages/sqlalchemy/pool/impl.py", line 143, in _do_get
    return self._create_connection()
           ^^^^^^^^^^^^^^^^^^^^^^^^^
  File "/home/airflow/.local/lib/python3.12/site-packages/sqlalchemy/pool/base.py", line 273, in _create_connection
    return _ConnectionRecord(self)
           ^^^^^^^^^^^^^^^^^^^^^^^
  File "/home/airflow/.local/lib/python3.12/site-packages/sqlalchemy/pool/base.py", line 388, in __init__
    self.__connect()
  File "/home/airflow/.local/lib/python3.12/site-packages/sqlalchemy/pool/base.py", line 690, in __connect
    with util.safe_reraise():
  File "/home/airflow/.local/lib/python3.12/site-packages/sqlalchemy/util/langhelpers.py", line 70, in __exit__
    compat.raise_(
  File "/home/airflow/.local/lib/python3.12/site-packages/sqlalchemy/util/compat.py", line 211, in raise_
    raise exception
  File "/home/airflow/.local/lib/python3.12/site-packages/sqlalchemy/pool/base.py", line 686, in __connect
    self.dbapi_connection = connection = pool._invoke_creator(self)
                                         ^^^^^^^^^^^^^^^^^^^^^^^^^^
  File "/home/airflow/.local/lib/python3.12/site-packages/sqlalchemy/engine/create.py", line 574, in connect
    return dialect.connect(*cargs, **cparams)
           ^^^^^^^^^^^^^^^^^^^^^^^^^^^^^^^^^^
  File "/home/airflow/.local/lib/python3.12/site-packages/sqlalchemy/engine/default.py", line 598, in connect
    return self.dbapi.connect(*cargs, **cparams)
           ^^^^^^^^^^^^^^^^^^^^^^^^^^^^^^^^^^^^^
  File "/home/airflow/.local/lib/python3.12/site-packages/psycopg2/__init__.py", line 122, in connect
    conn = _connect(dsn, connection_factory=connection_factory, **kwasync)
           ^^^^^^^^^^^^^^^^^^^^^^^^^^^^^^^^^^^^^^^^^^^^^^^^^^^^^^^^^^^^^^^
sqlalchemy.exc.OperationalError: (psycopg2.OperationalError) could not translate host name "postgres" to address: Temporary failure in name resolution

(Background on this error at: https://sqlalche.me/e/14/e3q8)
[2024-09-12T16:05:04.144+0000] {processor.py:927} WARNING - No viable dags retrieved from /home/airflow/.local/lib/python3.12/site-packages/airflow/example_dags/example_subdag_operator.py
[2024-09-12T16:05:04.693+0000] {processor.py:208} INFO - Processing /home/airflow/.local/lib/python3.12/site-packages/airflow/example_dags/example_subdag_operator.py took 11.269 seconds
[2024-09-12T16:06:08.551+0000] {processor.py:186} INFO - Started process (PID=3474) to work on /home/airflow/.local/lib/python3.12/site-packages/airflow/example_dags/example_subdag_operator.py
[2024-09-12T16:06:08.566+0000] {processor.py:914} INFO - Processing file /home/airflow/.local/lib/python3.12/site-packages/airflow/example_dags/example_subdag_operator.py for tasks to queue
[2024-09-12T16:06:08.571+0000] {logging_mixin.py:190} INFO - [2024-09-12T16:06:08.570+0000] {dagbag.py:587} INFO - Filling up the DagBag from /home/airflow/.local/lib/python3.12/site-packages/airflow/example_dags/example_subdag_operator.py
[2024-09-12T16:06:08.965+0000] {processor.py:925} INFO - DAG(s) 'example_subdag_operator.section-1', 'example_subdag_operator.section-2', 'example_subdag_operator' retrieved from /home/airflow/.local/lib/python3.12/site-packages/airflow/example_dags/example_subdag_operator.py
[2024-09-12T16:06:28.961+0000] {logging_mixin.py:190} INFO - [2024-09-12T16:06:28.960+0000] {dag.py:3211} INFO - Sync 3 DAGs
[2024-09-12T16:06:29.119+0000] {logging_mixin.py:190} INFO - [2024-09-12T16:06:29.118+0000] {dag.py:4138} INFO - Setting next_dagrun for example_subdag_operator to 2022-01-01 00:00:00+00:00, run_after=2022-01-01 00:00:00+00:00
[2024-09-12T16:06:29.134+0000] {logging_mixin.py:190} INFO - [2024-09-12T16:06:29.133+0000] {dag.py:4138} INFO - Setting next_dagrun for example_subdag_operator.section-1 to None, run_after=None
[2024-09-12T16:06:29.193+0000] {logging_mixin.py:190} INFO - [2024-09-12T16:06:29.193+0000] {dag.py:4138} INFO - Setting next_dagrun for example_subdag_operator.section-2 to None, run_after=None
[2024-09-12T16:06:29.299+0000] {logging_mixin.py:190} INFO - [2024-09-12T16:06:29.298+0000] {dag.py:3211} INFO - Sync 2 DAGs
[2024-09-12T16:06:29.352+0000] {logging_mixin.py:190} INFO - [2024-09-12T16:06:29.351+0000] {dag.py:4138} INFO - Setting next_dagrun for example_subdag_operator.section-1 to None, run_after=None
[2024-09-12T16:06:29.372+0000] {logging_mixin.py:190} INFO - [2024-09-12T16:06:29.371+0000] {dag.py:4138} INFO - Setting next_dagrun for example_subdag_operator.section-2 to None, run_after=None
[2024-09-12T16:06:29.587+0000] {processor.py:208} INFO - Processing /home/airflow/.local/lib/python3.12/site-packages/airflow/example_dags/example_subdag_operator.py took 21.082 seconds
[2024-09-12T16:07:23.816+0000] {processor.py:186} INFO - Started process (PID=3524) to work on /home/airflow/.local/lib/python3.12/site-packages/airflow/example_dags/example_subdag_operator.py
[2024-09-12T16:07:23.823+0000] {processor.py:914} INFO - Processing file /home/airflow/.local/lib/python3.12/site-packages/airflow/example_dags/example_subdag_operator.py for tasks to queue
[2024-09-12T16:07:23.829+0000] {logging_mixin.py:190} INFO - [2024-09-12T16:07:23.828+0000] {dagbag.py:587} INFO - Filling up the DagBag from /home/airflow/.local/lib/python3.12/site-packages/airflow/example_dags/example_subdag_operator.py
[2024-09-12T16:07:24.081+0000] {processor.py:925} INFO - DAG(s) 'example_subdag_operator.section-1', 'example_subdag_operator.section-2', 'example_subdag_operator' retrieved from /home/airflow/.local/lib/python3.12/site-packages/airflow/example_dags/example_subdag_operator.py
[2024-09-12T16:07:25.457+0000] {logging_mixin.py:190} INFO - [2024-09-12T16:07:25.456+0000] {dag.py:3211} INFO - Sync 3 DAGs
[2024-09-12T16:07:25.621+0000] {logging_mixin.py:190} INFO - [2024-09-12T16:07:25.620+0000] {dag.py:4138} INFO - Setting next_dagrun for example_subdag_operator to 2022-01-01 00:00:00+00:00, run_after=2022-01-01 00:00:00+00:00
[2024-09-12T16:07:25.673+0000] {logging_mixin.py:190} INFO - [2024-09-12T16:07:25.673+0000] {dag.py:4138} INFO - Setting next_dagrun for example_subdag_operator.section-1 to None, run_after=None
[2024-09-12T16:07:25.678+0000] {logging_mixin.py:190} INFO - [2024-09-12T16:07:25.677+0000] {dag.py:4138} INFO - Setting next_dagrun for example_subdag_operator.section-2 to None, run_after=None
[2024-09-12T16:07:25.772+0000] {logging_mixin.py:190} INFO - [2024-09-12T16:07:25.771+0000] {dag.py:3211} INFO - Sync 2 DAGs
[2024-09-12T16:07:25.832+0000] {logging_mixin.py:190} INFO - [2024-09-12T16:07:25.818+0000] {dag.py:4138} INFO - Setting next_dagrun for example_subdag_operator.section-1 to None, run_after=None
[2024-09-12T16:07:25.837+0000] {logging_mixin.py:190} INFO - [2024-09-12T16:07:25.837+0000] {dag.py:4138} INFO - Setting next_dagrun for example_subdag_operator.section-2 to None, run_after=None
[2024-09-12T16:07:25.906+0000] {processor.py:208} INFO - Processing /home/airflow/.local/lib/python3.12/site-packages/airflow/example_dags/example_subdag_operator.py took 2.125 seconds
[2024-09-12T16:07:58.721+0000] {processor.py:186} INFO - Started process (PID=3570) to work on /home/airflow/.local/lib/python3.12/site-packages/airflow/example_dags/example_subdag_operator.py
[2024-09-12T16:07:58.724+0000] {processor.py:914} INFO - Processing file /home/airflow/.local/lib/python3.12/site-packages/airflow/example_dags/example_subdag_operator.py for tasks to queue
[2024-09-12T16:07:58.727+0000] {logging_mixin.py:190} INFO - [2024-09-12T16:07:58.726+0000] {dagbag.py:587} INFO - Filling up the DagBag from /home/airflow/.local/lib/python3.12/site-packages/airflow/example_dags/example_subdag_operator.py
[2024-09-12T16:07:58.911+0000] {processor.py:925} INFO - DAG(s) 'example_subdag_operator.section-1', 'example_subdag_operator.section-2', 'example_subdag_operator' retrieved from /home/airflow/.local/lib/python3.12/site-packages/airflow/example_dags/example_subdag_operator.py
[2024-09-12T16:07:59.003+0000] {logging_mixin.py:190} INFO - [2024-09-12T16:07:59.002+0000] {dag.py:3211} INFO - Sync 3 DAGs
[2024-09-12T16:07:59.250+0000] {logging_mixin.py:190} INFO - [2024-09-12T16:07:59.249+0000] {dag.py:4138} INFO - Setting next_dagrun for example_subdag_operator to 2022-01-01 00:00:00+00:00, run_after=2022-01-01 00:00:00+00:00
[2024-09-12T16:07:59.271+0000] {logging_mixin.py:190} INFO - [2024-09-12T16:07:59.270+0000] {dag.py:4138} INFO - Setting next_dagrun for example_subdag_operator.section-1 to None, run_after=None
[2024-09-12T16:07:59.280+0000] {logging_mixin.py:190} INFO - [2024-09-12T16:07:59.279+0000] {dag.py:4138} INFO - Setting next_dagrun for example_subdag_operator.section-2 to None, run_after=None
[2024-09-12T16:07:59.331+0000] {logging_mixin.py:190} INFO - [2024-09-12T16:07:59.329+0000] {dag.py:3211} INFO - Sync 2 DAGs
[2024-09-12T16:07:59.373+0000] {logging_mixin.py:190} INFO - [2024-09-12T16:07:59.373+0000] {dag.py:4138} INFO - Setting next_dagrun for example_subdag_operator.section-1 to None, run_after=None
[2024-09-12T16:07:59.441+0000] {logging_mixin.py:190} INFO - [2024-09-12T16:07:59.438+0000] {dag.py:4138} INFO - Setting next_dagrun for example_subdag_operator.section-2 to None, run_after=None
[2024-09-12T16:07:59.641+0000] {processor.py:208} INFO - Processing /home/airflow/.local/lib/python3.12/site-packages/airflow/example_dags/example_subdag_operator.py took 0.954 seconds
[2024-09-12T16:08:43.576+0000] {processor.py:186} INFO - Started process (PID=3619) to work on /home/airflow/.local/lib/python3.12/site-packages/airflow/example_dags/example_subdag_operator.py
[2024-09-12T16:08:43.586+0000] {processor.py:914} INFO - Processing file /home/airflow/.local/lib/python3.12/site-packages/airflow/example_dags/example_subdag_operator.py for tasks to queue
[2024-09-12T16:08:43.594+0000] {logging_mixin.py:190} INFO - [2024-09-12T16:08:43.593+0000] {dagbag.py:587} INFO - Filling up the DagBag from /home/airflow/.local/lib/python3.12/site-packages/airflow/example_dags/example_subdag_operator.py
[2024-09-12T16:08:43.824+0000] {processor.py:925} INFO - DAG(s) 'example_subdag_operator.section-1', 'example_subdag_operator.section-2', 'example_subdag_operator' retrieved from /home/airflow/.local/lib/python3.12/site-packages/airflow/example_dags/example_subdag_operator.py
[2024-09-12T16:08:43.940+0000] {logging_mixin.py:190} INFO - [2024-09-12T16:08:43.940+0000] {dag.py:3211} INFO - Sync 3 DAGs
[2024-09-12T16:08:44.145+0000] {logging_mixin.py:190} INFO - [2024-09-12T16:08:44.140+0000] {dag.py:4138} INFO - Setting next_dagrun for example_subdag_operator to 2022-01-01 00:00:00+00:00, run_after=2022-01-01 00:00:00+00:00
[2024-09-12T16:08:44.174+0000] {logging_mixin.py:190} INFO - [2024-09-12T16:08:44.173+0000] {dag.py:4138} INFO - Setting next_dagrun for example_subdag_operator.section-1 to None, run_after=None
[2024-09-12T16:08:44.198+0000] {logging_mixin.py:190} INFO - [2024-09-12T16:08:44.194+0000] {dag.py:4138} INFO - Setting next_dagrun for example_subdag_operator.section-2 to None, run_after=None
[2024-09-12T16:08:44.329+0000] {logging_mixin.py:190} INFO - [2024-09-12T16:08:44.308+0000] {dag.py:3211} INFO - Sync 2 DAGs
[2024-09-12T16:08:44.377+0000] {logging_mixin.py:190} INFO - [2024-09-12T16:08:44.377+0000] {dag.py:4138} INFO - Setting next_dagrun for example_subdag_operator.section-1 to None, run_after=None
[2024-09-12T16:08:44.385+0000] {logging_mixin.py:190} INFO - [2024-09-12T16:08:44.384+0000] {dag.py:4138} INFO - Setting next_dagrun for example_subdag_operator.section-2 to None, run_after=None
[2024-09-12T16:08:44.475+0000] {processor.py:208} INFO - Processing /home/airflow/.local/lib/python3.12/site-packages/airflow/example_dags/example_subdag_operator.py took 0.932 seconds
[2024-09-12T16:09:16.443+0000] {processor.py:186} INFO - Started process (PID=3679) to work on /home/airflow/.local/lib/python3.12/site-packages/airflow/example_dags/example_subdag_operator.py
[2024-09-12T16:09:16.446+0000] {processor.py:914} INFO - Processing file /home/airflow/.local/lib/python3.12/site-packages/airflow/example_dags/example_subdag_operator.py for tasks to queue
[2024-09-12T16:09:16.450+0000] {logging_mixin.py:190} INFO - [2024-09-12T16:09:16.449+0000] {dagbag.py:587} INFO - Filling up the DagBag from /home/airflow/.local/lib/python3.12/site-packages/airflow/example_dags/example_subdag_operator.py
[2024-09-12T16:09:16.569+0000] {processor.py:925} INFO - DAG(s) 'example_subdag_operator.section-1', 'example_subdag_operator.section-2', 'example_subdag_operator' retrieved from /home/airflow/.local/lib/python3.12/site-packages/airflow/example_dags/example_subdag_operator.py
[2024-09-12T16:09:16.631+0000] {logging_mixin.py:190} INFO - [2024-09-12T16:09:16.621+0000] {dag.py:3211} INFO - Sync 3 DAGs
[2024-09-12T16:09:16.755+0000] {logging_mixin.py:190} INFO - [2024-09-12T16:09:16.754+0000] {dag.py:4138} INFO - Setting next_dagrun for example_subdag_operator to 2022-01-01 00:00:00+00:00, run_after=2022-01-01 00:00:00+00:00
[2024-09-12T16:09:16.765+0000] {logging_mixin.py:190} INFO - [2024-09-12T16:09:16.764+0000] {dag.py:4138} INFO - Setting next_dagrun for example_subdag_operator.section-1 to None, run_after=None
[2024-09-12T16:09:16.778+0000] {logging_mixin.py:190} INFO - [2024-09-12T16:09:16.777+0000] {dag.py:4138} INFO - Setting next_dagrun for example_subdag_operator.section-2 to None, run_after=None
[2024-09-12T16:09:16.806+0000] {logging_mixin.py:190} INFO - [2024-09-12T16:09:16.805+0000] {dag.py:3211} INFO - Sync 2 DAGs
[2024-09-12T16:09:16.818+0000] {logging_mixin.py:190} INFO - [2024-09-12T16:09:16.818+0000] {dag.py:4138} INFO - Setting next_dagrun for example_subdag_operator.section-1 to None, run_after=None
[2024-09-12T16:09:16.819+0000] {logging_mixin.py:190} INFO - [2024-09-12T16:09:16.819+0000] {dag.py:4138} INFO - Setting next_dagrun for example_subdag_operator.section-2 to None, run_after=None
[2024-09-12T16:09:16.860+0000] {processor.py:208} INFO - Processing /home/airflow/.local/lib/python3.12/site-packages/airflow/example_dags/example_subdag_operator.py took 0.436 seconds
[2024-09-12T16:10:22.553+0000] {processor.py:186} INFO - Started process (PID=3736) to work on /home/airflow/.local/lib/python3.12/site-packages/airflow/example_dags/example_subdag_operator.py
[2024-09-12T16:10:22.558+0000] {processor.py:914} INFO - Processing file /home/airflow/.local/lib/python3.12/site-packages/airflow/example_dags/example_subdag_operator.py for tasks to queue
[2024-09-12T16:10:22.567+0000] {logging_mixin.py:190} INFO - [2024-09-12T16:10:22.566+0000] {dagbag.py:587} INFO - Filling up the DagBag from /home/airflow/.local/lib/python3.12/site-packages/airflow/example_dags/example_subdag_operator.py
[2024-09-12T16:10:22.801+0000] {processor.py:925} INFO - DAG(s) 'example_subdag_operator.section-1', 'example_subdag_operator.section-2', 'example_subdag_operator' retrieved from /home/airflow/.local/lib/python3.12/site-packages/airflow/example_dags/example_subdag_operator.py
[2024-09-12T16:10:22.904+0000] {logging_mixin.py:190} INFO - [2024-09-12T16:10:22.903+0000] {dag.py:3211} INFO - Sync 3 DAGs
[2024-09-12T16:10:22.992+0000] {logging_mixin.py:190} INFO - [2024-09-12T16:10:22.992+0000] {dag.py:4138} INFO - Setting next_dagrun for example_subdag_operator to 2022-01-01 00:00:00+00:00, run_after=2022-01-01 00:00:00+00:00
[2024-09-12T16:10:23.025+0000] {logging_mixin.py:190} INFO - [2024-09-12T16:10:23.024+0000] {dag.py:4138} INFO - Setting next_dagrun for example_subdag_operator.section-1 to None, run_after=None
[2024-09-12T16:10:23.031+0000] {logging_mixin.py:190} INFO - [2024-09-12T16:10:23.031+0000] {dag.py:4138} INFO - Setting next_dagrun for example_subdag_operator.section-2 to None, run_after=None
[2024-09-12T16:10:23.088+0000] {logging_mixin.py:190} INFO - [2024-09-12T16:10:23.088+0000] {dag.py:3211} INFO - Sync 2 DAGs
[2024-09-12T16:10:23.123+0000] {logging_mixin.py:190} INFO - [2024-09-12T16:10:23.123+0000] {dag.py:4138} INFO - Setting next_dagrun for example_subdag_operator.section-1 to None, run_after=None
[2024-09-12T16:10:23.135+0000] {logging_mixin.py:190} INFO - [2024-09-12T16:10:23.134+0000] {dag.py:4138} INFO - Setting next_dagrun for example_subdag_operator.section-2 to None, run_after=None
[2024-09-12T16:10:23.211+0000] {processor.py:208} INFO - Processing /home/airflow/.local/lib/python3.12/site-packages/airflow/example_dags/example_subdag_operator.py took 0.720 seconds
[2024-09-12T16:10:53.800+0000] {processor.py:186} INFO - Started process (PID=3803) to work on /home/airflow/.local/lib/python3.12/site-packages/airflow/example_dags/example_subdag_operator.py
[2024-09-12T16:10:53.823+0000] {processor.py:914} INFO - Processing file /home/airflow/.local/lib/python3.12/site-packages/airflow/example_dags/example_subdag_operator.py for tasks to queue
[2024-09-12T16:10:53.831+0000] {logging_mixin.py:190} INFO - [2024-09-12T16:10:53.831+0000] {dagbag.py:587} INFO - Filling up the DagBag from /home/airflow/.local/lib/python3.12/site-packages/airflow/example_dags/example_subdag_operator.py
[2024-09-12T16:10:54.097+0000] {processor.py:925} INFO - DAG(s) 'example_subdag_operator.section-1', 'example_subdag_operator.section-2', 'example_subdag_operator' retrieved from /home/airflow/.local/lib/python3.12/site-packages/airflow/example_dags/example_subdag_operator.py
[2024-09-12T16:10:54.269+0000] {logging_mixin.py:190} INFO - [2024-09-12T16:10:54.269+0000] {dag.py:3211} INFO - Sync 3 DAGs
[2024-09-12T16:10:54.493+0000] {logging_mixin.py:190} INFO - [2024-09-12T16:10:54.493+0000] {dag.py:4138} INFO - Setting next_dagrun for example_subdag_operator to 2022-01-01 00:00:00+00:00, run_after=2022-01-01 00:00:00+00:00
[2024-09-12T16:10:54.523+0000] {logging_mixin.py:190} INFO - [2024-09-12T16:10:54.522+0000] {dag.py:4138} INFO - Setting next_dagrun for example_subdag_operator.section-1 to None, run_after=None
[2024-09-12T16:10:54.542+0000] {logging_mixin.py:190} INFO - [2024-09-12T16:10:54.542+0000] {dag.py:4138} INFO - Setting next_dagrun for example_subdag_operator.section-2 to None, run_after=None
[2024-09-12T16:10:54.583+0000] {logging_mixin.py:190} INFO - [2024-09-12T16:10:54.582+0000] {dag.py:3211} INFO - Sync 2 DAGs
[2024-09-12T16:10:54.610+0000] {logging_mixin.py:190} INFO - [2024-09-12T16:10:54.609+0000] {dag.py:4138} INFO - Setting next_dagrun for example_subdag_operator.section-1 to None, run_after=None
[2024-09-12T16:10:54.620+0000] {logging_mixin.py:190} INFO - [2024-09-12T16:10:54.617+0000] {dag.py:4138} INFO - Setting next_dagrun for example_subdag_operator.section-2 to None, run_after=None
[2024-09-12T16:10:54.717+0000] {processor.py:208} INFO - Processing /home/airflow/.local/lib/python3.12/site-packages/airflow/example_dags/example_subdag_operator.py took 0.977 seconds
[2024-09-12T16:11:35.045+0000] {processor.py:186} INFO - Started process (PID=3854) to work on /home/airflow/.local/lib/python3.12/site-packages/airflow/example_dags/example_subdag_operator.py
[2024-09-12T16:11:35.051+0000] {processor.py:914} INFO - Processing file /home/airflow/.local/lib/python3.12/site-packages/airflow/example_dags/example_subdag_operator.py for tasks to queue
[2024-09-12T16:11:35.057+0000] {logging_mixin.py:190} INFO - [2024-09-12T16:11:35.056+0000] {dagbag.py:587} INFO - Filling up the DagBag from /home/airflow/.local/lib/python3.12/site-packages/airflow/example_dags/example_subdag_operator.py
[2024-09-12T16:11:35.235+0000] {processor.py:925} INFO - DAG(s) 'example_subdag_operator.section-1', 'example_subdag_operator.section-2', 'example_subdag_operator' retrieved from /home/airflow/.local/lib/python3.12/site-packages/airflow/example_dags/example_subdag_operator.py
[2024-09-12T16:11:35.364+0000] {logging_mixin.py:190} INFO - [2024-09-12T16:11:35.364+0000] {dag.py:3211} INFO - Sync 3 DAGs
[2024-09-12T16:11:35.483+0000] {logging_mixin.py:190} INFO - [2024-09-12T16:11:35.483+0000] {dag.py:4138} INFO - Setting next_dagrun for example_subdag_operator to 2022-01-01 00:00:00+00:00, run_after=2022-01-01 00:00:00+00:00
[2024-09-12T16:11:35.510+0000] {logging_mixin.py:190} INFO - [2024-09-12T16:11:35.510+0000] {dag.py:4138} INFO - Setting next_dagrun for example_subdag_operator.section-1 to None, run_after=None
[2024-09-12T16:11:35.528+0000] {logging_mixin.py:190} INFO - [2024-09-12T16:11:35.518+0000] {dag.py:4138} INFO - Setting next_dagrun for example_subdag_operator.section-2 to None, run_after=None
[2024-09-12T16:11:35.593+0000] {logging_mixin.py:190} INFO - [2024-09-12T16:11:35.592+0000] {dag.py:3211} INFO - Sync 2 DAGs
[2024-09-12T16:11:35.614+0000] {logging_mixin.py:190} INFO - [2024-09-12T16:11:35.613+0000] {dag.py:4138} INFO - Setting next_dagrun for example_subdag_operator.section-1 to None, run_after=None
[2024-09-12T16:11:35.619+0000] {logging_mixin.py:190} INFO - [2024-09-12T16:11:35.617+0000] {dag.py:4138} INFO - Setting next_dagrun for example_subdag_operator.section-2 to None, run_after=None
[2024-09-12T16:11:35.713+0000] {processor.py:208} INFO - Processing /home/airflow/.local/lib/python3.12/site-packages/airflow/example_dags/example_subdag_operator.py took 0.693 seconds
[2024-09-12T16:12:29.490+0000] {processor.py:186} INFO - Started process (PID=3917) to work on /home/airflow/.local/lib/python3.12/site-packages/airflow/example_dags/example_subdag_operator.py
[2024-09-12T16:12:29.497+0000] {processor.py:914} INFO - Processing file /home/airflow/.local/lib/python3.12/site-packages/airflow/example_dags/example_subdag_operator.py for tasks to queue
[2024-09-12T16:12:29.511+0000] {logging_mixin.py:190} INFO - [2024-09-12T16:12:29.506+0000] {dagbag.py:587} INFO - Filling up the DagBag from /home/airflow/.local/lib/python3.12/site-packages/airflow/example_dags/example_subdag_operator.py
[2024-09-12T16:12:29.760+0000] {processor.py:925} INFO - DAG(s) 'example_subdag_operator.section-1', 'example_subdag_operator.section-2', 'example_subdag_operator' retrieved from /home/airflow/.local/lib/python3.12/site-packages/airflow/example_dags/example_subdag_operator.py
[2024-09-12T16:12:29.922+0000] {logging_mixin.py:190} INFO - [2024-09-12T16:12:29.922+0000] {dag.py:3211} INFO - Sync 3 DAGs
[2024-09-12T16:12:30.149+0000] {logging_mixin.py:190} INFO - [2024-09-12T16:12:30.148+0000] {dag.py:4138} INFO - Setting next_dagrun for example_subdag_operator to 2022-01-01 00:00:00+00:00, run_after=2022-01-01 00:00:00+00:00
[2024-09-12T16:12:30.205+0000] {logging_mixin.py:190} INFO - [2024-09-12T16:12:30.204+0000] {dag.py:4138} INFO - Setting next_dagrun for example_subdag_operator.section-1 to None, run_after=None
[2024-09-12T16:12:30.217+0000] {logging_mixin.py:190} INFO - [2024-09-12T16:12:30.215+0000] {dag.py:4138} INFO - Setting next_dagrun for example_subdag_operator.section-2 to None, run_after=None
[2024-09-12T16:12:30.288+0000] {logging_mixin.py:190} INFO - [2024-09-12T16:12:30.287+0000] {dag.py:3211} INFO - Sync 2 DAGs
[2024-09-12T16:12:30.345+0000] {logging_mixin.py:190} INFO - [2024-09-12T16:12:30.345+0000] {dag.py:4138} INFO - Setting next_dagrun for example_subdag_operator.section-1 to None, run_after=None
[2024-09-12T16:12:30.358+0000] {logging_mixin.py:190} INFO - [2024-09-12T16:12:30.358+0000] {dag.py:4138} INFO - Setting next_dagrun for example_subdag_operator.section-2 to None, run_after=None
[2024-09-12T16:12:30.454+0000] {processor.py:208} INFO - Processing /home/airflow/.local/lib/python3.12/site-packages/airflow/example_dags/example_subdag_operator.py took 1.030 seconds
[2024-09-12T16:13:01.206+0000] {processor.py:186} INFO - Started process (PID=3981) to work on /home/airflow/.local/lib/python3.12/site-packages/airflow/example_dags/example_subdag_operator.py
[2024-09-12T16:13:01.209+0000] {processor.py:914} INFO - Processing file /home/airflow/.local/lib/python3.12/site-packages/airflow/example_dags/example_subdag_operator.py for tasks to queue
[2024-09-12T16:13:01.213+0000] {logging_mixin.py:190} INFO - [2024-09-12T16:13:01.212+0000] {dagbag.py:587} INFO - Filling up the DagBag from /home/airflow/.local/lib/python3.12/site-packages/airflow/example_dags/example_subdag_operator.py
[2024-09-12T16:13:01.416+0000] {processor.py:925} INFO - DAG(s) 'example_subdag_operator.section-1', 'example_subdag_operator.section-2', 'example_subdag_operator' retrieved from /home/airflow/.local/lib/python3.12/site-packages/airflow/example_dags/example_subdag_operator.py
[2024-09-12T16:13:01.543+0000] {logging_mixin.py:190} INFO - [2024-09-12T16:13:01.542+0000] {dag.py:3211} INFO - Sync 3 DAGs
[2024-09-12T16:13:01.708+0000] {logging_mixin.py:190} INFO - [2024-09-12T16:13:01.708+0000] {dag.py:4138} INFO - Setting next_dagrun for example_subdag_operator to 2022-01-01 00:00:00+00:00, run_after=2022-01-01 00:00:00+00:00
[2024-09-12T16:13:01.727+0000] {logging_mixin.py:190} INFO - [2024-09-12T16:13:01.727+0000] {dag.py:4138} INFO - Setting next_dagrun for example_subdag_operator.section-1 to None, run_after=None
[2024-09-12T16:13:01.743+0000] {logging_mixin.py:190} INFO - [2024-09-12T16:13:01.742+0000] {dag.py:4138} INFO - Setting next_dagrun for example_subdag_operator.section-2 to None, run_after=None
[2024-09-12T16:13:01.783+0000] {logging_mixin.py:190} INFO - [2024-09-12T16:13:01.783+0000] {dag.py:3211} INFO - Sync 2 DAGs
[2024-09-12T16:13:01.841+0000] {logging_mixin.py:190} INFO - [2024-09-12T16:13:01.840+0000] {dag.py:4138} INFO - Setting next_dagrun for example_subdag_operator.section-1 to None, run_after=None
[2024-09-12T16:13:01.860+0000] {logging_mixin.py:190} INFO - [2024-09-12T16:13:01.860+0000] {dag.py:4138} INFO - Setting next_dagrun for example_subdag_operator.section-2 to None, run_after=None
[2024-09-12T16:13:02.069+0000] {processor.py:208} INFO - Processing /home/airflow/.local/lib/python3.12/site-packages/airflow/example_dags/example_subdag_operator.py took 0.890 seconds
[2024-09-12T16:13:42.267+0000] {processor.py:186} INFO - Started process (PID=4003) to work on /home/airflow/.local/lib/python3.12/site-packages/airflow/example_dags/example_subdag_operator.py
[2024-09-12T16:13:42.274+0000] {processor.py:914} INFO - Processing file /home/airflow/.local/lib/python3.12/site-packages/airflow/example_dags/example_subdag_operator.py for tasks to queue
[2024-09-12T16:13:42.278+0000] {logging_mixin.py:190} INFO - [2024-09-12T16:13:42.277+0000] {dagbag.py:587} INFO - Filling up the DagBag from /home/airflow/.local/lib/python3.12/site-packages/airflow/example_dags/example_subdag_operator.py
[2024-09-12T16:13:42.444+0000] {processor.py:925} INFO - DAG(s) 'example_subdag_operator.section-1', 'example_subdag_operator.section-2', 'example_subdag_operator' retrieved from /home/airflow/.local/lib/python3.12/site-packages/airflow/example_dags/example_subdag_operator.py
[2024-09-12T16:13:42.581+0000] {logging_mixin.py:190} INFO - [2024-09-12T16:13:42.580+0000] {dag.py:3211} INFO - Sync 3 DAGs
[2024-09-12T16:13:42.981+0000] {logging_mixin.py:190} INFO - [2024-09-12T16:13:42.980+0000] {dag.py:4138} INFO - Setting next_dagrun for example_subdag_operator to 2022-01-01 00:00:00+00:00, run_after=2022-01-01 00:00:00+00:00
[2024-09-12T16:13:43.008+0000] {logging_mixin.py:190} INFO - [2024-09-12T16:13:43.008+0000] {dag.py:4138} INFO - Setting next_dagrun for example_subdag_operator.section-1 to None, run_after=None
[2024-09-12T16:13:43.013+0000] {logging_mixin.py:190} INFO - [2024-09-12T16:13:43.012+0000] {dag.py:4138} INFO - Setting next_dagrun for example_subdag_operator.section-2 to None, run_after=None
[2024-09-12T16:13:43.051+0000] {logging_mixin.py:190} INFO - [2024-09-12T16:13:43.050+0000] {dag.py:3211} INFO - Sync 2 DAGs
[2024-09-12T16:13:43.105+0000] {logging_mixin.py:190} INFO - [2024-09-12T16:13:43.105+0000] {dag.py:4138} INFO - Setting next_dagrun for example_subdag_operator.section-1 to None, run_after=None
[2024-09-12T16:13:43.107+0000] {logging_mixin.py:190} INFO - [2024-09-12T16:13:43.107+0000] {dag.py:4138} INFO - Setting next_dagrun for example_subdag_operator.section-2 to None, run_after=None
[2024-09-12T16:13:43.223+0000] {processor.py:208} INFO - Processing /home/airflow/.local/lib/python3.12/site-packages/airflow/example_dags/example_subdag_operator.py took 1.020 seconds
[2024-09-12T16:14:34.731+0000] {processor.py:186} INFO - Started process (PID=4069) to work on /home/airflow/.local/lib/python3.12/site-packages/airflow/example_dags/example_subdag_operator.py
[2024-09-12T16:14:34.734+0000] {processor.py:914} INFO - Processing file /home/airflow/.local/lib/python3.12/site-packages/airflow/example_dags/example_subdag_operator.py for tasks to queue
[2024-09-12T16:14:34.739+0000] {logging_mixin.py:190} INFO - [2024-09-12T16:14:34.738+0000] {dagbag.py:587} INFO - Filling up the DagBag from /home/airflow/.local/lib/python3.12/site-packages/airflow/example_dags/example_subdag_operator.py
[2024-09-12T16:14:34.871+0000] {processor.py:925} INFO - DAG(s) 'example_subdag_operator.section-1', 'example_subdag_operator.section-2', 'example_subdag_operator' retrieved from /home/airflow/.local/lib/python3.12/site-packages/airflow/example_dags/example_subdag_operator.py
[2024-09-12T16:14:34.951+0000] {logging_mixin.py:190} INFO - [2024-09-12T16:14:34.950+0000] {dag.py:3211} INFO - Sync 3 DAGs
[2024-09-12T16:14:35.084+0000] {logging_mixin.py:190} INFO - [2024-09-12T16:14:35.084+0000] {dag.py:4138} INFO - Setting next_dagrun for example_subdag_operator to 2022-01-01 00:00:00+00:00, run_after=2022-01-01 00:00:00+00:00
[2024-09-12T16:14:35.104+0000] {logging_mixin.py:190} INFO - [2024-09-12T16:14:35.104+0000] {dag.py:4138} INFO - Setting next_dagrun for example_subdag_operator.section-1 to None, run_after=None
[2024-09-12T16:14:35.108+0000] {logging_mixin.py:190} INFO - [2024-09-12T16:14:35.108+0000] {dag.py:4138} INFO - Setting next_dagrun for example_subdag_operator.section-2 to None, run_after=None
[2024-09-12T16:14:35.136+0000] {logging_mixin.py:190} INFO - [2024-09-12T16:14:35.136+0000] {dag.py:3211} INFO - Sync 2 DAGs
[2024-09-12T16:14:35.167+0000] {logging_mixin.py:190} INFO - [2024-09-12T16:14:35.167+0000] {dag.py:4138} INFO - Setting next_dagrun for example_subdag_operator.section-1 to None, run_after=None
[2024-09-12T16:14:35.168+0000] {logging_mixin.py:190} INFO - [2024-09-12T16:14:35.168+0000] {dag.py:4138} INFO - Setting next_dagrun for example_subdag_operator.section-2 to None, run_after=None
[2024-09-12T16:14:35.208+0000] {processor.py:208} INFO - Processing /home/airflow/.local/lib/python3.12/site-packages/airflow/example_dags/example_subdag_operator.py took 0.499 seconds
[2024-09-12T16:15:06.947+0000] {processor.py:186} INFO - Started process (PID=4134) to work on /home/airflow/.local/lib/python3.12/site-packages/airflow/example_dags/example_subdag_operator.py
[2024-09-12T16:15:06.953+0000] {processor.py:914} INFO - Processing file /home/airflow/.local/lib/python3.12/site-packages/airflow/example_dags/example_subdag_operator.py for tasks to queue
[2024-09-12T16:15:06.964+0000] {logging_mixin.py:190} INFO - [2024-09-12T16:15:06.963+0000] {dagbag.py:587} INFO - Filling up the DagBag from /home/airflow/.local/lib/python3.12/site-packages/airflow/example_dags/example_subdag_operator.py
[2024-09-12T16:15:07.164+0000] {processor.py:925} INFO - DAG(s) 'example_subdag_operator.section-1', 'example_subdag_operator.section-2', 'example_subdag_operator' retrieved from /home/airflow/.local/lib/python3.12/site-packages/airflow/example_dags/example_subdag_operator.py
[2024-09-12T16:15:07.335+0000] {logging_mixin.py:190} INFO - [2024-09-12T16:15:07.335+0000] {dag.py:3211} INFO - Sync 3 DAGs
[2024-09-12T16:15:07.487+0000] {logging_mixin.py:190} INFO - [2024-09-12T16:15:07.487+0000] {dag.py:4138} INFO - Setting next_dagrun for example_subdag_operator to 2022-01-01 00:00:00+00:00, run_after=2022-01-01 00:00:00+00:00
[2024-09-12T16:15:07.498+0000] {logging_mixin.py:190} INFO - [2024-09-12T16:15:07.497+0000] {dag.py:4138} INFO - Setting next_dagrun for example_subdag_operator.section-1 to None, run_after=None
[2024-09-12T16:15:07.509+0000] {logging_mixin.py:190} INFO - [2024-09-12T16:15:07.509+0000] {dag.py:4138} INFO - Setting next_dagrun for example_subdag_operator.section-2 to None, run_after=None
[2024-09-12T16:15:07.547+0000] {logging_mixin.py:190} INFO - [2024-09-12T16:15:07.546+0000] {dag.py:3211} INFO - Sync 2 DAGs
[2024-09-12T16:15:07.573+0000] {logging_mixin.py:190} INFO - [2024-09-12T16:15:07.572+0000] {dag.py:4138} INFO - Setting next_dagrun for example_subdag_operator.section-1 to None, run_after=None
[2024-09-12T16:15:07.575+0000] {logging_mixin.py:190} INFO - [2024-09-12T16:15:07.575+0000] {dag.py:4138} INFO - Setting next_dagrun for example_subdag_operator.section-2 to None, run_after=None
[2024-09-12T16:15:07.634+0000] {processor.py:208} INFO - Processing /home/airflow/.local/lib/python3.12/site-packages/airflow/example_dags/example_subdag_operator.py took 0.734 seconds
[2024-09-12T16:15:38.034+0000] {processor.py:186} INFO - Started process (PID=4198) to work on /home/airflow/.local/lib/python3.12/site-packages/airflow/example_dags/example_subdag_operator.py
[2024-09-12T16:15:38.038+0000] {processor.py:914} INFO - Processing file /home/airflow/.local/lib/python3.12/site-packages/airflow/example_dags/example_subdag_operator.py for tasks to queue
[2024-09-12T16:15:38.042+0000] {logging_mixin.py:190} INFO - [2024-09-12T16:15:38.041+0000] {dagbag.py:587} INFO - Filling up the DagBag from /home/airflow/.local/lib/python3.12/site-packages/airflow/example_dags/example_subdag_operator.py
[2024-09-12T16:15:38.159+0000] {processor.py:925} INFO - DAG(s) 'example_subdag_operator.section-1', 'example_subdag_operator.section-2', 'example_subdag_operator' retrieved from /home/airflow/.local/lib/python3.12/site-packages/airflow/example_dags/example_subdag_operator.py
[2024-09-12T16:15:38.210+0000] {logging_mixin.py:190} INFO - [2024-09-12T16:15:38.209+0000] {dag.py:3211} INFO - Sync 3 DAGs
[2024-09-12T16:15:38.370+0000] {logging_mixin.py:190} INFO - [2024-09-12T16:15:38.369+0000] {dag.py:4138} INFO - Setting next_dagrun for example_subdag_operator to 2022-01-01 00:00:00+00:00, run_after=2022-01-01 00:00:00+00:00
[2024-09-12T16:15:38.403+0000] {logging_mixin.py:190} INFO - [2024-09-12T16:15:38.403+0000] {dag.py:4138} INFO - Setting next_dagrun for example_subdag_operator.section-1 to None, run_after=None
[2024-09-12T16:15:38.408+0000] {logging_mixin.py:190} INFO - [2024-09-12T16:15:38.407+0000] {dag.py:4138} INFO - Setting next_dagrun for example_subdag_operator.section-2 to None, run_after=None
[2024-09-12T16:15:38.442+0000] {logging_mixin.py:190} INFO - [2024-09-12T16:15:38.442+0000] {dag.py:3211} INFO - Sync 2 DAGs
[2024-09-12T16:15:38.466+0000] {logging_mixin.py:190} INFO - [2024-09-12T16:15:38.465+0000] {dag.py:4138} INFO - Setting next_dagrun for example_subdag_operator.section-1 to None, run_after=None
[2024-09-12T16:15:38.468+0000] {logging_mixin.py:190} INFO - [2024-09-12T16:15:38.467+0000] {dag.py:4138} INFO - Setting next_dagrun for example_subdag_operator.section-2 to None, run_after=None
[2024-09-12T16:15:38.522+0000] {processor.py:208} INFO - Processing /home/airflow/.local/lib/python3.12/site-packages/airflow/example_dags/example_subdag_operator.py took 0.526 seconds
[2024-09-12T16:16:25.365+0000] {processor.py:186} INFO - Started process (PID=4265) to work on /home/airflow/.local/lib/python3.12/site-packages/airflow/example_dags/example_subdag_operator.py
[2024-09-12T16:16:25.380+0000] {processor.py:914} INFO - Processing file /home/airflow/.local/lib/python3.12/site-packages/airflow/example_dags/example_subdag_operator.py for tasks to queue
[2024-09-12T16:16:25.385+0000] {logging_mixin.py:190} INFO - [2024-09-12T16:16:25.384+0000] {dagbag.py:587} INFO - Filling up the DagBag from /home/airflow/.local/lib/python3.12/site-packages/airflow/example_dags/example_subdag_operator.py
[2024-09-12T16:16:25.584+0000] {processor.py:925} INFO - DAG(s) 'example_subdag_operator.section-1', 'example_subdag_operator.section-2', 'example_subdag_operator' retrieved from /home/airflow/.local/lib/python3.12/site-packages/airflow/example_dags/example_subdag_operator.py
[2024-09-12T16:16:25.759+0000] {logging_mixin.py:190} INFO - [2024-09-12T16:16:25.756+0000] {dag.py:3211} INFO - Sync 3 DAGs
[2024-09-12T16:16:25.975+0000] {logging_mixin.py:190} INFO - [2024-09-12T16:16:25.971+0000] {dag.py:4138} INFO - Setting next_dagrun for example_subdag_operator to 2022-01-01 00:00:00+00:00, run_after=2022-01-01 00:00:00+00:00
[2024-09-12T16:16:25.992+0000] {logging_mixin.py:190} INFO - [2024-09-12T16:16:25.992+0000] {dag.py:4138} INFO - Setting next_dagrun for example_subdag_operator.section-1 to None, run_after=None
[2024-09-12T16:16:26.003+0000] {logging_mixin.py:190} INFO - [2024-09-12T16:16:26.002+0000] {dag.py:4138} INFO - Setting next_dagrun for example_subdag_operator.section-2 to None, run_after=None
[2024-09-12T16:16:26.046+0000] {logging_mixin.py:190} INFO - [2024-09-12T16:16:26.045+0000] {dag.py:3211} INFO - Sync 2 DAGs
[2024-09-12T16:16:26.079+0000] {logging_mixin.py:190} INFO - [2024-09-12T16:16:26.078+0000] {dag.py:4138} INFO - Setting next_dagrun for example_subdag_operator.section-1 to None, run_after=None
[2024-09-12T16:16:26.080+0000] {logging_mixin.py:190} INFO - [2024-09-12T16:16:26.080+0000] {dag.py:4138} INFO - Setting next_dagrun for example_subdag_operator.section-2 to None, run_after=None
[2024-09-12T16:16:26.139+0000] {processor.py:208} INFO - Processing /home/airflow/.local/lib/python3.12/site-packages/airflow/example_dags/example_subdag_operator.py took 0.812 seconds
[2024-09-12T16:17:04.472+0000] {processor.py:186} INFO - Started process (PID=4327) to work on /home/airflow/.local/lib/python3.12/site-packages/airflow/example_dags/example_subdag_operator.py
[2024-09-12T16:17:04.485+0000] {processor.py:914} INFO - Processing file /home/airflow/.local/lib/python3.12/site-packages/airflow/example_dags/example_subdag_operator.py for tasks to queue
[2024-09-12T16:17:04.561+0000] {logging_mixin.py:190} INFO - [2024-09-12T16:17:04.540+0000] {dagbag.py:587} INFO - Filling up the DagBag from /home/airflow/.local/lib/python3.12/site-packages/airflow/example_dags/example_subdag_operator.py
[2024-09-12T16:17:04.949+0000] {processor.py:925} INFO - DAG(s) 'example_subdag_operator.section-1', 'example_subdag_operator.section-2', 'example_subdag_operator' retrieved from /home/airflow/.local/lib/python3.12/site-packages/airflow/example_dags/example_subdag_operator.py
[2024-09-12T16:17:05.145+0000] {logging_mixin.py:190} INFO - [2024-09-12T16:17:05.145+0000] {dag.py:3211} INFO - Sync 3 DAGs
[2024-09-12T16:17:05.268+0000] {logging_mixin.py:190} INFO - [2024-09-12T16:17:05.267+0000] {dag.py:4138} INFO - Setting next_dagrun for example_subdag_operator to 2022-01-01 00:00:00+00:00, run_after=2022-01-01 00:00:00+00:00
[2024-09-12T16:17:05.281+0000] {logging_mixin.py:190} INFO - [2024-09-12T16:17:05.281+0000] {dag.py:4138} INFO - Setting next_dagrun for example_subdag_operator.section-1 to None, run_after=None
[2024-09-12T16:17:05.286+0000] {logging_mixin.py:190} INFO - [2024-09-12T16:17:05.285+0000] {dag.py:4138} INFO - Setting next_dagrun for example_subdag_operator.section-2 to None, run_after=None
[2024-09-12T16:17:05.312+0000] {logging_mixin.py:190} INFO - [2024-09-12T16:17:05.312+0000] {dag.py:3211} INFO - Sync 2 DAGs
[2024-09-12T16:17:05.330+0000] {logging_mixin.py:190} INFO - [2024-09-12T16:17:05.329+0000] {dag.py:4138} INFO - Setting next_dagrun for example_subdag_operator.section-1 to None, run_after=None
[2024-09-12T16:17:05.335+0000] {logging_mixin.py:190} INFO - [2024-09-12T16:17:05.334+0000] {dag.py:4138} INFO - Setting next_dagrun for example_subdag_operator.section-2 to None, run_after=None
[2024-09-12T16:17:05.400+0000] {processor.py:208} INFO - Processing /home/airflow/.local/lib/python3.12/site-packages/airflow/example_dags/example_subdag_operator.py took 0.962 seconds
[2024-09-12T16:17:48.303+0000] {processor.py:186} INFO - Started process (PID=4396) to work on /home/airflow/.local/lib/python3.12/site-packages/airflow/example_dags/example_subdag_operator.py
[2024-09-12T16:17:48.318+0000] {processor.py:914} INFO - Processing file /home/airflow/.local/lib/python3.12/site-packages/airflow/example_dags/example_subdag_operator.py for tasks to queue
[2024-09-12T16:17:48.330+0000] {logging_mixin.py:190} INFO - [2024-09-12T16:17:48.327+0000] {dagbag.py:587} INFO - Filling up the DagBag from /home/airflow/.local/lib/python3.12/site-packages/airflow/example_dags/example_subdag_operator.py
[2024-09-12T16:17:48.444+0000] {processor.py:925} INFO - DAG(s) 'example_subdag_operator.section-1', 'example_subdag_operator.section-2', 'example_subdag_operator' retrieved from /home/airflow/.local/lib/python3.12/site-packages/airflow/example_dags/example_subdag_operator.py
[2024-09-12T16:17:48.524+0000] {logging_mixin.py:190} INFO - [2024-09-12T16:17:48.521+0000] {dag.py:3211} INFO - Sync 3 DAGs
[2024-09-12T16:17:48.661+0000] {logging_mixin.py:190} INFO - [2024-09-12T16:17:48.660+0000] {dag.py:4138} INFO - Setting next_dagrun for example_subdag_operator to 2022-01-01 00:00:00+00:00, run_after=2022-01-01 00:00:00+00:00
[2024-09-12T16:17:48.690+0000] {logging_mixin.py:190} INFO - [2024-09-12T16:17:48.690+0000] {dag.py:4138} INFO - Setting next_dagrun for example_subdag_operator.section-1 to None, run_after=None
[2024-09-12T16:17:48.698+0000] {logging_mixin.py:190} INFO - [2024-09-12T16:17:48.698+0000] {dag.py:4138} INFO - Setting next_dagrun for example_subdag_operator.section-2 to None, run_after=None
[2024-09-12T16:17:48.727+0000] {logging_mixin.py:190} INFO - [2024-09-12T16:17:48.727+0000] {dag.py:3211} INFO - Sync 2 DAGs
[2024-09-12T16:17:48.750+0000] {logging_mixin.py:190} INFO - [2024-09-12T16:17:48.750+0000] {dag.py:4138} INFO - Setting next_dagrun for example_subdag_operator.section-1 to None, run_after=None
[2024-09-12T16:17:48.752+0000] {logging_mixin.py:190} INFO - [2024-09-12T16:17:48.751+0000] {dag.py:4138} INFO - Setting next_dagrun for example_subdag_operator.section-2 to None, run_after=None
[2024-09-12T16:17:48.805+0000] {processor.py:208} INFO - Processing /home/airflow/.local/lib/python3.12/site-packages/airflow/example_dags/example_subdag_operator.py took 0.557 seconds
[2024-09-12T16:18:32.409+0000] {processor.py:186} INFO - Started process (PID=4451) to work on /home/airflow/.local/lib/python3.12/site-packages/airflow/example_dags/example_subdag_operator.py
[2024-09-12T16:18:32.440+0000] {processor.py:914} INFO - Processing file /home/airflow/.local/lib/python3.12/site-packages/airflow/example_dags/example_subdag_operator.py for tasks to queue
[2024-09-12T16:18:32.458+0000] {logging_mixin.py:190} INFO - [2024-09-12T16:18:32.457+0000] {dagbag.py:587} INFO - Filling up the DagBag from /home/airflow/.local/lib/python3.12/site-packages/airflow/example_dags/example_subdag_operator.py
[2024-09-12T16:18:32.709+0000] {processor.py:925} INFO - DAG(s) 'example_subdag_operator.section-1', 'example_subdag_operator.section-2', 'example_subdag_operator' retrieved from /home/airflow/.local/lib/python3.12/site-packages/airflow/example_dags/example_subdag_operator.py
[2024-09-12T16:18:32.867+0000] {logging_mixin.py:190} INFO - [2024-09-12T16:18:32.866+0000] {dag.py:3211} INFO - Sync 3 DAGs
[2024-09-12T16:18:33.094+0000] {logging_mixin.py:190} INFO - [2024-09-12T16:18:33.094+0000] {dag.py:4138} INFO - Setting next_dagrun for example_subdag_operator to 2022-01-01 00:00:00+00:00, run_after=2022-01-01 00:00:00+00:00
[2024-09-12T16:18:33.120+0000] {logging_mixin.py:190} INFO - [2024-09-12T16:18:33.120+0000] {dag.py:4138} INFO - Setting next_dagrun for example_subdag_operator.section-1 to None, run_after=None
[2024-09-12T16:18:33.133+0000] {logging_mixin.py:190} INFO - [2024-09-12T16:18:33.133+0000] {dag.py:4138} INFO - Setting next_dagrun for example_subdag_operator.section-2 to None, run_after=None
[2024-09-12T16:18:33.174+0000] {logging_mixin.py:190} INFO - [2024-09-12T16:18:33.173+0000] {dag.py:3211} INFO - Sync 2 DAGs
[2024-09-12T16:18:33.208+0000] {logging_mixin.py:190} INFO - [2024-09-12T16:18:33.208+0000] {dag.py:4138} INFO - Setting next_dagrun for example_subdag_operator.section-1 to None, run_after=None
[2024-09-12T16:18:33.210+0000] {logging_mixin.py:190} INFO - [2024-09-12T16:18:33.209+0000] {dag.py:4138} INFO - Setting next_dagrun for example_subdag_operator.section-2 to None, run_after=None
[2024-09-12T16:18:33.279+0000] {processor.py:208} INFO - Processing /home/airflow/.local/lib/python3.12/site-packages/airflow/example_dags/example_subdag_operator.py took 0.910 seconds
[2024-09-12T16:19:06.552+0000] {processor.py:186} INFO - Started process (PID=4513) to work on /home/airflow/.local/lib/python3.12/site-packages/airflow/example_dags/example_subdag_operator.py
[2024-09-12T16:19:06.567+0000] {processor.py:914} INFO - Processing file /home/airflow/.local/lib/python3.12/site-packages/airflow/example_dags/example_subdag_operator.py for tasks to queue
[2024-09-12T16:19:06.588+0000] {logging_mixin.py:190} INFO - [2024-09-12T16:19:06.587+0000] {dagbag.py:587} INFO - Filling up the DagBag from /home/airflow/.local/lib/python3.12/site-packages/airflow/example_dags/example_subdag_operator.py
[2024-09-12T16:19:06.942+0000] {processor.py:925} INFO - DAG(s) 'example_subdag_operator.section-1', 'example_subdag_operator.section-2', 'example_subdag_operator' retrieved from /home/airflow/.local/lib/python3.12/site-packages/airflow/example_dags/example_subdag_operator.py
[2024-09-12T16:19:07.100+0000] {logging_mixin.py:190} INFO - [2024-09-12T16:19:07.099+0000] {dag.py:3211} INFO - Sync 3 DAGs
[2024-09-12T16:19:07.364+0000] {logging_mixin.py:190} INFO - [2024-09-12T16:19:07.363+0000] {dag.py:4138} INFO - Setting next_dagrun for example_subdag_operator to 2022-01-01 00:00:00+00:00, run_after=2022-01-01 00:00:00+00:00
[2024-09-12T16:19:07.430+0000] {logging_mixin.py:190} INFO - [2024-09-12T16:19:07.428+0000] {dag.py:4138} INFO - Setting next_dagrun for example_subdag_operator.section-1 to None, run_after=None
[2024-09-12T16:19:07.443+0000] {logging_mixin.py:190} INFO - [2024-09-12T16:19:07.443+0000] {dag.py:4138} INFO - Setting next_dagrun for example_subdag_operator.section-2 to None, run_after=None
[2024-09-12T16:19:07.528+0000] {logging_mixin.py:190} INFO - [2024-09-12T16:19:07.528+0000] {dag.py:3211} INFO - Sync 2 DAGs
[2024-09-12T16:19:07.582+0000] {logging_mixin.py:190} INFO - [2024-09-12T16:19:07.581+0000] {dag.py:4138} INFO - Setting next_dagrun for example_subdag_operator.section-1 to None, run_after=None
[2024-09-12T16:19:07.591+0000] {logging_mixin.py:190} INFO - [2024-09-12T16:19:07.591+0000] {dag.py:4138} INFO - Setting next_dagrun for example_subdag_operator.section-2 to None, run_after=None
[2024-09-12T16:19:07.814+0000] {processor.py:208} INFO - Processing /home/airflow/.local/lib/python3.12/site-packages/airflow/example_dags/example_subdag_operator.py took 1.317 seconds
[2024-09-12T16:19:39.578+0000] {processor.py:186} INFO - Started process (PID=4581) to work on /home/airflow/.local/lib/python3.12/site-packages/airflow/example_dags/example_subdag_operator.py
[2024-09-12T16:19:39.590+0000] {processor.py:914} INFO - Processing file /home/airflow/.local/lib/python3.12/site-packages/airflow/example_dags/example_subdag_operator.py for tasks to queue
[2024-09-12T16:19:39.594+0000] {logging_mixin.py:190} INFO - [2024-09-12T16:19:39.593+0000] {dagbag.py:587} INFO - Filling up the DagBag from /home/airflow/.local/lib/python3.12/site-packages/airflow/example_dags/example_subdag_operator.py
[2024-09-12T16:19:39.683+0000] {processor.py:925} INFO - DAG(s) 'example_subdag_operator.section-1', 'example_subdag_operator.section-2', 'example_subdag_operator' retrieved from /home/airflow/.local/lib/python3.12/site-packages/airflow/example_dags/example_subdag_operator.py
[2024-09-12T16:19:39.746+0000] {logging_mixin.py:190} INFO - [2024-09-12T16:19:39.745+0000] {dag.py:3211} INFO - Sync 3 DAGs
[2024-09-12T16:19:39.923+0000] {logging_mixin.py:190} INFO - [2024-09-12T16:19:39.923+0000] {dag.py:4138} INFO - Setting next_dagrun for example_subdag_operator to 2022-01-01 00:00:00+00:00, run_after=2022-01-01 00:00:00+00:00
[2024-09-12T16:19:39.934+0000] {logging_mixin.py:190} INFO - [2024-09-12T16:19:39.933+0000] {dag.py:4138} INFO - Setting next_dagrun for example_subdag_operator.section-1 to None, run_after=None
[2024-09-12T16:19:39.945+0000] {logging_mixin.py:190} INFO - [2024-09-12T16:19:39.943+0000] {dag.py:4138} INFO - Setting next_dagrun for example_subdag_operator.section-2 to None, run_after=None
[2024-09-12T16:19:39.987+0000] {logging_mixin.py:190} INFO - [2024-09-12T16:19:39.986+0000] {dag.py:3211} INFO - Sync 2 DAGs
[2024-09-12T16:19:40.027+0000] {logging_mixin.py:190} INFO - [2024-09-12T16:19:40.025+0000] {dag.py:4138} INFO - Setting next_dagrun for example_subdag_operator.section-1 to None, run_after=None
[2024-09-12T16:19:40.032+0000] {logging_mixin.py:190} INFO - [2024-09-12T16:19:40.032+0000] {dag.py:4138} INFO - Setting next_dagrun for example_subdag_operator.section-2 to None, run_after=None
[2024-09-12T16:19:40.090+0000] {processor.py:208} INFO - Processing /home/airflow/.local/lib/python3.12/site-packages/airflow/example_dags/example_subdag_operator.py took 0.542 seconds
[2024-09-12T16:20:20.862+0000] {processor.py:186} INFO - Started process (PID=4646) to work on /home/airflow/.local/lib/python3.12/site-packages/airflow/example_dags/example_subdag_operator.py
[2024-09-12T16:20:20.865+0000] {processor.py:914} INFO - Processing file /home/airflow/.local/lib/python3.12/site-packages/airflow/example_dags/example_subdag_operator.py for tasks to queue
[2024-09-12T16:20:20.901+0000] {logging_mixin.py:190} INFO - [2024-09-12T16:20:20.900+0000] {dagbag.py:587} INFO - Filling up the DagBag from /home/airflow/.local/lib/python3.12/site-packages/airflow/example_dags/example_subdag_operator.py
[2024-09-12T16:20:21.442+0000] {processor.py:925} INFO - DAG(s) 'example_subdag_operator.section-1', 'example_subdag_operator.section-2', 'example_subdag_operator' retrieved from /home/airflow/.local/lib/python3.12/site-packages/airflow/example_dags/example_subdag_operator.py
[2024-09-12T16:20:21.634+0000] {logging_mixin.py:190} INFO - [2024-09-12T16:20:21.634+0000] {dag.py:3211} INFO - Sync 3 DAGs
[2024-09-12T16:20:21.947+0000] {logging_mixin.py:190} INFO - [2024-09-12T16:20:21.945+0000] {dag.py:4138} INFO - Setting next_dagrun for example_subdag_operator to 2022-01-01 00:00:00+00:00, run_after=2022-01-01 00:00:00+00:00
[2024-09-12T16:20:21.999+0000] {logging_mixin.py:190} INFO - [2024-09-12T16:20:21.985+0000] {dag.py:4138} INFO - Setting next_dagrun for example_subdag_operator.section-1 to None, run_after=None
[2024-09-12T16:20:22.078+0000] {logging_mixin.py:190} INFO - [2024-09-12T16:20:22.078+0000] {dag.py:4138} INFO - Setting next_dagrun for example_subdag_operator.section-2 to None, run_after=None
[2024-09-12T16:20:22.214+0000] {logging_mixin.py:190} INFO - [2024-09-12T16:20:22.213+0000] {dag.py:3211} INFO - Sync 2 DAGs
[2024-09-12T16:20:22.267+0000] {logging_mixin.py:190} INFO - [2024-09-12T16:20:22.265+0000] {dag.py:4138} INFO - Setting next_dagrun for example_subdag_operator.section-1 to None, run_after=None
[2024-09-12T16:20:22.272+0000] {logging_mixin.py:190} INFO - [2024-09-12T16:20:22.272+0000] {dag.py:4138} INFO - Setting next_dagrun for example_subdag_operator.section-2 to None, run_after=None
[2024-09-12T16:20:22.461+0000] {processor.py:208} INFO - Processing /home/airflow/.local/lib/python3.12/site-packages/airflow/example_dags/example_subdag_operator.py took 1.678 seconds
[2024-09-12T16:21:13.226+0000] {processor.py:186} INFO - Started process (PID=4710) to work on /home/airflow/.local/lib/python3.12/site-packages/airflow/example_dags/example_subdag_operator.py
[2024-09-12T16:21:13.246+0000] {processor.py:914} INFO - Processing file /home/airflow/.local/lib/python3.12/site-packages/airflow/example_dags/example_subdag_operator.py for tasks to queue
[2024-09-12T16:21:13.253+0000] {logging_mixin.py:190} INFO - [2024-09-12T16:21:13.252+0000] {dagbag.py:587} INFO - Filling up the DagBag from /home/airflow/.local/lib/python3.12/site-packages/airflow/example_dags/example_subdag_operator.py
[2024-09-12T16:21:13.404+0000] {processor.py:925} INFO - DAG(s) 'example_subdag_operator.section-1', 'example_subdag_operator.section-2', 'example_subdag_operator' retrieved from /home/airflow/.local/lib/python3.12/site-packages/airflow/example_dags/example_subdag_operator.py
[2024-09-12T16:21:13.522+0000] {logging_mixin.py:190} INFO - [2024-09-12T16:21:13.522+0000] {dag.py:3211} INFO - Sync 3 DAGs
[2024-09-12T16:21:13.760+0000] {logging_mixin.py:190} INFO - [2024-09-12T16:21:13.759+0000] {dag.py:4138} INFO - Setting next_dagrun for example_subdag_operator to 2022-01-01 00:00:00+00:00, run_after=2022-01-01 00:00:00+00:00
[2024-09-12T16:21:13.788+0000] {logging_mixin.py:190} INFO - [2024-09-12T16:21:13.787+0000] {dag.py:4138} INFO - Setting next_dagrun for example_subdag_operator.section-1 to None, run_after=None
[2024-09-12T16:21:13.794+0000] {logging_mixin.py:190} INFO - [2024-09-12T16:21:13.793+0000] {dag.py:4138} INFO - Setting next_dagrun for example_subdag_operator.section-2 to None, run_after=None
[2024-09-12T16:21:13.878+0000] {logging_mixin.py:190} INFO - [2024-09-12T16:21:13.877+0000] {dag.py:3211} INFO - Sync 2 DAGs
[2024-09-12T16:21:13.910+0000] {logging_mixin.py:190} INFO - [2024-09-12T16:21:13.909+0000] {dag.py:4138} INFO - Setting next_dagrun for example_subdag_operator.section-1 to None, run_after=None
[2024-09-12T16:21:13.926+0000] {logging_mixin.py:190} INFO - [2024-09-12T16:21:13.926+0000] {dag.py:4138} INFO - Setting next_dagrun for example_subdag_operator.section-2 to None, run_after=None
[2024-09-12T16:21:14.209+0000] {processor.py:208} INFO - Processing /home/airflow/.local/lib/python3.12/site-packages/airflow/example_dags/example_subdag_operator.py took 1.071 seconds
[2024-09-12T16:21:58.371+0000] {processor.py:186} INFO - Started process (PID=4736) to work on /home/airflow/.local/lib/python3.12/site-packages/airflow/example_dags/example_subdag_operator.py
[2024-09-12T16:21:58.381+0000] {processor.py:914} INFO - Processing file /home/airflow/.local/lib/python3.12/site-packages/airflow/example_dags/example_subdag_operator.py for tasks to queue
[2024-09-12T16:21:58.392+0000] {logging_mixin.py:190} INFO - [2024-09-12T16:21:58.391+0000] {dagbag.py:587} INFO - Filling up the DagBag from /home/airflow/.local/lib/python3.12/site-packages/airflow/example_dags/example_subdag_operator.py
[2024-09-12T16:21:58.546+0000] {processor.py:925} INFO - DAG(s) 'example_subdag_operator.section-1', 'example_subdag_operator.section-2', 'example_subdag_operator' retrieved from /home/airflow/.local/lib/python3.12/site-packages/airflow/example_dags/example_subdag_operator.py
[2024-09-12T16:21:58.705+0000] {logging_mixin.py:190} INFO - [2024-09-12T16:21:58.705+0000] {dag.py:3211} INFO - Sync 3 DAGs
[2024-09-12T16:21:58.839+0000] {logging_mixin.py:190} INFO - [2024-09-12T16:21:58.839+0000] {dag.py:4138} INFO - Setting next_dagrun for example_subdag_operator to 2022-01-01 00:00:00+00:00, run_after=2022-01-01 00:00:00+00:00
[2024-09-12T16:21:58.857+0000] {logging_mixin.py:190} INFO - [2024-09-12T16:21:58.856+0000] {dag.py:4138} INFO - Setting next_dagrun for example_subdag_operator.section-1 to None, run_after=None
[2024-09-12T16:21:58.864+0000] {logging_mixin.py:190} INFO - [2024-09-12T16:21:58.863+0000] {dag.py:4138} INFO - Setting next_dagrun for example_subdag_operator.section-2 to None, run_after=None
[2024-09-12T16:21:58.911+0000] {logging_mixin.py:190} INFO - [2024-09-12T16:21:58.910+0000] {dag.py:3211} INFO - Sync 2 DAGs
[2024-09-12T16:21:58.947+0000] {logging_mixin.py:190} INFO - [2024-09-12T16:21:58.943+0000] {dag.py:4138} INFO - Setting next_dagrun for example_subdag_operator.section-1 to None, run_after=None
[2024-09-12T16:21:58.949+0000] {logging_mixin.py:190} INFO - [2024-09-12T16:21:58.949+0000] {dag.py:4138} INFO - Setting next_dagrun for example_subdag_operator.section-2 to None, run_after=None
[2024-09-12T16:21:59.016+0000] {processor.py:208} INFO - Processing /home/airflow/.local/lib/python3.12/site-packages/airflow/example_dags/example_subdag_operator.py took 0.704 seconds
[2024-09-12T16:22:35.070+0000] {processor.py:186} INFO - Started process (PID=4801) to work on /home/airflow/.local/lib/python3.12/site-packages/airflow/example_dags/example_subdag_operator.py
[2024-09-12T16:22:35.089+0000] {processor.py:914} INFO - Processing file /home/airflow/.local/lib/python3.12/site-packages/airflow/example_dags/example_subdag_operator.py for tasks to queue
[2024-09-12T16:22:35.096+0000] {logging_mixin.py:190} INFO - [2024-09-12T16:22:35.095+0000] {dagbag.py:587} INFO - Filling up the DagBag from /home/airflow/.local/lib/python3.12/site-packages/airflow/example_dags/example_subdag_operator.py
[2024-09-12T16:22:35.480+0000] {processor.py:925} INFO - DAG(s) 'example_subdag_operator.section-1', 'example_subdag_operator.section-2', 'example_subdag_operator' retrieved from /home/airflow/.local/lib/python3.12/site-packages/airflow/example_dags/example_subdag_operator.py
[2024-09-12T16:22:35.652+0000] {logging_mixin.py:190} INFO - [2024-09-12T16:22:35.651+0000] {dag.py:3211} INFO - Sync 3 DAGs
[2024-09-12T16:22:35.973+0000] {logging_mixin.py:190} INFO - [2024-09-12T16:22:35.973+0000] {dag.py:4138} INFO - Setting next_dagrun for example_subdag_operator to 2022-01-01 00:00:00+00:00, run_after=2022-01-01 00:00:00+00:00
[2024-09-12T16:22:36.019+0000] {logging_mixin.py:190} INFO - [2024-09-12T16:22:36.018+0000] {dag.py:4138} INFO - Setting next_dagrun for example_subdag_operator.section-1 to None, run_after=None
[2024-09-12T16:22:36.036+0000] {logging_mixin.py:190} INFO - [2024-09-12T16:22:36.035+0000] {dag.py:4138} INFO - Setting next_dagrun for example_subdag_operator.section-2 to None, run_after=None
[2024-09-12T16:22:36.160+0000] {logging_mixin.py:190} INFO - [2024-09-12T16:22:36.155+0000] {dag.py:3211} INFO - Sync 2 DAGs
[2024-09-12T16:22:36.192+0000] {logging_mixin.py:190} INFO - [2024-09-12T16:22:36.192+0000] {dag.py:4138} INFO - Setting next_dagrun for example_subdag_operator.section-1 to None, run_after=None
[2024-09-12T16:22:36.207+0000] {logging_mixin.py:190} INFO - [2024-09-12T16:22:36.205+0000] {dag.py:4138} INFO - Setting next_dagrun for example_subdag_operator.section-2 to None, run_after=None
[2024-09-12T16:22:36.267+0000] {processor.py:208} INFO - Processing /home/airflow/.local/lib/python3.12/site-packages/airflow/example_dags/example_subdag_operator.py took 1.259 seconds
[2024-09-12T16:23:14.208+0000] {processor.py:186} INFO - Started process (PID=4862) to work on /home/airflow/.local/lib/python3.12/site-packages/airflow/example_dags/example_subdag_operator.py
[2024-09-12T16:23:14.216+0000] {processor.py:914} INFO - Processing file /home/airflow/.local/lib/python3.12/site-packages/airflow/example_dags/example_subdag_operator.py for tasks to queue
[2024-09-12T16:23:14.223+0000] {logging_mixin.py:190} INFO - [2024-09-12T16:23:14.222+0000] {dagbag.py:587} INFO - Filling up the DagBag from /home/airflow/.local/lib/python3.12/site-packages/airflow/example_dags/example_subdag_operator.py
[2024-09-12T16:23:14.323+0000] {processor.py:925} INFO - DAG(s) 'example_subdag_operator.section-1', 'example_subdag_operator.section-2', 'example_subdag_operator' retrieved from /home/airflow/.local/lib/python3.12/site-packages/airflow/example_dags/example_subdag_operator.py
[2024-09-12T16:23:14.384+0000] {logging_mixin.py:190} INFO - [2024-09-12T16:23:14.383+0000] {dag.py:3211} INFO - Sync 3 DAGs
[2024-09-12T16:23:14.485+0000] {logging_mixin.py:190} INFO - [2024-09-12T16:23:14.484+0000] {dag.py:4138} INFO - Setting next_dagrun for example_subdag_operator to 2022-01-01 00:00:00+00:00, run_after=2022-01-01 00:00:00+00:00
[2024-09-12T16:23:14.502+0000] {logging_mixin.py:190} INFO - [2024-09-12T16:23:14.502+0000] {dag.py:4138} INFO - Setting next_dagrun for example_subdag_operator.section-1 to None, run_after=None
[2024-09-12T16:23:14.534+0000] {logging_mixin.py:190} INFO - [2024-09-12T16:23:14.534+0000] {dag.py:4138} INFO - Setting next_dagrun for example_subdag_operator.section-2 to None, run_after=None
[2024-09-12T16:23:14.587+0000] {logging_mixin.py:190} INFO - [2024-09-12T16:23:14.586+0000] {dag.py:3211} INFO - Sync 2 DAGs
[2024-09-12T16:23:14.625+0000] {logging_mixin.py:190} INFO - [2024-09-12T16:23:14.624+0000] {dag.py:4138} INFO - Setting next_dagrun for example_subdag_operator.section-1 to None, run_after=None
[2024-09-12T16:23:14.627+0000] {logging_mixin.py:190} INFO - [2024-09-12T16:23:14.626+0000] {dag.py:4138} INFO - Setting next_dagrun for example_subdag_operator.section-2 to None, run_after=None
[2024-09-12T16:23:14.741+0000] {processor.py:208} INFO - Processing /home/airflow/.local/lib/python3.12/site-packages/airflow/example_dags/example_subdag_operator.py took 0.564 seconds
