[2024-09-12T14:58:48.294+0000] {processor.py:186} INFO - Started process (PID=97) to work on /home/airflow/.local/lib/python3.12/site-packages/airflow/example_dags/tutorial_taskflow_api.py
[2024-09-12T14:58:48.309+0000] {processor.py:914} INFO - Processing file /home/airflow/.local/lib/python3.12/site-packages/airflow/example_dags/tutorial_taskflow_api.py for tasks to queue
[2024-09-12T14:58:48.382+0000] {logging_mixin.py:190} INFO - [2024-09-12T14:58:48.381+0000] {dagbag.py:587} INFO - Filling up the DagBag from /home/airflow/.local/lib/python3.12/site-packages/airflow/example_dags/tutorial_taskflow_api.py
[2024-09-12T14:58:48.492+0000] {processor.py:925} INFO - DAG(s) 'tutorial_taskflow_api' retrieved from /home/airflow/.local/lib/python3.12/site-packages/airflow/example_dags/tutorial_taskflow_api.py
[2024-09-12T14:58:48.995+0000] {logging_mixin.py:190} INFO - [2024-09-12T14:58:48.994+0000] {dag.py:3211} INFO - Sync 1 DAGs
[2024-09-12T14:58:49.128+0000] {logging_mixin.py:190} INFO - [2024-09-12T14:58:49.128+0000] {dag.py:4138} INFO - Setting next_dagrun for tutorial_taskflow_api to None, run_after=None
[2024-09-12T14:58:49.382+0000] {processor.py:208} INFO - Processing /home/airflow/.local/lib/python3.12/site-packages/airflow/example_dags/tutorial_taskflow_api.py took 1.144 seconds
[2024-09-12T14:59:44.215+0000] {processor.py:186} INFO - Started process (PID=168) to work on /home/airflow/.local/lib/python3.12/site-packages/airflow/example_dags/tutorial_taskflow_api.py
[2024-09-12T14:59:44.223+0000] {processor.py:914} INFO - Processing file /home/airflow/.local/lib/python3.12/site-packages/airflow/example_dags/tutorial_taskflow_api.py for tasks to queue
[2024-09-12T14:59:44.243+0000] {logging_mixin.py:190} INFO - [2024-09-12T14:59:44.243+0000] {dagbag.py:587} INFO - Filling up the DagBag from /home/airflow/.local/lib/python3.12/site-packages/airflow/example_dags/tutorial_taskflow_api.py
[2024-09-12T14:59:44.287+0000] {processor.py:925} INFO - DAG(s) 'tutorial_taskflow_api' retrieved from /home/airflow/.local/lib/python3.12/site-packages/airflow/example_dags/tutorial_taskflow_api.py
[2024-09-12T14:59:44.512+0000] {logging_mixin.py:190} INFO - [2024-09-12T14:59:44.512+0000] {dag.py:3211} INFO - Sync 1 DAGs
[2024-09-12T14:59:44.754+0000] {logging_mixin.py:190} INFO - [2024-09-12T14:59:44.754+0000] {dag.py:4138} INFO - Setting next_dagrun for tutorial_taskflow_api to None, run_after=None
[2024-09-12T14:59:44.929+0000] {processor.py:208} INFO - Processing /home/airflow/.local/lib/python3.12/site-packages/airflow/example_dags/tutorial_taskflow_api.py took 0.753 seconds
[2024-09-12T15:00:42.540+0000] {processor.py:186} INFO - Started process (PID=244) to work on /home/airflow/.local/lib/python3.12/site-packages/airflow/example_dags/tutorial_taskflow_api.py
[2024-09-12T15:00:42.552+0000] {processor.py:914} INFO - Processing file /home/airflow/.local/lib/python3.12/site-packages/airflow/example_dags/tutorial_taskflow_api.py for tasks to queue
[2024-09-12T15:00:42.604+0000] {logging_mixin.py:190} INFO - [2024-09-12T15:00:42.589+0000] {dagbag.py:587} INFO - Filling up the DagBag from /home/airflow/.local/lib/python3.12/site-packages/airflow/example_dags/tutorial_taskflow_api.py
[2024-09-12T15:00:42.824+0000] {processor.py:925} INFO - DAG(s) 'tutorial_taskflow_api' retrieved from /home/airflow/.local/lib/python3.12/site-packages/airflow/example_dags/tutorial_taskflow_api.py
[2024-09-12T15:00:43.022+0000] {logging_mixin.py:190} INFO - [2024-09-12T15:00:43.021+0000] {dag.py:3211} INFO - Sync 1 DAGs
[2024-09-12T15:00:43.182+0000] {logging_mixin.py:190} INFO - [2024-09-12T15:00:43.182+0000] {dag.py:4138} INFO - Setting next_dagrun for tutorial_taskflow_api to None, run_after=None
[2024-09-12T15:00:43.342+0000] {processor.py:208} INFO - Processing /home/airflow/.local/lib/python3.12/site-packages/airflow/example_dags/tutorial_taskflow_api.py took 0.900 seconds
[2024-09-12T15:02:00.351+0000] {processor.py:186} INFO - Started process (PID=321) to work on /home/airflow/.local/lib/python3.12/site-packages/airflow/example_dags/tutorial_taskflow_api.py
[2024-09-12T15:02:00.364+0000] {processor.py:914} INFO - Processing file /home/airflow/.local/lib/python3.12/site-packages/airflow/example_dags/tutorial_taskflow_api.py for tasks to queue
[2024-09-12T15:02:00.381+0000] {logging_mixin.py:190} INFO - [2024-09-12T15:02:00.380+0000] {dagbag.py:587} INFO - Filling up the DagBag from /home/airflow/.local/lib/python3.12/site-packages/airflow/example_dags/tutorial_taskflow_api.py
[2024-09-12T15:02:00.539+0000] {processor.py:925} INFO - DAG(s) 'tutorial_taskflow_api' retrieved from /home/airflow/.local/lib/python3.12/site-packages/airflow/example_dags/tutorial_taskflow_api.py
[2024-09-12T15:02:00.892+0000] {logging_mixin.py:190} INFO - [2024-09-12T15:02:00.892+0000] {dag.py:3211} INFO - Sync 1 DAGs
[2024-09-12T15:02:01.100+0000] {logging_mixin.py:190} INFO - [2024-09-12T15:02:01.100+0000] {dag.py:4138} INFO - Setting next_dagrun for tutorial_taskflow_api to None, run_after=None
[2024-09-12T15:02:01.477+0000] {processor.py:208} INFO - Processing /home/airflow/.local/lib/python3.12/site-packages/airflow/example_dags/tutorial_taskflow_api.py took 1.176 seconds
[2024-09-12T15:04:08.753+0000] {processor.py:186} INFO - Started process (PID=418) to work on /home/airflow/.local/lib/python3.12/site-packages/airflow/example_dags/tutorial_taskflow_api.py
[2024-09-12T15:04:08.771+0000] {processor.py:914} INFO - Processing file /home/airflow/.local/lib/python3.12/site-packages/airflow/example_dags/tutorial_taskflow_api.py for tasks to queue
[2024-09-12T15:04:08.774+0000] {logging_mixin.py:190} INFO - [2024-09-12T15:04:08.774+0000] {dagbag.py:587} INFO - Filling up the DagBag from /home/airflow/.local/lib/python3.12/site-packages/airflow/example_dags/tutorial_taskflow_api.py
[2024-09-12T15:04:08.868+0000] {processor.py:925} INFO - DAG(s) 'tutorial_taskflow_api' retrieved from /home/airflow/.local/lib/python3.12/site-packages/airflow/example_dags/tutorial_taskflow_api.py
[2024-09-12T15:04:09.029+0000] {logging_mixin.py:190} INFO - [2024-09-12T15:04:09.028+0000] {dag.py:3211} INFO - Sync 1 DAGs
[2024-09-12T15:04:09.196+0000] {logging_mixin.py:190} INFO - [2024-09-12T15:04:09.196+0000] {dag.py:4138} INFO - Setting next_dagrun for tutorial_taskflow_api to None, run_after=None
[2024-09-12T15:04:09.397+0000] {processor.py:208} INFO - Processing /home/airflow/.local/lib/python3.12/site-packages/airflow/example_dags/tutorial_taskflow_api.py took 0.670 seconds
[2024-09-12T15:05:03.031+0000] {processor.py:186} INFO - Started process (PID=489) to work on /home/airflow/.local/lib/python3.12/site-packages/airflow/example_dags/tutorial_taskflow_api.py
[2024-09-12T15:05:03.063+0000] {processor.py:914} INFO - Processing file /home/airflow/.local/lib/python3.12/site-packages/airflow/example_dags/tutorial_taskflow_api.py for tasks to queue
[2024-09-12T15:05:03.078+0000] {logging_mixin.py:190} INFO - [2024-09-12T15:05:03.078+0000] {dagbag.py:587} INFO - Filling up the DagBag from /home/airflow/.local/lib/python3.12/site-packages/airflow/example_dags/tutorial_taskflow_api.py
[2024-09-12T15:05:03.154+0000] {processor.py:925} INFO - DAG(s) 'tutorial_taskflow_api' retrieved from /home/airflow/.local/lib/python3.12/site-packages/airflow/example_dags/tutorial_taskflow_api.py
[2024-09-12T15:05:03.361+0000] {logging_mixin.py:190} INFO - [2024-09-12T15:05:03.361+0000] {dag.py:3211} INFO - Sync 1 DAGs
[2024-09-12T15:05:03.458+0000] {logging_mixin.py:190} INFO - [2024-09-12T15:05:03.457+0000] {dag.py:4138} INFO - Setting next_dagrun for tutorial_taskflow_api to None, run_after=None
[2024-09-12T15:05:03.683+0000] {processor.py:208} INFO - Processing /home/airflow/.local/lib/python3.12/site-packages/airflow/example_dags/tutorial_taskflow_api.py took 0.745 seconds
[2024-09-12T15:06:03.720+0000] {processor.py:186} INFO - Started process (PID=551) to work on /home/airflow/.local/lib/python3.12/site-packages/airflow/example_dags/tutorial_taskflow_api.py
[2024-09-12T15:06:03.756+0000] {processor.py:914} INFO - Processing file /home/airflow/.local/lib/python3.12/site-packages/airflow/example_dags/tutorial_taskflow_api.py for tasks to queue
[2024-09-12T15:06:03.759+0000] {logging_mixin.py:190} INFO - [2024-09-12T15:06:03.758+0000] {dagbag.py:587} INFO - Filling up the DagBag from /home/airflow/.local/lib/python3.12/site-packages/airflow/example_dags/tutorial_taskflow_api.py
[2024-09-12T15:06:03.912+0000] {processor.py:925} INFO - DAG(s) 'tutorial_taskflow_api' retrieved from /home/airflow/.local/lib/python3.12/site-packages/airflow/example_dags/tutorial_taskflow_api.py
[2024-09-12T15:06:04.126+0000] {logging_mixin.py:190} INFO - [2024-09-12T15:06:04.126+0000] {dag.py:3211} INFO - Sync 1 DAGs
[2024-09-12T15:06:04.276+0000] {logging_mixin.py:190} INFO - [2024-09-12T15:06:04.265+0000] {dag.py:4138} INFO - Setting next_dagrun for tutorial_taskflow_api to None, run_after=None
[2024-09-12T15:06:04.439+0000] {processor.py:208} INFO - Processing /home/airflow/.local/lib/python3.12/site-packages/airflow/example_dags/tutorial_taskflow_api.py took 0.787 seconds
[2024-09-12T15:07:01.324+0000] {processor.py:186} INFO - Started process (PID=626) to work on /home/airflow/.local/lib/python3.12/site-packages/airflow/example_dags/tutorial_taskflow_api.py
[2024-09-12T15:07:01.328+0000] {processor.py:914} INFO - Processing file /home/airflow/.local/lib/python3.12/site-packages/airflow/example_dags/tutorial_taskflow_api.py for tasks to queue
[2024-09-12T15:07:01.342+0000] {logging_mixin.py:190} INFO - [2024-09-12T15:07:01.341+0000] {dagbag.py:587} INFO - Filling up the DagBag from /home/airflow/.local/lib/python3.12/site-packages/airflow/example_dags/tutorial_taskflow_api.py
[2024-09-12T15:07:01.452+0000] {processor.py:925} INFO - DAG(s) 'tutorial_taskflow_api' retrieved from /home/airflow/.local/lib/python3.12/site-packages/airflow/example_dags/tutorial_taskflow_api.py
[2024-09-12T15:07:01.763+0000] {logging_mixin.py:190} INFO - [2024-09-12T15:07:01.763+0000] {dag.py:3211} INFO - Sync 1 DAGs
[2024-09-12T15:07:02.050+0000] {logging_mixin.py:190} INFO - [2024-09-12T15:07:02.050+0000] {dag.py:4138} INFO - Setting next_dagrun for tutorial_taskflow_api to None, run_after=None
[2024-09-12T15:07:02.258+0000] {processor.py:208} INFO - Processing /home/airflow/.local/lib/python3.12/site-packages/airflow/example_dags/tutorial_taskflow_api.py took 0.985 seconds
[2024-09-12T15:08:02.718+0000] {processor.py:186} INFO - Started process (PID=687) to work on /home/airflow/.local/lib/python3.12/site-packages/airflow/example_dags/tutorial_taskflow_api.py
[2024-09-12T15:08:02.732+0000] {processor.py:914} INFO - Processing file /home/airflow/.local/lib/python3.12/site-packages/airflow/example_dags/tutorial_taskflow_api.py for tasks to queue
[2024-09-12T15:08:02.769+0000] {logging_mixin.py:190} INFO - [2024-09-12T15:08:02.767+0000] {dagbag.py:587} INFO - Filling up the DagBag from /home/airflow/.local/lib/python3.12/site-packages/airflow/example_dags/tutorial_taskflow_api.py
[2024-09-12T15:08:03.002+0000] {processor.py:925} INFO - DAG(s) 'tutorial_taskflow_api' retrieved from /home/airflow/.local/lib/python3.12/site-packages/airflow/example_dags/tutorial_taskflow_api.py
[2024-09-12T15:08:03.229+0000] {logging_mixin.py:190} INFO - [2024-09-12T15:08:03.229+0000] {dag.py:3211} INFO - Sync 1 DAGs
[2024-09-12T15:08:03.465+0000] {logging_mixin.py:190} INFO - [2024-09-12T15:08:03.464+0000] {dag.py:4138} INFO - Setting next_dagrun for tutorial_taskflow_api to None, run_after=None
[2024-09-12T15:08:03.755+0000] {processor.py:208} INFO - Processing /home/airflow/.local/lib/python3.12/site-packages/airflow/example_dags/tutorial_taskflow_api.py took 1.208 seconds
[2024-09-12T15:09:32.577+0000] {processor.py:186} INFO - Started process (PID=777) to work on /home/airflow/.local/lib/python3.12/site-packages/airflow/example_dags/tutorial_taskflow_api.py
[2024-09-12T15:09:32.594+0000] {processor.py:914} INFO - Processing file /home/airflow/.local/lib/python3.12/site-packages/airflow/example_dags/tutorial_taskflow_api.py for tasks to queue
[2024-09-12T15:09:32.617+0000] {logging_mixin.py:190} INFO - [2024-09-12T15:09:32.600+0000] {dagbag.py:587} INFO - Filling up the DagBag from /home/airflow/.local/lib/python3.12/site-packages/airflow/example_dags/tutorial_taskflow_api.py
[2024-09-12T15:09:32.739+0000] {processor.py:925} INFO - DAG(s) 'tutorial_taskflow_api' retrieved from /home/airflow/.local/lib/python3.12/site-packages/airflow/example_dags/tutorial_taskflow_api.py
[2024-09-12T15:09:33.028+0000] {logging_mixin.py:190} INFO - [2024-09-12T15:09:33.027+0000] {dag.py:3211} INFO - Sync 1 DAGs
[2024-09-12T15:09:33.147+0000] {logging_mixin.py:190} INFO - [2024-09-12T15:09:33.146+0000] {dag.py:4138} INFO - Setting next_dagrun for tutorial_taskflow_api to None, run_after=None
[2024-09-12T15:09:33.399+0000] {processor.py:208} INFO - Processing /home/airflow/.local/lib/python3.12/site-packages/airflow/example_dags/tutorial_taskflow_api.py took 0.896 seconds
[2024-09-12T15:10:35.974+0000] {processor.py:186} INFO - Started process (PID=849) to work on /home/airflow/.local/lib/python3.12/site-packages/airflow/example_dags/tutorial_taskflow_api.py
[2024-09-12T15:10:35.986+0000] {processor.py:914} INFO - Processing file /home/airflow/.local/lib/python3.12/site-packages/airflow/example_dags/tutorial_taskflow_api.py for tasks to queue
[2024-09-12T15:10:35.994+0000] {logging_mixin.py:190} INFO - [2024-09-12T15:10:35.993+0000] {dagbag.py:587} INFO - Filling up the DagBag from /home/airflow/.local/lib/python3.12/site-packages/airflow/example_dags/tutorial_taskflow_api.py
[2024-09-12T15:10:36.076+0000] {processor.py:925} INFO - DAG(s) 'tutorial_taskflow_api' retrieved from /home/airflow/.local/lib/python3.12/site-packages/airflow/example_dags/tutorial_taskflow_api.py
[2024-09-12T15:10:36.260+0000] {logging_mixin.py:190} INFO - [2024-09-12T15:10:36.260+0000] {dag.py:3211} INFO - Sync 1 DAGs
[2024-09-12T15:10:36.391+0000] {logging_mixin.py:190} INFO - [2024-09-12T15:10:36.390+0000] {dag.py:4138} INFO - Setting next_dagrun for tutorial_taskflow_api to None, run_after=None
[2024-09-12T15:10:36.557+0000] {processor.py:208} INFO - Processing /home/airflow/.local/lib/python3.12/site-packages/airflow/example_dags/tutorial_taskflow_api.py took 0.656 seconds
[2024-09-12T15:11:30.685+0000] {processor.py:186} INFO - Started process (PID=918) to work on /home/airflow/.local/lib/python3.12/site-packages/airflow/example_dags/tutorial_taskflow_api.py
[2024-09-12T15:11:30.700+0000] {processor.py:914} INFO - Processing file /home/airflow/.local/lib/python3.12/site-packages/airflow/example_dags/tutorial_taskflow_api.py for tasks to queue
[2024-09-12T15:11:30.718+0000] {logging_mixin.py:190} INFO - [2024-09-12T15:11:30.717+0000] {dagbag.py:587} INFO - Filling up the DagBag from /home/airflow/.local/lib/python3.12/site-packages/airflow/example_dags/tutorial_taskflow_api.py
[2024-09-12T15:11:30.890+0000] {processor.py:925} INFO - DAG(s) 'tutorial_taskflow_api' retrieved from /home/airflow/.local/lib/python3.12/site-packages/airflow/example_dags/tutorial_taskflow_api.py
[2024-09-12T15:11:31.307+0000] {logging_mixin.py:190} INFO - [2024-09-12T15:11:31.307+0000] {dag.py:3211} INFO - Sync 1 DAGs
[2024-09-12T15:11:31.581+0000] {logging_mixin.py:190} INFO - [2024-09-12T15:11:31.580+0000] {dag.py:4138} INFO - Setting next_dagrun for tutorial_taskflow_api to None, run_after=None
[2024-09-12T15:11:31.789+0000] {processor.py:208} INFO - Processing /home/airflow/.local/lib/python3.12/site-packages/airflow/example_dags/tutorial_taskflow_api.py took 1.246 seconds
[2024-09-12T15:15:12.214+0000] {processor.py:186} INFO - Started process (PID=100) to work on /home/airflow/.local/lib/python3.12/site-packages/airflow/example_dags/tutorial_taskflow_api.py
[2024-09-12T15:15:12.217+0000] {processor.py:914} INFO - Processing file /home/airflow/.local/lib/python3.12/site-packages/airflow/example_dags/tutorial_taskflow_api.py for tasks to queue
[2024-09-12T15:15:12.281+0000] {logging_mixin.py:190} INFO - [2024-09-12T15:15:12.271+0000] {dagbag.py:587} INFO - Filling up the DagBag from /home/airflow/.local/lib/python3.12/site-packages/airflow/example_dags/tutorial_taskflow_api.py
[2024-09-12T15:15:12.379+0000] {processor.py:925} INFO - DAG(s) 'tutorial_taskflow_api' retrieved from /home/airflow/.local/lib/python3.12/site-packages/airflow/example_dags/tutorial_taskflow_api.py
[2024-09-12T15:15:12.696+0000] {logging_mixin.py:190} INFO - [2024-09-12T15:15:12.695+0000] {dag.py:3211} INFO - Sync 1 DAGs
[2024-09-12T15:15:12.935+0000] {logging_mixin.py:190} INFO - [2024-09-12T15:15:12.935+0000] {dag.py:4138} INFO - Setting next_dagrun for tutorial_taskflow_api to None, run_after=None
[2024-09-12T15:15:13.249+0000] {processor.py:208} INFO - Processing /home/airflow/.local/lib/python3.12/site-packages/airflow/example_dags/tutorial_taskflow_api.py took 1.174 seconds
[2024-09-12T15:16:08.669+0000] {processor.py:186} INFO - Started process (PID=171) to work on /home/airflow/.local/lib/python3.12/site-packages/airflow/example_dags/tutorial_taskflow_api.py
[2024-09-12T15:16:08.698+0000] {processor.py:914} INFO - Processing file /home/airflow/.local/lib/python3.12/site-packages/airflow/example_dags/tutorial_taskflow_api.py for tasks to queue
[2024-09-12T15:16:08.714+0000] {logging_mixin.py:190} INFO - [2024-09-12T15:16:08.713+0000] {dagbag.py:587} INFO - Filling up the DagBag from /home/airflow/.local/lib/python3.12/site-packages/airflow/example_dags/tutorial_taskflow_api.py
[2024-09-12T15:16:08.847+0000] {processor.py:925} INFO - DAG(s) 'tutorial_taskflow_api' retrieved from /home/airflow/.local/lib/python3.12/site-packages/airflow/example_dags/tutorial_taskflow_api.py
[2024-09-12T15:16:09.242+0000] {logging_mixin.py:190} INFO - [2024-09-12T15:16:09.241+0000] {dag.py:3211} INFO - Sync 1 DAGs
[2024-09-12T15:16:09.377+0000] {logging_mixin.py:190} INFO - [2024-09-12T15:16:09.370+0000] {dag.py:4138} INFO - Setting next_dagrun for tutorial_taskflow_api to None, run_after=None
[2024-09-12T15:16:09.648+0000] {processor.py:208} INFO - Processing /home/airflow/.local/lib/python3.12/site-packages/airflow/example_dags/tutorial_taskflow_api.py took 1.094 seconds
[2024-09-12T15:17:19.829+0000] {processor.py:186} INFO - Started process (PID=236) to work on /home/airflow/.local/lib/python3.12/site-packages/airflow/example_dags/tutorial_taskflow_api.py
[2024-09-12T15:17:19.842+0000] {processor.py:914} INFO - Processing file /home/airflow/.local/lib/python3.12/site-packages/airflow/example_dags/tutorial_taskflow_api.py for tasks to queue
[2024-09-12T15:17:19.865+0000] {logging_mixin.py:190} INFO - [2024-09-12T15:17:19.864+0000] {dagbag.py:587} INFO - Filling up the DagBag from /home/airflow/.local/lib/python3.12/site-packages/airflow/example_dags/tutorial_taskflow_api.py
[2024-09-12T15:17:19.932+0000] {processor.py:925} INFO - DAG(s) 'tutorial_taskflow_api' retrieved from /home/airflow/.local/lib/python3.12/site-packages/airflow/example_dags/tutorial_taskflow_api.py
[2024-09-12T15:17:20.047+0000] {logging_mixin.py:190} INFO - [2024-09-12T15:17:20.046+0000] {dag.py:3211} INFO - Sync 1 DAGs
[2024-09-12T15:17:20.215+0000] {logging_mixin.py:190} INFO - [2024-09-12T15:17:20.215+0000] {dag.py:4138} INFO - Setting next_dagrun for tutorial_taskflow_api to None, run_after=None
[2024-09-12T15:17:20.506+0000] {processor.py:208} INFO - Processing /home/airflow/.local/lib/python3.12/site-packages/airflow/example_dags/tutorial_taskflow_api.py took 0.700 seconds
[2024-09-12T15:18:15.531+0000] {processor.py:186} INFO - Started process (PID=307) to work on /home/airflow/.local/lib/python3.12/site-packages/airflow/example_dags/tutorial_taskflow_api.py
[2024-09-12T15:18:15.539+0000] {processor.py:914} INFO - Processing file /home/airflow/.local/lib/python3.12/site-packages/airflow/example_dags/tutorial_taskflow_api.py for tasks to queue
[2024-09-12T15:18:15.551+0000] {logging_mixin.py:190} INFO - [2024-09-12T15:18:15.550+0000] {dagbag.py:587} INFO - Filling up the DagBag from /home/airflow/.local/lib/python3.12/site-packages/airflow/example_dags/tutorial_taskflow_api.py
[2024-09-12T15:18:15.609+0000] {processor.py:925} INFO - DAG(s) 'tutorial_taskflow_api' retrieved from /home/airflow/.local/lib/python3.12/site-packages/airflow/example_dags/tutorial_taskflow_api.py
[2024-09-12T15:18:15.769+0000] {logging_mixin.py:190} INFO - [2024-09-12T15:18:15.768+0000] {dag.py:3211} INFO - Sync 1 DAGs
[2024-09-12T15:18:15.849+0000] {logging_mixin.py:190} INFO - [2024-09-12T15:18:15.849+0000] {dag.py:4138} INFO - Setting next_dagrun for tutorial_taskflow_api to None, run_after=None
[2024-09-12T15:18:15.966+0000] {processor.py:208} INFO - Processing /home/airflow/.local/lib/python3.12/site-packages/airflow/example_dags/tutorial_taskflow_api.py took 0.476 seconds
[2024-09-12T15:19:27.985+0000] {processor.py:186} INFO - Started process (PID=395) to work on /home/airflow/.local/lib/python3.12/site-packages/airflow/example_dags/tutorial_taskflow_api.py
[2024-09-12T15:19:28.022+0000] {processor.py:914} INFO - Processing file /home/airflow/.local/lib/python3.12/site-packages/airflow/example_dags/tutorial_taskflow_api.py for tasks to queue
[2024-09-12T15:19:28.029+0000] {logging_mixin.py:190} INFO - [2024-09-12T15:19:28.028+0000] {dagbag.py:587} INFO - Filling up the DagBag from /home/airflow/.local/lib/python3.12/site-packages/airflow/example_dags/tutorial_taskflow_api.py
[2024-09-12T15:19:28.080+0000] {processor.py:925} INFO - DAG(s) 'tutorial_taskflow_api' retrieved from /home/airflow/.local/lib/python3.12/site-packages/airflow/example_dags/tutorial_taskflow_api.py
[2024-09-12T15:19:28.303+0000] {logging_mixin.py:190} INFO - [2024-09-12T15:19:28.302+0000] {dag.py:3211} INFO - Sync 1 DAGs
[2024-09-12T15:19:28.417+0000] {logging_mixin.py:190} INFO - [2024-09-12T15:19:28.416+0000] {dag.py:4138} INFO - Setting next_dagrun for tutorial_taskflow_api to None, run_after=None
[2024-09-12T15:19:28.608+0000] {processor.py:208} INFO - Processing /home/airflow/.local/lib/python3.12/site-packages/airflow/example_dags/tutorial_taskflow_api.py took 0.671 seconds
[2024-09-12T15:20:20.151+0000] {processor.py:186} INFO - Started process (PID=464) to work on /home/airflow/.local/lib/python3.12/site-packages/airflow/example_dags/tutorial_taskflow_api.py
[2024-09-12T15:20:20.153+0000] {processor.py:914} INFO - Processing file /home/airflow/.local/lib/python3.12/site-packages/airflow/example_dags/tutorial_taskflow_api.py for tasks to queue
[2024-09-12T15:20:20.181+0000] {logging_mixin.py:190} INFO - [2024-09-12T15:20:20.168+0000] {dagbag.py:587} INFO - Filling up the DagBag from /home/airflow/.local/lib/python3.12/site-packages/airflow/example_dags/tutorial_taskflow_api.py
[2024-09-12T15:20:20.231+0000] {processor.py:925} INFO - DAG(s) 'tutorial_taskflow_api' retrieved from /home/airflow/.local/lib/python3.12/site-packages/airflow/example_dags/tutorial_taskflow_api.py
[2024-09-12T15:20:20.506+0000] {logging_mixin.py:190} INFO - [2024-09-12T15:20:20.506+0000] {dag.py:3211} INFO - Sync 1 DAGs
[2024-09-12T15:20:20.681+0000] {logging_mixin.py:190} INFO - [2024-09-12T15:20:20.681+0000] {dag.py:4138} INFO - Setting next_dagrun for tutorial_taskflow_api to None, run_after=None
[2024-09-12T15:20:20.964+0000] {processor.py:208} INFO - Processing /home/airflow/.local/lib/python3.12/site-packages/airflow/example_dags/tutorial_taskflow_api.py took 0.847 seconds
[2024-09-12T15:21:27.881+0000] {processor.py:186} INFO - Started process (PID=546) to work on /home/airflow/.local/lib/python3.12/site-packages/airflow/example_dags/tutorial_taskflow_api.py
[2024-09-12T15:21:27.990+0000] {processor.py:914} INFO - Processing file /home/airflow/.local/lib/python3.12/site-packages/airflow/example_dags/tutorial_taskflow_api.py for tasks to queue
[2024-09-12T15:21:28.118+0000] {logging_mixin.py:190} INFO - [2024-09-12T15:21:28.118+0000] {dagbag.py:587} INFO - Filling up the DagBag from /home/airflow/.local/lib/python3.12/site-packages/airflow/example_dags/tutorial_taskflow_api.py
[2024-09-12T15:21:28.345+0000] {processor.py:925} INFO - DAG(s) 'tutorial_taskflow_api' retrieved from /home/airflow/.local/lib/python3.12/site-packages/airflow/example_dags/tutorial_taskflow_api.py
[2024-09-12T15:21:28.725+0000] {logging_mixin.py:190} INFO - [2024-09-12T15:21:28.724+0000] {dag.py:3211} INFO - Sync 1 DAGs
[2024-09-12T15:21:29.061+0000] {logging_mixin.py:190} INFO - [2024-09-12T15:21:29.061+0000] {dag.py:4138} INFO - Setting next_dagrun for tutorial_taskflow_api to None, run_after=None
[2024-09-12T15:21:29.371+0000] {processor.py:208} INFO - Processing /home/airflow/.local/lib/python3.12/site-packages/airflow/example_dags/tutorial_taskflow_api.py took 1.633 seconds
[2024-09-12T15:22:44.228+0000] {processor.py:186} INFO - Started process (PID=637) to work on /home/airflow/.local/lib/python3.12/site-packages/airflow/example_dags/tutorial_taskflow_api.py
[2024-09-12T15:22:44.236+0000] {processor.py:914} INFO - Processing file /home/airflow/.local/lib/python3.12/site-packages/airflow/example_dags/tutorial_taskflow_api.py for tasks to queue
[2024-09-12T15:22:44.299+0000] {logging_mixin.py:190} INFO - [2024-09-12T15:22:44.271+0000] {dagbag.py:587} INFO - Filling up the DagBag from /home/airflow/.local/lib/python3.12/site-packages/airflow/example_dags/tutorial_taskflow_api.py
[2024-09-12T15:22:44.481+0000] {processor.py:925} INFO - DAG(s) 'tutorial_taskflow_api' retrieved from /home/airflow/.local/lib/python3.12/site-packages/airflow/example_dags/tutorial_taskflow_api.py
[2024-09-12T15:22:44.735+0000] {logging_mixin.py:190} INFO - [2024-09-12T15:22:44.734+0000] {dag.py:3211} INFO - Sync 1 DAGs
[2024-09-12T15:22:44.940+0000] {logging_mixin.py:190} INFO - [2024-09-12T15:22:44.940+0000] {dag.py:4138} INFO - Setting next_dagrun for tutorial_taskflow_api to None, run_after=None
[2024-09-12T15:22:45.321+0000] {processor.py:208} INFO - Processing /home/airflow/.local/lib/python3.12/site-packages/airflow/example_dags/tutorial_taskflow_api.py took 1.157 seconds
[2024-09-12T15:23:51.013+0000] {processor.py:186} INFO - Started process (PID=713) to work on /home/airflow/.local/lib/python3.12/site-packages/airflow/example_dags/tutorial_taskflow_api.py
[2024-09-12T15:23:51.041+0000] {processor.py:914} INFO - Processing file /home/airflow/.local/lib/python3.12/site-packages/airflow/example_dags/tutorial_taskflow_api.py for tasks to queue
[2024-09-12T15:23:51.058+0000] {logging_mixin.py:190} INFO - [2024-09-12T15:23:51.057+0000] {dagbag.py:587} INFO - Filling up the DagBag from /home/airflow/.local/lib/python3.12/site-packages/airflow/example_dags/tutorial_taskflow_api.py
[2024-09-12T15:23:51.187+0000] {processor.py:925} INFO - DAG(s) 'tutorial_taskflow_api' retrieved from /home/airflow/.local/lib/python3.12/site-packages/airflow/example_dags/tutorial_taskflow_api.py
[2024-09-12T15:23:51.554+0000] {logging_mixin.py:190} INFO - [2024-09-12T15:23:51.554+0000] {dag.py:3211} INFO - Sync 1 DAGs
[2024-09-12T15:23:51.836+0000] {logging_mixin.py:190} INFO - [2024-09-12T15:23:51.835+0000] {dag.py:4138} INFO - Setting next_dagrun for tutorial_taskflow_api to None, run_after=None
[2024-09-12T15:23:52.046+0000] {processor.py:208} INFO - Processing /home/airflow/.local/lib/python3.12/site-packages/airflow/example_dags/tutorial_taskflow_api.py took 1.084 seconds
[2024-09-12T15:25:04.432+0000] {processor.py:186} INFO - Started process (PID=796) to work on /home/airflow/.local/lib/python3.12/site-packages/airflow/example_dags/tutorial_taskflow_api.py
[2024-09-12T15:25:04.435+0000] {processor.py:914} INFO - Processing file /home/airflow/.local/lib/python3.12/site-packages/airflow/example_dags/tutorial_taskflow_api.py for tasks to queue
[2024-09-12T15:25:04.460+0000] {logging_mixin.py:190} INFO - [2024-09-12T15:25:04.458+0000] {dagbag.py:587} INFO - Filling up the DagBag from /home/airflow/.local/lib/python3.12/site-packages/airflow/example_dags/tutorial_taskflow_api.py
[2024-09-12T15:25:04.548+0000] {processor.py:925} INFO - DAG(s) 'tutorial_taskflow_api' retrieved from /home/airflow/.local/lib/python3.12/site-packages/airflow/example_dags/tutorial_taskflow_api.py
[2024-09-12T15:25:04.656+0000] {logging_mixin.py:190} INFO - [2024-09-12T15:25:04.655+0000] {dag.py:3211} INFO - Sync 1 DAGs
[2024-09-12T15:25:04.799+0000] {logging_mixin.py:190} INFO - [2024-09-12T15:25:04.798+0000] {dag.py:4138} INFO - Setting next_dagrun for tutorial_taskflow_api to None, run_after=None
[2024-09-12T15:25:04.937+0000] {processor.py:208} INFO - Processing /home/airflow/.local/lib/python3.12/site-packages/airflow/example_dags/tutorial_taskflow_api.py took 0.545 seconds
[2024-09-12T15:26:57.496+0000] {processor.py:186} INFO - Started process (PID=876) to work on /home/airflow/.local/lib/python3.12/site-packages/airflow/example_dags/tutorial_taskflow_api.py
[2024-09-12T15:26:57.554+0000] {processor.py:914} INFO - Processing file /home/airflow/.local/lib/python3.12/site-packages/airflow/example_dags/tutorial_taskflow_api.py for tasks to queue
[2024-09-12T15:26:57.588+0000] {logging_mixin.py:190} INFO - [2024-09-12T15:26:57.588+0000] {dagbag.py:587} INFO - Filling up the DagBag from /home/airflow/.local/lib/python3.12/site-packages/airflow/example_dags/tutorial_taskflow_api.py
[2024-09-12T15:26:57.666+0000] {processor.py:925} INFO - DAG(s) 'tutorial_taskflow_api' retrieved from /home/airflow/.local/lib/python3.12/site-packages/airflow/example_dags/tutorial_taskflow_api.py
[2024-09-12T15:26:58.084+0000] {logging_mixin.py:190} INFO - [2024-09-12T15:26:58.083+0000] {dag.py:3211} INFO - Sync 1 DAGs
[2024-09-12T15:26:58.257+0000] {logging_mixin.py:190} INFO - [2024-09-12T15:26:58.256+0000] {dag.py:4138} INFO - Setting next_dagrun for tutorial_taskflow_api to None, run_after=None
[2024-09-12T15:26:58.486+0000] {processor.py:208} INFO - Processing /home/airflow/.local/lib/python3.12/site-packages/airflow/example_dags/tutorial_taskflow_api.py took 1.063 seconds
[2024-09-12T15:27:57.007+0000] {processor.py:186} INFO - Started process (PID=948) to work on /home/airflow/.local/lib/python3.12/site-packages/airflow/example_dags/tutorial_taskflow_api.py
[2024-09-12T15:27:57.010+0000] {processor.py:914} INFO - Processing file /home/airflow/.local/lib/python3.12/site-packages/airflow/example_dags/tutorial_taskflow_api.py for tasks to queue
[2024-09-12T15:27:57.031+0000] {logging_mixin.py:190} INFO - [2024-09-12T15:27:57.031+0000] {dagbag.py:587} INFO - Filling up the DagBag from /home/airflow/.local/lib/python3.12/site-packages/airflow/example_dags/tutorial_taskflow_api.py
[2024-09-12T15:27:57.106+0000] {processor.py:925} INFO - DAG(s) 'tutorial_taskflow_api' retrieved from /home/airflow/.local/lib/python3.12/site-packages/airflow/example_dags/tutorial_taskflow_api.py
[2024-09-12T15:27:57.370+0000] {logging_mixin.py:190} INFO - [2024-09-12T15:27:57.370+0000] {dag.py:3211} INFO - Sync 1 DAGs
[2024-09-12T15:27:57.572+0000] {logging_mixin.py:190} INFO - [2024-09-12T15:27:57.572+0000] {dag.py:4138} INFO - Setting next_dagrun for tutorial_taskflow_api to None, run_after=None
[2024-09-12T15:27:57.693+0000] {processor.py:208} INFO - Processing /home/airflow/.local/lib/python3.12/site-packages/airflow/example_dags/tutorial_taskflow_api.py took 0.717 seconds
[2024-09-12T15:28:43.010+0000] {processor.py:186} INFO - Started process (PID=1021) to work on /home/airflow/.local/lib/python3.12/site-packages/airflow/example_dags/tutorial_taskflow_api.py
[2024-09-12T15:28:43.041+0000] {processor.py:914} INFO - Processing file /home/airflow/.local/lib/python3.12/site-packages/airflow/example_dags/tutorial_taskflow_api.py for tasks to queue
[2024-09-12T15:28:43.061+0000] {logging_mixin.py:190} INFO - [2024-09-12T15:28:43.060+0000] {dagbag.py:587} INFO - Filling up the DagBag from /home/airflow/.local/lib/python3.12/site-packages/airflow/example_dags/tutorial_taskflow_api.py
[2024-09-12T15:28:43.172+0000] {processor.py:925} INFO - DAG(s) 'tutorial_taskflow_api' retrieved from /home/airflow/.local/lib/python3.12/site-packages/airflow/example_dags/tutorial_taskflow_api.py
[2024-09-12T15:28:43.367+0000] {logging_mixin.py:190} INFO - [2024-09-12T15:28:43.367+0000] {dag.py:3211} INFO - Sync 1 DAGs
[2024-09-12T15:28:43.459+0000] {logging_mixin.py:190} INFO - [2024-09-12T15:28:43.459+0000] {dag.py:4138} INFO - Setting next_dagrun for tutorial_taskflow_api to None, run_after=None
[2024-09-12T15:28:43.582+0000] {processor.py:208} INFO - Processing /home/airflow/.local/lib/python3.12/site-packages/airflow/example_dags/tutorial_taskflow_api.py took 0.729 seconds
[2024-09-12T15:29:23.894+0000] {processor.py:186} INFO - Started process (PID=1072) to work on /home/airflow/.local/lib/python3.12/site-packages/airflow/example_dags/tutorial_taskflow_api.py
[2024-09-12T15:29:23.902+0000] {processor.py:914} INFO - Processing file /home/airflow/.local/lib/python3.12/site-packages/airflow/example_dags/tutorial_taskflow_api.py for tasks to queue
[2024-09-12T15:29:23.922+0000] {logging_mixin.py:190} INFO - [2024-09-12T15:29:23.921+0000] {dagbag.py:587} INFO - Filling up the DagBag from /home/airflow/.local/lib/python3.12/site-packages/airflow/example_dags/tutorial_taskflow_api.py
[2024-09-12T15:29:24.016+0000] {processor.py:925} INFO - DAG(s) 'tutorial_taskflow_api' retrieved from /home/airflow/.local/lib/python3.12/site-packages/airflow/example_dags/tutorial_taskflow_api.py
[2024-09-12T15:29:24.260+0000] {logging_mixin.py:190} INFO - [2024-09-12T15:29:24.260+0000] {dag.py:3211} INFO - Sync 1 DAGs
[2024-09-12T15:29:24.397+0000] {logging_mixin.py:190} INFO - [2024-09-12T15:29:24.397+0000] {dag.py:4138} INFO - Setting next_dagrun for tutorial_taskflow_api to None, run_after=None
[2024-09-12T15:29:24.592+0000] {processor.py:208} INFO - Processing /home/airflow/.local/lib/python3.12/site-packages/airflow/example_dags/tutorial_taskflow_api.py took 0.716 seconds
[2024-09-12T15:31:21.902+0000] {processor.py:186} INFO - Started process (PID=1158) to work on /home/airflow/.local/lib/python3.12/site-packages/airflow/example_dags/tutorial_taskflow_api.py
[2024-09-12T15:31:21.905+0000] {processor.py:914} INFO - Processing file /home/airflow/.local/lib/python3.12/site-packages/airflow/example_dags/tutorial_taskflow_api.py for tasks to queue
[2024-09-12T15:31:21.909+0000] {logging_mixin.py:190} INFO - [2024-09-12T15:31:21.908+0000] {dagbag.py:587} INFO - Filling up the DagBag from /home/airflow/.local/lib/python3.12/site-packages/airflow/example_dags/tutorial_taskflow_api.py
[2024-09-12T15:31:21.952+0000] {processor.py:925} INFO - DAG(s) 'tutorial_taskflow_api' retrieved from /home/airflow/.local/lib/python3.12/site-packages/airflow/example_dags/tutorial_taskflow_api.py
[2024-09-12T15:31:22.058+0000] {logging_mixin.py:190} INFO - [2024-09-12T15:31:22.057+0000] {dag.py:3211} INFO - Sync 1 DAGs
[2024-09-12T15:31:22.173+0000] {logging_mixin.py:190} INFO - [2024-09-12T15:31:22.172+0000] {dag.py:4138} INFO - Setting next_dagrun for tutorial_taskflow_api to None, run_after=None
[2024-09-12T15:31:22.277+0000] {processor.py:208} INFO - Processing /home/airflow/.local/lib/python3.12/site-packages/airflow/example_dags/tutorial_taskflow_api.py took 0.405 seconds
[2024-09-12T15:32:00.089+0000] {processor.py:186} INFO - Started process (PID=1220) to work on /home/airflow/.local/lib/python3.12/site-packages/airflow/example_dags/tutorial_taskflow_api.py
[2024-09-12T15:32:00.106+0000] {processor.py:914} INFO - Processing file /home/airflow/.local/lib/python3.12/site-packages/airflow/example_dags/tutorial_taskflow_api.py for tasks to queue
[2024-09-12T15:32:00.118+0000] {logging_mixin.py:190} INFO - [2024-09-12T15:32:00.115+0000] {dagbag.py:587} INFO - Filling up the DagBag from /home/airflow/.local/lib/python3.12/site-packages/airflow/example_dags/tutorial_taskflow_api.py
[2024-09-12T15:32:00.187+0000] {processor.py:925} INFO - DAG(s) 'tutorial_taskflow_api' retrieved from /home/airflow/.local/lib/python3.12/site-packages/airflow/example_dags/tutorial_taskflow_api.py
[2024-09-12T15:32:00.499+0000] {logging_mixin.py:190} INFO - [2024-09-12T15:32:00.498+0000] {dag.py:3211} INFO - Sync 1 DAGs
[2024-09-12T15:32:00.638+0000] {logging_mixin.py:190} INFO - [2024-09-12T15:32:00.638+0000] {dag.py:4138} INFO - Setting next_dagrun for tutorial_taskflow_api to None, run_after=None
[2024-09-12T15:32:00.863+0000] {processor.py:208} INFO - Processing /home/airflow/.local/lib/python3.12/site-packages/airflow/example_dags/tutorial_taskflow_api.py took 0.884 seconds
[2024-09-12T15:32:57.556+0000] {processor.py:186} INFO - Started process (PID=1289) to work on /home/airflow/.local/lib/python3.12/site-packages/airflow/example_dags/tutorial_taskflow_api.py
[2024-09-12T15:32:57.574+0000] {processor.py:914} INFO - Processing file /home/airflow/.local/lib/python3.12/site-packages/airflow/example_dags/tutorial_taskflow_api.py for tasks to queue
[2024-09-12T15:32:57.591+0000] {logging_mixin.py:190} INFO - [2024-09-12T15:32:57.591+0000] {dagbag.py:587} INFO - Filling up the DagBag from /home/airflow/.local/lib/python3.12/site-packages/airflow/example_dags/tutorial_taskflow_api.py
[2024-09-12T15:32:57.659+0000] {processor.py:925} INFO - DAG(s) 'tutorial_taskflow_api' retrieved from /home/airflow/.local/lib/python3.12/site-packages/airflow/example_dags/tutorial_taskflow_api.py
[2024-09-12T15:32:57.852+0000] {logging_mixin.py:190} INFO - [2024-09-12T15:32:57.851+0000] {dag.py:3211} INFO - Sync 1 DAGs
[2024-09-12T15:32:57.980+0000] {logging_mixin.py:190} INFO - [2024-09-12T15:32:57.979+0000] {dag.py:4138} INFO - Setting next_dagrun for tutorial_taskflow_api to None, run_after=None
[2024-09-12T15:32:58.158+0000] {processor.py:208} INFO - Processing /home/airflow/.local/lib/python3.12/site-packages/airflow/example_dags/tutorial_taskflow_api.py took 0.698 seconds
[2024-09-12T15:33:38.765+0000] {processor.py:186} INFO - Started process (PID=1353) to work on /home/airflow/.local/lib/python3.12/site-packages/airflow/example_dags/tutorial_taskflow_api.py
[2024-09-12T15:33:38.783+0000] {processor.py:914} INFO - Processing file /home/airflow/.local/lib/python3.12/site-packages/airflow/example_dags/tutorial_taskflow_api.py for tasks to queue
[2024-09-12T15:33:38.797+0000] {logging_mixin.py:190} INFO - [2024-09-12T15:33:38.796+0000] {dagbag.py:587} INFO - Filling up the DagBag from /home/airflow/.local/lib/python3.12/site-packages/airflow/example_dags/tutorial_taskflow_api.py
[2024-09-12T15:33:38.840+0000] {processor.py:925} INFO - DAG(s) 'tutorial_taskflow_api' retrieved from /home/airflow/.local/lib/python3.12/site-packages/airflow/example_dags/tutorial_taskflow_api.py
[2024-09-12T15:33:39.138+0000] {logging_mixin.py:190} INFO - [2024-09-12T15:33:39.137+0000] {dag.py:3211} INFO - Sync 1 DAGs
[2024-09-12T15:33:39.405+0000] {logging_mixin.py:190} INFO - [2024-09-12T15:33:39.405+0000] {dag.py:4138} INFO - Setting next_dagrun for tutorial_taskflow_api to None, run_after=None
[2024-09-12T15:33:39.640+0000] {processor.py:208} INFO - Processing /home/airflow/.local/lib/python3.12/site-packages/airflow/example_dags/tutorial_taskflow_api.py took 0.914 seconds
[2024-09-12T15:34:19.693+0000] {processor.py:186} INFO - Started process (PID=1419) to work on /home/airflow/.local/lib/python3.12/site-packages/airflow/example_dags/tutorial_taskflow_api.py
[2024-09-12T15:34:19.719+0000] {processor.py:914} INFO - Processing file /home/airflow/.local/lib/python3.12/site-packages/airflow/example_dags/tutorial_taskflow_api.py for tasks to queue
[2024-09-12T15:34:19.753+0000] {logging_mixin.py:190} INFO - [2024-09-12T15:34:19.752+0000] {dagbag.py:587} INFO - Filling up the DagBag from /home/airflow/.local/lib/python3.12/site-packages/airflow/example_dags/tutorial_taskflow_api.py
[2024-09-12T15:34:19.918+0000] {processor.py:925} INFO - DAG(s) 'tutorial_taskflow_api' retrieved from /home/airflow/.local/lib/python3.12/site-packages/airflow/example_dags/tutorial_taskflow_api.py
[2024-09-12T15:34:20.121+0000] {logging_mixin.py:190} INFO - [2024-09-12T15:34:20.121+0000] {dag.py:3211} INFO - Sync 1 DAGs
[2024-09-12T15:34:20.257+0000] {logging_mixin.py:190} INFO - [2024-09-12T15:34:20.256+0000] {dag.py:4138} INFO - Setting next_dagrun for tutorial_taskflow_api to None, run_after=None
[2024-09-12T15:34:20.460+0000] {processor.py:208} INFO - Processing /home/airflow/.local/lib/python3.12/site-packages/airflow/example_dags/tutorial_taskflow_api.py took 0.837 seconds
[2024-09-12T15:35:03.300+0000] {processor.py:186} INFO - Started process (PID=1492) to work on /home/airflow/.local/lib/python3.12/site-packages/airflow/example_dags/tutorial_taskflow_api.py
[2024-09-12T15:35:03.313+0000] {processor.py:914} INFO - Processing file /home/airflow/.local/lib/python3.12/site-packages/airflow/example_dags/tutorial_taskflow_api.py for tasks to queue
[2024-09-12T15:35:03.318+0000] {logging_mixin.py:190} INFO - [2024-09-12T15:35:03.317+0000] {dagbag.py:587} INFO - Filling up the DagBag from /home/airflow/.local/lib/python3.12/site-packages/airflow/example_dags/tutorial_taskflow_api.py
[2024-09-12T15:35:03.388+0000] {processor.py:925} INFO - DAG(s) 'tutorial_taskflow_api' retrieved from /home/airflow/.local/lib/python3.12/site-packages/airflow/example_dags/tutorial_taskflow_api.py
[2024-09-12T15:35:03.629+0000] {logging_mixin.py:190} INFO - [2024-09-12T15:35:03.628+0000] {dag.py:3211} INFO - Sync 1 DAGs
[2024-09-12T15:35:03.981+0000] {logging_mixin.py:190} INFO - [2024-09-12T15:35:03.980+0000] {dag.py:4138} INFO - Setting next_dagrun for tutorial_taskflow_api to None, run_after=None
[2024-09-12T15:35:04.477+0000] {processor.py:208} INFO - Processing /home/airflow/.local/lib/python3.12/site-packages/airflow/example_dags/tutorial_taskflow_api.py took 1.210 seconds
[2024-09-12T15:36:24.324+0000] {processor.py:186} INFO - Started process (PID=1561) to work on /home/airflow/.local/lib/python3.12/site-packages/airflow/example_dags/tutorial_taskflow_api.py
[2024-09-12T15:36:24.332+0000] {processor.py:914} INFO - Processing file /home/airflow/.local/lib/python3.12/site-packages/airflow/example_dags/tutorial_taskflow_api.py for tasks to queue
[2024-09-12T15:36:24.380+0000] {logging_mixin.py:190} INFO - [2024-09-12T15:36:24.379+0000] {dagbag.py:587} INFO - Filling up the DagBag from /home/airflow/.local/lib/python3.12/site-packages/airflow/example_dags/tutorial_taskflow_api.py
[2024-09-12T15:36:24.471+0000] {processor.py:925} INFO - DAG(s) 'tutorial_taskflow_api' retrieved from /home/airflow/.local/lib/python3.12/site-packages/airflow/example_dags/tutorial_taskflow_api.py
[2024-09-12T15:36:24.678+0000] {logging_mixin.py:190} INFO - [2024-09-12T15:36:24.678+0000] {dag.py:3211} INFO - Sync 1 DAGs
[2024-09-12T15:36:24.894+0000] {logging_mixin.py:190} INFO - [2024-09-12T15:36:24.893+0000] {dag.py:4138} INFO - Setting next_dagrun for tutorial_taskflow_api to None, run_after=None
[2024-09-12T15:36:25.118+0000] {processor.py:208} INFO - Processing /home/airflow/.local/lib/python3.12/site-packages/airflow/example_dags/tutorial_taskflow_api.py took 0.843 seconds
[2024-09-12T15:37:19.131+0000] {processor.py:186} INFO - Started process (PID=1633) to work on /home/airflow/.local/lib/python3.12/site-packages/airflow/example_dags/tutorial_taskflow_api.py
[2024-09-12T15:37:19.149+0000] {processor.py:914} INFO - Processing file /home/airflow/.local/lib/python3.12/site-packages/airflow/example_dags/tutorial_taskflow_api.py for tasks to queue
[2024-09-12T15:37:19.165+0000] {logging_mixin.py:190} INFO - [2024-09-12T15:37:19.164+0000] {dagbag.py:587} INFO - Filling up the DagBag from /home/airflow/.local/lib/python3.12/site-packages/airflow/example_dags/tutorial_taskflow_api.py
[2024-09-12T15:37:19.282+0000] {processor.py:925} INFO - DAG(s) 'tutorial_taskflow_api' retrieved from /home/airflow/.local/lib/python3.12/site-packages/airflow/example_dags/tutorial_taskflow_api.py
[2024-09-12T15:37:19.584+0000] {logging_mixin.py:190} INFO - [2024-09-12T15:37:19.583+0000] {dag.py:3211} INFO - Sync 1 DAGs
[2024-09-12T15:37:19.784+0000] {logging_mixin.py:190} INFO - [2024-09-12T15:37:19.782+0000] {dag.py:4138} INFO - Setting next_dagrun for tutorial_taskflow_api to None, run_after=None
[2024-09-12T15:37:19.969+0000] {processor.py:208} INFO - Processing /home/airflow/.local/lib/python3.12/site-packages/airflow/example_dags/tutorial_taskflow_api.py took 1.027 seconds
[2024-09-12T15:39:10.594+0000] {processor.py:186} INFO - Started process (PID=1737) to work on /home/airflow/.local/lib/python3.12/site-packages/airflow/example_dags/tutorial_taskflow_api.py
[2024-09-12T15:39:10.609+0000] {processor.py:914} INFO - Processing file /home/airflow/.local/lib/python3.12/site-packages/airflow/example_dags/tutorial_taskflow_api.py for tasks to queue
[2024-09-12T15:39:10.643+0000] {logging_mixin.py:190} INFO - [2024-09-12T15:39:10.642+0000] {dagbag.py:587} INFO - Filling up the DagBag from /home/airflow/.local/lib/python3.12/site-packages/airflow/example_dags/tutorial_taskflow_api.py
[2024-09-12T15:39:10.879+0000] {processor.py:925} INFO - DAG(s) 'tutorial_taskflow_api' retrieved from /home/airflow/.local/lib/python3.12/site-packages/airflow/example_dags/tutorial_taskflow_api.py
[2024-09-12T15:39:11.083+0000] {logging_mixin.py:190} INFO - [2024-09-12T15:39:11.081+0000] {dag.py:3211} INFO - Sync 1 DAGs
[2024-09-12T15:39:11.182+0000] {logging_mixin.py:190} INFO - [2024-09-12T15:39:11.181+0000] {dag.py:4138} INFO - Setting next_dagrun for tutorial_taskflow_api to None, run_after=None
[2024-09-12T15:39:11.358+0000] {processor.py:208} INFO - Processing /home/airflow/.local/lib/python3.12/site-packages/airflow/example_dags/tutorial_taskflow_api.py took 0.893 seconds
[2024-09-12T15:41:30.516+0000] {processor.py:186} INFO - Started process (PID=1845) to work on /home/airflow/.local/lib/python3.12/site-packages/airflow/example_dags/tutorial_taskflow_api.py
[2024-09-12T15:41:30.564+0000] {processor.py:914} INFO - Processing file /home/airflow/.local/lib/python3.12/site-packages/airflow/example_dags/tutorial_taskflow_api.py for tasks to queue
[2024-09-12T15:41:30.582+0000] {logging_mixin.py:190} INFO - [2024-09-12T15:41:30.581+0000] {dagbag.py:587} INFO - Filling up the DagBag from /home/airflow/.local/lib/python3.12/site-packages/airflow/example_dags/tutorial_taskflow_api.py
[2024-09-12T15:41:30.728+0000] {processor.py:925} INFO - DAG(s) 'tutorial_taskflow_api' retrieved from /home/airflow/.local/lib/python3.12/site-packages/airflow/example_dags/tutorial_taskflow_api.py
[2024-09-12T15:41:31.050+0000] {logging_mixin.py:190} INFO - [2024-09-12T15:41:31.050+0000] {dag.py:3211} INFO - Sync 1 DAGs
[2024-09-12T15:41:31.326+0000] {logging_mixin.py:190} INFO - [2024-09-12T15:41:31.326+0000] {dag.py:4138} INFO - Setting next_dagrun for tutorial_taskflow_api to None, run_after=None
[2024-09-12T15:41:31.598+0000] {processor.py:208} INFO - Processing /home/airflow/.local/lib/python3.12/site-packages/airflow/example_dags/tutorial_taskflow_api.py took 1.159 seconds
[2024-09-12T15:44:41.396+0000] {processor.py:186} INFO - Started process (PID=1904) to work on /home/airflow/.local/lib/python3.12/site-packages/airflow/example_dags/tutorial_taskflow_api.py
[2024-09-12T15:44:41.406+0000] {processor.py:914} INFO - Processing file /home/airflow/.local/lib/python3.12/site-packages/airflow/example_dags/tutorial_taskflow_api.py for tasks to queue
[2024-09-12T15:44:41.409+0000] {logging_mixin.py:190} INFO - [2024-09-12T15:44:41.409+0000] {dagbag.py:587} INFO - Filling up the DagBag from /home/airflow/.local/lib/python3.12/site-packages/airflow/example_dags/tutorial_taskflow_api.py
[2024-09-12T15:44:41.467+0000] {processor.py:925} INFO - DAG(s) 'tutorial_taskflow_api' retrieved from /home/airflow/.local/lib/python3.12/site-packages/airflow/example_dags/tutorial_taskflow_api.py
[2024-09-12T15:44:41.591+0000] {logging_mixin.py:190} INFO - [2024-09-12T15:44:41.590+0000] {dag.py:3211} INFO - Sync 1 DAGs
[2024-09-12T15:44:41.695+0000] {logging_mixin.py:190} INFO - [2024-09-12T15:44:41.694+0000] {dag.py:4138} INFO - Setting next_dagrun for tutorial_taskflow_api to None, run_after=None
[2024-09-12T15:44:41.849+0000] {processor.py:208} INFO - Processing /home/airflow/.local/lib/python3.12/site-packages/airflow/example_dags/tutorial_taskflow_api.py took 0.485 seconds
[2024-09-12T15:45:31.301+0000] {processor.py:186} INFO - Started process (PID=1973) to work on /home/airflow/.local/lib/python3.12/site-packages/airflow/example_dags/tutorial_taskflow_api.py
[2024-09-12T15:45:31.306+0000] {processor.py:914} INFO - Processing file /home/airflow/.local/lib/python3.12/site-packages/airflow/example_dags/tutorial_taskflow_api.py for tasks to queue
[2024-09-12T15:45:31.319+0000] {logging_mixin.py:190} INFO - [2024-09-12T15:45:31.314+0000] {dagbag.py:587} INFO - Filling up the DagBag from /home/airflow/.local/lib/python3.12/site-packages/airflow/example_dags/tutorial_taskflow_api.py
[2024-09-12T15:45:31.387+0000] {processor.py:925} INFO - DAG(s) 'tutorial_taskflow_api' retrieved from /home/airflow/.local/lib/python3.12/site-packages/airflow/example_dags/tutorial_taskflow_api.py
[2024-09-12T15:45:31.624+0000] {logging_mixin.py:190} INFO - [2024-09-12T15:45:31.619+0000] {dag.py:3211} INFO - Sync 1 DAGs
[2024-09-12T15:45:31.781+0000] {logging_mixin.py:190} INFO - [2024-09-12T15:45:31.752+0000] {dag.py:4138} INFO - Setting next_dagrun for tutorial_taskflow_api to None, run_after=None
[2024-09-12T15:45:32.001+0000] {processor.py:208} INFO - Processing /home/airflow/.local/lib/python3.12/site-packages/airflow/example_dags/tutorial_taskflow_api.py took 0.778 seconds
[2024-09-12T15:46:35.085+0000] {processor.py:186} INFO - Started process (PID=2049) to work on /home/airflow/.local/lib/python3.12/site-packages/airflow/example_dags/tutorial_taskflow_api.py
[2024-09-12T15:46:35.095+0000] {processor.py:914} INFO - Processing file /home/airflow/.local/lib/python3.12/site-packages/airflow/example_dags/tutorial_taskflow_api.py for tasks to queue
[2024-09-12T15:46:35.109+0000] {logging_mixin.py:190} INFO - [2024-09-12T15:46:35.108+0000] {dagbag.py:587} INFO - Filling up the DagBag from /home/airflow/.local/lib/python3.12/site-packages/airflow/example_dags/tutorial_taskflow_api.py
[2024-09-12T15:46:35.195+0000] {processor.py:925} INFO - DAG(s) 'tutorial_taskflow_api' retrieved from /home/airflow/.local/lib/python3.12/site-packages/airflow/example_dags/tutorial_taskflow_api.py
[2024-09-12T15:46:35.474+0000] {logging_mixin.py:190} INFO - [2024-09-12T15:46:35.473+0000] {dag.py:3211} INFO - Sync 1 DAGs
[2024-09-12T15:46:35.679+0000] {logging_mixin.py:190} INFO - [2024-09-12T15:46:35.679+0000] {dag.py:4138} INFO - Setting next_dagrun for tutorial_taskflow_api to None, run_after=None
[2024-09-12T15:46:35.901+0000] {processor.py:208} INFO - Processing /home/airflow/.local/lib/python3.12/site-packages/airflow/example_dags/tutorial_taskflow_api.py took 0.909 seconds
[2024-09-12T15:47:31.636+0000] {processor.py:186} INFO - Started process (PID=2122) to work on /home/airflow/.local/lib/python3.12/site-packages/airflow/example_dags/tutorial_taskflow_api.py
[2024-09-12T15:47:31.647+0000] {processor.py:914} INFO - Processing file /home/airflow/.local/lib/python3.12/site-packages/airflow/example_dags/tutorial_taskflow_api.py for tasks to queue
[2024-09-12T15:47:31.655+0000] {logging_mixin.py:190} INFO - [2024-09-12T15:47:31.652+0000] {dagbag.py:587} INFO - Filling up the DagBag from /home/airflow/.local/lib/python3.12/site-packages/airflow/example_dags/tutorial_taskflow_api.py
[2024-09-12T15:47:31.735+0000] {processor.py:925} INFO - DAG(s) 'tutorial_taskflow_api' retrieved from /home/airflow/.local/lib/python3.12/site-packages/airflow/example_dags/tutorial_taskflow_api.py
[2024-09-12T15:47:31.837+0000] {logging_mixin.py:190} INFO - [2024-09-12T15:47:31.837+0000] {dag.py:3211} INFO - Sync 1 DAGs
[2024-09-12T15:47:31.986+0000] {logging_mixin.py:190} INFO - [2024-09-12T15:47:31.986+0000] {dag.py:4138} INFO - Setting next_dagrun for tutorial_taskflow_api to None, run_after=None
[2024-09-12T15:47:32.220+0000] {processor.py:208} INFO - Processing /home/airflow/.local/lib/python3.12/site-packages/airflow/example_dags/tutorial_taskflow_api.py took 0.618 seconds
[2024-09-12T15:48:21.636+0000] {processor.py:186} INFO - Started process (PID=2186) to work on /home/airflow/.local/lib/python3.12/site-packages/airflow/example_dags/tutorial_taskflow_api.py
[2024-09-12T15:48:21.640+0000] {processor.py:914} INFO - Processing file /home/airflow/.local/lib/python3.12/site-packages/airflow/example_dags/tutorial_taskflow_api.py for tasks to queue
[2024-09-12T15:48:21.654+0000] {logging_mixin.py:190} INFO - [2024-09-12T15:48:21.653+0000] {dagbag.py:587} INFO - Filling up the DagBag from /home/airflow/.local/lib/python3.12/site-packages/airflow/example_dags/tutorial_taskflow_api.py
[2024-09-12T15:48:21.837+0000] {processor.py:925} INFO - DAG(s) 'tutorial_taskflow_api' retrieved from /home/airflow/.local/lib/python3.12/site-packages/airflow/example_dags/tutorial_taskflow_api.py
[2024-09-12T15:48:22.237+0000] {logging_mixin.py:190} INFO - [2024-09-12T15:48:22.236+0000] {dag.py:3211} INFO - Sync 1 DAGs
[2024-09-12T15:48:22.353+0000] {logging_mixin.py:190} INFO - [2024-09-12T15:48:22.353+0000] {dag.py:4138} INFO - Setting next_dagrun for tutorial_taskflow_api to None, run_after=None
[2024-09-12T15:48:22.525+0000] {processor.py:208} INFO - Processing /home/airflow/.local/lib/python3.12/site-packages/airflow/example_dags/tutorial_taskflow_api.py took 0.973 seconds
[2024-09-12T15:49:32.272+0000] {processor.py:186} INFO - Started process (PID=2265) to work on /home/airflow/.local/lib/python3.12/site-packages/airflow/example_dags/tutorial_taskflow_api.py
[2024-09-12T15:49:32.275+0000] {processor.py:914} INFO - Processing file /home/airflow/.local/lib/python3.12/site-packages/airflow/example_dags/tutorial_taskflow_api.py for tasks to queue
[2024-09-12T15:49:32.295+0000] {logging_mixin.py:190} INFO - [2024-09-12T15:49:32.293+0000] {dagbag.py:587} INFO - Filling up the DagBag from /home/airflow/.local/lib/python3.12/site-packages/airflow/example_dags/tutorial_taskflow_api.py
[2024-09-12T15:49:32.360+0000] {processor.py:925} INFO - DAG(s) 'tutorial_taskflow_api' retrieved from /home/airflow/.local/lib/python3.12/site-packages/airflow/example_dags/tutorial_taskflow_api.py
[2024-09-12T15:49:32.484+0000] {logging_mixin.py:190} INFO - [2024-09-12T15:49:32.482+0000] {dag.py:3211} INFO - Sync 1 DAGs
[2024-09-12T15:49:32.566+0000] {logging_mixin.py:190} INFO - [2024-09-12T15:49:32.565+0000] {dag.py:4138} INFO - Setting next_dagrun for tutorial_taskflow_api to None, run_after=None
[2024-09-12T15:49:32.683+0000] {processor.py:208} INFO - Processing /home/airflow/.local/lib/python3.12/site-packages/airflow/example_dags/tutorial_taskflow_api.py took 0.436 seconds
[2024-09-12T15:50:18.127+0000] {processor.py:186} INFO - Started process (PID=2336) to work on /home/airflow/.local/lib/python3.12/site-packages/airflow/example_dags/tutorial_taskflow_api.py
[2024-09-12T15:50:18.131+0000] {processor.py:914} INFO - Processing file /home/airflow/.local/lib/python3.12/site-packages/airflow/example_dags/tutorial_taskflow_api.py for tasks to queue
[2024-09-12T15:50:18.139+0000] {logging_mixin.py:190} INFO - [2024-09-12T15:50:18.138+0000] {dagbag.py:587} INFO - Filling up the DagBag from /home/airflow/.local/lib/python3.12/site-packages/airflow/example_dags/tutorial_taskflow_api.py
[2024-09-12T15:50:18.211+0000] {processor.py:925} INFO - DAG(s) 'tutorial_taskflow_api' retrieved from /home/airflow/.local/lib/python3.12/site-packages/airflow/example_dags/tutorial_taskflow_api.py
[2024-09-12T15:50:18.398+0000] {logging_mixin.py:190} INFO - [2024-09-12T15:50:18.397+0000] {dag.py:3211} INFO - Sync 1 DAGs
[2024-09-12T15:50:18.487+0000] {logging_mixin.py:190} INFO - [2024-09-12T15:50:18.487+0000] {dag.py:4138} INFO - Setting next_dagrun for tutorial_taskflow_api to None, run_after=None
[2024-09-12T15:50:18.696+0000] {processor.py:208} INFO - Processing /home/airflow/.local/lib/python3.12/site-packages/airflow/example_dags/tutorial_taskflow_api.py took 0.606 seconds
[2024-09-12T15:51:28.738+0000] {processor.py:186} INFO - Started process (PID=2401) to work on /home/airflow/.local/lib/python3.12/site-packages/airflow/example_dags/tutorial_taskflow_api.py
[2024-09-12T15:51:28.744+0000] {processor.py:914} INFO - Processing file /home/airflow/.local/lib/python3.12/site-packages/airflow/example_dags/tutorial_taskflow_api.py for tasks to queue
[2024-09-12T15:51:28.753+0000] {logging_mixin.py:190} INFO - [2024-09-12T15:51:28.752+0000] {dagbag.py:587} INFO - Filling up the DagBag from /home/airflow/.local/lib/python3.12/site-packages/airflow/example_dags/tutorial_taskflow_api.py
[2024-09-12T15:51:28.816+0000] {processor.py:925} INFO - DAG(s) 'tutorial_taskflow_api' retrieved from /home/airflow/.local/lib/python3.12/site-packages/airflow/example_dags/tutorial_taskflow_api.py
[2024-09-12T15:51:28.973+0000] {logging_mixin.py:190} INFO - [2024-09-12T15:51:28.972+0000] {dag.py:3211} INFO - Sync 1 DAGs
[2024-09-12T15:51:29.146+0000] {logging_mixin.py:190} INFO - [2024-09-12T15:51:29.144+0000] {dag.py:4138} INFO - Setting next_dagrun for tutorial_taskflow_api to None, run_after=None
[2024-09-12T15:51:29.311+0000] {processor.py:208} INFO - Processing /home/airflow/.local/lib/python3.12/site-packages/airflow/example_dags/tutorial_taskflow_api.py took 0.593 seconds
[2024-09-12T15:52:12.536+0000] {processor.py:186} INFO - Started process (PID=2467) to work on /home/airflow/.local/lib/python3.12/site-packages/airflow/example_dags/tutorial_taskflow_api.py
[2024-09-12T15:52:12.538+0000] {processor.py:914} INFO - Processing file /home/airflow/.local/lib/python3.12/site-packages/airflow/example_dags/tutorial_taskflow_api.py for tasks to queue
[2024-09-12T15:52:12.542+0000] {logging_mixin.py:190} INFO - [2024-09-12T15:52:12.541+0000] {dagbag.py:587} INFO - Filling up the DagBag from /home/airflow/.local/lib/python3.12/site-packages/airflow/example_dags/tutorial_taskflow_api.py
[2024-09-12T15:52:12.581+0000] {processor.py:925} INFO - DAG(s) 'tutorial_taskflow_api' retrieved from /home/airflow/.local/lib/python3.12/site-packages/airflow/example_dags/tutorial_taskflow_api.py
[2024-09-12T15:52:12.690+0000] {logging_mixin.py:190} INFO - [2024-09-12T15:52:12.689+0000] {dag.py:3211} INFO - Sync 1 DAGs
[2024-09-12T15:52:12.783+0000] {logging_mixin.py:190} INFO - [2024-09-12T15:52:12.782+0000] {dag.py:4138} INFO - Setting next_dagrun for tutorial_taskflow_api to None, run_after=None
[2024-09-12T15:52:12.956+0000] {processor.py:208} INFO - Processing /home/airflow/.local/lib/python3.12/site-packages/airflow/example_dags/tutorial_taskflow_api.py took 0.438 seconds
[2024-09-12T15:52:53.593+0000] {processor.py:186} INFO - Started process (PID=2532) to work on /home/airflow/.local/lib/python3.12/site-packages/airflow/example_dags/tutorial_taskflow_api.py
[2024-09-12T15:52:53.598+0000] {processor.py:914} INFO - Processing file /home/airflow/.local/lib/python3.12/site-packages/airflow/example_dags/tutorial_taskflow_api.py for tasks to queue
[2024-09-12T15:52:53.608+0000] {logging_mixin.py:190} INFO - [2024-09-12T15:52:53.607+0000] {dagbag.py:587} INFO - Filling up the DagBag from /home/airflow/.local/lib/python3.12/site-packages/airflow/example_dags/tutorial_taskflow_api.py
[2024-09-12T15:52:53.653+0000] {processor.py:925} INFO - DAG(s) 'tutorial_taskflow_api' retrieved from /home/airflow/.local/lib/python3.12/site-packages/airflow/example_dags/tutorial_taskflow_api.py
[2024-09-12T15:52:53.821+0000] {logging_mixin.py:190} INFO - [2024-09-12T15:52:53.820+0000] {dag.py:3211} INFO - Sync 1 DAGs
[2024-09-12T15:52:54.005+0000] {logging_mixin.py:190} INFO - [2024-09-12T15:52:54.004+0000] {dag.py:4138} INFO - Setting next_dagrun for tutorial_taskflow_api to None, run_after=None
[2024-09-12T15:52:54.134+0000] {processor.py:208} INFO - Processing /home/airflow/.local/lib/python3.12/site-packages/airflow/example_dags/tutorial_taskflow_api.py took 0.555 seconds
[2024-09-12T15:53:30.353+0000] {processor.py:186} INFO - Started process (PID=2609) to work on /home/airflow/.local/lib/python3.12/site-packages/airflow/example_dags/tutorial_taskflow_api.py
[2024-09-12T15:53:30.358+0000] {processor.py:914} INFO - Processing file /home/airflow/.local/lib/python3.12/site-packages/airflow/example_dags/tutorial_taskflow_api.py for tasks to queue
[2024-09-12T15:53:30.371+0000] {logging_mixin.py:190} INFO - [2024-09-12T15:53:30.370+0000] {dagbag.py:587} INFO - Filling up the DagBag from /home/airflow/.local/lib/python3.12/site-packages/airflow/example_dags/tutorial_taskflow_api.py
[2024-09-12T15:53:30.456+0000] {processor.py:925} INFO - DAG(s) 'tutorial_taskflow_api' retrieved from /home/airflow/.local/lib/python3.12/site-packages/airflow/example_dags/tutorial_taskflow_api.py
[2024-09-12T15:53:30.602+0000] {logging_mixin.py:190} INFO - [2024-09-12T15:53:30.602+0000] {dag.py:3211} INFO - Sync 1 DAGs
[2024-09-12T15:53:30.683+0000] {logging_mixin.py:190} INFO - [2024-09-12T15:53:30.683+0000] {dag.py:4138} INFO - Setting next_dagrun for tutorial_taskflow_api to None, run_after=None
[2024-09-12T15:53:30.756+0000] {processor.py:208} INFO - Processing /home/airflow/.local/lib/python3.12/site-packages/airflow/example_dags/tutorial_taskflow_api.py took 0.426 seconds
[2024-09-12T15:54:06.978+0000] {processor.py:186} INFO - Started process (PID=2667) to work on /home/airflow/.local/lib/python3.12/site-packages/airflow/example_dags/tutorial_taskflow_api.py
[2024-09-12T15:54:06.989+0000] {processor.py:914} INFO - Processing file /home/airflow/.local/lib/python3.12/site-packages/airflow/example_dags/tutorial_taskflow_api.py for tasks to queue
[2024-09-12T15:54:06.994+0000] {logging_mixin.py:190} INFO - [2024-09-12T15:54:06.993+0000] {dagbag.py:587} INFO - Filling up the DagBag from /home/airflow/.local/lib/python3.12/site-packages/airflow/example_dags/tutorial_taskflow_api.py
[2024-09-12T15:54:07.168+0000] {processor.py:925} INFO - DAG(s) 'tutorial_taskflow_api' retrieved from /home/airflow/.local/lib/python3.12/site-packages/airflow/example_dags/tutorial_taskflow_api.py
[2024-09-12T15:54:14.440+0000] {logging_mixin.py:190} INFO - [2024-09-12T15:54:14.438+0000] {dag.py:3211} INFO - Sync 1 DAGs
[2024-09-12T15:54:14.593+0000] {logging_mixin.py:190} INFO - [2024-09-12T15:54:14.592+0000] {dag.py:4138} INFO - Setting next_dagrun for tutorial_taskflow_api to None, run_after=None
[2024-09-12T15:54:14.718+0000] {processor.py:208} INFO - Processing /home/airflow/.local/lib/python3.12/site-packages/airflow/example_dags/tutorial_taskflow_api.py took 7.828 seconds
[2024-09-12T15:55:47.200+0000] {processor.py:186} INFO - Started process (PID=2759) to work on /home/airflow/.local/lib/python3.12/site-packages/airflow/example_dags/tutorial_taskflow_api.py
[2024-09-12T15:55:47.202+0000] {processor.py:914} INFO - Processing file /home/airflow/.local/lib/python3.12/site-packages/airflow/example_dags/tutorial_taskflow_api.py for tasks to queue
[2024-09-12T15:55:47.214+0000] {logging_mixin.py:190} INFO - [2024-09-12T15:55:47.210+0000] {dagbag.py:587} INFO - Filling up the DagBag from /home/airflow/.local/lib/python3.12/site-packages/airflow/example_dags/tutorial_taskflow_api.py
[2024-09-12T15:55:47.302+0000] {processor.py:925} INFO - DAG(s) 'tutorial_taskflow_api' retrieved from /home/airflow/.local/lib/python3.12/site-packages/airflow/example_dags/tutorial_taskflow_api.py
[2024-09-12T15:55:47.413+0000] {logging_mixin.py:190} INFO - [2024-09-12T15:55:47.412+0000] {dag.py:3211} INFO - Sync 1 DAGs
[2024-09-12T15:55:47.496+0000] {logging_mixin.py:190} INFO - [2024-09-12T15:55:47.495+0000] {dag.py:4138} INFO - Setting next_dagrun for tutorial_taskflow_api to None, run_after=None
[2024-09-12T15:55:47.582+0000] {processor.py:208} INFO - Processing /home/airflow/.local/lib/python3.12/site-packages/airflow/example_dags/tutorial_taskflow_api.py took 0.445 seconds
[2024-09-12T15:56:48.703+0000] {processor.py:186} INFO - Started process (PID=2823) to work on /home/airflow/.local/lib/python3.12/site-packages/airflow/example_dags/tutorial_taskflow_api.py
[2024-09-12T15:56:48.709+0000] {processor.py:914} INFO - Processing file /home/airflow/.local/lib/python3.12/site-packages/airflow/example_dags/tutorial_taskflow_api.py for tasks to queue
[2024-09-12T15:56:48.724+0000] {logging_mixin.py:190} INFO - [2024-09-12T15:56:48.714+0000] {dagbag.py:587} INFO - Filling up the DagBag from /home/airflow/.local/lib/python3.12/site-packages/airflow/example_dags/tutorial_taskflow_api.py
[2024-09-12T15:56:48.763+0000] {processor.py:925} INFO - DAG(s) 'tutorial_taskflow_api' retrieved from /home/airflow/.local/lib/python3.12/site-packages/airflow/example_dags/tutorial_taskflow_api.py
[2024-09-12T15:56:48.895+0000] {logging_mixin.py:190} INFO - [2024-09-12T15:56:48.894+0000] {dag.py:3211} INFO - Sync 1 DAGs
[2024-09-12T15:56:49.030+0000] {logging_mixin.py:190} INFO - [2024-09-12T15:56:49.029+0000] {dag.py:4138} INFO - Setting next_dagrun for tutorial_taskflow_api to None, run_after=None
[2024-09-12T15:56:49.223+0000] {processor.py:208} INFO - Processing /home/airflow/.local/lib/python3.12/site-packages/airflow/example_dags/tutorial_taskflow_api.py took 0.551 seconds
[2024-09-12T15:57:20.341+0000] {processor.py:186} INFO - Started process (PID=2887) to work on /home/airflow/.local/lib/python3.12/site-packages/airflow/example_dags/tutorial_taskflow_api.py
[2024-09-12T15:57:20.344+0000] {processor.py:914} INFO - Processing file /home/airflow/.local/lib/python3.12/site-packages/airflow/example_dags/tutorial_taskflow_api.py for tasks to queue
[2024-09-12T15:57:20.347+0000] {logging_mixin.py:190} INFO - [2024-09-12T15:57:20.347+0000] {dagbag.py:587} INFO - Filling up the DagBag from /home/airflow/.local/lib/python3.12/site-packages/airflow/example_dags/tutorial_taskflow_api.py
[2024-09-12T15:57:20.385+0000] {processor.py:925} INFO - DAG(s) 'tutorial_taskflow_api' retrieved from /home/airflow/.local/lib/python3.12/site-packages/airflow/example_dags/tutorial_taskflow_api.py
[2024-09-12T15:57:20.451+0000] {logging_mixin.py:190} INFO - [2024-09-12T15:57:20.451+0000] {dag.py:3211} INFO - Sync 1 DAGs
[2024-09-12T15:57:20.504+0000] {logging_mixin.py:190} INFO - [2024-09-12T15:57:20.503+0000] {dag.py:4138} INFO - Setting next_dagrun for tutorial_taskflow_api to None, run_after=None
[2024-09-12T15:57:20.589+0000] {processor.py:208} INFO - Processing /home/airflow/.local/lib/python3.12/site-packages/airflow/example_dags/tutorial_taskflow_api.py took 0.273 seconds
[2024-09-12T15:58:01.033+0000] {processor.py:186} INFO - Started process (PID=2945) to work on /home/airflow/.local/lib/python3.12/site-packages/airflow/example_dags/tutorial_taskflow_api.py
[2024-09-12T15:58:01.038+0000] {processor.py:914} INFO - Processing file /home/airflow/.local/lib/python3.12/site-packages/airflow/example_dags/tutorial_taskflow_api.py for tasks to queue
[2024-09-12T15:58:01.056+0000] {logging_mixin.py:190} INFO - [2024-09-12T15:58:01.055+0000] {dagbag.py:587} INFO - Filling up the DagBag from /home/airflow/.local/lib/python3.12/site-packages/airflow/example_dags/tutorial_taskflow_api.py
[2024-09-12T15:58:01.122+0000] {processor.py:925} INFO - DAG(s) 'tutorial_taskflow_api' retrieved from /home/airflow/.local/lib/python3.12/site-packages/airflow/example_dags/tutorial_taskflow_api.py
[2024-09-12T15:58:01.628+0000] {logging_mixin.py:190} INFO - [2024-09-12T15:58:01.628+0000] {dag.py:3211} INFO - Sync 1 DAGs
[2024-09-12T15:58:01.898+0000] {logging_mixin.py:190} INFO - [2024-09-12T15:58:01.897+0000] {dag.py:4138} INFO - Setting next_dagrun for tutorial_taskflow_api to None, run_after=None
[2024-09-12T15:58:02.137+0000] {processor.py:208} INFO - Processing /home/airflow/.local/lib/python3.12/site-packages/airflow/example_dags/tutorial_taskflow_api.py took 1.150 seconds
[2024-09-12T15:59:21.219+0000] {processor.py:186} INFO - Started process (PID=3016) to work on /home/airflow/.local/lib/python3.12/site-packages/airflow/example_dags/tutorial_taskflow_api.py
[2024-09-12T15:59:21.231+0000] {processor.py:914} INFO - Processing file /home/airflow/.local/lib/python3.12/site-packages/airflow/example_dags/tutorial_taskflow_api.py for tasks to queue
[2024-09-12T15:59:21.261+0000] {logging_mixin.py:190} INFO - [2024-09-12T15:59:21.256+0000] {dagbag.py:587} INFO - Filling up the DagBag from /home/airflow/.local/lib/python3.12/site-packages/airflow/example_dags/tutorial_taskflow_api.py
[2024-09-12T15:59:21.351+0000] {processor.py:925} INFO - DAG(s) 'tutorial_taskflow_api' retrieved from /home/airflow/.local/lib/python3.12/site-packages/airflow/example_dags/tutorial_taskflow_api.py
[2024-09-12T15:59:21.496+0000] {logging_mixin.py:190} INFO - [2024-09-12T15:59:21.495+0000] {dag.py:3211} INFO - Sync 1 DAGs
[2024-09-12T15:59:21.646+0000] {logging_mixin.py:190} INFO - [2024-09-12T15:59:21.644+0000] {dag.py:4138} INFO - Setting next_dagrun for tutorial_taskflow_api to None, run_after=None
[2024-09-12T15:59:21.803+0000] {processor.py:208} INFO - Processing /home/airflow/.local/lib/python3.12/site-packages/airflow/example_dags/tutorial_taskflow_api.py took 0.654 seconds
[2024-09-12T16:00:20.568+0000] {processor.py:186} INFO - Started process (PID=3092) to work on /home/airflow/.local/lib/python3.12/site-packages/airflow/example_dags/tutorial_taskflow_api.py
[2024-09-12T16:00:20.570+0000] {processor.py:914} INFO - Processing file /home/airflow/.local/lib/python3.12/site-packages/airflow/example_dags/tutorial_taskflow_api.py for tasks to queue
[2024-09-12T16:00:20.576+0000] {logging_mixin.py:190} INFO - [2024-09-12T16:00:20.575+0000] {dagbag.py:587} INFO - Filling up the DagBag from /home/airflow/.local/lib/python3.12/site-packages/airflow/example_dags/tutorial_taskflow_api.py
[2024-09-12T16:00:20.627+0000] {processor.py:925} INFO - DAG(s) 'tutorial_taskflow_api' retrieved from /home/airflow/.local/lib/python3.12/site-packages/airflow/example_dags/tutorial_taskflow_api.py
[2024-09-12T16:00:20.773+0000] {logging_mixin.py:190} INFO - [2024-09-12T16:00:20.772+0000] {dag.py:3211} INFO - Sync 1 DAGs
[2024-09-12T16:00:20.867+0000] {logging_mixin.py:190} INFO - [2024-09-12T16:00:20.866+0000] {dag.py:4138} INFO - Setting next_dagrun for tutorial_taskflow_api to None, run_after=None
[2024-09-12T16:00:21.022+0000] {processor.py:208} INFO - Processing /home/airflow/.local/lib/python3.12/site-packages/airflow/example_dags/tutorial_taskflow_api.py took 0.486 seconds
[2024-09-12T16:00:57.896+0000] {processor.py:186} INFO - Started process (PID=3151) to work on /home/airflow/.local/lib/python3.12/site-packages/airflow/example_dags/tutorial_taskflow_api.py
[2024-09-12T16:00:57.898+0000] {processor.py:914} INFO - Processing file /home/airflow/.local/lib/python3.12/site-packages/airflow/example_dags/tutorial_taskflow_api.py for tasks to queue
[2024-09-12T16:00:57.903+0000] {logging_mixin.py:190} INFO - [2024-09-12T16:00:57.902+0000] {dagbag.py:587} INFO - Filling up the DagBag from /home/airflow/.local/lib/python3.12/site-packages/airflow/example_dags/tutorial_taskflow_api.py
[2024-09-12T16:00:57.951+0000] {processor.py:925} INFO - DAG(s) 'tutorial_taskflow_api' retrieved from /home/airflow/.local/lib/python3.12/site-packages/airflow/example_dags/tutorial_taskflow_api.py
[2024-09-12T16:00:58.017+0000] {logging_mixin.py:190} INFO - [2024-09-12T16:00:58.017+0000] {dag.py:3211} INFO - Sync 1 DAGs
[2024-09-12T16:00:58.073+0000] {logging_mixin.py:190} INFO - [2024-09-12T16:00:58.073+0000] {dag.py:4138} INFO - Setting next_dagrun for tutorial_taskflow_api to None, run_after=None
[2024-09-12T16:00:58.145+0000] {processor.py:208} INFO - Processing /home/airflow/.local/lib/python3.12/site-packages/airflow/example_dags/tutorial_taskflow_api.py took 0.280 seconds
[2024-09-12T16:01:59.336+0000] {processor.py:186} INFO - Started process (PID=3221) to work on /home/airflow/.local/lib/python3.12/site-packages/airflow/example_dags/tutorial_taskflow_api.py
[2024-09-12T16:01:59.380+0000] {processor.py:914} INFO - Processing file /home/airflow/.local/lib/python3.12/site-packages/airflow/example_dags/tutorial_taskflow_api.py for tasks to queue
[2024-09-12T16:01:59.384+0000] {logging_mixin.py:190} INFO - [2024-09-12T16:01:59.383+0000] {dagbag.py:587} INFO - Filling up the DagBag from /home/airflow/.local/lib/python3.12/site-packages/airflow/example_dags/tutorial_taskflow_api.py
[2024-09-12T16:01:59.635+0000] {processor.py:925} INFO - DAG(s) 'tutorial_taskflow_api' retrieved from /home/airflow/.local/lib/python3.12/site-packages/airflow/example_dags/tutorial_taskflow_api.py
[2024-09-12T16:01:59.884+0000] {logging_mixin.py:190} INFO - [2024-09-12T16:01:59.883+0000] {dag.py:3211} INFO - Sync 1 DAGs
[2024-09-12T16:02:00.053+0000] {logging_mixin.py:190} INFO - [2024-09-12T16:02:00.050+0000] {dag.py:4138} INFO - Setting next_dagrun for tutorial_taskflow_api to None, run_after=None
[2024-09-12T16:02:02.070+0000] {processor.py:208} INFO - Processing /home/airflow/.local/lib/python3.12/site-packages/airflow/example_dags/tutorial_taskflow_api.py took 2.821 seconds
[2024-09-12T16:03:30.330+0000] {processor.py:186} INFO - Started process (PID=3316) to work on /home/airflow/.local/lib/python3.12/site-packages/airflow/example_dags/tutorial_taskflow_api.py
[2024-09-12T16:03:30.358+0000] {processor.py:914} INFO - Processing file /home/airflow/.local/lib/python3.12/site-packages/airflow/example_dags/tutorial_taskflow_api.py for tasks to queue
[2024-09-12T16:03:30.362+0000] {logging_mixin.py:190} INFO - [2024-09-12T16:03:30.361+0000] {dagbag.py:587} INFO - Filling up the DagBag from /home/airflow/.local/lib/python3.12/site-packages/airflow/example_dags/tutorial_taskflow_api.py
[2024-09-12T16:03:30.443+0000] {processor.py:925} INFO - DAG(s) 'tutorial_taskflow_api' retrieved from /home/airflow/.local/lib/python3.12/site-packages/airflow/example_dags/tutorial_taskflow_api.py
[2024-09-12T16:03:30.712+0000] {logging_mixin.py:190} INFO - [2024-09-12T16:03:30.710+0000] {dag.py:3211} INFO - Sync 1 DAGs
[2024-09-12T16:03:30.841+0000] {logging_mixin.py:190} INFO - [2024-09-12T16:03:30.840+0000] {dag.py:4138} INFO - Setting next_dagrun for tutorial_taskflow_api to None, run_after=None
[2024-09-12T16:03:31.027+0000] {processor.py:208} INFO - Processing /home/airflow/.local/lib/python3.12/site-packages/airflow/example_dags/tutorial_taskflow_api.py took 0.730 seconds
[2024-09-12T16:04:13.772+0000] {processor.py:186} INFO - Started process (PID=3386) to work on /home/airflow/.local/lib/python3.12/site-packages/airflow/example_dags/tutorial_taskflow_api.py
[2024-09-12T16:04:13.776+0000] {processor.py:914} INFO - Processing file /home/airflow/.local/lib/python3.12/site-packages/airflow/example_dags/tutorial_taskflow_api.py for tasks to queue
[2024-09-12T16:04:13.793+0000] {logging_mixin.py:190} INFO - [2024-09-12T16:04:13.792+0000] {dagbag.py:587} INFO - Filling up the DagBag from /home/airflow/.local/lib/python3.12/site-packages/airflow/example_dags/tutorial_taskflow_api.py
[2024-09-12T16:04:13.855+0000] {processor.py:925} INFO - DAG(s) 'tutorial_taskflow_api' retrieved from /home/airflow/.local/lib/python3.12/site-packages/airflow/example_dags/tutorial_taskflow_api.py
[2024-09-12T16:04:13.932+0000] {logging_mixin.py:190} INFO - [2024-09-12T16:04:13.932+0000] {dag.py:3211} INFO - Sync 1 DAGs
[2024-09-12T16:04:14.010+0000] {logging_mixin.py:190} INFO - [2024-09-12T16:04:14.008+0000] {dag.py:4138} INFO - Setting next_dagrun for tutorial_taskflow_api to None, run_after=None
[2024-09-12T16:04:14.747+0000] {processor.py:208} INFO - Processing /home/airflow/.local/lib/python3.12/site-packages/airflow/example_dags/tutorial_taskflow_api.py took 1.007 seconds
[2024-09-12T16:06:03.232+0000] {processor.py:186} INFO - Started process (PID=3465) to work on /home/airflow/.local/lib/python3.12/site-packages/airflow/example_dags/tutorial_taskflow_api.py
[2024-09-12T16:06:03.237+0000] {processor.py:914} INFO - Processing file /home/airflow/.local/lib/python3.12/site-packages/airflow/example_dags/tutorial_taskflow_api.py for tasks to queue
[2024-09-12T16:06:03.241+0000] {logging_mixin.py:190} INFO - [2024-09-12T16:06:03.240+0000] {dagbag.py:587} INFO - Filling up the DagBag from /home/airflow/.local/lib/python3.12/site-packages/airflow/example_dags/tutorial_taskflow_api.py
[2024-09-12T16:06:03.306+0000] {processor.py:925} INFO - DAG(s) 'tutorial_taskflow_api' retrieved from /home/airflow/.local/lib/python3.12/site-packages/airflow/example_dags/tutorial_taskflow_api.py
[2024-09-12T16:06:04.785+0000] {logging_mixin.py:190} INFO - [2024-09-12T16:06:04.785+0000] {dag.py:3211} INFO - Sync 1 DAGs
[2024-09-12T16:06:04.854+0000] {logging_mixin.py:190} INFO - [2024-09-12T16:06:04.854+0000] {dag.py:4138} INFO - Setting next_dagrun for tutorial_taskflow_api to None, run_after=None
[2024-09-12T16:06:04.993+0000] {processor.py:208} INFO - Processing /home/airflow/.local/lib/python3.12/site-packages/airflow/example_dags/tutorial_taskflow_api.py took 1.807 seconds
[2024-09-12T16:07:44.962+0000] {processor.py:186} INFO - Started process (PID=3548) to work on /home/airflow/.local/lib/python3.12/site-packages/airflow/example_dags/tutorial_taskflow_api.py
[2024-09-12T16:07:44.992+0000] {processor.py:914} INFO - Processing file /home/airflow/.local/lib/python3.12/site-packages/airflow/example_dags/tutorial_taskflow_api.py for tasks to queue
[2024-09-12T16:07:45.044+0000] {logging_mixin.py:190} INFO - [2024-09-12T16:07:45.043+0000] {dagbag.py:587} INFO - Filling up the DagBag from /home/airflow/.local/lib/python3.12/site-packages/airflow/example_dags/tutorial_taskflow_api.py
[2024-09-12T16:07:45.370+0000] {processor.py:925} INFO - DAG(s) 'tutorial_taskflow_api' retrieved from /home/airflow/.local/lib/python3.12/site-packages/airflow/example_dags/tutorial_taskflow_api.py
[2024-09-12T16:07:45.760+0000] {logging_mixin.py:190} INFO - [2024-09-12T16:07:45.759+0000] {dag.py:3211} INFO - Sync 1 DAGs
[2024-09-12T16:07:46.222+0000] {logging_mixin.py:190} INFO - [2024-09-12T16:07:46.194+0000] {dag.py:4138} INFO - Setting next_dagrun for tutorial_taskflow_api to None, run_after=None
[2024-09-12T16:07:46.481+0000] {processor.py:208} INFO - Processing /home/airflow/.local/lib/python3.12/site-packages/airflow/example_dags/tutorial_taskflow_api.py took 1.565 seconds
[2024-09-12T16:08:48.929+0000] {processor.py:186} INFO - Started process (PID=3625) to work on /home/airflow/.local/lib/python3.12/site-packages/airflow/example_dags/tutorial_taskflow_api.py
[2024-09-12T16:08:48.941+0000] {processor.py:914} INFO - Processing file /home/airflow/.local/lib/python3.12/site-packages/airflow/example_dags/tutorial_taskflow_api.py for tasks to queue
[2024-09-12T16:08:48.966+0000] {logging_mixin.py:190} INFO - [2024-09-12T16:08:48.965+0000] {dagbag.py:587} INFO - Filling up the DagBag from /home/airflow/.local/lib/python3.12/site-packages/airflow/example_dags/tutorial_taskflow_api.py
[2024-09-12T16:08:49.072+0000] {processor.py:925} INFO - DAG(s) 'tutorial_taskflow_api' retrieved from /home/airflow/.local/lib/python3.12/site-packages/airflow/example_dags/tutorial_taskflow_api.py
[2024-09-12T16:08:49.293+0000] {logging_mixin.py:190} INFO - [2024-09-12T16:08:49.292+0000] {dag.py:3211} INFO - Sync 1 DAGs
[2024-09-12T16:08:49.477+0000] {logging_mixin.py:190} INFO - [2024-09-12T16:08:49.475+0000] {dag.py:4138} INFO - Setting next_dagrun for tutorial_taskflow_api to None, run_after=None
[2024-09-12T16:08:49.671+0000] {processor.py:208} INFO - Processing /home/airflow/.local/lib/python3.12/site-packages/airflow/example_dags/tutorial_taskflow_api.py took 0.813 seconds
[2024-09-12T16:09:20.217+0000] {processor.py:186} INFO - Started process (PID=3687) to work on /home/airflow/.local/lib/python3.12/site-packages/airflow/example_dags/tutorial_taskflow_api.py
[2024-09-12T16:09:20.227+0000] {processor.py:914} INFO - Processing file /home/airflow/.local/lib/python3.12/site-packages/airflow/example_dags/tutorial_taskflow_api.py for tasks to queue
[2024-09-12T16:09:20.230+0000] {logging_mixin.py:190} INFO - [2024-09-12T16:09:20.229+0000] {dagbag.py:587} INFO - Filling up the DagBag from /home/airflow/.local/lib/python3.12/site-packages/airflow/example_dags/tutorial_taskflow_api.py
[2024-09-12T16:09:20.250+0000] {processor.py:925} INFO - DAG(s) 'tutorial_taskflow_api' retrieved from /home/airflow/.local/lib/python3.12/site-packages/airflow/example_dags/tutorial_taskflow_api.py
[2024-09-12T16:09:20.315+0000] {logging_mixin.py:190} INFO - [2024-09-12T16:09:20.315+0000] {dag.py:3211} INFO - Sync 1 DAGs
[2024-09-12T16:09:20.367+0000] {logging_mixin.py:190} INFO - [2024-09-12T16:09:20.367+0000] {dag.py:4138} INFO - Setting next_dagrun for tutorial_taskflow_api to None, run_after=None
[2024-09-12T16:09:20.441+0000] {processor.py:208} INFO - Processing /home/airflow/.local/lib/python3.12/site-packages/airflow/example_dags/tutorial_taskflow_api.py took 0.248 seconds
[2024-09-12T16:10:35.537+0000] {processor.py:186} INFO - Started process (PID=3756) to work on /home/airflow/.local/lib/python3.12/site-packages/airflow/example_dags/tutorial_taskflow_api.py
[2024-09-12T16:10:35.544+0000] {processor.py:914} INFO - Processing file /home/airflow/.local/lib/python3.12/site-packages/airflow/example_dags/tutorial_taskflow_api.py for tasks to queue
[2024-09-12T16:10:35.549+0000] {logging_mixin.py:190} INFO - [2024-09-12T16:10:35.548+0000] {dagbag.py:587} INFO - Filling up the DagBag from /home/airflow/.local/lib/python3.12/site-packages/airflow/example_dags/tutorial_taskflow_api.py
[2024-09-12T16:10:35.616+0000] {processor.py:925} INFO - DAG(s) 'tutorial_taskflow_api' retrieved from /home/airflow/.local/lib/python3.12/site-packages/airflow/example_dags/tutorial_taskflow_api.py
[2024-09-12T16:10:35.774+0000] {logging_mixin.py:190} INFO - [2024-09-12T16:10:35.773+0000] {dag.py:3211} INFO - Sync 1 DAGs
[2024-09-12T16:10:35.957+0000] {logging_mixin.py:190} INFO - [2024-09-12T16:10:35.957+0000] {dag.py:4138} INFO - Setting next_dagrun for tutorial_taskflow_api to None, run_after=None
[2024-09-12T16:10:36.113+0000] {processor.py:208} INFO - Processing /home/airflow/.local/lib/python3.12/site-packages/airflow/example_dags/tutorial_taskflow_api.py took 0.612 seconds
[2024-09-12T16:11:15.758+0000] {processor.py:186} INFO - Started process (PID=3822) to work on /home/airflow/.local/lib/python3.12/site-packages/airflow/example_dags/tutorial_taskflow_api.py
[2024-09-12T16:11:15.761+0000] {processor.py:914} INFO - Processing file /home/airflow/.local/lib/python3.12/site-packages/airflow/example_dags/tutorial_taskflow_api.py for tasks to queue
[2024-09-12T16:11:15.783+0000] {logging_mixin.py:190} INFO - [2024-09-12T16:11:15.782+0000] {dagbag.py:587} INFO - Filling up the DagBag from /home/airflow/.local/lib/python3.12/site-packages/airflow/example_dags/tutorial_taskflow_api.py
[2024-09-12T16:11:15.843+0000] {processor.py:925} INFO - DAG(s) 'tutorial_taskflow_api' retrieved from /home/airflow/.local/lib/python3.12/site-packages/airflow/example_dags/tutorial_taskflow_api.py
[2024-09-12T16:11:15.954+0000] {logging_mixin.py:190} INFO - [2024-09-12T16:11:15.949+0000] {dag.py:3211} INFO - Sync 1 DAGs
[2024-09-12T16:11:16.101+0000] {logging_mixin.py:190} INFO - [2024-09-12T16:11:16.099+0000] {dag.py:4138} INFO - Setting next_dagrun for tutorial_taskflow_api to None, run_after=None
[2024-09-12T16:11:16.182+0000] {processor.py:208} INFO - Processing /home/airflow/.local/lib/python3.12/site-packages/airflow/example_dags/tutorial_taskflow_api.py took 0.464 seconds
[2024-09-12T16:12:17.128+0000] {processor.py:186} INFO - Started process (PID=3891) to work on /home/airflow/.local/lib/python3.12/site-packages/airflow/example_dags/tutorial_taskflow_api.py
[2024-09-12T16:12:17.140+0000] {processor.py:914} INFO - Processing file /home/airflow/.local/lib/python3.12/site-packages/airflow/example_dags/tutorial_taskflow_api.py for tasks to queue
[2024-09-12T16:12:17.147+0000] {logging_mixin.py:190} INFO - [2024-09-12T16:12:17.146+0000] {dagbag.py:587} INFO - Filling up the DagBag from /home/airflow/.local/lib/python3.12/site-packages/airflow/example_dags/tutorial_taskflow_api.py
[2024-09-12T16:12:17.265+0000] {processor.py:925} INFO - DAG(s) 'tutorial_taskflow_api' retrieved from /home/airflow/.local/lib/python3.12/site-packages/airflow/example_dags/tutorial_taskflow_api.py
[2024-09-12T16:12:17.678+0000] {logging_mixin.py:190} INFO - [2024-09-12T16:12:17.667+0000] {dag.py:3211} INFO - Sync 1 DAGs
[2024-09-12T16:12:17.998+0000] {logging_mixin.py:190} INFO - [2024-09-12T16:12:17.998+0000] {dag.py:4138} INFO - Setting next_dagrun for tutorial_taskflow_api to None, run_after=None
[2024-09-12T16:12:18.432+0000] {processor.py:208} INFO - Processing /home/airflow/.local/lib/python3.12/site-packages/airflow/example_dags/tutorial_taskflow_api.py took 1.433 seconds
[2024-09-12T16:12:52.379+0000] {processor.py:186} INFO - Started process (PID=3960) to work on /home/airflow/.local/lib/python3.12/site-packages/airflow/example_dags/tutorial_taskflow_api.py
[2024-09-12T16:12:52.383+0000] {processor.py:914} INFO - Processing file /home/airflow/.local/lib/python3.12/site-packages/airflow/example_dags/tutorial_taskflow_api.py for tasks to queue
[2024-09-12T16:12:52.390+0000] {logging_mixin.py:190} INFO - [2024-09-12T16:12:52.389+0000] {dagbag.py:587} INFO - Filling up the DagBag from /home/airflow/.local/lib/python3.12/site-packages/airflow/example_dags/tutorial_taskflow_api.py
[2024-09-12T16:12:52.456+0000] {processor.py:925} INFO - DAG(s) 'tutorial_taskflow_api' retrieved from /home/airflow/.local/lib/python3.12/site-packages/airflow/example_dags/tutorial_taskflow_api.py
[2024-09-12T16:12:52.559+0000] {logging_mixin.py:190} INFO - [2024-09-12T16:12:52.558+0000] {dag.py:3211} INFO - Sync 1 DAGs
[2024-09-12T16:12:52.646+0000] {logging_mixin.py:190} INFO - [2024-09-12T16:12:52.645+0000] {dag.py:4138} INFO - Setting next_dagrun for tutorial_taskflow_api to None, run_after=None
[2024-09-12T16:12:52.818+0000] {processor.py:208} INFO - Processing /home/airflow/.local/lib/python3.12/site-packages/airflow/example_dags/tutorial_taskflow_api.py took 0.465 seconds
[2024-09-12T16:13:50.633+0000] {processor.py:186} INFO - Started process (PID=4022) to work on /home/airflow/.local/lib/python3.12/site-packages/airflow/example_dags/tutorial_taskflow_api.py
[2024-09-12T16:13:50.653+0000] {processor.py:914} INFO - Processing file /home/airflow/.local/lib/python3.12/site-packages/airflow/example_dags/tutorial_taskflow_api.py for tasks to queue
[2024-09-12T16:13:50.670+0000] {logging_mixin.py:190} INFO - [2024-09-12T16:13:50.669+0000] {dagbag.py:587} INFO - Filling up the DagBag from /home/airflow/.local/lib/python3.12/site-packages/airflow/example_dags/tutorial_taskflow_api.py
[2024-09-12T16:13:50.737+0000] {processor.py:925} INFO - DAG(s) 'tutorial_taskflow_api' retrieved from /home/airflow/.local/lib/python3.12/site-packages/airflow/example_dags/tutorial_taskflow_api.py
[2024-09-12T16:13:51.112+0000] {logging_mixin.py:190} INFO - [2024-09-12T16:13:51.111+0000] {dag.py:3211} INFO - Sync 1 DAGs
[2024-09-12T16:13:51.246+0000] {logging_mixin.py:190} INFO - [2024-09-12T16:13:51.245+0000] {dag.py:4138} INFO - Setting next_dagrun for tutorial_taskflow_api to None, run_after=None
[2024-09-12T16:13:51.446+0000] {processor.py:208} INFO - Processing /home/airflow/.local/lib/python3.12/site-packages/airflow/example_dags/tutorial_taskflow_api.py took 0.867 seconds
[2024-09-12T16:14:43.095+0000] {processor.py:186} INFO - Started process (PID=4088) to work on /home/airflow/.local/lib/python3.12/site-packages/airflow/example_dags/tutorial_taskflow_api.py
[2024-09-12T16:14:43.108+0000] {processor.py:914} INFO - Processing file /home/airflow/.local/lib/python3.12/site-packages/airflow/example_dags/tutorial_taskflow_api.py for tasks to queue
[2024-09-12T16:14:43.128+0000] {logging_mixin.py:190} INFO - [2024-09-12T16:14:43.127+0000] {dagbag.py:587} INFO - Filling up the DagBag from /home/airflow/.local/lib/python3.12/site-packages/airflow/example_dags/tutorial_taskflow_api.py
[2024-09-12T16:14:43.179+0000] {processor.py:925} INFO - DAG(s) 'tutorial_taskflow_api' retrieved from /home/airflow/.local/lib/python3.12/site-packages/airflow/example_dags/tutorial_taskflow_api.py
[2024-09-12T16:14:43.285+0000] {logging_mixin.py:190} INFO - [2024-09-12T16:14:43.285+0000] {dag.py:3211} INFO - Sync 1 DAGs
[2024-09-12T16:14:43.393+0000] {logging_mixin.py:190} INFO - [2024-09-12T16:14:43.390+0000] {dag.py:4138} INFO - Setting next_dagrun for tutorial_taskflow_api to None, run_after=None
[2024-09-12T16:14:43.552+0000] {processor.py:208} INFO - Processing /home/airflow/.local/lib/python3.12/site-packages/airflow/example_dags/tutorial_taskflow_api.py took 0.484 seconds
[2024-09-12T16:15:13.934+0000] {processor.py:186} INFO - Started process (PID=4152) to work on /home/airflow/.local/lib/python3.12/site-packages/airflow/example_dags/tutorial_taskflow_api.py
[2024-09-12T16:15:13.936+0000] {processor.py:914} INFO - Processing file /home/airflow/.local/lib/python3.12/site-packages/airflow/example_dags/tutorial_taskflow_api.py for tasks to queue
[2024-09-12T16:15:13.939+0000] {logging_mixin.py:190} INFO - [2024-09-12T16:15:13.938+0000] {dagbag.py:587} INFO - Filling up the DagBag from /home/airflow/.local/lib/python3.12/site-packages/airflow/example_dags/tutorial_taskflow_api.py
[2024-09-12T16:15:13.971+0000] {processor.py:925} INFO - DAG(s) 'tutorial_taskflow_api' retrieved from /home/airflow/.local/lib/python3.12/site-packages/airflow/example_dags/tutorial_taskflow_api.py
[2024-09-12T16:15:14.028+0000] {logging_mixin.py:190} INFO - [2024-09-12T16:15:14.028+0000] {dag.py:3211} INFO - Sync 1 DAGs
[2024-09-12T16:15:14.070+0000] {logging_mixin.py:190} INFO - [2024-09-12T16:15:14.070+0000] {dag.py:4138} INFO - Setting next_dagrun for tutorial_taskflow_api to None, run_after=None
[2024-09-12T16:15:14.145+0000] {processor.py:208} INFO - Processing /home/airflow/.local/lib/python3.12/site-packages/airflow/example_dags/tutorial_taskflow_api.py took 0.235 seconds
[2024-09-12T16:15:46.212+0000] {processor.py:186} INFO - Started process (PID=4222) to work on /home/airflow/.local/lib/python3.12/site-packages/airflow/example_dags/tutorial_taskflow_api.py
[2024-09-12T16:15:46.214+0000] {processor.py:914} INFO - Processing file /home/airflow/.local/lib/python3.12/site-packages/airflow/example_dags/tutorial_taskflow_api.py for tasks to queue
[2024-09-12T16:15:46.218+0000] {logging_mixin.py:190} INFO - [2024-09-12T16:15:46.217+0000] {dagbag.py:587} INFO - Filling up the DagBag from /home/airflow/.local/lib/python3.12/site-packages/airflow/example_dags/tutorial_taskflow_api.py
[2024-09-12T16:15:46.260+0000] {processor.py:925} INFO - DAG(s) 'tutorial_taskflow_api' retrieved from /home/airflow/.local/lib/python3.12/site-packages/airflow/example_dags/tutorial_taskflow_api.py
[2024-09-12T16:15:46.425+0000] {logging_mixin.py:190} INFO - [2024-09-12T16:15:46.425+0000] {dag.py:3211} INFO - Sync 1 DAGs
[2024-09-12T16:15:46.541+0000] {logging_mixin.py:190} INFO - [2024-09-12T16:15:46.540+0000] {dag.py:4138} INFO - Setting next_dagrun for tutorial_taskflow_api to None, run_after=None
[2024-09-12T16:15:46.634+0000] {processor.py:208} INFO - Processing /home/airflow/.local/lib/python3.12/site-packages/airflow/example_dags/tutorial_taskflow_api.py took 0.463 seconds
[2024-09-12T16:16:37.382+0000] {processor.py:186} INFO - Started process (PID=4292) to work on /home/airflow/.local/lib/python3.12/site-packages/airflow/example_dags/tutorial_taskflow_api.py
[2024-09-12T16:16:37.393+0000] {processor.py:914} INFO - Processing file /home/airflow/.local/lib/python3.12/site-packages/airflow/example_dags/tutorial_taskflow_api.py for tasks to queue
[2024-09-12T16:16:37.398+0000] {logging_mixin.py:190} INFO - [2024-09-12T16:16:37.396+0000] {dagbag.py:587} INFO - Filling up the DagBag from /home/airflow/.local/lib/python3.12/site-packages/airflow/example_dags/tutorial_taskflow_api.py
[2024-09-12T16:16:37.445+0000] {processor.py:925} INFO - DAG(s) 'tutorial_taskflow_api' retrieved from /home/airflow/.local/lib/python3.12/site-packages/airflow/example_dags/tutorial_taskflow_api.py
[2024-09-12T16:16:37.593+0000] {logging_mixin.py:190} INFO - [2024-09-12T16:16:37.592+0000] {dag.py:3211} INFO - Sync 1 DAGs
[2024-09-12T16:16:37.756+0000] {logging_mixin.py:190} INFO - [2024-09-12T16:16:37.755+0000] {dag.py:4138} INFO - Setting next_dagrun for tutorial_taskflow_api to None, run_after=None
[2024-09-12T16:16:37.886+0000] {processor.py:208} INFO - Processing /home/airflow/.local/lib/python3.12/site-packages/airflow/example_dags/tutorial_taskflow_api.py took 0.521 seconds
[2024-09-12T16:17:29.539+0000] {processor.py:186} INFO - Started process (PID=4357) to work on /home/airflow/.local/lib/python3.12/site-packages/airflow/example_dags/tutorial_taskflow_api.py
[2024-09-12T16:17:29.543+0000] {processor.py:914} INFO - Processing file /home/airflow/.local/lib/python3.12/site-packages/airflow/example_dags/tutorial_taskflow_api.py for tasks to queue
[2024-09-12T16:17:29.548+0000] {logging_mixin.py:190} INFO - [2024-09-12T16:17:29.547+0000] {dagbag.py:587} INFO - Filling up the DagBag from /home/airflow/.local/lib/python3.12/site-packages/airflow/example_dags/tutorial_taskflow_api.py
[2024-09-12T16:17:29.677+0000] {processor.py:925} INFO - DAG(s) 'tutorial_taskflow_api' retrieved from /home/airflow/.local/lib/python3.12/site-packages/airflow/example_dags/tutorial_taskflow_api.py
[2024-09-12T16:17:29.752+0000] {logging_mixin.py:190} INFO - [2024-09-12T16:17:29.752+0000] {dag.py:3211} INFO - Sync 1 DAGs
[2024-09-12T16:17:29.859+0000] {logging_mixin.py:190} INFO - [2024-09-12T16:17:29.859+0000] {dag.py:4138} INFO - Setting next_dagrun for tutorial_taskflow_api to None, run_after=None
[2024-09-12T16:17:29.975+0000] {processor.py:208} INFO - Processing /home/airflow/.local/lib/python3.12/site-packages/airflow/example_dags/tutorial_taskflow_api.py took 0.477 seconds
[2024-09-12T16:18:00.757+0000] {processor.py:186} INFO - Started process (PID=4418) to work on /home/airflow/.local/lib/python3.12/site-packages/airflow/example_dags/tutorial_taskflow_api.py
[2024-09-12T16:18:00.774+0000] {processor.py:914} INFO - Processing file /home/airflow/.local/lib/python3.12/site-packages/airflow/example_dags/tutorial_taskflow_api.py for tasks to queue
[2024-09-12T16:18:00.777+0000] {logging_mixin.py:190} INFO - [2024-09-12T16:18:00.777+0000] {dagbag.py:587} INFO - Filling up the DagBag from /home/airflow/.local/lib/python3.12/site-packages/airflow/example_dags/tutorial_taskflow_api.py
[2024-09-12T16:18:00.859+0000] {processor.py:925} INFO - DAG(s) 'tutorial_taskflow_api' retrieved from /home/airflow/.local/lib/python3.12/site-packages/airflow/example_dags/tutorial_taskflow_api.py
[2024-09-12T16:18:00.960+0000] {logging_mixin.py:190} INFO - [2024-09-12T16:18:00.959+0000] {dag.py:3211} INFO - Sync 1 DAGs
[2024-09-12T16:18:01.042+0000] {logging_mixin.py:190} INFO - [2024-09-12T16:18:01.042+0000] {dag.py:4138} INFO - Setting next_dagrun for tutorial_taskflow_api to None, run_after=None
[2024-09-12T16:18:01.151+0000] {processor.py:208} INFO - Processing /home/airflow/.local/lib/python3.12/site-packages/airflow/example_dags/tutorial_taskflow_api.py took 0.458 seconds
[2024-09-12T16:18:41.837+0000] {processor.py:186} INFO - Started process (PID=4469) to work on /home/airflow/.local/lib/python3.12/site-packages/airflow/example_dags/tutorial_taskflow_api.py
[2024-09-12T16:18:41.839+0000] {processor.py:914} INFO - Processing file /home/airflow/.local/lib/python3.12/site-packages/airflow/example_dags/tutorial_taskflow_api.py for tasks to queue
[2024-09-12T16:18:41.843+0000] {logging_mixin.py:190} INFO - [2024-09-12T16:18:41.842+0000] {dagbag.py:587} INFO - Filling up the DagBag from /home/airflow/.local/lib/python3.12/site-packages/airflow/example_dags/tutorial_taskflow_api.py
[2024-09-12T16:18:41.898+0000] {processor.py:925} INFO - DAG(s) 'tutorial_taskflow_api' retrieved from /home/airflow/.local/lib/python3.12/site-packages/airflow/example_dags/tutorial_taskflow_api.py
[2024-09-12T16:18:42.005+0000] {logging_mixin.py:190} INFO - [2024-09-12T16:18:42.005+0000] {dag.py:3211} INFO - Sync 1 DAGs
[2024-09-12T16:18:42.077+0000] {logging_mixin.py:190} INFO - [2024-09-12T16:18:42.074+0000] {dag.py:4138} INFO - Setting next_dagrun for tutorial_taskflow_api to None, run_after=None
[2024-09-12T16:18:42.201+0000] {processor.py:208} INFO - Processing /home/airflow/.local/lib/python3.12/site-packages/airflow/example_dags/tutorial_taskflow_api.py took 0.396 seconds
[2024-09-12T16:19:21.709+0000] {processor.py:186} INFO - Started process (PID=4542) to work on /home/airflow/.local/lib/python3.12/site-packages/airflow/example_dags/tutorial_taskflow_api.py
[2024-09-12T16:19:21.724+0000] {processor.py:914} INFO - Processing file /home/airflow/.local/lib/python3.12/site-packages/airflow/example_dags/tutorial_taskflow_api.py for tasks to queue
[2024-09-12T16:19:21.736+0000] {logging_mixin.py:190} INFO - [2024-09-12T16:19:21.734+0000] {dagbag.py:587} INFO - Filling up the DagBag from /home/airflow/.local/lib/python3.12/site-packages/airflow/example_dags/tutorial_taskflow_api.py
[2024-09-12T16:19:21.859+0000] {processor.py:925} INFO - DAG(s) 'tutorial_taskflow_api' retrieved from /home/airflow/.local/lib/python3.12/site-packages/airflow/example_dags/tutorial_taskflow_api.py
[2024-09-12T16:19:22.283+0000] {logging_mixin.py:190} INFO - [2024-09-12T16:19:22.283+0000] {dag.py:3211} INFO - Sync 1 DAGs
[2024-09-12T16:19:22.452+0000] {logging_mixin.py:190} INFO - [2024-09-12T16:19:22.451+0000] {dag.py:4138} INFO - Setting next_dagrun for tutorial_taskflow_api to None, run_after=None
[2024-09-12T16:19:22.634+0000] {processor.py:208} INFO - Processing /home/airflow/.local/lib/python3.12/site-packages/airflow/example_dags/tutorial_taskflow_api.py took 0.981 seconds
[2024-09-12T16:19:58.978+0000] {processor.py:186} INFO - Started process (PID=4611) to work on /home/airflow/.local/lib/python3.12/site-packages/airflow/example_dags/tutorial_taskflow_api.py
[2024-09-12T16:19:58.990+0000] {processor.py:914} INFO - Processing file /home/airflow/.local/lib/python3.12/site-packages/airflow/example_dags/tutorial_taskflow_api.py for tasks to queue
[2024-09-12T16:19:58.993+0000] {logging_mixin.py:190} INFO - [2024-09-12T16:19:58.992+0000] {dagbag.py:587} INFO - Filling up the DagBag from /home/airflow/.local/lib/python3.12/site-packages/airflow/example_dags/tutorial_taskflow_api.py
[2024-09-12T16:19:59.076+0000] {processor.py:925} INFO - DAG(s) 'tutorial_taskflow_api' retrieved from /home/airflow/.local/lib/python3.12/site-packages/airflow/example_dags/tutorial_taskflow_api.py
[2024-09-12T16:19:59.244+0000] {logging_mixin.py:190} INFO - [2024-09-12T16:19:59.243+0000] {dag.py:3211} INFO - Sync 1 DAGs
[2024-09-12T16:19:59.394+0000] {logging_mixin.py:190} INFO - [2024-09-12T16:19:59.393+0000] {dag.py:4138} INFO - Setting next_dagrun for tutorial_taskflow_api to None, run_after=None
[2024-09-12T16:19:59.542+0000] {processor.py:208} INFO - Processing /home/airflow/.local/lib/python3.12/site-packages/airflow/example_dags/tutorial_taskflow_api.py took 0.600 seconds
[2024-09-12T16:20:57.528+0000] {processor.py:186} INFO - Started process (PID=4683) to work on /home/airflow/.local/lib/python3.12/site-packages/airflow/example_dags/tutorial_taskflow_api.py
[2024-09-12T16:20:57.535+0000] {processor.py:914} INFO - Processing file /home/airflow/.local/lib/python3.12/site-packages/airflow/example_dags/tutorial_taskflow_api.py for tasks to queue
[2024-09-12T16:20:57.542+0000] {logging_mixin.py:190} INFO - [2024-09-12T16:20:57.541+0000] {dagbag.py:587} INFO - Filling up the DagBag from /home/airflow/.local/lib/python3.12/site-packages/airflow/example_dags/tutorial_taskflow_api.py
[2024-09-12T16:20:57.630+0000] {processor.py:925} INFO - DAG(s) 'tutorial_taskflow_api' retrieved from /home/airflow/.local/lib/python3.12/site-packages/airflow/example_dags/tutorial_taskflow_api.py
[2024-09-12T16:20:57.807+0000] {logging_mixin.py:190} INFO - [2024-09-12T16:20:57.805+0000] {dag.py:3211} INFO - Sync 1 DAGs
[2024-09-12T16:20:57.891+0000] {logging_mixin.py:190} INFO - [2024-09-12T16:20:57.891+0000] {dag.py:4138} INFO - Setting next_dagrun for tutorial_taskflow_api to None, run_after=None
[2024-09-12T16:20:57.991+0000] {processor.py:208} INFO - Processing /home/airflow/.local/lib/python3.12/site-packages/airflow/example_dags/tutorial_taskflow_api.py took 0.528 seconds
[2024-09-12T16:22:13.942+0000] {processor.py:186} INFO - Started process (PID=4757) to work on /home/airflow/.local/lib/python3.12/site-packages/airflow/example_dags/tutorial_taskflow_api.py
[2024-09-12T16:22:13.945+0000] {processor.py:914} INFO - Processing file /home/airflow/.local/lib/python3.12/site-packages/airflow/example_dags/tutorial_taskflow_api.py for tasks to queue
[2024-09-12T16:22:13.952+0000] {logging_mixin.py:190} INFO - [2024-09-12T16:22:13.951+0000] {dagbag.py:587} INFO - Filling up the DagBag from /home/airflow/.local/lib/python3.12/site-packages/airflow/example_dags/tutorial_taskflow_api.py
[2024-09-12T16:22:14.002+0000] {processor.py:925} INFO - DAG(s) 'tutorial_taskflow_api' retrieved from /home/airflow/.local/lib/python3.12/site-packages/airflow/example_dags/tutorial_taskflow_api.py
[2024-09-12T16:22:14.108+0000] {logging_mixin.py:190} INFO - [2024-09-12T16:22:14.107+0000] {dag.py:3211} INFO - Sync 1 DAGs
[2024-09-12T16:22:14.193+0000] {logging_mixin.py:190} INFO - [2024-09-12T16:22:14.193+0000] {dag.py:4138} INFO - Setting next_dagrun for tutorial_taskflow_api to None, run_after=None
[2024-09-12T16:22:14.386+0000] {processor.py:208} INFO - Processing /home/airflow/.local/lib/python3.12/site-packages/airflow/example_dags/tutorial_taskflow_api.py took 0.488 seconds
[2024-09-12T16:22:57.944+0000] {processor.py:186} INFO - Started process (PID=4834) to work on /home/airflow/.local/lib/python3.12/site-packages/airflow/example_dags/tutorial_taskflow_api.py
[2024-09-12T16:22:57.950+0000] {processor.py:914} INFO - Processing file /home/airflow/.local/lib/python3.12/site-packages/airflow/example_dags/tutorial_taskflow_api.py for tasks to queue
[2024-09-12T16:22:57.955+0000] {logging_mixin.py:190} INFO - [2024-09-12T16:22:57.954+0000] {dagbag.py:587} INFO - Filling up the DagBag from /home/airflow/.local/lib/python3.12/site-packages/airflow/example_dags/tutorial_taskflow_api.py
[2024-09-12T16:22:57.997+0000] {processor.py:925} INFO - DAG(s) 'tutorial_taskflow_api' retrieved from /home/airflow/.local/lib/python3.12/site-packages/airflow/example_dags/tutorial_taskflow_api.py
[2024-09-12T16:22:58.092+0000] {logging_mixin.py:190} INFO - [2024-09-12T16:22:58.092+0000] {dag.py:3211} INFO - Sync 1 DAGs
[2024-09-12T16:22:58.164+0000] {logging_mixin.py:190} INFO - [2024-09-12T16:22:58.163+0000] {dag.py:4138} INFO - Setting next_dagrun for tutorial_taskflow_api to None, run_after=None
[2024-09-12T16:22:58.281+0000] {processor.py:208} INFO - Processing /home/airflow/.local/lib/python3.12/site-packages/airflow/example_dags/tutorial_taskflow_api.py took 0.366 seconds
