[2024-09-12T14:58:37.753+0000] {processor.py:186} INFO - Started process (PID=82) to work on /home/airflow/.local/lib/python3.12/site-packages/airflow/example_dags/tutorial.py
[2024-09-12T14:58:37.773+0000] {processor.py:914} INFO - Processing file /home/airflow/.local/lib/python3.12/site-packages/airflow/example_dags/tutorial.py for tasks to queue
[2024-09-12T14:58:37.782+0000] {logging_mixin.py:190} INFO - [2024-09-12T14:58:37.782+0000] {dagbag.py:587} INFO - Filling up the DagBag from /home/airflow/.local/lib/python3.12/site-packages/airflow/example_dags/tutorial.py
[2024-09-12T14:58:37.841+0000] {processor.py:925} INFO - DAG(s) 'tutorial' retrieved from /home/airflow/.local/lib/python3.12/site-packages/airflow/example_dags/tutorial.py
[2024-09-12T14:58:37.974+0000] {logging_mixin.py:190} INFO - [2024-09-12T14:58:37.974+0000] {dag.py:3211} INFO - Sync 1 DAGs
[2024-09-12T14:58:38.079+0000] {logging_mixin.py:190} INFO - [2024-09-12T14:58:38.079+0000] {dag.py:4138} INFO - Setting next_dagrun for tutorial to 2024-09-11 00:00:00+00:00, run_after=2024-09-12 00:00:00+00:00
[2024-09-12T14:58:38.202+0000] {processor.py:208} INFO - Processing /home/airflow/.local/lib/python3.12/site-packages/airflow/example_dags/tutorial.py took 0.470 seconds
[2024-09-12T14:59:35.090+0000] {processor.py:186} INFO - Started process (PID=157) to work on /home/airflow/.local/lib/python3.12/site-packages/airflow/example_dags/tutorial.py
[2024-09-12T14:59:35.110+0000] {processor.py:914} INFO - Processing file /home/airflow/.local/lib/python3.12/site-packages/airflow/example_dags/tutorial.py for tasks to queue
[2024-09-12T14:59:35.142+0000] {logging_mixin.py:190} INFO - [2024-09-12T14:59:35.142+0000] {dagbag.py:587} INFO - Filling up the DagBag from /home/airflow/.local/lib/python3.12/site-packages/airflow/example_dags/tutorial.py
[2024-09-12T14:59:35.210+0000] {processor.py:925} INFO - DAG(s) 'tutorial' retrieved from /home/airflow/.local/lib/python3.12/site-packages/airflow/example_dags/tutorial.py
[2024-09-12T14:59:35.397+0000] {logging_mixin.py:190} INFO - [2024-09-12T14:59:35.395+0000] {dag.py:3211} INFO - Sync 1 DAGs
[2024-09-12T14:59:35.651+0000] {logging_mixin.py:190} INFO - [2024-09-12T14:59:35.651+0000] {dag.py:4138} INFO - Setting next_dagrun for tutorial to 2024-09-11 00:00:00+00:00, run_after=2024-09-12 00:00:00+00:00
[2024-09-12T14:59:35.854+0000] {processor.py:208} INFO - Processing /home/airflow/.local/lib/python3.12/site-packages/airflow/example_dags/tutorial.py took 0.854 seconds
[2024-09-12T15:00:29.483+0000] {processor.py:186} INFO - Started process (PID=233) to work on /home/airflow/.local/lib/python3.12/site-packages/airflow/example_dags/tutorial.py
[2024-09-12T15:00:29.514+0000] {processor.py:914} INFO - Processing file /home/airflow/.local/lib/python3.12/site-packages/airflow/example_dags/tutorial.py for tasks to queue
[2024-09-12T15:00:29.532+0000] {logging_mixin.py:190} INFO - [2024-09-12T15:00:29.531+0000] {dagbag.py:587} INFO - Filling up the DagBag from /home/airflow/.local/lib/python3.12/site-packages/airflow/example_dags/tutorial.py
[2024-09-12T15:00:29.614+0000] {processor.py:925} INFO - DAG(s) 'tutorial' retrieved from /home/airflow/.local/lib/python3.12/site-packages/airflow/example_dags/tutorial.py
[2024-09-12T15:00:29.951+0000] {logging_mixin.py:190} INFO - [2024-09-12T15:00:29.950+0000] {dag.py:3211} INFO - Sync 1 DAGs
[2024-09-12T15:00:30.475+0000] {logging_mixin.py:190} INFO - [2024-09-12T15:00:30.460+0000] {dag.py:4138} INFO - Setting next_dagrun for tutorial to 2024-09-11 00:00:00+00:00, run_after=2024-09-12 00:00:00+00:00
[2024-09-12T15:00:30.688+0000] {processor.py:208} INFO - Processing /home/airflow/.local/lib/python3.12/site-packages/airflow/example_dags/tutorial.py took 1.310 seconds
[2024-09-12T15:01:46.429+0000] {processor.py:186} INFO - Started process (PID=305) to work on /home/airflow/.local/lib/python3.12/site-packages/airflow/example_dags/tutorial.py
[2024-09-12T15:01:46.474+0000] {processor.py:914} INFO - Processing file /home/airflow/.local/lib/python3.12/site-packages/airflow/example_dags/tutorial.py for tasks to queue
[2024-09-12T15:01:46.499+0000] {logging_mixin.py:190} INFO - [2024-09-12T15:01:46.498+0000] {dagbag.py:587} INFO - Filling up the DagBag from /home/airflow/.local/lib/python3.12/site-packages/airflow/example_dags/tutorial.py
[2024-09-12T15:01:46.561+0000] {processor.py:925} INFO - DAG(s) 'tutorial' retrieved from /home/airflow/.local/lib/python3.12/site-packages/airflow/example_dags/tutorial.py
[2024-09-12T15:01:46.827+0000] {logging_mixin.py:190} INFO - [2024-09-12T15:01:46.826+0000] {dag.py:3211} INFO - Sync 1 DAGs
[2024-09-12T15:01:47.160+0000] {logging_mixin.py:190} INFO - [2024-09-12T15:01:47.160+0000] {dag.py:4138} INFO - Setting next_dagrun for tutorial to 2024-09-11 00:00:00+00:00, run_after=2024-09-12 00:00:00+00:00
[2024-09-12T15:01:47.336+0000] {processor.py:208} INFO - Processing /home/airflow/.local/lib/python3.12/site-packages/airflow/example_dags/tutorial.py took 1.005 seconds
[2024-09-12T15:02:50.589+0000] {processor.py:186} INFO - Started process (PID=354) to work on /home/airflow/.local/lib/python3.12/site-packages/airflow/example_dags/tutorial.py
[2024-09-12T15:02:50.696+0000] {processor.py:914} INFO - Processing file /home/airflow/.local/lib/python3.12/site-packages/airflow/example_dags/tutorial.py for tasks to queue
[2024-09-12T15:02:50.730+0000] {logging_mixin.py:190} INFO - [2024-09-12T15:02:50.729+0000] {dagbag.py:587} INFO - Filling up the DagBag from /home/airflow/.local/lib/python3.12/site-packages/airflow/example_dags/tutorial.py
[2024-09-12T15:02:51.336+0000] {processor.py:925} INFO - DAG(s) 'tutorial' retrieved from /home/airflow/.local/lib/python3.12/site-packages/airflow/example_dags/tutorial.py
[2024-09-12T15:02:51.894+0000] {logging_mixin.py:190} INFO - [2024-09-12T15:02:51.894+0000] {dag.py:3211} INFO - Sync 1 DAGs
[2024-09-12T15:02:54.754+0000] {logging_mixin.py:190} INFO - [2024-09-12T15:02:54.754+0000] {dag.py:4138} INFO - Setting next_dagrun for tutorial to 2024-09-11 00:00:00+00:00, run_after=2024-09-12 00:00:00+00:00
[2024-09-12T15:02:55.840+0000] {processor.py:208} INFO - Processing /home/airflow/.local/lib/python3.12/site-packages/airflow/example_dags/tutorial.py took 5.369 seconds
[2024-09-12T15:04:01.538+0000] {processor.py:186} INFO - Started process (PID=407) to work on /home/airflow/.local/lib/python3.12/site-packages/airflow/example_dags/tutorial.py
[2024-09-12T15:04:01.563+0000] {processor.py:914} INFO - Processing file /home/airflow/.local/lib/python3.12/site-packages/airflow/example_dags/tutorial.py for tasks to queue
[2024-09-12T15:04:01.578+0000] {logging_mixin.py:190} INFO - [2024-09-12T15:04:01.577+0000] {dagbag.py:587} INFO - Filling up the DagBag from /home/airflow/.local/lib/python3.12/site-packages/airflow/example_dags/tutorial.py
[2024-09-12T15:04:01.679+0000] {processor.py:925} INFO - DAG(s) 'tutorial' retrieved from /home/airflow/.local/lib/python3.12/site-packages/airflow/example_dags/tutorial.py
[2024-09-12T15:04:01.903+0000] {logging_mixin.py:190} INFO - [2024-09-12T15:04:01.902+0000] {dag.py:3211} INFO - Sync 1 DAGs
[2024-09-12T15:04:02.064+0000] {logging_mixin.py:190} INFO - [2024-09-12T15:04:02.063+0000] {dag.py:4138} INFO - Setting next_dagrun for tutorial to 2024-09-11 00:00:00+00:00, run_after=2024-09-12 00:00:00+00:00
[2024-09-12T15:04:02.263+0000] {processor.py:208} INFO - Processing /home/airflow/.local/lib/python3.12/site-packages/airflow/example_dags/tutorial.py took 0.848 seconds
[2024-09-12T15:04:51.709+0000] {processor.py:186} INFO - Started process (PID=473) to work on /home/airflow/.local/lib/python3.12/site-packages/airflow/example_dags/tutorial.py
[2024-09-12T15:04:51.718+0000] {processor.py:914} INFO - Processing file /home/airflow/.local/lib/python3.12/site-packages/airflow/example_dags/tutorial.py for tasks to queue
[2024-09-12T15:04:51.735+0000] {logging_mixin.py:190} INFO - [2024-09-12T15:04:51.734+0000] {dagbag.py:587} INFO - Filling up the DagBag from /home/airflow/.local/lib/python3.12/site-packages/airflow/example_dags/tutorial.py
[2024-09-12T15:04:51.806+0000] {processor.py:925} INFO - DAG(s) 'tutorial' retrieved from /home/airflow/.local/lib/python3.12/site-packages/airflow/example_dags/tutorial.py
[2024-09-12T15:04:51.978+0000] {logging_mixin.py:190} INFO - [2024-09-12T15:04:51.978+0000] {dag.py:3211} INFO - Sync 1 DAGs
[2024-09-12T15:04:52.174+0000] {logging_mixin.py:190} INFO - [2024-09-12T15:04:52.173+0000] {dag.py:4138} INFO - Setting next_dagrun for tutorial to 2024-09-11 00:00:00+00:00, run_after=2024-09-12 00:00:00+00:00
[2024-09-12T15:04:52.325+0000] {processor.py:208} INFO - Processing /home/airflow/.local/lib/python3.12/site-packages/airflow/example_dags/tutorial.py took 0.701 seconds
[2024-09-12T15:05:49.124+0000] {processor.py:186} INFO - Started process (PID=534) to work on /home/airflow/.local/lib/python3.12/site-packages/airflow/example_dags/tutorial.py
[2024-09-12T15:05:49.129+0000] {processor.py:914} INFO - Processing file /home/airflow/.local/lib/python3.12/site-packages/airflow/example_dags/tutorial.py for tasks to queue
[2024-09-12T15:05:49.133+0000] {logging_mixin.py:190} INFO - [2024-09-12T15:05:49.131+0000] {dagbag.py:587} INFO - Filling up the DagBag from /home/airflow/.local/lib/python3.12/site-packages/airflow/example_dags/tutorial.py
[2024-09-12T15:05:49.256+0000] {processor.py:925} INFO - DAG(s) 'tutorial' retrieved from /home/airflow/.local/lib/python3.12/site-packages/airflow/example_dags/tutorial.py
[2024-09-12T15:05:49.421+0000] {logging_mixin.py:190} INFO - [2024-09-12T15:05:49.420+0000] {dag.py:3211} INFO - Sync 1 DAGs
[2024-09-12T15:05:50.090+0000] {logging_mixin.py:190} INFO - [2024-09-12T15:05:50.089+0000] {dag.py:4138} INFO - Setting next_dagrun for tutorial to 2024-09-11 00:00:00+00:00, run_after=2024-09-12 00:00:00+00:00
[2024-09-12T15:05:50.317+0000] {processor.py:208} INFO - Processing /home/airflow/.local/lib/python3.12/site-packages/airflow/example_dags/tutorial.py took 1.359 seconds
[2024-09-12T15:06:42.579+0000] {processor.py:186} INFO - Started process (PID=606) to work on /home/airflow/.local/lib/python3.12/site-packages/airflow/example_dags/tutorial.py
[2024-09-12T15:06:43.461+0000] {processor.py:914} INFO - Processing file /home/airflow/.local/lib/python3.12/site-packages/airflow/example_dags/tutorial.py for tasks to queue
[2024-09-12T15:06:43.488+0000] {logging_mixin.py:190} INFO - [2024-09-12T15:06:43.487+0000] {dagbag.py:587} INFO - Filling up the DagBag from /home/airflow/.local/lib/python3.12/site-packages/airflow/example_dags/tutorial.py
[2024-09-12T15:06:43.679+0000] {processor.py:925} INFO - DAG(s) 'tutorial' retrieved from /home/airflow/.local/lib/python3.12/site-packages/airflow/example_dags/tutorial.py
[2024-09-12T15:06:43.956+0000] {logging_mixin.py:190} INFO - [2024-09-12T15:06:43.955+0000] {dag.py:3211} INFO - Sync 1 DAGs
[2024-09-12T15:06:44.618+0000] {logging_mixin.py:190} INFO - [2024-09-12T15:06:44.617+0000] {dag.py:4138} INFO - Setting next_dagrun for tutorial to 2024-09-11 00:00:00+00:00, run_after=2024-09-12 00:00:00+00:00
[2024-09-12T15:06:45.001+0000] {processor.py:208} INFO - Processing /home/airflow/.local/lib/python3.12/site-packages/airflow/example_dags/tutorial.py took 2.480 seconds
[2024-09-12T15:07:48.683+0000] {processor.py:186} INFO - Started process (PID=670) to work on /home/airflow/.local/lib/python3.12/site-packages/airflow/example_dags/tutorial.py
[2024-09-12T15:07:48.698+0000] {processor.py:914} INFO - Processing file /home/airflow/.local/lib/python3.12/site-packages/airflow/example_dags/tutorial.py for tasks to queue
[2024-09-12T15:07:48.715+0000] {logging_mixin.py:190} INFO - [2024-09-12T15:07:48.714+0000] {dagbag.py:587} INFO - Filling up the DagBag from /home/airflow/.local/lib/python3.12/site-packages/airflow/example_dags/tutorial.py
[2024-09-12T15:07:48.859+0000] {processor.py:925} INFO - DAG(s) 'tutorial' retrieved from /home/airflow/.local/lib/python3.12/site-packages/airflow/example_dags/tutorial.py
[2024-09-12T15:07:49.285+0000] {logging_mixin.py:190} INFO - [2024-09-12T15:07:49.284+0000] {dag.py:3211} INFO - Sync 1 DAGs
[2024-09-12T15:07:49.497+0000] {logging_mixin.py:190} INFO - [2024-09-12T15:07:49.496+0000] {dag.py:4138} INFO - Setting next_dagrun for tutorial to 2024-09-11 00:00:00+00:00, run_after=2024-09-12 00:00:00+00:00
[2024-09-12T15:07:49.756+0000] {processor.py:208} INFO - Processing /home/airflow/.local/lib/python3.12/site-packages/airflow/example_dags/tutorial.py took 1.151 seconds
[2024-09-12T15:09:19.398+0000] {processor.py:186} INFO - Started process (PID=759) to work on /home/airflow/.local/lib/python3.12/site-packages/airflow/example_dags/tutorial.py
[2024-09-12T15:09:19.429+0000] {processor.py:914} INFO - Processing file /home/airflow/.local/lib/python3.12/site-packages/airflow/example_dags/tutorial.py for tasks to queue
[2024-09-12T15:09:19.448+0000] {logging_mixin.py:190} INFO - [2024-09-12T15:09:19.447+0000] {dagbag.py:587} INFO - Filling up the DagBag from /home/airflow/.local/lib/python3.12/site-packages/airflow/example_dags/tutorial.py
[2024-09-12T15:09:19.631+0000] {processor.py:925} INFO - DAG(s) 'tutorial' retrieved from /home/airflow/.local/lib/python3.12/site-packages/airflow/example_dags/tutorial.py
[2024-09-12T15:09:20.020+0000] {logging_mixin.py:190} INFO - [2024-09-12T15:09:20.020+0000] {dag.py:3211} INFO - Sync 1 DAGs
[2024-09-12T15:09:20.336+0000] {logging_mixin.py:190} INFO - [2024-09-12T15:09:20.336+0000] {dag.py:4138} INFO - Setting next_dagrun for tutorial to 2024-09-11 00:00:00+00:00, run_after=2024-09-12 00:00:00+00:00
[2024-09-12T15:09:20.469+0000] {processor.py:208} INFO - Processing /home/airflow/.local/lib/python3.12/site-packages/airflow/example_dags/tutorial.py took 1.152 seconds
[2024-09-12T15:10:17.551+0000] {processor.py:186} INFO - Started process (PID=832) to work on /home/airflow/.local/lib/python3.12/site-packages/airflow/example_dags/tutorial.py
[2024-09-12T15:10:17.560+0000] {processor.py:914} INFO - Processing file /home/airflow/.local/lib/python3.12/site-packages/airflow/example_dags/tutorial.py for tasks to queue
[2024-09-12T15:10:17.563+0000] {logging_mixin.py:190} INFO - [2024-09-12T15:10:17.562+0000] {dagbag.py:587} INFO - Filling up the DagBag from /home/airflow/.local/lib/python3.12/site-packages/airflow/example_dags/tutorial.py
[2024-09-12T15:10:17.612+0000] {processor.py:925} INFO - DAG(s) 'tutorial' retrieved from /home/airflow/.local/lib/python3.12/site-packages/airflow/example_dags/tutorial.py
[2024-09-12T15:10:17.906+0000] {logging_mixin.py:190} INFO - [2024-09-12T15:10:17.905+0000] {dag.py:3211} INFO - Sync 1 DAGs
[2024-09-12T15:10:18.091+0000] {logging_mixin.py:190} INFO - [2024-09-12T15:10:18.091+0000] {dag.py:4138} INFO - Setting next_dagrun for tutorial to 2024-09-11 00:00:00+00:00, run_after=2024-09-12 00:00:00+00:00
[2024-09-12T15:10:18.232+0000] {processor.py:208} INFO - Processing /home/airflow/.local/lib/python3.12/site-packages/airflow/example_dags/tutorial.py took 0.717 seconds
[2024-09-12T15:11:15.422+0000] {processor.py:186} INFO - Started process (PID=907) to work on /home/airflow/.local/lib/python3.12/site-packages/airflow/example_dags/tutorial.py
[2024-09-12T15:11:15.423+0000] {processor.py:914} INFO - Processing file /home/airflow/.local/lib/python3.12/site-packages/airflow/example_dags/tutorial.py for tasks to queue
[2024-09-12T15:11:15.439+0000] {logging_mixin.py:190} INFO - [2024-09-12T15:11:15.437+0000] {dagbag.py:587} INFO - Filling up the DagBag from /home/airflow/.local/lib/python3.12/site-packages/airflow/example_dags/tutorial.py
[2024-09-12T15:11:15.547+0000] {processor.py:925} INFO - DAG(s) 'tutorial' retrieved from /home/airflow/.local/lib/python3.12/site-packages/airflow/example_dags/tutorial.py
[2024-09-12T15:11:15.674+0000] {logging_mixin.py:190} INFO - [2024-09-12T15:11:15.674+0000] {dag.py:3211} INFO - Sync 1 DAGs
[2024-09-12T15:11:15.908+0000] {logging_mixin.py:190} INFO - [2024-09-12T15:11:15.908+0000] {dag.py:4138} INFO - Setting next_dagrun for tutorial to 2024-09-11 00:00:00+00:00, run_after=2024-09-12 00:00:00+00:00
[2024-09-12T15:11:16.162+0000] {processor.py:208} INFO - Processing /home/airflow/.local/lib/python3.12/site-packages/airflow/example_dags/tutorial.py took 0.811 seconds
[2024-09-12T15:15:02.311+0000] {processor.py:186} INFO - Started process (PID=89) to work on /home/airflow/.local/lib/python3.12/site-packages/airflow/example_dags/tutorial.py
[2024-09-12T15:15:02.315+0000] {processor.py:914} INFO - Processing file /home/airflow/.local/lib/python3.12/site-packages/airflow/example_dags/tutorial.py for tasks to queue
[2024-09-12T15:15:02.379+0000] {logging_mixin.py:190} INFO - [2024-09-12T15:15:02.378+0000] {dagbag.py:587} INFO - Filling up the DagBag from /home/airflow/.local/lib/python3.12/site-packages/airflow/example_dags/tutorial.py
[2024-09-12T15:15:02.566+0000] {processor.py:925} INFO - DAG(s) 'tutorial' retrieved from /home/airflow/.local/lib/python3.12/site-packages/airflow/example_dags/tutorial.py
[2024-09-12T15:15:03.041+0000] {logging_mixin.py:190} INFO - [2024-09-12T15:15:03.040+0000] {dag.py:3211} INFO - Sync 1 DAGs
[2024-09-12T15:15:03.340+0000] {logging_mixin.py:190} INFO - [2024-09-12T15:15:03.339+0000] {dag.py:4138} INFO - Setting next_dagrun for tutorial to 2024-09-11 00:00:00+00:00, run_after=2024-09-12 00:00:00+00:00
[2024-09-12T15:15:03.515+0000] {processor.py:208} INFO - Processing /home/airflow/.local/lib/python3.12/site-packages/airflow/example_dags/tutorial.py took 1.385 seconds
[2024-09-12T15:15:57.291+0000] {processor.py:186} INFO - Started process (PID=160) to work on /home/airflow/.local/lib/python3.12/site-packages/airflow/example_dags/tutorial.py
[2024-09-12T15:15:57.294+0000] {processor.py:914} INFO - Processing file /home/airflow/.local/lib/python3.12/site-packages/airflow/example_dags/tutorial.py for tasks to queue
[2024-09-12T15:15:57.308+0000] {logging_mixin.py:190} INFO - [2024-09-12T15:15:57.307+0000] {dagbag.py:587} INFO - Filling up the DagBag from /home/airflow/.local/lib/python3.12/site-packages/airflow/example_dags/tutorial.py
[2024-09-12T15:15:57.351+0000] {processor.py:925} INFO - DAG(s) 'tutorial' retrieved from /home/airflow/.local/lib/python3.12/site-packages/airflow/example_dags/tutorial.py
[2024-09-12T15:15:57.672+0000] {logging_mixin.py:190} INFO - [2024-09-12T15:15:57.672+0000] {dag.py:3211} INFO - Sync 1 DAGs
[2024-09-12T15:15:58.145+0000] {logging_mixin.py:190} INFO - [2024-09-12T15:15:58.145+0000] {dag.py:4138} INFO - Setting next_dagrun for tutorial to 2024-09-11 00:00:00+00:00, run_after=2024-09-12 00:00:00+00:00
[2024-09-12T15:15:58.505+0000] {processor.py:208} INFO - Processing /home/airflow/.local/lib/python3.12/site-packages/airflow/example_dags/tutorial.py took 1.233 seconds
[2024-09-12T15:17:00.860+0000] {processor.py:186} INFO - Started process (PID=221) to work on /home/airflow/.local/lib/python3.12/site-packages/airflow/example_dags/tutorial.py
[2024-09-12T15:17:00.878+0000] {processor.py:914} INFO - Processing file /home/airflow/.local/lib/python3.12/site-packages/airflow/example_dags/tutorial.py for tasks to queue
[2024-09-12T15:17:01.068+0000] {logging_mixin.py:190} INFO - [2024-09-12T15:17:01.016+0000] {dagbag.py:587} INFO - Filling up the DagBag from /home/airflow/.local/lib/python3.12/site-packages/airflow/example_dags/tutorial.py
[2024-09-12T15:17:01.150+0000] {processor.py:925} INFO - DAG(s) 'tutorial' retrieved from /home/airflow/.local/lib/python3.12/site-packages/airflow/example_dags/tutorial.py
[2024-09-12T15:17:01.414+0000] {logging_mixin.py:190} INFO - [2024-09-12T15:17:01.413+0000] {dag.py:3211} INFO - Sync 1 DAGs
[2024-09-12T15:17:01.847+0000] {logging_mixin.py:190} INFO - [2024-09-12T15:17:01.847+0000] {dag.py:4138} INFO - Setting next_dagrun for tutorial to 2024-09-11 00:00:00+00:00, run_after=2024-09-12 00:00:00+00:00
[2024-09-12T15:17:02.209+0000] {processor.py:208} INFO - Processing /home/airflow/.local/lib/python3.12/site-packages/airflow/example_dags/tutorial.py took 1.434 seconds
[2024-09-12T15:18:00.151+0000] {processor.py:186} INFO - Started process (PID=293) to work on /home/airflow/.local/lib/python3.12/site-packages/airflow/example_dags/tutorial.py
[2024-09-12T15:18:00.166+0000] {processor.py:914} INFO - Processing file /home/airflow/.local/lib/python3.12/site-packages/airflow/example_dags/tutorial.py for tasks to queue
[2024-09-12T15:18:00.183+0000] {logging_mixin.py:190} INFO - [2024-09-12T15:18:00.182+0000] {dagbag.py:587} INFO - Filling up the DagBag from /home/airflow/.local/lib/python3.12/site-packages/airflow/example_dags/tutorial.py
[2024-09-12T15:18:00.295+0000] {processor.py:925} INFO - DAG(s) 'tutorial' retrieved from /home/airflow/.local/lib/python3.12/site-packages/airflow/example_dags/tutorial.py
[2024-09-12T15:18:00.557+0000] {logging_mixin.py:190} INFO - [2024-09-12T15:18:00.557+0000] {dag.py:3211} INFO - Sync 1 DAGs
[2024-09-12T15:18:01.163+0000] {logging_mixin.py:190} INFO - [2024-09-12T15:18:01.162+0000] {dag.py:4138} INFO - Setting next_dagrun for tutorial to 2024-09-11 00:00:00+00:00, run_after=2024-09-12 00:00:00+00:00
[2024-09-12T15:18:01.558+0000] {processor.py:208} INFO - Processing /home/airflow/.local/lib/python3.12/site-packages/airflow/example_dags/tutorial.py took 1.508 seconds
[2024-09-12T15:18:42.536+0000] {processor.py:186} INFO - Started process (PID=351) to work on /home/airflow/.local/lib/python3.12/site-packages/airflow/example_dags/tutorial.py
[2024-09-12T15:18:42.552+0000] {processor.py:914} INFO - Processing file /home/airflow/.local/lib/python3.12/site-packages/airflow/example_dags/tutorial.py for tasks to queue
[2024-09-12T15:18:42.589+0000] {logging_mixin.py:190} INFO - [2024-09-12T15:18:42.588+0000] {dagbag.py:587} INFO - Filling up the DagBag from /home/airflow/.local/lib/python3.12/site-packages/airflow/example_dags/tutorial.py
[2024-09-12T15:18:42.682+0000] {processor.py:925} INFO - DAG(s) 'tutorial' retrieved from /home/airflow/.local/lib/python3.12/site-packages/airflow/example_dags/tutorial.py
[2024-09-12T15:18:42.815+0000] {logging_mixin.py:190} INFO - [2024-09-12T15:18:42.815+0000] {dag.py:3211} INFO - Sync 1 DAGs
[2024-09-12T15:18:43.134+0000] {logging_mixin.py:190} INFO - [2024-09-12T15:18:43.134+0000] {dag.py:4138} INFO - Setting next_dagrun for tutorial to 2024-09-11 00:00:00+00:00, run_after=2024-09-12 00:00:00+00:00
[2024-09-12T15:18:43.554+0000] {processor.py:208} INFO - Processing /home/airflow/.local/lib/python3.12/site-packages/airflow/example_dags/tutorial.py took 1.072 seconds
[2024-09-12T15:19:38.020+0000] {processor.py:186} INFO - Started process (PID=409) to work on /home/airflow/.local/lib/python3.12/site-packages/airflow/example_dags/tutorial.py
[2024-09-12T15:19:38.064+0000] {processor.py:914} INFO - Processing file /home/airflow/.local/lib/python3.12/site-packages/airflow/example_dags/tutorial.py for tasks to queue
[2024-09-12T15:19:38.081+0000] {logging_mixin.py:190} INFO - [2024-09-12T15:19:38.081+0000] {dagbag.py:587} INFO - Filling up the DagBag from /home/airflow/.local/lib/python3.12/site-packages/airflow/example_dags/tutorial.py
[2024-09-12T15:19:38.186+0000] {processor.py:925} INFO - DAG(s) 'tutorial' retrieved from /home/airflow/.local/lib/python3.12/site-packages/airflow/example_dags/tutorial.py
[2024-09-12T15:19:38.642+0000] {logging_mixin.py:190} INFO - [2024-09-12T15:19:38.642+0000] {dag.py:3211} INFO - Sync 1 DAGs
[2024-09-12T15:19:38.922+0000] {logging_mixin.py:190} INFO - [2024-09-12T15:19:38.921+0000] {dag.py:4138} INFO - Setting next_dagrun for tutorial to 2024-09-11 00:00:00+00:00, run_after=2024-09-12 00:00:00+00:00
[2024-09-12T15:19:39.129+0000] {processor.py:208} INFO - Processing /home/airflow/.local/lib/python3.12/site-packages/airflow/example_dags/tutorial.py took 1.154 seconds
[2024-09-12T15:20:14.321+0000] {processor.py:186} INFO - Started process (PID=458) to work on /home/airflow/.local/lib/python3.12/site-packages/airflow/example_dags/tutorial.py
[2024-09-12T15:20:14.334+0000] {processor.py:914} INFO - Processing file /home/airflow/.local/lib/python3.12/site-packages/airflow/example_dags/tutorial.py for tasks to queue
[2024-09-12T15:20:14.340+0000] {logging_mixin.py:190} INFO - [2024-09-12T15:20:14.339+0000] {dagbag.py:587} INFO - Filling up the DagBag from /home/airflow/.local/lib/python3.12/site-packages/airflow/example_dags/tutorial.py
[2024-09-12T15:20:14.394+0000] {processor.py:925} INFO - DAG(s) 'tutorial' retrieved from /home/airflow/.local/lib/python3.12/site-packages/airflow/example_dags/tutorial.py
[2024-09-12T15:20:14.640+0000] {logging_mixin.py:190} INFO - [2024-09-12T15:20:14.640+0000] {dag.py:3211} INFO - Sync 1 DAGs
[2024-09-12T15:20:14.897+0000] {logging_mixin.py:190} INFO - [2024-09-12T15:20:14.897+0000] {dag.py:4138} INFO - Setting next_dagrun for tutorial to 2024-09-11 00:00:00+00:00, run_after=2024-09-12 00:00:00+00:00
[2024-09-12T15:20:15.182+0000] {processor.py:208} INFO - Processing /home/airflow/.local/lib/python3.12/site-packages/airflow/example_dags/tutorial.py took 0.900 seconds
[2024-09-12T15:21:07.064+0000] {processor.py:186} INFO - Started process (PID=539) to work on /home/airflow/.local/lib/python3.12/site-packages/airflow/example_dags/tutorial.py
[2024-09-12T15:21:07.092+0000] {processor.py:914} INFO - Processing file /home/airflow/.local/lib/python3.12/site-packages/airflow/example_dags/tutorial.py for tasks to queue
[2024-09-12T15:21:07.110+0000] {logging_mixin.py:190} INFO - [2024-09-12T15:21:07.109+0000] {dagbag.py:587} INFO - Filling up the DagBag from /home/airflow/.local/lib/python3.12/site-packages/airflow/example_dags/tutorial.py
[2024-09-12T15:21:07.307+0000] {processor.py:925} INFO - DAG(s) 'tutorial' retrieved from /home/airflow/.local/lib/python3.12/site-packages/airflow/example_dags/tutorial.py
[2024-09-12T15:21:07.765+0000] {logging_mixin.py:190} INFO - [2024-09-12T15:21:07.764+0000] {dag.py:3211} INFO - Sync 1 DAGs
[2024-09-12T15:21:08.370+0000] {logging_mixin.py:190} INFO - [2024-09-12T15:21:08.369+0000] {dag.py:4138} INFO - Setting next_dagrun for tutorial to 2024-09-11 00:00:00+00:00, run_after=2024-09-12 00:00:00+00:00
[2024-09-12T15:21:08.593+0000] {processor.py:208} INFO - Processing /home/airflow/.local/lib/python3.12/site-packages/airflow/example_dags/tutorial.py took 1.626 seconds
[2024-09-12T15:22:35.575+0000] {processor.py:186} INFO - Started process (PID=626) to work on /home/airflow/.local/lib/python3.12/site-packages/airflow/example_dags/tutorial.py
[2024-09-12T15:22:35.581+0000] {processor.py:914} INFO - Processing file /home/airflow/.local/lib/python3.12/site-packages/airflow/example_dags/tutorial.py for tasks to queue
[2024-09-12T15:22:35.599+0000] {logging_mixin.py:190} INFO - [2024-09-12T15:22:35.598+0000] {dagbag.py:587} INFO - Filling up the DagBag from /home/airflow/.local/lib/python3.12/site-packages/airflow/example_dags/tutorial.py
[2024-09-12T15:22:35.683+0000] {processor.py:925} INFO - DAG(s) 'tutorial' retrieved from /home/airflow/.local/lib/python3.12/site-packages/airflow/example_dags/tutorial.py
[2024-09-12T15:22:35.960+0000] {logging_mixin.py:190} INFO - [2024-09-12T15:22:35.960+0000] {dag.py:3211} INFO - Sync 1 DAGs
[2024-09-12T15:22:36.136+0000] {logging_mixin.py:190} INFO - [2024-09-12T15:22:36.135+0000] {dag.py:4138} INFO - Setting next_dagrun for tutorial to 2024-09-11 00:00:00+00:00, run_after=2024-09-12 00:00:00+00:00
[2024-09-12T15:22:36.317+0000] {processor.py:208} INFO - Processing /home/airflow/.local/lib/python3.12/site-packages/airflow/example_dags/tutorial.py took 0.858 seconds
[2024-09-12T15:23:33.889+0000] {processor.py:186} INFO - Started process (PID=698) to work on /home/airflow/.local/lib/python3.12/site-packages/airflow/example_dags/tutorial.py
[2024-09-12T15:23:33.891+0000] {processor.py:914} INFO - Processing file /home/airflow/.local/lib/python3.12/site-packages/airflow/example_dags/tutorial.py for tasks to queue
[2024-09-12T15:23:33.907+0000] {logging_mixin.py:190} INFO - [2024-09-12T15:23:33.906+0000] {dagbag.py:587} INFO - Filling up the DagBag from /home/airflow/.local/lib/python3.12/site-packages/airflow/example_dags/tutorial.py
[2024-09-12T15:23:33.952+0000] {processor.py:925} INFO - DAG(s) 'tutorial' retrieved from /home/airflow/.local/lib/python3.12/site-packages/airflow/example_dags/tutorial.py
[2024-09-12T15:23:34.055+0000] {logging_mixin.py:190} INFO - [2024-09-12T15:23:34.055+0000] {dag.py:3211} INFO - Sync 1 DAGs
[2024-09-12T15:23:34.238+0000] {logging_mixin.py:190} INFO - [2024-09-12T15:23:34.237+0000] {dag.py:4138} INFO - Setting next_dagrun for tutorial to 2024-09-11 00:00:00+00:00, run_after=2024-09-12 00:00:00+00:00
[2024-09-12T15:23:34.355+0000] {processor.py:208} INFO - Processing /home/airflow/.local/lib/python3.12/site-packages/airflow/example_dags/tutorial.py took 0.495 seconds
[2024-09-12T15:24:51.031+0000] {processor.py:186} INFO - Started process (PID=779) to work on /home/airflow/.local/lib/python3.12/site-packages/airflow/example_dags/tutorial.py
[2024-09-12T15:24:51.035+0000] {processor.py:914} INFO - Processing file /home/airflow/.local/lib/python3.12/site-packages/airflow/example_dags/tutorial.py for tasks to queue
[2024-09-12T15:24:51.094+0000] {logging_mixin.py:190} INFO - [2024-09-12T15:24:51.093+0000] {dagbag.py:587} INFO - Filling up the DagBag from /home/airflow/.local/lib/python3.12/site-packages/airflow/example_dags/tutorial.py
[2024-09-12T15:24:51.218+0000] {processor.py:925} INFO - DAG(s) 'tutorial' retrieved from /home/airflow/.local/lib/python3.12/site-packages/airflow/example_dags/tutorial.py
[2024-09-12T15:24:51.514+0000] {logging_mixin.py:190} INFO - [2024-09-12T15:24:51.513+0000] {dag.py:3211} INFO - Sync 1 DAGs
[2024-09-12T15:24:52.305+0000] {logging_mixin.py:190} INFO - [2024-09-12T15:24:52.304+0000] {dag.py:4138} INFO - Setting next_dagrun for tutorial to 2024-09-11 00:00:00+00:00, run_after=2024-09-12 00:00:00+00:00
[2024-09-12T15:24:52.980+0000] {processor.py:208} INFO - Processing /home/airflow/.local/lib/python3.12/site-packages/airflow/example_dags/tutorial.py took 2.129 seconds
[2024-09-12T15:26:48.912+0000] {processor.py:186} INFO - Started process (PID=865) to work on /home/airflow/.local/lib/python3.12/site-packages/airflow/example_dags/tutorial.py
[2024-09-12T15:26:48.933+0000] {processor.py:914} INFO - Processing file /home/airflow/.local/lib/python3.12/site-packages/airflow/example_dags/tutorial.py for tasks to queue
[2024-09-12T15:26:48.971+0000] {logging_mixin.py:190} INFO - [2024-09-12T15:26:48.971+0000] {dagbag.py:587} INFO - Filling up the DagBag from /home/airflow/.local/lib/python3.12/site-packages/airflow/example_dags/tutorial.py
[2024-09-12T15:26:49.039+0000] {processor.py:925} INFO - DAG(s) 'tutorial' retrieved from /home/airflow/.local/lib/python3.12/site-packages/airflow/example_dags/tutorial.py
[2024-09-12T15:26:49.191+0000] {logging_mixin.py:190} INFO - [2024-09-12T15:26:49.190+0000] {dag.py:3211} INFO - Sync 1 DAGs
[2024-09-12T15:26:49.458+0000] {logging_mixin.py:190} INFO - [2024-09-12T15:26:49.445+0000] {dag.py:4138} INFO - Setting next_dagrun for tutorial to 2024-09-11 00:00:00+00:00, run_after=2024-09-12 00:00:00+00:00
[2024-09-12T15:26:49.749+0000] {processor.py:208} INFO - Processing /home/airflow/.local/lib/python3.12/site-packages/airflow/example_dags/tutorial.py took 0.875 seconds
[2024-09-12T15:27:44.669+0000] {processor.py:186} INFO - Started process (PID=937) to work on /home/airflow/.local/lib/python3.12/site-packages/airflow/example_dags/tutorial.py
[2024-09-12T15:27:44.681+0000] {processor.py:914} INFO - Processing file /home/airflow/.local/lib/python3.12/site-packages/airflow/example_dags/tutorial.py for tasks to queue
[2024-09-12T15:27:44.728+0000] {logging_mixin.py:190} INFO - [2024-09-12T15:27:44.691+0000] {dagbag.py:587} INFO - Filling up the DagBag from /home/airflow/.local/lib/python3.12/site-packages/airflow/example_dags/tutorial.py
[2024-09-12T15:27:44.816+0000] {processor.py:925} INFO - DAG(s) 'tutorial' retrieved from /home/airflow/.local/lib/python3.12/site-packages/airflow/example_dags/tutorial.py
[2024-09-12T15:27:45.045+0000] {logging_mixin.py:190} INFO - [2024-09-12T15:27:45.044+0000] {dag.py:3211} INFO - Sync 1 DAGs
[2024-09-12T15:27:45.289+0000] {logging_mixin.py:190} INFO - [2024-09-12T15:27:45.289+0000] {dag.py:4138} INFO - Setting next_dagrun for tutorial to 2024-09-11 00:00:00+00:00, run_after=2024-09-12 00:00:00+00:00
[2024-09-12T15:27:45.536+0000] {processor.py:208} INFO - Processing /home/airflow/.local/lib/python3.12/site-packages/airflow/example_dags/tutorial.py took 0.931 seconds
[2024-09-12T15:28:26.557+0000] {processor.py:186} INFO - Started process (PID=991) to work on /home/airflow/.local/lib/python3.12/site-packages/airflow/example_dags/tutorial.py
[2024-09-12T15:28:26.570+0000] {processor.py:914} INFO - Processing file /home/airflow/.local/lib/python3.12/site-packages/airflow/example_dags/tutorial.py for tasks to queue
[2024-09-12T15:28:26.581+0000] {logging_mixin.py:190} INFO - [2024-09-12T15:28:26.580+0000] {dagbag.py:587} INFO - Filling up the DagBag from /home/airflow/.local/lib/python3.12/site-packages/airflow/example_dags/tutorial.py
[2024-09-12T15:28:26.676+0000] {processor.py:925} INFO - DAG(s) 'tutorial' retrieved from /home/airflow/.local/lib/python3.12/site-packages/airflow/example_dags/tutorial.py
[2024-09-12T15:28:26.987+0000] {logging_mixin.py:190} INFO - [2024-09-12T15:28:26.986+0000] {dag.py:3211} INFO - Sync 1 DAGs
[2024-09-12T15:28:27.274+0000] {logging_mixin.py:190} INFO - [2024-09-12T15:28:27.273+0000] {dag.py:4138} INFO - Setting next_dagrun for tutorial to 2024-09-11 00:00:00+00:00, run_after=2024-09-12 00:00:00+00:00
[2024-09-12T15:28:27.551+0000] {processor.py:208} INFO - Processing /home/airflow/.local/lib/python3.12/site-packages/airflow/example_dags/tutorial.py took 1.067 seconds
[2024-09-12T15:29:16.478+0000] {processor.py:186} INFO - Started process (PID=1061) to work on /home/airflow/.local/lib/python3.12/site-packages/airflow/example_dags/tutorial.py
[2024-09-12T15:29:16.494+0000] {processor.py:914} INFO - Processing file /home/airflow/.local/lib/python3.12/site-packages/airflow/example_dags/tutorial.py for tasks to queue
[2024-09-12T15:29:16.504+0000] {logging_mixin.py:190} INFO - [2024-09-12T15:29:16.503+0000] {dagbag.py:587} INFO - Filling up the DagBag from /home/airflow/.local/lib/python3.12/site-packages/airflow/example_dags/tutorial.py
[2024-09-12T15:29:16.550+0000] {processor.py:925} INFO - DAG(s) 'tutorial' retrieved from /home/airflow/.local/lib/python3.12/site-packages/airflow/example_dags/tutorial.py
[2024-09-12T15:29:16.647+0000] {logging_mixin.py:190} INFO - [2024-09-12T15:29:16.646+0000] {dag.py:3211} INFO - Sync 1 DAGs
[2024-09-12T15:29:16.844+0000] {logging_mixin.py:190} INFO - [2024-09-12T15:29:16.843+0000] {dag.py:4138} INFO - Setting next_dagrun for tutorial to 2024-09-11 00:00:00+00:00, run_after=2024-09-12 00:00:00+00:00
[2024-09-12T15:29:17.025+0000] {processor.py:208} INFO - Processing /home/airflow/.local/lib/python3.12/site-packages/airflow/example_dags/tutorial.py took 0.571 seconds
[2024-09-12T15:31:04.722+0000] {processor.py:186} INFO - Started process (PID=1142) to work on /home/airflow/.local/lib/python3.12/site-packages/airflow/example_dags/tutorial.py
[2024-09-12T15:31:04.732+0000] {processor.py:914} INFO - Processing file /home/airflow/.local/lib/python3.12/site-packages/airflow/example_dags/tutorial.py for tasks to queue
[2024-09-12T15:31:04.769+0000] {logging_mixin.py:190} INFO - [2024-09-12T15:31:04.768+0000] {dagbag.py:587} INFO - Filling up the DagBag from /home/airflow/.local/lib/python3.12/site-packages/airflow/example_dags/tutorial.py
[2024-09-12T15:31:04.839+0000] {processor.py:925} INFO - DAG(s) 'tutorial' retrieved from /home/airflow/.local/lib/python3.12/site-packages/airflow/example_dags/tutorial.py
[2024-09-12T15:31:05.135+0000] {logging_mixin.py:190} INFO - [2024-09-12T15:31:05.135+0000] {dag.py:3211} INFO - Sync 1 DAGs
[2024-09-12T15:31:05.381+0000] {logging_mixin.py:190} INFO - [2024-09-12T15:31:05.380+0000] {dag.py:4138} INFO - Setting next_dagrun for tutorial to 2024-09-11 00:00:00+00:00, run_after=2024-09-12 00:00:00+00:00
[2024-09-12T15:31:05.580+0000] {processor.py:208} INFO - Processing /home/airflow/.local/lib/python3.12/site-packages/airflow/example_dags/tutorial.py took 0.911 seconds
[2024-09-12T15:31:47.742+0000] {processor.py:186} INFO - Started process (PID=1202) to work on /home/airflow/.local/lib/python3.12/site-packages/airflow/example_dags/tutorial.py
[2024-09-12T15:31:47.778+0000] {processor.py:914} INFO - Processing file /home/airflow/.local/lib/python3.12/site-packages/airflow/example_dags/tutorial.py for tasks to queue
[2024-09-12T15:31:47.794+0000] {logging_mixin.py:190} INFO - [2024-09-12T15:31:47.793+0000] {dagbag.py:587} INFO - Filling up the DagBag from /home/airflow/.local/lib/python3.12/site-packages/airflow/example_dags/tutorial.py
[2024-09-12T15:31:47.855+0000] {processor.py:925} INFO - DAG(s) 'tutorial' retrieved from /home/airflow/.local/lib/python3.12/site-packages/airflow/example_dags/tutorial.py
[2024-09-12T15:31:47.988+0000] {logging_mixin.py:190} INFO - [2024-09-12T15:31:47.987+0000] {dag.py:3211} INFO - Sync 1 DAGs
[2024-09-12T15:31:48.196+0000] {logging_mixin.py:190} INFO - [2024-09-12T15:31:48.195+0000] {dag.py:4138} INFO - Setting next_dagrun for tutorial to 2024-09-11 00:00:00+00:00, run_after=2024-09-12 00:00:00+00:00
[2024-09-12T15:31:48.431+0000] {processor.py:208} INFO - Processing /home/airflow/.local/lib/python3.12/site-packages/airflow/example_dags/tutorial.py took 0.732 seconds
[2024-09-12T15:32:31.097+0000] {processor.py:186} INFO - Started process (PID=1267) to work on /home/airflow/.local/lib/python3.12/site-packages/airflow/example_dags/tutorial.py
[2024-09-12T15:32:31.115+0000] {processor.py:914} INFO - Processing file /home/airflow/.local/lib/python3.12/site-packages/airflow/example_dags/tutorial.py for tasks to queue
[2024-09-12T15:32:31.132+0000] {logging_mixin.py:190} INFO - [2024-09-12T15:32:31.131+0000] {dagbag.py:587} INFO - Filling up the DagBag from /home/airflow/.local/lib/python3.12/site-packages/airflow/example_dags/tutorial.py
[2024-09-12T15:32:31.235+0000] {processor.py:925} INFO - DAG(s) 'tutorial' retrieved from /home/airflow/.local/lib/python3.12/site-packages/airflow/example_dags/tutorial.py
[2024-09-12T15:32:31.402+0000] {logging_mixin.py:190} INFO - [2024-09-12T15:32:31.402+0000] {dag.py:3211} INFO - Sync 1 DAGs
[2024-09-12T15:32:31.507+0000] {logging_mixin.py:190} INFO - [2024-09-12T15:32:31.507+0000] {dag.py:4138} INFO - Setting next_dagrun for tutorial to 2024-09-11 00:00:00+00:00, run_after=2024-09-12 00:00:00+00:00
[2024-09-12T15:32:31.629+0000] {processor.py:208} INFO - Processing /home/airflow/.local/lib/python3.12/site-packages/airflow/example_dags/tutorial.py took 0.554 seconds
[2024-09-12T15:33:11.999+0000] {processor.py:186} INFO - Started process (PID=1310) to work on /home/airflow/.local/lib/python3.12/site-packages/airflow/example_dags/tutorial.py
[2024-09-12T15:33:12.011+0000] {processor.py:914} INFO - Processing file /home/airflow/.local/lib/python3.12/site-packages/airflow/example_dags/tutorial.py for tasks to queue
[2024-09-12T15:33:12.023+0000] {logging_mixin.py:190} INFO - [2024-09-12T15:33:12.023+0000] {dagbag.py:587} INFO - Filling up the DagBag from /home/airflow/.local/lib/python3.12/site-packages/airflow/example_dags/tutorial.py
[2024-09-12T15:33:12.069+0000] {processor.py:925} INFO - DAG(s) 'tutorial' retrieved from /home/airflow/.local/lib/python3.12/site-packages/airflow/example_dags/tutorial.py
[2024-09-12T15:33:12.275+0000] {logging_mixin.py:190} INFO - [2024-09-12T15:33:12.274+0000] {dag.py:3211} INFO - Sync 1 DAGs
[2024-09-12T15:33:12.535+0000] {logging_mixin.py:190} INFO - [2024-09-12T15:33:12.534+0000] {dag.py:4138} INFO - Setting next_dagrun for tutorial to 2024-09-11 00:00:00+00:00, run_after=2024-09-12 00:00:00+00:00
[2024-09-12T15:33:12.667+0000] {processor.py:208} INFO - Processing /home/airflow/.local/lib/python3.12/site-packages/airflow/example_dags/tutorial.py took 0.693 seconds
[2024-09-12T15:33:54.169+0000] {processor.py:186} INFO - Started process (PID=1375) to work on /home/airflow/.local/lib/python3.12/site-packages/airflow/example_dags/tutorial.py
[2024-09-12T15:33:54.172+0000] {processor.py:914} INFO - Processing file /home/airflow/.local/lib/python3.12/site-packages/airflow/example_dags/tutorial.py for tasks to queue
[2024-09-12T15:33:54.181+0000] {logging_mixin.py:190} INFO - [2024-09-12T15:33:54.177+0000] {dagbag.py:587} INFO - Filling up the DagBag from /home/airflow/.local/lib/python3.12/site-packages/airflow/example_dags/tutorial.py
[2024-09-12T15:33:54.260+0000] {processor.py:925} INFO - DAG(s) 'tutorial' retrieved from /home/airflow/.local/lib/python3.12/site-packages/airflow/example_dags/tutorial.py
[2024-09-12T15:33:54.460+0000] {logging_mixin.py:190} INFO - [2024-09-12T15:33:54.459+0000] {dag.py:3211} INFO - Sync 1 DAGs
[2024-09-12T15:33:54.700+0000] {logging_mixin.py:190} INFO - [2024-09-12T15:33:54.699+0000] {dag.py:4138} INFO - Setting next_dagrun for tutorial to 2024-09-11 00:00:00+00:00, run_after=2024-09-12 00:00:00+00:00
[2024-09-12T15:33:54.924+0000] {processor.py:208} INFO - Processing /home/airflow/.local/lib/python3.12/site-packages/airflow/example_dags/tutorial.py took 0.801 seconds
[2024-09-12T15:34:30.154+0000] {processor.py:186} INFO - Started process (PID=1442) to work on /home/airflow/.local/lib/python3.12/site-packages/airflow/example_dags/tutorial.py
[2024-09-12T15:34:30.174+0000] {processor.py:914} INFO - Processing file /home/airflow/.local/lib/python3.12/site-packages/airflow/example_dags/tutorial.py for tasks to queue
[2024-09-12T15:34:30.180+0000] {logging_mixin.py:190} INFO - [2024-09-12T15:34:30.179+0000] {dagbag.py:587} INFO - Filling up the DagBag from /home/airflow/.local/lib/python3.12/site-packages/airflow/example_dags/tutorial.py
[2024-09-12T15:34:30.250+0000] {processor.py:925} INFO - DAG(s) 'tutorial' retrieved from /home/airflow/.local/lib/python3.12/site-packages/airflow/example_dags/tutorial.py
[2024-09-12T15:34:30.379+0000] {logging_mixin.py:190} INFO - [2024-09-12T15:34:30.378+0000] {dag.py:3211} INFO - Sync 1 DAGs
[2024-09-12T15:34:30.706+0000] {logging_mixin.py:190} INFO - [2024-09-12T15:34:30.705+0000] {dag.py:4138} INFO - Setting next_dagrun for tutorial to 2024-09-11 00:00:00+00:00, run_after=2024-09-12 00:00:00+00:00
[2024-09-12T15:34:30.909+0000] {processor.py:208} INFO - Processing /home/airflow/.local/lib/python3.12/site-packages/airflow/example_dags/tutorial.py took 0.776 seconds
[2024-09-12T15:35:29.233+0000] {processor.py:186} INFO - Started process (PID=1509) to work on /home/airflow/.local/lib/python3.12/site-packages/airflow/example_dags/tutorial.py
[2024-09-12T15:35:29.251+0000] {processor.py:914} INFO - Processing file /home/airflow/.local/lib/python3.12/site-packages/airflow/example_dags/tutorial.py for tasks to queue
[2024-09-12T15:35:29.269+0000] {logging_mixin.py:190} INFO - [2024-09-12T15:35:29.268+0000] {dagbag.py:587} INFO - Filling up the DagBag from /home/airflow/.local/lib/python3.12/site-packages/airflow/example_dags/tutorial.py
[2024-09-12T15:35:29.651+0000] {processor.py:925} INFO - DAG(s) 'tutorial' retrieved from /home/airflow/.local/lib/python3.12/site-packages/airflow/example_dags/tutorial.py
[2024-09-12T15:35:30.259+0000] {logging_mixin.py:190} INFO - [2024-09-12T15:35:30.259+0000] {dag.py:3211} INFO - Sync 1 DAGs
[2024-09-12T15:35:30.868+0000] {logging_mixin.py:190} INFO - [2024-09-12T15:35:30.867+0000] {dag.py:4138} INFO - Setting next_dagrun for tutorial to 2024-09-11 00:00:00+00:00, run_after=2024-09-12 00:00:00+00:00
[2024-09-12T15:35:31.216+0000] {processor.py:208} INFO - Processing /home/airflow/.local/lib/python3.12/site-packages/airflow/example_dags/tutorial.py took 2.091 seconds
[2024-09-12T15:36:41.302+0000] {processor.py:186} INFO - Started process (PID=1590) to work on /home/airflow/.local/lib/python3.12/site-packages/airflow/example_dags/tutorial.py
[2024-09-12T15:36:41.307+0000] {processor.py:914} INFO - Processing file /home/airflow/.local/lib/python3.12/site-packages/airflow/example_dags/tutorial.py for tasks to queue
[2024-09-12T15:36:41.330+0000] {logging_mixin.py:190} INFO - [2024-09-12T15:36:41.324+0000] {dagbag.py:587} INFO - Filling up the DagBag from /home/airflow/.local/lib/python3.12/site-packages/airflow/example_dags/tutorial.py
[2024-09-12T15:36:41.584+0000] {processor.py:925} INFO - DAG(s) 'tutorial' retrieved from /home/airflow/.local/lib/python3.12/site-packages/airflow/example_dags/tutorial.py
[2024-09-12T15:36:41.905+0000] {logging_mixin.py:190} INFO - [2024-09-12T15:36:41.904+0000] {dag.py:3211} INFO - Sync 1 DAGs
[2024-09-12T15:36:42.116+0000] {logging_mixin.py:190} INFO - [2024-09-12T15:36:42.113+0000] {dag.py:4138} INFO - Setting next_dagrun for tutorial to 2024-09-11 00:00:00+00:00, run_after=2024-09-12 00:00:00+00:00
[2024-09-12T15:36:42.292+0000] {processor.py:208} INFO - Processing /home/airflow/.local/lib/python3.12/site-packages/airflow/example_dags/tutorial.py took 1.105 seconds
[2024-09-12T15:37:49.111+0000] {processor.py:186} INFO - Started process (PID=1672) to work on /home/airflow/.local/lib/python3.12/site-packages/airflow/example_dags/tutorial.py
[2024-09-12T15:37:49.116+0000] {processor.py:914} INFO - Processing file /home/airflow/.local/lib/python3.12/site-packages/airflow/example_dags/tutorial.py for tasks to queue
[2024-09-12T15:37:49.144+0000] {logging_mixin.py:190} INFO - [2024-09-12T15:37:49.124+0000] {dagbag.py:587} INFO - Filling up the DagBag from /home/airflow/.local/lib/python3.12/site-packages/airflow/example_dags/tutorial.py
[2024-09-12T15:37:49.256+0000] {processor.py:925} INFO - DAG(s) 'tutorial' retrieved from /home/airflow/.local/lib/python3.12/site-packages/airflow/example_dags/tutorial.py
[2024-09-12T15:37:49.432+0000] {logging_mixin.py:190} INFO - [2024-09-12T15:37:49.431+0000] {dag.py:3211} INFO - Sync 1 DAGs
[2024-09-12T15:37:49.575+0000] {logging_mixin.py:190} INFO - [2024-09-12T15:37:49.573+0000] {dag.py:4138} INFO - Setting next_dagrun for tutorial to 2024-09-11 00:00:00+00:00, run_after=2024-09-12 00:00:00+00:00
[2024-09-12T15:37:49.725+0000] {processor.py:208} INFO - Processing /home/airflow/.local/lib/python3.12/site-packages/airflow/example_dags/tutorial.py took 0.696 seconds
[2024-09-12T15:38:54.993+0000] {processor.py:186} INFO - Started process (PID=1723) to work on /home/airflow/.local/lib/python3.12/site-packages/airflow/example_dags/tutorial.py
[2024-09-12T15:38:55.003+0000] {processor.py:914} INFO - Processing file /home/airflow/.local/lib/python3.12/site-packages/airflow/example_dags/tutorial.py for tasks to queue
[2024-09-12T15:38:55.068+0000] {logging_mixin.py:190} INFO - [2024-09-12T15:38:55.067+0000] {dagbag.py:587} INFO - Filling up the DagBag from /home/airflow/.local/lib/python3.12/site-packages/airflow/example_dags/tutorial.py
[2024-09-12T15:38:55.400+0000] {processor.py:925} INFO - DAG(s) 'tutorial' retrieved from /home/airflow/.local/lib/python3.12/site-packages/airflow/example_dags/tutorial.py
[2024-09-12T15:38:55.864+0000] {logging_mixin.py:190} INFO - [2024-09-12T15:38:55.847+0000] {dag.py:3211} INFO - Sync 1 DAGs
[2024-09-12T15:38:56.336+0000] {logging_mixin.py:190} INFO - [2024-09-12T15:38:56.335+0000] {dag.py:4138} INFO - Setting next_dagrun for tutorial to 2024-09-11 00:00:00+00:00, run_after=2024-09-12 00:00:00+00:00
[2024-09-12T15:38:56.477+0000] {processor.py:208} INFO - Processing /home/airflow/.local/lib/python3.12/site-packages/airflow/example_dags/tutorial.py took 1.564 seconds
[2024-09-12T15:39:40.806+0000] {processor.py:186} INFO - Started process (PID=1771) to work on /home/airflow/.local/lib/python3.12/site-packages/airflow/example_dags/tutorial.py
[2024-09-12T15:39:40.819+0000] {processor.py:914} INFO - Processing file /home/airflow/.local/lib/python3.12/site-packages/airflow/example_dags/tutorial.py for tasks to queue
[2024-09-12T15:39:40.843+0000] {logging_mixin.py:190} INFO - [2024-09-12T15:39:40.842+0000] {dagbag.py:587} INFO - Filling up the DagBag from /home/airflow/.local/lib/python3.12/site-packages/airflow/example_dags/tutorial.py
[2024-09-12T15:39:40.959+0000] {processor.py:925} INFO - DAG(s) 'tutorial' retrieved from /home/airflow/.local/lib/python3.12/site-packages/airflow/example_dags/tutorial.py
[2024-09-12T15:39:41.366+0000] {logging_mixin.py:190} INFO - [2024-09-12T15:39:41.366+0000] {dag.py:3211} INFO - Sync 1 DAGs
[2024-09-12T15:39:41.632+0000] {logging_mixin.py:190} INFO - [2024-09-12T15:39:41.632+0000] {dag.py:4138} INFO - Setting next_dagrun for tutorial to 2024-09-11 00:00:00+00:00, run_after=2024-09-12 00:00:00+00:00
[2024-09-12T15:39:41.751+0000] {processor.py:208} INFO - Processing /home/airflow/.local/lib/python3.12/site-packages/airflow/example_dags/tutorial.py took 1.071 seconds
[2024-09-12T15:40:52.461+0000] {processor.py:186} INFO - Started process (PID=1822) to work on /home/airflow/.local/lib/python3.12/site-packages/airflow/example_dags/tutorial.py
[2024-09-12T15:40:52.604+0000] {processor.py:914} INFO - Processing file /home/airflow/.local/lib/python3.12/site-packages/airflow/example_dags/tutorial.py for tasks to queue
[2024-09-12T15:40:52.640+0000] {logging_mixin.py:190} INFO - [2024-09-12T15:40:52.621+0000] {dagbag.py:587} INFO - Filling up the DagBag from /home/airflow/.local/lib/python3.12/site-packages/airflow/example_dags/tutorial.py
[2024-09-12T15:40:52.979+0000] {processor.py:925} INFO - DAG(s) 'tutorial' retrieved from /home/airflow/.local/lib/python3.12/site-packages/airflow/example_dags/tutorial.py
[2024-09-12T15:40:53.773+0000] {logging_mixin.py:190} INFO - [2024-09-12T15:40:53.772+0000] {dag.py:3211} INFO - Sync 1 DAGs
[2024-09-12T15:40:54.350+0000] {logging_mixin.py:190} INFO - [2024-09-12T15:40:54.350+0000] {dag.py:4138} INFO - Setting next_dagrun for tutorial to 2024-09-11 00:00:00+00:00, run_after=2024-09-12 00:00:00+00:00
[2024-09-12T15:40:54.985+0000] {processor.py:208} INFO - Processing /home/airflow/.local/lib/python3.12/site-packages/airflow/example_dags/tutorial.py took 2.731 seconds
[2024-09-12T15:44:28.918+0000] {processor.py:186} INFO - Started process (PID=1893) to work on /home/airflow/.local/lib/python3.12/site-packages/airflow/example_dags/tutorial.py
[2024-09-12T15:44:28.932+0000] {processor.py:914} INFO - Processing file /home/airflow/.local/lib/python3.12/site-packages/airflow/example_dags/tutorial.py for tasks to queue
[2024-09-12T15:44:28.948+0000] {logging_mixin.py:190} INFO - [2024-09-12T15:44:28.947+0000] {dagbag.py:587} INFO - Filling up the DagBag from /home/airflow/.local/lib/python3.12/site-packages/airflow/example_dags/tutorial.py
[2024-09-12T15:44:29.055+0000] {processor.py:925} INFO - DAG(s) 'tutorial' retrieved from /home/airflow/.local/lib/python3.12/site-packages/airflow/example_dags/tutorial.py
[2024-09-12T15:44:29.187+0000] {logging_mixin.py:190} INFO - [2024-09-12T15:44:29.186+0000] {dag.py:3211} INFO - Sync 1 DAGs
[2024-09-12T15:44:29.434+0000] {logging_mixin.py:190} INFO - [2024-09-12T15:44:29.434+0000] {dag.py:4138} INFO - Setting next_dagrun for tutorial to 2024-09-11 00:00:00+00:00, run_after=2024-09-12 00:00:00+00:00
[2024-09-12T15:44:29.640+0000] {processor.py:208} INFO - Processing /home/airflow/.local/lib/python3.12/site-packages/airflow/example_dags/tutorial.py took 0.745 seconds
[2024-09-12T15:45:20.405+0000] {processor.py:186} INFO - Started process (PID=1957) to work on /home/airflow/.local/lib/python3.12/site-packages/airflow/example_dags/tutorial.py
[2024-09-12T15:45:20.422+0000] {processor.py:914} INFO - Processing file /home/airflow/.local/lib/python3.12/site-packages/airflow/example_dags/tutorial.py for tasks to queue
[2024-09-12T15:45:20.430+0000] {logging_mixin.py:190} INFO - [2024-09-12T15:45:20.429+0000] {dagbag.py:587} INFO - Filling up the DagBag from /home/airflow/.local/lib/python3.12/site-packages/airflow/example_dags/tutorial.py
[2024-09-12T15:45:20.596+0000] {processor.py:925} INFO - DAG(s) 'tutorial' retrieved from /home/airflow/.local/lib/python3.12/site-packages/airflow/example_dags/tutorial.py
[2024-09-12T15:45:20.779+0000] {logging_mixin.py:190} INFO - [2024-09-12T15:45:20.778+0000] {dag.py:3211} INFO - Sync 1 DAGs
[2024-09-12T15:45:20.979+0000] {logging_mixin.py:190} INFO - [2024-09-12T15:45:20.978+0000] {dag.py:4138} INFO - Setting next_dagrun for tutorial to 2024-09-11 00:00:00+00:00, run_after=2024-09-12 00:00:00+00:00
[2024-09-12T15:45:21.148+0000] {processor.py:208} INFO - Processing /home/airflow/.local/lib/python3.12/site-packages/airflow/example_dags/tutorial.py took 0.785 seconds
[2024-09-12T15:45:56.503+0000] {processor.py:186} INFO - Started process (PID=2009) to work on /home/airflow/.local/lib/python3.12/site-packages/airflow/example_dags/tutorial.py
[2024-09-12T15:45:56.507+0000] {processor.py:914} INFO - Processing file /home/airflow/.local/lib/python3.12/site-packages/airflow/example_dags/tutorial.py for tasks to queue
[2024-09-12T15:45:56.527+0000] {logging_mixin.py:190} INFO - [2024-09-12T15:45:56.526+0000] {dagbag.py:587} INFO - Filling up the DagBag from /home/airflow/.local/lib/python3.12/site-packages/airflow/example_dags/tutorial.py
[2024-09-12T15:45:56.590+0000] {processor.py:925} INFO - DAG(s) 'tutorial' retrieved from /home/airflow/.local/lib/python3.12/site-packages/airflow/example_dags/tutorial.py
[2024-09-12T15:45:56.703+0000] {logging_mixin.py:190} INFO - [2024-09-12T15:45:56.702+0000] {dag.py:3211} INFO - Sync 1 DAGs
[2024-09-12T15:45:56.833+0000] {logging_mixin.py:190} INFO - [2024-09-12T15:45:56.832+0000] {dag.py:4138} INFO - Setting next_dagrun for tutorial to 2024-09-11 00:00:00+00:00, run_after=2024-09-12 00:00:00+00:00
[2024-09-12T15:45:57.015+0000] {processor.py:208} INFO - Processing /home/airflow/.local/lib/python3.12/site-packages/airflow/example_dags/tutorial.py took 0.536 seconds
[2024-09-12T15:46:54.276+0000] {processor.py:186} INFO - Started process (PID=2080) to work on /home/airflow/.local/lib/python3.12/site-packages/airflow/example_dags/tutorial.py
[2024-09-12T15:46:54.281+0000] {processor.py:914} INFO - Processing file /home/airflow/.local/lib/python3.12/site-packages/airflow/example_dags/tutorial.py for tasks to queue
[2024-09-12T15:46:54.297+0000] {logging_mixin.py:190} INFO - [2024-09-12T15:46:54.296+0000] {dagbag.py:587} INFO - Filling up the DagBag from /home/airflow/.local/lib/python3.12/site-packages/airflow/example_dags/tutorial.py
[2024-09-12T15:46:54.390+0000] {processor.py:925} INFO - DAG(s) 'tutorial' retrieved from /home/airflow/.local/lib/python3.12/site-packages/airflow/example_dags/tutorial.py
[2024-09-12T15:46:54.647+0000] {logging_mixin.py:190} INFO - [2024-09-12T15:46:54.646+0000] {dag.py:3211} INFO - Sync 1 DAGs
[2024-09-12T15:46:54.930+0000] {logging_mixin.py:190} INFO - [2024-09-12T15:46:54.929+0000] {dag.py:4138} INFO - Setting next_dagrun for tutorial to 2024-09-11 00:00:00+00:00, run_after=2024-09-12 00:00:00+00:00
[2024-09-12T15:46:55.127+0000] {processor.py:208} INFO - Processing /home/airflow/.local/lib/python3.12/site-packages/airflow/example_dags/tutorial.py took 0.946 seconds
[2024-09-12T15:47:46.128+0000] {processor.py:186} INFO - Started process (PID=2139) to work on /home/airflow/.local/lib/python3.12/site-packages/airflow/example_dags/tutorial.py
[2024-09-12T15:47:46.141+0000] {processor.py:914} INFO - Processing file /home/airflow/.local/lib/python3.12/site-packages/airflow/example_dags/tutorial.py for tasks to queue
[2024-09-12T15:47:46.154+0000] {logging_mixin.py:190} INFO - [2024-09-12T15:47:46.152+0000] {dagbag.py:587} INFO - Filling up the DagBag from /home/airflow/.local/lib/python3.12/site-packages/airflow/example_dags/tutorial.py
[2024-09-12T15:47:46.310+0000] {processor.py:925} INFO - DAG(s) 'tutorial' retrieved from /home/airflow/.local/lib/python3.12/site-packages/airflow/example_dags/tutorial.py
[2024-09-12T15:47:46.612+0000] {logging_mixin.py:190} INFO - [2024-09-12T15:47:46.611+0000] {dag.py:3211} INFO - Sync 1 DAGs
[2024-09-12T15:47:46.879+0000] {logging_mixin.py:190} INFO - [2024-09-12T15:47:46.878+0000] {dag.py:4138} INFO - Setting next_dagrun for tutorial to 2024-09-11 00:00:00+00:00, run_after=2024-09-12 00:00:00+00:00
[2024-09-12T15:47:47.152+0000] {processor.py:208} INFO - Processing /home/airflow/.local/lib/python3.12/site-packages/airflow/example_dags/tutorial.py took 1.082 seconds
[2024-09-12T15:48:30.710+0000] {processor.py:186} INFO - Started process (PID=2205) to work on /home/airflow/.local/lib/python3.12/site-packages/airflow/example_dags/tutorial.py
[2024-09-12T15:48:30.794+0000] {processor.py:914} INFO - Processing file /home/airflow/.local/lib/python3.12/site-packages/airflow/example_dags/tutorial.py for tasks to queue
[2024-09-12T15:48:30.807+0000] {logging_mixin.py:190} INFO - [2024-09-12T15:48:30.797+0000] {dagbag.py:587} INFO - Filling up the DagBag from /home/airflow/.local/lib/python3.12/site-packages/airflow/example_dags/tutorial.py
[2024-09-12T15:48:30.915+0000] {processor.py:925} INFO - DAG(s) 'tutorial' retrieved from /home/airflow/.local/lib/python3.12/site-packages/airflow/example_dags/tutorial.py
[2024-09-12T15:48:31.071+0000] {logging_mixin.py:190} INFO - [2024-09-12T15:48:31.070+0000] {dag.py:3211} INFO - Sync 1 DAGs
[2024-09-12T15:48:31.286+0000] {logging_mixin.py:190} INFO - [2024-09-12T15:48:31.286+0000] {dag.py:4138} INFO - Setting next_dagrun for tutorial to 2024-09-11 00:00:00+00:00, run_after=2024-09-12 00:00:00+00:00
[2024-09-12T15:48:31.470+0000] {processor.py:208} INFO - Processing /home/airflow/.local/lib/python3.12/site-packages/airflow/example_dags/tutorial.py took 0.816 seconds
[2024-09-12T15:49:26.162+0000] {processor.py:186} INFO - Started process (PID=2257) to work on /home/airflow/.local/lib/python3.12/site-packages/airflow/example_dags/tutorial.py
[2024-09-12T15:49:26.172+0000] {processor.py:914} INFO - Processing file /home/airflow/.local/lib/python3.12/site-packages/airflow/example_dags/tutorial.py for tasks to queue
[2024-09-12T15:49:26.180+0000] {logging_mixin.py:190} INFO - [2024-09-12T15:49:26.179+0000] {dagbag.py:587} INFO - Filling up the DagBag from /home/airflow/.local/lib/python3.12/site-packages/airflow/example_dags/tutorial.py
[2024-09-12T15:49:26.226+0000] {processor.py:925} INFO - DAG(s) 'tutorial' retrieved from /home/airflow/.local/lib/python3.12/site-packages/airflow/example_dags/tutorial.py
[2024-09-12T15:49:26.398+0000] {logging_mixin.py:190} INFO - [2024-09-12T15:49:26.397+0000] {dag.py:3211} INFO - Sync 1 DAGs
[2024-09-12T15:49:26.733+0000] {logging_mixin.py:190} INFO - [2024-09-12T15:49:26.732+0000] {dag.py:4138} INFO - Setting next_dagrun for tutorial to 2024-09-11 00:00:00+00:00, run_after=2024-09-12 00:00:00+00:00
[2024-09-12T15:49:26.872+0000] {processor.py:208} INFO - Processing /home/airflow/.local/lib/python3.12/site-packages/airflow/example_dags/tutorial.py took 0.800 seconds
[2024-09-12T15:50:14.570+0000] {processor.py:186} INFO - Started process (PID=2328) to work on /home/airflow/.local/lib/python3.12/site-packages/airflow/example_dags/tutorial.py
[2024-09-12T15:50:14.583+0000] {processor.py:914} INFO - Processing file /home/airflow/.local/lib/python3.12/site-packages/airflow/example_dags/tutorial.py for tasks to queue
[2024-09-12T15:50:14.588+0000] {logging_mixin.py:190} INFO - [2024-09-12T15:50:14.587+0000] {dagbag.py:587} INFO - Filling up the DagBag from /home/airflow/.local/lib/python3.12/site-packages/airflow/example_dags/tutorial.py
[2024-09-12T15:50:14.631+0000] {processor.py:925} INFO - DAG(s) 'tutorial' retrieved from /home/airflow/.local/lib/python3.12/site-packages/airflow/example_dags/tutorial.py
[2024-09-12T15:50:14.742+0000] {logging_mixin.py:190} INFO - [2024-09-12T15:50:14.742+0000] {dag.py:3211} INFO - Sync 1 DAGs
[2024-09-12T15:50:14.882+0000] {logging_mixin.py:190} INFO - [2024-09-12T15:50:14.882+0000] {dag.py:4138} INFO - Setting next_dagrun for tutorial to 2024-09-11 00:00:00+00:00, run_after=2024-09-12 00:00:00+00:00
[2024-09-12T15:50:14.945+0000] {processor.py:208} INFO - Processing /home/airflow/.local/lib/python3.12/site-packages/airflow/example_dags/tutorial.py took 0.416 seconds
[2024-09-12T15:51:15.128+0000] {processor.py:186} INFO - Started process (PID=2390) to work on /home/airflow/.local/lib/python3.12/site-packages/airflow/example_dags/tutorial.py
[2024-09-12T15:51:15.178+0000] {processor.py:914} INFO - Processing file /home/airflow/.local/lib/python3.12/site-packages/airflow/example_dags/tutorial.py for tasks to queue
[2024-09-12T15:51:15.234+0000] {logging_mixin.py:190} INFO - [2024-09-12T15:51:15.214+0000] {dagbag.py:587} INFO - Filling up the DagBag from /home/airflow/.local/lib/python3.12/site-packages/airflow/example_dags/tutorial.py
[2024-09-12T15:51:15.701+0000] {processor.py:925} INFO - DAG(s) 'tutorial' retrieved from /home/airflow/.local/lib/python3.12/site-packages/airflow/example_dags/tutorial.py
[2024-09-12T15:51:16.302+0000] {logging_mixin.py:190} INFO - [2024-09-12T15:51:16.302+0000] {dag.py:3211} INFO - Sync 1 DAGs
[2024-09-12T15:51:16.505+0000] {logging_mixin.py:190} INFO - [2024-09-12T15:51:16.505+0000] {dag.py:4138} INFO - Setting next_dagrun for tutorial to 2024-09-11 00:00:00+00:00, run_after=2024-09-12 00:00:00+00:00
[2024-09-12T15:51:16.667+0000] {processor.py:208} INFO - Processing /home/airflow/.local/lib/python3.12/site-packages/airflow/example_dags/tutorial.py took 1.636 seconds
[2024-09-12T15:51:53.065+0000] {processor.py:186} INFO - Started process (PID=2434) to work on /home/airflow/.local/lib/python3.12/site-packages/airflow/example_dags/tutorial.py
[2024-09-12T15:51:53.109+0000] {processor.py:914} INFO - Processing file /home/airflow/.local/lib/python3.12/site-packages/airflow/example_dags/tutorial.py for tasks to queue
[2024-09-12T15:51:53.126+0000] {logging_mixin.py:190} INFO - [2024-09-12T15:51:53.119+0000] {dagbag.py:587} INFO - Filling up the DagBag from /home/airflow/.local/lib/python3.12/site-packages/airflow/example_dags/tutorial.py
[2024-09-12T15:51:53.224+0000] {processor.py:925} INFO - DAG(s) 'tutorial' retrieved from /home/airflow/.local/lib/python3.12/site-packages/airflow/example_dags/tutorial.py
[2024-09-12T15:51:53.343+0000] {logging_mixin.py:190} INFO - [2024-09-12T15:51:53.341+0000] {dag.py:3211} INFO - Sync 1 DAGs
[2024-09-12T15:51:53.507+0000] {logging_mixin.py:190} INFO - [2024-09-12T15:51:53.503+0000] {dag.py:4138} INFO - Setting next_dagrun for tutorial to 2024-09-11 00:00:00+00:00, run_after=2024-09-12 00:00:00+00:00
[2024-09-12T15:51:53.629+0000] {processor.py:208} INFO - Processing /home/airflow/.local/lib/python3.12/site-packages/airflow/example_dags/tutorial.py took 0.608 seconds
[2024-09-12T15:52:25.472+0000] {processor.py:186} INFO - Started process (PID=2499) to work on /home/airflow/.local/lib/python3.12/site-packages/airflow/example_dags/tutorial.py
[2024-09-12T15:52:25.487+0000] {processor.py:914} INFO - Processing file /home/airflow/.local/lib/python3.12/site-packages/airflow/example_dags/tutorial.py for tasks to queue
[2024-09-12T15:52:25.506+0000] {logging_mixin.py:190} INFO - [2024-09-12T15:52:25.505+0000] {dagbag.py:587} INFO - Filling up the DagBag from /home/airflow/.local/lib/python3.12/site-packages/airflow/example_dags/tutorial.py
[2024-09-12T15:52:25.611+0000] {processor.py:925} INFO - DAG(s) 'tutorial' retrieved from /home/airflow/.local/lib/python3.12/site-packages/airflow/example_dags/tutorial.py
[2024-09-12T15:52:25.756+0000] {logging_mixin.py:190} INFO - [2024-09-12T15:52:25.756+0000] {dag.py:3211} INFO - Sync 1 DAGs
[2024-09-12T15:52:25.973+0000] {logging_mixin.py:190} INFO - [2024-09-12T15:52:25.971+0000] {dag.py:4138} INFO - Setting next_dagrun for tutorial to 2024-09-11 00:00:00+00:00, run_after=2024-09-12 00:00:00+00:00
[2024-09-12T15:52:26.071+0000] {processor.py:208} INFO - Processing /home/airflow/.local/lib/python3.12/site-packages/airflow/example_dags/tutorial.py took 0.682 seconds
[2024-09-12T15:52:59.849+0000] {processor.py:186} INFO - Started process (PID=2554) to work on /home/airflow/.local/lib/python3.12/site-packages/airflow/example_dags/tutorial.py
[2024-09-12T15:52:59.852+0000] {processor.py:914} INFO - Processing file /home/airflow/.local/lib/python3.12/site-packages/airflow/example_dags/tutorial.py for tasks to queue
[2024-09-12T15:52:59.855+0000] {logging_mixin.py:190} INFO - [2024-09-12T15:52:59.854+0000] {dagbag.py:587} INFO - Filling up the DagBag from /home/airflow/.local/lib/python3.12/site-packages/airflow/example_dags/tutorial.py
[2024-09-12T15:52:59.915+0000] {processor.py:925} INFO - DAG(s) 'tutorial' retrieved from /home/airflow/.local/lib/python3.12/site-packages/airflow/example_dags/tutorial.py
[2024-09-12T15:53:00.011+0000] {logging_mixin.py:190} INFO - [2024-09-12T15:53:00.010+0000] {dag.py:3211} INFO - Sync 1 DAGs
[2024-09-12T15:53:00.298+0000] {logging_mixin.py:190} INFO - [2024-09-12T15:53:00.297+0000] {dag.py:4138} INFO - Setting next_dagrun for tutorial to 2024-09-11 00:00:00+00:00, run_after=2024-09-12 00:00:00+00:00
[2024-09-12T15:53:00.538+0000] {processor.py:208} INFO - Processing /home/airflow/.local/lib/python3.12/site-packages/airflow/example_dags/tutorial.py took 0.726 seconds
[2024-09-12T15:53:34.375+0000] {processor.py:186} INFO - Started process (PID=2620) to work on /home/airflow/.local/lib/python3.12/site-packages/airflow/example_dags/tutorial.py
[2024-09-12T15:53:34.378+0000] {processor.py:914} INFO - Processing file /home/airflow/.local/lib/python3.12/site-packages/airflow/example_dags/tutorial.py for tasks to queue
[2024-09-12T15:53:34.392+0000] {logging_mixin.py:190} INFO - [2024-09-12T15:53:34.391+0000] {dagbag.py:587} INFO - Filling up the DagBag from /home/airflow/.local/lib/python3.12/site-packages/airflow/example_dags/tutorial.py
[2024-09-12T15:53:34.466+0000] {processor.py:925} INFO - DAG(s) 'tutorial' retrieved from /home/airflow/.local/lib/python3.12/site-packages/airflow/example_dags/tutorial.py
[2024-09-12T15:53:34.781+0000] {logging_mixin.py:190} INFO - [2024-09-12T15:53:34.781+0000] {dag.py:3211} INFO - Sync 1 DAGs
[2024-09-12T15:53:34.931+0000] {logging_mixin.py:190} INFO - [2024-09-12T15:53:34.931+0000] {dag.py:4138} INFO - Setting next_dagrun for tutorial to 2024-09-11 00:00:00+00:00, run_after=2024-09-12 00:00:00+00:00
[2024-09-12T15:53:35.011+0000] {processor.py:208} INFO - Processing /home/airflow/.local/lib/python3.12/site-packages/airflow/example_dags/tutorial.py took 0.683 seconds
[2024-09-12T15:54:40.148+0000] {processor.py:186} INFO - Started process (PID=2696) to work on /home/airflow/.local/lib/python3.12/site-packages/airflow/example_dags/tutorial.py
[2024-09-12T15:54:40.190+0000] {processor.py:914} INFO - Processing file /home/airflow/.local/lib/python3.12/site-packages/airflow/example_dags/tutorial.py for tasks to queue
[2024-09-12T15:54:40.223+0000] {logging_mixin.py:190} INFO - [2024-09-12T15:54:40.200+0000] {dagbag.py:587} INFO - Filling up the DagBag from /home/airflow/.local/lib/python3.12/site-packages/airflow/example_dags/tutorial.py
[2024-09-12T15:54:40.741+0000] {processor.py:925} INFO - DAG(s) 'tutorial' retrieved from /home/airflow/.local/lib/python3.12/site-packages/airflow/example_dags/tutorial.py
[2024-09-12T15:55:04.370+0000] {logging_mixin.py:190} INFO - [2024-09-12T15:55:04.370+0000] {dag.py:3211} INFO - Sync 1 DAGs
[2024-09-12T15:55:04.746+0000] {logging_mixin.py:190} INFO - [2024-09-12T15:55:04.745+0000] {dag.py:4138} INFO - Setting next_dagrun for tutorial to 2024-09-11 00:00:00+00:00, run_after=2024-09-12 00:00:00+00:00
[2024-09-12T15:55:04.936+0000] {processor.py:208} INFO - Processing /home/airflow/.local/lib/python3.12/site-packages/airflow/example_dags/tutorial.py took 24.916 seconds
[2024-09-12T15:55:43.351+0000] {processor.py:186} INFO - Started process (PID=2749) to work on /home/airflow/.local/lib/python3.12/site-packages/airflow/example_dags/tutorial.py
[2024-09-12T15:55:43.354+0000] {processor.py:914} INFO - Processing file /home/airflow/.local/lib/python3.12/site-packages/airflow/example_dags/tutorial.py for tasks to queue
[2024-09-12T15:55:43.360+0000] {logging_mixin.py:190} INFO - [2024-09-12T15:55:43.358+0000] {dagbag.py:587} INFO - Filling up the DagBag from /home/airflow/.local/lib/python3.12/site-packages/airflow/example_dags/tutorial.py
[2024-09-12T15:55:43.398+0000] {processor.py:925} INFO - DAG(s) 'tutorial' retrieved from /home/airflow/.local/lib/python3.12/site-packages/airflow/example_dags/tutorial.py
[2024-09-12T15:55:43.477+0000] {logging_mixin.py:190} INFO - [2024-09-12T15:55:43.476+0000] {dag.py:3211} INFO - Sync 1 DAGs
[2024-09-12T15:55:43.567+0000] {logging_mixin.py:190} INFO - [2024-09-12T15:55:43.566+0000] {dag.py:4138} INFO - Setting next_dagrun for tutorial to 2024-09-11 00:00:00+00:00, run_after=2024-09-12 00:00:00+00:00
[2024-09-12T15:55:43.704+0000] {processor.py:208} INFO - Processing /home/airflow/.local/lib/python3.12/site-packages/airflow/example_dags/tutorial.py took 0.387 seconds
[2024-09-12T15:56:43.133+0000] {processor.py:186} INFO - Started process (PID=2812) to work on /home/airflow/.local/lib/python3.12/site-packages/airflow/example_dags/tutorial.py
[2024-09-12T15:56:43.135+0000] {processor.py:914} INFO - Processing file /home/airflow/.local/lib/python3.12/site-packages/airflow/example_dags/tutorial.py for tasks to queue
[2024-09-12T15:56:43.146+0000] {logging_mixin.py:190} INFO - [2024-09-12T15:56:43.145+0000] {dagbag.py:587} INFO - Filling up the DagBag from /home/airflow/.local/lib/python3.12/site-packages/airflow/example_dags/tutorial.py
[2024-09-12T15:56:43.200+0000] {processor.py:925} INFO - DAG(s) 'tutorial' retrieved from /home/airflow/.local/lib/python3.12/site-packages/airflow/example_dags/tutorial.py
[2024-09-12T15:56:43.299+0000] {logging_mixin.py:190} INFO - [2024-09-12T15:56:43.298+0000] {dag.py:3211} INFO - Sync 1 DAGs
[2024-09-12T15:56:43.440+0000] {logging_mixin.py:190} INFO - [2024-09-12T15:56:43.440+0000] {dag.py:4138} INFO - Setting next_dagrun for tutorial to 2024-09-11 00:00:00+00:00, run_after=2024-09-12 00:00:00+00:00
[2024-09-12T15:56:43.559+0000] {processor.py:208} INFO - Processing /home/airflow/.local/lib/python3.12/site-packages/airflow/example_dags/tutorial.py took 0.496 seconds
[2024-09-12T15:57:15.141+0000] {processor.py:186} INFO - Started process (PID=2877) to work on /home/airflow/.local/lib/python3.12/site-packages/airflow/example_dags/tutorial.py
[2024-09-12T15:57:15.145+0000] {processor.py:914} INFO - Processing file /home/airflow/.local/lib/python3.12/site-packages/airflow/example_dags/tutorial.py for tasks to queue
[2024-09-12T15:57:15.158+0000] {logging_mixin.py:190} INFO - [2024-09-12T15:57:15.157+0000] {dagbag.py:587} INFO - Filling up the DagBag from /home/airflow/.local/lib/python3.12/site-packages/airflow/example_dags/tutorial.py
[2024-09-12T15:57:15.236+0000] {processor.py:925} INFO - DAG(s) 'tutorial' retrieved from /home/airflow/.local/lib/python3.12/site-packages/airflow/example_dags/tutorial.py
[2024-09-12T15:57:15.430+0000] {logging_mixin.py:190} INFO - [2024-09-12T15:57:15.429+0000] {dag.py:3211} INFO - Sync 1 DAGs
[2024-09-12T15:57:15.688+0000] {logging_mixin.py:190} INFO - [2024-09-12T15:57:15.686+0000] {dag.py:4138} INFO - Setting next_dagrun for tutorial to 2024-09-11 00:00:00+00:00, run_after=2024-09-12 00:00:00+00:00
[2024-09-12T15:57:15.854+0000] {processor.py:208} INFO - Processing /home/airflow/.local/lib/python3.12/site-packages/airflow/example_dags/tutorial.py took 0.744 seconds
[2024-09-12T15:57:56.359+0000] {processor.py:186} INFO - Started process (PID=2935) to work on /home/airflow/.local/lib/python3.12/site-packages/airflow/example_dags/tutorial.py
[2024-09-12T15:57:56.370+0000] {processor.py:914} INFO - Processing file /home/airflow/.local/lib/python3.12/site-packages/airflow/example_dags/tutorial.py for tasks to queue
[2024-09-12T15:57:56.388+0000] {logging_mixin.py:190} INFO - [2024-09-12T15:57:56.387+0000] {dagbag.py:587} INFO - Filling up the DagBag from /home/airflow/.local/lib/python3.12/site-packages/airflow/example_dags/tutorial.py
[2024-09-12T15:57:56.488+0000] {processor.py:925} INFO - DAG(s) 'tutorial' retrieved from /home/airflow/.local/lib/python3.12/site-packages/airflow/example_dags/tutorial.py
[2024-09-12T15:57:56.577+0000] {logging_mixin.py:190} INFO - [2024-09-12T15:57:56.576+0000] {dag.py:3211} INFO - Sync 1 DAGs
[2024-09-12T15:57:56.777+0000] {logging_mixin.py:190} INFO - [2024-09-12T15:57:56.777+0000] {dag.py:4138} INFO - Setting next_dagrun for tutorial to 2024-09-11 00:00:00+00:00, run_after=2024-09-12 00:00:00+00:00
[2024-09-12T15:57:56.916+0000] {processor.py:208} INFO - Processing /home/airflow/.local/lib/python3.12/site-packages/airflow/example_dags/tutorial.py took 0.596 seconds
[2024-09-12T15:59:15.852+0000] {processor.py:186} INFO - Started process (PID=3000) to work on /home/airflow/.local/lib/python3.12/site-packages/airflow/example_dags/tutorial.py
[2024-09-12T15:59:15.855+0000] {processor.py:914} INFO - Processing file /home/airflow/.local/lib/python3.12/site-packages/airflow/example_dags/tutorial.py for tasks to queue
[2024-09-12T15:59:15.859+0000] {logging_mixin.py:190} INFO - [2024-09-12T15:59:15.857+0000] {dagbag.py:587} INFO - Filling up the DagBag from /home/airflow/.local/lib/python3.12/site-packages/airflow/example_dags/tutorial.py
[2024-09-12T15:59:15.907+0000] {processor.py:925} INFO - DAG(s) 'tutorial' retrieved from /home/airflow/.local/lib/python3.12/site-packages/airflow/example_dags/tutorial.py
[2024-09-12T15:59:15.978+0000] {logging_mixin.py:190} INFO - [2024-09-12T15:59:15.977+0000] {dag.py:3211} INFO - Sync 1 DAGs
[2024-09-12T15:59:16.098+0000] {logging_mixin.py:190} INFO - [2024-09-12T15:59:16.097+0000] {dag.py:4138} INFO - Setting next_dagrun for tutorial to 2024-09-11 00:00:00+00:00, run_after=2024-09-12 00:00:00+00:00
[2024-09-12T15:59:16.179+0000] {processor.py:208} INFO - Processing /home/airflow/.local/lib/python3.12/site-packages/airflow/example_dags/tutorial.py took 0.351 seconds
[2024-09-12T16:00:14.164+0000] {processor.py:186} INFO - Started process (PID=3076) to work on /home/airflow/.local/lib/python3.12/site-packages/airflow/example_dags/tutorial.py
[2024-09-12T16:00:14.170+0000] {processor.py:914} INFO - Processing file /home/airflow/.local/lib/python3.12/site-packages/airflow/example_dags/tutorial.py for tasks to queue
[2024-09-12T16:00:14.175+0000] {logging_mixin.py:190} INFO - [2024-09-12T16:00:14.174+0000] {dagbag.py:587} INFO - Filling up the DagBag from /home/airflow/.local/lib/python3.12/site-packages/airflow/example_dags/tutorial.py
[2024-09-12T16:00:14.241+0000] {processor.py:925} INFO - DAG(s) 'tutorial' retrieved from /home/airflow/.local/lib/python3.12/site-packages/airflow/example_dags/tutorial.py
[2024-09-12T16:00:14.417+0000] {logging_mixin.py:190} INFO - [2024-09-12T16:00:14.417+0000] {dag.py:3211} INFO - Sync 1 DAGs
[2024-09-12T16:00:14.552+0000] {logging_mixin.py:190} INFO - [2024-09-12T16:00:14.551+0000] {dag.py:4138} INFO - Setting next_dagrun for tutorial to 2024-09-11 00:00:00+00:00, run_after=2024-09-12 00:00:00+00:00
[2024-09-12T16:00:14.644+0000] {processor.py:208} INFO - Processing /home/airflow/.local/lib/python3.12/site-packages/airflow/example_dags/tutorial.py took 0.493 seconds
[2024-09-12T16:00:54.841+0000] {processor.py:186} INFO - Started process (PID=3141) to work on /home/airflow/.local/lib/python3.12/site-packages/airflow/example_dags/tutorial.py
[2024-09-12T16:00:54.844+0000] {processor.py:914} INFO - Processing file /home/airflow/.local/lib/python3.12/site-packages/airflow/example_dags/tutorial.py for tasks to queue
[2024-09-12T16:00:54.851+0000] {logging_mixin.py:190} INFO - [2024-09-12T16:00:54.849+0000] {dagbag.py:587} INFO - Filling up the DagBag from /home/airflow/.local/lib/python3.12/site-packages/airflow/example_dags/tutorial.py
[2024-09-12T16:00:54.888+0000] {processor.py:925} INFO - DAG(s) 'tutorial' retrieved from /home/airflow/.local/lib/python3.12/site-packages/airflow/example_dags/tutorial.py
[2024-09-12T16:00:54.998+0000] {logging_mixin.py:190} INFO - [2024-09-12T16:00:54.997+0000] {dag.py:3211} INFO - Sync 1 DAGs
[2024-09-12T16:00:55.144+0000] {logging_mixin.py:190} INFO - [2024-09-12T16:00:55.143+0000] {dag.py:4138} INFO - Setting next_dagrun for tutorial to 2024-09-11 00:00:00+00:00, run_after=2024-09-12 00:00:00+00:00
[2024-09-12T16:00:55.274+0000] {processor.py:208} INFO - Processing /home/airflow/.local/lib/python3.12/site-packages/airflow/example_dags/tutorial.py took 0.463 seconds
[2024-09-12T16:01:47.541+0000] {processor.py:186} INFO - Started process (PID=3205) to work on /home/airflow/.local/lib/python3.12/site-packages/airflow/example_dags/tutorial.py
[2024-09-12T16:01:47.558+0000] {processor.py:914} INFO - Processing file /home/airflow/.local/lib/python3.12/site-packages/airflow/example_dags/tutorial.py for tasks to queue
[2024-09-12T16:01:47.577+0000] {logging_mixin.py:190} INFO - [2024-09-12T16:01:47.576+0000] {dagbag.py:587} INFO - Filling up the DagBag from /home/airflow/.local/lib/python3.12/site-packages/airflow/example_dags/tutorial.py
[2024-09-12T16:01:47.696+0000] {processor.py:925} INFO - DAG(s) 'tutorial' retrieved from /home/airflow/.local/lib/python3.12/site-packages/airflow/example_dags/tutorial.py
[2024-09-12T16:01:47.979+0000] {logging_mixin.py:190} INFO - [2024-09-12T16:01:47.955+0000] {dag.py:3211} INFO - Sync 1 DAGs
[2024-09-12T16:01:48.384+0000] {logging_mixin.py:190} INFO - [2024-09-12T16:01:48.378+0000] {dag.py:4138} INFO - Setting next_dagrun for tutorial to 2024-09-11 00:00:00+00:00, run_after=2024-09-12 00:00:00+00:00
[2024-09-12T16:01:48.631+0000] {processor.py:208} INFO - Processing /home/airflow/.local/lib/python3.12/site-packages/airflow/example_dags/tutorial.py took 1.203 seconds
[2024-09-12T16:02:26.998+0000] {processor.py:186} INFO - Started process (PID=3256) to work on /home/airflow/.local/lib/python3.12/site-packages/airflow/example_dags/tutorial.py
[2024-09-12T16:02:27.033+0000] {processor.py:914} INFO - Processing file /home/airflow/.local/lib/python3.12/site-packages/airflow/example_dags/tutorial.py for tasks to queue
[2024-09-12T16:02:27.044+0000] {logging_mixin.py:190} INFO - [2024-09-12T16:02:27.040+0000] {dagbag.py:587} INFO - Filling up the DagBag from /home/airflow/.local/lib/python3.12/site-packages/airflow/example_dags/tutorial.py
[2024-09-12T16:02:27.142+0000] {processor.py:925} INFO - DAG(s) 'tutorial' retrieved from /home/airflow/.local/lib/python3.12/site-packages/airflow/example_dags/tutorial.py
[2024-09-12T16:02:27.332+0000] {logging_mixin.py:190} INFO - [2024-09-12T16:02:27.332+0000] {dag.py:3211} INFO - Sync 1 DAGs
[2024-09-12T16:02:27.582+0000] {logging_mixin.py:190} INFO - [2024-09-12T16:02:27.582+0000] {dag.py:4138} INFO - Setting next_dagrun for tutorial to 2024-09-11 00:00:00+00:00, run_after=2024-09-12 00:00:00+00:00
[2024-09-12T16:02:27.812+0000] {processor.py:208} INFO - Processing /home/airflow/.local/lib/python3.12/site-packages/airflow/example_dags/tutorial.py took 0.956 seconds
[2024-09-12T16:03:23.757+0000] {processor.py:186} INFO - Started process (PID=3300) to work on /home/airflow/.local/lib/python3.12/site-packages/airflow/example_dags/tutorial.py
[2024-09-12T16:03:23.764+0000] {processor.py:914} INFO - Processing file /home/airflow/.local/lib/python3.12/site-packages/airflow/example_dags/tutorial.py for tasks to queue
[2024-09-12T16:03:23.776+0000] {logging_mixin.py:190} INFO - [2024-09-12T16:03:23.775+0000] {dagbag.py:587} INFO - Filling up the DagBag from /home/airflow/.local/lib/python3.12/site-packages/airflow/example_dags/tutorial.py
[2024-09-12T16:03:23.887+0000] {processor.py:925} INFO - DAG(s) 'tutorial' retrieved from /home/airflow/.local/lib/python3.12/site-packages/airflow/example_dags/tutorial.py
[2024-09-12T16:03:24.010+0000] {logging_mixin.py:190} INFO - [2024-09-12T16:03:24.009+0000] {dag.py:3211} INFO - Sync 1 DAGs
[2024-09-12T16:03:24.943+0000] {logging_mixin.py:190} INFO - [2024-09-12T16:03:24.943+0000] {dag.py:4138} INFO - Setting next_dagrun for tutorial to 2024-09-11 00:00:00+00:00, run_after=2024-09-12 00:00:00+00:00
[2024-09-12T16:03:25.102+0000] {processor.py:208} INFO - Processing /home/airflow/.local/lib/python3.12/site-packages/airflow/example_dags/tutorial.py took 1.417 seconds
[2024-09-12T16:03:57.328+0000] {processor.py:186} INFO - Started process (PID=3364) to work on /home/airflow/.local/lib/python3.12/site-packages/airflow/example_dags/tutorial.py
[2024-09-12T16:03:57.355+0000] {processor.py:914} INFO - Processing file /home/airflow/.local/lib/python3.12/site-packages/airflow/example_dags/tutorial.py for tasks to queue
[2024-09-12T16:03:57.364+0000] {logging_mixin.py:190} INFO - [2024-09-12T16:03:57.363+0000] {dagbag.py:587} INFO - Filling up the DagBag from /home/airflow/.local/lib/python3.12/site-packages/airflow/example_dags/tutorial.py
[2024-09-12T16:03:57.423+0000] {processor.py:925} INFO - DAG(s) 'tutorial' retrieved from /home/airflow/.local/lib/python3.12/site-packages/airflow/example_dags/tutorial.py
[2024-09-12T16:03:57.550+0000] {logging_mixin.py:190} INFO - [2024-09-12T16:03:57.548+0000] {dag.py:3211} INFO - Sync 1 DAGs
[2024-09-12T16:03:57.714+0000] {logging_mixin.py:190} INFO - [2024-09-12T16:03:57.713+0000] {dag.py:4138} INFO - Setting next_dagrun for tutorial to 2024-09-11 00:00:00+00:00, run_after=2024-09-12 00:00:00+00:00
[2024-09-12T16:03:59.371+0000] {processor.py:208} INFO - Processing /home/airflow/.local/lib/python3.12/site-packages/airflow/example_dags/tutorial.py took 2.084 seconds
[2024-09-12T16:05:43.302+0000] {processor.py:186} INFO - Started process (PID=3450) to work on /home/airflow/.local/lib/python3.12/site-packages/airflow/example_dags/tutorial.py
[2024-09-12T16:05:43.308+0000] {processor.py:914} INFO - Processing file /home/airflow/.local/lib/python3.12/site-packages/airflow/example_dags/tutorial.py for tasks to queue
[2024-09-12T16:05:43.323+0000] {logging_mixin.py:190} INFO - [2024-09-12T16:05:43.320+0000] {dagbag.py:587} INFO - Filling up the DagBag from /home/airflow/.local/lib/python3.12/site-packages/airflow/example_dags/tutorial.py
[2024-09-12T16:05:43.442+0000] {processor.py:925} INFO - DAG(s) 'tutorial' retrieved from /home/airflow/.local/lib/python3.12/site-packages/airflow/example_dags/tutorial.py
[2024-09-12T16:05:43.612+0000] {logging_mixin.py:190} INFO - [2024-09-12T16:05:43.611+0000] {dag.py:3211} INFO - Sync 1 DAGs
[2024-09-12T16:05:46.078+0000] {logging_mixin.py:190} INFO - [2024-09-12T16:05:46.077+0000] {dag.py:4138} INFO - Setting next_dagrun for tutorial to 2024-09-11 00:00:00+00:00, run_after=2024-09-12 00:00:00+00:00
[2024-09-12T16:05:46.267+0000] {processor.py:208} INFO - Processing /home/airflow/.local/lib/python3.12/site-packages/airflow/example_dags/tutorial.py took 3.036 seconds
[2024-09-12T16:07:34.114+0000] {processor.py:186} INFO - Started process (PID=3531) to work on /home/airflow/.local/lib/python3.12/site-packages/airflow/example_dags/tutorial.py
[2024-09-12T16:07:34.134+0000] {processor.py:914} INFO - Processing file /home/airflow/.local/lib/python3.12/site-packages/airflow/example_dags/tutorial.py for tasks to queue
[2024-09-12T16:07:34.149+0000] {logging_mixin.py:190} INFO - [2024-09-12T16:07:34.148+0000] {dagbag.py:587} INFO - Filling up the DagBag from /home/airflow/.local/lib/python3.12/site-packages/airflow/example_dags/tutorial.py
[2024-09-12T16:07:36.150+0000] {processor.py:925} INFO - DAG(s) 'tutorial' retrieved from /home/airflow/.local/lib/python3.12/site-packages/airflow/example_dags/tutorial.py
[2024-09-12T16:07:36.258+0000] {logging_mixin.py:190} INFO - [2024-09-12T16:07:36.258+0000] {dag.py:3211} INFO - Sync 1 DAGs
[2024-09-12T16:07:36.600+0000] {logging_mixin.py:190} INFO - [2024-09-12T16:07:36.599+0000] {dag.py:4138} INFO - Setting next_dagrun for tutorial to 2024-09-11 00:00:00+00:00, run_after=2024-09-12 00:00:00+00:00
[2024-09-12T16:07:36.864+0000] {processor.py:208} INFO - Processing /home/airflow/.local/lib/python3.12/site-packages/airflow/example_dags/tutorial.py took 2.854 seconds
[2024-09-12T16:08:29.189+0000] {processor.py:186} INFO - Started process (PID=3603) to work on /home/airflow/.local/lib/python3.12/site-packages/airflow/example_dags/tutorial.py
[2024-09-12T16:08:29.210+0000] {processor.py:914} INFO - Processing file /home/airflow/.local/lib/python3.12/site-packages/airflow/example_dags/tutorial.py for tasks to queue
[2024-09-12T16:08:29.215+0000] {logging_mixin.py:190} INFO - [2024-09-12T16:08:29.213+0000] {dagbag.py:587} INFO - Filling up the DagBag from /home/airflow/.local/lib/python3.12/site-packages/airflow/example_dags/tutorial.py
[2024-09-12T16:08:29.296+0000] {processor.py:925} INFO - DAG(s) 'tutorial' retrieved from /home/airflow/.local/lib/python3.12/site-packages/airflow/example_dags/tutorial.py
[2024-09-12T16:08:31.426+0000] {logging_mixin.py:190} INFO - [2024-09-12T16:08:31.423+0000] {dag.py:3211} INFO - Sync 1 DAGs
[2024-09-12T16:08:31.687+0000] {logging_mixin.py:190} INFO - [2024-09-12T16:08:31.687+0000] {dag.py:4138} INFO - Setting next_dagrun for tutorial to 2024-09-11 00:00:00+00:00, run_after=2024-09-12 00:00:00+00:00
[2024-09-12T16:08:31.751+0000] {processor.py:208} INFO - Processing /home/airflow/.local/lib/python3.12/site-packages/airflow/example_dags/tutorial.py took 2.617 seconds
[2024-09-12T16:09:11.060+0000] {processor.py:186} INFO - Started process (PID=3657) to work on /home/airflow/.local/lib/python3.12/site-packages/airflow/example_dags/tutorial.py
[2024-09-12T16:09:11.074+0000] {processor.py:914} INFO - Processing file /home/airflow/.local/lib/python3.12/site-packages/airflow/example_dags/tutorial.py for tasks to queue
[2024-09-12T16:09:11.080+0000] {logging_mixin.py:190} INFO - [2024-09-12T16:09:11.079+0000] {dagbag.py:587} INFO - Filling up the DagBag from /home/airflow/.local/lib/python3.12/site-packages/airflow/example_dags/tutorial.py
[2024-09-12T16:09:11.126+0000] {processor.py:925} INFO - DAG(s) 'tutorial' retrieved from /home/airflow/.local/lib/python3.12/site-packages/airflow/example_dags/tutorial.py
[2024-09-12T16:09:11.245+0000] {logging_mixin.py:190} INFO - [2024-09-12T16:09:11.244+0000] {dag.py:3211} INFO - Sync 1 DAGs
[2024-09-12T16:09:11.422+0000] {logging_mixin.py:190} INFO - [2024-09-12T16:09:11.421+0000] {dag.py:4138} INFO - Setting next_dagrun for tutorial to 2024-09-11 00:00:00+00:00, run_after=2024-09-12 00:00:00+00:00
[2024-09-12T16:09:11.621+0000] {processor.py:208} INFO - Processing /home/airflow/.local/lib/python3.12/site-packages/airflow/example_dags/tutorial.py took 0.601 seconds
[2024-09-12T16:09:46.002+0000] {processor.py:186} INFO - Started process (PID=3727) to work on /home/airflow/.local/lib/python3.12/site-packages/airflow/example_dags/tutorial.py
[2024-09-12T16:09:46.005+0000] {processor.py:914} INFO - Processing file /home/airflow/.local/lib/python3.12/site-packages/airflow/example_dags/tutorial.py for tasks to queue
[2024-09-12T16:09:46.017+0000] {logging_mixin.py:190} INFO - [2024-09-12T16:09:46.009+0000] {dagbag.py:587} INFO - Filling up the DagBag from /home/airflow/.local/lib/python3.12/site-packages/airflow/example_dags/tutorial.py
[2024-09-12T16:09:46.125+0000] {processor.py:925} INFO - DAG(s) 'tutorial' retrieved from /home/airflow/.local/lib/python3.12/site-packages/airflow/example_dags/tutorial.py
[2024-09-12T16:09:55.991+0000] {logging_mixin.py:190} INFO - [2024-09-12T16:09:55.990+0000] {dag.py:3211} INFO - Sync 1 DAGs
[2024-09-12T16:09:56.297+0000] {logging_mixin.py:190} INFO - [2024-09-12T16:09:56.296+0000] {dag.py:4138} INFO - Setting next_dagrun for tutorial to 2024-09-11 00:00:00+00:00, run_after=2024-09-12 00:00:00+00:00
[2024-09-12T16:09:56.503+0000] {processor.py:208} INFO - Processing /home/airflow/.local/lib/python3.12/site-packages/airflow/example_dags/tutorial.py took 10.695 seconds
[2024-09-12T16:10:51.229+0000] {processor.py:186} INFO - Started process (PID=3797) to work on /home/airflow/.local/lib/python3.12/site-packages/airflow/example_dags/tutorial.py
[2024-09-12T16:10:51.242+0000] {processor.py:914} INFO - Processing file /home/airflow/.local/lib/python3.12/site-packages/airflow/example_dags/tutorial.py for tasks to queue
[2024-09-12T16:10:51.263+0000] {logging_mixin.py:190} INFO - [2024-09-12T16:10:51.262+0000] {dagbag.py:587} INFO - Filling up the DagBag from /home/airflow/.local/lib/python3.12/site-packages/airflow/example_dags/tutorial.py
[2024-09-12T16:10:51.320+0000] {processor.py:925} INFO - DAG(s) 'tutorial' retrieved from /home/airflow/.local/lib/python3.12/site-packages/airflow/example_dags/tutorial.py
[2024-09-12T16:10:51.467+0000] {logging_mixin.py:190} INFO - [2024-09-12T16:10:51.466+0000] {dag.py:3211} INFO - Sync 1 DAGs
[2024-09-12T16:10:51.706+0000] {logging_mixin.py:190} INFO - [2024-09-12T16:10:51.705+0000] {dag.py:4138} INFO - Setting next_dagrun for tutorial to 2024-09-11 00:00:00+00:00, run_after=2024-09-12 00:00:00+00:00
[2024-09-12T16:10:51.849+0000] {processor.py:208} INFO - Processing /home/airflow/.local/lib/python3.12/site-packages/airflow/example_dags/tutorial.py took 0.643 seconds
[2024-09-12T16:11:38.498+0000] {processor.py:186} INFO - Started process (PID=3865) to work on /home/airflow/.local/lib/python3.12/site-packages/airflow/example_dags/tutorial.py
[2024-09-12T16:11:38.508+0000] {processor.py:914} INFO - Processing file /home/airflow/.local/lib/python3.12/site-packages/airflow/example_dags/tutorial.py for tasks to queue
[2024-09-12T16:11:38.525+0000] {logging_mixin.py:190} INFO - [2024-09-12T16:11:38.524+0000] {dagbag.py:587} INFO - Filling up the DagBag from /home/airflow/.local/lib/python3.12/site-packages/airflow/example_dags/tutorial.py
[2024-09-12T16:11:38.564+0000] {processor.py:925} INFO - DAG(s) 'tutorial' retrieved from /home/airflow/.local/lib/python3.12/site-packages/airflow/example_dags/tutorial.py
[2024-09-12T16:11:38.658+0000] {logging_mixin.py:190} INFO - [2024-09-12T16:11:38.658+0000] {dag.py:3211} INFO - Sync 1 DAGs
[2024-09-12T16:11:38.784+0000] {logging_mixin.py:190} INFO - [2024-09-12T16:11:38.783+0000] {dag.py:4138} INFO - Setting next_dagrun for tutorial to 2024-09-11 00:00:00+00:00, run_after=2024-09-12 00:00:00+00:00
[2024-09-12T16:11:38.878+0000] {processor.py:208} INFO - Processing /home/airflow/.local/lib/python3.12/site-packages/airflow/example_dags/tutorial.py took 0.411 seconds
[2024-09-12T16:12:37.494+0000] {processor.py:186} INFO - Started process (PID=3927) to work on /home/airflow/.local/lib/python3.12/site-packages/airflow/example_dags/tutorial.py
[2024-09-12T16:12:37.512+0000] {processor.py:914} INFO - Processing file /home/airflow/.local/lib/python3.12/site-packages/airflow/example_dags/tutorial.py for tasks to queue
[2024-09-12T16:12:37.515+0000] {logging_mixin.py:190} INFO - [2024-09-12T16:12:37.514+0000] {dagbag.py:587} INFO - Filling up the DagBag from /home/airflow/.local/lib/python3.12/site-packages/airflow/example_dags/tutorial.py
[2024-09-12T16:12:37.583+0000] {processor.py:925} INFO - DAG(s) 'tutorial' retrieved from /home/airflow/.local/lib/python3.12/site-packages/airflow/example_dags/tutorial.py
[2024-09-12T16:12:37.704+0000] {logging_mixin.py:190} INFO - [2024-09-12T16:12:37.704+0000] {dag.py:3211} INFO - Sync 1 DAGs
[2024-09-12T16:12:37.869+0000] {logging_mixin.py:190} INFO - [2024-09-12T16:12:37.869+0000] {dag.py:4138} INFO - Setting next_dagrun for tutorial to 2024-09-11 00:00:00+00:00, run_after=2024-09-12 00:00:00+00:00
[2024-09-12T16:12:38.018+0000] {processor.py:208} INFO - Processing /home/airflow/.local/lib/python3.12/site-packages/airflow/example_dags/tutorial.py took 0.582 seconds
[2024-09-12T16:13:08.245+0000] {processor.py:186} INFO - Started process (PID=3989) to work on /home/airflow/.local/lib/python3.12/site-packages/airflow/example_dags/tutorial.py
[2024-09-12T16:13:08.247+0000] {processor.py:914} INFO - Processing file /home/airflow/.local/lib/python3.12/site-packages/airflow/example_dags/tutorial.py for tasks to queue
[2024-09-12T16:13:08.250+0000] {logging_mixin.py:190} INFO - [2024-09-12T16:13:08.249+0000] {dagbag.py:587} INFO - Filling up the DagBag from /home/airflow/.local/lib/python3.12/site-packages/airflow/example_dags/tutorial.py
[2024-09-12T16:13:08.280+0000] {processor.py:925} INFO - DAG(s) 'tutorial' retrieved from /home/airflow/.local/lib/python3.12/site-packages/airflow/example_dags/tutorial.py
[2024-09-12T16:13:08.350+0000] {logging_mixin.py:190} INFO - [2024-09-12T16:13:08.350+0000] {dag.py:3211} INFO - Sync 1 DAGs
[2024-09-12T16:13:08.419+0000] {logging_mixin.py:190} INFO - [2024-09-12T16:13:08.418+0000] {dag.py:4138} INFO - Setting next_dagrun for tutorial to 2024-09-11 00:00:00+00:00, run_after=2024-09-12 00:00:00+00:00
[2024-09-12T16:13:08.477+0000] {processor.py:208} INFO - Processing /home/airflow/.local/lib/python3.12/site-packages/airflow/example_dags/tutorial.py took 0.256 seconds
[2024-09-12T16:13:47.165+0000] {processor.py:186} INFO - Started process (PID=4016) to work on /home/airflow/.local/lib/python3.12/site-packages/airflow/example_dags/tutorial.py
[2024-09-12T16:13:47.197+0000] {processor.py:914} INFO - Processing file /home/airflow/.local/lib/python3.12/site-packages/airflow/example_dags/tutorial.py for tasks to queue
[2024-09-12T16:13:47.215+0000] {logging_mixin.py:190} INFO - [2024-09-12T16:13:47.210+0000] {dagbag.py:587} INFO - Filling up the DagBag from /home/airflow/.local/lib/python3.12/site-packages/airflow/example_dags/tutorial.py
[2024-09-12T16:13:47.275+0000] {processor.py:925} INFO - DAG(s) 'tutorial' retrieved from /home/airflow/.local/lib/python3.12/site-packages/airflow/example_dags/tutorial.py
[2024-09-12T16:13:47.380+0000] {logging_mixin.py:190} INFO - [2024-09-12T16:13:47.380+0000] {dag.py:3211} INFO - Sync 1 DAGs
[2024-09-12T16:13:47.520+0000] {logging_mixin.py:190} INFO - [2024-09-12T16:13:47.519+0000] {dag.py:4138} INFO - Setting next_dagrun for tutorial to 2024-09-11 00:00:00+00:00, run_after=2024-09-12 00:00:00+00:00
[2024-09-12T16:13:47.605+0000] {processor.py:208} INFO - Processing /home/airflow/.local/lib/python3.12/site-packages/airflow/example_dags/tutorial.py took 0.467 seconds
[2024-09-12T16:14:37.030+0000] {processor.py:186} INFO - Started process (PID=4076) to work on /home/airflow/.local/lib/python3.12/site-packages/airflow/example_dags/tutorial.py
[2024-09-12T16:14:37.038+0000] {processor.py:914} INFO - Processing file /home/airflow/.local/lib/python3.12/site-packages/airflow/example_dags/tutorial.py for tasks to queue
[2024-09-12T16:14:37.045+0000] {logging_mixin.py:190} INFO - [2024-09-12T16:14:37.044+0000] {dagbag.py:587} INFO - Filling up the DagBag from /home/airflow/.local/lib/python3.12/site-packages/airflow/example_dags/tutorial.py
[2024-09-12T16:14:37.093+0000] {processor.py:925} INFO - DAG(s) 'tutorial' retrieved from /home/airflow/.local/lib/python3.12/site-packages/airflow/example_dags/tutorial.py
[2024-09-12T16:14:37.162+0000] {logging_mixin.py:190} INFO - [2024-09-12T16:14:37.161+0000] {dag.py:3211} INFO - Sync 1 DAGs
[2024-09-12T16:14:37.267+0000] {logging_mixin.py:190} INFO - [2024-09-12T16:14:37.266+0000] {dag.py:4138} INFO - Setting next_dagrun for tutorial to 2024-09-11 00:00:00+00:00, run_after=2024-09-12 00:00:00+00:00
[2024-09-12T16:14:37.335+0000] {processor.py:208} INFO - Processing /home/airflow/.local/lib/python3.12/site-packages/airflow/example_dags/tutorial.py took 0.340 seconds
[2024-09-12T16:15:09.502+0000] {processor.py:186} INFO - Started process (PID=4141) to work on /home/airflow/.local/lib/python3.12/site-packages/airflow/example_dags/tutorial.py
[2024-09-12T16:15:09.509+0000] {processor.py:914} INFO - Processing file /home/airflow/.local/lib/python3.12/site-packages/airflow/example_dags/tutorial.py for tasks to queue
[2024-09-12T16:15:09.517+0000] {logging_mixin.py:190} INFO - [2024-09-12T16:15:09.517+0000] {dagbag.py:587} INFO - Filling up the DagBag from /home/airflow/.local/lib/python3.12/site-packages/airflow/example_dags/tutorial.py
[2024-09-12T16:15:09.568+0000] {processor.py:925} INFO - DAG(s) 'tutorial' retrieved from /home/airflow/.local/lib/python3.12/site-packages/airflow/example_dags/tutorial.py
[2024-09-12T16:15:09.638+0000] {logging_mixin.py:190} INFO - [2024-09-12T16:15:09.637+0000] {dag.py:3211} INFO - Sync 1 DAGs
[2024-09-12T16:15:09.739+0000] {logging_mixin.py:190} INFO - [2024-09-12T16:15:09.738+0000] {dag.py:4138} INFO - Setting next_dagrun for tutorial to 2024-09-11 00:00:00+00:00, run_after=2024-09-12 00:00:00+00:00
[2024-09-12T16:15:09.808+0000] {processor.py:208} INFO - Processing /home/airflow/.local/lib/python3.12/site-packages/airflow/example_dags/tutorial.py took 0.338 seconds
[2024-09-12T16:15:41.869+0000] {processor.py:186} INFO - Started process (PID=4211) to work on /home/airflow/.local/lib/python3.12/site-packages/airflow/example_dags/tutorial.py
[2024-09-12T16:15:41.875+0000] {processor.py:914} INFO - Processing file /home/airflow/.local/lib/python3.12/site-packages/airflow/example_dags/tutorial.py for tasks to queue
[2024-09-12T16:15:41.879+0000] {logging_mixin.py:190} INFO - [2024-09-12T16:15:41.878+0000] {dagbag.py:587} INFO - Filling up the DagBag from /home/airflow/.local/lib/python3.12/site-packages/airflow/example_dags/tutorial.py
[2024-09-12T16:15:41.922+0000] {processor.py:925} INFO - DAG(s) 'tutorial' retrieved from /home/airflow/.local/lib/python3.12/site-packages/airflow/example_dags/tutorial.py
[2024-09-12T16:15:41.998+0000] {logging_mixin.py:190} INFO - [2024-09-12T16:15:41.997+0000] {dag.py:3211} INFO - Sync 1 DAGs
[2024-09-12T16:15:42.074+0000] {logging_mixin.py:190} INFO - [2024-09-12T16:15:42.073+0000] {dag.py:4138} INFO - Setting next_dagrun for tutorial to 2024-09-11 00:00:00+00:00, run_after=2024-09-12 00:00:00+00:00
[2024-09-12T16:15:42.160+0000] {processor.py:208} INFO - Processing /home/airflow/.local/lib/python3.12/site-packages/airflow/example_dags/tutorial.py took 0.315 seconds
[2024-09-12T16:16:30.645+0000] {processor.py:186} INFO - Started process (PID=4272) to work on /home/airflow/.local/lib/python3.12/site-packages/airflow/example_dags/tutorial.py
[2024-09-12T16:16:30.661+0000] {processor.py:914} INFO - Processing file /home/airflow/.local/lib/python3.12/site-packages/airflow/example_dags/tutorial.py for tasks to queue
[2024-09-12T16:16:30.666+0000] {logging_mixin.py:190} INFO - [2024-09-12T16:16:30.665+0000] {dagbag.py:587} INFO - Filling up the DagBag from /home/airflow/.local/lib/python3.12/site-packages/airflow/example_dags/tutorial.py
[2024-09-12T16:16:30.732+0000] {processor.py:925} INFO - DAG(s) 'tutorial' retrieved from /home/airflow/.local/lib/python3.12/site-packages/airflow/example_dags/tutorial.py
[2024-09-12T16:16:30.815+0000] {logging_mixin.py:190} INFO - [2024-09-12T16:16:30.815+0000] {dag.py:3211} INFO - Sync 1 DAGs
[2024-09-12T16:16:30.920+0000] {logging_mixin.py:190} INFO - [2024-09-12T16:16:30.920+0000] {dag.py:4138} INFO - Setting next_dagrun for tutorial to 2024-09-11 00:00:00+00:00, run_after=2024-09-12 00:00:00+00:00
[2024-09-12T16:16:30.987+0000] {processor.py:208} INFO - Processing /home/airflow/.local/lib/python3.12/site-packages/airflow/example_dags/tutorial.py took 0.363 seconds
[2024-09-12T16:17:08.213+0000] {processor.py:186} INFO - Started process (PID=4339) to work on /home/airflow/.local/lib/python3.12/site-packages/airflow/example_dags/tutorial.py
[2024-09-12T16:17:08.221+0000] {processor.py:914} INFO - Processing file /home/airflow/.local/lib/python3.12/site-packages/airflow/example_dags/tutorial.py for tasks to queue
[2024-09-12T16:17:08.232+0000] {logging_mixin.py:190} INFO - [2024-09-12T16:17:08.231+0000] {dagbag.py:587} INFO - Filling up the DagBag from /home/airflow/.local/lib/python3.12/site-packages/airflow/example_dags/tutorial.py
[2024-09-12T16:17:08.288+0000] {processor.py:925} INFO - DAG(s) 'tutorial' retrieved from /home/airflow/.local/lib/python3.12/site-packages/airflow/example_dags/tutorial.py
[2024-09-12T16:17:08.440+0000] {logging_mixin.py:190} INFO - [2024-09-12T16:17:08.440+0000] {dag.py:3211} INFO - Sync 1 DAGs
[2024-09-12T16:17:08.688+0000] {logging_mixin.py:190} INFO - [2024-09-12T16:17:08.686+0000] {dag.py:4138} INFO - Setting next_dagrun for tutorial to 2024-09-11 00:00:00+00:00, run_after=2024-09-12 00:00:00+00:00
[2024-09-12T16:17:08.836+0000] {processor.py:208} INFO - Processing /home/airflow/.local/lib/python3.12/site-packages/airflow/example_dags/tutorial.py took 0.652 seconds
[2024-09-12T16:17:50.854+0000] {processor.py:186} INFO - Started process (PID=4403) to work on /home/airflow/.local/lib/python3.12/site-packages/airflow/example_dags/tutorial.py
[2024-09-12T16:17:50.869+0000] {processor.py:914} INFO - Processing file /home/airflow/.local/lib/python3.12/site-packages/airflow/example_dags/tutorial.py for tasks to queue
[2024-09-12T16:17:50.873+0000] {logging_mixin.py:190} INFO - [2024-09-12T16:17:50.872+0000] {dagbag.py:587} INFO - Filling up the DagBag from /home/airflow/.local/lib/python3.12/site-packages/airflow/example_dags/tutorial.py
[2024-09-12T16:17:50.926+0000] {processor.py:925} INFO - DAG(s) 'tutorial' retrieved from /home/airflow/.local/lib/python3.12/site-packages/airflow/example_dags/tutorial.py
[2024-09-12T16:17:51.037+0000] {logging_mixin.py:190} INFO - [2024-09-12T16:17:51.034+0000] {dag.py:3211} INFO - Sync 1 DAGs
[2024-09-12T16:17:51.278+0000] {logging_mixin.py:190} INFO - [2024-09-12T16:17:51.277+0000] {dag.py:4138} INFO - Setting next_dagrun for tutorial to 2024-09-11 00:00:00+00:00, run_after=2024-09-12 00:00:00+00:00
[2024-09-12T16:17:51.453+0000] {processor.py:208} INFO - Processing /home/airflow/.local/lib/python3.12/site-packages/airflow/example_dags/tutorial.py took 0.617 seconds
[2024-09-12T16:18:36.300+0000] {processor.py:186} INFO - Started process (PID=4458) to work on /home/airflow/.local/lib/python3.12/site-packages/airflow/example_dags/tutorial.py
[2024-09-12T16:18:36.306+0000] {processor.py:914} INFO - Processing file /home/airflow/.local/lib/python3.12/site-packages/airflow/example_dags/tutorial.py for tasks to queue
[2024-09-12T16:18:36.314+0000] {logging_mixin.py:190} INFO - [2024-09-12T16:18:36.313+0000] {dagbag.py:587} INFO - Filling up the DagBag from /home/airflow/.local/lib/python3.12/site-packages/airflow/example_dags/tutorial.py
[2024-09-12T16:18:36.408+0000] {processor.py:925} INFO - DAG(s) 'tutorial' retrieved from /home/airflow/.local/lib/python3.12/site-packages/airflow/example_dags/tutorial.py
[2024-09-12T16:18:36.606+0000] {logging_mixin.py:190} INFO - [2024-09-12T16:18:36.606+0000] {dag.py:3211} INFO - Sync 1 DAGs
[2024-09-12T16:18:36.838+0000] {logging_mixin.py:190} INFO - [2024-09-12T16:18:36.837+0000] {dag.py:4138} INFO - Setting next_dagrun for tutorial to 2024-09-11 00:00:00+00:00, run_after=2024-09-12 00:00:00+00:00
[2024-09-12T16:18:36.988+0000] {processor.py:208} INFO - Processing /home/airflow/.local/lib/python3.12/site-packages/airflow/example_dags/tutorial.py took 0.734 seconds
[2024-09-12T16:19:13.696+0000] {processor.py:186} INFO - Started process (PID=4524) to work on /home/airflow/.local/lib/python3.12/site-packages/airflow/example_dags/tutorial.py
[2024-09-12T16:19:13.708+0000] {processor.py:914} INFO - Processing file /home/airflow/.local/lib/python3.12/site-packages/airflow/example_dags/tutorial.py for tasks to queue
[2024-09-12T16:19:13.725+0000] {logging_mixin.py:190} INFO - [2024-09-12T16:19:13.714+0000] {dagbag.py:587} INFO - Filling up the DagBag from /home/airflow/.local/lib/python3.12/site-packages/airflow/example_dags/tutorial.py
[2024-09-12T16:19:13.804+0000] {processor.py:925} INFO - DAG(s) 'tutorial' retrieved from /home/airflow/.local/lib/python3.12/site-packages/airflow/example_dags/tutorial.py
[2024-09-12T16:19:13.994+0000] {logging_mixin.py:190} INFO - [2024-09-12T16:19:13.994+0000] {dag.py:3211} INFO - Sync 1 DAGs
[2024-09-12T16:19:14.387+0000] {logging_mixin.py:190} INFO - [2024-09-12T16:19:14.386+0000] {dag.py:4138} INFO - Setting next_dagrun for tutorial to 2024-09-11 00:00:00+00:00, run_after=2024-09-12 00:00:00+00:00
[2024-09-12T16:19:14.574+0000] {processor.py:208} INFO - Processing /home/airflow/.local/lib/python3.12/site-packages/airflow/example_dags/tutorial.py took 0.924 seconds
[2024-09-12T16:19:49.549+0000] {processor.py:186} INFO - Started process (PID=4596) to work on /home/airflow/.local/lib/python3.12/site-packages/airflow/example_dags/tutorial.py
[2024-09-12T16:19:49.565+0000] {processor.py:914} INFO - Processing file /home/airflow/.local/lib/python3.12/site-packages/airflow/example_dags/tutorial.py for tasks to queue
[2024-09-12T16:19:49.576+0000] {logging_mixin.py:190} INFO - [2024-09-12T16:19:49.575+0000] {dagbag.py:587} INFO - Filling up the DagBag from /home/airflow/.local/lib/python3.12/site-packages/airflow/example_dags/tutorial.py
[2024-09-12T16:19:49.653+0000] {processor.py:925} INFO - DAG(s) 'tutorial' retrieved from /home/airflow/.local/lib/python3.12/site-packages/airflow/example_dags/tutorial.py
[2024-09-12T16:19:49.729+0000] {logging_mixin.py:190} INFO - [2024-09-12T16:19:49.729+0000] {dag.py:3211} INFO - Sync 1 DAGs
[2024-09-12T16:19:50.015+0000] {logging_mixin.py:190} INFO - [2024-09-12T16:19:50.014+0000] {dag.py:4138} INFO - Setting next_dagrun for tutorial to 2024-09-11 00:00:00+00:00, run_after=2024-09-12 00:00:00+00:00
[2024-09-12T16:19:50.333+0000] {processor.py:208} INFO - Processing /home/airflow/.local/lib/python3.12/site-packages/airflow/example_dags/tutorial.py took 0.855 seconds
[2024-09-12T16:20:46.524+0000] {processor.py:186} INFO - Started process (PID=4662) to work on /home/airflow/.local/lib/python3.12/site-packages/airflow/example_dags/tutorial.py
[2024-09-12T16:20:46.526+0000] {processor.py:914} INFO - Processing file /home/airflow/.local/lib/python3.12/site-packages/airflow/example_dags/tutorial.py for tasks to queue
[2024-09-12T16:20:46.529+0000] {logging_mixin.py:190} INFO - [2024-09-12T16:20:46.529+0000] {dagbag.py:587} INFO - Filling up the DagBag from /home/airflow/.local/lib/python3.12/site-packages/airflow/example_dags/tutorial.py
[2024-09-12T16:20:46.591+0000] {processor.py:925} INFO - DAG(s) 'tutorial' retrieved from /home/airflow/.local/lib/python3.12/site-packages/airflow/example_dags/tutorial.py
[2024-09-12T16:20:46.678+0000] {logging_mixin.py:190} INFO - [2024-09-12T16:20:46.677+0000] {dag.py:3211} INFO - Sync 1 DAGs
[2024-09-12T16:20:46.959+0000] {logging_mixin.py:190} INFO - [2024-09-12T16:20:46.936+0000] {dag.py:4138} INFO - Setting next_dagrun for tutorial to 2024-09-11 00:00:00+00:00, run_after=2024-09-12 00:00:00+00:00
[2024-09-12T16:20:47.083+0000] {processor.py:208} INFO - Processing /home/airflow/.local/lib/python3.12/site-packages/airflow/example_dags/tutorial.py took 0.593 seconds
[2024-09-12T16:21:19.136+0000] {processor.py:186} INFO - Started process (PID=4723) to work on /home/airflow/.local/lib/python3.12/site-packages/airflow/example_dags/tutorial.py
[2024-09-12T16:21:19.153+0000] {processor.py:914} INFO - Processing file /home/airflow/.local/lib/python3.12/site-packages/airflow/example_dags/tutorial.py for tasks to queue
[2024-09-12T16:21:19.168+0000] {logging_mixin.py:190} INFO - [2024-09-12T16:21:19.160+0000] {dagbag.py:587} INFO - Filling up the DagBag from /home/airflow/.local/lib/python3.12/site-packages/airflow/example_dags/tutorial.py
[2024-09-12T16:21:21.024+0000] {processor.py:925} INFO - DAG(s) 'tutorial' retrieved from /home/airflow/.local/lib/python3.12/site-packages/airflow/example_dags/tutorial.py
[2024-09-12T16:21:23.702+0000] {logging_mixin.py:190} INFO - [2024-09-12T16:21:23.648+0000] {dag.py:3211} INFO - Sync 1 DAGs
[2024-09-12T16:21:24.169+0000] {logging_mixin.py:190} INFO - [2024-09-12T16:21:24.148+0000] {dag.py:4138} INFO - Setting next_dagrun for tutorial to 2024-09-11 00:00:00+00:00, run_after=2024-09-12 00:00:00+00:00
[2024-09-12T16:21:24.324+0000] {processor.py:208} INFO - Processing /home/airflow/.local/lib/python3.12/site-packages/airflow/example_dags/tutorial.py took 5.285 seconds
[2024-09-12T16:22:06.621+0000] {processor.py:186} INFO - Started process (PID=4746) to work on /home/airflow/.local/lib/python3.12/site-packages/airflow/example_dags/tutorial.py
[2024-09-12T16:22:06.633+0000] {processor.py:914} INFO - Processing file /home/airflow/.local/lib/python3.12/site-packages/airflow/example_dags/tutorial.py for tasks to queue
[2024-09-12T16:22:06.646+0000] {logging_mixin.py:190} INFO - [2024-09-12T16:22:06.645+0000] {dagbag.py:587} INFO - Filling up the DagBag from /home/airflow/.local/lib/python3.12/site-packages/airflow/example_dags/tutorial.py
[2024-09-12T16:22:06.691+0000] {processor.py:925} INFO - DAG(s) 'tutorial' retrieved from /home/airflow/.local/lib/python3.12/site-packages/airflow/example_dags/tutorial.py
[2024-09-12T16:22:07.009+0000] {logging_mixin.py:190} INFO - [2024-09-12T16:22:06.992+0000] {dag.py:3211} INFO - Sync 1 DAGs
[2024-09-12T16:22:07.335+0000] {logging_mixin.py:190} INFO - [2024-09-12T16:22:07.335+0000] {dag.py:4138} INFO - Setting next_dagrun for tutorial to 2024-09-11 00:00:00+00:00, run_after=2024-09-12 00:00:00+00:00
[2024-09-12T16:22:07.476+0000] {processor.py:208} INFO - Processing /home/airflow/.local/lib/python3.12/site-packages/airflow/example_dags/tutorial.py took 0.888 seconds
[2024-09-12T16:22:46.204+0000] {processor.py:186} INFO - Started process (PID=4813) to work on /home/airflow/.local/lib/python3.12/site-packages/airflow/example_dags/tutorial.py
[2024-09-12T16:22:46.206+0000] {processor.py:914} INFO - Processing file /home/airflow/.local/lib/python3.12/site-packages/airflow/example_dags/tutorial.py for tasks to queue
[2024-09-12T16:22:46.208+0000] {logging_mixin.py:190} INFO - [2024-09-12T16:22:46.208+0000] {dagbag.py:587} INFO - Filling up the DagBag from /home/airflow/.local/lib/python3.12/site-packages/airflow/example_dags/tutorial.py
[2024-09-12T16:22:46.253+0000] {processor.py:925} INFO - DAG(s) 'tutorial' retrieved from /home/airflow/.local/lib/python3.12/site-packages/airflow/example_dags/tutorial.py
[2024-09-12T16:22:46.358+0000] {logging_mixin.py:190} INFO - [2024-09-12T16:22:46.358+0000] {dag.py:3211} INFO - Sync 1 DAGs
[2024-09-12T16:22:46.506+0000] {logging_mixin.py:190} INFO - [2024-09-12T16:22:46.505+0000] {dag.py:4138} INFO - Setting next_dagrun for tutorial to 2024-09-11 00:00:00+00:00, run_after=2024-09-12 00:00:00+00:00
[2024-09-12T16:22:46.750+0000] {processor.py:208} INFO - Processing /home/airflow/.local/lib/python3.12/site-packages/airflow/example_dags/tutorial.py took 0.571 seconds
[2024-09-12T16:23:30.222+0000] {processor.py:186} INFO - Started process (PID=4885) to work on /home/airflow/.local/lib/python3.12/site-packages/airflow/example_dags/tutorial.py
[2024-09-12T16:23:30.299+0000] {processor.py:914} INFO - Processing file /home/airflow/.local/lib/python3.12/site-packages/airflow/example_dags/tutorial.py for tasks to queue
[2024-09-12T16:23:30.383+0000] {logging_mixin.py:190} INFO - [2024-09-12T16:23:30.381+0000] {dagbag.py:587} INFO - Filling up the DagBag from /home/airflow/.local/lib/python3.12/site-packages/airflow/example_dags/tutorial.py
[2024-09-12T16:23:30.653+0000] {processor.py:925} INFO - DAG(s) 'tutorial' retrieved from /home/airflow/.local/lib/python3.12/site-packages/airflow/example_dags/tutorial.py
